solid OpenSCAD_Model
  facet normal 0.946964 0.321339 0
    outer loop
      vertex 30.1979 31.605 7
      vertex 30.0886 31.9271 0
      vertex 30.0886 31.9271 7
    endloop
  endfacet
  facet normal 0.946964 0.321339 0
    outer loop
      vertex 30.0886 31.9271 0
      vertex 30.1979 31.605 7
      vertex 30.1979 31.605 0
    endloop
  endfacet
  facet normal 0.98075 0.195268 0
    outer loop
      vertex 30.0886 31.9271 7
      vertex 30.0222 32.2606 0
      vertex 30.0222 32.2606 7
    endloop
  endfacet
  facet normal 0.98075 0.195268 0
    outer loop
      vertex 30.0222 32.2606 0
      vertex 30.0886 31.9271 7
      vertex 30.0886 31.9271 0
    endloop
  endfacet
  facet normal 0.997868 0.0652701 0
    outer loop
      vertex 30.0222 32.2606 7
      vertex 30 32.6 0
      vertex 30 32.6 7
    endloop
  endfacet
  facet normal 0.997868 0.0652701 0
    outer loop
      vertex 30 32.6 0
      vertex 30.0222 32.2606 7
      vertex 30.0222 32.2606 0
    endloop
  endfacet
  facet normal -0.896884 0.442267 0
    outer loop
      vertex 39.6517 31.3 0
      vertex 39.8021 31.605 7
      vertex 39.8021 31.605 0
    endloop
  endfacet
  facet normal -0.896884 0.442267 0
    outer loop
      vertex 39.8021 31.605 7
      vertex 39.6517 31.3 0
      vertex 39.6517 31.3 7
    endloop
  endfacet
  facet normal -0.0652701 0.997868 0
    outer loop
      vertex 37.7394 30.0222 0
      vertex 37.4 30 7
      vertex 37.7394 30.0222 7
    endloop
  endfacet
  facet normal -0.0652701 0.997868 0
    outer loop
      vertex 37.4 30 7
      vertex 37.7394 30.0222 0
      vertex 37.4 30 0
    endloop
  endfacet
  facet normal 0.195268 0.98075 -0
    outer loop
      vertex 32.2606 30.0222 0
      vertex 31.9271 30.0886 7
      vertex 32.2606 30.0222 7
    endloop
  endfacet
  facet normal 0.195268 0.98075 0
    outer loop
      vertex 31.9271 30.0886 7
      vertex 32.2606 30.0222 0
      vertex 31.9271 30.0886 0
    endloop
  endfacet
  facet normal -0.98075 0.195268 0
    outer loop
      vertex 39.9114 31.9271 0
      vertex 39.9778 32.2606 7
      vertex 39.9778 32.2606 0
    endloop
  endfacet
  facet normal -0.98075 0.195268 0
    outer loop
      vertex 39.9778 32.2606 7
      vertex 39.9114 31.9271 0
      vertex 39.9114 31.9271 7
    endloop
  endfacet
  facet normal -0.997868 -0.0652701 0
    outer loop
      vertex 40 37.4 0
      vertex 39.9778 37.7394 7
      vertex 39.9778 37.7394 0
    endloop
  endfacet
  facet normal -0.997868 -0.0652701 0
    outer loop
      vertex 39.9778 37.7394 7
      vertex 40 37.4 0
      vertex 40 37.4 7
    endloop
  endfacet
  facet normal -0.321339 0.946964 0
    outer loop
      vertex 38.395 30.1979 0
      vertex 38.0729 30.0886 7
      vertex 38.395 30.1979 7
    endloop
  endfacet
  facet normal -0.321339 0.946964 0
    outer loop
      vertex 38.0729 30.0886 7
      vertex 38.395 30.1979 0
      vertex 38.0729 30.0886 0
    endloop
  endfacet
  facet normal 0.0652701 0.997868 -0
    outer loop
      vertex 32.6 30 0
      vertex 32.2606 30.0222 7
      vertex 32.6 30 7
    endloop
  endfacet
  facet normal 0.0652701 0.997868 0
    outer loop
      vertex 32.2606 30.0222 7
      vertex 32.6 30 0
      vertex 32.2606 30.0222 0
    endloop
  endfacet
  facet normal 0.55565 0.831417 -0
    outer loop
      vertex 31.3 30.3483 0
      vertex 31.0172 30.5373 7
      vertex 31.3 30.3483 7
    endloop
  endfacet
  facet normal 0.55565 0.831417 0
    outer loop
      vertex 31.0172 30.5373 7
      vertex 31.3 30.3483 0
      vertex 31.0172 30.5373 0
    endloop
  endfacet
  facet normal -0.321339 -0.946964 0
    outer loop
      vertex 38.0729 39.9114 0
      vertex 38.395 39.8021 7
      vertex 38.0729 39.9114 7
    endloop
  endfacet
  facet normal -0.321339 -0.946964 -0
    outer loop
      vertex 38.395 39.8021 7
      vertex 38.0729 39.9114 0
      vertex 38.395 39.8021 0
    endloop
  endfacet
  facet normal 0.98075 -0.195268 0
    outer loop
      vertex 30.0222 37.7394 7
      vertex 30.0886 38.0729 0
      vertex 30.0886 38.0729 7
    endloop
  endfacet
  facet normal 0.98075 -0.195268 0
    outer loop
      vertex 30.0886 38.0729 0
      vertex 30.0222 37.7394 7
      vertex 30.0222 37.7394 0
    endloop
  endfacet
  facet normal 0.442267 -0.896884 0
    outer loop
      vertex 31.3 39.6517 0
      vertex 31.605 39.8021 7
      vertex 31.3 39.6517 7
    endloop
  endfacet
  facet normal 0.442267 -0.896884 0
    outer loop
      vertex 31.605 39.8021 7
      vertex 31.3 39.6517 0
      vertex 31.605 39.8021 0
    endloop
  endfacet
  facet normal -0.55565 0.831417 0
    outer loop
      vertex 38.9828 30.5373 0
      vertex 38.7 30.3483 7
      vertex 38.9828 30.5373 7
    endloop
  endfacet
  facet normal -0.55565 0.831417 0
    outer loop
      vertex 38.7 30.3483 7
      vertex 38.9828 30.5373 0
      vertex 38.7 30.3483 0
    endloop
  endfacet
  facet normal -0.831417 0.55565 0
    outer loop
      vertex 39.4627 31.0172 0
      vertex 39.6517 31.3 7
      vertex 39.6517 31.3 0
    endloop
  endfacet
  facet normal -0.831417 0.55565 0
    outer loop
      vertex 39.6517 31.3 7
      vertex 39.4627 31.0172 0
      vertex 39.4627 31.0172 7
    endloop
  endfacet
  facet normal -0.751902 0.659275 0
    outer loop
      vertex 39.2385 30.7615 0
      vertex 39.4627 31.0172 7
      vertex 39.4627 31.0172 0
    endloop
  endfacet
  facet normal -0.751902 0.659275 0
    outer loop
      vertex 39.4627 31.0172 7
      vertex 39.2385 30.7615 0
      vertex 39.2385 30.7615 7
    endloop
  endfacet
  facet normal -1 0 0
    outer loop
      vertex 40 32.6 0
      vertex 40 37.4 7
      vertex 40 37.4 0
    endloop
  endfacet
  facet normal -1 -0 0
    outer loop
      vertex 40 37.4 7
      vertex 40 32.6 0
      vertex 40 32.6 7
    endloop
  endfacet
  facet normal -0.997868 0.0652701 0
    outer loop
      vertex 39.9778 32.2606 0
      vertex 40 32.6 7
      vertex 40 32.6 0
    endloop
  endfacet
  facet normal -0.997868 0.0652701 0
    outer loop
      vertex 40 32.6 7
      vertex 39.9778 32.2606 0
      vertex 39.9778 32.2606 7
    endloop
  endfacet
  facet normal 0 1 -0
    outer loop
      vertex 37.4 30 0
      vertex 32.6 30 7
      vertex 37.4 30 7
    endloop
  endfacet
  facet normal 0 1 0
    outer loop
      vertex 32.6 30 7
      vertex 37.4 30 0
      vertex 32.6 30 0
    endloop
  endfacet
  facet normal 0.321339 0.946964 -0
    outer loop
      vertex 31.9271 30.0886 0
      vertex 31.605 30.1979 7
      vertex 31.9271 30.0886 7
    endloop
  endfacet
  facet normal 0.321339 0.946964 0
    outer loop
      vertex 31.605 30.1979 7
      vertex 31.9271 30.0886 0
      vertex 31.605 30.1979 0
    endloop
  endfacet
  facet normal 0.896884 0.442267 0
    outer loop
      vertex 30.3483 31.3 7
      vertex 30.1979 31.605 0
      vertex 30.1979 31.605 7
    endloop
  endfacet
  facet normal 0.896884 0.442267 0
    outer loop
      vertex 30.1979 31.605 0
      vertex 30.3483 31.3 7
      vertex 30.3483 31.3 0
    endloop
  endfacet
  facet normal 1 -0 0
    outer loop
      vertex 30 32.6 7
      vertex 30 37.4 0
      vertex 30 37.4 7
    endloop
  endfacet
  facet normal 1 0 0
    outer loop
      vertex 30 37.4 0
      vertex 30 32.6 7
      vertex 30 32.6 0
    endloop
  endfacet
  facet normal 0.997868 -0.0652701 0
    outer loop
      vertex 30 37.4 7
      vertex 30.0222 37.7394 0
      vertex 30.0222 37.7394 7
    endloop
  endfacet
  facet normal 0.997868 -0.0652701 0
    outer loop
      vertex 30.0222 37.7394 0
      vertex 30 37.4 7
      vertex 30 37.4 0
    endloop
  endfacet
  facet normal -0.98075 -0.195268 0
    outer loop
      vertex 39.9778 37.7394 0
      vertex 39.9114 38.0729 7
      vertex 39.9114 38.0729 0
    endloop
  endfacet
  facet normal -0.98075 -0.195268 0
    outer loop
      vertex 39.9114 38.0729 7
      vertex 39.9778 37.7394 0
      vertex 39.9778 37.7394 7
    endloop
  endfacet
  facet normal -0.831417 -0.55565 0
    outer loop
      vertex 39.6517 38.7 0
      vertex 39.4627 38.9828 7
      vertex 39.4627 38.9828 0
    endloop
  endfacet
  facet normal -0.831417 -0.55565 0
    outer loop
      vertex 39.4627 38.9828 7
      vertex 39.6517 38.7 0
      vertex 39.6517 38.7 7
    endloop
  endfacet
  facet normal -0.751902 -0.659275 0
    outer loop
      vertex 39.4627 38.9828 0
      vertex 39.2385 39.2385 7
      vertex 39.2385 39.2385 0
    endloop
  endfacet
  facet normal -0.751902 -0.659275 0
    outer loop
      vertex 39.2385 39.2385 7
      vertex 39.4627 38.9828 0
      vertex 39.4627 38.9828 7
    endloop
  endfacet
  facet normal 0.831417 -0.55565 0
    outer loop
      vertex 30.3483 38.7 7
      vertex 30.5373 38.9828 0
      vertex 30.5373 38.9828 7
    endloop
  endfacet
  facet normal 0.831417 -0.55565 0
    outer loop
      vertex 30.5373 38.9828 0
      vertex 30.3483 38.7 7
      vertex 30.3483 38.7 0
    endloop
  endfacet
  facet normal 0 -1 0
    outer loop
      vertex 32.6 40 0
      vertex 37.4 40 7
      vertex 32.6 40 7
    endloop
  endfacet
  facet normal 0 -1 -0
    outer loop
      vertex 37.4 40 7
      vertex 32.6 40 0
      vertex 37.4 40 0
    endloop
  endfacet
  facet normal -0.659275 0.751902 0
    outer loop
      vertex 39.2385 30.7615 0
      vertex 38.9828 30.5373 7
      vertex 39.2385 30.7615 7
    endloop
  endfacet
  facet normal -0.659275 0.751902 0
    outer loop
      vertex 38.9828 30.5373 7
      vertex 39.2385 30.7615 0
      vertex 38.9828 30.5373 0
    endloop
  endfacet
  facet normal -0.946964 0.321339 0
    outer loop
      vertex 39.8021 31.605 0
      vertex 39.9114 31.9271 7
      vertex 39.9114 31.9271 0
    endloop
  endfacet
  facet normal -0.946964 0.321339 0
    outer loop
      vertex 39.9114 31.9271 7
      vertex 39.8021 31.605 0
      vertex 39.8021 31.605 7
    endloop
  endfacet
  facet normal -0.195268 0.98075 0
    outer loop
      vertex 38.0729 30.0886 0
      vertex 37.7394 30.0222 7
      vertex 38.0729 30.0886 7
    endloop
  endfacet
  facet normal -0.195268 0.98075 0
    outer loop
      vertex 37.7394 30.0222 7
      vertex 38.0729 30.0886 0
      vertex 37.7394 30.0222 0
    endloop
  endfacet
  facet normal -0.442267 0.896884 0
    outer loop
      vertex 38.7 30.3483 0
      vertex 38.395 30.1979 7
      vertex 38.7 30.3483 7
    endloop
  endfacet
  facet normal -0.442267 0.896884 0
    outer loop
      vertex 38.395 30.1979 7
      vertex 38.7 30.3483 0
      vertex 38.395 30.1979 0
    endloop
  endfacet
  facet normal 0.442267 0.896884 -0
    outer loop
      vertex 31.605 30.1979 0
      vertex 31.3 30.3483 7
      vertex 31.605 30.1979 7
    endloop
  endfacet
  facet normal 0.442267 0.896884 0
    outer loop
      vertex 31.3 30.3483 7
      vertex 31.605 30.1979 0
      vertex 31.3 30.3483 0
    endloop
  endfacet
  facet normal 0.751902 0.659275 0
    outer loop
      vertex 30.7615 30.7615 7
      vertex 30.5373 31.0172 0
      vertex 30.5373 31.0172 7
    endloop
  endfacet
  facet normal 0.751902 0.659275 0
    outer loop
      vertex 30.5373 31.0172 0
      vertex 30.7615 30.7615 7
      vertex 30.7615 30.7615 0
    endloop
  endfacet
  facet normal 0.659275 0.751902 -0
    outer loop
      vertex 31.0172 30.5373 0
      vertex 30.7615 30.7615 7
      vertex 31.0172 30.5373 7
    endloop
  endfacet
  facet normal 0.659275 0.751902 0
    outer loop
      vertex 30.7615 30.7615 7
      vertex 31.0172 30.5373 0
      vertex 30.7615 30.7615 0
    endloop
  endfacet
  facet normal -0.946964 -0.321339 0
    outer loop
      vertex 39.9114 38.0729 0
      vertex 39.8021 38.395 7
      vertex 39.8021 38.395 0
    endloop
  endfacet
  facet normal -0.946964 -0.321339 0
    outer loop
      vertex 39.8021 38.395 7
      vertex 39.9114 38.0729 0
      vertex 39.9114 38.0729 7
    endloop
  endfacet
  facet normal -0.896884 -0.442267 0
    outer loop
      vertex 39.8021 38.395 0
      vertex 39.6517 38.7 7
      vertex 39.6517 38.7 0
    endloop
  endfacet
  facet normal -0.896884 -0.442267 0
    outer loop
      vertex 39.6517 38.7 7
      vertex 39.8021 38.395 0
      vertex 39.8021 38.395 7
    endloop
  endfacet
  facet normal -0.442267 -0.896884 0
    outer loop
      vertex 38.395 39.8021 0
      vertex 38.7 39.6517 7
      vertex 38.395 39.8021 7
    endloop
  endfacet
  facet normal -0.442267 -0.896884 -0
    outer loop
      vertex 38.7 39.6517 7
      vertex 38.395 39.8021 0
      vertex 38.7 39.6517 0
    endloop
  endfacet
  facet normal -0.55565 -0.831417 0
    outer loop
      vertex 38.7 39.6517 0
      vertex 38.9828 39.4627 7
      vertex 38.7 39.6517 7
    endloop
  endfacet
  facet normal -0.55565 -0.831417 -0
    outer loop
      vertex 38.9828 39.4627 7
      vertex 38.7 39.6517 0
      vertex 38.9828 39.4627 0
    endloop
  endfacet
  facet normal -0.659275 -0.751902 0
    outer loop
      vertex 38.9828 39.4627 0
      vertex 39.2385 39.2385 7
      vertex 38.9828 39.4627 7
    endloop
  endfacet
  facet normal -0.659275 -0.751902 -0
    outer loop
      vertex 39.2385 39.2385 7
      vertex 38.9828 39.4627 0
      vertex 39.2385 39.2385 0
    endloop
  endfacet
  facet normal 0.946964 -0.321339 0
    outer loop
      vertex 30.0886 38.0729 7
      vertex 30.1979 38.395 0
      vertex 30.1979 38.395 7
    endloop
  endfacet
  facet normal 0.946964 -0.321339 0
    outer loop
      vertex 30.1979 38.395 0
      vertex 30.0886 38.0729 7
      vertex 30.0886 38.0729 0
    endloop
  endfacet
  facet normal 0.896884 -0.442267 0
    outer loop
      vertex 30.1979 38.395 7
      vertex 30.3483 38.7 0
      vertex 30.3483 38.7 7
    endloop
  endfacet
  facet normal 0.896884 -0.442267 0
    outer loop
      vertex 30.3483 38.7 0
      vertex 30.1979 38.395 7
      vertex 30.1979 38.395 0
    endloop
  endfacet
  facet normal 0.751902 -0.659275 0
    outer loop
      vertex 30.5373 38.9828 7
      vertex 30.7615 39.2385 0
      vertex 30.7615 39.2385 7
    endloop
  endfacet
  facet normal 0.751902 -0.659275 0
    outer loop
      vertex 30.7615 39.2385 0
      vertex 30.5373 38.9828 7
      vertex 30.5373 38.9828 0
    endloop
  endfacet
  facet normal 0.659275 -0.751902 0
    outer loop
      vertex 30.7615 39.2385 0
      vertex 31.0172 39.4627 7
      vertex 30.7615 39.2385 7
    endloop
  endfacet
  facet normal 0.659275 -0.751902 0
    outer loop
      vertex 31.0172 39.4627 7
      vertex 30.7615 39.2385 0
      vertex 31.0172 39.4627 0
    endloop
  endfacet
  facet normal 0.55565 -0.831417 0
    outer loop
      vertex 31.0172 39.4627 0
      vertex 31.3 39.6517 7
      vertex 31.0172 39.4627 7
    endloop
  endfacet
  facet normal 0.55565 -0.831417 0
    outer loop
      vertex 31.3 39.6517 7
      vertex 31.0172 39.4627 0
      vertex 31.3 39.6517 0
    endloop
  endfacet
  facet normal -0.0652701 -0.997868 0
    outer loop
      vertex 37.4 40 0
      vertex 37.7394 39.9778 7
      vertex 37.4 40 7
    endloop
  endfacet
  facet normal -0.0652701 -0.997868 -0
    outer loop
      vertex 37.7394 39.9778 7
      vertex 37.4 40 0
      vertex 37.7394 39.9778 0
    endloop
  endfacet
  facet normal -0.195268 -0.98075 0
    outer loop
      vertex 37.7394 39.9778 0
      vertex 38.0729 39.9114 7
      vertex 37.7394 39.9778 7
    endloop
  endfacet
  facet normal -0.195268 -0.98075 -0
    outer loop
      vertex 38.0729 39.9114 7
      vertex 37.7394 39.9778 0
      vertex 38.0729 39.9114 0
    endloop
  endfacet
  facet normal 0.321339 -0.946964 0
    outer loop
      vertex 31.605 39.8021 0
      vertex 31.9271 39.9114 7
      vertex 31.605 39.8021 7
    endloop
  endfacet
  facet normal 0.321339 -0.946964 0
    outer loop
      vertex 31.9271 39.9114 7
      vertex 31.605 39.8021 0
      vertex 31.9271 39.9114 0
    endloop
  endfacet
  facet normal 0.195268 -0.98075 0
    outer loop
      vertex 31.9271 39.9114 0
      vertex 32.2606 39.9778 7
      vertex 31.9271 39.9114 7
    endloop
  endfacet
  facet normal 0.195268 -0.98075 0
    outer loop
      vertex 32.2606 39.9778 7
      vertex 31.9271 39.9114 0
      vertex 32.2606 39.9778 0
    endloop
  endfacet
  facet normal 0.0652701 -0.997868 0
    outer loop
      vertex 32.2606 39.9778 0
      vertex 32.6 40 7
      vertex 32.2606 39.9778 7
    endloop
  endfacet
  facet normal 0.0652701 -0.997868 0
    outer loop
      vertex 32.6 40 7
      vertex 32.2606 39.9778 0
      vertex 32.6 40 0
    endloop
  endfacet
  facet normal 0.831417 0.55565 0
    outer loop
      vertex 30.5373 31.0172 7
      vertex 30.3483 31.3 0
      vertex 30.3483 31.3 7
    endloop
  endfacet
  facet normal 0.831417 0.55565 0
    outer loop
      vertex 30.3483 31.3 0
      vertex 30.5373 31.0172 7
      vertex 30.5373 31.0172 0
    endloop
  endfacet
  facet normal 0.946934 0.321428 0
    outer loop
      vertex 30.1979 131.605 7
      vertex 30.0886 131.927 0
      vertex 30.0886 131.927 7
    endloop
  endfacet
  facet normal 0.946934 0.321428 0
    outer loop
      vertex 30.0886 131.927 0
      vertex 30.1979 131.605 7
      vertex 30.1979 131.605 0
    endloop
  endfacet
  facet normal 0.980806 0.194987 0
    outer loop
      vertex 30.0886 131.927 7
      vertex 30.0222 132.261 0
      vertex 30.0222 132.261 7
    endloop
  endfacet
  facet normal 0.980806 0.194987 0
    outer loop
      vertex 30.0222 132.261 0
      vertex 30.0886 131.927 7
      vertex 30.0886 131.927 0
    endloop
  endfacet
  facet normal 0.997863 0.0653468 0
    outer loop
      vertex 30.0222 132.261 7
      vertex 30 132.6 0
      vertex 30 132.6 7
    endloop
  endfacet
  facet normal 0.997863 0.0653468 0
    outer loop
      vertex 30 132.6 0
      vertex 30.0222 132.261 7
      vertex 30.0222 132.261 0
    endloop
  endfacet
  facet normal 0.196964 0.980411 -0
    outer loop
      vertex 32.2606 130.022 0
      vertex 31.9271 130.089 7
      vertex 32.2606 130.022 7
    endloop
  endfacet
  facet normal 0.196964 0.980411 0
    outer loop
      vertex 31.9271 130.089 7
      vertex 32.2606 130.022 0
      vertex 31.9271 130.089 0
    endloop
  endfacet
  facet normal -0.980806 0.194987 0
    outer loop
      vertex 39.9114 131.927 0
      vertex 39.9778 132.261 7
      vertex 39.9778 132.261 0
    endloop
  endfacet
  facet normal -0.980806 0.194987 0
    outer loop
      vertex 39.9778 132.261 7
      vertex 39.9114 131.927 0
      vertex 39.9114 131.927 7
    endloop
  endfacet
  facet normal -0.997863 -0.0653468 0
    outer loop
      vertex 40 137.4 0
      vertex 39.9778 137.739 7
      vertex 39.9778 137.739 0
    endloop
  endfacet
  facet normal -0.997863 -0.0653468 0
    outer loop
      vertex 39.9778 137.739 7
      vertex 40 137.4 0
      vertex 40 137.4 7
    endloop
  endfacet
  facet normal -0.997863 0.0653468 0
    outer loop
      vertex 39.9778 132.261 0
      vertex 40 132.6 7
      vertex 40 132.6 0
    endloop
  endfacet
  facet normal -0.997863 0.0653468 0
    outer loop
      vertex 40 132.6 7
      vertex 39.9778 132.261 0
      vertex 39.9778 132.261 7
    endloop
  endfacet
  facet normal 0.0646845 0.997906 -0
    outer loop
      vertex 32.6 130 0
      vertex 32.2606 130.022 7
      vertex 32.6 130 7
    endloop
  endfacet
  facet normal 0.0646845 0.997906 0
    outer loop
      vertex 32.2606 130.022 7
      vertex 32.6 130 0
      vertex 32.2606 130.022 0
    endloop
  endfacet
  facet normal 0.55565 0.831417 -0
    outer loop
      vertex 31.3 130.348 0
      vertex 31.0172 130.537 7
      vertex 31.3 130.348 7
    endloop
  endfacet
  facet normal 0.55565 0.831417 0
    outer loop
      vertex 31.0172 130.537 7
      vertex 31.3 130.348 0
      vertex 31.0172 130.537 0
    endloop
  endfacet
  facet normal -0.946934 -0.321428 0
    outer loop
      vertex 39.9114 138.073 0
      vertex 39.8021 138.395 7
      vertex 39.8021 138.395 0
    endloop
  endfacet
  facet normal -0.946934 -0.321428 0
    outer loop
      vertex 39.8021 138.395 7
      vertex 39.9114 138.073 0
      vertex 39.9114 138.073 7
    endloop
  endfacet
  facet normal -0.320547 -0.947232 0
    outer loop
      vertex 38.0729 139.911 0
      vertex 38.395 139.802 7
      vertex 38.0729 139.911 7
    endloop
  endfacet
  facet normal -0.320547 -0.947232 -0
    outer loop
      vertex 38.395 139.802 7
      vertex 38.0729 139.911 0
      vertex 38.395 139.802 0
    endloop
  endfacet
  facet normal 0.980806 -0.194987 0
    outer loop
      vertex 30.0222 137.739 7
      vertex 30.0886 138.073 0
      vertex 30.0886 138.073 7
    endloop
  endfacet
  facet normal 0.980806 -0.194987 0
    outer loop
      vertex 30.0886 138.073 0
      vertex 30.0222 137.739 7
      vertex 30.0222 137.739 0
    endloop
  endfacet
  facet normal 0.44132 -0.89735 0
    outer loop
      vertex 31.3 139.652 0
      vertex 31.605 139.802 7
      vertex 31.3 139.652 7
    endloop
  endfacet
  facet normal 0.44132 -0.89735 0
    outer loop
      vertex 31.605 139.802 7
      vertex 31.3 139.652 0
      vertex 31.605 139.802 0
    endloop
  endfacet
  facet normal -0.55565 0.831417 0
    outer loop
      vertex 38.9828 130.537 0
      vertex 38.7 130.348 7
      vertex 38.9828 130.537 7
    endloop
  endfacet
  facet normal -0.55565 0.831417 0
    outer loop
      vertex 38.7 130.348 7
      vertex 38.9828 130.537 0
      vertex 38.7 130.348 0
    endloop
  endfacet
  facet normal -0.831598 0.555378 0
    outer loop
      vertex 39.4627 131.017 0
      vertex 39.6517 131.3 7
      vertex 39.6517 131.3 0
    endloop
  endfacet
  facet normal -0.831598 0.555378 0
    outer loop
      vertex 39.6517 131.3 7
      vertex 39.4627 131.017 0
      vertex 39.4627 131.017 7
    endloop
  endfacet
  facet normal -0.751006 0.660296 0
    outer loop
      vertex 39.2385 130.762 0
      vertex 39.4627 131.017 7
      vertex 39.4627 131.017 0
    endloop
  endfacet
  facet normal -0.751006 0.660296 0
    outer loop
      vertex 39.4627 131.017 7
      vertex 39.2385 130.762 0
      vertex 39.2385 130.762 7
    endloop
  endfacet
  facet normal -1 0 0
    outer loop
      vertex 40 132.6 0
      vertex 40 137.4 7
      vertex 40 137.4 0
    endloop
  endfacet
  facet normal -1 -0 0
    outer loop
      vertex 40 137.4 7
      vertex 40 132.6 0
      vertex 40 132.6 7
    endloop
  endfacet
  facet normal 0 1 -0
    outer loop
      vertex 37.4 130 0
      vertex 32.6 130 7
      vertex 37.4 130 7
    endloop
  endfacet
  facet normal 0 1 0
    outer loop
      vertex 32.6 130 7
      vertex 37.4 130 0
      vertex 32.6 130 0
    endloop
  endfacet
  facet normal 0.320547 0.947232 -0
    outer loop
      vertex 31.9271 130.089 0
      vertex 31.605 130.198 7
      vertex 31.9271 130.089 7
    endloop
  endfacet
  facet normal 0.320547 0.947232 0
    outer loop
      vertex 31.605 130.198 7
      vertex 31.9271 130.089 0
      vertex 31.605 130.198 0
    endloop
  endfacet
  facet normal 0.896884 0.442267 0
    outer loop
      vertex 30.3483 131.3 7
      vertex 30.1979 131.605 0
      vertex 30.1979 131.605 7
    endloop
  endfacet
  facet normal 0.896884 0.442267 0
    outer loop
      vertex 30.1979 131.605 0
      vertex 30.3483 131.3 7
      vertex 30.3483 131.3 0
    endloop
  endfacet
  facet normal 1 -0 0
    outer loop
      vertex 30 132.6 7
      vertex 30 137.4 0
      vertex 30 137.4 7
    endloop
  endfacet
  facet normal 1 0 0
    outer loop
      vertex 30 137.4 0
      vertex 30 132.6 7
      vertex 30 132.6 0
    endloop
  endfacet
  facet normal 0.997863 -0.0653468 0
    outer loop
      vertex 30 137.4 7
      vertex 30.0222 137.739 0
      vertex 30.0222 137.739 7
    endloop
  endfacet
  facet normal 0.997863 -0.0653468 0
    outer loop
      vertex 30.0222 137.739 0
      vertex 30 137.4 7
      vertex 30 137.4 0
    endloop
  endfacet
  facet normal -0.980806 -0.194987 0
    outer loop
      vertex 39.9778 137.739 0
      vertex 39.9114 138.073 7
      vertex 39.9114 138.073 0
    endloop
  endfacet
  facet normal -0.980806 -0.194987 0
    outer loop
      vertex 39.9114 138.073 7
      vertex 39.9778 137.739 0
      vertex 39.9778 137.739 7
    endloop
  endfacet
  facet normal -0.831598 -0.555378 0
    outer loop
      vertex 39.6517 138.7 0
      vertex 39.4627 138.983 7
      vertex 39.4627 138.983 0
    endloop
  endfacet
  facet normal -0.831598 -0.555378 0
    outer loop
      vertex 39.4627 138.983 7
      vertex 39.6517 138.7 0
      vertex 39.6517 138.7 7
    endloop
  endfacet
  facet normal -0.751006 -0.660296 0
    outer loop
      vertex 39.4627 138.983 0
      vertex 39.2385 139.238 7
      vertex 39.2385 139.238 0
    endloop
  endfacet
  facet normal -0.751006 -0.660296 0
    outer loop
      vertex 39.2385 139.238 7
      vertex 39.4627 138.983 0
      vertex 39.4627 138.983 7
    endloop
  endfacet
  facet normal 0.831598 -0.555378 0
    outer loop
      vertex 30.3483 138.7 7
      vertex 30.5373 138.983 0
      vertex 30.5373 138.983 7
    endloop
  endfacet
  facet normal 0.831598 -0.555378 0
    outer loop
      vertex 30.5373 138.983 0
      vertex 30.3483 138.7 7
      vertex 30.3483 138.7 0
    endloop
  endfacet
  facet normal 0 -1 0
    outer loop
      vertex 32.6 140 0
      vertex 37.4 140 7
      vertex 32.6 140 7
    endloop
  endfacet
  facet normal 0 -1 -0
    outer loop
      vertex 37.4 140 7
      vertex 32.6 140 0
      vertex 37.4 140 0
    endloop
  endfacet
  facet normal -0.660601 0.750737 0
    outer loop
      vertex 39.2385 130.762 0
      vertex 38.9828 130.537 7
      vertex 39.2385 130.762 7
    endloop
  endfacet
  facet normal -0.660601 0.750737 0
    outer loop
      vertex 38.9828 130.537 7
      vertex 39.2385 130.762 0
      vertex 38.9828 130.537 0
    endloop
  endfacet
  facet normal -0.946934 0.321428 0
    outer loop
      vertex 39.8021 131.605 0
      vertex 39.9114 131.927 7
      vertex 39.9114 131.927 0
    endloop
  endfacet
  facet normal -0.946934 0.321428 0
    outer loop
      vertex 39.9114 131.927 7
      vertex 39.8021 131.605 0
      vertex 39.8021 131.605 7
    endloop
  endfacet
  facet normal -0.896884 0.442267 0
    outer loop
      vertex 39.6517 131.3 0
      vertex 39.8021 131.605 7
      vertex 39.8021 131.605 0
    endloop
  endfacet
  facet normal -0.896884 0.442267 0
    outer loop
      vertex 39.8021 131.605 7
      vertex 39.6517 131.3 0
      vertex 39.6517 131.3 7
    endloop
  endfacet
  facet normal -0.196964 0.980411 0
    outer loop
      vertex 38.0729 130.089 0
      vertex 37.7394 130.022 7
      vertex 38.0729 130.089 7
    endloop
  endfacet
  facet normal -0.196964 0.980411 0
    outer loop
      vertex 37.7394 130.022 7
      vertex 38.0729 130.089 0
      vertex 37.7394 130.022 0
    endloop
  endfacet
  facet normal -0.0646845 0.997906 0
    outer loop
      vertex 37.7394 130.022 0
      vertex 37.4 130 7
      vertex 37.7394 130.022 7
    endloop
  endfacet
  facet normal -0.0646845 0.997906 0
    outer loop
      vertex 37.4 130 7
      vertex 37.7394 130.022 0
      vertex 37.4 130 0
    endloop
  endfacet
  facet normal -0.44132 0.89735 0
    outer loop
      vertex 38.7 130.348 0
      vertex 38.395 130.198 7
      vertex 38.7 130.348 7
    endloop
  endfacet
  facet normal -0.44132 0.89735 0
    outer loop
      vertex 38.395 130.198 7
      vertex 38.7 130.348 0
      vertex 38.395 130.198 0
    endloop
  endfacet
  facet normal -0.320547 0.947232 0
    outer loop
      vertex 38.395 130.198 0
      vertex 38.0729 130.089 7
      vertex 38.395 130.198 7
    endloop
  endfacet
  facet normal -0.320547 0.947232 0
    outer loop
      vertex 38.0729 130.089 7
      vertex 38.395 130.198 0
      vertex 38.0729 130.089 0
    endloop
  endfacet
  facet normal 0.44132 0.89735 -0
    outer loop
      vertex 31.605 130.198 0
      vertex 31.3 130.348 7
      vertex 31.605 130.198 7
    endloop
  endfacet
  facet normal 0.44132 0.89735 0
    outer loop
      vertex 31.3 130.348 7
      vertex 31.605 130.198 0
      vertex 31.3 130.348 0
    endloop
  endfacet
  facet normal 0.751006 0.660296 0
    outer loop
      vertex 30.7615 130.762 7
      vertex 30.5373 131.017 0
      vertex 30.5373 131.017 7
    endloop
  endfacet
  facet normal 0.751006 0.660296 0
    outer loop
      vertex 30.5373 131.017 0
      vertex 30.7615 130.762 7
      vertex 30.7615 130.762 0
    endloop
  endfacet
  facet normal 0.660601 0.750737 -0
    outer loop
      vertex 31.0172 130.537 0
      vertex 30.7615 130.762 7
      vertex 31.0172 130.537 7
    endloop
  endfacet
  facet normal 0.660601 0.750737 0
    outer loop
      vertex 30.7615 130.762 7
      vertex 31.0172 130.537 0
      vertex 30.7615 130.762 0
    endloop
  endfacet
  facet normal -0.896884 -0.442267 0
    outer loop
      vertex 39.8021 138.395 0
      vertex 39.6517 138.7 7
      vertex 39.6517 138.7 0
    endloop
  endfacet
  facet normal -0.896884 -0.442267 0
    outer loop
      vertex 39.6517 138.7 7
      vertex 39.8021 138.395 0
      vertex 39.8021 138.395 7
    endloop
  endfacet
  facet normal -0.44132 -0.89735 0
    outer loop
      vertex 38.395 139.802 0
      vertex 38.7 139.652 7
      vertex 38.395 139.802 7
    endloop
  endfacet
  facet normal -0.44132 -0.89735 -0
    outer loop
      vertex 38.7 139.652 7
      vertex 38.395 139.802 0
      vertex 38.7 139.652 0
    endloop
  endfacet
  facet normal -0.55565 -0.831417 0
    outer loop
      vertex 38.7 139.652 0
      vertex 38.9828 139.463 7
      vertex 38.7 139.652 7
    endloop
  endfacet
  facet normal -0.55565 -0.831417 -0
    outer loop
      vertex 38.9828 139.463 7
      vertex 38.7 139.652 0
      vertex 38.9828 139.463 0
    endloop
  endfacet
  facet normal -0.660601 -0.750737 0
    outer loop
      vertex 38.9828 139.463 0
      vertex 39.2385 139.238 7
      vertex 38.9828 139.463 7
    endloop
  endfacet
  facet normal -0.660601 -0.750737 -0
    outer loop
      vertex 39.2385 139.238 7
      vertex 38.9828 139.463 0
      vertex 39.2385 139.238 0
    endloop
  endfacet
  facet normal 0.946934 -0.321428 0
    outer loop
      vertex 30.0886 138.073 7
      vertex 30.1979 138.395 0
      vertex 30.1979 138.395 7
    endloop
  endfacet
  facet normal 0.946934 -0.321428 0
    outer loop
      vertex 30.1979 138.395 0
      vertex 30.0886 138.073 7
      vertex 30.0886 138.073 0
    endloop
  endfacet
  facet normal 0.896884 -0.442267 0
    outer loop
      vertex 30.1979 138.395 7
      vertex 30.3483 138.7 0
      vertex 30.3483 138.7 7
    endloop
  endfacet
  facet normal 0.896884 -0.442267 0
    outer loop
      vertex 30.3483 138.7 0
      vertex 30.1979 138.395 7
      vertex 30.1979 138.395 0
    endloop
  endfacet
  facet normal 0.751006 -0.660296 0
    outer loop
      vertex 30.5373 138.983 7
      vertex 30.7615 139.238 0
      vertex 30.7615 139.238 7
    endloop
  endfacet
  facet normal 0.751006 -0.660296 0
    outer loop
      vertex 30.7615 139.238 0
      vertex 30.5373 138.983 7
      vertex 30.5373 138.983 0
    endloop
  endfacet
  facet normal 0.660601 -0.750737 0
    outer loop
      vertex 30.7615 139.238 0
      vertex 31.0172 139.463 7
      vertex 30.7615 139.238 7
    endloop
  endfacet
  facet normal 0.660601 -0.750737 0
    outer loop
      vertex 31.0172 139.463 7
      vertex 30.7615 139.238 0
      vertex 31.0172 139.463 0
    endloop
  endfacet
  facet normal 0.55565 -0.831417 0
    outer loop
      vertex 31.0172 139.463 0
      vertex 31.3 139.652 7
      vertex 31.0172 139.463 7
    endloop
  endfacet
  facet normal 0.55565 -0.831417 0
    outer loop
      vertex 31.3 139.652 7
      vertex 31.0172 139.463 0
      vertex 31.3 139.652 0
    endloop
  endfacet
  facet normal -0.0646845 -0.997906 0
    outer loop
      vertex 37.4 140 0
      vertex 37.7394 139.978 7
      vertex 37.4 140 7
    endloop
  endfacet
  facet normal -0.0646845 -0.997906 -0
    outer loop
      vertex 37.7394 139.978 7
      vertex 37.4 140 0
      vertex 37.7394 139.978 0
    endloop
  endfacet
  facet normal -0.196964 -0.980411 0
    outer loop
      vertex 37.7394 139.978 0
      vertex 38.0729 139.911 7
      vertex 37.7394 139.978 7
    endloop
  endfacet
  facet normal -0.196964 -0.980411 -0
    outer loop
      vertex 38.0729 139.911 7
      vertex 37.7394 139.978 0
      vertex 38.0729 139.911 0
    endloop
  endfacet
  facet normal 0.320547 -0.947232 0
    outer loop
      vertex 31.605 139.802 0
      vertex 31.9271 139.911 7
      vertex 31.605 139.802 7
    endloop
  endfacet
  facet normal 0.320547 -0.947232 0
    outer loop
      vertex 31.9271 139.911 7
      vertex 31.605 139.802 0
      vertex 31.9271 139.911 0
    endloop
  endfacet
  facet normal 0.196964 -0.980411 0
    outer loop
      vertex 31.9271 139.911 0
      vertex 32.2606 139.978 7
      vertex 31.9271 139.911 7
    endloop
  endfacet
  facet normal 0.196964 -0.980411 0
    outer loop
      vertex 32.2606 139.978 7
      vertex 31.9271 139.911 0
      vertex 32.2606 139.978 0
    endloop
  endfacet
  facet normal 0.0646845 -0.997906 0
    outer loop
      vertex 32.2606 139.978 0
      vertex 32.6 140 7
      vertex 32.2606 139.978 7
    endloop
  endfacet
  facet normal 0.0646845 -0.997906 0
    outer loop
      vertex 32.6 140 7
      vertex 32.2606 139.978 0
      vertex 32.6 140 0
    endloop
  endfacet
  facet normal 0.831598 0.555378 0
    outer loop
      vertex 30.5373 131.017 7
      vertex 30.3483 131.3 0
      vertex 30.3483 131.3 7
    endloop
  endfacet
  facet normal 0.831598 0.555378 0
    outer loop
      vertex 30.3483 131.3 0
      vertex 30.5373 131.017 7
      vertex 30.5373 131.017 0
    endloop
  endfacet
  facet normal 0.947232 0.320547 0
    outer loop
      vertex 130.198 31.605 7
      vertex 130.089 31.9271 0
      vertex 130.089 31.9271 7
    endloop
  endfacet
  facet normal 0.947232 0.320547 0
    outer loop
      vertex 130.089 31.9271 0
      vertex 130.198 31.605 7
      vertex 130.198 31.605 0
    endloop
  endfacet
  facet normal 0.980411 0.196964 0
    outer loop
      vertex 130.089 31.9271 7
      vertex 130.022 32.2606 0
      vertex 130.022 32.2606 7
    endloop
  endfacet
  facet normal 0.980411 0.196964 0
    outer loop
      vertex 130.022 32.2606 0
      vertex 130.089 31.9271 7
      vertex 130.089 31.9271 0
    endloop
  endfacet
  facet normal 0.997906 0.0646845 0
    outer loop
      vertex 130.022 32.2606 7
      vertex 130 32.6 0
      vertex 130 32.6 7
    endloop
  endfacet
  facet normal 0.997906 0.0646845 0
    outer loop
      vertex 130 32.6 0
      vertex 130.022 32.2606 7
      vertex 130.022 32.2606 0
    endloop
  endfacet
  facet normal -0.89735 0.44132 0
    outer loop
      vertex 139.652 31.3 0
      vertex 139.802 31.605 7
      vertex 139.802 31.605 0
    endloop
  endfacet
  facet normal -0.89735 0.44132 0
    outer loop
      vertex 139.802 31.605 7
      vertex 139.652 31.3 0
      vertex 139.652 31.3 7
    endloop
  endfacet
  facet normal -0.0653468 0.997863 0
    outer loop
      vertex 137.739 30.0222 0
      vertex 137.4 30 7
      vertex 137.739 30.0222 7
    endloop
  endfacet
  facet normal -0.0653468 0.997863 0
    outer loop
      vertex 137.4 30 7
      vertex 137.739 30.0222 0
      vertex 137.4 30 0
    endloop
  endfacet
  facet normal 0.321428 0.946934 -0
    outer loop
      vertex 131.927 30.0886 0
      vertex 131.605 30.1979 7
      vertex 131.927 30.0886 7
    endloop
  endfacet
  facet normal 0.321428 0.946934 0
    outer loop
      vertex 131.605 30.1979 7
      vertex 131.927 30.0886 0
      vertex 131.605 30.1979 0
    endloop
  endfacet
  facet normal 0.980411 -0.196964 0
    outer loop
      vertex 130.022 37.7394 7
      vertex 130.089 38.0729 0
      vertex 130.089 38.0729 7
    endloop
  endfacet
  facet normal 0.980411 -0.196964 0
    outer loop
      vertex 130.089 38.0729 0
      vertex 130.022 37.7394 7
      vertex 130.022 37.7394 0
    endloop
  endfacet
  facet normal -0.997906 -0.0646845 0
    outer loop
      vertex 140 37.4 0
      vertex 139.978 37.7394 7
      vertex 139.978 37.7394 0
    endloop
  endfacet
  facet normal -0.997906 -0.0646845 0
    outer loop
      vertex 139.978 37.7394 7
      vertex 140 37.4 0
      vertex 140 37.4 7
    endloop
  endfacet
  facet normal 0.0653468 0.997863 -0
    outer loop
      vertex 132.6 30 0
      vertex 132.261 30.0222 7
      vertex 132.6 30 7
    endloop
  endfacet
  facet normal 0.0653468 0.997863 0
    outer loop
      vertex 132.261 30.0222 7
      vertex 132.6 30 0
      vertex 132.261 30.0222 0
    endloop
  endfacet
  facet normal -0.980411 -0.196964 0
    outer loop
      vertex 139.978 37.7394 0
      vertex 139.911 38.0729 7
      vertex 139.911 38.0729 0
    endloop
  endfacet
  facet normal -0.980411 -0.196964 0
    outer loop
      vertex 139.911 38.0729 7
      vertex 139.978 37.7394 0
      vertex 139.978 37.7394 7
    endloop
  endfacet
  facet normal 0 -1 0
    outer loop
      vertex 132.6 40 0
      vertex 137.4 40 7
      vertex 132.6 40 7
    endloop
  endfacet
  facet normal 0 -1 -0
    outer loop
      vertex 137.4 40 7
      vertex 132.6 40 0
      vertex 137.4 40 0
    endloop
  endfacet
  facet normal -0.555378 0.831598 0
    outer loop
      vertex 138.983 30.5373 0
      vertex 138.7 30.3483 7
      vertex 138.983 30.5373 7
    endloop
  endfacet
  facet normal -0.555378 0.831598 0
    outer loop
      vertex 138.7 30.3483 7
      vertex 138.983 30.5373 0
      vertex 138.7 30.3483 0
    endloop
  endfacet
  facet normal -0.750737 0.660601 0
    outer loop
      vertex 139.238 30.7615 0
      vertex 139.463 31.0172 7
      vertex 139.463 31.0172 0
    endloop
  endfacet
  facet normal -0.750737 0.660601 0
    outer loop
      vertex 139.463 31.0172 7
      vertex 139.238 30.7615 0
      vertex 139.238 30.7615 7
    endloop
  endfacet
  facet normal -0.980411 0.196964 0
    outer loop
      vertex 139.911 31.9271 0
      vertex 139.978 32.2606 7
      vertex 139.978 32.2606 0
    endloop
  endfacet
  facet normal -0.980411 0.196964 0
    outer loop
      vertex 139.978 32.2606 7
      vertex 139.911 31.9271 0
      vertex 139.911 31.9271 7
    endloop
  endfacet
  facet normal -1 0 0
    outer loop
      vertex 140 32.6 0
      vertex 140 37.4 7
      vertex 140 37.4 0
    endloop
  endfacet
  facet normal -1 -0 0
    outer loop
      vertex 140 37.4 7
      vertex 140 32.6 0
      vertex 140 32.6 7
    endloop
  endfacet
  facet normal -0.997906 0.0646845 0
    outer loop
      vertex 139.978 32.2606 0
      vertex 140 32.6 7
      vertex 140 32.6 0
    endloop
  endfacet
  facet normal -0.997906 0.0646845 0
    outer loop
      vertex 140 32.6 7
      vertex 139.978 32.2606 0
      vertex 139.978 32.2606 7
    endloop
  endfacet
  facet normal 0 1 -0
    outer loop
      vertex 137.4 30 0
      vertex 132.6 30 7
      vertex 137.4 30 7
    endloop
  endfacet
  facet normal 0 1 0
    outer loop
      vertex 132.6 30 7
      vertex 137.4 30 0
      vertex 132.6 30 0
    endloop
  endfacet
  facet normal 0.89735 0.44132 0
    outer loop
      vertex 130.348 31.3 7
      vertex 130.198 31.605 0
      vertex 130.198 31.605 7
    endloop
  endfacet
  facet normal 0.89735 0.44132 0
    outer loop
      vertex 130.198 31.605 0
      vertex 130.348 31.3 7
      vertex 130.348 31.3 0
    endloop
  endfacet
  facet normal 0.555378 0.831598 -0
    outer loop
      vertex 131.3 30.3483 0
      vertex 131.017 30.5373 7
      vertex 131.3 30.3483 7
    endloop
  endfacet
  facet normal 0.555378 0.831598 0
    outer loop
      vertex 131.017 30.5373 7
      vertex 131.3 30.3483 0
      vertex 131.017 30.5373 0
    endloop
  endfacet
  facet normal 0.442267 0.896884 -0
    outer loop
      vertex 131.605 30.1979 0
      vertex 131.3 30.3483 7
      vertex 131.605 30.1979 7
    endloop
  endfacet
  facet normal 0.442267 0.896884 0
    outer loop
      vertex 131.3 30.3483 7
      vertex 131.605 30.1979 0
      vertex 131.3 30.3483 0
    endloop
  endfacet
  facet normal 0.831417 0.55565 0
    outer loop
      vertex 130.537 31.0172 7
      vertex 130.348 31.3 0
      vertex 130.348 31.3 7
    endloop
  endfacet
  facet normal 0.831417 0.55565 0
    outer loop
      vertex 130.348 31.3 0
      vertex 130.537 31.0172 7
      vertex 130.537 31.0172 0
    endloop
  endfacet
  facet normal 1 -0 0
    outer loop
      vertex 130 32.6 7
      vertex 130 37.4 0
      vertex 130 37.4 7
    endloop
  endfacet
  facet normal 1 0 0
    outer loop
      vertex 130 37.4 0
      vertex 130 32.6 7
      vertex 130 32.6 0
    endloop
  endfacet
  facet normal 0.997906 -0.0646845 0
    outer loop
      vertex 130 37.4 7
      vertex 130.022 37.7394 0
      vertex 130.022 37.7394 7
    endloop
  endfacet
  facet normal 0.997906 -0.0646845 0
    outer loop
      vertex 130.022 37.7394 0
      vertex 130 37.4 7
      vertex 130 37.4 0
    endloop
  endfacet
  facet normal -0.89735 -0.44132 0
    outer loop
      vertex 139.802 38.395 0
      vertex 139.652 38.7 7
      vertex 139.652 38.7 0
    endloop
  endfacet
  facet normal -0.89735 -0.44132 0
    outer loop
      vertex 139.652 38.7 7
      vertex 139.802 38.395 0
      vertex 139.802 38.395 7
    endloop
  endfacet
  facet normal -0.321428 -0.946934 0
    outer loop
      vertex 138.073 39.9114 0
      vertex 138.395 39.8021 7
      vertex 138.073 39.9114 7
    endloop
  endfacet
  facet normal -0.321428 -0.946934 -0
    outer loop
      vertex 138.395 39.8021 7
      vertex 138.073 39.9114 0
      vertex 138.395 39.8021 0
    endloop
  endfacet
  facet normal -0.831417 -0.55565 0
    outer loop
      vertex 139.652 38.7 0
      vertex 139.463 38.9828 7
      vertex 139.463 38.9828 0
    endloop
  endfacet
  facet normal -0.831417 -0.55565 0
    outer loop
      vertex 139.463 38.9828 7
      vertex 139.652 38.7 0
      vertex 139.652 38.7 7
    endloop
  endfacet
  facet normal -0.947232 -0.320547 0
    outer loop
      vertex 139.911 38.0729 0
      vertex 139.802 38.395 7
      vertex 139.802 38.395 0
    endloop
  endfacet
  facet normal -0.947232 -0.320547 0
    outer loop
      vertex 139.802 38.395 7
      vertex 139.911 38.0729 0
      vertex 139.911 38.0729 7
    endloop
  endfacet
  facet normal -0.442267 -0.896884 0
    outer loop
      vertex 138.395 39.8021 0
      vertex 138.7 39.6517 7
      vertex 138.395 39.8021 7
    endloop
  endfacet
  facet normal -0.442267 -0.896884 -0
    outer loop
      vertex 138.7 39.6517 7
      vertex 138.395 39.8021 0
      vertex 138.7 39.6517 0
    endloop
  endfacet
  facet normal -0.555378 -0.831598 0
    outer loop
      vertex 138.7 39.6517 0
      vertex 138.983 39.4627 7
      vertex 138.7 39.6517 7
    endloop
  endfacet
  facet normal -0.555378 -0.831598 -0
    outer loop
      vertex 138.983 39.4627 7
      vertex 138.7 39.6517 0
      vertex 138.983 39.4627 0
    endloop
  endfacet
  facet normal 0.89735 -0.44132 0
    outer loop
      vertex 130.198 38.395 7
      vertex 130.348 38.7 0
      vertex 130.348 38.7 7
    endloop
  endfacet
  facet normal 0.89735 -0.44132 0
    outer loop
      vertex 130.348 38.7 0
      vertex 130.198 38.395 7
      vertex 130.198 38.395 0
    endloop
  endfacet
  facet normal 0.660296 -0.751006 0
    outer loop
      vertex 130.762 39.2385 0
      vertex 131.017 39.4627 7
      vertex 130.762 39.2385 7
    endloop
  endfacet
  facet normal 0.660296 -0.751006 0
    outer loop
      vertex 131.017 39.4627 7
      vertex 130.762 39.2385 0
      vertex 131.017 39.4627 0
    endloop
  endfacet
  facet normal -0.194987 -0.980806 0
    outer loop
      vertex 137.739 39.9778 0
      vertex 138.073 39.9114 7
      vertex 137.739 39.9778 7
    endloop
  endfacet
  facet normal -0.194987 -0.980806 -0
    outer loop
      vertex 138.073 39.9114 7
      vertex 137.739 39.9778 0
      vertex 138.073 39.9114 0
    endloop
  endfacet
  facet normal -0.660296 0.751006 0
    outer loop
      vertex 139.238 30.7615 0
      vertex 138.983 30.5373 7
      vertex 139.238 30.7615 7
    endloop
  endfacet
  facet normal -0.660296 0.751006 0
    outer loop
      vertex 138.983 30.5373 7
      vertex 139.238 30.7615 0
      vertex 138.983 30.5373 0
    endloop
  endfacet
  facet normal -0.831417 0.55565 0
    outer loop
      vertex 139.463 31.0172 0
      vertex 139.652 31.3 7
      vertex 139.652 31.3 0
    endloop
  endfacet
  facet normal -0.831417 0.55565 0
    outer loop
      vertex 139.652 31.3 7
      vertex 139.463 31.0172 0
      vertex 139.463 31.0172 7
    endloop
  endfacet
  facet normal -0.947232 0.320547 0
    outer loop
      vertex 139.802 31.605 0
      vertex 139.911 31.9271 7
      vertex 139.911 31.9271 0
    endloop
  endfacet
  facet normal -0.947232 0.320547 0
    outer loop
      vertex 139.911 31.9271 7
      vertex 139.802 31.605 0
      vertex 139.802 31.605 7
    endloop
  endfacet
  facet normal -0.194987 0.980806 0
    outer loop
      vertex 138.073 30.0886 0
      vertex 137.739 30.0222 7
      vertex 138.073 30.0886 7
    endloop
  endfacet
  facet normal -0.194987 0.980806 0
    outer loop
      vertex 137.739 30.0222 7
      vertex 138.073 30.0886 0
      vertex 137.739 30.0222 0
    endloop
  endfacet
  facet normal -0.442267 0.896884 0
    outer loop
      vertex 138.7 30.3483 0
      vertex 138.395 30.1979 7
      vertex 138.7 30.3483 7
    endloop
  endfacet
  facet normal -0.442267 0.896884 0
    outer loop
      vertex 138.395 30.1979 7
      vertex 138.7 30.3483 0
      vertex 138.395 30.1979 0
    endloop
  endfacet
  facet normal -0.321428 0.946934 0
    outer loop
      vertex 138.395 30.1979 0
      vertex 138.073 30.0886 7
      vertex 138.395 30.1979 7
    endloop
  endfacet
  facet normal -0.321428 0.946934 0
    outer loop
      vertex 138.073 30.0886 7
      vertex 138.395 30.1979 0
      vertex 138.073 30.0886 0
    endloop
  endfacet
  facet normal 0.194987 0.980806 -0
    outer loop
      vertex 132.261 30.0222 0
      vertex 131.927 30.0886 7
      vertex 132.261 30.0222 7
    endloop
  endfacet
  facet normal 0.194987 0.980806 0
    outer loop
      vertex 131.927 30.0886 7
      vertex 132.261 30.0222 0
      vertex 131.927 30.0886 0
    endloop
  endfacet
  facet normal 0.947232 -0.320547 0
    outer loop
      vertex 130.089 38.0729 7
      vertex 130.198 38.395 0
      vertex 130.198 38.395 7
    endloop
  endfacet
  facet normal 0.947232 -0.320547 0
    outer loop
      vertex 130.198 38.395 0
      vertex 130.089 38.0729 7
      vertex 130.089 38.0729 0
    endloop
  endfacet
  facet normal 0.831417 -0.55565 0
    outer loop
      vertex 130.348 38.7 7
      vertex 130.537 38.9828 0
      vertex 130.537 38.9828 7
    endloop
  endfacet
  facet normal 0.831417 -0.55565 0
    outer loop
      vertex 130.537 38.9828 0
      vertex 130.348 38.7 7
      vertex 130.348 38.7 0
    endloop
  endfacet
  facet normal 0.750737 -0.660601 0
    outer loop
      vertex 130.537 38.9828 7
      vertex 130.762 39.2385 0
      vertex 130.762 39.2385 7
    endloop
  endfacet
  facet normal 0.750737 -0.660601 0
    outer loop
      vertex 130.762 39.2385 0
      vertex 130.537 38.9828 7
      vertex 130.537 38.9828 0
    endloop
  endfacet
  facet normal 0.555378 -0.831598 0
    outer loop
      vertex 131.017 39.4627 0
      vertex 131.3 39.6517 7
      vertex 131.017 39.4627 7
    endloop
  endfacet
  facet normal 0.555378 -0.831598 0
    outer loop
      vertex 131.3 39.6517 7
      vertex 131.017 39.4627 0
      vertex 131.3 39.6517 0
    endloop
  endfacet
  facet normal -0.0653468 -0.997863 0
    outer loop
      vertex 137.4 40 0
      vertex 137.739 39.9778 7
      vertex 137.4 40 7
    endloop
  endfacet
  facet normal -0.0653468 -0.997863 -0
    outer loop
      vertex 137.739 39.9778 7
      vertex 137.4 40 0
      vertex 137.739 39.9778 0
    endloop
  endfacet
  facet normal 0.442267 -0.896884 0
    outer loop
      vertex 131.3 39.6517 0
      vertex 131.605 39.8021 7
      vertex 131.3 39.6517 7
    endloop
  endfacet
  facet normal 0.442267 -0.896884 0
    outer loop
      vertex 131.605 39.8021 7
      vertex 131.3 39.6517 0
      vertex 131.605 39.8021 0
    endloop
  endfacet
  facet normal 0.321428 -0.946934 0
    outer loop
      vertex 131.605 39.8021 0
      vertex 131.927 39.9114 7
      vertex 131.605 39.8021 7
    endloop
  endfacet
  facet normal 0.321428 -0.946934 0
    outer loop
      vertex 131.927 39.9114 7
      vertex 131.605 39.8021 0
      vertex 131.927 39.9114 0
    endloop
  endfacet
  facet normal 0.194987 -0.980806 0
    outer loop
      vertex 131.927 39.9114 0
      vertex 132.261 39.9778 7
      vertex 131.927 39.9114 7
    endloop
  endfacet
  facet normal 0.194987 -0.980806 0
    outer loop
      vertex 132.261 39.9778 7
      vertex 131.927 39.9114 0
      vertex 132.261 39.9778 0
    endloop
  endfacet
  facet normal 0.0653468 -0.997863 0
    outer loop
      vertex 132.261 39.9778 0
      vertex 132.6 40 7
      vertex 132.261 39.9778 7
    endloop
  endfacet
  facet normal 0.0653468 -0.997863 0
    outer loop
      vertex 132.6 40 7
      vertex 132.261 39.9778 0
      vertex 132.6 40 0
    endloop
  endfacet
  facet normal 0.660296 0.751006 -0
    outer loop
      vertex 131.017 30.5373 0
      vertex 130.762 30.7615 7
      vertex 131.017 30.5373 7
    endloop
  endfacet
  facet normal 0.660296 0.751006 0
    outer loop
      vertex 130.762 30.7615 7
      vertex 131.017 30.5373 0
      vertex 130.762 30.7615 0
    endloop
  endfacet
  facet normal 0.750737 0.660601 0
    outer loop
      vertex 130.762 30.7615 7
      vertex 130.537 31.0172 0
      vertex 130.537 31.0172 7
    endloop
  endfacet
  facet normal 0.750737 0.660601 0
    outer loop
      vertex 130.537 31.0172 0
      vertex 130.762 30.7615 7
      vertex 130.762 30.7615 0
    endloop
  endfacet
  facet normal -0.660296 -0.751006 0
    outer loop
      vertex 138.983 39.4627 0
      vertex 139.238 39.2385 7
      vertex 138.983 39.4627 7
    endloop
  endfacet
  facet normal -0.660296 -0.751006 -0
    outer loop
      vertex 139.238 39.2385 7
      vertex 138.983 39.4627 0
      vertex 139.238 39.2385 0
    endloop
  endfacet
  facet normal -0.750737 -0.660601 0
    outer loop
      vertex 139.463 38.9828 0
      vertex 139.238 39.2385 7
      vertex 139.238 39.2385 0
    endloop
  endfacet
  facet normal -0.750737 -0.660601 0
    outer loop
      vertex 139.238 39.2385 7
      vertex 139.463 38.9828 0
      vertex 139.463 38.9828 7
    endloop
  endfacet
  facet normal 0.947202 0.320637 0
    outer loop
      vertex 130.198 131.605 7
      vertex 130.089 131.927 0
      vertex 130.089 131.927 7
    endloop
  endfacet
  facet normal 0.947202 0.320637 0
    outer loop
      vertex 130.089 131.927 0
      vertex 130.198 131.605 7
      vertex 130.198 131.605 0
    endloop
  endfacet
  facet normal 0.980468 0.196681 0
    outer loop
      vertex 130.089 131.927 7
      vertex 130.022 132.261 0
      vertex 130.022 132.261 7
    endloop
  endfacet
  facet normal 0.980468 0.196681 0
    outer loop
      vertex 130.022 132.261 0
      vertex 130.089 131.927 7
      vertex 130.089 131.927 0
    endloop
  endfacet
  facet normal 0.997901 0.0647605 0
    outer loop
      vertex 130.022 132.261 7
      vertex 130 132.6 0
      vertex 130 132.6 7
    endloop
  endfacet
  facet normal 0.997901 0.0647605 0
    outer loop
      vertex 130 132.6 0
      vertex 130.022 132.261 7
      vertex 130.022 132.261 0
    endloop
  endfacet
  facet normal -0.89735 0.44132 0
    outer loop
      vertex 139.652 131.3 0
      vertex 139.802 131.605 7
      vertex 139.802 131.605 0
    endloop
  endfacet
  facet normal -0.89735 0.44132 0
    outer loop
      vertex 139.802 131.605 7
      vertex 139.652 131.3 0
      vertex 139.652 131.3 7
    endloop
  endfacet
  facet normal -0.0647605 0.997901 0
    outer loop
      vertex 137.739 130.022 0
      vertex 137.4 130 7
      vertex 137.739 130.022 7
    endloop
  endfacet
  facet normal -0.0647605 0.997901 0
    outer loop
      vertex 137.4 130 7
      vertex 137.739 130.022 0
      vertex 137.4 130 0
    endloop
  endfacet
  facet normal 0.320637 0.947202 -0
    outer loop
      vertex 131.927 130.089 0
      vertex 131.605 130.198 7
      vertex 131.927 130.089 7
    endloop
  endfacet
  facet normal 0.320637 0.947202 0
    outer loop
      vertex 131.605 130.198 7
      vertex 131.927 130.089 0
      vertex 131.605 130.198 0
    endloop
  endfacet
  facet normal -0.997901 -0.0647605 0
    outer loop
      vertex 140 137.4 0
      vertex 139.978 137.739 7
      vertex 139.978 137.739 0
    endloop
  endfacet
  facet normal -0.997901 -0.0647605 0
    outer loop
      vertex 139.978 137.739 7
      vertex 140 137.4 0
      vertex 140 137.4 7
    endloop
  endfacet
  facet normal 0.0647605 0.997901 -0
    outer loop
      vertex 132.6 130 0
      vertex 132.261 130.022 7
      vertex 132.6 130 7
    endloop
  endfacet
  facet normal 0.0647605 0.997901 0
    outer loop
      vertex 132.261 130.022 7
      vertex 132.6 130 0
      vertex 132.261 130.022 0
    endloop
  endfacet
  facet normal -0.980468 -0.196681 0
    outer loop
      vertex 139.978 137.739 0
      vertex 139.911 138.073 7
      vertex 139.911 138.073 0
    endloop
  endfacet
  facet normal -0.980468 -0.196681 0
    outer loop
      vertex 139.911 138.073 7
      vertex 139.978 137.739 0
      vertex 139.978 137.739 7
    endloop
  endfacet
  facet normal 0 -1 0
    outer loop
      vertex 132.6 140 0
      vertex 137.4 140 7
      vertex 132.6 140 7
    endloop
  endfacet
  facet normal 0 -1 -0
    outer loop
      vertex 137.4 140 7
      vertex 132.6 140 0
      vertex 137.4 140 0
    endloop
  endfacet
  facet normal -0.555378 0.831598 0
    outer loop
      vertex 138.983 130.537 0
      vertex 138.7 130.348 7
      vertex 138.983 130.537 7
    endloop
  endfacet
  facet normal -0.555378 0.831598 0
    outer loop
      vertex 138.7 130.348 7
      vertex 138.983 130.537 0
      vertex 138.7 130.348 0
    endloop
  endfacet
  facet normal -0.749838 0.661622 0
    outer loop
      vertex 139.238 130.762 0
      vertex 139.463 131.017 7
      vertex 139.463 131.017 0
    endloop
  endfacet
  facet normal -0.749838 0.661622 0
    outer loop
      vertex 139.463 131.017 7
      vertex 139.238 130.762 0
      vertex 139.238 130.762 7
    endloop
  endfacet
  facet normal -0.980468 0.196681 0
    outer loop
      vertex 139.911 131.927 0
      vertex 139.978 132.261 7
      vertex 139.978 132.261 0
    endloop
  endfacet
  facet normal -0.980468 0.196681 0
    outer loop
      vertex 139.978 132.261 7
      vertex 139.911 131.927 0
      vertex 139.911 131.927 7
    endloop
  endfacet
  facet normal -1 0 0
    outer loop
      vertex 140 132.6 0
      vertex 140 137.4 7
      vertex 140 137.4 0
    endloop
  endfacet
  facet normal -1 -0 0
    outer loop
      vertex 140 137.4 7
      vertex 140 132.6 0
      vertex 140 132.6 7
    endloop
  endfacet
  facet normal -0.997901 0.0647605 0
    outer loop
      vertex 139.978 132.261 0
      vertex 140 132.6 7
      vertex 140 132.6 0
    endloop
  endfacet
  facet normal -0.997901 0.0647605 0
    outer loop
      vertex 140 132.6 7
      vertex 139.978 132.261 0
      vertex 139.978 132.261 7
    endloop
  endfacet
  facet normal -0.320637 0.947202 0
    outer loop
      vertex 138.395 130.198 0
      vertex 138.073 130.089 7
      vertex 138.395 130.198 7
    endloop
  endfacet
  facet normal -0.320637 0.947202 0
    outer loop
      vertex 138.073 130.089 7
      vertex 138.395 130.198 0
      vertex 138.073 130.089 0
    endloop
  endfacet
  facet normal 0 1 -0
    outer loop
      vertex 137.4 130 0
      vertex 132.6 130 7
      vertex 137.4 130 7
    endloop
  endfacet
  facet normal 0 1 0
    outer loop
      vertex 132.6 130 7
      vertex 137.4 130 0
      vertex 132.6 130 0
    endloop
  endfacet
  facet normal 0.89735 0.44132 0
    outer loop
      vertex 130.348 131.3 7
      vertex 130.198 131.605 0
      vertex 130.198 131.605 7
    endloop
  endfacet
  facet normal 0.89735 0.44132 0
    outer loop
      vertex 130.198 131.605 0
      vertex 130.348 131.3 7
      vertex 130.348 131.3 0
    endloop
  endfacet
  facet normal 0.555378 0.831598 -0
    outer loop
      vertex 131.3 130.348 0
      vertex 131.017 130.537 7
      vertex 131.3 130.348 7
    endloop
  endfacet
  facet normal 0.555378 0.831598 0
    outer loop
      vertex 131.017 130.537 7
      vertex 131.3 130.348 0
      vertex 131.017 130.537 0
    endloop
  endfacet
  facet normal 0.44132 0.89735 -0
    outer loop
      vertex 131.605 130.198 0
      vertex 131.3 130.348 7
      vertex 131.605 130.198 7
    endloop
  endfacet
  facet normal 0.44132 0.89735 0
    outer loop
      vertex 131.3 130.348 7
      vertex 131.605 130.198 0
      vertex 131.3 130.348 0
    endloop
  endfacet
  facet normal 0.831598 0.555378 0
    outer loop
      vertex 130.537 131.017 7
      vertex 130.348 131.3 0
      vertex 130.348 131.3 7
    endloop
  endfacet
  facet normal 0.831598 0.555378 0
    outer loop
      vertex 130.348 131.3 0
      vertex 130.537 131.017 7
      vertex 130.537 131.017 0
    endloop
  endfacet
  facet normal 0.749838 0.661622 0
    outer loop
      vertex 130.762 130.762 7
      vertex 130.537 131.017 0
      vertex 130.537 131.017 7
    endloop
  endfacet
  facet normal 0.749838 0.661622 0
    outer loop
      vertex 130.537 131.017 0
      vertex 130.762 130.762 7
      vertex 130.762 130.762 0
    endloop
  endfacet
  facet normal 1 -0 0
    outer loop
      vertex 130 132.6 7
      vertex 130 137.4 0
      vertex 130 137.4 7
    endloop
  endfacet
  facet normal 1 0 0
    outer loop
      vertex 130 137.4 0
      vertex 130 132.6 7
      vertex 130 132.6 0
    endloop
  endfacet
  facet normal 0.997901 -0.0647605 0
    outer loop
      vertex 130 137.4 7
      vertex 130.022 137.739 0
      vertex 130.022 137.739 7
    endloop
  endfacet
  facet normal 0.997901 -0.0647605 0
    outer loop
      vertex 130.022 137.739 0
      vertex 130 137.4 7
      vertex 130 137.4 0
    endloop
  endfacet
  facet normal -0.89735 -0.44132 0
    outer loop
      vertex 139.802 138.395 0
      vertex 139.652 138.7 7
      vertex 139.652 138.7 0
    endloop
  endfacet
  facet normal -0.89735 -0.44132 0
    outer loop
      vertex 139.652 138.7 7
      vertex 139.802 138.395 0
      vertex 139.802 138.395 7
    endloop
  endfacet
  facet normal -0.44132 -0.89735 0
    outer loop
      vertex 138.395 139.802 0
      vertex 138.7 139.652 7
      vertex 138.395 139.802 7
    endloop
  endfacet
  facet normal -0.44132 -0.89735 -0
    outer loop
      vertex 138.7 139.652 7
      vertex 138.395 139.802 0
      vertex 138.7 139.652 0
    endloop
  endfacet
  facet normal -0.555378 -0.831598 0
    outer loop
      vertex 138.7 139.652 0
      vertex 138.983 139.463 7
      vertex 138.7 139.652 7
    endloop
  endfacet
  facet normal -0.555378 -0.831598 -0
    outer loop
      vertex 138.983 139.463 7
      vertex 138.7 139.652 0
      vertex 138.983 139.463 0
    endloop
  endfacet
  facet normal 0.89735 -0.44132 0
    outer loop
      vertex 130.198 138.395 7
      vertex 130.348 138.7 0
      vertex 130.348 138.7 7
    endloop
  endfacet
  facet normal 0.89735 -0.44132 0
    outer loop
      vertex 130.348 138.7 0
      vertex 130.198 138.395 7
      vertex 130.198 138.395 0
    endloop
  endfacet
  facet normal 0.980468 -0.196681 0
    outer loop
      vertex 130.022 137.739 7
      vertex 130.089 138.073 0
      vertex 130.089 138.073 7
    endloop
  endfacet
  facet normal 0.980468 -0.196681 0
    outer loop
      vertex 130.089 138.073 0
      vertex 130.022 137.739 7
      vertex 130.022 137.739 0
    endloop
  endfacet
  facet normal 0.661622 -0.749838 0
    outer loop
      vertex 130.762 139.238 0
      vertex 131.017 139.463 7
      vertex 130.762 139.238 7
    endloop
  endfacet
  facet normal 0.661622 -0.749838 0
    outer loop
      vertex 131.017 139.463 7
      vertex 130.762 139.238 0
      vertex 131.017 139.463 0
    endloop
  endfacet
  facet normal -0.196681 -0.980468 0
    outer loop
      vertex 137.739 139.978 0
      vertex 138.073 139.911 7
      vertex 137.739 139.978 7
    endloop
  endfacet
  facet normal -0.196681 -0.980468 -0
    outer loop
      vertex 138.073 139.911 7
      vertex 137.739 139.978 0
      vertex 138.073 139.911 0
    endloop
  endfacet
  facet normal -0.661622 0.749838 0
    outer loop
      vertex 139.238 130.762 0
      vertex 138.983 130.537 7
      vertex 139.238 130.762 7
    endloop
  endfacet
  facet normal -0.661622 0.749838 0
    outer loop
      vertex 138.983 130.537 7
      vertex 139.238 130.762 0
      vertex 138.983 130.537 0
    endloop
  endfacet
  facet normal -0.831598 0.555378 0
    outer loop
      vertex 139.463 131.017 0
      vertex 139.652 131.3 7
      vertex 139.652 131.3 0
    endloop
  endfacet
  facet normal -0.831598 0.555378 0
    outer loop
      vertex 139.652 131.3 7
      vertex 139.463 131.017 0
      vertex 139.463 131.017 7
    endloop
  endfacet
  facet normal -0.947202 0.320637 0
    outer loop
      vertex 139.802 131.605 0
      vertex 139.911 131.927 7
      vertex 139.911 131.927 0
    endloop
  endfacet
  facet normal -0.947202 0.320637 0
    outer loop
      vertex 139.911 131.927 7
      vertex 139.802 131.605 0
      vertex 139.802 131.605 7
    endloop
  endfacet
  facet normal -0.196681 0.980468 0
    outer loop
      vertex 138.073 130.089 0
      vertex 137.739 130.022 7
      vertex 138.073 130.089 7
    endloop
  endfacet
  facet normal -0.196681 0.980468 0
    outer loop
      vertex 137.739 130.022 7
      vertex 138.073 130.089 0
      vertex 137.739 130.022 0
    endloop
  endfacet
  facet normal -0.44132 0.89735 0
    outer loop
      vertex 138.7 130.348 0
      vertex 138.395 130.198 7
      vertex 138.7 130.348 7
    endloop
  endfacet
  facet normal -0.44132 0.89735 0
    outer loop
      vertex 138.395 130.198 7
      vertex 138.7 130.348 0
      vertex 138.395 130.198 0
    endloop
  endfacet
  facet normal 0.196681 0.980468 -0
    outer loop
      vertex 132.261 130.022 0
      vertex 131.927 130.089 7
      vertex 132.261 130.022 7
    endloop
  endfacet
  facet normal 0.196681 0.980468 0
    outer loop
      vertex 131.927 130.089 7
      vertex 132.261 130.022 0
      vertex 131.927 130.089 0
    endloop
  endfacet
  facet normal -0.947202 -0.320637 0
    outer loop
      vertex 139.911 138.073 0
      vertex 139.802 138.395 7
      vertex 139.802 138.395 0
    endloop
  endfacet
  facet normal -0.947202 -0.320637 0
    outer loop
      vertex 139.802 138.395 7
      vertex 139.911 138.073 0
      vertex 139.911 138.073 7
    endloop
  endfacet
  facet normal -0.831598 -0.555378 0
    outer loop
      vertex 139.652 138.7 0
      vertex 139.463 138.983 7
      vertex 139.463 138.983 0
    endloop
  endfacet
  facet normal -0.831598 -0.555378 0
    outer loop
      vertex 139.463 138.983 7
      vertex 139.652 138.7 0
      vertex 139.652 138.7 7
    endloop
  endfacet
  facet normal -0.320637 -0.947202 0
    outer loop
      vertex 138.073 139.911 0
      vertex 138.395 139.802 7
      vertex 138.073 139.911 7
    endloop
  endfacet
  facet normal -0.320637 -0.947202 -0
    outer loop
      vertex 138.395 139.802 7
      vertex 138.073 139.911 0
      vertex 138.395 139.802 0
    endloop
  endfacet
  facet normal 0.947202 -0.320637 0
    outer loop
      vertex 130.089 138.073 7
      vertex 130.198 138.395 0
      vertex 130.198 138.395 7
    endloop
  endfacet
  facet normal 0.947202 -0.320637 0
    outer loop
      vertex 130.198 138.395 0
      vertex 130.089 138.073 7
      vertex 130.089 138.073 0
    endloop
  endfacet
  facet normal 0.831598 -0.555378 0
    outer loop
      vertex 130.348 138.7 7
      vertex 130.537 138.983 0
      vertex 130.537 138.983 7
    endloop
  endfacet
  facet normal 0.831598 -0.555378 0
    outer loop
      vertex 130.537 138.983 0
      vertex 130.348 138.7 7
      vertex 130.348 138.7 0
    endloop
  endfacet
  facet normal 0.749838 -0.661622 0
    outer loop
      vertex 130.537 138.983 7
      vertex 130.762 139.238 0
      vertex 130.762 139.238 7
    endloop
  endfacet
  facet normal 0.749838 -0.661622 0
    outer loop
      vertex 130.762 139.238 0
      vertex 130.537 138.983 7
      vertex 130.537 138.983 0
    endloop
  endfacet
  facet normal 0.555378 -0.831598 0
    outer loop
      vertex 131.017 139.463 0
      vertex 131.3 139.652 7
      vertex 131.017 139.463 7
    endloop
  endfacet
  facet normal 0.555378 -0.831598 0
    outer loop
      vertex 131.3 139.652 7
      vertex 131.017 139.463 0
      vertex 131.3 139.652 0
    endloop
  endfacet
  facet normal -0.0647605 -0.997901 0
    outer loop
      vertex 137.4 140 0
      vertex 137.739 139.978 7
      vertex 137.4 140 7
    endloop
  endfacet
  facet normal -0.0647605 -0.997901 -0
    outer loop
      vertex 137.739 139.978 7
      vertex 137.4 140 0
      vertex 137.739 139.978 0
    endloop
  endfacet
  facet normal 0.44132 -0.89735 0
    outer loop
      vertex 131.3 139.652 0
      vertex 131.605 139.802 7
      vertex 131.3 139.652 7
    endloop
  endfacet
  facet normal 0.44132 -0.89735 0
    outer loop
      vertex 131.605 139.802 7
      vertex 131.3 139.652 0
      vertex 131.605 139.802 0
    endloop
  endfacet
  facet normal 0.320637 -0.947202 0
    outer loop
      vertex 131.605 139.802 0
      vertex 131.927 139.911 7
      vertex 131.605 139.802 7
    endloop
  endfacet
  facet normal 0.320637 -0.947202 0
    outer loop
      vertex 131.927 139.911 7
      vertex 131.605 139.802 0
      vertex 131.927 139.911 0
    endloop
  endfacet
  facet normal 0.196681 -0.980468 0
    outer loop
      vertex 131.927 139.911 0
      vertex 132.261 139.978 7
      vertex 131.927 139.911 7
    endloop
  endfacet
  facet normal 0.196681 -0.980468 0
    outer loop
      vertex 132.261 139.978 7
      vertex 131.927 139.911 0
      vertex 132.261 139.978 0
    endloop
  endfacet
  facet normal 0.0647605 -0.997901 0
    outer loop
      vertex 132.261 139.978 0
      vertex 132.6 140 7
      vertex 132.261 139.978 7
    endloop
  endfacet
  facet normal 0.0647605 -0.997901 0
    outer loop
      vertex 132.6 140 7
      vertex 132.261 139.978 0
      vertex 132.6 140 0
    endloop
  endfacet
  facet normal 0.661622 0.749838 -0
    outer loop
      vertex 131.017 130.537 0
      vertex 130.762 130.762 7
      vertex 131.017 130.537 7
    endloop
  endfacet
  facet normal 0.661622 0.749838 0
    outer loop
      vertex 130.762 130.762 7
      vertex 131.017 130.537 0
      vertex 130.762 130.762 0
    endloop
  endfacet
  facet normal -0.661622 -0.749838 0
    outer loop
      vertex 138.983 139.463 0
      vertex 139.238 139.238 7
      vertex 138.983 139.463 7
    endloop
  endfacet
  facet normal -0.661622 -0.749838 -0
    outer loop
      vertex 139.238 139.238 7
      vertex 138.983 139.463 0
      vertex 139.238 139.238 0
    endloop
  endfacet
  facet normal -0.749838 -0.661622 0
    outer loop
      vertex 139.463 138.983 0
      vertex 139.238 139.238 7
      vertex 139.238 139.238 0
    endloop
  endfacet
  facet normal -0.749838 -0.661622 0
    outer loop
      vertex 139.238 139.238 7
      vertex 139.463 138.983 0
      vertex 139.463 138.983 7
    endloop
  endfacet
  facet normal 0.195173 0.980769 -0
    outer loop
      vertex 9.7781 25.3145 0
      vertex 9.56001 25.3579 7
      vertex 9.7781 25.3145 7
    endloop
  endfacet
  facet normal 0.195173 0.980769 0
    outer loop
      vertex 9.56001 25.3579 7
      vertex 9.7781 25.3145 0
      vertex 9.56001 25.3579 0
    endloop
  endfacet
  facet normal 0.0652057 0.997872 -0
    outer loop
      vertex 10 25.3 0
      vertex 9.7781 25.3145 7
      vertex 10 25.3 7
    endloop
  endfacet
  facet normal 0.0652057 0.997872 0
    outer loop
      vertex 9.7781 25.3145 7
      vertex 10 25.3 0
      vertex 9.7781 25.3145 0
    endloop
  endfacet
  facet normal -0.997872 -0.0652057 0
    outer loop
      vertex 11.7 37 0
      vertex 11.6855 37.2219 7
      vertex 11.6855 37.2219 0
    endloop
  endfacet
  facet normal -0.997872 -0.0652057 0
    outer loop
      vertex 11.6855 37.2219 7
      vertex 11.7 37 0
      vertex 11.7 37 7
    endloop
  endfacet
  facet normal -0.659268 0.751908 0
    outer loop
      vertex 11.2021 25.7979 0
      vertex 11.0349 25.6513 7
      vertex 11.2021 25.7979 7
    endloop
  endfacet
  facet normal -0.659268 0.751908 0
    outer loop
      vertex 11.0349 25.6513 7
      vertex 11.2021 25.7979 0
      vertex 11.0349 25.6513 0
    endloop
  endfacet
  facet normal 0.321525 0.946901 -0
    outer loop
      vertex 9.56001 25.3579 0
      vertex 9.34944 25.4294 7
      vertex 9.56001 25.3579 7
    endloop
  endfacet
  facet normal 0.321525 0.946901 0
    outer loop
      vertex 9.34944 25.4294 7
      vertex 9.56001 25.3579 0
      vertex 9.34944 25.4294 0
    endloop
  endfacet
  facet normal 0.555447 0.831552 -0
    outer loop
      vertex 9.15 25.5278 0
      vertex 8.96511 25.6513 7
      vertex 9.15 25.5278 7
    endloop
  endfacet
  facet normal 0.555447 0.831552 0
    outer loop
      vertex 8.96511 25.6513 7
      vertex 9.15 25.5278 0
      vertex 8.96511 25.6513 0
    endloop
  endfacet
  facet normal 1 -0 0
    outer loop
      vertex 8.3 27 7
      vertex 8.3 37 0
      vertex 8.3 37 7
    endloop
  endfacet
  facet normal 1 0 0
    outer loop
      vertex 8.3 37 0
      vertex 8.3 27 7
      vertex 8.3 27 0
    endloop
  endfacet
  facet normal 0.195173 -0.980769 0
    outer loop
      vertex 9.56001 38.6421 0
      vertex 9.7781 38.6855 7
      vertex 9.56001 38.6421 7
    endloop
  endfacet
  facet normal 0.195173 -0.980769 0
    outer loop
      vertex 9.7781 38.6855 7
      vertex 9.56001 38.6421 0
      vertex 9.7781 38.6855 0
    endloop
  endfacet
  facet normal -0.751908 -0.659268 0
    outer loop
      vertex 11.3487 38.0349 0
      vertex 11.2021 38.2021 7
      vertex 11.2021 38.2021 0
    endloop
  endfacet
  facet normal -0.751908 -0.659268 0
    outer loop
      vertex 11.2021 38.2021 7
      vertex 11.3487 38.0349 0
      vertex 11.3487 38.0349 7
    endloop
  endfacet
  facet normal -1 0 0
    outer loop
      vertex 11.7 27 0
      vertex 11.7 37 7
      vertex 11.7 37 0
    endloop
  endfacet
  facet normal -1 -0 0
    outer loop
      vertex 11.7 37 7
      vertex 11.7 27 0
      vertex 11.7 27 7
    endloop
  endfacet
  facet normal 0.442459 0.896789 -0
    outer loop
      vertex 9.34944 25.4294 0
      vertex 9.15 25.5278 7
      vertex 9.34944 25.4294 7
    endloop
  endfacet
  facet normal 0.442459 0.896789 0
    outer loop
      vertex 9.15 25.5278 7
      vertex 9.34944 25.4294 0
      vertex 9.15 25.5278 0
    endloop
  endfacet
  facet normal 0.946956 0.321363 0
    outer loop
      vertex 8.4294 26.3494 7
      vertex 8.35793 26.56 0
      vertex 8.35793 26.56 7
    endloop
  endfacet
  facet normal 0.946956 0.321363 0
    outer loop
      vertex 8.35793 26.56 0
      vertex 8.4294 26.3494 7
      vertex 8.4294 26.3494 0
    endloop
  endfacet
  facet normal 0.99786 0.0653848 0
    outer loop
      vertex 8.31454 26.7781 7
      vertex 8.3 27 0
      vertex 8.3 27 7
    endloop
  endfacet
  facet normal 0.99786 0.0653848 0
    outer loop
      vertex 8.3 27 0
      vertex 8.31454 26.7781 7
      vertex 8.31454 26.7781 0
    endloop
  endfacet
  facet normal 0.980779 0.195122 0
    outer loop
      vertex 8.35793 26.56 7
      vertex 8.31454 26.7781 0
      vertex 8.31454 26.7781 7
    endloop
  endfacet
  facet normal 0.980779 0.195122 0
    outer loop
      vertex 8.31454 26.7781 0
      vertex 8.35793 26.56 7
      vertex 8.35793 26.56 0
    endloop
  endfacet
  facet normal 0.99786 -0.0653848 0
    outer loop
      vertex 8.3 37 7
      vertex 8.31454 37.2219 0
      vertex 8.31454 37.2219 7
    endloop
  endfacet
  facet normal 0.99786 -0.0653848 0
    outer loop
      vertex 8.31454 37.2219 0
      vertex 8.3 37 7
      vertex 8.3 37 0
    endloop
  endfacet
  facet normal -0.195165 -0.98077 0
    outer loop
      vertex 10.2219 38.6855 0
      vertex 10.44 38.6421 7
      vertex 10.2219 38.6855 7
    endloop
  endfacet
  facet normal -0.195165 -0.98077 -0
    outer loop
      vertex 10.44 38.6421 7
      vertex 10.2219 38.6855 0
      vertex 10.44 38.6421 0
    endloop
  endfacet
  facet normal 0.751863 0.659319 0
    outer loop
      vertex 8.79792 25.7979 7
      vertex 8.6513 25.9651 0
      vertex 8.6513 25.9651 7
    endloop
  endfacet
  facet normal 0.751863 0.659319 0
    outer loop
      vertex 8.6513 25.9651 0
      vertex 8.79792 25.7979 7
      vertex 8.79792 25.7979 0
    endloop
  endfacet
  facet normal 0.659291 0.751888 -0
    outer loop
      vertex 8.96511 25.6513 0
      vertex 8.79792 25.7979 7
      vertex 8.96511 25.6513 7
    endloop
  endfacet
  facet normal 0.659291 0.751888 0
    outer loop
      vertex 8.79792 25.7979 7
      vertex 8.96511 25.6513 0
      vertex 8.79792 25.7979 0
    endloop
  endfacet
  facet normal 0.896825 0.442386 0
    outer loop
      vertex 8.52776 26.15 7
      vertex 8.4294 26.3494 0
      vertex 8.4294 26.3494 7
    endloop
  endfacet
  facet normal 0.896825 0.442386 0
    outer loop
      vertex 8.4294 26.3494 0
      vertex 8.52776 26.15 7
      vertex 8.52776 26.15 0
    endloop
  endfacet
  facet normal 0.831483 0.555551 0
    outer loop
      vertex 8.6513 25.9651 7
      vertex 8.52776 26.15 0
      vertex 8.52776 26.15 7
    endloop
  endfacet
  facet normal 0.831483 0.555551 0
    outer loop
      vertex 8.52776 26.15 0
      vertex 8.6513 25.9651 7
      vertex 8.6513 25.9651 0
    endloop
  endfacet
  facet normal 0.321525 -0.946901 0
    outer loop
      vertex 9.34944 38.5706 0
      vertex 9.56001 38.6421 7
      vertex 9.34944 38.5706 7
    endloop
  endfacet
  facet normal 0.321525 -0.946901 0
    outer loop
      vertex 9.56001 38.6421 7
      vertex 9.34944 38.5706 0
      vertex 9.56001 38.6421 0
    endloop
  endfacet
  facet normal 0.831483 -0.555551 0
    outer loop
      vertex 8.52776 37.85 7
      vertex 8.6513 38.0349 0
      vertex 8.6513 38.0349 7
    endloop
  endfacet
  facet normal 0.831483 -0.555551 0
    outer loop
      vertex 8.6513 38.0349 0
      vertex 8.52776 37.85 7
      vertex 8.52776 37.85 0
    endloop
  endfacet
  facet normal -0.321484 -0.946915 0
    outer loop
      vertex 10.44 38.6421 0
      vertex 10.6506 38.5706 7
      vertex 10.44 38.6421 7
    endloop
  endfacet
  facet normal -0.321484 -0.946915 -0
    outer loop
      vertex 10.6506 38.5706 7
      vertex 10.44 38.6421 0
      vertex 10.6506 38.5706 0
    endloop
  endfacet
  facet normal -0.659268 -0.751908 0
    outer loop
      vertex 11.0349 38.3487 0
      vertex 11.2021 38.2021 7
      vertex 11.0349 38.3487 7
    endloop
  endfacet
  facet normal -0.659268 -0.751908 -0
    outer loop
      vertex 11.2021 38.2021 7
      vertex 11.0349 38.3487 0
      vertex 11.2021 38.2021 0
    endloop
  endfacet
  facet normal -0.831566 -0.555426 0
    outer loop
      vertex 11.4722 37.85 0
      vertex 11.3487 38.0349 7
      vertex 11.3487 38.0349 0
    endloop
  endfacet
  facet normal -0.831566 -0.555426 0
    outer loop
      vertex 11.3487 38.0349 7
      vertex 11.4722 37.85 0
      vertex 11.4722 37.85 7
    endloop
  endfacet
  facet normal -0.896754 0.44253 0
    outer loop
      vertex 11.4722 26.15 0
      vertex 11.5706 26.3494 7
      vertex 11.5706 26.3494 0
    endloop
  endfacet
  facet normal -0.896754 0.44253 0
    outer loop
      vertex 11.5706 26.3494 7
      vertex 11.4722 26.15 0
      vertex 11.4722 26.15 7
    endloop
  endfacet
  facet normal -0.946915 0.321484 0
    outer loop
      vertex 11.5706 26.3494 0
      vertex 11.6421 26.56 7
      vertex 11.6421 26.56 0
    endloop
  endfacet
  facet normal -0.946915 0.321484 0
    outer loop
      vertex 11.6421 26.56 7
      vertex 11.5706 26.3494 0
      vertex 11.5706 26.3494 7
    endloop
  endfacet
  facet normal 0.0652057 -0.997872 0
    outer loop
      vertex 9.7781 38.6855 0
      vertex 10 38.7 7
      vertex 9.7781 38.6855 7
    endloop
  endfacet
  facet normal 0.0652057 -0.997872 0
    outer loop
      vertex 10 38.7 7
      vertex 9.7781 38.6855 0
      vertex 10 38.7 0
    endloop
  endfacet
  facet normal -0.0652057 -0.997872 0
    outer loop
      vertex 10 38.7 0
      vertex 10.2219 38.6855 7
      vertex 10 38.7 7
    endloop
  endfacet
  facet normal -0.0652057 -0.997872 -0
    outer loop
      vertex 10.2219 38.6855 7
      vertex 10 38.7 0
      vertex 10.2219 38.6855 0
    endloop
  endfacet
  facet normal 0.555447 -0.831552 0
    outer loop
      vertex 8.96511 38.3487 0
      vertex 9.15 38.4722 7
      vertex 8.96511 38.3487 7
    endloop
  endfacet
  facet normal 0.555447 -0.831552 0
    outer loop
      vertex 9.15 38.4722 7
      vertex 8.96511 38.3487 0
      vertex 9.15 38.4722 0
    endloop
  endfacet
  facet normal 0.980779 -0.195122 0
    outer loop
      vertex 8.31454 37.2219 7
      vertex 8.35793 37.44 0
      vertex 8.35793 37.44 7
    endloop
  endfacet
  facet normal 0.980779 -0.195122 0
    outer loop
      vertex 8.35793 37.44 0
      vertex 8.31454 37.2219 7
      vertex 8.31454 37.2219 0
    endloop
  endfacet
  facet normal 0.751863 -0.659319 0
    outer loop
      vertex 8.6513 38.0349 7
      vertex 8.79792 38.2021 0
      vertex 8.79792 38.2021 7
    endloop
  endfacet
  facet normal 0.751863 -0.659319 0
    outer loop
      vertex 8.79792 38.2021 0
      vertex 8.6513 38.0349 7
      vertex 8.6513 38.0349 0
    endloop
  endfacet
  facet normal 0.659291 -0.751888 0
    outer loop
      vertex 8.79792 38.2021 0
      vertex 8.96511 38.3487 7
      vertex 8.79792 38.2021 7
    endloop
  endfacet
  facet normal 0.659291 -0.751888 0
    outer loop
      vertex 8.96511 38.3487 7
      vertex 8.79792 38.2021 0
      vertex 8.96511 38.3487 0
    endloop
  endfacet
  facet normal -0.44253 -0.896754 0
    outer loop
      vertex 10.6506 38.5706 0
      vertex 10.85 38.4722 7
      vertex 10.6506 38.5706 7
    endloop
  endfacet
  facet normal -0.44253 -0.896754 -0
    outer loop
      vertex 10.85 38.4722 7
      vertex 10.6506 38.5706 0
      vertex 10.85 38.4722 0
    endloop
  endfacet
  facet normal -0.555426 -0.831566 0
    outer loop
      vertex 10.85 38.4722 0
      vertex 11.0349 38.3487 7
      vertex 10.85 38.4722 7
    endloop
  endfacet
  facet normal -0.555426 -0.831566 -0
    outer loop
      vertex 11.0349 38.3487 7
      vertex 10.85 38.4722 0
      vertex 11.0349 38.3487 0
    endloop
  endfacet
  facet normal -0.896754 -0.44253 0
    outer loop
      vertex 11.5706 37.6506 0
      vertex 11.4722 37.85 7
      vertex 11.4722 37.85 0
    endloop
  endfacet
  facet normal -0.896754 -0.44253 0
    outer loop
      vertex 11.4722 37.85 7
      vertex 11.5706 37.6506 0
      vertex 11.5706 37.6506 7
    endloop
  endfacet
  facet normal -0.946915 -0.321484 0
    outer loop
      vertex 11.6421 37.44 0
      vertex 11.5706 37.6506 7
      vertex 11.5706 37.6506 0
    endloop
  endfacet
  facet normal -0.946915 -0.321484 0
    outer loop
      vertex 11.5706 37.6506 7
      vertex 11.6421 37.44 0
      vertex 11.6421 37.44 7
    endloop
  endfacet
  facet normal -0.98077 -0.195165 0
    outer loop
      vertex 11.6855 37.2219 0
      vertex 11.6421 37.44 7
      vertex 11.6421 37.44 0
    endloop
  endfacet
  facet normal -0.98077 -0.195165 0
    outer loop
      vertex 11.6421 37.44 7
      vertex 11.6855 37.2219 0
      vertex 11.6855 37.2219 7
    endloop
  endfacet
  facet normal -0.751908 0.659268 0
    outer loop
      vertex 11.2021 25.7979 0
      vertex 11.3487 25.9651 7
      vertex 11.3487 25.9651 0
    endloop
  endfacet
  facet normal -0.751908 0.659268 0
    outer loop
      vertex 11.3487 25.9651 7
      vertex 11.2021 25.7979 0
      vertex 11.2021 25.7979 7
    endloop
  endfacet
  facet normal -0.98077 0.195165 0
    outer loop
      vertex 11.6421 26.56 0
      vertex 11.6855 26.7781 7
      vertex 11.6855 26.7781 0
    endloop
  endfacet
  facet normal -0.98077 0.195165 0
    outer loop
      vertex 11.6855 26.7781 7
      vertex 11.6421 26.56 0
      vertex 11.6421 26.56 7
    endloop
  endfacet
  facet normal -0.997872 0.0652057 0
    outer loop
      vertex 11.6855 26.7781 0
      vertex 11.7 27 7
      vertex 11.7 27 0
    endloop
  endfacet
  facet normal -0.997872 0.0652057 0
    outer loop
      vertex 11.7 27 7
      vertex 11.6855 26.7781 0
      vertex 11.6855 26.7781 7
    endloop
  endfacet
  facet normal 0.442459 -0.896789 0
    outer loop
      vertex 9.15 38.4722 0
      vertex 9.34944 38.5706 7
      vertex 9.15 38.4722 7
    endloop
  endfacet
  facet normal 0.442459 -0.896789 0
    outer loop
      vertex 9.34944 38.5706 7
      vertex 9.15 38.4722 0
      vertex 9.34944 38.5706 0
    endloop
  endfacet
  facet normal 0.946956 -0.321363 0
    outer loop
      vertex 8.35793 37.44 7
      vertex 8.4294 37.6506 0
      vertex 8.4294 37.6506 7
    endloop
  endfacet
  facet normal 0.946956 -0.321363 0
    outer loop
      vertex 8.4294 37.6506 0
      vertex 8.35793 37.44 7
      vertex 8.35793 37.44 0
    endloop
  endfacet
  facet normal 0.896825 -0.442386 0
    outer loop
      vertex 8.4294 37.6506 7
      vertex 8.52776 37.85 0
      vertex 8.52776 37.85 7
    endloop
  endfacet
  facet normal 0.896825 -0.442386 0
    outer loop
      vertex 8.52776 37.85 0
      vertex 8.4294 37.6506 7
      vertex 8.4294 37.6506 0
    endloop
  endfacet
  facet normal -0.44253 0.896754 0
    outer loop
      vertex 10.85 25.5278 0
      vertex 10.6506 25.4294 7
      vertex 10.85 25.5278 7
    endloop
  endfacet
  facet normal -0.44253 0.896754 0
    outer loop
      vertex 10.6506 25.4294 7
      vertex 10.85 25.5278 0
      vertex 10.6506 25.4294 0
    endloop
  endfacet
  facet normal -0.321484 0.946915 0
    outer loop
      vertex 10.6506 25.4294 0
      vertex 10.44 25.3579 7
      vertex 10.6506 25.4294 7
    endloop
  endfacet
  facet normal -0.321484 0.946915 0
    outer loop
      vertex 10.44 25.3579 7
      vertex 10.6506 25.4294 0
      vertex 10.44 25.3579 0
    endloop
  endfacet
  facet normal -0.831566 0.555426 0
    outer loop
      vertex 11.3487 25.9651 0
      vertex 11.4722 26.15 7
      vertex 11.4722 26.15 0
    endloop
  endfacet
  facet normal -0.831566 0.555426 0
    outer loop
      vertex 11.4722 26.15 7
      vertex 11.3487 25.9651 0
      vertex 11.3487 25.9651 7
    endloop
  endfacet
  facet normal -0.555426 0.831566 0
    outer loop
      vertex 11.0349 25.6513 0
      vertex 10.85 25.5278 7
      vertex 11.0349 25.6513 7
    endloop
  endfacet
  facet normal -0.555426 0.831566 0
    outer loop
      vertex 10.85 25.5278 7
      vertex 11.0349 25.6513 0
      vertex 10.85 25.5278 0
    endloop
  endfacet
  facet normal -0.195165 0.98077 0
    outer loop
      vertex 10.44 25.3579 0
      vertex 10.2219 25.3145 7
      vertex 10.44 25.3579 7
    endloop
  endfacet
  facet normal -0.195165 0.98077 0
    outer loop
      vertex 10.2219 25.3145 7
      vertex 10.44 25.3579 0
      vertex 10.2219 25.3145 0
    endloop
  endfacet
  facet normal -0.0652057 0.997872 0
    outer loop
      vertex 10.2219 25.3145 0
      vertex 10 25.3 7
      vertex 10.2219 25.3145 7
    endloop
  endfacet
  facet normal -0.0652057 0.997872 0
    outer loop
      vertex 10 25.3 7
      vertex 10.2219 25.3145 0
      vertex 10 25.3 0
    endloop
  endfacet
  facet normal 0.193442 0.981112 -0
    outer loop
      vertex 9.7781 131.315 0
      vertex 9.56001 131.358 7
      vertex 9.7781 131.315 7
    endloop
  endfacet
  facet normal 0.193442 0.981112 0
    outer loop
      vertex 9.56001 131.358 7
      vertex 9.7781 131.315 0
      vertex 9.56001 131.358 0
    endloop
  endfacet
  facet normal 0.0674441 0.997723 -0
    outer loop
      vertex 10 131.3 0
      vertex 9.7781 131.315 7
      vertex 10 131.3 7
    endloop
  endfacet
  facet normal 0.0674441 0.997723 0
    outer loop
      vertex 9.7781 131.315 7
      vertex 10 131.3 0
      vertex 9.7781 131.315 0
    endloop
  endfacet
  facet normal 0.997862 0.0653555 0
    outer loop
      vertex 8.31454 132.778 7
      vertex 8.3 133 0
      vertex 8.3 133 7
    endloop
  endfacet
  facet normal 0.997862 0.0653555 0
    outer loop
      vertex 8.3 133 0
      vertex 8.31454 132.778 7
      vertex 8.31454 132.778 0
    endloop
  endfacet
  facet normal 0.751472 0.659765 0
    outer loop
      vertex 8.79792 131.798 7
      vertex 8.6513 131.965 0
      vertex 8.6513 131.965 7
    endloop
  endfacet
  facet normal 0.751472 0.659765 0
    outer loop
      vertex 8.6513 131.965 0
      vertex 8.79792 131.798 7
      vertex 8.79792 131.798 0
    endloop
  endfacet
  facet normal 0.444625 0.895717 -0
    outer loop
      vertex 9.34944 131.429 0
      vertex 9.15 131.528 7
      vertex 9.34944 131.429 7
    endloop
  endfacet
  facet normal 0.444625 0.895717 0
    outer loop
      vertex 9.15 131.528 7
      vertex 9.34944 131.429 0
      vertex 9.15 131.528 0
    endloop
  endfacet
  facet normal 0.980762 -0.195208 0
    outer loop
      vertex 8.31454 143.222 7
      vertex 8.35793 143.44 0
      vertex 8.35793 143.44 7
    endloop
  endfacet
  facet normal 0.980762 -0.195208 0
    outer loop
      vertex 8.35793 143.44 0
      vertex 8.31454 143.222 7
      vertex 8.31454 143.222 0
    endloop
  endfacet
  facet normal 0.319506 0.947584 -0
    outer loop
      vertex 9.56001 131.358 0
      vertex 9.34944 131.429 7
      vertex 9.56001 131.358 7
    endloop
  endfacet
  facet normal 0.319506 0.947584 0
    outer loop
      vertex 9.34944 131.429 7
      vertex 9.56001 131.358 0
      vertex 9.34944 131.429 0
    endloop
  endfacet
  facet normal 0.980762 0.195208 0
    outer loop
      vertex 8.35793 132.56 7
      vertex 8.31454 132.778 0
      vertex 8.31454 132.778 7
    endloop
  endfacet
  facet normal 0.980762 0.195208 0
    outer loop
      vertex 8.31454 132.778 0
      vertex 8.35793 132.56 7
      vertex 8.35793 132.56 0
    endloop
  endfacet
  facet normal -0.997874 -0.0651764 0
    outer loop
      vertex 11.7 143 0
      vertex 11.6855 143.222 7
      vertex 11.6855 143.222 0
    endloop
  endfacet
  facet normal -0.997874 -0.0651764 0
    outer loop
      vertex 11.6855 143.222 7
      vertex 11.7 143 0
      vertex 11.7 143 7
    endloop
  endfacet
  facet normal -0.947101 0.320937 0
    outer loop
      vertex 11.5706 132.349 0
      vertex 11.6421 132.56 7
      vertex 11.6421 132.56 0
    endloop
  endfacet
  facet normal -0.947101 0.320937 0
    outer loop
      vertex 11.6421 132.56 7
      vertex 11.5706 132.349 0
      vertex 11.5706 132.349 7
    endloop
  endfacet
  facet normal -1 0 0
    outer loop
      vertex 11.7 133 0
      vertex 11.7 143 7
      vertex 11.7 143 0
    endloop
  endfacet
  facet normal -1 -0 0
    outer loop
      vertex 11.7 143 7
      vertex 11.7 133 0
      vertex 11.7 133 7
    endloop
  endfacet
  facet normal -0.193434 -0.981113 0
    outer loop
      vertex 10.2219 144.685 0
      vertex 10.44 144.642 7
      vertex 10.2219 144.685 7
    endloop
  endfacet
  facet normal -0.193434 -0.981113 -0
    outer loop
      vertex 10.44 144.642 7
      vertex 10.2219 144.685 0
      vertex 10.44 144.642 0
    endloop
  endfacet
  facet normal 0.553889 0.83259 -0
    outer loop
      vertex 9.15 131.528 0
      vertex 8.96511 131.651 7
      vertex 9.15 131.528 7
    endloop
  endfacet
  facet normal 0.553889 0.83259 0
    outer loop
      vertex 8.96511 131.651 7
      vertex 9.15 131.528 0
      vertex 8.96511 131.651 0
    endloop
  endfacet
  facet normal 1 -0 0
    outer loop
      vertex 8.3 133 7
      vertex 8.3 143 0
      vertex 8.3 143 7
    endloop
  endfacet
  facet normal 1 0 0
    outer loop
      vertex 8.3 143 0
      vertex 8.3 133 7
      vertex 8.3 133 0
    endloop
  endfacet
  facet normal 0.997862 -0.0653555 0
    outer loop
      vertex 8.3 143 7
      vertex 8.31454 143.222 0
      vertex 8.31454 143.222 7
    endloop
  endfacet
  facet normal 0.997862 -0.0653555 0
    outer loop
      vertex 8.31454 143.222 0
      vertex 8.3 143 7
      vertex 8.3 143 0
    endloop
  endfacet
  facet normal 0.831621 -0.555343 0
    outer loop
      vertex 8.52776 143.85 7
      vertex 8.6513 144.035 0
      vertex 8.6513 144.035 7
    endloop
  endfacet
  facet normal 0.831621 -0.555343 0
    outer loop
      vertex 8.6513 144.035 0
      vertex 8.52776 143.85 7
      vertex 8.52776 143.85 0
    endloop
  endfacet
  facet normal 0.896472 -0.4431 0
    outer loop
      vertex 8.4294 143.651 7
      vertex 8.52776 143.85 0
      vertex 8.52776 143.85 7
    endloop
  endfacet
  facet normal 0.896472 -0.4431 0
    outer loop
      vertex 8.52776 143.85 0
      vertex 8.4294 143.651 7
      vertex 8.4294 143.651 0
    endloop
  endfacet
  facet normal -0.660284 -0.751016 0
    outer loop
      vertex 11.0349 144.349 0
      vertex 11.2021 144.202 7
      vertex 11.0349 144.349 7
    endloop
  endfacet
  facet normal -0.660284 -0.751016 -0
    outer loop
      vertex 11.2021 144.202 7
      vertex 11.0349 144.349 0
      vertex 11.2021 144.202 0
    endloop
  endfacet
  facet normal -0.980753 0.195251 0
    outer loop
      vertex 11.6421 132.56 0
      vertex 11.6855 132.778 7
      vertex 11.6855 132.778 0
    endloop
  endfacet
  facet normal -0.980753 0.195251 0
    outer loop
      vertex 11.6855 132.778 7
      vertex 11.6421 132.56 0
      vertex 11.6421 132.56 7
    endloop
  endfacet
  facet normal -0.0674441 -0.997723 0
    outer loop
      vertex 10 144.7 0
      vertex 10.2219 144.685 7
      vertex 10 144.7 7
    endloop
  endfacet
  facet normal -0.0674441 -0.997723 -0
    outer loop
      vertex 10.2219 144.685 7
      vertex 10 144.7 0
      vertex 10.2219 144.685 0
    endloop
  endfacet
  facet normal 0.947141 0.320816 0
    outer loop
      vertex 8.4294 132.349 7
      vertex 8.35793 132.56 0
      vertex 8.35793 132.56 7
    endloop
  endfacet
  facet normal 0.947141 0.320816 0
    outer loop
      vertex 8.35793 132.56 0
      vertex 8.4294 132.349 7
      vertex 8.4294 132.349 0
    endloop
  endfacet
  facet normal 0.319506 -0.947584 0
    outer loop
      vertex 9.34944 144.571 0
      vertex 9.56001 144.642 7
      vertex 9.34944 144.571 7
    endloop
  endfacet
  facet normal 0.319506 -0.947584 0
    outer loop
      vertex 9.56001 144.642 7
      vertex 9.34944 144.571 0
      vertex 9.56001 144.642 0
    endloop
  endfacet
  facet normal 0.660306 -0.750997 0
    outer loop
      vertex 8.79792 144.202 0
      vertex 8.96511 144.349 7
      vertex 8.79792 144.202 7
    endloop
  endfacet
  facet normal 0.660306 -0.750997 0
    outer loop
      vertex 8.96511 144.349 7
      vertex 8.79792 144.202 0
      vertex 8.96511 144.349 0
    endloop
  endfacet
  facet normal 0.751472 -0.659765 0
    outer loop
      vertex 8.6513 144.035 7
      vertex 8.79792 144.202 0
      vertex 8.79792 144.202 7
    endloop
  endfacet
  facet normal 0.751472 -0.659765 0
    outer loop
      vertex 8.79792 144.202 0
      vertex 8.6513 144.035 7
      vertex 8.6513 144.035 0
    endloop
  endfacet
  facet normal 0.947141 -0.320816 0
    outer loop
      vertex 8.35793 143.44 7
      vertex 8.4294 143.651 0
      vertex 8.4294 143.651 7
    endloop
  endfacet
  facet normal 0.947141 -0.320816 0
    outer loop
      vertex 8.4294 143.651 0
      vertex 8.35793 143.44 7
      vertex 8.35793 143.44 0
    endloop
  endfacet
  facet normal -0.319466 -0.947598 0
    outer loop
      vertex 10.44 144.642 0
      vertex 10.6506 144.571 7
      vertex 10.44 144.642 7
    endloop
  endfacet
  facet normal -0.319466 -0.947598 -0
    outer loop
      vertex 10.6506 144.571 7
      vertex 10.44 144.642 0
      vertex 10.6506 144.571 0
    endloop
  endfacet
  facet normal -0.980753 -0.195251 0
    outer loop
      vertex 11.6855 143.222 0
      vertex 11.6421 143.44 7
      vertex 11.6421 143.44 0
    endloop
  endfacet
  facet normal -0.980753 -0.195251 0
    outer loop
      vertex 11.6421 143.44 7
      vertex 11.6855 143.222 0
      vertex 11.6855 143.222 7
    endloop
  endfacet
  facet normal -0.8964 -0.443245 0
    outer loop
      vertex 11.5706 143.651 0
      vertex 11.4722 143.85 7
      vertex 11.4722 143.85 0
    endloop
  endfacet
  facet normal -0.8964 -0.443245 0
    outer loop
      vertex 11.4722 143.85 7
      vertex 11.5706 143.651 0
      vertex 11.5706 143.651 7
    endloop
  endfacet
  facet normal -0.8964 0.443245 0
    outer loop
      vertex 11.4722 132.15 0
      vertex 11.5706 132.349 7
      vertex 11.5706 132.349 0
    endloop
  endfacet
  facet normal -0.8964 0.443245 0
    outer loop
      vertex 11.5706 132.349 7
      vertex 11.4722 132.15 0
      vertex 11.4722 132.15 7
    endloop
  endfacet
  facet normal 0.193442 -0.981112 0
    outer loop
      vertex 9.56001 144.642 0
      vertex 9.7781 144.685 7
      vertex 9.56001 144.642 7
    endloop
  endfacet
  facet normal 0.193442 -0.981112 0
    outer loop
      vertex 9.7781 144.685 7
      vertex 9.56001 144.642 0
      vertex 9.7781 144.685 0
    endloop
  endfacet
  facet normal 0.0674441 -0.997723 0
    outer loop
      vertex 9.7781 144.685 0
      vertex 10 144.7 7
      vertex 9.7781 144.685 7
    endloop
  endfacet
  facet normal 0.0674441 -0.997723 0
    outer loop
      vertex 10 144.7 7
      vertex 9.7781 144.685 0
      vertex 10 144.7 0
    endloop
  endfacet
  facet normal 0.660306 0.750997 -0
    outer loop
      vertex 8.96511 131.651 0
      vertex 8.79792 131.798 7
      vertex 8.96511 131.651 7
    endloop
  endfacet
  facet normal 0.660306 0.750997 0
    outer loop
      vertex 8.79792 131.798 7
      vertex 8.96511 131.651 0
      vertex 8.79792 131.798 0
    endloop
  endfacet
  facet normal 0.831621 0.555343 0
    outer loop
      vertex 8.6513 131.965 7
      vertex 8.52776 132.15 0
      vertex 8.52776 132.15 7
    endloop
  endfacet
  facet normal 0.831621 0.555343 0
    outer loop
      vertex 8.52776 132.15 0
      vertex 8.6513 131.965 7
      vertex 8.6513 131.965 0
    endloop
  endfacet
  facet normal 0.896472 0.4431 0
    outer loop
      vertex 8.52776 132.15 7
      vertex 8.4294 132.349 0
      vertex 8.4294 132.349 7
    endloop
  endfacet
  facet normal 0.896472 0.4431 0
    outer loop
      vertex 8.4294 132.349 0
      vertex 8.52776 132.15 7
      vertex 8.52776 132.15 0
    endloop
  endfacet
  facet normal 0.553889 -0.83259 0
    outer loop
      vertex 8.96511 144.349 0
      vertex 9.15 144.472 7
      vertex 8.96511 144.349 7
    endloop
  endfacet
  facet normal 0.553889 -0.83259 0
    outer loop
      vertex 9.15 144.472 7
      vertex 8.96511 144.349 0
      vertex 9.15 144.472 0
    endloop
  endfacet
  facet normal 0.444625 -0.895717 0
    outer loop
      vertex 9.15 144.472 0
      vertex 9.34944 144.571 7
      vertex 9.15 144.472 7
    endloop
  endfacet
  facet normal 0.444625 -0.895717 0
    outer loop
      vertex 9.34944 144.571 7
      vertex 9.15 144.472 0
      vertex 9.34944 144.571 0
    endloop
  endfacet
  facet normal -0.444696 -0.895681 0
    outer loop
      vertex 10.6506 144.571 0
      vertex 10.85 144.472 7
      vertex 10.6506 144.571 7
    endloop
  endfacet
  facet normal -0.444696 -0.895681 -0
    outer loop
      vertex 10.85 144.472 7
      vertex 10.6506 144.571 0
      vertex 10.85 144.472 0
    endloop
  endfacet
  facet normal -0.553869 -0.832604 0
    outer loop
      vertex 10.85 144.472 0
      vertex 11.0349 144.349 7
      vertex 10.85 144.472 7
    endloop
  endfacet
  facet normal -0.553869 -0.832604 -0
    outer loop
      vertex 11.0349 144.349 7
      vertex 10.85 144.472 0
      vertex 11.0349 144.349 0
    endloop
  endfacet
  facet normal -0.947101 -0.320937 0
    outer loop
      vertex 11.6421 143.44 0
      vertex 11.5706 143.651 7
      vertex 11.5706 143.651 0
    endloop
  endfacet
  facet normal -0.947101 -0.320937 0
    outer loop
      vertex 11.5706 143.651 7
      vertex 11.6421 143.44 0
      vertex 11.6421 143.44 7
    endloop
  endfacet
  facet normal -0.831704 -0.555219 0
    outer loop
      vertex 11.4722 143.85 0
      vertex 11.3487 144.035 7
      vertex 11.3487 144.035 0
    endloop
  endfacet
  facet normal -0.831704 -0.555219 0
    outer loop
      vertex 11.3487 144.035 7
      vertex 11.4722 143.85 0
      vertex 11.4722 143.85 7
    endloop
  endfacet
  facet normal -0.751516 -0.659714 0
    outer loop
      vertex 11.3487 144.035 0
      vertex 11.2021 144.202 7
      vertex 11.2021 144.202 0
    endloop
  endfacet
  facet normal -0.751516 -0.659714 0
    outer loop
      vertex 11.2021 144.202 7
      vertex 11.3487 144.035 0
      vertex 11.3487 144.035 7
    endloop
  endfacet
  facet normal -0.997874 0.0651764 0
    outer loop
      vertex 11.6855 132.778 0
      vertex 11.7 133 7
      vertex 11.7 133 0
    endloop
  endfacet
  facet normal -0.997874 0.0651764 0
    outer loop
      vertex 11.7 133 7
      vertex 11.6855 132.778 0
      vertex 11.6855 132.778 7
    endloop
  endfacet
  facet normal -0.831704 0.555219 0
    outer loop
      vertex 11.3487 131.965 0
      vertex 11.4722 132.15 7
      vertex 11.4722 132.15 0
    endloop
  endfacet
  facet normal -0.831704 0.555219 0
    outer loop
      vertex 11.4722 132.15 7
      vertex 11.3487 131.965 0
      vertex 11.3487 131.965 7
    endloop
  endfacet
  facet normal -0.444696 0.895681 0
    outer loop
      vertex 10.85 131.528 0
      vertex 10.6506 131.429 7
      vertex 10.85 131.528 7
    endloop
  endfacet
  facet normal -0.444696 0.895681 0
    outer loop
      vertex 10.6506 131.429 7
      vertex 10.85 131.528 0
      vertex 10.6506 131.429 0
    endloop
  endfacet
  facet normal -0.751516 0.659714 0
    outer loop
      vertex 11.2021 131.798 0
      vertex 11.3487 131.965 7
      vertex 11.3487 131.965 0
    endloop
  endfacet
  facet normal -0.751516 0.659714 0
    outer loop
      vertex 11.3487 131.965 7
      vertex 11.2021 131.798 0
      vertex 11.2021 131.798 7
    endloop
  endfacet
  facet normal -0.0674441 0.997723 0
    outer loop
      vertex 10.2219 131.315 0
      vertex 10 131.3 7
      vertex 10.2219 131.315 7
    endloop
  endfacet
  facet normal -0.0674441 0.997723 0
    outer loop
      vertex 10 131.3 7
      vertex 10.2219 131.315 0
      vertex 10 131.3 0
    endloop
  endfacet
  facet normal -0.319466 0.947598 0
    outer loop
      vertex 10.6506 131.429 0
      vertex 10.44 131.358 7
      vertex 10.6506 131.429 7
    endloop
  endfacet
  facet normal -0.319466 0.947598 0
    outer loop
      vertex 10.44 131.358 7
      vertex 10.6506 131.429 0
      vertex 10.44 131.358 0
    endloop
  endfacet
  facet normal -0.660284 0.751016 0
    outer loop
      vertex 11.2021 131.798 0
      vertex 11.0349 131.651 7
      vertex 11.2021 131.798 7
    endloop
  endfacet
  facet normal -0.660284 0.751016 0
    outer loop
      vertex 11.0349 131.651 7
      vertex 11.2021 131.798 0
      vertex 11.0349 131.651 0
    endloop
  endfacet
  facet normal -0.193434 0.981113 0
    outer loop
      vertex 10.44 131.358 0
      vertex 10.2219 131.315 7
      vertex 10.44 131.358 7
    endloop
  endfacet
  facet normal -0.193434 0.981113 0
    outer loop
      vertex 10.2219 131.315 7
      vertex 10.44 131.358 0
      vertex 10.2219 131.315 0
    endloop
  endfacet
  facet normal -0.553869 0.832604 0
    outer loop
      vertex 11.0349 131.651 0
      vertex 10.85 131.528 7
      vertex 11.0349 131.651 7
    endloop
  endfacet
  facet normal -0.553869 0.832604 0
    outer loop
      vertex 10.85 131.528 7
      vertex 11.0349 131.651 0
      vertex 10.85 131.528 0
    endloop
  endfacet
  facet normal 0.195251 0.980753 -0
    outer loop
      vertex 159.778 25.3145 0
      vertex 159.56 25.3579 7
      vertex 159.778 25.3145 7
    endloop
  endfacet
  facet normal 0.195251 0.980753 0
    outer loop
      vertex 159.56 25.3579 7
      vertex 159.778 25.3145 0
      vertex 159.56 25.3579 0
    endloop
  endfacet
  facet normal 0.0651764 0.997874 -0
    outer loop
      vertex 160 25.3 0
      vertex 159.778 25.3145 7
      vertex 160 25.3 7
    endloop
  endfacet
  facet normal 0.0651764 0.997874 0
    outer loop
      vertex 159.778 25.3145 7
      vertex 160 25.3 0
      vertex 159.778 25.3145 0
    endloop
  endfacet
  facet normal -0.997723 -0.0674441 0
    outer loop
      vertex 161.7 37 0
      vertex 161.685 37.2219 7
      vertex 161.685 37.2219 0
    endloop
  endfacet
  facet normal -0.997723 -0.0674441 0
    outer loop
      vertex 161.685 37.2219 7
      vertex 161.7 37 0
      vertex 161.7 37 7
    endloop
  endfacet
  facet normal -0.659714 0.751516 0
    outer loop
      vertex 161.202 25.7979 0
      vertex 161.035 25.6513 7
      vertex 161.202 25.7979 7
    endloop
  endfacet
  facet normal -0.659714 0.751516 0
    outer loop
      vertex 161.035 25.6513 7
      vertex 161.202 25.7979 0
      vertex 161.035 25.6513 0
    endloop
  endfacet
  facet normal 0.320937 0.947101 -0
    outer loop
      vertex 159.56 25.3579 0
      vertex 159.349 25.4294 7
      vertex 159.56 25.3579 7
    endloop
  endfacet
  facet normal 0.320937 0.947101 0
    outer loop
      vertex 159.349 25.4294 7
      vertex 159.56 25.3579 0
      vertex 159.349 25.4294 0
    endloop
  endfacet
  facet normal 0.555219 0.831704 -0
    outer loop
      vertex 159.15 25.5278 0
      vertex 158.965 25.6513 7
      vertex 159.15 25.5278 7
    endloop
  endfacet
  facet normal 0.555219 0.831704 0
    outer loop
      vertex 158.965 25.6513 7
      vertex 159.15 25.5278 0
      vertex 158.965 25.6513 0
    endloop
  endfacet
  facet normal 1 -0 0
    outer loop
      vertex 158.3 27 7
      vertex 158.3 37 0
      vertex 158.3 37 7
    endloop
  endfacet
  facet normal 1 0 0
    outer loop
      vertex 158.3 37 0
      vertex 158.3 27 7
      vertex 158.3 27 0
    endloop
  endfacet
  facet normal 0.195251 -0.980753 0
    outer loop
      vertex 159.56 38.6421 0
      vertex 159.778 38.6855 7
      vertex 159.56 38.6421 7
    endloop
  endfacet
  facet normal 0.195251 -0.980753 0
    outer loop
      vertex 159.778 38.6855 7
      vertex 159.56 38.6421 0
      vertex 159.778 38.6855 0
    endloop
  endfacet
  facet normal -0.751016 -0.660284 0
    outer loop
      vertex 161.349 38.0349 0
      vertex 161.202 38.2021 7
      vertex 161.202 38.2021 0
    endloop
  endfacet
  facet normal -0.751016 -0.660284 0
    outer loop
      vertex 161.202 38.2021 7
      vertex 161.349 38.0349 0
      vertex 161.349 38.0349 7
    endloop
  endfacet
  facet normal -1 0 0
    outer loop
      vertex 161.7 27 0
      vertex 161.7 37 7
      vertex 161.7 37 0
    endloop
  endfacet
  facet normal -1 -0 0
    outer loop
      vertex 161.7 37 7
      vertex 161.7 27 0
      vertex 161.7 27 7
    endloop
  endfacet
  facet normal 0.443245 0.8964 -0
    outer loop
      vertex 159.349 25.4294 0
      vertex 159.15 25.5278 7
      vertex 159.349 25.4294 7
    endloop
  endfacet
  facet normal 0.443245 0.8964 0
    outer loop
      vertex 159.15 25.5278 7
      vertex 159.349 25.4294 0
      vertex 159.15 25.5278 0
    endloop
  endfacet
  facet normal 0.947598 0.319466 0
    outer loop
      vertex 158.429 26.3494 7
      vertex 158.358 26.56 0
      vertex 158.358 26.56 7
    endloop
  endfacet
  facet normal 0.947598 0.319466 0
    outer loop
      vertex 158.358 26.56 0
      vertex 158.429 26.3494 7
      vertex 158.429 26.3494 0
    endloop
  endfacet
  facet normal 0.997723 0.0674441 0
    outer loop
      vertex 158.315 26.7781 7
      vertex 158.3 27 0
      vertex 158.3 27 7
    endloop
  endfacet
  facet normal 0.997723 0.0674441 0
    outer loop
      vertex 158.3 27 0
      vertex 158.315 26.7781 7
      vertex 158.315 26.7781 0
    endloop
  endfacet
  facet normal 0.981113 0.193434 0
    outer loop
      vertex 158.358 26.56 7
      vertex 158.315 26.7781 0
      vertex 158.315 26.7781 7
    endloop
  endfacet
  facet normal 0.981113 0.193434 0
    outer loop
      vertex 158.315 26.7781 0
      vertex 158.358 26.56 7
      vertex 158.358 26.56 0
    endloop
  endfacet
  facet normal 0.997723 -0.0674441 0
    outer loop
      vertex 158.3 37 7
      vertex 158.315 37.2219 0
      vertex 158.315 37.2219 7
    endloop
  endfacet
  facet normal 0.997723 -0.0674441 0
    outer loop
      vertex 158.315 37.2219 0
      vertex 158.3 37 7
      vertex 158.3 37 0
    endloop
  endfacet
  facet normal 0.751016 0.660284 0
    outer loop
      vertex 158.798 25.7979 7
      vertex 158.651 25.9651 0
      vertex 158.651 25.9651 7
    endloop
  endfacet
  facet normal 0.751016 0.660284 0
    outer loop
      vertex 158.651 25.9651 0
      vertex 158.798 25.7979 7
      vertex 158.798 25.7979 0
    endloop
  endfacet
  facet normal 0.659714 0.751516 -0
    outer loop
      vertex 158.965 25.6513 0
      vertex 158.798 25.7979 7
      vertex 158.965 25.6513 7
    endloop
  endfacet
  facet normal 0.659714 0.751516 0
    outer loop
      vertex 158.798 25.7979 7
      vertex 158.965 25.6513 0
      vertex 158.798 25.7979 0
    endloop
  endfacet
  facet normal 0.895681 0.444696 0
    outer loop
      vertex 158.528 26.15 7
      vertex 158.429 26.3494 0
      vertex 158.429 26.3494 7
    endloop
  endfacet
  facet normal 0.895681 0.444696 0
    outer loop
      vertex 158.429 26.3494 0
      vertex 158.528 26.15 7
      vertex 158.528 26.15 0
    endloop
  endfacet
  facet normal 0.832604 0.553869 0
    outer loop
      vertex 158.651 25.9651 7
      vertex 158.528 26.15 0
      vertex 158.528 26.15 7
    endloop
  endfacet
  facet normal 0.832604 0.553869 0
    outer loop
      vertex 158.528 26.15 0
      vertex 158.651 25.9651 7
      vertex 158.651 25.9651 0
    endloop
  endfacet
  facet normal 0.320937 -0.947101 0
    outer loop
      vertex 159.349 38.5706 0
      vertex 159.56 38.6421 7
      vertex 159.349 38.5706 7
    endloop
  endfacet
  facet normal 0.320937 -0.947101 0
    outer loop
      vertex 159.56 38.6421 7
      vertex 159.349 38.5706 0
      vertex 159.56 38.6421 0
    endloop
  endfacet
  facet normal 0.832604 -0.553869 0
    outer loop
      vertex 158.528 37.85 7
      vertex 158.651 38.0349 0
      vertex 158.651 38.0349 7
    endloop
  endfacet
  facet normal 0.832604 -0.553869 0
    outer loop
      vertex 158.651 38.0349 0
      vertex 158.528 37.85 7
      vertex 158.528 37.85 0
    endloop
  endfacet
  facet normal -0.320937 -0.947101 0
    outer loop
      vertex 160.44 38.6421 0
      vertex 160.651 38.5706 7
      vertex 160.44 38.6421 7
    endloop
  endfacet
  facet normal -0.320937 -0.947101 -0
    outer loop
      vertex 160.651 38.5706 7
      vertex 160.44 38.6421 0
      vertex 160.651 38.5706 0
    endloop
  endfacet
  facet normal -0.659714 -0.751516 0
    outer loop
      vertex 161.035 38.3487 0
      vertex 161.202 38.2021 7
      vertex 161.035 38.3487 7
    endloop
  endfacet
  facet normal -0.659714 -0.751516 -0
    outer loop
      vertex 161.202 38.2021 7
      vertex 161.035 38.3487 0
      vertex 161.202 38.2021 0
    endloop
  endfacet
  facet normal -0.832604 -0.553869 0
    outer loop
      vertex 161.472 37.85 0
      vertex 161.349 38.0349 7
      vertex 161.349 38.0349 0
    endloop
  endfacet
  facet normal -0.832604 -0.553869 0
    outer loop
      vertex 161.349 38.0349 7
      vertex 161.472 37.85 0
      vertex 161.472 37.85 7
    endloop
  endfacet
  facet normal -0.947598 0.319466 0
    outer loop
      vertex 161.571 26.3494 0
      vertex 161.642 26.56 7
      vertex 161.642 26.56 0
    endloop
  endfacet
  facet normal -0.947598 0.319466 0
    outer loop
      vertex 161.642 26.56 7
      vertex 161.571 26.3494 0
      vertex 161.571 26.3494 7
    endloop
  endfacet
  facet normal 0.0651764 -0.997874 0
    outer loop
      vertex 159.778 38.6855 0
      vertex 160 38.7 7
      vertex 159.778 38.6855 7
    endloop
  endfacet
  facet normal 0.0651764 -0.997874 0
    outer loop
      vertex 160 38.7 7
      vertex 159.778 38.6855 0
      vertex 160 38.7 0
    endloop
  endfacet
  facet normal -0.0651764 -0.997874 0
    outer loop
      vertex 160 38.7 0
      vertex 160.222 38.6855 7
      vertex 160 38.7 7
    endloop
  endfacet
  facet normal -0.0651764 -0.997874 -0
    outer loop
      vertex 160.222 38.6855 7
      vertex 160 38.7 0
      vertex 160.222 38.6855 0
    endloop
  endfacet
  facet normal -0.195251 -0.980753 0
    outer loop
      vertex 160.222 38.6855 0
      vertex 160.44 38.6421 7
      vertex 160.222 38.6855 7
    endloop
  endfacet
  facet normal -0.195251 -0.980753 -0
    outer loop
      vertex 160.44 38.6421 7
      vertex 160.222 38.6855 0
      vertex 160.44 38.6421 0
    endloop
  endfacet
  facet normal 0.555219 -0.831704 0
    outer loop
      vertex 158.965 38.3487 0
      vertex 159.15 38.4722 7
      vertex 158.965 38.3487 7
    endloop
  endfacet
  facet normal 0.555219 -0.831704 0
    outer loop
      vertex 159.15 38.4722 7
      vertex 158.965 38.3487 0
      vertex 159.15 38.4722 0
    endloop
  endfacet
  facet normal 0.981113 -0.193434 0
    outer loop
      vertex 158.315 37.2219 7
      vertex 158.358 37.44 0
      vertex 158.358 37.44 7
    endloop
  endfacet
  facet normal 0.981113 -0.193434 0
    outer loop
      vertex 158.358 37.44 0
      vertex 158.315 37.2219 7
      vertex 158.315 37.2219 0
    endloop
  endfacet
  facet normal 0.751016 -0.660284 0
    outer loop
      vertex 158.651 38.0349 7
      vertex 158.798 38.2021 0
      vertex 158.798 38.2021 7
    endloop
  endfacet
  facet normal 0.751016 -0.660284 0
    outer loop
      vertex 158.798 38.2021 0
      vertex 158.651 38.0349 7
      vertex 158.651 38.0349 0
    endloop
  endfacet
  facet normal 0.659714 -0.751516 0
    outer loop
      vertex 158.798 38.2021 0
      vertex 158.965 38.3487 7
      vertex 158.798 38.2021 7
    endloop
  endfacet
  facet normal 0.659714 -0.751516 0
    outer loop
      vertex 158.965 38.3487 7
      vertex 158.798 38.2021 0
      vertex 158.965 38.3487 0
    endloop
  endfacet
  facet normal -0.443245 -0.8964 0
    outer loop
      vertex 160.651 38.5706 0
      vertex 160.85 38.4722 7
      vertex 160.651 38.5706 7
    endloop
  endfacet
  facet normal -0.443245 -0.8964 -0
    outer loop
      vertex 160.85 38.4722 7
      vertex 160.651 38.5706 0
      vertex 160.85 38.4722 0
    endloop
  endfacet
  facet normal -0.555219 -0.831704 0
    outer loop
      vertex 160.85 38.4722 0
      vertex 161.035 38.3487 7
      vertex 160.85 38.4722 7
    endloop
  endfacet
  facet normal -0.555219 -0.831704 -0
    outer loop
      vertex 161.035 38.3487 7
      vertex 160.85 38.4722 0
      vertex 161.035 38.3487 0
    endloop
  endfacet
  facet normal -0.895681 -0.444696 0
    outer loop
      vertex 161.571 37.6506 0
      vertex 161.472 37.85 7
      vertex 161.472 37.85 0
    endloop
  endfacet
  facet normal -0.895681 -0.444696 0
    outer loop
      vertex 161.472 37.85 7
      vertex 161.571 37.6506 0
      vertex 161.571 37.6506 7
    endloop
  endfacet
  facet normal -0.947598 -0.319466 0
    outer loop
      vertex 161.642 37.44 0
      vertex 161.571 37.6506 7
      vertex 161.571 37.6506 0
    endloop
  endfacet
  facet normal -0.947598 -0.319466 0
    outer loop
      vertex 161.571 37.6506 7
      vertex 161.642 37.44 0
      vertex 161.642 37.44 7
    endloop
  endfacet
  facet normal -0.981113 -0.193434 0
    outer loop
      vertex 161.685 37.2219 0
      vertex 161.642 37.44 7
      vertex 161.642 37.44 0
    endloop
  endfacet
  facet normal -0.981113 -0.193434 0
    outer loop
      vertex 161.642 37.44 7
      vertex 161.685 37.2219 0
      vertex 161.685 37.2219 7
    endloop
  endfacet
  facet normal -0.751016 0.660284 0
    outer loop
      vertex 161.202 25.7979 0
      vertex 161.349 25.9651 7
      vertex 161.349 25.9651 0
    endloop
  endfacet
  facet normal -0.751016 0.660284 0
    outer loop
      vertex 161.349 25.9651 7
      vertex 161.202 25.7979 0
      vertex 161.202 25.7979 7
    endloop
  endfacet
  facet normal -0.981113 0.193434 0
    outer loop
      vertex 161.642 26.56 0
      vertex 161.685 26.7781 7
      vertex 161.685 26.7781 0
    endloop
  endfacet
  facet normal -0.981113 0.193434 0
    outer loop
      vertex 161.685 26.7781 7
      vertex 161.642 26.56 0
      vertex 161.642 26.56 7
    endloop
  endfacet
  facet normal -0.997723 0.0674441 0
    outer loop
      vertex 161.685 26.7781 0
      vertex 161.7 27 7
      vertex 161.7 27 0
    endloop
  endfacet
  facet normal -0.997723 0.0674441 0
    outer loop
      vertex 161.7 27 7
      vertex 161.685 26.7781 0
      vertex 161.685 26.7781 7
    endloop
  endfacet
  facet normal 0.443245 -0.8964 0
    outer loop
      vertex 159.15 38.4722 0
      vertex 159.349 38.5706 7
      vertex 159.15 38.4722 7
    endloop
  endfacet
  facet normal 0.443245 -0.8964 0
    outer loop
      vertex 159.349 38.5706 7
      vertex 159.15 38.4722 0
      vertex 159.349 38.5706 0
    endloop
  endfacet
  facet normal 0.947598 -0.319466 0
    outer loop
      vertex 158.358 37.44 7
      vertex 158.429 37.6506 0
      vertex 158.429 37.6506 7
    endloop
  endfacet
  facet normal 0.947598 -0.319466 0
    outer loop
      vertex 158.429 37.6506 0
      vertex 158.358 37.44 7
      vertex 158.358 37.44 0
    endloop
  endfacet
  facet normal 0.895681 -0.444696 0
    outer loop
      vertex 158.429 37.6506 7
      vertex 158.528 37.85 0
      vertex 158.528 37.85 7
    endloop
  endfacet
  facet normal 0.895681 -0.444696 0
    outer loop
      vertex 158.528 37.85 0
      vertex 158.429 37.6506 7
      vertex 158.429 37.6506 0
    endloop
  endfacet
  facet normal -0.443245 0.8964 0
    outer loop
      vertex 160.85 25.5278 0
      vertex 160.651 25.4294 7
      vertex 160.85 25.5278 7
    endloop
  endfacet
  facet normal -0.443245 0.8964 0
    outer loop
      vertex 160.651 25.4294 7
      vertex 160.85 25.5278 0
      vertex 160.651 25.4294 0
    endloop
  endfacet
  facet normal -0.320937 0.947101 0
    outer loop
      vertex 160.651 25.4294 0
      vertex 160.44 25.3579 7
      vertex 160.651 25.4294 7
    endloop
  endfacet
  facet normal -0.320937 0.947101 0
    outer loop
      vertex 160.44 25.3579 7
      vertex 160.651 25.4294 0
      vertex 160.44 25.3579 0
    endloop
  endfacet
  facet normal -0.0651764 0.997874 0
    outer loop
      vertex 160.222 25.3145 0
      vertex 160 25.3 7
      vertex 160.222 25.3145 7
    endloop
  endfacet
  facet normal -0.0651764 0.997874 0
    outer loop
      vertex 160 25.3 7
      vertex 160.222 25.3145 0
      vertex 160 25.3 0
    endloop
  endfacet
  facet normal -0.195251 0.980753 0
    outer loop
      vertex 160.44 25.3579 0
      vertex 160.222 25.3145 7
      vertex 160.44 25.3579 7
    endloop
  endfacet
  facet normal -0.195251 0.980753 0
    outer loop
      vertex 160.222 25.3145 7
      vertex 160.44 25.3579 0
      vertex 160.222 25.3145 0
    endloop
  endfacet
  facet normal -0.895681 0.444696 0
    outer loop
      vertex 161.472 26.15 0
      vertex 161.571 26.3494 7
      vertex 161.571 26.3494 0
    endloop
  endfacet
  facet normal -0.895681 0.444696 0
    outer loop
      vertex 161.571 26.3494 7
      vertex 161.472 26.15 0
      vertex 161.472 26.15 7
    endloop
  endfacet
  facet normal -0.832604 0.553869 0
    outer loop
      vertex 161.349 25.9651 0
      vertex 161.472 26.15 7
      vertex 161.472 26.15 0
    endloop
  endfacet
  facet normal -0.832604 0.553869 0
    outer loop
      vertex 161.472 26.15 7
      vertex 161.349 25.9651 0
      vertex 161.349 25.9651 7
    endloop
  endfacet
  facet normal -0.555219 0.831704 0
    outer loop
      vertex 161.035 25.6513 0
      vertex 160.85 25.5278 7
      vertex 161.035 25.6513 7
    endloop
  endfacet
  facet normal -0.555219 0.831704 0
    outer loop
      vertex 160.85 25.5278 7
      vertex 161.035 25.6513 0
      vertex 160.85 25.5278 0
    endloop
  endfacet
  facet normal 0.193519 0.981097 -0
    outer loop
      vertex 159.778 131.315 0
      vertex 159.56 131.358 7
      vertex 159.778 131.315 7
    endloop
  endfacet
  facet normal 0.193519 0.981097 0
    outer loop
      vertex 159.56 131.358 7
      vertex 159.778 131.315 0
      vertex 159.56 131.358 0
    endloop
  endfacet
  facet normal 0.0674139 0.997725 -0
    outer loop
      vertex 160 131.3 0
      vertex 159.778 131.315 7
      vertex 160 131.3 7
    endloop
  endfacet
  facet normal 0.0674139 0.997725 0
    outer loop
      vertex 159.778 131.315 7
      vertex 160 131.3 0
      vertex 159.778 131.315 0
    endloop
  endfacet
  facet normal 0.997725 0.0674139 0
    outer loop
      vertex 158.315 132.778 7
      vertex 158.3 133 0
      vertex 158.3 133 7
    endloop
  endfacet
  facet normal 0.997725 0.0674139 0
    outer loop
      vertex 158.3 133 0
      vertex 158.315 132.778 7
      vertex 158.315 132.778 0
    endloop
  endfacet
  facet normal 0.750624 0.660729 0
    outer loop
      vertex 158.798 131.798 7
      vertex 158.651 131.965 0
      vertex 158.651 131.965 7
    endloop
  endfacet
  facet normal 0.750624 0.660729 0
    outer loop
      vertex 158.651 131.965 0
      vertex 158.798 131.798 7
      vertex 158.798 131.798 0
    endloop
  endfacet
  facet normal 0.445413 0.895325 -0
    outer loop
      vertex 159.349 131.429 0
      vertex 159.15 131.528 7
      vertex 159.349 131.429 7
    endloop
  endfacet
  facet normal 0.445413 0.895325 0
    outer loop
      vertex 159.15 131.528 7
      vertex 159.349 131.429 0
      vertex 159.15 131.528 0
    endloop
  endfacet
  facet normal 0.981097 -0.193519 0
    outer loop
      vertex 158.315 143.222 7
      vertex 158.358 143.44 0
      vertex 158.358 143.44 7
    endloop
  endfacet
  facet normal 0.981097 -0.193519 0
    outer loop
      vertex 158.358 143.44 0
      vertex 158.315 143.222 7
      vertex 158.315 143.222 0
    endloop
  endfacet
  facet normal 0.318922 0.947781 -0
    outer loop
      vertex 159.56 131.358 0
      vertex 159.349 131.429 7
      vertex 159.56 131.358 7
    endloop
  endfacet
  facet normal 0.318922 0.947781 0
    outer loop
      vertex 159.349 131.429 7
      vertex 159.56 131.358 0
      vertex 159.349 131.429 0
    endloop
  endfacet
  facet normal 0.981097 0.193519 0
    outer loop
      vertex 158.358 132.56 7
      vertex 158.315 132.778 0
      vertex 158.315 132.778 7
    endloop
  endfacet
  facet normal 0.981097 0.193519 0
    outer loop
      vertex 158.315 132.778 0
      vertex 158.358 132.56 7
      vertex 158.358 132.56 0
    endloop
  endfacet
  facet normal -0.997725 -0.0674139 0
    outer loop
      vertex 161.7 143 0
      vertex 161.685 143.222 7
      vertex 161.685 143.222 0
    endloop
  endfacet
  facet normal -0.997725 -0.0674139 0
    outer loop
      vertex 161.685 143.222 7
      vertex 161.7 143 0
      vertex 161.7 143 7
    endloop
  endfacet
  facet normal -0.947781 0.318922 0
    outer loop
      vertex 161.571 132.349 0
      vertex 161.642 132.56 7
      vertex 161.642 132.56 0
    endloop
  endfacet
  facet normal -0.947781 0.318922 0
    outer loop
      vertex 161.642 132.56 7
      vertex 161.571 132.349 0
      vertex 161.571 132.349 7
    endloop
  endfacet
  facet normal -1 0 0
    outer loop
      vertex 161.7 133 0
      vertex 161.7 143 7
      vertex 161.7 143 0
    endloop
  endfacet
  facet normal -1 -0 0
    outer loop
      vertex 161.7 143 7
      vertex 161.7 133 0
      vertex 161.7 133 7
    endloop
  endfacet
  facet normal -0.193519 -0.981097 0
    outer loop
      vertex 160.222 144.685 0
      vertex 160.44 144.642 7
      vertex 160.222 144.685 7
    endloop
  endfacet
  facet normal -0.193519 -0.981097 -0
    outer loop
      vertex 160.44 144.642 7
      vertex 160.222 144.685 0
      vertex 160.44 144.642 0
    endloop
  endfacet
  facet normal 0.553661 0.832742 -0
    outer loop
      vertex 159.15 131.528 0
      vertex 158.965 131.651 7
      vertex 159.15 131.528 7
    endloop
  endfacet
  facet normal 0.553661 0.832742 0
    outer loop
      vertex 158.965 131.651 7
      vertex 159.15 131.528 0
      vertex 158.965 131.651 0
    endloop
  endfacet
  facet normal 1 -0 0
    outer loop
      vertex 158.3 133 7
      vertex 158.3 143 0
      vertex 158.3 143 7
    endloop
  endfacet
  facet normal 1 0 0
    outer loop
      vertex 158.3 143 0
      vertex 158.3 133 7
      vertex 158.3 133 0
    endloop
  endfacet
  facet normal 0.997725 -0.0674139 0
    outer loop
      vertex 158.3 143 7
      vertex 158.315 143.222 0
      vertex 158.315 143.222 7
    endloop
  endfacet
  facet normal 0.997725 -0.0674139 0
    outer loop
      vertex 158.315 143.222 0
      vertex 158.3 143 7
      vertex 158.3 143 0
    endloop
  endfacet
  facet normal 0.832742 -0.553661 0
    outer loop
      vertex 158.528 143.85 7
      vertex 158.651 144.035 0
      vertex 158.651 144.035 7
    endloop
  endfacet
  facet normal 0.832742 -0.553661 0
    outer loop
      vertex 158.651 144.035 0
      vertex 158.528 143.85 7
      vertex 158.528 143.85 0
    endloop
  endfacet
  facet normal 0.895325 -0.445413 0
    outer loop
      vertex 158.429 143.651 7
      vertex 158.528 143.85 0
      vertex 158.528 143.85 7
    endloop
  endfacet
  facet normal 0.895325 -0.445413 0
    outer loop
      vertex 158.528 143.85 0
      vertex 158.429 143.651 7
      vertex 158.429 143.651 0
    endloop
  endfacet
  facet normal -0.660729 -0.750624 0
    outer loop
      vertex 161.035 144.349 0
      vertex 161.202 144.202 7
      vertex 161.035 144.349 7
    endloop
  endfacet
  facet normal -0.660729 -0.750624 -0
    outer loop
      vertex 161.202 144.202 7
      vertex 161.035 144.349 0
      vertex 161.202 144.202 0
    endloop
  endfacet
  facet normal -0.981097 0.193519 0
    outer loop
      vertex 161.642 132.56 0
      vertex 161.685 132.778 7
      vertex 161.685 132.778 0
    endloop
  endfacet
  facet normal -0.981097 0.193519 0
    outer loop
      vertex 161.685 132.778 7
      vertex 161.642 132.56 0
      vertex 161.642 132.56 7
    endloop
  endfacet
  facet normal 0.947781 0.318922 0
    outer loop
      vertex 158.429 132.349 7
      vertex 158.358 132.56 0
      vertex 158.358 132.56 7
    endloop
  endfacet
  facet normal 0.947781 0.318922 0
    outer loop
      vertex 158.358 132.56 0
      vertex 158.429 132.349 7
      vertex 158.429 132.349 0
    endloop
  endfacet
  facet normal 0.318922 -0.947781 0
    outer loop
      vertex 159.349 144.571 0
      vertex 159.56 144.642 7
      vertex 159.349 144.571 7
    endloop
  endfacet
  facet normal 0.318922 -0.947781 0
    outer loop
      vertex 159.56 144.642 7
      vertex 159.349 144.571 0
      vertex 159.56 144.642 0
    endloop
  endfacet
  facet normal 0.750624 -0.660729 0
    outer loop
      vertex 158.651 144.035 7
      vertex 158.798 144.202 0
      vertex 158.798 144.202 7
    endloop
  endfacet
  facet normal 0.750624 -0.660729 0
    outer loop
      vertex 158.798 144.202 0
      vertex 158.651 144.035 7
      vertex 158.651 144.035 0
    endloop
  endfacet
  facet normal 0.947781 -0.318922 0
    outer loop
      vertex 158.358 143.44 7
      vertex 158.429 143.651 0
      vertex 158.429 143.651 7
    endloop
  endfacet
  facet normal 0.947781 -0.318922 0
    outer loop
      vertex 158.429 143.651 0
      vertex 158.358 143.44 7
      vertex 158.358 143.44 0
    endloop
  endfacet
  facet normal -0.318922 -0.947781 0
    outer loop
      vertex 160.44 144.642 0
      vertex 160.651 144.571 7
      vertex 160.44 144.642 7
    endloop
  endfacet
  facet normal -0.318922 -0.947781 -0
    outer loop
      vertex 160.651 144.571 7
      vertex 160.44 144.642 0
      vertex 160.651 144.571 0
    endloop
  endfacet
  facet normal -0.981097 -0.193519 0
    outer loop
      vertex 161.685 143.222 0
      vertex 161.642 143.44 7
      vertex 161.642 143.44 0
    endloop
  endfacet
  facet normal -0.981097 -0.193519 0
    outer loop
      vertex 161.642 143.44 7
      vertex 161.685 143.222 0
      vertex 161.685 143.222 7
    endloop
  endfacet
  facet normal -0.895325 -0.445413 0
    outer loop
      vertex 161.571 143.651 0
      vertex 161.472 143.85 7
      vertex 161.472 143.85 0
    endloop
  endfacet
  facet normal -0.895325 -0.445413 0
    outer loop
      vertex 161.472 143.85 7
      vertex 161.571 143.651 0
      vertex 161.571 143.651 7
    endloop
  endfacet
  facet normal -0.895325 0.445413 0
    outer loop
      vertex 161.472 132.15 0
      vertex 161.571 132.349 7
      vertex 161.571 132.349 0
    endloop
  endfacet
  facet normal -0.895325 0.445413 0
    outer loop
      vertex 161.571 132.349 7
      vertex 161.472 132.15 0
      vertex 161.472 132.15 7
    endloop
  endfacet
  facet normal -0.0674139 -0.997725 0
    outer loop
      vertex 160 144.7 0
      vertex 160.222 144.685 7
      vertex 160 144.7 7
    endloop
  endfacet
  facet normal -0.0674139 -0.997725 -0
    outer loop
      vertex 160.222 144.685 7
      vertex 160 144.7 0
      vertex 160.222 144.685 0
    endloop
  endfacet
  facet normal 0.193519 -0.981097 0
    outer loop
      vertex 159.56 144.642 0
      vertex 159.778 144.685 7
      vertex 159.56 144.642 7
    endloop
  endfacet
  facet normal 0.193519 -0.981097 0
    outer loop
      vertex 159.778 144.685 7
      vertex 159.56 144.642 0
      vertex 159.778 144.685 0
    endloop
  endfacet
  facet normal 0.0674139 -0.997725 0
    outer loop
      vertex 159.778 144.685 0
      vertex 160 144.7 7
      vertex 159.778 144.685 7
    endloop
  endfacet
  facet normal 0.0674139 -0.997725 0
    outer loop
      vertex 160 144.7 7
      vertex 159.778 144.685 0
      vertex 160 144.7 0
    endloop
  endfacet
  facet normal 0.660729 0.750624 -0
    outer loop
      vertex 158.965 131.651 0
      vertex 158.798 131.798 7
      vertex 158.965 131.651 7
    endloop
  endfacet
  facet normal 0.660729 0.750624 0
    outer loop
      vertex 158.798 131.798 7
      vertex 158.965 131.651 0
      vertex 158.798 131.798 0
    endloop
  endfacet
  facet normal 0.832742 0.553661 0
    outer loop
      vertex 158.651 131.965 7
      vertex 158.528 132.15 0
      vertex 158.528 132.15 7
    endloop
  endfacet
  facet normal 0.832742 0.553661 0
    outer loop
      vertex 158.528 132.15 0
      vertex 158.651 131.965 7
      vertex 158.651 131.965 0
    endloop
  endfacet
  facet normal 0.895325 0.445413 0
    outer loop
      vertex 158.528 132.15 7
      vertex 158.429 132.349 0
      vertex 158.429 132.349 7
    endloop
  endfacet
  facet normal 0.895325 0.445413 0
    outer loop
      vertex 158.429 132.349 0
      vertex 158.528 132.15 7
      vertex 158.528 132.15 0
    endloop
  endfacet
  facet normal 0.553661 -0.832742 0
    outer loop
      vertex 158.965 144.349 0
      vertex 159.15 144.472 7
      vertex 158.965 144.349 7
    endloop
  endfacet
  facet normal 0.553661 -0.832742 0
    outer loop
      vertex 159.15 144.472 7
      vertex 158.965 144.349 0
      vertex 159.15 144.472 0
    endloop
  endfacet
  facet normal 0.445413 -0.895325 0
    outer loop
      vertex 159.15 144.472 0
      vertex 159.349 144.571 7
      vertex 159.15 144.472 7
    endloop
  endfacet
  facet normal 0.445413 -0.895325 0
    outer loop
      vertex 159.349 144.571 7
      vertex 159.15 144.472 0
      vertex 159.349 144.571 0
    endloop
  endfacet
  facet normal 0.660729 -0.750624 0
    outer loop
      vertex 158.798 144.202 0
      vertex 158.965 144.349 7
      vertex 158.798 144.202 7
    endloop
  endfacet
  facet normal 0.660729 -0.750624 0
    outer loop
      vertex 158.965 144.349 7
      vertex 158.798 144.202 0
      vertex 158.965 144.349 0
    endloop
  endfacet
  facet normal -0.445413 -0.895325 0
    outer loop
      vertex 160.651 144.571 0
      vertex 160.85 144.472 7
      vertex 160.651 144.571 7
    endloop
  endfacet
  facet normal -0.445413 -0.895325 -0
    outer loop
      vertex 160.85 144.472 7
      vertex 160.651 144.571 0
      vertex 160.85 144.472 0
    endloop
  endfacet
  facet normal -0.553661 -0.832742 0
    outer loop
      vertex 160.85 144.472 0
      vertex 161.035 144.349 7
      vertex 160.85 144.472 7
    endloop
  endfacet
  facet normal -0.553661 -0.832742 -0
    outer loop
      vertex 161.035 144.349 7
      vertex 160.85 144.472 0
      vertex 161.035 144.349 0
    endloop
  endfacet
  facet normal -0.947781 -0.318922 0
    outer loop
      vertex 161.642 143.44 0
      vertex 161.571 143.651 7
      vertex 161.571 143.651 0
    endloop
  endfacet
  facet normal -0.947781 -0.318922 0
    outer loop
      vertex 161.571 143.651 7
      vertex 161.642 143.44 0
      vertex 161.642 143.44 7
    endloop
  endfacet
  facet normal -0.832742 -0.553661 0
    outer loop
      vertex 161.472 143.85 0
      vertex 161.349 144.035 7
      vertex 161.349 144.035 0
    endloop
  endfacet
  facet normal -0.832742 -0.553661 0
    outer loop
      vertex 161.349 144.035 7
      vertex 161.472 143.85 0
      vertex 161.472 143.85 7
    endloop
  endfacet
  facet normal -0.750624 -0.660729 0
    outer loop
      vertex 161.349 144.035 0
      vertex 161.202 144.202 7
      vertex 161.202 144.202 0
    endloop
  endfacet
  facet normal -0.750624 -0.660729 0
    outer loop
      vertex 161.202 144.202 7
      vertex 161.349 144.035 0
      vertex 161.349 144.035 7
    endloop
  endfacet
  facet normal -0.997725 0.0674139 0
    outer loop
      vertex 161.685 132.778 0
      vertex 161.7 133 7
      vertex 161.7 133 0
    endloop
  endfacet
  facet normal -0.997725 0.0674139 0
    outer loop
      vertex 161.7 133 7
      vertex 161.685 132.778 0
      vertex 161.685 132.778 7
    endloop
  endfacet
  facet normal -0.832742 0.553661 0
    outer loop
      vertex 161.349 131.965 0
      vertex 161.472 132.15 7
      vertex 161.472 132.15 0
    endloop
  endfacet
  facet normal -0.832742 0.553661 0
    outer loop
      vertex 161.472 132.15 7
      vertex 161.349 131.965 0
      vertex 161.349 131.965 7
    endloop
  endfacet
  facet normal -0.445413 0.895325 0
    outer loop
      vertex 160.85 131.528 0
      vertex 160.651 131.429 7
      vertex 160.85 131.528 7
    endloop
  endfacet
  facet normal -0.445413 0.895325 0
    outer loop
      vertex 160.651 131.429 7
      vertex 160.85 131.528 0
      vertex 160.651 131.429 0
    endloop
  endfacet
  facet normal -0.750624 0.660729 0
    outer loop
      vertex 161.202 131.798 0
      vertex 161.349 131.965 7
      vertex 161.349 131.965 0
    endloop
  endfacet
  facet normal -0.750624 0.660729 0
    outer loop
      vertex 161.349 131.965 7
      vertex 161.202 131.798 0
      vertex 161.202 131.798 7
    endloop
  endfacet
  facet normal -0.0674139 0.997725 0
    outer loop
      vertex 160.222 131.315 0
      vertex 160 131.3 7
      vertex 160.222 131.315 7
    endloop
  endfacet
  facet normal -0.0674139 0.997725 0
    outer loop
      vertex 160 131.3 7
      vertex 160.222 131.315 0
      vertex 160 131.3 0
    endloop
  endfacet
  facet normal -0.318922 0.947781 0
    outer loop
      vertex 160.651 131.429 0
      vertex 160.44 131.358 7
      vertex 160.651 131.429 7
    endloop
  endfacet
  facet normal -0.318922 0.947781 0
    outer loop
      vertex 160.44 131.358 7
      vertex 160.651 131.429 0
      vertex 160.44 131.358 0
    endloop
  endfacet
  facet normal -0.660729 0.750624 0
    outer loop
      vertex 161.202 131.798 0
      vertex 161.035 131.651 7
      vertex 161.202 131.798 7
    endloop
  endfacet
  facet normal -0.660729 0.750624 0
    outer loop
      vertex 161.035 131.651 7
      vertex 161.202 131.798 0
      vertex 161.035 131.651 0
    endloop
  endfacet
  facet normal -0.193519 0.981097 0
    outer loop
      vertex 160.44 131.358 0
      vertex 160.222 131.315 7
      vertex 160.44 131.358 7
    endloop
  endfacet
  facet normal -0.193519 0.981097 0
    outer loop
      vertex 160.222 131.315 7
      vertex 160.44 131.358 0
      vertex 160.222 131.315 0
    endloop
  endfacet
  facet normal -0.553661 0.832742 0
    outer loop
      vertex 161.035 131.651 0
      vertex 160.85 131.528 7
      vertex 161.035 131.651 7
    endloop
  endfacet
  facet normal -0.553661 0.832742 0
    outer loop
      vertex 160.85 131.528 7
      vertex 161.035 131.651 0
      vertex 160.85 131.528 0
    endloop
  endfacet
  facet normal -0.997859 -0.0654025 0
    outer loop
      vertex 0.0427752 4.34737 0
      vertex 0 5 7
      vertex 0 5 0
    endloop
  endfacet
  facet normal -0.997859 -0.0654025 0
    outer loop
      vertex 0 5 7
      vertex 0.0427752 4.34737 0
      vertex 0.0427752 4.34737 7
    endloop
  endfacet
  facet normal -0.0654025 -0.997859 0
    outer loop
      vertex 4.34737 0.0427752 0
      vertex 5 0 7
      vertex 4.34737 0.0427752 7
    endloop
  endfacet
  facet normal -0.0654025 -0.997859 -0
    outer loop
      vertex 5 0 7
      vertex 4.34737 0.0427752 0
      vertex 5 0 0
    endloop
  endfacet
  facet normal -0.752016 0.659145 0
    outer loop
      vertex 1.03323 168.044 0
      vertex 1.46447 168.536 7
      vertex 1.46447 168.536 0
    endloop
  endfacet
  facet normal -0.752016 0.659145 0
    outer loop
      vertex 1.46447 168.536 7
      vertex 1.03323 168.044 0
      vertex 1.03323 168.044 7
    endloop
  endfacet
  facet normal -0.659357 -0.75183 0
    outer loop
      vertex 1.46447 1.46447 0
      vertex 1.95619 1.03323 7
      vertex 1.46447 1.46447 7
    endloop
  endfacet
  facet normal -0.659357 -0.75183 -0
    outer loop
      vertex 1.95619 1.03323 7
      vertex 1.46447 1.46447 0
      vertex 1.95619 1.03323 0
    endloop
  endfacet
  facet normal -0.195088 -0.980786 0
    outer loop
      vertex 3.7059 0.17037 0
      vertex 4.34737 0.0427752 7
      vertex 3.7059 0.17037 7
    endloop
  endfacet
  facet normal -0.195088 -0.980786 -0
    outer loop
      vertex 4.34737 0.0427752 7
      vertex 3.7059 0.17037 0
      vertex 4.34737 0.0427752 0
    endloop
  endfacet
  facet normal 1 -0 0
    outer loop
      vertex 170 5 7
      vertex 170 165 0
      vertex 170 165 7
    endloop
  endfacet
  facet normal 1 0 0
    outer loop
      vertex 170 165 0
      vertex 170 5 7
      vertex 170 5 0
    endloop
  endfacet
  facet normal -1 0 0
    outer loop
      vertex 0 5 0
      vertex 0 165 7
      vertex 0 165 0
    endloop
  endfacet
  facet normal -1 -0 0
    outer loop
      vertex 0 165 7
      vertex 0 5 0
      vertex 0 5 7
    endloop
  endfacet
  facet normal 0 0 -1
    outer loop
      vertex 11.0349 38.3487 0
      vertex 30.7615 39.2385 0
      vertex 11.2021 38.2021 0
    endloop
  endfacet
  facet normal 0 0 -1
    outer loop
      vertex 56 108 0
      vertex 11.6855 132.778 0
      vertex 11.7 133 0
    endloop
  endfacet
  facet normal -0 0 -1
    outer loop
      vertex 30.7615 39.2385 0
      vertex 11.0349 38.3487 0
      vertex 31.0172 39.4627 0
    endloop
  endfacet
  facet normal 0 0 -1
    outer loop
      vertex 56 108 0
      vertex 11.6421 132.56 0
      vertex 11.6855 132.778 0
    endloop
  endfacet
  facet normal 0 0 -1
    outer loop
      vertex 10.85 38.4722 0
      vertex 31.0172 39.4627 0
      vertex 11.0349 38.3487 0
    endloop
  endfacet
  facet normal 0 0 -1
    outer loop
      vertex 56 108 0
      vertex 11.5706 132.349 0
      vertex 11.6421 132.56 0
    endloop
  endfacet
  facet normal -0 0 -1
    outer loop
      vertex 31.0172 39.4627 0
      vertex 10.85 38.4722 0
      vertex 31.3 39.6517 0
    endloop
  endfacet
  facet normal 0 0 -1
    outer loop
      vertex 56 108 0
      vertex 11.4722 132.15 0
      vertex 11.5706 132.349 0
    endloop
  endfacet
  facet normal 0 0 -1
    outer loop
      vertex 10.6506 38.5706 0
      vertex 31.3 39.6517 0
      vertex 10.85 38.4722 0
    endloop
  endfacet
  facet normal 0 0 -1
    outer loop
      vertex 56 108 0
      vertex 11.3487 131.965 0
      vertex 11.4722 132.15 0
    endloop
  endfacet
  facet normal -0 0 -1
    outer loop
      vertex 31.3 39.6517 0
      vertex 10.6506 38.5706 0
      vertex 31.605 39.8021 0
    endloop
  endfacet
  facet normal 0 0 -1
    outer loop
      vertex 56 108 0
      vertex 11.2021 131.798 0
      vertex 11.3487 131.965 0
    endloop
  endfacet
  facet normal 0 0 -1
    outer loop
      vertex 10.44 38.6421 0
      vertex 31.605 39.8021 0
      vertex 10.6506 38.5706 0
    endloop
  endfacet
  facet normal 0 0 -1
    outer loop
      vertex 56 108 0
      vertex 11.0349 131.651 0
      vertex 11.2021 131.798 0
    endloop
  endfacet
  facet normal -0 0 -1
    outer loop
      vertex 31.605 39.8021 0
      vertex 10.44 38.6421 0
      vertex 56 62 0
    endloop
  endfacet
  facet normal 0 0 -1
    outer loop
      vertex 56 108 0
      vertex 10.85 131.528 0
      vertex 11.0349 131.651 0
    endloop
  endfacet
  facet normal 0 0 -1
    outer loop
      vertex 10.2219 38.6855 0
      vertex 56 62 0
      vertex 10.44 38.6421 0
    endloop
  endfacet
  facet normal 0 0 -1
    outer loop
      vertex 56 108 0
      vertex 10.6506 131.429 0
      vertex 10.85 131.528 0
    endloop
  endfacet
  facet normal -0 0 -1
    outer loop
      vertex 56 62 0
      vertex 10.2219 38.6855 0
      vertex 56 108 0
    endloop
  endfacet
  facet normal 0 0 -1
    outer loop
      vertex 56 108 0
      vertex 10.44 131.358 0
      vertex 10.6506 131.429 0
    endloop
  endfacet
  facet normal 0 0 -1
    outer loop
      vertex 10.2219 131.315 0
      vertex 56 108 0
      vertex 10.2219 38.6855 0
    endloop
  endfacet
  facet normal 0 0 -1
    outer loop
      vertex 56 108 0
      vertex 10.2219 131.315 0
      vertex 10.44 131.358 0
    endloop
  endfacet
  facet normal 0 0 -1
    outer loop
      vertex 10 38.7 0
      vertex 10.2219 131.315 0
      vertex 10.2219 38.6855 0
    endloop
  endfacet
  facet normal 0 0 -1
    outer loop
      vertex 10 38.7 0
      vertex 10 131.3 0
      vertex 10.2219 131.315 0
    endloop
  endfacet
  facet normal 0 0 -1
    outer loop
      vertex 9.7781 38.6855 0
      vertex 10 131.3 0
      vertex 10 38.7 0
    endloop
  endfacet
  facet normal 0 0 -1
    outer loop
      vertex 9.7781 38.6855 0
      vertex 9.7781 131.315 0
      vertex 10 131.3 0
    endloop
  endfacet
  facet normal 0 0 -1
    outer loop
      vertex 9.56001 38.6421 0
      vertex 9.7781 131.315 0
      vertex 9.7781 38.6855 0
    endloop
  endfacet
  facet normal 0 0 -1
    outer loop
      vertex 9.56001 38.6421 0
      vertex 9.56001 131.358 0
      vertex 9.7781 131.315 0
    endloop
  endfacet
  facet normal 0 0 -1
    outer loop
      vertex 9.34944 38.5706 0
      vertex 9.56001 131.358 0
      vertex 9.56001 38.6421 0
    endloop
  endfacet
  facet normal 0 0 -1
    outer loop
      vertex 9.34944 38.5706 0
      vertex 9.34944 131.429 0
      vertex 9.56001 131.358 0
    endloop
  endfacet
  facet normal 0 0 -1
    outer loop
      vertex 9.15 38.4722 0
      vertex 9.34944 131.429 0
      vertex 9.34944 38.5706 0
    endloop
  endfacet
  facet normal 0 0 -1
    outer loop
      vertex 9.15 38.4722 0
      vertex 9.15 131.528 0
      vertex 9.34944 131.429 0
    endloop
  endfacet
  facet normal 0 0 -1
    outer loop
      vertex 8.96511 38.3487 0
      vertex 9.15 131.528 0
      vertex 9.15 38.4722 0
    endloop
  endfacet
  facet normal 0 0 -1
    outer loop
      vertex 8.96511 38.3487 0
      vertex 8.96511 131.651 0
      vertex 9.15 131.528 0
    endloop
  endfacet
  facet normal 0 0 -1
    outer loop
      vertex 8.79792 38.2021 0
      vertex 8.96511 131.651 0
      vertex 8.96511 38.3487 0
    endloop
  endfacet
  facet normal 0 0 -1
    outer loop
      vertex 8.79792 38.2021 0
      vertex 8.79792 131.798 0
      vertex 8.96511 131.651 0
    endloop
  endfacet
  facet normal 0 0 -1
    outer loop
      vertex 8.6513 38.0349 0
      vertex 8.79792 131.798 0
      vertex 8.79792 38.2021 0
    endloop
  endfacet
  facet normal 0 0 -1
    outer loop
      vertex 8.6513 38.0349 0
      vertex 8.6513 131.965 0
      vertex 8.79792 131.798 0
    endloop
  endfacet
  facet normal 0 0 -1
    outer loop
      vertex 8.52776 37.85 0
      vertex 8.6513 131.965 0
      vertex 8.6513 38.0349 0
    endloop
  endfacet
  facet normal 0 0 -1
    outer loop
      vertex 8.52776 37.85 0
      vertex 8.52776 132.15 0
      vertex 8.6513 131.965 0
    endloop
  endfacet
  facet normal 0 0 -1
    outer loop
      vertex 8.4294 37.6506 0
      vertex 8.52776 132.15 0
      vertex 8.52776 37.85 0
    endloop
  endfacet
  facet normal 0 0 -1
    outer loop
      vertex 8.4294 37.6506 0
      vertex 8.4294 132.349 0
      vertex 8.52776 132.15 0
    endloop
  endfacet
  facet normal 0 0 -1
    outer loop
      vertex 8.35793 37.44 0
      vertex 8.4294 132.349 0
      vertex 8.4294 37.6506 0
    endloop
  endfacet
  facet normal 0 0 -1
    outer loop
      vertex 8.35793 37.44 0
      vertex 8.35793 132.56 0
      vertex 8.4294 132.349 0
    endloop
  endfacet
  facet normal 0 0 -1
    outer loop
      vertex 8.31454 37.2219 0
      vertex 8.35793 132.56 0
      vertex 8.35793 37.44 0
    endloop
  endfacet
  facet normal 0 0 -1
    outer loop
      vertex 8.31454 37.2219 0
      vertex 8.31454 132.778 0
      vertex 8.35793 132.56 0
    endloop
  endfacet
  facet normal 0 0 -1
    outer loop
      vertex 0 5 0
      vertex 8.31454 37.2219 0
      vertex 8.3 37 0
    endloop
  endfacet
  facet normal -0 0 -1
    outer loop
      vertex 8.31454 37.2219 0
      vertex 0 5 0
      vertex 8.31454 132.778 0
    endloop
  endfacet
  facet normal 0 0 -1
    outer loop
      vertex 38.7 39.6517 0
      vertex 57.2399 58.3474 0
      vertex 38.9828 39.4627 0
    endloop
  endfacet
  facet normal 0 0 -1
    outer loop
      vertex 56 108 0
      vertex 39.9778 132.261 0
      vertex 40 132.6 0
    endloop
  endfacet
  facet normal -0 0 -1
    outer loop
      vertex 57.2399 58.3474 0
      vertex 38.7 39.6517 0
      vertex 56.8038 59 0
    endloop
  endfacet
  facet normal 0 0 -1
    outer loop
      vertex 56 108 0
      vertex 39.9114 131.927 0
      vertex 39.9778 132.261 0
    endloop
  endfacet
  facet normal 0 0 -1
    outer loop
      vertex 38.395 39.8021 0
      vertex 56.8038 59 0
      vertex 38.7 39.6517 0
    endloop
  endfacet
  facet normal 0 0 -1
    outer loop
      vertex 56 108 0
      vertex 39.8021 131.605 0
      vertex 39.9114 131.927 0
    endloop
  endfacet
  facet normal -0 0 -1
    outer loop
      vertex 56.8038 59 0
      vertex 38.395 39.8021 0
      vertex 56.4567 59.7039 0
    endloop
  endfacet
  facet normal 0 0 -1
    outer loop
      vertex 56 108 0
      vertex 39.6517 131.3 0
      vertex 39.8021 131.605 0
    endloop
  endfacet
  facet normal 0 0 -1
    outer loop
      vertex 38.0729 39.9114 0
      vertex 56.4567 59.7039 0
      vertex 38.395 39.8021 0
    endloop
  endfacet
  facet normal 0 0 -1
    outer loop
      vertex 56 108 0
      vertex 39.4627 131.017 0
      vertex 39.6517 131.3 0
    endloop
  endfacet
  facet normal -0 0 -1
    outer loop
      vertex 56.4567 59.7039 0
      vertex 38.0729 39.9114 0
      vertex 56.2044 60.4471 0
    endloop
  endfacet
  facet normal 0 0 -1
    outer loop
      vertex 56 108 0
      vertex 39.2385 130.762 0
      vertex 39.4627 131.017 0
    endloop
  endfacet
  facet normal 0 0 -1
    outer loop
      vertex 37.7394 39.9778 0
      vertex 56.2044 60.4471 0
      vertex 38.0729 39.9114 0
    endloop
  endfacet
  facet normal 0 0 -1
    outer loop
      vertex 56 108 0
      vertex 38.9828 130.537 0
      vertex 39.2385 130.762 0
    endloop
  endfacet
  facet normal -0 0 -1
    outer loop
      vertex 56.2044 60.4471 0
      vertex 37.7394 39.9778 0
      vertex 56.0513 61.2168 0
    endloop
  endfacet
  facet normal 0 0 -1
    outer loop
      vertex 56 108 0
      vertex 38.7 130.348 0
      vertex 38.9828 130.537 0
    endloop
  endfacet
  facet normal 0 0 -1
    outer loop
      vertex 37.4 40 0
      vertex 56.0513 61.2168 0
      vertex 37.7394 39.9778 0
    endloop
  endfacet
  facet normal 0 0 -1
    outer loop
      vertex 56 108 0
      vertex 38.395 130.198 0
      vertex 38.7 130.348 0
    endloop
  endfacet
  facet normal -0 0 -1
    outer loop
      vertex 56.0513 61.2168 0
      vertex 37.4 40 0
      vertex 56 62 0
    endloop
  endfacet
  facet normal 0 0 -1
    outer loop
      vertex 56 108 0
      vertex 38.0729 130.089 0
      vertex 38.395 130.198 0
    endloop
  endfacet
  facet normal 0 0 -1
    outer loop
      vertex 32.6 40 0
      vertex 56 62 0
      vertex 37.4 40 0
    endloop
  endfacet
  facet normal 0 0 -1
    outer loop
      vertex 56 108 0
      vertex 37.7394 130.022 0
      vertex 38.0729 130.089 0
    endloop
  endfacet
  facet normal 0 0 -1
    outer loop
      vertex 32.2606 39.9778 0
      vertex 56 62 0
      vertex 32.6 40 0
    endloop
  endfacet
  facet normal 0 0 -1
    outer loop
      vertex 56 108 0
      vertex 37.4 130 0
      vertex 37.7394 130.022 0
    endloop
  endfacet
  facet normal 0 0 -1
    outer loop
      vertex 31.9271 39.9114 0
      vertex 56 62 0
      vertex 32.2606 39.9778 0
    endloop
  endfacet
  facet normal 0 0 -1
    outer loop
      vertex 56 108 0
      vertex 32.6 130 0
      vertex 37.4 130 0
    endloop
  endfacet
  facet normal 0 0 -1
    outer loop
      vertex 31.605 39.8021 0
      vertex 56 62 0
      vertex 31.9271 39.9114 0
    endloop
  endfacet
  facet normal 0 0 -1
    outer loop
      vertex 56 108 0
      vertex 32.2606 130.022 0
      vertex 32.6 130 0
    endloop
  endfacet
  facet normal -0 0 -1
    outer loop
      vertex 30.3483 38.7 0
      vertex 11.3487 38.0349 0
      vertex 30.5373 38.9828 0
    endloop
  endfacet
  facet normal 0 0 -1
    outer loop
      vertex 56 108 0
      vertex 31.9271 130.089 0
      vertex 32.2606 130.022 0
    endloop
  endfacet
  facet normal 0 0 -1
    outer loop
      vertex 11.2021 38.2021 0
      vertex 30.5373 38.9828 0
      vertex 11.3487 38.0349 0
    endloop
  endfacet
  facet normal 0 0 -1
    outer loop
      vertex 56 108 0
      vertex 31.605 130.198 0
      vertex 31.9271 130.089 0
    endloop
  endfacet
  facet normal 0 0 -1
    outer loop
      vertex 11.3487 38.0349 0
      vertex 30.3483 38.7 0
      vertex 11.4722 37.85 0
    endloop
  endfacet
  facet normal -0 0 -1
    outer loop
      vertex 30.5373 38.9828 0
      vertex 11.2021 38.2021 0
      vertex 30.7615 39.2385 0
    endloop
  endfacet
  facet normal -0 0 -1
    outer loop
      vertex 30.1979 38.395 0
      vertex 11.4722 37.85 0
      vertex 30.3483 38.7 0
    endloop
  endfacet
  facet normal 0 0 -1
    outer loop
      vertex 56 108 0
      vertex 11.7 133 0
      vertex 31.605 130.198 0
    endloop
  endfacet
  facet normal 0 0 -1
    outer loop
      vertex 11.4722 37.85 0
      vertex 30.1979 38.395 0
      vertex 11.5706 37.6506 0
    endloop
  endfacet
  facet normal 0 0 -1
    outer loop
      vertex 31.605 130.198 0
      vertex 11.7 133 0
      vertex 31.3 130.348 0
    endloop
  endfacet
  facet normal -0 0 -1
    outer loop
      vertex 30.0886 38.0729 0
      vertex 11.5706 37.6506 0
      vertex 30.1979 38.395 0
    endloop
  endfacet
  facet normal 0 0 -1
    outer loop
      vertex 31.3 130.348 0
      vertex 11.7 133 0
      vertex 31.0172 130.537 0
    endloop
  endfacet
  facet normal 0 0 -1
    outer loop
      vertex 11.5706 37.6506 0
      vertex 30.0886 38.0729 0
      vertex 11.6421 37.44 0
    endloop
  endfacet
  facet normal 0 0 -1
    outer loop
      vertex 31.0172 130.537 0
      vertex 11.7 133 0
      vertex 30.7615 130.762 0
    endloop
  endfacet
  facet normal -0 0 -1
    outer loop
      vertex 30.0222 37.7394 0
      vertex 11.6421 37.44 0
      vertex 30.0886 38.0729 0
    endloop
  endfacet
  facet normal 0 0 -1
    outer loop
      vertex 30.7615 130.762 0
      vertex 11.7 133 0
      vertex 30.5373 131.017 0
    endloop
  endfacet
  facet normal 0 0 -1
    outer loop
      vertex 11.6421 37.44 0
      vertex 30.0222 37.7394 0
      vertex 11.6855 37.2219 0
    endloop
  endfacet
  facet normal 0 0 -1
    outer loop
      vertex 30.5373 131.017 0
      vertex 11.7 133 0
      vertex 30.3483 131.3 0
    endloop
  endfacet
  facet normal -0 0 -1
    outer loop
      vertex 30 37.4 0
      vertex 11.6855 37.2219 0
      vertex 30.0222 37.7394 0
    endloop
  endfacet
  facet normal 0 0 -1
    outer loop
      vertex 30.3483 131.3 0
      vertex 11.7 133 0
      vertex 30.1979 131.605 0
    endloop
  endfacet
  facet normal 0 0 -1
    outer loop
      vertex 11.6855 37.2219 0
      vertex 30 37.4 0
      vertex 11.7 37 0
    endloop
  endfacet
  facet normal 0 0 -1
    outer loop
      vertex 30.1979 131.605 0
      vertex 11.7 133 0
      vertex 30.0886 131.927 0
    endloop
  endfacet
  facet normal 0 0 -1
    outer loop
      vertex 158.798 38.2021 0
      vertex 139.238 39.2385 0
      vertex 158.965 38.3487 0
    endloop
  endfacet
  facet normal 0 0 -1
    outer loop
      vertex 159.56 131.358 0
      vertex 139.978 132.261 0
      vertex 140 132.6 0
    endloop
  endfacet
  facet normal 0 0 -1
    outer loop
      vertex 138.983 39.4627 0
      vertex 158.965 38.3487 0
      vertex 139.238 39.2385 0
    endloop
  endfacet
  facet normal 0 0 -1
    outer loop
      vertex 159.56 131.358 0
      vertex 139.911 131.927 0
      vertex 139.978 132.261 0
    endloop
  endfacet
  facet normal 0 0 -1
    outer loop
      vertex 158.965 38.3487 0
      vertex 138.983 39.4627 0
      vertex 159.15 38.4722 0
    endloop
  endfacet
  facet normal 0 0 -1
    outer loop
      vertex 159.56 131.358 0
      vertex 139.802 131.605 0
      vertex 139.911 131.927 0
    endloop
  endfacet
  facet normal 0 0 -1
    outer loop
      vertex 138.7 39.6517 0
      vertex 159.15 38.4722 0
      vertex 138.983 39.4627 0
    endloop
  endfacet
  facet normal -0 0 -1
    outer loop
      vertex 159.56 131.358 0
      vertex 139.652 131.3 0
      vertex 139.802 131.605 0
    endloop
  endfacet
  facet normal 0 0 -1
    outer loop
      vertex 159.15 38.4722 0
      vertex 138.7 39.6517 0
      vertex 159.349 38.5706 0
    endloop
  endfacet
  facet normal 0 0 -1
    outer loop
      vertex 159.56 131.358 0
      vertex 139.463 131.017 0
      vertex 139.652 131.3 0
    endloop
  endfacet
  facet normal 0 0 -1
    outer loop
      vertex 138.395 39.8021 0
      vertex 159.349 38.5706 0
      vertex 138.7 39.6517 0
    endloop
  endfacet
  facet normal 0 0 -1
    outer loop
      vertex 159.56 131.358 0
      vertex 139.238 130.762 0
      vertex 139.463 131.017 0
    endloop
  endfacet
  facet normal 0 0 -1
    outer loop
      vertex 159.349 38.5706 0
      vertex 138.395 39.8021 0
      vertex 159.56 38.6421 0
    endloop
  endfacet
  facet normal 0 0 -1
    outer loop
      vertex 159.56 131.358 0
      vertex 138.983 130.537 0
      vertex 139.238 130.762 0
    endloop
  endfacet
  facet normal 0 0 -1
    outer loop
      vertex 114 62 0
      vertex 159.56 38.6421 0
      vertex 138.395 39.8021 0
    endloop
  endfacet
  facet normal 0 0 -1
    outer loop
      vertex 159.56 131.358 0
      vertex 138.7 130.348 0
      vertex 138.983 130.537 0
    endloop
  endfacet
  facet normal 0 0 -1
    outer loop
      vertex 159.56 38.6421 0
      vertex 114 62 0
      vertex 159.56 131.358 0
    endloop
  endfacet
  facet normal 0 0 -1
    outer loop
      vertex 159.56 131.358 0
      vertex 138.395 130.198 0
      vertex 138.7 130.348 0
    endloop
  endfacet
  facet normal 0 0 -1
    outer loop
      vertex 114 62 0
      vertex 138.395 39.8021 0
      vertex 138.073 39.9114 0
    endloop
  endfacet
  facet normal 0 0 -1
    outer loop
      vertex 114 108 0
      vertex 159.56 131.358 0
      vertex 114 62 0
    endloop
  endfacet
  facet normal 0 0 -1
    outer loop
      vertex 114 62 0
      vertex 138.073 39.9114 0
      vertex 137.739 39.9778 0
    endloop
  endfacet
  facet normal 0 0 -1
    outer loop
      vertex 159.56 131.358 0
      vertex 114 108 0
      vertex 138.395 130.198 0
    endloop
  endfacet
  facet normal 0 0 -1
    outer loop
      vertex 114 62 0
      vertex 137.739 39.9778 0
      vertex 137.4 40 0
    endloop
  endfacet
  facet normal 0 0 -1
    outer loop
      vertex 138.395 130.198 0
      vertex 114 108 0
      vertex 138.073 130.089 0
    endloop
  endfacet
  facet normal 0 0 -1
    outer loop
      vertex 114 62 0
      vertex 137.4 40 0
      vertex 132.6 40 0
    endloop
  endfacet
  facet normal 0 0 -1
    outer loop
      vertex 138.073 130.089 0
      vertex 114 108 0
      vertex 137.739 130.022 0
    endloop
  endfacet
  facet normal 0 0 -1
    outer loop
      vertex 113.949 61.2168 0
      vertex 132.6 40 0
      vertex 132.261 39.9778 0
    endloop
  endfacet
  facet normal 0 0 -1
    outer loop
      vertex 137.739 130.022 0
      vertex 114 108 0
      vertex 137.4 130 0
    endloop
  endfacet
  facet normal 0 0 -1
    outer loop
      vertex 113.796 60.4471 0
      vertex 132.261 39.9778 0
      vertex 131.927 39.9114 0
    endloop
  endfacet
  facet normal -0 0 -1
    outer loop
      vertex 137.4 130 0
      vertex 114 108 0
      vertex 132.6 130 0
    endloop
  endfacet
  facet normal 0 0 -1
    outer loop
      vertex 113.543 59.7039 0
      vertex 131.927 39.9114 0
      vertex 131.605 39.8021 0
    endloop
  endfacet
  facet normal 0 0 -1
    outer loop
      vertex 113.949 108.783 0
      vertex 132.6 130 0
      vertex 114 108 0
    endloop
  endfacet
  facet normal 0 0 -1
    outer loop
      vertex 113.196 59 0
      vertex 131.605 39.8021 0
      vertex 131.3 39.6517 0
    endloop
  endfacet
  facet normal -0 0 -1
    outer loop
      vertex 132.6 130 0
      vertex 113.949 108.783 0
      vertex 132.261 130.022 0
    endloop
  endfacet
  facet normal 0 0 -1
    outer loop
      vertex 112.76 58.3474 0
      vertex 131.3 39.6517 0
      vertex 131.017 39.4627 0
    endloop
  endfacet
  facet normal 0 0 -1
    outer loop
      vertex 113.796 109.553 0
      vertex 132.261 130.022 0
      vertex 113.949 108.783 0
    endloop
  endfacet
  facet normal 0 0 -1
    outer loop
      vertex 112.243 57.7574 0
      vertex 131.017 39.4627 0
      vertex 130.762 39.2385 0
    endloop
  endfacet
  facet normal -0 0 -1
    outer loop
      vertex 132.261 130.022 0
      vertex 113.796 109.553 0
      vertex 131.927 130.089 0
    endloop
  endfacet
  facet normal 0 0 -1
    outer loop
      vertex 112.243 57.7574 0
      vertex 130.762 39.2385 0
      vertex 130.537 38.9828 0
    endloop
  endfacet
  facet normal 0 0 -1
    outer loop
      vertex 113.543 110.296 0
      vertex 131.927 130.089 0
      vertex 113.796 109.553 0
    endloop
  endfacet
  facet normal 0 0 -1
    outer loop
      vertex 111.653 57.2399 0
      vertex 130.537 38.9828 0
      vertex 130.348 38.7 0
    endloop
  endfacet
  facet normal -0 0 -1
    outer loop
      vertex 131.927 130.089 0
      vertex 113.543 110.296 0
      vertex 131.605 130.198 0
    endloop
  endfacet
  facet normal 0 0 -1
    outer loop
      vertex 111 56.8038 0
      vertex 130.348 38.7 0
      vertex 130.198 38.395 0
    endloop
  endfacet
  facet normal 0 0 -1
    outer loop
      vertex 113.196 111 0
      vertex 131.605 130.198 0
      vertex 113.543 110.296 0
    endloop
  endfacet
  facet normal 0 0 -1
    outer loop
      vertex 110.296 56.4567 0
      vertex 130.198 38.395 0
      vertex 130.089 38.0729 0
    endloop
  endfacet
  facet normal -0 0 -1
    outer loop
      vertex 131.605 130.198 0
      vertex 113.196 111 0
      vertex 131.3 130.348 0
    endloop
  endfacet
  facet normal 0 0 -1
    outer loop
      vertex 109.553 56.2044 0
      vertex 130.089 38.0729 0
      vertex 130.022 37.7394 0
    endloop
  endfacet
  facet normal 0 0 -1
    outer loop
      vertex 112.76 111.653 0
      vertex 131.3 130.348 0
      vertex 113.196 111 0
    endloop
  endfacet
  facet normal 0 0 -1
    outer loop
      vertex 108.783 56.0513 0
      vertex 130.022 37.7394 0
      vertex 130 37.4 0
    endloop
  endfacet
  facet normal -0 0 -1
    outer loop
      vertex 131.3 130.348 0
      vertex 112.76 111.653 0
      vertex 131.017 130.537 0
    endloop
  endfacet
  facet normal 0 0 -1
    outer loop
      vertex 161.685 132.778 0
      vertex 170 165 0
      vertex 161.685 37.2219 0
    endloop
  endfacet
  facet normal 0 0 -1
    outer loop
      vertex 170 165 0
      vertex 161.685 132.778 0
      vertex 161.7 133 0
    endloop
  endfacet
  facet normal 0 0 -1
    outer loop
      vertex 161.642 37.44 0
      vertex 161.685 132.778 0
      vertex 161.685 37.2219 0
    endloop
  endfacet
  facet normal 0 0 -1
    outer loop
      vertex 161.642 37.44 0
      vertex 161.642 132.56 0
      vertex 161.685 132.778 0
    endloop
  endfacet
  facet normal 0 0 -1
    outer loop
      vertex 161.571 37.6506 0
      vertex 161.642 132.56 0
      vertex 161.642 37.44 0
    endloop
  endfacet
  facet normal 0 0 -1
    outer loop
      vertex 161.571 37.6506 0
      vertex 161.571 132.349 0
      vertex 161.642 132.56 0
    endloop
  endfacet
  facet normal 0 0 -1
    outer loop
      vertex 161.472 37.85 0
      vertex 161.571 132.349 0
      vertex 161.571 37.6506 0
    endloop
  endfacet
  facet normal 0 0 -1
    outer loop
      vertex 161.472 37.85 0
      vertex 161.472 132.15 0
      vertex 161.571 132.349 0
    endloop
  endfacet
  facet normal 0 0 -1
    outer loop
      vertex 161.349 38.0349 0
      vertex 161.472 132.15 0
      vertex 161.472 37.85 0
    endloop
  endfacet
  facet normal 0 0 -1
    outer loop
      vertex 161.349 38.0349 0
      vertex 161.349 131.965 0
      vertex 161.472 132.15 0
    endloop
  endfacet
  facet normal 0 0 -1
    outer loop
      vertex 161.202 38.2021 0
      vertex 161.349 131.965 0
      vertex 161.349 38.0349 0
    endloop
  endfacet
  facet normal 0 0 -1
    outer loop
      vertex 161.202 38.2021 0
      vertex 161.202 131.798 0
      vertex 161.349 131.965 0
    endloop
  endfacet
  facet normal 0 0 -1
    outer loop
      vertex 161.035 38.3487 0
      vertex 161.202 131.798 0
      vertex 161.202 38.2021 0
    endloop
  endfacet
  facet normal 0 0 -1
    outer loop
      vertex 161.035 38.3487 0
      vertex 161.035 131.651 0
      vertex 161.202 131.798 0
    endloop
  endfacet
  facet normal 0 0 -1
    outer loop
      vertex 160.85 38.4722 0
      vertex 161.035 131.651 0
      vertex 161.035 38.3487 0
    endloop
  endfacet
  facet normal 0 0 -1
    outer loop
      vertex 160.85 38.4722 0
      vertex 160.85 131.528 0
      vertex 161.035 131.651 0
    endloop
  endfacet
  facet normal 0 0 -1
    outer loop
      vertex 160.651 38.5706 0
      vertex 160.85 131.528 0
      vertex 160.85 38.4722 0
    endloop
  endfacet
  facet normal 0 0 -1
    outer loop
      vertex 160.651 38.5706 0
      vertex 160.651 131.429 0
      vertex 160.85 131.528 0
    endloop
  endfacet
  facet normal 0 0 -1
    outer loop
      vertex 160.44 38.6421 0
      vertex 160.651 131.429 0
      vertex 160.651 38.5706 0
    endloop
  endfacet
  facet normal 0 0 -1
    outer loop
      vertex 160.44 38.6421 0
      vertex 160.44 131.358 0
      vertex 160.651 131.429 0
    endloop
  endfacet
  facet normal 0 0 -1
    outer loop
      vertex 160.222 38.6855 0
      vertex 160.44 131.358 0
      vertex 160.44 38.6421 0
    endloop
  endfacet
  facet normal 0 0 -1
    outer loop
      vertex 160.222 38.6855 0
      vertex 160.222 131.315 0
      vertex 160.44 131.358 0
    endloop
  endfacet
  facet normal 0 0 -1
    outer loop
      vertex 160 38.7 0
      vertex 160.222 131.315 0
      vertex 160.222 38.6855 0
    endloop
  endfacet
  facet normal 0 0 -1
    outer loop
      vertex 160 38.7 0
      vertex 160 131.3 0
      vertex 160.222 131.315 0
    endloop
  endfacet
  facet normal 0 0 -1
    outer loop
      vertex 159.778 38.6855 0
      vertex 160 131.3 0
      vertex 160 38.7 0
    endloop
  endfacet
  facet normal 0 0 -1
    outer loop
      vertex 159.778 38.6855 0
      vertex 159.778 131.315 0
      vertex 160 131.3 0
    endloop
  endfacet
  facet normal 0 0 -1
    outer loop
      vertex 159.56 38.6421 0
      vertex 159.778 131.315 0
      vertex 159.778 38.6855 0
    endloop
  endfacet
  facet normal 0 0 -1
    outer loop
      vertex 159.56 38.6421 0
      vertex 159.56 131.358 0
      vertex 159.778 131.315 0
    endloop
  endfacet
  facet normal 0 0 -1
    outer loop
      vertex 139.463 38.9828 0
      vertex 158.651 38.0349 0
      vertex 139.652 38.7 0
    endloop
  endfacet
  facet normal 0 0 -1
    outer loop
      vertex 158.651 38.0349 0
      vertex 139.463 38.9828 0
      vertex 158.798 38.2021 0
    endloop
  endfacet
  facet normal 0 0 -1
    outer loop
      vertex 158.528 37.85 0
      vertex 139.652 38.7 0
      vertex 158.651 38.0349 0
    endloop
  endfacet
  facet normal 0 0 -1
    outer loop
      vertex 139.238 39.2385 0
      vertex 158.798 38.2021 0
      vertex 139.463 38.9828 0
    endloop
  endfacet
  facet normal 0 0 -1
    outer loop
      vertex 139.652 38.7 0
      vertex 158.528 37.85 0
      vertex 139.802 38.395 0
    endloop
  endfacet
  facet normal 0 0 -1
    outer loop
      vertex 159.56 131.358 0
      vertex 140 132.6 0
      vertex 159.349 131.429 0
    endloop
  endfacet
  facet normal 0 0 -1
    outer loop
      vertex 158.429 37.6506 0
      vertex 139.802 38.395 0
      vertex 158.528 37.85 0
    endloop
  endfacet
  facet normal 0 0 -1
    outer loop
      vertex 159.349 131.429 0
      vertex 140 132.6 0
      vertex 159.15 131.528 0
    endloop
  endfacet
  facet normal 0 0 -1
    outer loop
      vertex 139.802 38.395 0
      vertex 158.429 37.6506 0
      vertex 139.911 38.0729 0
    endloop
  endfacet
  facet normal 0 0 -1
    outer loop
      vertex 159.15 131.528 0
      vertex 140 132.6 0
      vertex 158.965 131.651 0
    endloop
  endfacet
  facet normal 0 0 -1
    outer loop
      vertex 158.358 37.44 0
      vertex 139.911 38.0729 0
      vertex 158.429 37.6506 0
    endloop
  endfacet
  facet normal 0 0 -1
    outer loop
      vertex 158.965 131.651 0
      vertex 140 132.6 0
      vertex 158.798 131.798 0
    endloop
  endfacet
  facet normal 0 0 -1
    outer loop
      vertex 139.911 38.0729 0
      vertex 158.358 37.44 0
      vertex 139.978 37.7394 0
    endloop
  endfacet
  facet normal 0 0 -1
    outer loop
      vertex 158.798 131.798 0
      vertex 140 132.6 0
      vertex 158.651 131.965 0
    endloop
  endfacet
  facet normal 0 0 -1
    outer loop
      vertex 158.315 37.2219 0
      vertex 139.978 37.7394 0
      vertex 158.358 37.44 0
    endloop
  endfacet
  facet normal 0 0 -1
    outer loop
      vertex 158.651 131.965 0
      vertex 140 132.6 0
      vertex 158.528 132.15 0
    endloop
  endfacet
  facet normal 0 0 -1
    outer loop
      vertex 139.978 37.7394 0
      vertex 158.315 37.2219 0
      vertex 140 37.4 0
    endloop
  endfacet
  facet normal 0 0 -1
    outer loop
      vertex 158.528 132.15 0
      vertex 140 132.6 0
      vertex 158.429 132.349 0
    endloop
  endfacet
  facet normal 0 0 -1
    outer loop
      vertex 140 37.4 0
      vertex 158.315 37.2219 0
      vertex 158.3 37 0
    endloop
  endfacet
  facet normal 0 0 -1
    outer loop
      vertex 158.429 132.349 0
      vertex 140 132.6 0
      vertex 158.358 132.56 0
    endloop
  endfacet
  facet normal 0 0 -1
    outer loop
      vertex 165 0 0
      vertex 170 5 0
      vertex 169.957 4.34737 0
    endloop
  endfacet
  facet normal 0 0 -1
    outer loop
      vertex 161.685 37.2219 0
      vertex 170 5 0
      vertex 161.7 37 0
    endloop
  endfacet
  facet normal 0 0 -1
    outer loop
      vertex 165 0 0
      vertex 169.957 4.34737 0
      vertex 169.83 3.7059 0
    endloop
  endfacet
  facet normal 0 0 -1
    outer loop
      vertex 170 5 0
      vertex 161.685 37.2219 0
      vertex 170 165 0
    endloop
  endfacet
  facet normal 0 0 -1
    outer loop
      vertex 165 0 0
      vertex 169.83 3.7059 0
      vertex 169.619 3.08658 0
    endloop
  endfacet
  facet normal 0 0 -1
    outer loop
      vertex 161.7 143 0
      vertex 170 165 0
      vertex 161.7 133 0
    endloop
  endfacet
  facet normal 0 0 -1
    outer loop
      vertex 165 0 0
      vertex 169.619 3.08658 0
      vertex 169.33 2.5 0
    endloop
  endfacet
  facet normal 0 0 -1
    outer loop
      vertex 161.685 143.222 0
      vertex 170 165 0
      vertex 161.7 143 0
    endloop
  endfacet
  facet normal 0 0 -1
    outer loop
      vertex 165 0 0
      vertex 169.33 2.5 0
      vertex 168.967 1.95619 0
    endloop
  endfacet
  facet normal 0 0 -1
    outer loop
      vertex 161.642 143.44 0
      vertex 170 165 0
      vertex 161.685 143.222 0
    endloop
  endfacet
  facet normal 0 0 -1
    outer loop
      vertex 165 0 0
      vertex 168.967 1.95619 0
      vertex 168.536 1.46447 0
    endloop
  endfacet
  facet normal 0 0 -1
    outer loop
      vertex 161.571 143.651 0
      vertex 170 165 0
      vertex 161.642 143.44 0
    endloop
  endfacet
  facet normal 0 0 -1
    outer loop
      vertex 165 0 0
      vertex 168.536 1.46447 0
      vertex 168.044 1.03323 0
    endloop
  endfacet
  facet normal 0 0 -1
    outer loop
      vertex 161.472 143.85 0
      vertex 170 165 0
      vertex 161.571 143.651 0
    endloop
  endfacet
  facet normal 0 0 -1
    outer loop
      vertex 165 0 0
      vertex 168.044 1.03323 0
      vertex 167.5 0.669872 0
    endloop
  endfacet
  facet normal 0 0 -1
    outer loop
      vertex 161.349 144.035 0
      vertex 170 165 0
      vertex 161.472 143.85 0
    endloop
  endfacet
  facet normal 0 0 -1
    outer loop
      vertex 165 0 0
      vertex 167.5 0.669872 0
      vertex 166.913 0.380602 0
    endloop
  endfacet
  facet normal 0 0 -1
    outer loop
      vertex 161.202 144.202 0
      vertex 170 165 0
      vertex 161.349 144.035 0
    endloop
  endfacet
  facet normal 0 0 -1
    outer loop
      vertex 165 0 0
      vertex 166.913 0.380602 0
      vertex 166.294 0.17037 0
    endloop
  endfacet
  facet normal 0 0 -1
    outer loop
      vertex 161.035 144.349 0
      vertex 170 165 0
      vertex 161.202 144.202 0
    endloop
  endfacet
  facet normal 0 0 -1
    outer loop
      vertex 165 0 0
      vertex 166.294 0.17037 0
      vertex 165.653 0.0427752 0
    endloop
  endfacet
  facet normal 0 0 -1
    outer loop
      vertex 160.85 144.472 0
      vertex 170 165 0
      vertex 161.035 144.349 0
    endloop
  endfacet
  facet normal 0 0 -1
    outer loop
      vertex 159.778 25.3145 0
      vertex 170 5 0
      vertex 165 0 0
    endloop
  endfacet
  facet normal 0 0 -1
    outer loop
      vertex 160.651 144.571 0
      vertex 170 165 0
      vertex 160.85 144.472 0
    endloop
  endfacet
  facet normal 0 0 -1
    outer loop
      vertex 170 5 0
      vertex 161.7 27 0
      vertex 161.7 37 0
    endloop
  endfacet
  facet normal 0 0 -1
    outer loop
      vertex 170 5 0
      vertex 161.685 26.7781 0
      vertex 161.7 27 0
    endloop
  endfacet
  facet normal 0 0 -1
    outer loop
      vertex 170 5 0
      vertex 161.642 26.56 0
      vertex 161.685 26.7781 0
    endloop
  endfacet
  facet normal 0 0 -1
    outer loop
      vertex 170 5 0
      vertex 161.571 26.3494 0
      vertex 161.642 26.56 0
    endloop
  endfacet
  facet normal 0 0 -1
    outer loop
      vertex 170 5 0
      vertex 161.472 26.15 0
      vertex 161.571 26.3494 0
    endloop
  endfacet
  facet normal 0 0 -1
    outer loop
      vertex 170 5 0
      vertex 161.349 25.9651 0
      vertex 161.472 26.15 0
    endloop
  endfacet
  facet normal 0 0 -1
    outer loop
      vertex 170 5 0
      vertex 161.202 25.7979 0
      vertex 161.349 25.9651 0
    endloop
  endfacet
  facet normal 0 0 -1
    outer loop
      vertex 170 5 0
      vertex 161.035 25.6513 0
      vertex 161.202 25.7979 0
    endloop
  endfacet
  facet normal 0 0 -1
    outer loop
      vertex 170 5 0
      vertex 160.85 25.5278 0
      vertex 161.035 25.6513 0
    endloop
  endfacet
  facet normal 0 0 -1
    outer loop
      vertex 170 5 0
      vertex 160.651 25.4294 0
      vertex 160.85 25.5278 0
    endloop
  endfacet
  facet normal 0 0 -1
    outer loop
      vertex 170 5 0
      vertex 160.44 25.3579 0
      vertex 160.651 25.4294 0
    endloop
  endfacet
  facet normal 0 0 -1
    outer loop
      vertex 170 5 0
      vertex 160.222 25.3145 0
      vertex 160.44 25.3579 0
    endloop
  endfacet
  facet normal 0 0 -1
    outer loop
      vertex 170 5 0
      vertex 160 25.3 0
      vertex 160.222 25.3145 0
    endloop
  endfacet
  facet normal 0 0 -1
    outer loop
      vertex 170 5 0
      vertex 159.778 25.3145 0
      vertex 160 25.3 0
    endloop
  endfacet
  facet normal 0 0 -1
    outer loop
      vertex 165 0 0
      vertex 159.56 25.3579 0
      vertex 159.778 25.3145 0
    endloop
  endfacet
  facet normal 0 0 -1
    outer loop
      vertex 165 0 0
      vertex 159.349 25.4294 0
      vertex 159.56 25.3579 0
    endloop
  endfacet
  facet normal 0 0 -1
    outer loop
      vertex 165 0 0
      vertex 159.15 25.5278 0
      vertex 159.349 25.4294 0
    endloop
  endfacet
  facet normal 0 0 -1
    outer loop
      vertex 165 0 0
      vertex 158.965 25.6513 0
      vertex 159.15 25.5278 0
    endloop
  endfacet
  facet normal 0 0 -1
    outer loop
      vertex 138.073 30.0886 0
      vertex 158.965 25.6513 0
      vertex 165 0 0
    endloop
  endfacet
  facet normal 0 0 -1
    outer loop
      vertex 158.965 25.6513 0
      vertex 138.073 30.0886 0
      vertex 158.798 25.7979 0
    endloop
  endfacet
  facet normal 0 -0 -1
    outer loop
      vertex 138.395 30.1979 0
      vertex 158.798 25.7979 0
      vertex 138.073 30.0886 0
    endloop
  endfacet
  facet normal 0 0 -1
    outer loop
      vertex 158.798 25.7979 0
      vertex 138.395 30.1979 0
      vertex 158.651 25.9651 0
    endloop
  endfacet
  facet normal 0 -0 -1
    outer loop
      vertex 138.7 30.3483 0
      vertex 158.651 25.9651 0
      vertex 138.395 30.1979 0
    endloop
  endfacet
  facet normal 0 0 -1
    outer loop
      vertex 140 32.6 0
      vertex 158.3 37 0
      vertex 158.3 27 0
    endloop
  endfacet
  facet normal 0 0 -1
    outer loop
      vertex 158.358 132.56 0
      vertex 140 132.6 0
      vertex 158.315 132.778 0
    endloop
  endfacet
  facet normal -0 0 -1
    outer loop
      vertex 158.3 37 0
      vertex 140 32.6 0
      vertex 140 37.4 0
    endloop
  endfacet
  facet normal 0 0 -1
    outer loop
      vertex 139.652 31.3 0
      vertex 158.3 27 0
      vertex 158.315 26.7781 0
    endloop
  endfacet
  facet normal 0 0 -1
    outer loop
      vertex 139.463 31.0172 0
      vertex 158.315 26.7781 0
      vertex 158.358 26.56 0
    endloop
  endfacet
  facet normal 0 0 -1
    outer loop
      vertex 158.651 25.9651 0
      vertex 138.7 30.3483 0
      vertex 158.528 26.15 0
    endloop
  endfacet
  facet normal 0 0 -1
    outer loop
      vertex 158.3 27 0
      vertex 139.978 32.2606 0
      vertex 140 32.6 0
    endloop
  endfacet
  facet normal 0 0 -1
    outer loop
      vertex 158.3 27 0
      vertex 139.911 31.9271 0
      vertex 139.978 32.2606 0
    endloop
  endfacet
  facet normal 0 0 -1
    outer loop
      vertex 158.3 27 0
      vertex 139.802 31.605 0
      vertex 139.911 31.9271 0
    endloop
  endfacet
  facet normal 0 0 -1
    outer loop
      vertex 158.3 27 0
      vertex 139.652 31.3 0
      vertex 139.802 31.605 0
    endloop
  endfacet
  facet normal 0 0 -1
    outer loop
      vertex 158.315 26.7781 0
      vertex 139.463 31.0172 0
      vertex 139.652 31.3 0
    endloop
  endfacet
  facet normal 0 0 -1
    outer loop
      vertex 158.358 26.56 0
      vertex 139.238 30.7615 0
      vertex 139.463 31.0172 0
    endloop
  endfacet
  facet normal 0 0 -1
    outer loop
      vertex 158.429 26.3494 0
      vertex 139.238 30.7615 0
      vertex 158.358 26.56 0
    endloop
  endfacet
  facet normal 0 -0 -1
    outer loop
      vertex 139.238 30.7615 0
      vertex 158.429 26.3494 0
      vertex 138.983 30.5373 0
    endloop
  endfacet
  facet normal 0 0 -1
    outer loop
      vertex 158.528 26.15 0
      vertex 138.983 30.5373 0
      vertex 158.429 26.3494 0
    endloop
  endfacet
  facet normal 0 -0 -1
    outer loop
      vertex 138.983 30.5373 0
      vertex 158.528 26.15 0
      vertex 138.7 30.3483 0
    endloop
  endfacet
  facet normal 0 0 -1
    outer loop
      vertex 165 0 0
      vertex 137.739 30.0222 0
      vertex 138.073 30.0886 0
    endloop
  endfacet
  facet normal 0 0 -1
    outer loop
      vertex 165 0 0
      vertex 137.4 30 0
      vertex 137.739 30.0222 0
    endloop
  endfacet
  facet normal 0 0 -1
    outer loop
      vertex 165 0 0
      vertex 132.6 30 0
      vertex 137.4 30 0
    endloop
  endfacet
  facet normal 0 0 -1
    outer loop
      vertex 165 0 0
      vertex 132.261 30.0222 0
      vertex 132.6 30 0
    endloop
  endfacet
  facet normal 0 0 -1
    outer loop
      vertex 165 0 0
      vertex 131.927 30.0886 0
      vertex 132.261 30.0222 0
    endloop
  endfacet
  facet normal 0 0 -1
    outer loop
      vertex 165 0 0
      vertex 131.605 30.1979 0
      vertex 131.927 30.0886 0
    endloop
  endfacet
  facet normal 0 0 -1
    outer loop
      vertex 165 0 0
      vertex 131.3 30.3483 0
      vertex 131.605 30.1979 0
    endloop
  endfacet
  facet normal 0 0 -1
    outer loop
      vertex 38.7 30.3483 0
      vertex 131.3 30.3483 0
      vertex 165 0 0
    endloop
  endfacet
  facet normal 0 0 -1
    outer loop
      vertex 131.3 30.3483 0
      vertex 38.7 30.3483 0
      vertex 131.017 30.5373 0
    endloop
  endfacet
  facet normal 0 0 -1
    outer loop
      vertex 108 56 0
      vertex 130 37.4 0
      vertex 130 32.6 0
    endloop
  endfacet
  facet normal 0 0 -1
    outer loop
      vertex 112.243 112.243 0
      vertex 131.017 130.537 0
      vertex 112.76 111.653 0
    endloop
  endfacet
  facet normal -0 0 -1
    outer loop
      vertex 131.017 130.537 0
      vertex 112.243 112.243 0
      vertex 130.762 130.762 0
    endloop
  endfacet
  facet normal 0 0 -1
    outer loop
      vertex 108 56 0
      vertex 130 32.6 0
      vertex 130.022 32.2606 0
    endloop
  endfacet
  facet normal 0 0 -1
    outer loop
      vertex 108 56 0
      vertex 130.022 32.2606 0
      vertex 130.089 31.9271 0
    endloop
  endfacet
  facet normal 0 0 -1
    outer loop
      vertex 108 56 0
      vertex 130.089 31.9271 0
      vertex 130.198 31.605 0
    endloop
  endfacet
  facet normal 0 0 -1
    outer loop
      vertex 39.8021 31.605 0
      vertex 130.198 31.605 0
      vertex 130.348 31.3 0
    endloop
  endfacet
  facet normal 0 0 -1
    outer loop
      vertex 132.6 40 0
      vertex 113.949 61.2168 0
      vertex 114 62 0
    endloop
  endfacet
  facet normal 0 0 -1
    outer loop
      vertex 132.261 39.9778 0
      vertex 113.796 60.4471 0
      vertex 113.949 61.2168 0
    endloop
  endfacet
  facet normal 0 0 -1
    outer loop
      vertex 131.927 39.9114 0
      vertex 113.543 59.7039 0
      vertex 113.796 60.4471 0
    endloop
  endfacet
  facet normal 0 0 -1
    outer loop
      vertex 131.605 39.8021 0
      vertex 113.196 59 0
      vertex 113.543 59.7039 0
    endloop
  endfacet
  facet normal 0 0 -1
    outer loop
      vertex 131.3 39.6517 0
      vertex 112.76 58.3474 0
      vertex 113.196 59 0
    endloop
  endfacet
  facet normal 0 0 -1
    outer loop
      vertex 131.017 39.4627 0
      vertex 112.243 57.7574 0
      vertex 112.76 58.3474 0
    endloop
  endfacet
  facet normal 0 0 -1
    outer loop
      vertex 39.6517 31.3 0
      vertex 130.348 31.3 0
      vertex 130.537 31.0172 0
    endloop
  endfacet
  facet normal 0 0 -1
    outer loop
      vertex 130.537 38.9828 0
      vertex 111.653 57.2399 0
      vertex 112.243 57.7574 0
    endloop
  endfacet
  facet normal 0 0 -1
    outer loop
      vertex 130.348 38.7 0
      vertex 111 56.8038 0
      vertex 111.653 57.2399 0
    endloop
  endfacet
  facet normal 0 0 -1
    outer loop
      vertex 130.198 38.395 0
      vertex 110.296 56.4567 0
      vertex 111 56.8038 0
    endloop
  endfacet
  facet normal 0 0 -1
    outer loop
      vertex 130.089 38.0729 0
      vertex 109.553 56.2044 0
      vertex 110.296 56.4567 0
    endloop
  endfacet
  facet normal 0 0 -1
    outer loop
      vertex 130.022 37.7394 0
      vertex 108.783 56.0513 0
      vertex 109.553 56.2044 0
    endloop
  endfacet
  facet normal 0 0 -1
    outer loop
      vertex 130 37.4 0
      vertex 108 56 0
      vertex 108.783 56.0513 0
    endloop
  endfacet
  facet normal 0 0 -1
    outer loop
      vertex 39.4627 31.0172 0
      vertex 130.537 31.0172 0
      vertex 130.762 30.7615 0
    endloop
  endfacet
  facet normal 0 0 -1
    outer loop
      vertex 130.198 31.605 0
      vertex 62 56 0
      vertex 108 56 0
    endloop
  endfacet
  facet normal 0 -0 -1
    outer loop
      vertex 38.9828 30.5373 0
      vertex 131.017 30.5373 0
      vertex 38.7 30.3483 0
    endloop
  endfacet
  facet normal 0 0 -1
    outer loop
      vertex 130.348 31.3 0
      vertex 39.6517 31.3 0
      vertex 39.8021 31.605 0
    endloop
  endfacet
  facet normal 0 0 -1
    outer loop
      vertex 130.198 31.605 0
      vertex 39.8021 31.605 0
      vertex 62 56 0
    endloop
  endfacet
  facet normal 0 -0 -1
    outer loop
      vertex 39.9778 32.2606 0
      vertex 62 56 0
      vertex 39.9114 31.9271 0
    endloop
  endfacet
  facet normal 0 -0 -1
    outer loop
      vertex 40 32.6 0
      vertex 62 56 0
      vertex 39.9778 32.2606 0
    endloop
  endfacet
  facet normal 0 0 -1
    outer loop
      vertex 39.2385 39.2385 0
      vertex 57.7574 57.7574 0
      vertex 39.4627 38.9828 0
    endloop
  endfacet
  facet normal -0 0 -1
    outer loop
      vertex 58.3474 57.2399 0
      vertex 39.4627 38.9828 0
      vertex 57.7574 57.7574 0
    endloop
  endfacet
  facet normal 0 0 -1
    outer loop
      vertex 39.4627 38.9828 0
      vertex 58.3474 57.2399 0
      vertex 39.6517 38.7 0
    endloop
  endfacet
  facet normal -0 0 -1
    outer loop
      vertex 59 56.8038 0
      vertex 39.6517 38.7 0
      vertex 58.3474 57.2399 0
    endloop
  endfacet
  facet normal 0 0 -1
    outer loop
      vertex 39.6517 38.7 0
      vertex 59 56.8038 0
      vertex 39.8021 38.395 0
    endloop
  endfacet
  facet normal -0 0 -1
    outer loop
      vertex 59.7039 56.4567 0
      vertex 39.8021 38.395 0
      vertex 59 56.8038 0
    endloop
  endfacet
  facet normal 0 0 -1
    outer loop
      vertex 39.8021 38.395 0
      vertex 59.7039 56.4567 0
      vertex 39.9114 38.0729 0
    endloop
  endfacet
  facet normal -0 0 -1
    outer loop
      vertex 60.4471 56.2044 0
      vertex 39.9114 38.0729 0
      vertex 59.7039 56.4567 0
    endloop
  endfacet
  facet normal 0 0 -1
    outer loop
      vertex 39.9114 38.0729 0
      vertex 60.4471 56.2044 0
      vertex 39.9778 37.7394 0
    endloop
  endfacet
  facet normal 0 0 -1
    outer loop
      vertex 40 37.4 0
      vertex 62 56 0
      vertex 40 32.6 0
    endloop
  endfacet
  facet normal -0 0 -1
    outer loop
      vertex 61.2168 56.0513 0
      vertex 39.9778 37.7394 0
      vertex 60.4471 56.2044 0
    endloop
  endfacet
  facet normal 0 0 -1
    outer loop
      vertex 39.9778 37.7394 0
      vertex 61.2168 56.0513 0
      vertex 40 37.4 0
    endloop
  endfacet
  facet normal -0 0 -1
    outer loop
      vertex 62 56 0
      vertex 40 37.4 0
      vertex 61.2168 56.0513 0
    endloop
  endfacet
  facet normal 0 -0 -1
    outer loop
      vertex 39.9114 31.9271 0
      vertex 62 56 0
      vertex 39.8021 31.605 0
    endloop
  endfacet
  facet normal 0 0 -1
    outer loop
      vertex 130.537 31.0172 0
      vertex 39.4627 31.0172 0
      vertex 39.6517 31.3 0
    endloop
  endfacet
  facet normal 0 0 -1
    outer loop
      vertex 130.762 30.7615 0
      vertex 39.2385 30.7615 0
      vertex 39.4627 31.0172 0
    endloop
  endfacet
  facet normal -0 0 -1
    outer loop
      vertex 130.762 30.7615 0
      vertex 38.9828 30.5373 0
      vertex 39.2385 30.7615 0
    endloop
  endfacet
  facet normal 0 0 -1
    outer loop
      vertex 131.017 30.5373 0
      vertex 38.9828 30.5373 0
      vertex 130.762 30.7615 0
    endloop
  endfacet
  facet normal 0 0 -1
    outer loop
      vertex 5 0 0
      vertex 38.7 30.3483 0
      vertex 165 0 0
    endloop
  endfacet
  facet normal 0 0 -1
    outer loop
      vertex 38.7 30.3483 0
      vertex 5 0 0
      vertex 38.395 30.1979 0
    endloop
  endfacet
  facet normal 0 0 -1
    outer loop
      vertex 38.395 30.1979 0
      vertex 5 0 0
      vertex 38.0729 30.0886 0
    endloop
  endfacet
  facet normal 0 0 -1
    outer loop
      vertex 38.0729 30.0886 0
      vertex 5 0 0
      vertex 37.7394 30.0222 0
    endloop
  endfacet
  facet normal 0 0 -1
    outer loop
      vertex 37.7394 30.0222 0
      vertex 5 0 0
      vertex 37.4 30 0
    endloop
  endfacet
  facet normal -0 0 -1
    outer loop
      vertex 37.4 30 0
      vertex 5 0 0
      vertex 32.6 30 0
    endloop
  endfacet
  facet normal -0 0 -1
    outer loop
      vertex 32.6 30 0
      vertex 5 0 0
      vertex 32.2606 30.0222 0
    endloop
  endfacet
  facet normal 0 0 -1
    outer loop
      vertex 11.7 37 0
      vertex 30 37.4 0
      vertex 30 32.6 0
    endloop
  endfacet
  facet normal 0 0 -1
    outer loop
      vertex 30.0886 131.927 0
      vertex 11.7 133 0
      vertex 30.0222 132.261 0
    endloop
  endfacet
  facet normal 0 0 -1
    outer loop
      vertex 11.7 37 0
      vertex 30 32.6 0
      vertex 11.7 27 0
    endloop
  endfacet
  facet normal -0 0 -1
    outer loop
      vertex 30.0222 32.2606 0
      vertex 11.7 27 0
      vertex 30 32.6 0
    endloop
  endfacet
  facet normal -0 0 -1
    outer loop
      vertex 30.0886 31.9271 0
      vertex 11.7 27 0
      vertex 30.0222 32.2606 0
    endloop
  endfacet
  facet normal -0 0 -1
    outer loop
      vertex 30.1979 31.605 0
      vertex 11.7 27 0
      vertex 30.0886 31.9271 0
    endloop
  endfacet
  facet normal -0 0 -1
    outer loop
      vertex 30.3483 31.3 0
      vertex 11.7 27 0
      vertex 30.1979 31.605 0
    endloop
  endfacet
  facet normal 0 0 -1
    outer loop
      vertex 11.6855 26.7781 0
      vertex 30.3483 31.3 0
      vertex 30.5373 31.0172 0
    endloop
  endfacet
  facet normal 0 0 -1
    outer loop
      vertex 11.6421 26.56 0
      vertex 30.5373 31.0172 0
      vertex 30.7615 30.7615 0
    endloop
  endfacet
  facet normal 0 0 -1
    outer loop
      vertex 11.5706 26.3494 0
      vertex 30.7615 30.7615 0
      vertex 31.0172 30.5373 0
    endloop
  endfacet
  facet normal 0 0 -1
    outer loop
      vertex 11.4722 26.15 0
      vertex 31.0172 30.5373 0
      vertex 31.3 30.3483 0
    endloop
  endfacet
  facet normal 0 0 -1
    outer loop
      vertex 11.3487 25.9651 0
      vertex 31.3 30.3483 0
      vertex 31.605 30.1979 0
    endloop
  endfacet
  facet normal 0 0 -1
    outer loop
      vertex 11.2021 25.7979 0
      vertex 31.605 30.1979 0
      vertex 31.9271 30.0886 0
    endloop
  endfacet
  facet normal -0 0 -1
    outer loop
      vertex 32.2606 30.0222 0
      vertex 5 0 0
      vertex 31.9271 30.0886 0
    endloop
  endfacet
  facet normal 0 0 -1
    outer loop
      vertex 30.3483 31.3 0
      vertex 11.6855 26.7781 0
      vertex 11.7 27 0
    endloop
  endfacet
  facet normal 0 0 -1
    outer loop
      vertex 30.5373 31.0172 0
      vertex 11.6421 26.56 0
      vertex 11.6855 26.7781 0
    endloop
  endfacet
  facet normal 0 0 -1
    outer loop
      vertex 30.7615 30.7615 0
      vertex 11.5706 26.3494 0
      vertex 11.6421 26.56 0
    endloop
  endfacet
  facet normal 0 -0 -1
    outer loop
      vertex 11.0349 25.6513 0
      vertex 31.9271 30.0886 0
      vertex 5 0 0
    endloop
  endfacet
  facet normal 0 0 -1
    outer loop
      vertex 31.0172 30.5373 0
      vertex 11.4722 26.15 0
      vertex 11.5706 26.3494 0
    endloop
  endfacet
  facet normal 0 0 -1
    outer loop
      vertex 31.3 30.3483 0
      vertex 11.3487 25.9651 0
      vertex 11.4722 26.15 0
    endloop
  endfacet
  facet normal 0 0 -1
    outer loop
      vertex 31.605 30.1979 0
      vertex 11.2021 25.7979 0
      vertex 11.3487 25.9651 0
    endloop
  endfacet
  facet normal 0 0 -1
    outer loop
      vertex 31.9271 30.0886 0
      vertex 11.0349 25.6513 0
      vertex 11.2021 25.7979 0
    endloop
  endfacet
  facet normal 0 0 -1
    outer loop
      vertex 11.0349 25.6513 0
      vertex 5 0 0
      vertex 10.85 25.5278 0
    endloop
  endfacet
  facet normal 0 0 -1
    outer loop
      vertex 10.85 25.5278 0
      vertex 5 0 0
      vertex 10.6506 25.4294 0
    endloop
  endfacet
  facet normal 0 0 -1
    outer loop
      vertex 10.6506 25.4294 0
      vertex 5 0 0
      vertex 10.44 25.3579 0
    endloop
  endfacet
  facet normal 0 0 -1
    outer loop
      vertex 10.44 25.3579 0
      vertex 5 0 0
      vertex 10.2219 25.3145 0
    endloop
  endfacet
  facet normal 0 0 -1
    outer loop
      vertex 0 5 0
      vertex 10.2219 25.3145 0
      vertex 5 0 0
    endloop
  endfacet
  facet normal 0 0 -1
    outer loop
      vertex 0 5 0
      vertex 8.3 37 0
      vertex 8.3 27 0
    endloop
  endfacet
  facet normal 0 0 -1
    outer loop
      vertex 0 165 0
      vertex 8.31454 132.778 0
      vertex 0 5 0
    endloop
  endfacet
  facet normal -0 0 -1
    outer loop
      vertex 8.31454 26.7781 0
      vertex 0 5 0
      vertex 8.3 27 0
    endloop
  endfacet
  facet normal -0 0 -1
    outer loop
      vertex 8.35793 26.56 0
      vertex 0 5 0
      vertex 8.31454 26.7781 0
    endloop
  endfacet
  facet normal -0 0 -1
    outer loop
      vertex 8.4294 26.3494 0
      vertex 0 5 0
      vertex 8.35793 26.56 0
    endloop
  endfacet
  facet normal -0 0 -1
    outer loop
      vertex 8.52776 26.15 0
      vertex 0 5 0
      vertex 8.4294 26.3494 0
    endloop
  endfacet
  facet normal -0 0 -1
    outer loop
      vertex 8.6513 25.9651 0
      vertex 0 5 0
      vertex 8.52776 26.15 0
    endloop
  endfacet
  facet normal -0 0 -1
    outer loop
      vertex 8.79792 25.7979 0
      vertex 0 5 0
      vertex 8.6513 25.9651 0
    endloop
  endfacet
  facet normal -0 0 -1
    outer loop
      vertex 8.96511 25.6513 0
      vertex 0 5 0
      vertex 8.79792 25.7979 0
    endloop
  endfacet
  facet normal -0 0 -1
    outer loop
      vertex 9.15 25.5278 0
      vertex 0 5 0
      vertex 8.96511 25.6513 0
    endloop
  endfacet
  facet normal -0 0 -1
    outer loop
      vertex 9.34944 25.4294 0
      vertex 0 5 0
      vertex 9.15 25.5278 0
    endloop
  endfacet
  facet normal -0 0 -1
    outer loop
      vertex 9.56001 25.3579 0
      vertex 0 5 0
      vertex 9.34944 25.4294 0
    endloop
  endfacet
  facet normal -0 0 -1
    outer loop
      vertex 9.7781 25.3145 0
      vertex 0 5 0
      vertex 9.56001 25.3579 0
    endloop
  endfacet
  facet normal -0 0 -1
    outer loop
      vertex 10 25.3 0
      vertex 0 5 0
      vertex 9.7781 25.3145 0
    endloop
  endfacet
  facet normal 0 0 -1
    outer loop
      vertex 10.2219 25.3145 0
      vertex 0 5 0
      vertex 10 25.3 0
    endloop
  endfacet
  facet normal 0 0 -1
    outer loop
      vertex 160.44 144.642 0
      vertex 170 165 0
      vertex 160.651 144.571 0
    endloop
  endfacet
  facet normal 0 0 -1
    outer loop
      vertex 160.222 144.685 0
      vertex 170 165 0
      vertex 160.44 144.642 0
    endloop
  endfacet
  facet normal 0 0 -1
    outer loop
      vertex 160 144.7 0
      vertex 170 165 0
      vertex 160.222 144.685 0
    endloop
  endfacet
  facet normal 0 0 -1
    outer loop
      vertex 159.778 144.685 0
      vertex 170 165 0
      vertex 160 144.7 0
    endloop
  endfacet
  facet normal 0 0 -1
    outer loop
      vertex 170 165 0
      vertex 165 170 0
      vertex 169.957 165.653 0
    endloop
  endfacet
  facet normal 0 0 -1
    outer loop
      vertex 169.957 165.653 0
      vertex 165 170 0
      vertex 169.83 166.294 0
    endloop
  endfacet
  facet normal 0 0 -1
    outer loop
      vertex 169.83 166.294 0
      vertex 165 170 0
      vertex 169.619 166.913 0
    endloop
  endfacet
  facet normal 0 0 -1
    outer loop
      vertex 169.33 167.5 0
      vertex 165 170 0
      vertex 168.967 168.044 0
    endloop
  endfacet
  facet normal 0 0 -1
    outer loop
      vertex 168.967 168.044 0
      vertex 165 170 0
      vertex 168.536 168.536 0
    endloop
  endfacet
  facet normal 0 0 -1
    outer loop
      vertex 168.044 168.967 0
      vertex 165 170 0
      vertex 167.5 169.33 0
    endloop
  endfacet
  facet normal 0 0 -1
    outer loop
      vertex 167.5 169.33 0
      vertex 165 170 0
      vertex 166.913 169.619 0
    endloop
  endfacet
  facet normal 0 0 -1
    outer loop
      vertex 166.913 169.619 0
      vertex 165 170 0
      vertex 166.294 169.83 0
    endloop
  endfacet
  facet normal 0 0 -1
    outer loop
      vertex 166.294 169.83 0
      vertex 165 170 0
      vertex 165.653 169.957 0
    endloop
  endfacet
  facet normal 0 0 -1
    outer loop
      vertex 168.536 168.536 0
      vertex 165 170 0
      vertex 168.044 168.967 0
    endloop
  endfacet
  facet normal 0 0 -1
    outer loop
      vertex 169.619 166.913 0
      vertex 165 170 0
      vertex 169.33 167.5 0
    endloop
  endfacet
  facet normal -0 0 -1
    outer loop
      vertex 170 165 0
      vertex 159.778 144.685 0
      vertex 165 170 0
    endloop
  endfacet
  facet normal 0 0 -1
    outer loop
      vertex 159.56 144.642 0
      vertex 165 170 0
      vertex 159.778 144.685 0
    endloop
  endfacet
  facet normal 0 0 -1
    outer loop
      vertex 159.349 144.571 0
      vertex 165 170 0
      vertex 159.56 144.642 0
    endloop
  endfacet
  facet normal 0 0 -1
    outer loop
      vertex 159.15 144.472 0
      vertex 165 170 0
      vertex 159.349 144.571 0
    endloop
  endfacet
  facet normal 0 0 -1
    outer loop
      vertex 158.965 144.349 0
      vertex 165 170 0
      vertex 159.15 144.472 0
    endloop
  endfacet
  facet normal 0 0 -1
    outer loop
      vertex 138.073 139.911 0
      vertex 158.965 144.349 0
      vertex 158.798 144.202 0
    endloop
  endfacet
  facet normal 0 0 -1
    outer loop
      vertex 138.395 139.802 0
      vertex 158.798 144.202 0
      vertex 158.651 144.035 0
    endloop
  endfacet
  facet normal 0 0 -1
    outer loop
      vertex 138.7 139.652 0
      vertex 158.651 144.035 0
      vertex 158.528 143.85 0
    endloop
  endfacet
  facet normal 0 0 -1
    outer loop
      vertex 138.983 139.463 0
      vertex 158.528 143.85 0
      vertex 158.429 143.651 0
    endloop
  endfacet
  facet normal 0 0 -1
    outer loop
      vertex 139.238 139.238 0
      vertex 158.429 143.651 0
      vertex 158.358 143.44 0
    endloop
  endfacet
  facet normal -0 0 -1
    outer loop
      vertex 158.315 132.778 0
      vertex 140 132.6 0
      vertex 158.3 133 0
    endloop
  endfacet
  facet normal 0 0 -1
    outer loop
      vertex 140 137.4 0
      vertex 158.3 133 0
      vertex 140 132.6 0
    endloop
  endfacet
  facet normal 0 0 -1
    outer loop
      vertex 158.3 133 0
      vertex 140 137.4 0
      vertex 158.3 143 0
    endloop
  endfacet
  facet normal 0 0 -1
    outer loop
      vertex 139.978 137.739 0
      vertex 158.3 143 0
      vertex 140 137.4 0
    endloop
  endfacet
  facet normal 0 0 -1
    outer loop
      vertex 139.911 138.073 0
      vertex 158.3 143 0
      vertex 139.978 137.739 0
    endloop
  endfacet
  facet normal 0 0 -1
    outer loop
      vertex 139.802 138.395 0
      vertex 158.3 143 0
      vertex 139.911 138.073 0
    endloop
  endfacet
  facet normal 0 0 -1
    outer loop
      vertex 139.652 138.7 0
      vertex 158.3 143 0
      vertex 139.802 138.395 0
    endloop
  endfacet
  facet normal -0 0 -1
    outer loop
      vertex 158.3 143 0
      vertex 139.652 138.7 0
      vertex 158.315 143.222 0
    endloop
  endfacet
  facet normal 0 0 -1
    outer loop
      vertex 139.463 138.983 0
      vertex 158.315 143.222 0
      vertex 139.652 138.7 0
    endloop
  endfacet
  facet normal -0 0 -1
    outer loop
      vertex 158.315 143.222 0
      vertex 139.463 138.983 0
      vertex 158.358 143.44 0
    endloop
  endfacet
  facet normal 0 0 -1
    outer loop
      vertex 139.238 139.238 0
      vertex 158.358 143.44 0
      vertex 139.463 138.983 0
    endloop
  endfacet
  facet normal 0 0 -1
    outer loop
      vertex 158.429 143.651 0
      vertex 139.238 139.238 0
      vertex 138.983 139.463 0
    endloop
  endfacet
  facet normal 0 0 -1
    outer loop
      vertex 158.528 143.85 0
      vertex 138.983 139.463 0
      vertex 138.7 139.652 0
    endloop
  endfacet
  facet normal 0 0 -1
    outer loop
      vertex 158.651 144.035 0
      vertex 138.7 139.652 0
      vertex 138.395 139.802 0
    endloop
  endfacet
  facet normal 0 0 -1
    outer loop
      vertex 158.798 144.202 0
      vertex 138.395 139.802 0
      vertex 138.073 139.911 0
    endloop
  endfacet
  facet normal -0 0 -1
    outer loop
      vertex 158.965 144.349 0
      vertex 138.073 139.911 0
      vertex 165 170 0
    endloop
  endfacet
  facet normal 0 0 -1
    outer loop
      vertex 137.739 139.978 0
      vertex 165 170 0
      vertex 138.073 139.911 0
    endloop
  endfacet
  facet normal 0 0 -1
    outer loop
      vertex 137.4 140 0
      vertex 165 170 0
      vertex 137.739 139.978 0
    endloop
  endfacet
  facet normal 0 0 -1
    outer loop
      vertex 132.6 140 0
      vertex 165 170 0
      vertex 137.4 140 0
    endloop
  endfacet
  facet normal 0 0 -1
    outer loop
      vertex 132.261 139.978 0
      vertex 165 170 0
      vertex 132.6 140 0
    endloop
  endfacet
  facet normal 0 0 -1
    outer loop
      vertex 131.927 139.911 0
      vertex 165 170 0
      vertex 132.261 139.978 0
    endloop
  endfacet
  facet normal 0 0 -1
    outer loop
      vertex 131.605 139.802 0
      vertex 165 170 0
      vertex 131.927 139.911 0
    endloop
  endfacet
  facet normal 0 0 -1
    outer loop
      vertex 131.3 139.652 0
      vertex 165 170 0
      vertex 131.605 139.802 0
    endloop
  endfacet
  facet normal 0 0 -1
    outer loop
      vertex 38.7 139.652 0
      vertex 131.3 139.652 0
      vertex 131.017 139.463 0
    endloop
  endfacet
  facet normal 0 0 -1
    outer loop
      vertex 38.9828 139.463 0
      vertex 131.017 139.463 0
      vertex 130.762 139.238 0
    endloop
  endfacet
  facet normal -0 0 -1
    outer loop
      vertex 130.762 130.762 0
      vertex 112.243 112.243 0
      vertex 130.537 131.017 0
    endloop
  endfacet
  facet normal 0 0 -1
    outer loop
      vertex 111.653 112.76 0
      vertex 130.537 131.017 0
      vertex 112.243 112.243 0
    endloop
  endfacet
  facet normal -0 0 -1
    outer loop
      vertex 130.537 131.017 0
      vertex 111.653 112.76 0
      vertex 130.348 131.3 0
    endloop
  endfacet
  facet normal 0 0 -1
    outer loop
      vertex 111 113.196 0
      vertex 130.348 131.3 0
      vertex 111.653 112.76 0
    endloop
  endfacet
  facet normal -0 0 -1
    outer loop
      vertex 130.348 131.3 0
      vertex 111 113.196 0
      vertex 130.198 131.605 0
    endloop
  endfacet
  facet normal 0 0 -1
    outer loop
      vertex 110.296 113.543 0
      vertex 130.198 131.605 0
      vertex 111 113.196 0
    endloop
  endfacet
  facet normal -0 0 -1
    outer loop
      vertex 130.198 131.605 0
      vertex 110.296 113.543 0
      vertex 130.089 131.927 0
    endloop
  endfacet
  facet normal 0 0 -1
    outer loop
      vertex 109.553 113.796 0
      vertex 130.089 131.927 0
      vertex 110.296 113.543 0
    endloop
  endfacet
  facet normal -0 0 -1
    outer loop
      vertex 130.089 131.927 0
      vertex 109.553 113.796 0
      vertex 130.022 132.261 0
    endloop
  endfacet
  facet normal 0 0 -1
    outer loop
      vertex 108.783 113.949 0
      vertex 130.022 132.261 0
      vertex 109.553 113.796 0
    endloop
  endfacet
  facet normal -0 0 -1
    outer loop
      vertex 130.022 132.261 0
      vertex 108.783 113.949 0
      vertex 130 132.6 0
    endloop
  endfacet
  facet normal 0 0 -1
    outer loop
      vertex 108 114 0
      vertex 130 132.6 0
      vertex 108.783 113.949 0
    endloop
  endfacet
  facet normal -0 0 -1
    outer loop
      vertex 130 132.6 0
      vertex 108 114 0
      vertex 130 137.4 0
    endloop
  endfacet
  facet normal -0 0 -1
    outer loop
      vertex 130 137.4 0
      vertex 108 114 0
      vertex 130.022 137.739 0
    endloop
  endfacet
  facet normal -0 0 -1
    outer loop
      vertex 130.022 137.739 0
      vertex 108 114 0
      vertex 130.089 138.073 0
    endloop
  endfacet
  facet normal -0 0 -1
    outer loop
      vertex 130.089 138.073 0
      vertex 108 114 0
      vertex 130.198 138.395 0
    endloop
  endfacet
  facet normal 0 0 -1
    outer loop
      vertex 62 114 0
      vertex 130.198 138.395 0
      vertex 108 114 0
    endloop
  endfacet
  facet normal 0 0 -1
    outer loop
      vertex 39.8021 138.395 0
      vertex 130.198 138.395 0
      vertex 62 114 0
    endloop
  endfacet
  facet normal 0 0 -1
    outer loop
      vertex 130.198 138.395 0
      vertex 39.8021 138.395 0
      vertex 130.348 138.7 0
    endloop
  endfacet
  facet normal 0 0 -1
    outer loop
      vertex 39.6517 138.7 0
      vertex 130.348 138.7 0
      vertex 39.8021 138.395 0
    endloop
  endfacet
  facet normal 0 0 -1
    outer loop
      vertex 130.348 138.7 0
      vertex 39.6517 138.7 0
      vertex 130.537 138.983 0
    endloop
  endfacet
  facet normal 0 0 -1
    outer loop
      vertex 40 132.6 0
      vertex 62 114 0
      vertex 61.2168 113.949 0
    endloop
  endfacet
  facet normal 0 0 -1
    outer loop
      vertex 40 132.6 0
      vertex 61.2168 113.949 0
      vertex 60.4471 113.796 0
    endloop
  endfacet
  facet normal 0 0 -1
    outer loop
      vertex 40 132.6 0
      vertex 60.4471 113.796 0
      vertex 59.7039 113.543 0
    endloop
  endfacet
  facet normal 0 0 -1
    outer loop
      vertex 40 132.6 0
      vertex 59.7039 113.543 0
      vertex 59 113.196 0
    endloop
  endfacet
  facet normal 0 0 -1
    outer loop
      vertex 38.9828 39.4627 0
      vertex 57.7574 57.7574 0
      vertex 39.2385 39.2385 0
    endloop
  endfacet
  facet normal -0 0 -1
    outer loop
      vertex 57.7574 57.7574 0
      vertex 38.9828 39.4627 0
      vertex 57.2399 58.3474 0
    endloop
  endfacet
  facet normal 0 0 -1
    outer loop
      vertex 56 108 0
      vertex 40 132.6 0
      vertex 56.0513 108.783 0
    endloop
  endfacet
  facet normal 0 0 -1
    outer loop
      vertex 56.0513 108.783 0
      vertex 40 132.6 0
      vertex 56.2044 109.553 0
    endloop
  endfacet
  facet normal 0 0 -1
    outer loop
      vertex 40 132.6 0
      vertex 56.4567 110.296 0
      vertex 56.2044 109.553 0
    endloop
  endfacet
  facet normal 0 0 -1
    outer loop
      vertex 40 132.6 0
      vertex 56.8038 111 0
      vertex 56.4567 110.296 0
    endloop
  endfacet
  facet normal 0 0 -1
    outer loop
      vertex 40 132.6 0
      vertex 57.2399 111.653 0
      vertex 56.8038 111 0
    endloop
  endfacet
  facet normal 0 0 -1
    outer loop
      vertex 40 132.6 0
      vertex 57.7574 112.243 0
      vertex 57.2399 111.653 0
    endloop
  endfacet
  facet normal 0 0 -1
    outer loop
      vertex 40 132.6 0
      vertex 58.3474 112.76 0
      vertex 57.7574 112.243 0
    endloop
  endfacet
  facet normal 0 0 -1
    outer loop
      vertex 40 132.6 0
      vertex 59 113.196 0
      vertex 58.3474 112.76 0
    endloop
  endfacet
  facet normal 0 0 -1
    outer loop
      vertex 62 114 0
      vertex 40 132.6 0
      vertex 40 137.4 0
    endloop
  endfacet
  facet normal 0 0 -1
    outer loop
      vertex 62 114 0
      vertex 40 137.4 0
      vertex 39.9778 137.739 0
    endloop
  endfacet
  facet normal 0 0 -1
    outer loop
      vertex 62 114 0
      vertex 39.9778 137.739 0
      vertex 39.9114 138.073 0
    endloop
  endfacet
  facet normal 0 0 -1
    outer loop
      vertex 62 114 0
      vertex 39.9114 138.073 0
      vertex 39.8021 138.395 0
    endloop
  endfacet
  facet normal 0 0 -1
    outer loop
      vertex 39.4627 138.983 0
      vertex 130.537 138.983 0
      vertex 39.6517 138.7 0
    endloop
  endfacet
  facet normal 0 0 -1
    outer loop
      vertex 130.537 138.983 0
      vertex 39.4627 138.983 0
      vertex 130.762 139.238 0
    endloop
  endfacet
  facet normal 0 0 -1
    outer loop
      vertex 39.2385 139.238 0
      vertex 130.762 139.238 0
      vertex 39.4627 138.983 0
    endloop
  endfacet
  facet normal 0 0 -1
    outer loop
      vertex 38.9828 139.463 0
      vertex 130.762 139.238 0
      vertex 39.2385 139.238 0
    endloop
  endfacet
  facet normal 0 0 -1
    outer loop
      vertex 131.017 139.463 0
      vertex 38.9828 139.463 0
      vertex 38.7 139.652 0
    endloop
  endfacet
  facet normal 0 0 -1
    outer loop
      vertex 131.3 139.652 0
      vertex 38.7 139.652 0
      vertex 165 170 0
    endloop
  endfacet
  facet normal 0 0 -1
    outer loop
      vertex 5 170 0
      vertex 38.7 139.652 0
      vertex 38.395 139.802 0
    endloop
  endfacet
  facet normal 0 0 -1
    outer loop
      vertex 5 170 0
      vertex 38.395 139.802 0
      vertex 38.0729 139.911 0
    endloop
  endfacet
  facet normal 0 0 -1
    outer loop
      vertex 5 170 0
      vertex 38.0729 139.911 0
      vertex 37.7394 139.978 0
    endloop
  endfacet
  facet normal 0 0 -1
    outer loop
      vertex 5 170 0
      vertex 37.7394 139.978 0
      vertex 37.4 140 0
    endloop
  endfacet
  facet normal 0 0 -1
    outer loop
      vertex 5 170 0
      vertex 37.4 140 0
      vertex 32.6 140 0
    endloop
  endfacet
  facet normal 0 0 -1
    outer loop
      vertex 5 170 0
      vertex 32.6 140 0
      vertex 32.2606 139.978 0
    endloop
  endfacet
  facet normal 0 0 -1
    outer loop
      vertex 5 170 0
      vertex 32.2606 139.978 0
      vertex 31.9271 139.911 0
    endloop
  endfacet
  facet normal 0 0 -1
    outer loop
      vertex 30.0222 132.261 0
      vertex 11.7 133 0
      vertex 30 132.6 0
    endloop
  endfacet
  facet normal 0 0 -1
    outer loop
      vertex 30 132.6 0
      vertex 11.7 133 0
      vertex 30 137.4 0
    endloop
  endfacet
  facet normal 0 0 -1
    outer loop
      vertex 11.7 143 0
      vertex 30 137.4 0
      vertex 11.7 133 0
    endloop
  endfacet
  facet normal 0 0 -1
    outer loop
      vertex 30 137.4 0
      vertex 11.7 143 0
      vertex 30.0222 137.739 0
    endloop
  endfacet
  facet normal 0 0 -1
    outer loop
      vertex 30.0222 137.739 0
      vertex 11.7 143 0
      vertex 30.0886 138.073 0
    endloop
  endfacet
  facet normal 0 0 -1
    outer loop
      vertex 30.0886 138.073 0
      vertex 11.7 143 0
      vertex 30.1979 138.395 0
    endloop
  endfacet
  facet normal 0 0 -1
    outer loop
      vertex 30.1979 138.395 0
      vertex 11.7 143 0
      vertex 30.3483 138.7 0
    endloop
  endfacet
  facet normal 0 0 -1
    outer loop
      vertex 11.6855 143.222 0
      vertex 30.3483 138.7 0
      vertex 11.7 143 0
    endloop
  endfacet
  facet normal 0 0 -1
    outer loop
      vertex 30.3483 138.7 0
      vertex 11.6855 143.222 0
      vertex 30.5373 138.983 0
    endloop
  endfacet
  facet normal 0 0 -1
    outer loop
      vertex 11.6421 143.44 0
      vertex 30.5373 138.983 0
      vertex 11.6855 143.222 0
    endloop
  endfacet
  facet normal 0 0 -1
    outer loop
      vertex 30.5373 138.983 0
      vertex 11.6421 143.44 0
      vertex 30.7615 139.238 0
    endloop
  endfacet
  facet normal 0 0 -1
    outer loop
      vertex 11.5706 143.651 0
      vertex 30.7615 139.238 0
      vertex 11.6421 143.44 0
    endloop
  endfacet
  facet normal 0 0 -1
    outer loop
      vertex 30.7615 139.238 0
      vertex 11.5706 143.651 0
      vertex 31.0172 139.463 0
    endloop
  endfacet
  facet normal 0 0 -1
    outer loop
      vertex 11.4722 143.85 0
      vertex 31.0172 139.463 0
      vertex 11.5706 143.651 0
    endloop
  endfacet
  facet normal 0 0 -1
    outer loop
      vertex 31.0172 139.463 0
      vertex 11.4722 143.85 0
      vertex 31.3 139.652 0
    endloop
  endfacet
  facet normal 0 0 -1
    outer loop
      vertex 11.3487 144.035 0
      vertex 31.3 139.652 0
      vertex 11.4722 143.85 0
    endloop
  endfacet
  facet normal 0 0 -1
    outer loop
      vertex 31.3 139.652 0
      vertex 11.3487 144.035 0
      vertex 31.605 139.802 0
    endloop
  endfacet
  facet normal 0 0 -1
    outer loop
      vertex 11.2021 144.202 0
      vertex 31.605 139.802 0
      vertex 11.3487 144.035 0
    endloop
  endfacet
  facet normal 0 0 -1
    outer loop
      vertex 31.605 139.802 0
      vertex 11.2021 144.202 0
      vertex 31.9271 139.911 0
    endloop
  endfacet
  facet normal 0 0 -1
    outer loop
      vertex 11.0349 144.349 0
      vertex 31.9271 139.911 0
      vertex 11.2021 144.202 0
    endloop
  endfacet
  facet normal 0 0 -1
    outer loop
      vertex 31.9271 139.911 0
      vertex 11.0349 144.349 0
      vertex 5 170 0
    endloop
  endfacet
  facet normal 0 0 -1
    outer loop
      vertex 5 170 0
      vertex 11.0349 144.349 0
      vertex 10.85 144.472 0
    endloop
  endfacet
  facet normal 0 0 -1
    outer loop
      vertex 5 170 0
      vertex 10.85 144.472 0
      vertex 10.6506 144.571 0
    endloop
  endfacet
  facet normal 0 0 -1
    outer loop
      vertex 5 170 0
      vertex 10.6506 144.571 0
      vertex 10.44 144.642 0
    endloop
  endfacet
  facet normal 0 0 -1
    outer loop
      vertex 5 170 0
      vertex 10.44 144.642 0
      vertex 10.2219 144.685 0
    endloop
  endfacet
  facet normal 0 0 -1
    outer loop
      vertex 0 165 0
      vertex 10.2219 144.685 0
      vertex 10 144.7 0
    endloop
  endfacet
  facet normal 0 0 -1
    outer loop
      vertex 0 165 0
      vertex 10 144.7 0
      vertex 9.7781 144.685 0
    endloop
  endfacet
  facet normal 0 0 -1
    outer loop
      vertex 38.7 139.652 0
      vertex 5 170 0
      vertex 165 170 0
    endloop
  endfacet
  facet normal 0 0 -1
    outer loop
      vertex 0 165 0
      vertex 9.7781 144.685 0
      vertex 9.56001 144.642 0
    endloop
  endfacet
  facet normal 0 0 -1
    outer loop
      vertex 0 165 0
      vertex 9.56001 144.642 0
      vertex 9.34944 144.571 0
    endloop
  endfacet
  facet normal 0 0 -1
    outer loop
      vertex 0 165 0
      vertex 9.34944 144.571 0
      vertex 9.15 144.472 0
    endloop
  endfacet
  facet normal 0 0 -1
    outer loop
      vertex 0 165 0
      vertex 9.15 144.472 0
      vertex 8.96511 144.349 0
    endloop
  endfacet
  facet normal 0 0 -1
    outer loop
      vertex 0 165 0
      vertex 8.96511 144.349 0
      vertex 8.79792 144.202 0
    endloop
  endfacet
  facet normal 0 0 -1
    outer loop
      vertex 0 165 0
      vertex 8.79792 144.202 0
      vertex 8.6513 144.035 0
    endloop
  endfacet
  facet normal 0 0 -1
    outer loop
      vertex 0 165 0
      vertex 8.6513 144.035 0
      vertex 8.52776 143.85 0
    endloop
  endfacet
  facet normal 0 0 -1
    outer loop
      vertex 0 165 0
      vertex 8.52776 143.85 0
      vertex 8.4294 143.651 0
    endloop
  endfacet
  facet normal 0 0 -1
    outer loop
      vertex 0 165 0
      vertex 8.4294 143.651 0
      vertex 8.35793 143.44 0
    endloop
  endfacet
  facet normal 0 0 -1
    outer loop
      vertex 0 165 0
      vertex 8.35793 143.44 0
      vertex 8.31454 143.222 0
    endloop
  endfacet
  facet normal 0 0 -1
    outer loop
      vertex 0 165 0
      vertex 8.31454 143.222 0
      vertex 8.3 143 0
    endloop
  endfacet
  facet normal 0 0 -1
    outer loop
      vertex 8.31454 132.778 0
      vertex 0 165 0
      vertex 8.3 133 0
    endloop
  endfacet
  facet normal 0 0 -1
    outer loop
      vertex 0 5 0
      vertex 5 0 0
      vertex 4.34737 0.0427752 0
    endloop
  endfacet
  facet normal 0 0 -1
    outer loop
      vertex 8.3 133 0
      vertex 0 165 0
      vertex 8.3 143 0
    endloop
  endfacet
  facet normal 0 0 -1
    outer loop
      vertex 0 5 0
      vertex 4.34737 0.0427752 0
      vertex 3.7059 0.17037 0
    endloop
  endfacet
  facet normal 0 0 -1
    outer loop
      vertex 10.2219 144.685 0
      vertex 0 165 0
      vertex 5 170 0
    endloop
  endfacet
  facet normal 0 0 -1
    outer loop
      vertex 0 5 0
      vertex 3.7059 0.17037 0
      vertex 3.08658 0.380602 0
    endloop
  endfacet
  facet normal 0 0 -1
    outer loop
      vertex 5 170 0
      vertex 0 165 0
      vertex 4.34737 169.957 0
    endloop
  endfacet
  facet normal 0 0 -1
    outer loop
      vertex 0 5 0
      vertex 3.08658 0.380602 0
      vertex 2.5 0.669872 0
    endloop
  endfacet
  facet normal 0 0 -1
    outer loop
      vertex 4.34737 169.957 0
      vertex 0 165 0
      vertex 3.7059 169.83 0
    endloop
  endfacet
  facet normal 0 0 -1
    outer loop
      vertex 0 5 0
      vertex 2.5 0.669872 0
      vertex 1.95619 1.03323 0
    endloop
  endfacet
  facet normal 0 0 -1
    outer loop
      vertex 3.7059 169.83 0
      vertex 0 165 0
      vertex 3.08658 169.619 0
    endloop
  endfacet
  facet normal 0 0 -1
    outer loop
      vertex 0 5 0
      vertex 1.95619 1.03323 0
      vertex 1.46447 1.46447 0
    endloop
  endfacet
  facet normal 0 0 -1
    outer loop
      vertex 3.08658 169.619 0
      vertex 0 165 0
      vertex 2.5 169.33 0
    endloop
  endfacet
  facet normal 0 0 -1
    outer loop
      vertex 0 5 0
      vertex 1.46447 1.46447 0
      vertex 1.03323 1.95619 0
    endloop
  endfacet
  facet normal 0 0 -1
    outer loop
      vertex 2.5 169.33 0
      vertex 0 165 0
      vertex 1.95619 168.967 0
    endloop
  endfacet
  facet normal 0 0 -1
    outer loop
      vertex 0 5 0
      vertex 1.03323 1.95619 0
      vertex 0.669872 2.5 0
    endloop
  endfacet
  facet normal 0 0 -1
    outer loop
      vertex 1.95619 168.967 0
      vertex 0 165 0
      vertex 1.46447 168.536 0
    endloop
  endfacet
  facet normal 0 0 -1
    outer loop
      vertex 0 5 0
      vertex 0.669872 2.5 0
      vertex 0.380602 3.08658 0
    endloop
  endfacet
  facet normal 0 0 -1
    outer loop
      vertex 1.46447 168.536 0
      vertex 0 165 0
      vertex 1.03323 168.044 0
    endloop
  endfacet
  facet normal 0 0 -1
    outer loop
      vertex 0 5 0
      vertex 0.380602 3.08658 0
      vertex 0.17037 3.7059 0
    endloop
  endfacet
  facet normal 0 0 -1
    outer loop
      vertex 1.03323 168.044 0
      vertex 0 165 0
      vertex 0.669872 167.5 0
    endloop
  endfacet
  facet normal 0 0 -1
    outer loop
      vertex 0 5 0
      vertex 0.17037 3.7059 0
      vertex 0.0427752 4.34737 0
    endloop
  endfacet
  facet normal 0 0 -1
    outer loop
      vertex 0.669872 167.5 0
      vertex 0 165 0
      vertex 0.380602 166.913 0
    endloop
  endfacet
  facet normal 0 0 -1
    outer loop
      vertex 0.380602 166.913 0
      vertex 0 165 0
      vertex 0.17037 166.294 0
    endloop
  endfacet
  facet normal 0 0 -1
    outer loop
      vertex 0.17037 166.294 0
      vertex 0 165 0
      vertex 0.0427752 165.653 0
    endloop
  endfacet
  facet normal -0 0 1
    outer loop
      vertex 11.0349 131.651 7
      vertex 30.7615 130.762 7
      vertex 11.2021 131.798 7
    endloop
  endfacet
  facet normal 0 0 1
    outer loop
      vertex 56 62 7
      vertex 11.6855 37.2219 7
      vertex 11.7 37 7
    endloop
  endfacet
  facet normal 0 0 1
    outer loop
      vertex 30.7615 130.762 7
      vertex 11.0349 131.651 7
      vertex 31.0172 130.537 7
    endloop
  endfacet
  facet normal 0 0 1
    outer loop
      vertex 56 62 7
      vertex 11.6421 37.44 7
      vertex 11.6855 37.2219 7
    endloop
  endfacet
  facet normal -0 0 1
    outer loop
      vertex 10.85 131.528 7
      vertex 31.0172 130.537 7
      vertex 11.0349 131.651 7
    endloop
  endfacet
  facet normal 0 0 1
    outer loop
      vertex 56 62 7
      vertex 11.5706 37.6506 7
      vertex 11.6421 37.44 7
    endloop
  endfacet
  facet normal 0 0 1
    outer loop
      vertex 31.0172 130.537 7
      vertex 10.85 131.528 7
      vertex 31.3 130.348 7
    endloop
  endfacet
  facet normal 0 0 1
    outer loop
      vertex 56 62 7
      vertex 11.4722 37.85 7
      vertex 11.5706 37.6506 7
    endloop
  endfacet
  facet normal -0 0 1
    outer loop
      vertex 10.6506 131.429 7
      vertex 31.3 130.348 7
      vertex 10.85 131.528 7
    endloop
  endfacet
  facet normal 0 0 1
    outer loop
      vertex 56 62 7
      vertex 11.3487 38.0349 7
      vertex 11.4722 37.85 7
    endloop
  endfacet
  facet normal 0 0 1
    outer loop
      vertex 31.3 130.348 7
      vertex 10.6506 131.429 7
      vertex 31.605 130.198 7
    endloop
  endfacet
  facet normal 0 0 1
    outer loop
      vertex 56 62 7
      vertex 11.2021 38.2021 7
      vertex 11.3487 38.0349 7
    endloop
  endfacet
  facet normal -0 0 1
    outer loop
      vertex 10.44 131.358 7
      vertex 31.605 130.198 7
      vertex 10.6506 131.429 7
    endloop
  endfacet
  facet normal 0 0 1
    outer loop
      vertex 56 62 7
      vertex 11.0349 38.3487 7
      vertex 11.2021 38.2021 7
    endloop
  endfacet
  facet normal 0 0 1
    outer loop
      vertex 31.605 130.198 7
      vertex 10.44 131.358 7
      vertex 56 108 7
    endloop
  endfacet
  facet normal 0 0 1
    outer loop
      vertex 56 62 7
      vertex 10.85 38.4722 7
      vertex 11.0349 38.3487 7
    endloop
  endfacet
  facet normal -0 0 1
    outer loop
      vertex 10.2219 131.315 7
      vertex 56 108 7
      vertex 10.44 131.358 7
    endloop
  endfacet
  facet normal 0 0 1
    outer loop
      vertex 56 62 7
      vertex 10.6506 38.5706 7
      vertex 10.85 38.4722 7
    endloop
  endfacet
  facet normal 0 0 1
    outer loop
      vertex 56 108 7
      vertex 10.2219 131.315 7
      vertex 56 62 7
    endloop
  endfacet
  facet normal 0 0 1
    outer loop
      vertex 56 62 7
      vertex 10.44 38.6421 7
      vertex 10.6506 38.5706 7
    endloop
  endfacet
  facet normal 0 0 1
    outer loop
      vertex 10.2219 38.6855 7
      vertex 56 62 7
      vertex 10.2219 131.315 7
    endloop
  endfacet
  facet normal 0 0 1
    outer loop
      vertex 56 62 7
      vertex 10.2219 38.6855 7
      vertex 10.44 38.6421 7
    endloop
  endfacet
  facet normal -0 0 1
    outer loop
      vertex 10 131.3 7
      vertex 10.2219 38.6855 7
      vertex 10.2219 131.315 7
    endloop
  endfacet
  facet normal 0 0 1
    outer loop
      vertex 10 131.3 7
      vertex 10 38.7 7
      vertex 10.2219 38.6855 7
    endloop
  endfacet
  facet normal 0 0 1
    outer loop
      vertex 9.7781 131.315 7
      vertex 10 38.7 7
      vertex 10 131.3 7
    endloop
  endfacet
  facet normal 0 0 1
    outer loop
      vertex 9.7781 131.315 7
      vertex 9.7781 38.6855 7
      vertex 10 38.7 7
    endloop
  endfacet
  facet normal 0 0 1
    outer loop
      vertex 9.56001 131.358 7
      vertex 9.7781 38.6855 7
      vertex 9.7781 131.315 7
    endloop
  endfacet
  facet normal 0 0 1
    outer loop
      vertex 9.56001 131.358 7
      vertex 9.56001 38.6421 7
      vertex 9.7781 38.6855 7
    endloop
  endfacet
  facet normal 0 0 1
    outer loop
      vertex 9.34944 131.429 7
      vertex 9.56001 38.6421 7
      vertex 9.56001 131.358 7
    endloop
  endfacet
  facet normal 0 0 1
    outer loop
      vertex 9.34944 131.429 7
      vertex 9.34944 38.5706 7
      vertex 9.56001 38.6421 7
    endloop
  endfacet
  facet normal 0 0 1
    outer loop
      vertex 9.15 131.528 7
      vertex 9.34944 38.5706 7
      vertex 9.34944 131.429 7
    endloop
  endfacet
  facet normal 0 0 1
    outer loop
      vertex 9.15 131.528 7
      vertex 9.15 38.4722 7
      vertex 9.34944 38.5706 7
    endloop
  endfacet
  facet normal 0 0 1
    outer loop
      vertex 8.96511 131.651 7
      vertex 9.15 38.4722 7
      vertex 9.15 131.528 7
    endloop
  endfacet
  facet normal 0 0 1
    outer loop
      vertex 8.96511 131.651 7
      vertex 8.96511 38.3487 7
      vertex 9.15 38.4722 7
    endloop
  endfacet
  facet normal 0 0 1
    outer loop
      vertex 8.79792 131.798 7
      vertex 8.96511 38.3487 7
      vertex 8.96511 131.651 7
    endloop
  endfacet
  facet normal 0 0 1
    outer loop
      vertex 8.79792 131.798 7
      vertex 8.79792 38.2021 7
      vertex 8.96511 38.3487 7
    endloop
  endfacet
  facet normal 0 0 1
    outer loop
      vertex 8.6513 131.965 7
      vertex 8.79792 38.2021 7
      vertex 8.79792 131.798 7
    endloop
  endfacet
  facet normal 0 0 1
    outer loop
      vertex 8.6513 131.965 7
      vertex 8.6513 38.0349 7
      vertex 8.79792 38.2021 7
    endloop
  endfacet
  facet normal 0 0 1
    outer loop
      vertex 8.52776 132.15 7
      vertex 8.6513 38.0349 7
      vertex 8.6513 131.965 7
    endloop
  endfacet
  facet normal 0 0 1
    outer loop
      vertex 8.52776 132.15 7
      vertex 8.52776 37.85 7
      vertex 8.6513 38.0349 7
    endloop
  endfacet
  facet normal 0 0 1
    outer loop
      vertex 8.4294 132.349 7
      vertex 8.52776 37.85 7
      vertex 8.52776 132.15 7
    endloop
  endfacet
  facet normal 0 0 1
    outer loop
      vertex 8.4294 132.349 7
      vertex 8.4294 37.6506 7
      vertex 8.52776 37.85 7
    endloop
  endfacet
  facet normal 0 0 1
    outer loop
      vertex 8.35793 132.56 7
      vertex 8.4294 37.6506 7
      vertex 8.4294 132.349 7
    endloop
  endfacet
  facet normal 0 0 1
    outer loop
      vertex 8.35793 132.56 7
      vertex 8.35793 37.44 7
      vertex 8.4294 37.6506 7
    endloop
  endfacet
  facet normal 0 0 1
    outer loop
      vertex 8.31454 132.778 7
      vertex 8.35793 37.44 7
      vertex 8.35793 132.56 7
    endloop
  endfacet
  facet normal 0 0 1
    outer loop
      vertex 8.31454 132.778 7
      vertex 8.31454 37.2219 7
      vertex 8.35793 37.44 7
    endloop
  endfacet
  facet normal 0 0 1
    outer loop
      vertex 0 165 7
      vertex 8.31454 132.778 7
      vertex 8.3 133 7
    endloop
  endfacet
  facet normal 0 0 1
    outer loop
      vertex 8.31454 132.778 7
      vertex 0 165 7
      vertex 8.31454 37.2219 7
    endloop
  endfacet
  facet normal -0 0 1
    outer loop
      vertex 38.7 130.348 7
      vertex 57.2399 111.653 7
      vertex 38.9828 130.537 7
    endloop
  endfacet
  facet normal 0 0 1
    outer loop
      vertex 56 62 7
      vertex 39.9778 37.7394 7
      vertex 40 37.4 7
    endloop
  endfacet
  facet normal 0 0 1
    outer loop
      vertex 57.2399 111.653 7
      vertex 38.7 130.348 7
      vertex 56.8038 111 7
    endloop
  endfacet
  facet normal 0 0 1
    outer loop
      vertex 56 62 7
      vertex 39.9114 38.0729 7
      vertex 39.9778 37.7394 7
    endloop
  endfacet
  facet normal -0 0 1
    outer loop
      vertex 38.395 130.198 7
      vertex 56.8038 111 7
      vertex 38.7 130.348 7
    endloop
  endfacet
  facet normal 0 0 1
    outer loop
      vertex 56 62 7
      vertex 39.8021 38.395 7
      vertex 39.9114 38.0729 7
    endloop
  endfacet
  facet normal 0 0 1
    outer loop
      vertex 56.8038 111 7
      vertex 38.395 130.198 7
      vertex 56.4567 110.296 7
    endloop
  endfacet
  facet normal 0 0 1
    outer loop
      vertex 56 62 7
      vertex 39.6517 38.7 7
      vertex 39.8021 38.395 7
    endloop
  endfacet
  facet normal -0 0 1
    outer loop
      vertex 38.0729 130.089 7
      vertex 56.4567 110.296 7
      vertex 38.395 130.198 7
    endloop
  endfacet
  facet normal 0 0 1
    outer loop
      vertex 56 62 7
      vertex 39.4627 38.9828 7
      vertex 39.6517 38.7 7
    endloop
  endfacet
  facet normal 0 0 1
    outer loop
      vertex 56.4567 110.296 7
      vertex 38.0729 130.089 7
      vertex 56.2044 109.553 7
    endloop
  endfacet
  facet normal 0 0 1
    outer loop
      vertex 56 62 7
      vertex 39.2385 39.2385 7
      vertex 39.4627 38.9828 7
    endloop
  endfacet
  facet normal -0 0 1
    outer loop
      vertex 37.7394 130.022 7
      vertex 56.2044 109.553 7
      vertex 38.0729 130.089 7
    endloop
  endfacet
  facet normal 0 0 1
    outer loop
      vertex 56 62 7
      vertex 38.9828 39.4627 7
      vertex 39.2385 39.2385 7
    endloop
  endfacet
  facet normal 0 0 1
    outer loop
      vertex 56.2044 109.553 7
      vertex 37.7394 130.022 7
      vertex 56.0513 108.783 7
    endloop
  endfacet
  facet normal 0 0 1
    outer loop
      vertex 56 62 7
      vertex 38.7 39.6517 7
      vertex 38.9828 39.4627 7
    endloop
  endfacet
  facet normal -0 0 1
    outer loop
      vertex 37.4 130 7
      vertex 56.0513 108.783 7
      vertex 37.7394 130.022 7
    endloop
  endfacet
  facet normal 0 0 1
    outer loop
      vertex 56 62 7
      vertex 38.395 39.8021 7
      vertex 38.7 39.6517 7
    endloop
  endfacet
  facet normal 0 0 1
    outer loop
      vertex 56.0513 108.783 7
      vertex 37.4 130 7
      vertex 56 108 7
    endloop
  endfacet
  facet normal 0 0 1
    outer loop
      vertex 56 62 7
      vertex 38.0729 39.9114 7
      vertex 38.395 39.8021 7
    endloop
  endfacet
  facet normal -0 0 1
    outer loop
      vertex 32.6 130 7
      vertex 56 108 7
      vertex 37.4 130 7
    endloop
  endfacet
  facet normal 0 0 1
    outer loop
      vertex 56 62 7
      vertex 37.7394 39.9778 7
      vertex 38.0729 39.9114 7
    endloop
  endfacet
  facet normal 0 0 1
    outer loop
      vertex 32.2606 130.022 7
      vertex 56 108 7
      vertex 32.6 130 7
    endloop
  endfacet
  facet normal 0 0 1
    outer loop
      vertex 56 62 7
      vertex 37.4 40 7
      vertex 37.7394 39.9778 7
    endloop
  endfacet
  facet normal 0 0 1
    outer loop
      vertex 31.9271 130.089 7
      vertex 56 108 7
      vertex 32.2606 130.022 7
    endloop
  endfacet
  facet normal 0 0 1
    outer loop
      vertex 56 62 7
      vertex 32.6 40 7
      vertex 37.4 40 7
    endloop
  endfacet
  facet normal 0 0 1
    outer loop
      vertex 31.605 130.198 7
      vertex 56 108 7
      vertex 31.9271 130.089 7
    endloop
  endfacet
  facet normal 0 0 1
    outer loop
      vertex 56 62 7
      vertex 32.2606 39.9778 7
      vertex 32.6 40 7
    endloop
  endfacet
  facet normal 0 0 1
    outer loop
      vertex 30.3483 131.3 7
      vertex 11.3487 131.965 7
      vertex 30.5373 131.017 7
    endloop
  endfacet
  facet normal 0 0 1
    outer loop
      vertex 56 62 7
      vertex 31.9271 39.9114 7
      vertex 32.2606 39.9778 7
    endloop
  endfacet
  facet normal -0 0 1
    outer loop
      vertex 11.2021 131.798 7
      vertex 30.5373 131.017 7
      vertex 11.3487 131.965 7
    endloop
  endfacet
  facet normal 0 0 1
    outer loop
      vertex 56 62 7
      vertex 31.605 39.8021 7
      vertex 31.9271 39.9114 7
    endloop
  endfacet
  facet normal -0 0 1
    outer loop
      vertex 11.3487 131.965 7
      vertex 30.3483 131.3 7
      vertex 11.4722 132.15 7
    endloop
  endfacet
  facet normal 0 0 1
    outer loop
      vertex 30.5373 131.017 7
      vertex 11.2021 131.798 7
      vertex 30.7615 130.762 7
    endloop
  endfacet
  facet normal 0 0 1
    outer loop
      vertex 30.1979 131.605 7
      vertex 11.4722 132.15 7
      vertex 30.3483 131.3 7
    endloop
  endfacet
  facet normal 0 0 1
    outer loop
      vertex 56 62 7
      vertex 11.7 37 7
      vertex 31.605 39.8021 7
    endloop
  endfacet
  facet normal -0 0 1
    outer loop
      vertex 11.4722 132.15 7
      vertex 30.1979 131.605 7
      vertex 11.5706 132.349 7
    endloop
  endfacet
  facet normal 0 0 1
    outer loop
      vertex 31.605 39.8021 7
      vertex 11.7 37 7
      vertex 31.3 39.6517 7
    endloop
  endfacet
  facet normal 0 0 1
    outer loop
      vertex 30.0886 131.927 7
      vertex 11.5706 132.349 7
      vertex 30.1979 131.605 7
    endloop
  endfacet
  facet normal 0 0 1
    outer loop
      vertex 31.3 39.6517 7
      vertex 11.7 37 7
      vertex 31.0172 39.4627 7
    endloop
  endfacet
  facet normal -0 0 1
    outer loop
      vertex 11.5706 132.349 7
      vertex 30.0886 131.927 7
      vertex 11.6421 132.56 7
    endloop
  endfacet
  facet normal 0 0 1
    outer loop
      vertex 31.0172 39.4627 7
      vertex 11.7 37 7
      vertex 30.7615 39.2385 7
    endloop
  endfacet
  facet normal 0 0 1
    outer loop
      vertex 30.0222 132.261 7
      vertex 11.6421 132.56 7
      vertex 30.0886 131.927 7
    endloop
  endfacet
  facet normal 0 0 1
    outer loop
      vertex 30.7615 39.2385 7
      vertex 11.7 37 7
      vertex 30.5373 38.9828 7
    endloop
  endfacet
  facet normal -0 0 1
    outer loop
      vertex 11.6421 132.56 7
      vertex 30.0222 132.261 7
      vertex 11.6855 132.778 7
    endloop
  endfacet
  facet normal 0 0 1
    outer loop
      vertex 30.5373 38.9828 7
      vertex 11.7 37 7
      vertex 30.3483 38.7 7
    endloop
  endfacet
  facet normal 0 0 1
    outer loop
      vertex 30 132.6 7
      vertex 11.6855 132.778 7
      vertex 30.0222 132.261 7
    endloop
  endfacet
  facet normal 0 0 1
    outer loop
      vertex 30.3483 38.7 7
      vertex 11.7 37 7
      vertex 30.1979 38.395 7
    endloop
  endfacet
  facet normal -0 0 1
    outer loop
      vertex 11.6855 132.778 7
      vertex 30 132.6 7
      vertex 11.7 133 7
    endloop
  endfacet
  facet normal 0 0 1
    outer loop
      vertex 30.1979 38.395 7
      vertex 11.7 37 7
      vertex 30.0886 38.0729 7
    endloop
  endfacet
  facet normal 0 0 1
    outer loop
      vertex 158.798 131.798 7
      vertex 139.238 130.762 7
      vertex 158.965 131.651 7
    endloop
  endfacet
  facet normal 0 0 1
    outer loop
      vertex 159.56 38.6421 7
      vertex 139.978 37.7394 7
      vertex 140 37.4 7
    endloop
  endfacet
  facet normal 0 0 1
    outer loop
      vertex 138.983 130.537 7
      vertex 158.965 131.651 7
      vertex 139.238 130.762 7
    endloop
  endfacet
  facet normal 0 0 1
    outer loop
      vertex 159.56 38.6421 7
      vertex 139.911 38.0729 7
      vertex 139.978 37.7394 7
    endloop
  endfacet
  facet normal 0 0 1
    outer loop
      vertex 158.965 131.651 7
      vertex 138.983 130.537 7
      vertex 159.15 131.528 7
    endloop
  endfacet
  facet normal 0 0 1
    outer loop
      vertex 159.56 38.6421 7
      vertex 139.802 38.395 7
      vertex 139.911 38.0729 7
    endloop
  endfacet
  facet normal 0 0 1
    outer loop
      vertex 138.7 130.348 7
      vertex 159.15 131.528 7
      vertex 138.983 130.537 7
    endloop
  endfacet
  facet normal 0 0 1
    outer loop
      vertex 159.56 38.6421 7
      vertex 139.652 38.7 7
      vertex 139.802 38.395 7
    endloop
  endfacet
  facet normal 0 0 1
    outer loop
      vertex 159.15 131.528 7
      vertex 138.7 130.348 7
      vertex 159.349 131.429 7
    endloop
  endfacet
  facet normal 0 0 1
    outer loop
      vertex 159.56 38.6421 7
      vertex 139.463 38.9828 7
      vertex 139.652 38.7 7
    endloop
  endfacet
  facet normal 0 0 1
    outer loop
      vertex 138.395 130.198 7
      vertex 159.349 131.429 7
      vertex 138.7 130.348 7
    endloop
  endfacet
  facet normal 0 0 1
    outer loop
      vertex 159.56 38.6421 7
      vertex 139.238 39.2385 7
      vertex 139.463 38.9828 7
    endloop
  endfacet
  facet normal 0 0 1
    outer loop
      vertex 159.349 131.429 7
      vertex 138.395 130.198 7
      vertex 159.56 131.358 7
    endloop
  endfacet
  facet normal 0 0 1
    outer loop
      vertex 159.56 38.6421 7
      vertex 138.983 39.4627 7
      vertex 139.238 39.2385 7
    endloop
  endfacet
  facet normal 0 0 1
    outer loop
      vertex 114 108 7
      vertex 159.56 131.358 7
      vertex 138.395 130.198 7
    endloop
  endfacet
  facet normal 0 0 1
    outer loop
      vertex 159.56 38.6421 7
      vertex 138.7 39.6517 7
      vertex 138.983 39.4627 7
    endloop
  endfacet
  facet normal 0 0 1
    outer loop
      vertex 159.56 131.358 7
      vertex 114 108 7
      vertex 159.56 38.6421 7
    endloop
  endfacet
  facet normal 0 0 1
    outer loop
      vertex 159.56 38.6421 7
      vertex 138.395 39.8021 7
      vertex 138.7 39.6517 7
    endloop
  endfacet
  facet normal 0 0 1
    outer loop
      vertex 114 108 7
      vertex 138.395 130.198 7
      vertex 138.073 130.089 7
    endloop
  endfacet
  facet normal -0 0 1
    outer loop
      vertex 114 62 7
      vertex 159.56 38.6421 7
      vertex 114 108 7
    endloop
  endfacet
  facet normal 0 0 1
    outer loop
      vertex 114 108 7
      vertex 138.073 130.089 7
      vertex 137.739 130.022 7
    endloop
  endfacet
  facet normal 0 0 1
    outer loop
      vertex 159.56 38.6421 7
      vertex 114 62 7
      vertex 138.395 39.8021 7
    endloop
  endfacet
  facet normal 0 0 1
    outer loop
      vertex 114 108 7
      vertex 137.739 130.022 7
      vertex 137.4 130 7
    endloop
  endfacet
  facet normal 0 0 1
    outer loop
      vertex 138.395 39.8021 7
      vertex 114 62 7
      vertex 138.073 39.9114 7
    endloop
  endfacet
  facet normal 0 0 1
    outer loop
      vertex 114 108 7
      vertex 137.4 130 7
      vertex 132.6 130 7
    endloop
  endfacet
  facet normal 0 0 1
    outer loop
      vertex 138.073 39.9114 7
      vertex 114 62 7
      vertex 137.739 39.9778 7
    endloop
  endfacet
  facet normal 0 0 1
    outer loop
      vertex 113.949 108.783 7
      vertex 132.6 130 7
      vertex 132.261 130.022 7
    endloop
  endfacet
  facet normal 0 0 1
    outer loop
      vertex 137.739 39.9778 7
      vertex 114 62 7
      vertex 137.4 40 7
    endloop
  endfacet
  facet normal 0 0 1
    outer loop
      vertex 113.796 109.553 7
      vertex 132.261 130.022 7
      vertex 131.927 130.089 7
    endloop
  endfacet
  facet normal 0 0 1
    outer loop
      vertex 137.4 40 7
      vertex 114 62 7
      vertex 132.6 40 7
    endloop
  endfacet
  facet normal 0 0 1
    outer loop
      vertex 113.543 110.296 7
      vertex 131.927 130.089 7
      vertex 131.605 130.198 7
    endloop
  endfacet
  facet normal -0 0 1
    outer loop
      vertex 113.949 61.2168 7
      vertex 132.6 40 7
      vertex 114 62 7
    endloop
  endfacet
  facet normal 0 0 1
    outer loop
      vertex 113.196 111 7
      vertex 131.605 130.198 7
      vertex 131.3 130.348 7
    endloop
  endfacet
  facet normal 0 0 1
    outer loop
      vertex 132.6 40 7
      vertex 113.949 61.2168 7
      vertex 132.261 39.9778 7
    endloop
  endfacet
  facet normal 0 0 1
    outer loop
      vertex 112.76 111.653 7
      vertex 131.3 130.348 7
      vertex 131.017 130.537 7
    endloop
  endfacet
  facet normal -0 0 1
    outer loop
      vertex 113.796 60.4471 7
      vertex 132.261 39.9778 7
      vertex 113.949 61.2168 7
    endloop
  endfacet
  facet normal 0 0 1
    outer loop
      vertex 112.243 112.243 7
      vertex 131.017 130.537 7
      vertex 130.762 130.762 7
    endloop
  endfacet
  facet normal 0 0 1
    outer loop
      vertex 132.261 39.9778 7
      vertex 113.796 60.4471 7
      vertex 131.927 39.9114 7
    endloop
  endfacet
  facet normal 0 0 1
    outer loop
      vertex 112.243 112.243 7
      vertex 130.762 130.762 7
      vertex 130.537 131.017 7
    endloop
  endfacet
  facet normal -0 0 1
    outer loop
      vertex 113.543 59.7039 7
      vertex 131.927 39.9114 7
      vertex 113.796 60.4471 7
    endloop
  endfacet
  facet normal 0 0 1
    outer loop
      vertex 111.653 112.76 7
      vertex 130.537 131.017 7
      vertex 130.348 131.3 7
    endloop
  endfacet
  facet normal 0 0 1
    outer loop
      vertex 131.927 39.9114 7
      vertex 113.543 59.7039 7
      vertex 131.605 39.8021 7
    endloop
  endfacet
  facet normal 0 0 1
    outer loop
      vertex 111 113.196 7
      vertex 130.348 131.3 7
      vertex 130.198 131.605 7
    endloop
  endfacet
  facet normal -0 0 1
    outer loop
      vertex 113.196 59 7
      vertex 131.605 39.8021 7
      vertex 113.543 59.7039 7
    endloop
  endfacet
  facet normal 0 0 1
    outer loop
      vertex 110.296 113.543 7
      vertex 130.198 131.605 7
      vertex 130.089 131.927 7
    endloop
  endfacet
  facet normal 0 0 1
    outer loop
      vertex 131.605 39.8021 7
      vertex 113.196 59 7
      vertex 131.3 39.6517 7
    endloop
  endfacet
  facet normal 0 0 1
    outer loop
      vertex 109.553 113.796 7
      vertex 130.089 131.927 7
      vertex 130.022 132.261 7
    endloop
  endfacet
  facet normal -0 0 1
    outer loop
      vertex 112.76 58.3474 7
      vertex 131.3 39.6517 7
      vertex 113.196 59 7
    endloop
  endfacet
  facet normal 0 0 1
    outer loop
      vertex 108.783 113.949 7
      vertex 130.022 132.261 7
      vertex 130 132.6 7
    endloop
  endfacet
  facet normal 0 0 1
    outer loop
      vertex 131.3 39.6517 7
      vertex 112.76 58.3474 7
      vertex 131.017 39.4627 7
    endloop
  endfacet
  facet normal -0 0 1
    outer loop
      vertex 161.685 37.2219 7
      vertex 170 5 7
      vertex 161.685 132.778 7
    endloop
  endfacet
  facet normal 0 0 1
    outer loop
      vertex 170 5 7
      vertex 161.685 37.2219 7
      vertex 161.7 37 7
    endloop
  endfacet
  facet normal -0 0 1
    outer loop
      vertex 161.642 132.56 7
      vertex 161.685 37.2219 7
      vertex 161.685 132.778 7
    endloop
  endfacet
  facet normal 0 0 1
    outer loop
      vertex 161.642 132.56 7
      vertex 161.642 37.44 7
      vertex 161.685 37.2219 7
    endloop
  endfacet
  facet normal -0 0 1
    outer loop
      vertex 161.571 132.349 7
      vertex 161.642 37.44 7
      vertex 161.642 132.56 7
    endloop
  endfacet
  facet normal 0 0 1
    outer loop
      vertex 161.571 132.349 7
      vertex 161.571 37.6506 7
      vertex 161.642 37.44 7
    endloop
  endfacet
  facet normal -0 0 1
    outer loop
      vertex 161.472 132.15 7
      vertex 161.571 37.6506 7
      vertex 161.571 132.349 7
    endloop
  endfacet
  facet normal 0 0 1
    outer loop
      vertex 161.472 132.15 7
      vertex 161.472 37.85 7
      vertex 161.571 37.6506 7
    endloop
  endfacet
  facet normal -0 0 1
    outer loop
      vertex 161.349 131.965 7
      vertex 161.472 37.85 7
      vertex 161.472 132.15 7
    endloop
  endfacet
  facet normal 0 0 1
    outer loop
      vertex 161.349 131.965 7
      vertex 161.349 38.0349 7
      vertex 161.472 37.85 7
    endloop
  endfacet
  facet normal -0 0 1
    outer loop
      vertex 161.202 131.798 7
      vertex 161.349 38.0349 7
      vertex 161.349 131.965 7
    endloop
  endfacet
  facet normal 0 0 1
    outer loop
      vertex 161.202 131.798 7
      vertex 161.202 38.2021 7
      vertex 161.349 38.0349 7
    endloop
  endfacet
  facet normal -0 0 1
    outer loop
      vertex 161.035 131.651 7
      vertex 161.202 38.2021 7
      vertex 161.202 131.798 7
    endloop
  endfacet
  facet normal 0 0 1
    outer loop
      vertex 161.035 131.651 7
      vertex 161.035 38.3487 7
      vertex 161.202 38.2021 7
    endloop
  endfacet
  facet normal -0 0 1
    outer loop
      vertex 160.85 131.528 7
      vertex 161.035 38.3487 7
      vertex 161.035 131.651 7
    endloop
  endfacet
  facet normal 0 0 1
    outer loop
      vertex 160.85 131.528 7
      vertex 160.85 38.4722 7
      vertex 161.035 38.3487 7
    endloop
  endfacet
  facet normal -0 0 1
    outer loop
      vertex 160.651 131.429 7
      vertex 160.85 38.4722 7
      vertex 160.85 131.528 7
    endloop
  endfacet
  facet normal 0 0 1
    outer loop
      vertex 160.651 131.429 7
      vertex 160.651 38.5706 7
      vertex 160.85 38.4722 7
    endloop
  endfacet
  facet normal -0 0 1
    outer loop
      vertex 160.44 131.358 7
      vertex 160.651 38.5706 7
      vertex 160.651 131.429 7
    endloop
  endfacet
  facet normal 0 0 1
    outer loop
      vertex 160.44 131.358 7
      vertex 160.44 38.6421 7
      vertex 160.651 38.5706 7
    endloop
  endfacet
  facet normal -0 0 1
    outer loop
      vertex 160.222 131.315 7
      vertex 160.44 38.6421 7
      vertex 160.44 131.358 7
    endloop
  endfacet
  facet normal 0 0 1
    outer loop
      vertex 160.222 131.315 7
      vertex 160.222 38.6855 7
      vertex 160.44 38.6421 7
    endloop
  endfacet
  facet normal -0 0 1
    outer loop
      vertex 160 131.3 7
      vertex 160.222 38.6855 7
      vertex 160.222 131.315 7
    endloop
  endfacet
  facet normal 0 0 1
    outer loop
      vertex 160 131.3 7
      vertex 160 38.7 7
      vertex 160.222 38.6855 7
    endloop
  endfacet
  facet normal 0 0 1
    outer loop
      vertex 159.778 131.315 7
      vertex 160 38.7 7
      vertex 160 131.3 7
    endloop
  endfacet
  facet normal 0 0 1
    outer loop
      vertex 159.778 131.315 7
      vertex 159.778 38.6855 7
      vertex 160 38.7 7
    endloop
  endfacet
  facet normal 0 0 1
    outer loop
      vertex 159.56 131.358 7
      vertex 159.778 38.6855 7
      vertex 159.778 131.315 7
    endloop
  endfacet
  facet normal 0 0 1
    outer loop
      vertex 159.56 131.358 7
      vertex 159.56 38.6421 7
      vertex 159.778 38.6855 7
    endloop
  endfacet
  facet normal 0 0 1
    outer loop
      vertex 139.463 131.017 7
      vertex 158.651 131.965 7
      vertex 139.652 131.3 7
    endloop
  endfacet
  facet normal 0 0 1
    outer loop
      vertex 158.651 131.965 7
      vertex 139.463 131.017 7
      vertex 158.798 131.798 7
    endloop
  endfacet
  facet normal 0 0 1
    outer loop
      vertex 158.528 132.15 7
      vertex 139.652 131.3 7
      vertex 158.651 131.965 7
    endloop
  endfacet
  facet normal 0 0 1
    outer loop
      vertex 139.238 130.762 7
      vertex 158.798 131.798 7
      vertex 139.463 131.017 7
    endloop
  endfacet
  facet normal 0 0 1
    outer loop
      vertex 139.652 131.3 7
      vertex 158.528 132.15 7
      vertex 139.802 131.605 7
    endloop
  endfacet
  facet normal 0 0 1
    outer loop
      vertex 159.56 38.6421 7
      vertex 140 37.4 7
      vertex 159.349 38.5706 7
    endloop
  endfacet
  facet normal 0 0 1
    outer loop
      vertex 158.429 132.349 7
      vertex 139.802 131.605 7
      vertex 158.528 132.15 7
    endloop
  endfacet
  facet normal 0 0 1
    outer loop
      vertex 159.349 38.5706 7
      vertex 140 37.4 7
      vertex 159.15 38.4722 7
    endloop
  endfacet
  facet normal 0 0 1
    outer loop
      vertex 139.802 131.605 7
      vertex 158.429 132.349 7
      vertex 139.911 131.927 7
    endloop
  endfacet
  facet normal 0 0 1
    outer loop
      vertex 159.15 38.4722 7
      vertex 140 37.4 7
      vertex 158.965 38.3487 7
    endloop
  endfacet
  facet normal 0 0 1
    outer loop
      vertex 158.358 132.56 7
      vertex 139.911 131.927 7
      vertex 158.429 132.349 7
    endloop
  endfacet
  facet normal 0 0 1
    outer loop
      vertex 158.965 38.3487 7
      vertex 140 37.4 7
      vertex 158.798 38.2021 7
    endloop
  endfacet
  facet normal 0 0 1
    outer loop
      vertex 139.911 131.927 7
      vertex 158.358 132.56 7
      vertex 139.978 132.261 7
    endloop
  endfacet
  facet normal 0 0 1
    outer loop
      vertex 158.798 38.2021 7
      vertex 140 37.4 7
      vertex 158.651 38.0349 7
    endloop
  endfacet
  facet normal 0 0 1
    outer loop
      vertex 158.315 132.778 7
      vertex 139.978 132.261 7
      vertex 158.358 132.56 7
    endloop
  endfacet
  facet normal 0 0 1
    outer loop
      vertex 158.651 38.0349 7
      vertex 140 37.4 7
      vertex 158.528 37.85 7
    endloop
  endfacet
  facet normal 0 0 1
    outer loop
      vertex 139.978 132.261 7
      vertex 158.315 132.778 7
      vertex 140 132.6 7
    endloop
  endfacet
  facet normal 0 0 1
    outer loop
      vertex 158.528 37.85 7
      vertex 140 37.4 7
      vertex 158.429 37.6506 7
    endloop
  endfacet
  facet normal 0 0 1
    outer loop
      vertex 140 132.6 7
      vertex 158.315 132.778 7
      vertex 158.3 133 7
    endloop
  endfacet
  facet normal 0 0 1
    outer loop
      vertex 158.429 37.6506 7
      vertex 140 37.4 7
      vertex 158.358 37.44 7
    endloop
  endfacet
  facet normal 0 0 1
    outer loop
      vertex 165 170 7
      vertex 170 165 7
      vertex 169.957 165.653 7
    endloop
  endfacet
  facet normal 0 0 1
    outer loop
      vertex 161.685 132.778 7
      vertex 170 165 7
      vertex 161.7 133 7
    endloop
  endfacet
  facet normal 0 0 1
    outer loop
      vertex 165 170 7
      vertex 169.957 165.653 7
      vertex 169.83 166.294 7
    endloop
  endfacet
  facet normal 0 0 1
    outer loop
      vertex 170 165 7
      vertex 161.685 132.778 7
      vertex 170 5 7
    endloop
  endfacet
  facet normal 0 0 1
    outer loop
      vertex 165 170 7
      vertex 169.83 166.294 7
      vertex 169.619 166.913 7
    endloop
  endfacet
  facet normal -0 0 1
    outer loop
      vertex 161.7 27 7
      vertex 170 5 7
      vertex 161.7 37 7
    endloop
  endfacet
  facet normal 0 0 1
    outer loop
      vertex 165 170 7
      vertex 169.619 166.913 7
      vertex 169.33 167.5 7
    endloop
  endfacet
  facet normal -0 0 1
    outer loop
      vertex 161.685 26.7781 7
      vertex 170 5 7
      vertex 161.7 27 7
    endloop
  endfacet
  facet normal 0 0 1
    outer loop
      vertex 165 170 7
      vertex 169.33 167.5 7
      vertex 168.967 168.044 7
    endloop
  endfacet
  facet normal -0 0 1
    outer loop
      vertex 161.642 26.56 7
      vertex 170 5 7
      vertex 161.685 26.7781 7
    endloop
  endfacet
  facet normal 0 0 1
    outer loop
      vertex 165 170 7
      vertex 168.967 168.044 7
      vertex 168.536 168.536 7
    endloop
  endfacet
  facet normal -0 0 1
    outer loop
      vertex 161.571 26.3494 7
      vertex 170 5 7
      vertex 161.642 26.56 7
    endloop
  endfacet
  facet normal 0 0 1
    outer loop
      vertex 165 170 7
      vertex 168.536 168.536 7
      vertex 168.044 168.967 7
    endloop
  endfacet
  facet normal -0 0 1
    outer loop
      vertex 161.472 26.15 7
      vertex 170 5 7
      vertex 161.571 26.3494 7
    endloop
  endfacet
  facet normal 0 0 1
    outer loop
      vertex 165 170 7
      vertex 168.044 168.967 7
      vertex 167.5 169.33 7
    endloop
  endfacet
  facet normal -0 0 1
    outer loop
      vertex 161.349 25.9651 7
      vertex 170 5 7
      vertex 161.472 26.15 7
    endloop
  endfacet
  facet normal 0 0 1
    outer loop
      vertex 165 170 7
      vertex 167.5 169.33 7
      vertex 166.913 169.619 7
    endloop
  endfacet
  facet normal -0 0 1
    outer loop
      vertex 161.202 25.7979 7
      vertex 170 5 7
      vertex 161.349 25.9651 7
    endloop
  endfacet
  facet normal 0 0 1
    outer loop
      vertex 165 170 7
      vertex 166.913 169.619 7
      vertex 166.294 169.83 7
    endloop
  endfacet
  facet normal -0 0 1
    outer loop
      vertex 161.035 25.6513 7
      vertex 170 5 7
      vertex 161.202 25.7979 7
    endloop
  endfacet
  facet normal 0 0 1
    outer loop
      vertex 165 170 7
      vertex 166.294 169.83 7
      vertex 165.653 169.957 7
    endloop
  endfacet
  facet normal -0 0 1
    outer loop
      vertex 160.85 25.5278 7
      vertex 170 5 7
      vertex 161.035 25.6513 7
    endloop
  endfacet
  facet normal 0 0 1
    outer loop
      vertex 159.778 144.685 7
      vertex 170 165 7
      vertex 165 170 7
    endloop
  endfacet
  facet normal -0 0 1
    outer loop
      vertex 160.651 25.4294 7
      vertex 170 5 7
      vertex 160.85 25.5278 7
    endloop
  endfacet
  facet normal 0 0 1
    outer loop
      vertex 170 165 7
      vertex 161.7 143 7
      vertex 161.7 133 7
    endloop
  endfacet
  facet normal 0 0 1
    outer loop
      vertex 170 165 7
      vertex 161.685 143.222 7
      vertex 161.7 143 7
    endloop
  endfacet
  facet normal 0 0 1
    outer loop
      vertex 170 165 7
      vertex 161.642 143.44 7
      vertex 161.685 143.222 7
    endloop
  endfacet
  facet normal 0 0 1
    outer loop
      vertex 170 165 7
      vertex 161.571 143.651 7
      vertex 161.642 143.44 7
    endloop
  endfacet
  facet normal 0 0 1
    outer loop
      vertex 170 165 7
      vertex 161.472 143.85 7
      vertex 161.571 143.651 7
    endloop
  endfacet
  facet normal 0 0 1
    outer loop
      vertex 170 165 7
      vertex 161.349 144.035 7
      vertex 161.472 143.85 7
    endloop
  endfacet
  facet normal 0 0 1
    outer loop
      vertex 170 165 7
      vertex 161.202 144.202 7
      vertex 161.349 144.035 7
    endloop
  endfacet
  facet normal 0 0 1
    outer loop
      vertex 170 165 7
      vertex 161.035 144.349 7
      vertex 161.202 144.202 7
    endloop
  endfacet
  facet normal 0 0 1
    outer loop
      vertex 170 165 7
      vertex 160.85 144.472 7
      vertex 161.035 144.349 7
    endloop
  endfacet
  facet normal 0 0 1
    outer loop
      vertex 170 165 7
      vertex 160.651 144.571 7
      vertex 160.85 144.472 7
    endloop
  endfacet
  facet normal 0 0 1
    outer loop
      vertex 170 165 7
      vertex 160.44 144.642 7
      vertex 160.651 144.571 7
    endloop
  endfacet
  facet normal 0 0 1
    outer loop
      vertex 170 165 7
      vertex 160.222 144.685 7
      vertex 160.44 144.642 7
    endloop
  endfacet
  facet normal 0 0 1
    outer loop
      vertex 170 165 7
      vertex 160 144.7 7
      vertex 160.222 144.685 7
    endloop
  endfacet
  facet normal 0 0 1
    outer loop
      vertex 170 165 7
      vertex 159.778 144.685 7
      vertex 160 144.7 7
    endloop
  endfacet
  facet normal 0 0 1
    outer loop
      vertex 165 170 7
      vertex 159.56 144.642 7
      vertex 159.778 144.685 7
    endloop
  endfacet
  facet normal 0 0 1
    outer loop
      vertex 165 170 7
      vertex 159.349 144.571 7
      vertex 159.56 144.642 7
    endloop
  endfacet
  facet normal 0 0 1
    outer loop
      vertex 165 170 7
      vertex 159.15 144.472 7
      vertex 159.349 144.571 7
    endloop
  endfacet
  facet normal 0 0 1
    outer loop
      vertex 165 170 7
      vertex 158.965 144.349 7
      vertex 159.15 144.472 7
    endloop
  endfacet
  facet normal 0 0 1
    outer loop
      vertex 138.073 139.911 7
      vertex 158.965 144.349 7
      vertex 165 170 7
    endloop
  endfacet
  facet normal 0 0 1
    outer loop
      vertex 158.965 144.349 7
      vertex 138.073 139.911 7
      vertex 158.798 144.202 7
    endloop
  endfacet
  facet normal 0 -0 1
    outer loop
      vertex 138.395 139.802 7
      vertex 158.798 144.202 7
      vertex 138.073 139.911 7
    endloop
  endfacet
  facet normal 0 0 1
    outer loop
      vertex 158.798 144.202 7
      vertex 138.395 139.802 7
      vertex 158.651 144.035 7
    endloop
  endfacet
  facet normal 0 -0 1
    outer loop
      vertex 138.7 139.652 7
      vertex 158.651 144.035 7
      vertex 138.395 139.802 7
    endloop
  endfacet
  facet normal -0 0 1
    outer loop
      vertex 140 137.4 7
      vertex 158.3 133 7
      vertex 158.3 143 7
    endloop
  endfacet
  facet normal 0 0 1
    outer loop
      vertex 158.358 37.44 7
      vertex 140 37.4 7
      vertex 158.315 37.2219 7
    endloop
  endfacet
  facet normal 0 0 1
    outer loop
      vertex 158.3 133 7
      vertex 140 137.4 7
      vertex 140 132.6 7
    endloop
  endfacet
  facet normal 0 0 1
    outer loop
      vertex 139.652 138.7 7
      vertex 158.3 143 7
      vertex 158.315 143.222 7
    endloop
  endfacet
  facet normal 0 0 1
    outer loop
      vertex 139.463 138.983 7
      vertex 158.315 143.222 7
      vertex 158.358 143.44 7
    endloop
  endfacet
  facet normal 0 0 1
    outer loop
      vertex 158.651 144.035 7
      vertex 138.7 139.652 7
      vertex 158.528 143.85 7
    endloop
  endfacet
  facet normal 0 0 1
    outer loop
      vertex 158.3 143 7
      vertex 139.978 137.739 7
      vertex 140 137.4 7
    endloop
  endfacet
  facet normal 0 0 1
    outer loop
      vertex 158.3 143 7
      vertex 139.911 138.073 7
      vertex 139.978 137.739 7
    endloop
  endfacet
  facet normal 0 0 1
    outer loop
      vertex 158.3 143 7
      vertex 139.802 138.395 7
      vertex 139.911 138.073 7
    endloop
  endfacet
  facet normal 0 0 1
    outer loop
      vertex 158.3 143 7
      vertex 139.652 138.7 7
      vertex 139.802 138.395 7
    endloop
  endfacet
  facet normal 0 0 1
    outer loop
      vertex 158.315 143.222 7
      vertex 139.463 138.983 7
      vertex 139.652 138.7 7
    endloop
  endfacet
  facet normal 0 0 1
    outer loop
      vertex 158.358 143.44 7
      vertex 139.238 139.238 7
      vertex 139.463 138.983 7
    endloop
  endfacet
  facet normal 0 0 1
    outer loop
      vertex 158.429 143.651 7
      vertex 139.238 139.238 7
      vertex 158.358 143.44 7
    endloop
  endfacet
  facet normal 0 -0 1
    outer loop
      vertex 139.238 139.238 7
      vertex 158.429 143.651 7
      vertex 138.983 139.463 7
    endloop
  endfacet
  facet normal 0 0 1
    outer loop
      vertex 158.528 143.85 7
      vertex 138.983 139.463 7
      vertex 158.429 143.651 7
    endloop
  endfacet
  facet normal 0 -0 1
    outer loop
      vertex 138.983 139.463 7
      vertex 158.528 143.85 7
      vertex 138.7 139.652 7
    endloop
  endfacet
  facet normal 0 0 1
    outer loop
      vertex 165 170 7
      vertex 137.739 139.978 7
      vertex 138.073 139.911 7
    endloop
  endfacet
  facet normal 0 0 1
    outer loop
      vertex 165 170 7
      vertex 137.4 140 7
      vertex 137.739 139.978 7
    endloop
  endfacet
  facet normal 0 0 1
    outer loop
      vertex 165 170 7
      vertex 132.6 140 7
      vertex 137.4 140 7
    endloop
  endfacet
  facet normal 0 0 1
    outer loop
      vertex 165 170 7
      vertex 132.261 139.978 7
      vertex 132.6 140 7
    endloop
  endfacet
  facet normal 0 0 1
    outer loop
      vertex 165 170 7
      vertex 131.927 139.911 7
      vertex 132.261 139.978 7
    endloop
  endfacet
  facet normal 0 0 1
    outer loop
      vertex 165 170 7
      vertex 131.605 139.802 7
      vertex 131.927 139.911 7
    endloop
  endfacet
  facet normal 0 0 1
    outer loop
      vertex 165 170 7
      vertex 131.3 139.652 7
      vertex 131.605 139.802 7
    endloop
  endfacet
  facet normal 0 0 1
    outer loop
      vertex 38.7 139.652 7
      vertex 131.3 139.652 7
      vertex 165 170 7
    endloop
  endfacet
  facet normal 0 0 1
    outer loop
      vertex 131.3 139.652 7
      vertex 38.7 139.652 7
      vertex 131.017 139.463 7
    endloop
  endfacet
  facet normal 0 0 1
    outer loop
      vertex 108 114 7
      vertex 130 132.6 7
      vertex 130 137.4 7
    endloop
  endfacet
  facet normal -0 0 1
    outer loop
      vertex 112.243 57.7574 7
      vertex 131.017 39.4627 7
      vertex 112.76 58.3474 7
    endloop
  endfacet
  facet normal 0 0 1
    outer loop
      vertex 131.017 39.4627 7
      vertex 112.243 57.7574 7
      vertex 130.762 39.2385 7
    endloop
  endfacet
  facet normal 0 0 1
    outer loop
      vertex 108 114 7
      vertex 130 137.4 7
      vertex 130.022 137.739 7
    endloop
  endfacet
  facet normal 0 0 1
    outer loop
      vertex 108 114 7
      vertex 130.022 137.739 7
      vertex 130.089 138.073 7
    endloop
  endfacet
  facet normal 0 0 1
    outer loop
      vertex 108 114 7
      vertex 130.089 138.073 7
      vertex 130.198 138.395 7
    endloop
  endfacet
  facet normal 0 0 1
    outer loop
      vertex 39.8021 138.395 7
      vertex 130.198 138.395 7
      vertex 130.348 138.7 7
    endloop
  endfacet
  facet normal 0 0 1
    outer loop
      vertex 132.6 130 7
      vertex 113.949 108.783 7
      vertex 114 108 7
    endloop
  endfacet
  facet normal 0 0 1
    outer loop
      vertex 132.261 130.022 7
      vertex 113.796 109.553 7
      vertex 113.949 108.783 7
    endloop
  endfacet
  facet normal 0 0 1
    outer loop
      vertex 131.927 130.089 7
      vertex 113.543 110.296 7
      vertex 113.796 109.553 7
    endloop
  endfacet
  facet normal 0 0 1
    outer loop
      vertex 131.605 130.198 7
      vertex 113.196 111 7
      vertex 113.543 110.296 7
    endloop
  endfacet
  facet normal 0 0 1
    outer loop
      vertex 131.3 130.348 7
      vertex 112.76 111.653 7
      vertex 113.196 111 7
    endloop
  endfacet
  facet normal 0 0 1
    outer loop
      vertex 131.017 130.537 7
      vertex 112.243 112.243 7
      vertex 112.76 111.653 7
    endloop
  endfacet
  facet normal 0 0 1
    outer loop
      vertex 39.6517 138.7 7
      vertex 130.348 138.7 7
      vertex 130.537 138.983 7
    endloop
  endfacet
  facet normal 0 0 1
    outer loop
      vertex 130.537 131.017 7
      vertex 111.653 112.76 7
      vertex 112.243 112.243 7
    endloop
  endfacet
  facet normal 0 0 1
    outer loop
      vertex 130.348 131.3 7
      vertex 111 113.196 7
      vertex 111.653 112.76 7
    endloop
  endfacet
  facet normal 0 0 1
    outer loop
      vertex 130.198 131.605 7
      vertex 110.296 113.543 7
      vertex 111 113.196 7
    endloop
  endfacet
  facet normal 0 0 1
    outer loop
      vertex 130.089 131.927 7
      vertex 109.553 113.796 7
      vertex 110.296 113.543 7
    endloop
  endfacet
  facet normal 0 0 1
    outer loop
      vertex 130.022 132.261 7
      vertex 108.783 113.949 7
      vertex 109.553 113.796 7
    endloop
  endfacet
  facet normal 0 0 1
    outer loop
      vertex 130 132.6 7
      vertex 108 114 7
      vertex 108.783 113.949 7
    endloop
  endfacet
  facet normal 0 0 1
    outer loop
      vertex 39.4627 138.983 7
      vertex 130.537 138.983 7
      vertex 130.762 139.238 7
    endloop
  endfacet
  facet normal 0 0 1
    outer loop
      vertex 130.198 138.395 7
      vertex 62 114 7
      vertex 108 114 7
    endloop
  endfacet
  facet normal 0 -0 1
    outer loop
      vertex 38.9828 139.463 7
      vertex 131.017 139.463 7
      vertex 38.7 139.652 7
    endloop
  endfacet
  facet normal 0 0 1
    outer loop
      vertex 130.348 138.7 7
      vertex 39.6517 138.7 7
      vertex 39.8021 138.395 7
    endloop
  endfacet
  facet normal 0 0 1
    outer loop
      vertex 130.198 138.395 7
      vertex 39.8021 138.395 7
      vertex 62 114 7
    endloop
  endfacet
  facet normal -0 -0 1
    outer loop
      vertex 39.9778 137.739 7
      vertex 62 114 7
      vertex 39.9114 138.073 7
    endloop
  endfacet
  facet normal -0 -0 1
    outer loop
      vertex 40 137.4 7
      vertex 62 114 7
      vertex 39.9778 137.739 7
    endloop
  endfacet
  facet normal -0 0 1
    outer loop
      vertex 39.2385 130.762 7
      vertex 57.7574 112.243 7
      vertex 39.4627 131.017 7
    endloop
  endfacet
  facet normal 0 0 1
    outer loop
      vertex 58.3474 112.76 7
      vertex 39.4627 131.017 7
      vertex 57.7574 112.243 7
    endloop
  endfacet
  facet normal -0 0 1
    outer loop
      vertex 39.4627 131.017 7
      vertex 58.3474 112.76 7
      vertex 39.6517 131.3 7
    endloop
  endfacet
  facet normal 0 0 1
    outer loop
      vertex 59 113.196 7
      vertex 39.6517 131.3 7
      vertex 58.3474 112.76 7
    endloop
  endfacet
  facet normal -0 0 1
    outer loop
      vertex 39.6517 131.3 7
      vertex 59 113.196 7
      vertex 39.8021 131.605 7
    endloop
  endfacet
  facet normal 0 0 1
    outer loop
      vertex 59.7039 113.543 7
      vertex 39.8021 131.605 7
      vertex 59 113.196 7
    endloop
  endfacet
  facet normal -0 0 1
    outer loop
      vertex 39.8021 131.605 7
      vertex 59.7039 113.543 7
      vertex 39.9114 131.927 7
    endloop
  endfacet
  facet normal 0 0 1
    outer loop
      vertex 60.4471 113.796 7
      vertex 39.9114 131.927 7
      vertex 59.7039 113.543 7
    endloop
  endfacet
  facet normal -0 0 1
    outer loop
      vertex 39.9114 131.927 7
      vertex 60.4471 113.796 7
      vertex 39.9778 132.261 7
    endloop
  endfacet
  facet normal -0 0 1
    outer loop
      vertex 40 132.6 7
      vertex 62 114 7
      vertex 40 137.4 7
    endloop
  endfacet
  facet normal 0 0 1
    outer loop
      vertex 61.2168 113.949 7
      vertex 39.9778 132.261 7
      vertex 60.4471 113.796 7
    endloop
  endfacet
  facet normal -0 0 1
    outer loop
      vertex 39.9778 132.261 7
      vertex 61.2168 113.949 7
      vertex 40 132.6 7
    endloop
  endfacet
  facet normal 0 0 1
    outer loop
      vertex 62 114 7
      vertex 40 132.6 7
      vertex 61.2168 113.949 7
    endloop
  endfacet
  facet normal -0 -0 1
    outer loop
      vertex 39.9114 138.073 7
      vertex 62 114 7
      vertex 39.8021 138.395 7
    endloop
  endfacet
  facet normal 0 0 1
    outer loop
      vertex 130.537 138.983 7
      vertex 39.4627 138.983 7
      vertex 39.6517 138.7 7
    endloop
  endfacet
  facet normal 0 0 1
    outer loop
      vertex 130.762 139.238 7
      vertex 39.2385 139.238 7
      vertex 39.4627 138.983 7
    endloop
  endfacet
  facet normal 0 0 1
    outer loop
      vertex 130.762 139.238 7
      vertex 38.9828 139.463 7
      vertex 39.2385 139.238 7
    endloop
  endfacet
  facet normal 0 0 1
    outer loop
      vertex 131.017 139.463 7
      vertex 38.9828 139.463 7
      vertex 130.762 139.238 7
    endloop
  endfacet
  facet normal -0 0 1
    outer loop
      vertex 5 170 7
      vertex 38.7 139.652 7
      vertex 165 170 7
    endloop
  endfacet
  facet normal 0 0 1
    outer loop
      vertex 38.7 139.652 7
      vertex 5 170 7
      vertex 38.395 139.802 7
    endloop
  endfacet
  facet normal 0 0 1
    outer loop
      vertex 38.395 139.802 7
      vertex 5 170 7
      vertex 38.0729 139.911 7
    endloop
  endfacet
  facet normal 0 0 1
    outer loop
      vertex 38.0729 139.911 7
      vertex 5 170 7
      vertex 37.7394 139.978 7
    endloop
  endfacet
  facet normal 0 0 1
    outer loop
      vertex 37.7394 139.978 7
      vertex 5 170 7
      vertex 37.4 140 7
    endloop
  endfacet
  facet normal 0 0 1
    outer loop
      vertex 37.4 140 7
      vertex 5 170 7
      vertex 32.6 140 7
    endloop
  endfacet
  facet normal 0 0 1
    outer loop
      vertex 32.6 140 7
      vertex 5 170 7
      vertex 32.2606 139.978 7
    endloop
  endfacet
  facet normal -0 0 1
    outer loop
      vertex 11.7 133 7
      vertex 30 132.6 7
      vertex 30 137.4 7
    endloop
  endfacet
  facet normal 0 0 1
    outer loop
      vertex 30.0886 38.0729 7
      vertex 11.7 37 7
      vertex 30.0222 37.7394 7
    endloop
  endfacet
  facet normal 0 0 1
    outer loop
      vertex 11.7 133 7
      vertex 30 137.4 7
      vertex 11.7 143 7
    endloop
  endfacet
  facet normal 0 0 1
    outer loop
      vertex 30.0222 137.739 7
      vertex 11.7 143 7
      vertex 30 137.4 7
    endloop
  endfacet
  facet normal 0 0 1
    outer loop
      vertex 30.0886 138.073 7
      vertex 11.7 143 7
      vertex 30.0222 137.739 7
    endloop
  endfacet
  facet normal 0 0 1
    outer loop
      vertex 30.1979 138.395 7
      vertex 11.7 143 7
      vertex 30.0886 138.073 7
    endloop
  endfacet
  facet normal 0 0 1
    outer loop
      vertex 30.3483 138.7 7
      vertex 11.7 143 7
      vertex 30.1979 138.395 7
    endloop
  endfacet
  facet normal 0 0 1
    outer loop
      vertex 11.6855 143.222 7
      vertex 30.3483 138.7 7
      vertex 30.5373 138.983 7
    endloop
  endfacet
  facet normal 0 0 1
    outer loop
      vertex 11.6421 143.44 7
      vertex 30.5373 138.983 7
      vertex 30.7615 139.238 7
    endloop
  endfacet
  facet normal 0 0 1
    outer loop
      vertex 11.5706 143.651 7
      vertex 30.7615 139.238 7
      vertex 31.0172 139.463 7
    endloop
  endfacet
  facet normal 0 0 1
    outer loop
      vertex 11.4722 143.85 7
      vertex 31.0172 139.463 7
      vertex 31.3 139.652 7
    endloop
  endfacet
  facet normal 0 0 1
    outer loop
      vertex 11.3487 144.035 7
      vertex 31.3 139.652 7
      vertex 31.605 139.802 7
    endloop
  endfacet
  facet normal 0 0 1
    outer loop
      vertex 11.2021 144.202 7
      vertex 31.605 139.802 7
      vertex 31.9271 139.911 7
    endloop
  endfacet
  facet normal 0 0 1
    outer loop
      vertex 32.2606 139.978 7
      vertex 5 170 7
      vertex 31.9271 139.911 7
    endloop
  endfacet
  facet normal 0 0 1
    outer loop
      vertex 30.3483 138.7 7
      vertex 11.6855 143.222 7
      vertex 11.7 143 7
    endloop
  endfacet
  facet normal 0 0 1
    outer loop
      vertex 30.5373 138.983 7
      vertex 11.6421 143.44 7
      vertex 11.6855 143.222 7
    endloop
  endfacet
  facet normal 0 0 1
    outer loop
      vertex 30.7615 139.238 7
      vertex 11.5706 143.651 7
      vertex 11.6421 143.44 7
    endloop
  endfacet
  facet normal -0 -0 1
    outer loop
      vertex 11.0349 144.349 7
      vertex 31.9271 139.911 7
      vertex 5 170 7
    endloop
  endfacet
  facet normal 0 0 1
    outer loop
      vertex 31.0172 139.463 7
      vertex 11.4722 143.85 7
      vertex 11.5706 143.651 7
    endloop
  endfacet
  facet normal 0 0 1
    outer loop
      vertex 31.3 139.652 7
      vertex 11.3487 144.035 7
      vertex 11.4722 143.85 7
    endloop
  endfacet
  facet normal 0 0 1
    outer loop
      vertex 31.605 139.802 7
      vertex 11.2021 144.202 7
      vertex 11.3487 144.035 7
    endloop
  endfacet
  facet normal 0 0 1
    outer loop
      vertex 31.9271 139.911 7
      vertex 11.0349 144.349 7
      vertex 11.2021 144.202 7
    endloop
  endfacet
  facet normal 0 0 1
    outer loop
      vertex 11.0349 144.349 7
      vertex 5 170 7
      vertex 10.85 144.472 7
    endloop
  endfacet
  facet normal 0 0 1
    outer loop
      vertex 10.85 144.472 7
      vertex 5 170 7
      vertex 10.6506 144.571 7
    endloop
  endfacet
  facet normal 0 0 1
    outer loop
      vertex 10.6506 144.571 7
      vertex 5 170 7
      vertex 10.44 144.642 7
    endloop
  endfacet
  facet normal 0 0 1
    outer loop
      vertex 10.44 144.642 7
      vertex 5 170 7
      vertex 10.2219 144.685 7
    endloop
  endfacet
  facet normal -0 0 1
    outer loop
      vertex 0 165 7
      vertex 10.2219 144.685 7
      vertex 5 170 7
    endloop
  endfacet
  facet normal 0 0 1
    outer loop
      vertex 0 165 7
      vertex 8.3 133 7
      vertex 8.3 143 7
    endloop
  endfacet
  facet normal 0 0 1
    outer loop
      vertex 0 5 7
      vertex 8.31454 37.2219 7
      vertex 0 165 7
    endloop
  endfacet
  facet normal 0 0 1
    outer loop
      vertex 8.31454 143.222 7
      vertex 0 165 7
      vertex 8.3 143 7
    endloop
  endfacet
  facet normal 0 0 1
    outer loop
      vertex 8.35793 143.44 7
      vertex 0 165 7
      vertex 8.31454 143.222 7
    endloop
  endfacet
  facet normal 0 0 1
    outer loop
      vertex 8.4294 143.651 7
      vertex 0 165 7
      vertex 8.35793 143.44 7
    endloop
  endfacet
  facet normal 0 0 1
    outer loop
      vertex 8.52776 143.85 7
      vertex 0 165 7
      vertex 8.4294 143.651 7
    endloop
  endfacet
  facet normal 0 0 1
    outer loop
      vertex 8.6513 144.035 7
      vertex 0 165 7
      vertex 8.52776 143.85 7
    endloop
  endfacet
  facet normal 0 0 1
    outer loop
      vertex 8.79792 144.202 7
      vertex 0 165 7
      vertex 8.6513 144.035 7
    endloop
  endfacet
  facet normal 0 0 1
    outer loop
      vertex 8.96511 144.349 7
      vertex 0 165 7
      vertex 8.79792 144.202 7
    endloop
  endfacet
  facet normal 0 0 1
    outer loop
      vertex 9.15 144.472 7
      vertex 0 165 7
      vertex 8.96511 144.349 7
    endloop
  endfacet
  facet normal 0 0 1
    outer loop
      vertex 9.34944 144.571 7
      vertex 0 165 7
      vertex 9.15 144.472 7
    endloop
  endfacet
  facet normal 0 0 1
    outer loop
      vertex 9.56001 144.642 7
      vertex 0 165 7
      vertex 9.34944 144.571 7
    endloop
  endfacet
  facet normal 0 0 1
    outer loop
      vertex 9.7781 144.685 7
      vertex 0 165 7
      vertex 9.56001 144.642 7
    endloop
  endfacet
  facet normal 0 0 1
    outer loop
      vertex 10 144.7 7
      vertex 0 165 7
      vertex 9.7781 144.685 7
    endloop
  endfacet
  facet normal 0 0 1
    outer loop
      vertex 10.2219 144.685 7
      vertex 0 165 7
      vertex 10 144.7 7
    endloop
  endfacet
  facet normal -0 0 1
    outer loop
      vertex 160.44 25.3579 7
      vertex 170 5 7
      vertex 160.651 25.4294 7
    endloop
  endfacet
  facet normal -0 0 1
    outer loop
      vertex 160.222 25.3145 7
      vertex 170 5 7
      vertex 160.44 25.3579 7
    endloop
  endfacet
  facet normal -0 0 1
    outer loop
      vertex 160 25.3 7
      vertex 170 5 7
      vertex 160.222 25.3145 7
    endloop
  endfacet
  facet normal 0 0 1
    outer loop
      vertex 159.778 25.3145 7
      vertex 170 5 7
      vertex 160 25.3 7
    endloop
  endfacet
  facet normal 0 0 1
    outer loop
      vertex 170 5 7
      vertex 165 0 7
      vertex 169.957 4.34737 7
    endloop
  endfacet
  facet normal 0 0 1
    outer loop
      vertex 169.957 4.34737 7
      vertex 165 0 7
      vertex 169.83 3.7059 7
    endloop
  endfacet
  facet normal 0 0 1
    outer loop
      vertex 169.83 3.7059 7
      vertex 165 0 7
      vertex 169.619 3.08658 7
    endloop
  endfacet
  facet normal 0 0 1
    outer loop
      vertex 169.33 2.5 7
      vertex 165 0 7
      vertex 168.967 1.95619 7
    endloop
  endfacet
  facet normal 0 0 1
    outer loop
      vertex 168.967 1.95619 7
      vertex 165 0 7
      vertex 168.536 1.46447 7
    endloop
  endfacet
  facet normal 0 0 1
    outer loop
      vertex 168.044 1.03323 7
      vertex 165 0 7
      vertex 167.5 0.669872 7
    endloop
  endfacet
  facet normal 0 0 1
    outer loop
      vertex 167.5 0.669872 7
      vertex 165 0 7
      vertex 166.913 0.380602 7
    endloop
  endfacet
  facet normal 0 0 1
    outer loop
      vertex 166.913 0.380602 7
      vertex 165 0 7
      vertex 166.294 0.17037 7
    endloop
  endfacet
  facet normal 0 0 1
    outer loop
      vertex 166.294 0.17037 7
      vertex 165 0 7
      vertex 165.653 0.0427752 7
    endloop
  endfacet
  facet normal 0 0 1
    outer loop
      vertex 168.536 1.46447 7
      vertex 165 0 7
      vertex 168.044 1.03323 7
    endloop
  endfacet
  facet normal 0 0 1
    outer loop
      vertex 169.619 3.08658 7
      vertex 165 0 7
      vertex 169.33 2.5 7
    endloop
  endfacet
  facet normal 0 0 1
    outer loop
      vertex 170 5 7
      vertex 159.778 25.3145 7
      vertex 165 0 7
    endloop
  endfacet
  facet normal 0 0 1
    outer loop
      vertex 159.56 25.3579 7
      vertex 165 0 7
      vertex 159.778 25.3145 7
    endloop
  endfacet
  facet normal 0 0 1
    outer loop
      vertex 159.349 25.4294 7
      vertex 165 0 7
      vertex 159.56 25.3579 7
    endloop
  endfacet
  facet normal 0 0 1
    outer loop
      vertex 159.15 25.5278 7
      vertex 165 0 7
      vertex 159.349 25.4294 7
    endloop
  endfacet
  facet normal 0 0 1
    outer loop
      vertex 158.965 25.6513 7
      vertex 165 0 7
      vertex 159.15 25.5278 7
    endloop
  endfacet
  facet normal 0 0 1
    outer loop
      vertex 138.073 30.0886 7
      vertex 158.965 25.6513 7
      vertex 158.798 25.7979 7
    endloop
  endfacet
  facet normal 0 0 1
    outer loop
      vertex 138.395 30.1979 7
      vertex 158.798 25.7979 7
      vertex 158.651 25.9651 7
    endloop
  endfacet
  facet normal 0 0 1
    outer loop
      vertex 138.7 30.3483 7
      vertex 158.651 25.9651 7
      vertex 158.528 26.15 7
    endloop
  endfacet
  facet normal 0 0 1
    outer loop
      vertex 138.983 30.5373 7
      vertex 158.528 26.15 7
      vertex 158.429 26.3494 7
    endloop
  endfacet
  facet normal 0 0 1
    outer loop
      vertex 139.238 30.7615 7
      vertex 158.429 26.3494 7
      vertex 158.358 26.56 7
    endloop
  endfacet
  facet normal 0 0 1
    outer loop
      vertex 158.315 37.2219 7
      vertex 140 37.4 7
      vertex 158.3 37 7
    endloop
  endfacet
  facet normal 0 0 1
    outer loop
      vertex 140 32.6 7
      vertex 158.3 37 7
      vertex 140 37.4 7
    endloop
  endfacet
  facet normal 0 0 1
    outer loop
      vertex 158.3 37 7
      vertex 140 32.6 7
      vertex 158.3 27 7
    endloop
  endfacet
  facet normal -0 0 1
    outer loop
      vertex 139.978 32.2606 7
      vertex 158.3 27 7
      vertex 140 32.6 7
    endloop
  endfacet
  facet normal -0 0 1
    outer loop
      vertex 139.911 31.9271 7
      vertex 158.3 27 7
      vertex 139.978 32.2606 7
    endloop
  endfacet
  facet normal -0 0 1
    outer loop
      vertex 139.802 31.605 7
      vertex 158.3 27 7
      vertex 139.911 31.9271 7
    endloop
  endfacet
  facet normal -0 0 1
    outer loop
      vertex 139.652 31.3 7
      vertex 158.3 27 7
      vertex 139.802 31.605 7
    endloop
  endfacet
  facet normal 0 0 1
    outer loop
      vertex 158.3 27 7
      vertex 139.652 31.3 7
      vertex 158.315 26.7781 7
    endloop
  endfacet
  facet normal -0 0 1
    outer loop
      vertex 139.463 31.0172 7
      vertex 158.315 26.7781 7
      vertex 139.652 31.3 7
    endloop
  endfacet
  facet normal 0 0 1
    outer loop
      vertex 158.315 26.7781 7
      vertex 139.463 31.0172 7
      vertex 158.358 26.56 7
    endloop
  endfacet
  facet normal -0 0 1
    outer loop
      vertex 139.238 30.7615 7
      vertex 158.358 26.56 7
      vertex 139.463 31.0172 7
    endloop
  endfacet
  facet normal 0 0 1
    outer loop
      vertex 158.429 26.3494 7
      vertex 139.238 30.7615 7
      vertex 138.983 30.5373 7
    endloop
  endfacet
  facet normal 0 0 1
    outer loop
      vertex 158.528 26.15 7
      vertex 138.983 30.5373 7
      vertex 138.7 30.3483 7
    endloop
  endfacet
  facet normal 0 0 1
    outer loop
      vertex 158.651 25.9651 7
      vertex 138.7 30.3483 7
      vertex 138.395 30.1979 7
    endloop
  endfacet
  facet normal 0 0 1
    outer loop
      vertex 158.798 25.7979 7
      vertex 138.395 30.1979 7
      vertex 138.073 30.0886 7
    endloop
  endfacet
  facet normal 0 0 1
    outer loop
      vertex 158.965 25.6513 7
      vertex 138.073 30.0886 7
      vertex 165 0 7
    endloop
  endfacet
  facet normal -0 0 1
    outer loop
      vertex 137.739 30.0222 7
      vertex 165 0 7
      vertex 138.073 30.0886 7
    endloop
  endfacet
  facet normal -0 0 1
    outer loop
      vertex 137.4 30 7
      vertex 165 0 7
      vertex 137.739 30.0222 7
    endloop
  endfacet
  facet normal -0 0 1
    outer loop
      vertex 132.6 30 7
      vertex 165 0 7
      vertex 137.4 30 7
    endloop
  endfacet
  facet normal 0 0 1
    outer loop
      vertex 132.261 30.0222 7
      vertex 165 0 7
      vertex 132.6 30 7
    endloop
  endfacet
  facet normal 0 0 1
    outer loop
      vertex 131.927 30.0886 7
      vertex 165 0 7
      vertex 132.261 30.0222 7
    endloop
  endfacet
  facet normal 0 0 1
    outer loop
      vertex 131.605 30.1979 7
      vertex 165 0 7
      vertex 131.927 30.0886 7
    endloop
  endfacet
  facet normal 0 0 1
    outer loop
      vertex 131.3 30.3483 7
      vertex 165 0 7
      vertex 131.605 30.1979 7
    endloop
  endfacet
  facet normal 0 0 1
    outer loop
      vertex 38.7 30.3483 7
      vertex 131.3 30.3483 7
      vertex 131.017 30.5373 7
    endloop
  endfacet
  facet normal 0 0 1
    outer loop
      vertex 38.9828 30.5373 7
      vertex 131.017 30.5373 7
      vertex 130.762 30.7615 7
    endloop
  endfacet
  facet normal 0 0 1
    outer loop
      vertex 130.762 39.2385 7
      vertex 112.243 57.7574 7
      vertex 130.537 38.9828 7
    endloop
  endfacet
  facet normal -0 0 1
    outer loop
      vertex 111.653 57.2399 7
      vertex 130.537 38.9828 7
      vertex 112.243 57.7574 7
    endloop
  endfacet
  facet normal 0 0 1
    outer loop
      vertex 130.537 38.9828 7
      vertex 111.653 57.2399 7
      vertex 130.348 38.7 7
    endloop
  endfacet
  facet normal -0 0 1
    outer loop
      vertex 111 56.8038 7
      vertex 130.348 38.7 7
      vertex 111.653 57.2399 7
    endloop
  endfacet
  facet normal 0 0 1
    outer loop
      vertex 130.348 38.7 7
      vertex 111 56.8038 7
      vertex 130.198 38.395 7
    endloop
  endfacet
  facet normal -0 0 1
    outer loop
      vertex 110.296 56.4567 7
      vertex 130.198 38.395 7
      vertex 111 56.8038 7
    endloop
  endfacet
  facet normal 0 0 1
    outer loop
      vertex 130.198 38.395 7
      vertex 110.296 56.4567 7
      vertex 130.089 38.0729 7
    endloop
  endfacet
  facet normal -0 0 1
    outer loop
      vertex 109.553 56.2044 7
      vertex 130.089 38.0729 7
      vertex 110.296 56.4567 7
    endloop
  endfacet
  facet normal 0 0 1
    outer loop
      vertex 130.089 38.0729 7
      vertex 109.553 56.2044 7
      vertex 130.022 37.7394 7
    endloop
  endfacet
  facet normal -0 0 1
    outer loop
      vertex 108.783 56.0513 7
      vertex 130.022 37.7394 7
      vertex 109.553 56.2044 7
    endloop
  endfacet
  facet normal 0 0 1
    outer loop
      vertex 130.022 37.7394 7
      vertex 108.783 56.0513 7
      vertex 130 37.4 7
    endloop
  endfacet
  facet normal -0 0 1
    outer loop
      vertex 108 56 7
      vertex 130 37.4 7
      vertex 108.783 56.0513 7
    endloop
  endfacet
  facet normal 0 0 1
    outer loop
      vertex 130 37.4 7
      vertex 108 56 7
      vertex 130 32.6 7
    endloop
  endfacet
  facet normal 0 0 1
    outer loop
      vertex 130 32.6 7
      vertex 108 56 7
      vertex 130.022 32.2606 7
    endloop
  endfacet
  facet normal 0 0 1
    outer loop
      vertex 130.022 32.2606 7
      vertex 108 56 7
      vertex 130.089 31.9271 7
    endloop
  endfacet
  facet normal 0 0 1
    outer loop
      vertex 130.089 31.9271 7
      vertex 108 56 7
      vertex 130.198 31.605 7
    endloop
  endfacet
  facet normal -0 0 1
    outer loop
      vertex 62 56 7
      vertex 130.198 31.605 7
      vertex 108 56 7
    endloop
  endfacet
  facet normal 0 0 1
    outer loop
      vertex 39.8021 31.605 7
      vertex 130.198 31.605 7
      vertex 62 56 7
    endloop
  endfacet
  facet normal 0 0 1
    outer loop
      vertex 130.198 31.605 7
      vertex 39.8021 31.605 7
      vertex 130.348 31.3 7
    endloop
  endfacet
  facet normal 0 0 1
    outer loop
      vertex 39.6517 31.3 7
      vertex 130.348 31.3 7
      vertex 39.8021 31.605 7
    endloop
  endfacet
  facet normal 0 0 1
    outer loop
      vertex 130.348 31.3 7
      vertex 39.6517 31.3 7
      vertex 130.537 31.0172 7
    endloop
  endfacet
  facet normal 0 0 1
    outer loop
      vertex 40 37.4 7
      vertex 62 56 7
      vertex 61.2168 56.0513 7
    endloop
  endfacet
  facet normal 0 0 1
    outer loop
      vertex 40 37.4 7
      vertex 61.2168 56.0513 7
      vertex 60.4471 56.2044 7
    endloop
  endfacet
  facet normal 0 0 1
    outer loop
      vertex 40 37.4 7
      vertex 60.4471 56.2044 7
      vertex 59.7039 56.4567 7
    endloop
  endfacet
  facet normal 0 0 1
    outer loop
      vertex 40 37.4 7
      vertex 59.7039 56.4567 7
      vertex 59 56.8038 7
    endloop
  endfacet
  facet normal -0 0 1
    outer loop
      vertex 38.9828 130.537 7
      vertex 57.7574 112.243 7
      vertex 39.2385 130.762 7
    endloop
  endfacet
  facet normal 0 0 1
    outer loop
      vertex 57.7574 112.243 7
      vertex 38.9828 130.537 7
      vertex 57.2399 111.653 7
    endloop
  endfacet
  facet normal 0 0 1
    outer loop
      vertex 56 62 7
      vertex 40 37.4 7
      vertex 56.0513 61.2168 7
    endloop
  endfacet
  facet normal 0 0 1
    outer loop
      vertex 56.0513 61.2168 7
      vertex 40 37.4 7
      vertex 56.2044 60.4471 7
    endloop
  endfacet
  facet normal 0 0 1
    outer loop
      vertex 40 37.4 7
      vertex 56.4567 59.7039 7
      vertex 56.2044 60.4471 7
    endloop
  endfacet
  facet normal 0 0 1
    outer loop
      vertex 40 37.4 7
      vertex 56.8038 59 7
      vertex 56.4567 59.7039 7
    endloop
  endfacet
  facet normal 0 0 1
    outer loop
      vertex 40 37.4 7
      vertex 57.2399 58.3474 7
      vertex 56.8038 59 7
    endloop
  endfacet
  facet normal 0 0 1
    outer loop
      vertex 40 37.4 7
      vertex 57.7574 57.7574 7
      vertex 57.2399 58.3474 7
    endloop
  endfacet
  facet normal 0 0 1
    outer loop
      vertex 40 37.4 7
      vertex 58.3474 57.2399 7
      vertex 57.7574 57.7574 7
    endloop
  endfacet
  facet normal 0 0 1
    outer loop
      vertex 40 37.4 7
      vertex 59 56.8038 7
      vertex 58.3474 57.2399 7
    endloop
  endfacet
  facet normal 0 0 1
    outer loop
      vertex 62 56 7
      vertex 40 37.4 7
      vertex 40 32.6 7
    endloop
  endfacet
  facet normal 0 0 1
    outer loop
      vertex 62 56 7
      vertex 40 32.6 7
      vertex 39.9778 32.2606 7
    endloop
  endfacet
  facet normal 0 0 1
    outer loop
      vertex 62 56 7
      vertex 39.9778 32.2606 7
      vertex 39.9114 31.9271 7
    endloop
  endfacet
  facet normal 0 0 1
    outer loop
      vertex 62 56 7
      vertex 39.9114 31.9271 7
      vertex 39.8021 31.605 7
    endloop
  endfacet
  facet normal 0 0 1
    outer loop
      vertex 39.4627 31.0172 7
      vertex 130.537 31.0172 7
      vertex 39.6517 31.3 7
    endloop
  endfacet
  facet normal 0 0 1
    outer loop
      vertex 130.537 31.0172 7
      vertex 39.4627 31.0172 7
      vertex 130.762 30.7615 7
    endloop
  endfacet
  facet normal 0 0 1
    outer loop
      vertex 39.2385 30.7615 7
      vertex 130.762 30.7615 7
      vertex 39.4627 31.0172 7
    endloop
  endfacet
  facet normal 0 0 1
    outer loop
      vertex 38.9828 30.5373 7
      vertex 130.762 30.7615 7
      vertex 39.2385 30.7615 7
    endloop
  endfacet
  facet normal 0 0 1
    outer loop
      vertex 131.017 30.5373 7
      vertex 38.9828 30.5373 7
      vertex 38.7 30.3483 7
    endloop
  endfacet
  facet normal 0 0 1
    outer loop
      vertex 131.3 30.3483 7
      vertex 38.7 30.3483 7
      vertex 165 0 7
    endloop
  endfacet
  facet normal 0 0 1
    outer loop
      vertex 5 0 7
      vertex 38.7 30.3483 7
      vertex 38.395 30.1979 7
    endloop
  endfacet
  facet normal 0 0 1
    outer loop
      vertex 5 0 7
      vertex 38.395 30.1979 7
      vertex 38.0729 30.0886 7
    endloop
  endfacet
  facet normal 0 0 1
    outer loop
      vertex 5 0 7
      vertex 38.0729 30.0886 7
      vertex 37.7394 30.0222 7
    endloop
  endfacet
  facet normal 0 0 1
    outer loop
      vertex 5 0 7
      vertex 37.7394 30.0222 7
      vertex 37.4 30 7
    endloop
  endfacet
  facet normal 0 0 1
    outer loop
      vertex 5 0 7
      vertex 37.4 30 7
      vertex 32.6 30 7
    endloop
  endfacet
  facet normal 0 0 1
    outer loop
      vertex 5 0 7
      vertex 32.6 30 7
      vertex 32.2606 30.0222 7
    endloop
  endfacet
  facet normal 0 0 1
    outer loop
      vertex 5 0 7
      vertex 32.2606 30.0222 7
      vertex 31.9271 30.0886 7
    endloop
  endfacet
  facet normal 0 0 1
    outer loop
      vertex 30.0222 37.7394 7
      vertex 11.7 37 7
      vertex 30 37.4 7
    endloop
  endfacet
  facet normal 0 0 1
    outer loop
      vertex 30 37.4 7
      vertex 11.7 37 7
      vertex 30 32.6 7
    endloop
  endfacet
  facet normal 0 0 1
    outer loop
      vertex 11.7 27 7
      vertex 30 32.6 7
      vertex 11.7 37 7
    endloop
  endfacet
  facet normal 0 0 1
    outer loop
      vertex 30 32.6 7
      vertex 11.7 27 7
      vertex 30.0222 32.2606 7
    endloop
  endfacet
  facet normal 0 0 1
    outer loop
      vertex 30.0222 32.2606 7
      vertex 11.7 27 7
      vertex 30.0886 31.9271 7
    endloop
  endfacet
  facet normal 0 0 1
    outer loop
      vertex 30.0886 31.9271 7
      vertex 11.7 27 7
      vertex 30.1979 31.605 7
    endloop
  endfacet
  facet normal 0 0 1
    outer loop
      vertex 30.1979 31.605 7
      vertex 11.7 27 7
      vertex 30.3483 31.3 7
    endloop
  endfacet
  facet normal 0 0 1
    outer loop
      vertex 11.6855 26.7781 7
      vertex 30.3483 31.3 7
      vertex 11.7 27 7
    endloop
  endfacet
  facet normal 0 0 1
    outer loop
      vertex 30.3483 31.3 7
      vertex 11.6855 26.7781 7
      vertex 30.5373 31.0172 7
    endloop
  endfacet
  facet normal 0 0 1
    outer loop
      vertex 11.6421 26.56 7
      vertex 30.5373 31.0172 7
      vertex 11.6855 26.7781 7
    endloop
  endfacet
  facet normal 0 0 1
    outer loop
      vertex 30.5373 31.0172 7
      vertex 11.6421 26.56 7
      vertex 30.7615 30.7615 7
    endloop
  endfacet
  facet normal 0 0 1
    outer loop
      vertex 11.5706 26.3494 7
      vertex 30.7615 30.7615 7
      vertex 11.6421 26.56 7
    endloop
  endfacet
  facet normal 0 0 1
    outer loop
      vertex 30.7615 30.7615 7
      vertex 11.5706 26.3494 7
      vertex 31.0172 30.5373 7
    endloop
  endfacet
  facet normal 0 0 1
    outer loop
      vertex 11.4722 26.15 7
      vertex 31.0172 30.5373 7
      vertex 11.5706 26.3494 7
    endloop
  endfacet
  facet normal 0 0 1
    outer loop
      vertex 31.0172 30.5373 7
      vertex 11.4722 26.15 7
      vertex 31.3 30.3483 7
    endloop
  endfacet
  facet normal 0 0 1
    outer loop
      vertex 11.3487 25.9651 7
      vertex 31.3 30.3483 7
      vertex 11.4722 26.15 7
    endloop
  endfacet
  facet normal 0 0 1
    outer loop
      vertex 31.3 30.3483 7
      vertex 11.3487 25.9651 7
      vertex 31.605 30.1979 7
    endloop
  endfacet
  facet normal 0 0 1
    outer loop
      vertex 11.2021 25.7979 7
      vertex 31.605 30.1979 7
      vertex 11.3487 25.9651 7
    endloop
  endfacet
  facet normal 0 0 1
    outer loop
      vertex 31.605 30.1979 7
      vertex 11.2021 25.7979 7
      vertex 31.9271 30.0886 7
    endloop
  endfacet
  facet normal 0 0 1
    outer loop
      vertex 11.0349 25.6513 7
      vertex 31.9271 30.0886 7
      vertex 11.2021 25.7979 7
    endloop
  endfacet
  facet normal 0 0 1
    outer loop
      vertex 31.9271 30.0886 7
      vertex 11.0349 25.6513 7
      vertex 5 0 7
    endloop
  endfacet
  facet normal 0 0 1
    outer loop
      vertex 5 0 7
      vertex 11.0349 25.6513 7
      vertex 10.85 25.5278 7
    endloop
  endfacet
  facet normal 0 0 1
    outer loop
      vertex 5 0 7
      vertex 10.85 25.5278 7
      vertex 10.6506 25.4294 7
    endloop
  endfacet
  facet normal 0 0 1
    outer loop
      vertex 5 0 7
      vertex 10.6506 25.4294 7
      vertex 10.44 25.3579 7
    endloop
  endfacet
  facet normal 0 0 1
    outer loop
      vertex 5 0 7
      vertex 10.44 25.3579 7
      vertex 10.2219 25.3145 7
    endloop
  endfacet
  facet normal 0 0 1
    outer loop
      vertex 0 5 7
      vertex 10.2219 25.3145 7
      vertex 10 25.3 7
    endloop
  endfacet
  facet normal 0 0 1
    outer loop
      vertex 0 5 7
      vertex 10 25.3 7
      vertex 9.7781 25.3145 7
    endloop
  endfacet
  facet normal 0 0 1
    outer loop
      vertex 38.7 30.3483 7
      vertex 5 0 7
      vertex 165 0 7
    endloop
  endfacet
  facet normal 0 0 1
    outer loop
      vertex 0 5 7
      vertex 9.7781 25.3145 7
      vertex 9.56001 25.3579 7
    endloop
  endfacet
  facet normal 0 0 1
    outer loop
      vertex 0 5 7
      vertex 9.56001 25.3579 7
      vertex 9.34944 25.4294 7
    endloop
  endfacet
  facet normal 0 0 1
    outer loop
      vertex 0 5 7
      vertex 9.34944 25.4294 7
      vertex 9.15 25.5278 7
    endloop
  endfacet
  facet normal 0 0 1
    outer loop
      vertex 0 5 7
      vertex 9.15 25.5278 7
      vertex 8.96511 25.6513 7
    endloop
  endfacet
  facet normal 0 0 1
    outer loop
      vertex 0 5 7
      vertex 8.96511 25.6513 7
      vertex 8.79792 25.7979 7
    endloop
  endfacet
  facet normal 0 0 1
    outer loop
      vertex 0 5 7
      vertex 8.79792 25.7979 7
      vertex 8.6513 25.9651 7
    endloop
  endfacet
  facet normal 0 0 1
    outer loop
      vertex 0 5 7
      vertex 8.6513 25.9651 7
      vertex 8.52776 26.15 7
    endloop
  endfacet
  facet normal 0 0 1
    outer loop
      vertex 0 5 7
      vertex 8.52776 26.15 7
      vertex 8.4294 26.3494 7
    endloop
  endfacet
  facet normal 0 0 1
    outer loop
      vertex 0 5 7
      vertex 8.4294 26.3494 7
      vertex 8.35793 26.56 7
    endloop
  endfacet
  facet normal 0 0 1
    outer loop
      vertex 0 5 7
      vertex 8.35793 26.56 7
      vertex 8.31454 26.7781 7
    endloop
  endfacet
  facet normal 0 0 1
    outer loop
      vertex 0 5 7
      vertex 8.31454 26.7781 7
      vertex 8.3 27 7
    endloop
  endfacet
  facet normal 0 0 1
    outer loop
      vertex 8.31454 37.2219 7
      vertex 0 5 7
      vertex 8.3 37 7
    endloop
  endfacet
  facet normal 0 0 1
    outer loop
      vertex 0 165 7
      vertex 5 170 7
      vertex 4.34737 169.957 7
    endloop
  endfacet
  facet normal 0 0 1
    outer loop
      vertex 8.3 37 7
      vertex 0 5 7
      vertex 8.3 27 7
    endloop
  endfacet
  facet normal 0 0 1
    outer loop
      vertex 0 165 7
      vertex 4.34737 169.957 7
      vertex 3.7059 169.83 7
    endloop
  endfacet
  facet normal 0 0 1
    outer loop
      vertex 10.2219 25.3145 7
      vertex 0 5 7
      vertex 5 0 7
    endloop
  endfacet
  facet normal 0 0 1
    outer loop
      vertex 0 165 7
      vertex 3.7059 169.83 7
      vertex 3.08658 169.619 7
    endloop
  endfacet
  facet normal 0 0 1
    outer loop
      vertex 5 0 7
      vertex 0 5 7
      vertex 4.34737 0.0427752 7
    endloop
  endfacet
  facet normal 0 0 1
    outer loop
      vertex 0 165 7
      vertex 3.08658 169.619 7
      vertex 2.5 169.33 7
    endloop
  endfacet
  facet normal 0 0 1
    outer loop
      vertex 4.34737 0.0427752 7
      vertex 0 5 7
      vertex 3.7059 0.17037 7
    endloop
  endfacet
  facet normal 0 0 1
    outer loop
      vertex 0 165 7
      vertex 2.5 169.33 7
      vertex 1.95619 168.967 7
    endloop
  endfacet
  facet normal 0 0 1
    outer loop
      vertex 3.7059 0.17037 7
      vertex 0 5 7
      vertex 3.08658 0.380602 7
    endloop
  endfacet
  facet normal 0 0 1
    outer loop
      vertex 0 165 7
      vertex 1.95619 168.967 7
      vertex 1.46447 168.536 7
    endloop
  endfacet
  facet normal 0 0 1
    outer loop
      vertex 3.08658 0.380602 7
      vertex 0 5 7
      vertex 2.5 0.669872 7
    endloop
  endfacet
  facet normal 0 0 1
    outer loop
      vertex 0 165 7
      vertex 1.46447 168.536 7
      vertex 1.03323 168.044 7
    endloop
  endfacet
  facet normal 0 0 1
    outer loop
      vertex 2.5 0.669872 7
      vertex 0 5 7
      vertex 1.95619 1.03323 7
    endloop
  endfacet
  facet normal 0 0 1
    outer loop
      vertex 0 165 7
      vertex 1.03323 168.044 7
      vertex 0.669872 167.5 7
    endloop
  endfacet
  facet normal 0 0 1
    outer loop
      vertex 1.95619 1.03323 7
      vertex 0 5 7
      vertex 1.46447 1.46447 7
    endloop
  endfacet
  facet normal 0 0 1
    outer loop
      vertex 0 165 7
      vertex 0.669872 167.5 7
      vertex 0.380602 166.913 7
    endloop
  endfacet
  facet normal 0 0 1
    outer loop
      vertex 1.46447 1.46447 7
      vertex 0 5 7
      vertex 1.03323 1.95619 7
    endloop
  endfacet
  facet normal 0 0 1
    outer loop
      vertex 0 165 7
      vertex 0.380602 166.913 7
      vertex 0.17037 166.294 7
    endloop
  endfacet
  facet normal 0 0 1
    outer loop
      vertex 1.03323 1.95619 7
      vertex 0 5 7
      vertex 0.669872 2.5 7
    endloop
  endfacet
  facet normal 0 0 1
    outer loop
      vertex 0 165 7
      vertex 0.17037 166.294 7
      vertex 0.0427752 165.653 7
    endloop
  endfacet
  facet normal 0 0 1
    outer loop
      vertex 0.669872 2.5 7
      vertex 0 5 7
      vertex 0.380602 3.08658 7
    endloop
  endfacet
  facet normal 0 0 1
    outer loop
      vertex 0.380602 3.08658 7
      vertex 0 5 7
      vertex 0.17037 3.7059 7
    endloop
  endfacet
  facet normal 0 0 1
    outer loop
      vertex 0.17037 3.7059 7
      vertex 0 5 7
      vertex 0.0427752 4.34737 7
    endloop
  endfacet
  facet normal 0 -1 0
    outer loop
      vertex 5 0 0
      vertex 165 0 7
      vertex 5 0 7
    endloop
  endfacet
  facet normal 0 -1 -0
    outer loop
      vertex 165 0 7
      vertex 5 0 0
      vertex 165 0 0
    endloop
  endfacet
  facet normal -0.896872 -0.44229 0
    outer loop
      vertex 0.669872 2.5 0
      vertex 0.380602 3.08658 7
      vertex 0.380602 3.08658 0
    endloop
  endfacet
  facet normal -0.896872 -0.44229 0
    outer loop
      vertex 0.380602 3.08658 7
      vertex 0.669872 2.5 0
      vertex 0.669872 2.5 7
    endloop
  endfacet
  facet normal -0.980786 -0.195088 0
    outer loop
      vertex 0.17037 3.7059 0
      vertex 0.0427752 4.34737 7
      vertex 0.0427752 4.34737 0
    endloop
  endfacet
  facet normal -0.980786 -0.195088 0
    outer loop
      vertex 0.0427752 4.34737 7
      vertex 0.17037 3.7059 0
      vertex 0.17037 3.7059 7
    endloop
  endfacet
  facet normal 0 1 -0
    outer loop
      vertex 165 170 0
      vertex 5 170 7
      vertex 165 170 7
    endloop
  endfacet
  facet normal 0 1 0
    outer loop
      vertex 5 170 7
      vertex 165 170 0
      vertex 5 170 0
    endloop
  endfacet
  facet normal 0.555053 0.831815 -0
    outer loop
      vertex 168.044 168.967 0
      vertex 167.5 169.33 7
      vertex 168.044 168.967 7
    endloop
  endfacet
  facet normal 0.555053 0.831815 0
    outer loop
      vertex 167.5 169.33 7
      vertex 168.044 168.967 0
      vertex 167.5 169.33 0
    endloop
  endfacet
  facet normal 0.659145 -0.752016 0
    outer loop
      vertex 168.044 1.03323 0
      vertex 168.536 1.46447 7
      vertex 168.044 1.03323 7
    endloop
  endfacet
  facet normal 0.659145 -0.752016 0
    outer loop
      vertex 168.536 1.46447 7
      vertex 168.044 1.03323 0
      vertex 168.536 1.46447 0
    endloop
  endfacet
  facet normal 0.946572 -0.322493 0
    outer loop
      vertex 169.619 3.08658 7
      vertex 169.83 3.7059 0
      vertex 169.83 3.7059 7
    endloop
  endfacet
  facet normal 0.946572 -0.322493 0
    outer loop
      vertex 169.83 3.7059 0
      vertex 169.619 3.08658 7
      vertex 169.619 3.08658 0
    endloop
  endfacet
  facet normal 0.997836 -0.0657447 0
    outer loop
      vertex 169.957 4.34737 7
      vertex 170 5 0
      vertex 170 5 7
    endloop
  endfacet
  facet normal 0.997836 -0.0657447 0
    outer loop
      vertex 170 5 0
      vertex 169.957 4.34737 7
      vertex 169.957 4.34737 0
    endloop
  endfacet
  facet normal 0.752012 -0.65915 0
    outer loop
      vertex 168.536 1.46447 7
      vertex 168.967 1.95619 0
      vertex 168.967 1.95619 7
    endloop
  endfacet
  facet normal 0.752012 -0.65915 0
    outer loop
      vertex 168.967 1.95619 0
      vertex 168.536 1.46447 7
      vertex 168.536 1.46447 0
    endloop
  endfacet
  facet normal -0.896998 0.442035 0
    outer loop
      vertex 0.380602 166.913 0
      vertex 0.669872 167.5 7
      vertex 0.669872 167.5 0
    endloop
  endfacet
  facet normal -0.896998 0.442035 0
    outer loop
      vertex 0.669872 167.5 7
      vertex 0.380602 166.913 0
      vertex 0.380602 166.913 7
    endloop
  endfacet
  facet normal -0.44229 -0.896872 0
    outer loop
      vertex 2.5 0.669872 0
      vertex 3.08658 0.380602 7
      vertex 2.5 0.669872 7
    endloop
  endfacet
  facet normal -0.44229 -0.896872 -0
    outer loop
      vertex 3.08658 0.380602 7
      vertex 2.5 0.669872 0
      vertex 3.08658 0.380602 0
    endloop
  endfacet
  facet normal -0.75183 -0.659357 0
    outer loop
      vertex 1.46447 1.46447 0
      vertex 1.03323 1.95619 7
      vertex 1.03323 1.95619 0
    endloop
  endfacet
  facet normal -0.75183 -0.659357 0
    outer loop
      vertex 1.03323 1.95619 7
      vertex 1.46447 1.46447 0
      vertex 1.46447 1.46447 7
    endloop
  endfacet
  facet normal -0.94693 -0.321441 0
    outer loop
      vertex 0.380602 3.08658 0
      vertex 0.17037 3.7059 7
      vertex 0.17037 3.7059 0
    endloop
  endfacet
  facet normal -0.94693 -0.321441 0
    outer loop
      vertex 0.17037 3.7059 7
      vertex 0.380602 3.08658 0
      vertex 0.380602 3.08658 7
    endloop
  endfacet
  facet normal -0.322493 0.946572 0
    outer loop
      vertex 3.7059 169.83 0
      vertex 3.08658 169.619 7
      vertex 3.7059 169.83 7
    endloop
  endfacet
  facet normal -0.322493 0.946572 0
    outer loop
      vertex 3.08658 169.619 7
      vertex 3.7059 169.83 0
      vertex 3.08658 169.619 0
    endloop
  endfacet
  facet normal -0.194213 0.980959 0
    outer loop
      vertex 4.34737 169.957 0
      vertex 3.7059 169.83 7
      vertex 4.34737 169.957 7
    endloop
  endfacet
  facet normal -0.194213 0.980959 0
    outer loop
      vertex 3.7059 169.83 7
      vertex 4.34737 169.957 0
      vertex 3.7059 169.83 0
    endloop
  endfacet
  facet normal -0.65915 0.752012 0
    outer loop
      vertex 1.95619 168.967 0
      vertex 1.46447 168.536 7
      vertex 1.95619 168.967 7
    endloop
  endfacet
  facet normal -0.65915 0.752012 0
    outer loop
      vertex 1.46447 168.536 7
      vertex 1.95619 168.967 0
      vertex 1.46447 168.536 0
    endloop
  endfacet
  facet normal 0.441703 0.897161 -0
    outer loop
      vertex 167.5 169.33 0
      vertex 166.913 169.619 7
      vertex 167.5 169.33 7
    endloop
  endfacet
  facet normal 0.441703 0.897161 0
    outer loop
      vertex 166.913 169.619 7
      vertex 167.5 169.33 0
      vertex 166.913 169.619 0
    endloop
  endfacet
  facet normal 0.897161 0.441703 0
    outer loop
      vertex 169.619 166.913 7
      vertex 169.33 167.5 0
      vertex 169.33 167.5 7
    endloop
  endfacet
  facet normal 0.897161 0.441703 0
    outer loop
      vertex 169.33 167.5 0
      vertex 169.619 166.913 7
      vertex 169.619 166.913 0
    endloop
  endfacet
  facet normal 0.442035 -0.896998 0
    outer loop
      vertex 166.913 0.380602 0
      vertex 167.5 0.669872 7
      vertex 166.913 0.380602 7
    endloop
  endfacet
  facet normal 0.442035 -0.896998 0
    outer loop
      vertex 167.5 0.669872 7
      vertex 166.913 0.380602 0
      vertex 167.5 0.669872 0
    endloop
  endfacet
  facet normal 0.980959 -0.194213 0
    outer loop
      vertex 169.83 3.7059 7
      vertex 169.957 4.34737 0
      vertex 169.957 4.34737 7
    endloop
  endfacet
  facet normal 0.980959 -0.194213 0
    outer loop
      vertex 169.957 4.34737 0
      vertex 169.83 3.7059 7
      vertex 169.83 3.7059 0
    endloop
  endfacet
  facet normal 0.831725 -0.555187 0
    outer loop
      vertex 168.967 1.95619 7
      vertex 169.33 2.5 0
      vertex 169.33 2.5 7
    endloop
  endfacet
  facet normal 0.831725 -0.555187 0
    outer loop
      vertex 169.33 2.5 0
      vertex 168.967 1.95619 7
      vertex 168.967 1.95619 0
    endloop
  endfacet
  facet normal 0.897036 -0.441957 0
    outer loop
      vertex 169.33 2.5 7
      vertex 169.619 3.08658 0
      vertex 169.619 3.08658 7
    endloop
  endfacet
  facet normal 0.897036 -0.441957 0
    outer loop
      vertex 169.619 3.08658 0
      vertex 169.33 2.5 7
      vertex 169.33 2.5 0
    endloop
  endfacet
  facet normal -0.831562 0.555432 0
    outer loop
      vertex 0.669872 167.5 0
      vertex 1.03323 168.044 7
      vertex 1.03323 168.044 0
    endloop
  endfacet
  facet normal -0.831562 0.555432 0
    outer loop
      vertex 1.03323 168.044 7
      vertex 0.669872 167.5 0
      vertex 0.669872 167.5 7
    endloop
  endfacet
  facet normal -0.997861 0.0653656 0
    outer loop
      vertex 0 165 0
      vertex 0.0427752 165.653 7
      vertex 0.0427752 165.653 0
    endloop
  endfacet
  facet normal -0.997861 0.0653656 0
    outer loop
      vertex 0.0427752 165.653 7
      vertex 0 165 0
      vertex 0 165 7
    endloop
  endfacet
  facet normal -0.946879 0.32159 0
    outer loop
      vertex 0.17037 166.294 0
      vertex 0.380602 166.913 7
      vertex 0.380602 166.913 0
    endloop
  endfacet
  facet normal -0.946879 0.32159 0
    outer loop
      vertex 0.380602 166.913 7
      vertex 0.17037 166.294 0
      vertex 0.17037 166.294 7
    endloop
  endfacet
  facet normal -0.555566 -0.831473 0
    outer loop
      vertex 1.95619 1.03323 0
      vertex 2.5 0.669872 7
      vertex 1.95619 1.03323 7
    endloop
  endfacet
  facet normal -0.555566 -0.831473 -0
    outer loop
      vertex 2.5 0.669872 7
      vertex 1.95619 1.03323 0
      vertex 2.5 0.669872 0
    endloop
  endfacet
  facet normal -0.321441 -0.94693 0
    outer loop
      vertex 3.08658 0.380602 0
      vertex 3.7059 0.17037 7
      vertex 3.08658 0.380602 7
    endloop
  endfacet
  facet normal -0.321441 -0.94693 -0
    outer loop
      vertex 3.7059 0.17037 7
      vertex 3.08658 0.380602 0
      vertex 3.7059 0.17037 0
    endloop
  endfacet
  facet normal -0.831473 -0.555566 0
    outer loop
      vertex 1.03323 1.95619 0
      vertex 0.669872 2.5 7
      vertex 0.669872 2.5 0
    endloop
  endfacet
  facet normal -0.831473 -0.555566 0
    outer loop
      vertex 0.669872 2.5 7
      vertex 1.03323 1.95619 0
      vertex 1.03323 1.95619 7
    endloop
  endfacet
  facet normal -0.0657447 0.997836 0
    outer loop
      vertex 5 170 0
      vertex 4.34737 169.957 7
      vertex 5 170 7
    endloop
  endfacet
  facet normal -0.0657447 0.997836 0
    outer loop
      vertex 4.34737 169.957 7
      vertex 5 170 0
      vertex 4.34737 169.957 0
    endloop
  endfacet
  facet normal 0.658937 0.752198 -0
    outer loop
      vertex 168.536 168.536 0
      vertex 168.044 168.967 7
      vertex 168.536 168.536 7
    endloop
  endfacet
  facet normal 0.658937 0.752198 0
    outer loop
      vertex 168.044 168.967 7
      vertex 168.536 168.536 0
      vertex 168.044 168.967 0
    endloop
  endfacet
  facet normal 0.322643 0.946521 -0
    outer loop
      vertex 166.913 169.619 0
      vertex 166.294 169.83 7
      vertex 166.913 169.619 7
    endloop
  endfacet
  facet normal 0.322643 0.946521 0
    outer loop
      vertex 166.294 169.83 7
      vertex 166.913 169.619 0
      vertex 166.294 169.83 0
    endloop
  endfacet
  facet normal 0.752198 0.658937 0
    outer loop
      vertex 168.967 168.044 7
      vertex 168.536 168.536 0
      vertex 168.536 168.536 7
    endloop
  endfacet
  facet normal 0.752198 0.658937 0
    outer loop
      vertex 168.536 168.536 0
      vertex 168.967 168.044 7
      vertex 168.967 168.044 0
    endloop
  endfacet
  facet normal 0.980932 0.19435 0
    outer loop
      vertex 169.957 165.653 7
      vertex 169.83 166.294 0
      vertex 169.83 166.294 7
    endloop
  endfacet
  facet normal 0.980932 0.19435 0
    outer loop
      vertex 169.83 166.294 0
      vertex 169.957 165.653 7
      vertex 169.957 165.653 0
    endloop
  endfacet
  facet normal 0.997839 0.0657076 0
    outer loop
      vertex 170 165 7
      vertex 169.957 165.653 0
      vertex 169.957 165.653 7
    endloop
  endfacet
  facet normal 0.997839 0.0657076 0
    outer loop
      vertex 169.957 165.653 0
      vertex 170 165 7
      vertex 170 165 0
    endloop
  endfacet
  facet normal 0.555432 -0.831562 0
    outer loop
      vertex 167.5 0.669872 0
      vertex 168.044 1.03323 7
      vertex 167.5 0.669872 7
    endloop
  endfacet
  facet normal 0.555432 -0.831562 0
    outer loop
      vertex 168.044 1.03323 7
      vertex 167.5 0.669872 0
      vertex 168.044 1.03323 0
    endloop
  endfacet
  facet normal 0.0653656 -0.997861 0
    outer loop
      vertex 165 0 0
      vertex 165.653 0.0427752 7
      vertex 165 0 7
    endloop
  endfacet
  facet normal 0.0653656 -0.997861 0
    outer loop
      vertex 165.653 0.0427752 7
      vertex 165 0 0
      vertex 165.653 0.0427752 0
    endloop
  endfacet
  facet normal 0.32159 -0.946879 0
    outer loop
      vertex 166.294 0.17037 0
      vertex 166.913 0.380602 7
      vertex 166.294 0.17037 7
    endloop
  endfacet
  facet normal 0.32159 -0.946879 0
    outer loop
      vertex 166.913 0.380602 7
      vertex 166.294 0.17037 0
      vertex 166.913 0.380602 0
    endloop
  endfacet
  facet normal -0.980758 0.195226 0
    outer loop
      vertex 0.0427752 165.653 0
      vertex 0.17037 166.294 7
      vertex 0.17037 166.294 0
    endloop
  endfacet
  facet normal -0.980758 0.195226 0
    outer loop
      vertex 0.17037 166.294 7
      vertex 0.0427752 165.653 0
      vertex 0.0427752 165.653 7
    endloop
  endfacet
  facet normal -0.555187 0.831725 0
    outer loop
      vertex 2.5 169.33 0
      vertex 1.95619 168.967 7
      vertex 2.5 169.33 7
    endloop
  endfacet
  facet normal -0.555187 0.831725 0
    outer loop
      vertex 1.95619 168.967 7
      vertex 2.5 169.33 0
      vertex 1.95619 168.967 0
    endloop
  endfacet
  facet normal -0.441957 0.897036 0
    outer loop
      vertex 3.08658 169.619 0
      vertex 2.5 169.33 7
      vertex 3.08658 169.619 7
    endloop
  endfacet
  facet normal -0.441957 0.897036 0
    outer loop
      vertex 2.5 169.33 7
      vertex 3.08658 169.619 0
      vertex 2.5 169.33 0
    endloop
  endfacet
  facet normal 0.0657076 0.997839 -0
    outer loop
      vertex 165.653 169.957 0
      vertex 165 170 7
      vertex 165.653 169.957 7
    endloop
  endfacet
  facet normal 0.0657076 0.997839 0
    outer loop
      vertex 165 170 7
      vertex 165.653 169.957 0
      vertex 165 170 0
    endloop
  endfacet
  facet normal 0.19435 0.980932 -0
    outer loop
      vertex 166.294 169.83 0
      vertex 165.653 169.957 7
      vertex 166.294 169.83 7
    endloop
  endfacet
  facet normal 0.19435 0.980932 0
    outer loop
      vertex 165.653 169.957 7
      vertex 166.294 169.83 0
      vertex 165.653 169.957 0
    endloop
  endfacet
  facet normal 0.831815 0.555053 0
    outer loop
      vertex 169.33 167.5 7
      vertex 168.967 168.044 0
      vertex 168.967 168.044 7
    endloop
  endfacet
  facet normal 0.831815 0.555053 0
    outer loop
      vertex 168.967 168.044 0
      vertex 169.33 167.5 7
      vertex 169.33 167.5 0
    endloop
  endfacet
  facet normal 0.946521 0.322643 0
    outer loop
      vertex 169.83 166.294 7
      vertex 169.619 166.913 0
      vertex 169.619 166.913 7
    endloop
  endfacet
  facet normal 0.946521 0.322643 0
    outer loop
      vertex 169.619 166.913 0
      vertex 169.83 166.294 7
      vertex 169.83 166.294 0
    endloop
  endfacet
  facet normal 0.195226 -0.980758 0
    outer loop
      vertex 165.653 0.0427752 0
      vertex 166.294 0.17037 7
      vertex 165.653 0.0427752 7
    endloop
  endfacet
  facet normal 0.195226 -0.980758 0
    outer loop
      vertex 166.294 0.17037 7
      vertex 165.653 0.0427752 0
      vertex 166.294 0.17037 0
    endloop
  endfacet
  facet normal -0.195014 0.980801 0
    outer loop
      vertex 109.553 56.2044 0
      vertex 108.783 56.0513 7
      vertex 109.553 56.2044 7
    endloop
  endfacet
  facet normal -0.195014 0.980801 0
    outer loop
      vertex 108.783 56.0513 7
      vertex 109.553 56.2044 0
      vertex 108.783 56.0513 0
    endloop
  endfacet
  facet normal 0 1 -0
    outer loop
      vertex 108 56 0
      vertex 62 56 7
      vertex 108 56 7
    endloop
  endfacet
  facet normal 0 1 0
    outer loop
      vertex 62 56 7
      vertex 108 56 0
      vertex 62 56 0
    endloop
  endfacet
  facet normal -1 0 0
    outer loop
      vertex 114 62 0
      vertex 114 108 7
      vertex 114 108 0
    endloop
  endfacet
  facet normal -1 -0 0
    outer loop
      vertex 114 108 7
      vertex 114 62 0
      vertex 114 62 7
    endloop
  endfacet
  facet normal 0.0649798 -0.997887 0
    outer loop
      vertex 61.2168 113.949 0
      vertex 62 114 7
      vertex 61.2168 113.949 7
    endloop
  endfacet
  facet normal 0.0649798 -0.997887 0
    outer loop
      vertex 62 114 7
      vertex 61.2168 113.949 0
      vertex 62 114 0
    endloop
  endfacet
  facet normal 0.659046 -0.752103 0
    outer loop
      vertex 57.7574 112.243 0
      vertex 58.3474 112.76 7
      vertex 57.7574 112.243 7
    endloop
  endfacet
  facet normal 0.659046 -0.752103 0
    outer loop
      vertex 58.3474 112.76 7
      vertex 57.7574 112.243 0
      vertex 58.3474 112.76 0
    endloop
  endfacet
  facet normal -0.322337 -0.946625 0
    outer loop
      vertex 109.553 113.796 0
      vertex 110.296 113.543 7
      vertex 109.553 113.796 7
    endloop
  endfacet
  facet normal -0.322337 -0.946625 -0
    outer loop
      vertex 110.296 113.543 7
      vertex 109.553 113.796 0
      vertex 110.296 113.543 0
    endloop
  endfacet
  facet normal 0 -1 0
    outer loop
      vertex 62 114 0
      vertex 108 114 7
      vertex 62 114 7
    endloop
  endfacet
  facet normal 0 -1 -0
    outer loop
      vertex 108 114 7
      vertex 62 114 0
      vertex 108 114 0
    endloop
  endfacet
  facet normal -0.752103 0.659046 0
    outer loop
      vertex 112.243 57.7574 0
      vertex 112.76 58.3474 7
      vertex 112.76 58.3474 0
    endloop
  endfacet
  facet normal -0.752103 0.659046 0
    outer loop
      vertex 112.76 58.3474 7
      vertex 112.243 57.7574 0
      vertex 112.243 57.7574 7
    endloop
  endfacet
  facet normal 0.195087 0.980786 -0
    outer loop
      vertex 61.2168 56.0513 0
      vertex 60.4471 56.2044 7
      vertex 61.2168 56.0513 7
    endloop
  endfacet
  facet normal 0.195087 0.980786 0
    outer loop
      vertex 60.4471 56.2044 7
      vertex 61.2168 56.0513 0
      vertex 60.4471 56.2044 0
    endloop
  endfacet
  facet normal -0.0653771 0.997861 0
    outer loop
      vertex 108.783 56.0513 0
      vertex 108 56 7
      vertex 108.783 56.0513 7
    endloop
  endfacet
  facet normal -0.0653771 0.997861 0
    outer loop
      vertex 108 56 7
      vertex 108.783 56.0513 0
      vertex 108 56 0
    endloop
  endfacet
  facet normal 1 -0 0
    outer loop
      vertex 56 62 7
      vertex 56 108 0
      vertex 56 108 7
    endloop
  endfacet
  facet normal 1 0 0
    outer loop
      vertex 56 108 0
      vertex 56 62 7
      vertex 56 62 0
    endloop
  endfacet
  facet normal 0.997861 -0.0653771 0
    outer loop
      vertex 56 108 7
      vertex 56.0513 108.783 0
      vertex 56.0513 108.783 7
    endloop
  endfacet
  facet normal 0.997861 -0.0653771 0
    outer loop
      vertex 56.0513 108.783 0
      vertex 56 108 7
      vertex 56 108 0
    endloop
  endfacet
  facet normal 0.89691 -0.442212 0
    outer loop
      vertex 56.4567 110.296 7
      vertex 56.8038 111 0
      vertex 56.8038 111 7
    endloop
  endfacet
  facet normal 0.89691 -0.442212 0
    outer loop
      vertex 56.8038 111 0
      vertex 56.4567 110.296 7
      vertex 56.4567 110.296 0
    endloop
  endfacet
  facet normal -0.0649964 -0.997886 0
    outer loop
      vertex 108 114 0
      vertex 108.783 113.949 7
      vertex 108 114 7
    endloop
  endfacet
  facet normal -0.0649964 -0.997886 -0
    outer loop
      vertex 108.783 113.949 7
      vertex 108 114 0
      vertex 108.783 113.949 0
    endloop
  endfacet
  facet normal -0.555376 0.831599 0
    outer loop
      vertex 111.653 57.2399 0
      vertex 111 56.8038 7
      vertex 111.653 57.2399 7
    endloop
  endfacet
  facet normal -0.555376 0.831599 0
    outer loop
      vertex 111 56.8038 7
      vertex 111.653 57.2399 0
      vertex 111 56.8038 0
    endloop
  endfacet
  facet normal -0.659406 0.751787 0
    outer loop
      vertex 112.243 57.7574 0
      vertex 111.653 57.2399 7
      vertex 112.243 57.7574 7
    endloop
  endfacet
  facet normal -0.659406 0.751787 0
    outer loop
      vertex 111.653 57.2399 7
      vertex 112.243 57.7574 0
      vertex 111.653 57.2399 0
    endloop
  endfacet
  facet normal -0.946652 0.322259 0
    outer loop
      vertex 113.543 59.7039 0
      vertex 113.796 60.4471 7
      vertex 113.796 60.4471 0
    endloop
  endfacet
  facet normal -0.946652 0.322259 0
    outer loop
      vertex 113.796 60.4471 7
      vertex 113.543 59.7039 0
      vertex 113.543 59.7039 7
    endloop
  endfacet
  facet normal -0.831501 0.555523 0
    outer loop
      vertex 112.76 58.3474 0
      vertex 113.196 59 7
      vertex 113.196 59 0
    endloop
  endfacet
  facet normal -0.831501 0.555523 0
    outer loop
      vertex 113.196 59 7
      vertex 112.76 58.3474 0
      vertex 112.76 58.3474 7
    endloop
  endfacet
  facet normal 0.0653605 0.997862 -0
    outer loop
      vertex 62 56 0
      vertex 61.2168 56.0513 7
      vertex 62 56 7
    endloop
  endfacet
  facet normal 0.0653605 0.997862 0
    outer loop
      vertex 61.2168 56.0513 7
      vertex 62 56 0
      vertex 61.2168 56.0513 0
    endloop
  endfacet
  facet normal 0.322259 -0.946652 0
    outer loop
      vertex 59.7039 113.543 0
      vertex 60.4471 113.796 7
      vertex 59.7039 113.543 7
    endloop
  endfacet
  facet normal 0.322259 -0.946652 0
    outer loop
      vertex 60.4471 113.796 7
      vertex 59.7039 113.543 0
      vertex 60.4471 113.796 0
    endloop
  endfacet
  facet normal -0.44211 -0.896961 0
    outer loop
      vertex 110.296 113.543 0
      vertex 111 113.196 7
      vertex 110.296 113.543 7
    endloop
  endfacet
  facet normal -0.44211 -0.896961 -0
    outer loop
      vertex 111 113.196 7
      vertex 110.296 113.543 0
      vertex 111 113.196 0
    endloop
  endfacet
  facet normal -0.194891 -0.980825 0
    outer loop
      vertex 108.783 113.949 0
      vertex 109.553 113.796 7
      vertex 108.783 113.949 7
    endloop
  endfacet
  facet normal -0.194891 -0.980825 -0
    outer loop
      vertex 109.553 113.796 7
      vertex 108.783 113.949 0
      vertex 109.553 113.796 0
    endloop
  endfacet
  facet normal -0.442212 0.89691 0
    outer loop
      vertex 111 56.8038 0
      vertex 110.296 56.4567 7
      vertex 111 56.8038 7
    endloop
  endfacet
  facet normal -0.442212 0.89691 0
    outer loop
      vertex 110.296 56.4567 7
      vertex 111 56.8038 0
      vertex 110.296 56.4567 0
    endloop
  endfacet
  facet normal -0.896936 0.44216 0
    outer loop
      vertex 113.196 59 0
      vertex 113.543 59.7039 7
      vertex 113.543 59.7039 0
    endloop
  endfacet
  facet normal -0.896936 0.44216 0
    outer loop
      vertex 113.543 59.7039 7
      vertex 113.196 59 0
      vertex 113.196 59 7
    endloop
  endfacet
  facet normal -0.98081 0.194964 0
    outer loop
      vertex 113.796 60.4471 0
      vertex 113.949 61.2168 7
      vertex 113.949 61.2168 0
    endloop
  endfacet
  facet normal -0.98081 0.194964 0
    outer loop
      vertex 113.949 61.2168 7
      vertex 113.796 60.4471 0
      vertex 113.796 60.4471 7
    endloop
  endfacet
  facet normal -0.980825 -0.194891 0
    outer loop
      vertex 113.949 108.783 0
      vertex 113.796 109.553 7
      vertex 113.796 109.553 0
    endloop
  endfacet
  facet normal -0.980825 -0.194891 0
    outer loop
      vertex 113.796 109.553 7
      vertex 113.949 108.783 0
      vertex 113.949 108.783 7
    endloop
  endfacet
  facet normal 0.997862 0.0653605 0
    outer loop
      vertex 56.0513 61.2168 7
      vertex 56 62 0
      vertex 56 62 7
    endloop
  endfacet
  facet normal 0.997862 0.0653605 0
    outer loop
      vertex 56 62 0
      vertex 56.0513 61.2168 7
      vertex 56.0513 61.2168 0
    endloop
  endfacet
  facet normal 0.980786 0.195087 0
    outer loop
      vertex 56.2044 60.4471 7
      vertex 56.0513 61.2168 0
      vertex 56.0513 61.2168 7
    endloop
  endfacet
  facet normal 0.980786 0.195087 0
    outer loop
      vertex 56.0513 61.2168 0
      vertex 56.2044 60.4471 7
      vertex 56.2044 60.4471 0
    endloop
  endfacet
  facet normal 0.659406 0.751787 -0
    outer loop
      vertex 58.3474 57.2399 0
      vertex 57.7574 57.7574 7
      vertex 58.3474 57.2399 7
    endloop
  endfacet
  facet normal 0.659406 0.751787 0
    outer loop
      vertex 57.7574 57.7574 7
      vertex 58.3474 57.2399 0
      vertex 57.7574 57.7574 0
    endloop
  endfacet
  facet normal 0.751787 0.659406 0
    outer loop
      vertex 57.7574 57.7574 7
      vertex 57.2399 58.3474 0
      vertex 57.2399 58.3474 7
    endloop
  endfacet
  facet normal 0.751787 0.659406 0
    outer loop
      vertex 57.2399 58.3474 0
      vertex 57.7574 57.7574 7
      vertex 57.7574 57.7574 0
    endloop
  endfacet
  facet normal 0.896885 0.442263 0
    outer loop
      vertex 56.8038 59 7
      vertex 56.4567 59.7039 0
      vertex 56.4567 59.7039 7
    endloop
  endfacet
  facet normal 0.896885 0.442263 0
    outer loop
      vertex 56.4567 59.7039 0
      vertex 56.8038 59 7
      vertex 56.8038 59 0
    endloop
  endfacet
  facet normal 0.442263 0.896885 -0
    outer loop
      vertex 59.7039 56.4567 0
      vertex 59 56.8038 7
      vertex 59.7039 56.4567 7
    endloop
  endfacet
  facet normal 0.442263 0.896885 0
    outer loop
      vertex 59 56.8038 7
      vertex 59.7039 56.4567 0
      vertex 59 56.8038 0
    endloop
  endfacet
  facet normal 0.751787 -0.659406 0
    outer loop
      vertex 57.2399 111.653 7
      vertex 57.7574 112.243 0
      vertex 57.7574 112.243 7
    endloop
  endfacet
  facet normal 0.751787 -0.659406 0
    outer loop
      vertex 57.7574 112.243 0
      vertex 57.2399 111.653 7
      vertex 57.2399 111.653 0
    endloop
  endfacet
  facet normal 0.946897 -0.321537 0
    outer loop
      vertex 56.2044 109.553 7
      vertex 56.4567 110.296 0
      vertex 56.4567 110.296 7
    endloop
  endfacet
  facet normal 0.946897 -0.321537 0
    outer loop
      vertex 56.4567 110.296 0
      vertex 56.2044 109.553 7
      vertex 56.2044 109.553 0
    endloop
  endfacet
  facet normal 0.980801 -0.195014 0
    outer loop
      vertex 56.0513 108.783 7
      vertex 56.2044 109.553 0
      vertex 56.2044 109.553 7
    endloop
  endfacet
  facet normal 0.980801 -0.195014 0
    outer loop
      vertex 56.2044 109.553 0
      vertex 56.0513 108.783 7
      vertex 56.0513 108.783 0
    endloop
  endfacet
  facet normal 0.831599 -0.555376 0
    outer loop
      vertex 56.8038 111 7
      vertex 57.2399 111.653 0
      vertex 57.2399 111.653 7
    endloop
  endfacet
  facet normal 0.831599 -0.555376 0
    outer loop
      vertex 57.2399 111.653 0
      vertex 56.8038 111 7
      vertex 56.8038 111 0
    endloop
  endfacet
  facet normal 0.194964 -0.98081 0
    outer loop
      vertex 60.4471 113.796 0
      vertex 61.2168 113.949 7
      vertex 60.4471 113.796 7
    endloop
  endfacet
  facet normal 0.194964 -0.98081 0
    outer loop
      vertex 61.2168 113.949 7
      vertex 60.4471 113.796 0
      vertex 61.2168 113.949 0
    endloop
  endfacet
  facet normal -0.659046 -0.752103 0
    outer loop
      vertex 111.653 112.76 0
      vertex 112.243 112.243 7
      vertex 111.653 112.76 7
    endloop
  endfacet
  facet normal -0.659046 -0.752103 -0
    outer loop
      vertex 112.243 112.243 7
      vertex 111.653 112.76 0
      vertex 112.243 112.243 0
    endloop
  endfacet
  facet normal -0.555288 -0.831658 0
    outer loop
      vertex 111 113.196 0
      vertex 111.653 112.76 7
      vertex 111 113.196 7
    endloop
  endfacet
  facet normal -0.555288 -0.831658 -0
    outer loop
      vertex 111.653 112.76 7
      vertex 111 113.196 0
      vertex 111.653 112.76 0
    endloop
  endfacet
  facet normal -0.321537 0.946897 0
    outer loop
      vertex 110.296 56.4567 0
      vertex 109.553 56.2044 7
      vertex 110.296 56.4567 7
    endloop
  endfacet
  facet normal -0.321537 0.946897 0
    outer loop
      vertex 109.553 56.2044 7
      vertex 110.296 56.4567 0
      vertex 109.553 56.2044 0
    endloop
  endfacet
  facet normal -0.997887 0.0649798 0
    outer loop
      vertex 113.949 61.2168 0
      vertex 114 62 7
      vertex 114 62 0
    endloop
  endfacet
  facet normal -0.997887 0.0649798 0
    outer loop
      vertex 114 62 7
      vertex 113.949 61.2168 0
      vertex 113.949 61.2168 7
    endloop
  endfacet
  facet normal -0.752103 -0.659046 0
    outer loop
      vertex 112.76 111.653 0
      vertex 112.243 112.243 7
      vertex 112.243 112.243 0
    endloop
  endfacet
  facet normal -0.752103 -0.659046 0
    outer loop
      vertex 112.243 112.243 7
      vertex 112.76 111.653 0
      vertex 112.76 111.653 7
    endloop
  endfacet
  facet normal -0.831658 -0.555288 0
    outer loop
      vertex 113.196 111 0
      vertex 112.76 111.653 7
      vertex 112.76 111.653 0
    endloop
  endfacet
  facet normal -0.831658 -0.555288 0
    outer loop
      vertex 112.76 111.653 7
      vertex 113.196 111 0
      vertex 113.196 111 7
    endloop
  endfacet
  facet normal -0.997886 -0.0649964 0
    outer loop
      vertex 114 108 0
      vertex 113.949 108.783 7
      vertex 113.949 108.783 0
    endloop
  endfacet
  facet normal -0.997886 -0.0649964 0
    outer loop
      vertex 113.949 108.783 7
      vertex 114 108 0
      vertex 114 108 7
    endloop
  endfacet
  facet normal -0.946625 -0.322337 0
    outer loop
      vertex 113.796 109.553 0
      vertex 113.543 110.296 7
      vertex 113.543 110.296 0
    endloop
  endfacet
  facet normal -0.946625 -0.322337 0
    outer loop
      vertex 113.543 110.296 7
      vertex 113.796 109.553 0
      vertex 113.796 109.553 7
    endloop
  endfacet
  facet normal 0.946923 0.32146 0
    outer loop
      vertex 56.4567 59.7039 7
      vertex 56.2044 60.4471 0
      vertex 56.2044 60.4471 7
    endloop
  endfacet
  facet normal 0.946923 0.32146 0
    outer loop
      vertex 56.2044 60.4471 0
      vertex 56.4567 59.7039 7
      vertex 56.4567 59.7039 0
    endloop
  endfacet
  facet normal 0.555611 0.831442 -0
    outer loop
      vertex 59 56.8038 0
      vertex 58.3474 57.2399 7
      vertex 59 56.8038 7
    endloop
  endfacet
  facet normal 0.555611 0.831442 0
    outer loop
      vertex 58.3474 57.2399 7
      vertex 59 56.8038 0
      vertex 58.3474 57.2399 0
    endloop
  endfacet
  facet normal 0.32146 0.946923 -0
    outer loop
      vertex 60.4471 56.2044 0
      vertex 59.7039 56.4567 7
      vertex 60.4471 56.2044 7
    endloop
  endfacet
  facet normal 0.32146 0.946923 0
    outer loop
      vertex 59.7039 56.4567 7
      vertex 60.4471 56.2044 0
      vertex 59.7039 56.4567 0
    endloop
  endfacet
  facet normal 0.555523 -0.831501 0
    outer loop
      vertex 58.3474 112.76 0
      vertex 59 113.196 7
      vertex 58.3474 112.76 7
    endloop
  endfacet
  facet normal 0.555523 -0.831501 0
    outer loop
      vertex 59 113.196 7
      vertex 58.3474 112.76 0
      vertex 59 113.196 0
    endloop
  endfacet
  facet normal 0.44216 -0.896936 0
    outer loop
      vertex 59 113.196 0
      vertex 59.7039 113.543 7
      vertex 59 113.196 7
    endloop
  endfacet
  facet normal 0.44216 -0.896936 0
    outer loop
      vertex 59.7039 113.543 7
      vertex 59 113.196 0
      vertex 59.7039 113.543 0
    endloop
  endfacet
  facet normal -0.896961 -0.44211 0
    outer loop
      vertex 113.543 110.296 0
      vertex 113.196 111 7
      vertex 113.196 111 0
    endloop
  endfacet
  facet normal -0.896961 -0.44211 0
    outer loop
      vertex 113.196 111 7
      vertex 113.543 110.296 0
      vertex 113.543 110.296 7
    endloop
  endfacet
  facet normal 0.831442 0.555611 0
    outer loop
      vertex 57.2399 58.3474 7
      vertex 56.8038 59 0
      vertex 56.8038 59 7
    endloop
  endfacet
  facet normal 0.831442 0.555611 0
    outer loop
      vertex 56.8038 59 0
      vertex 57.2399 58.3474 7
      vertex 57.2399 58.3474 0
    endloop
  endfacet
endsolid OpenSCAD_Model
