solid OpenSCAD_Model
  facet normal -0.998796 -0.049048 0
    outer loop
      vertex 11.6 10 0
      vertex 11.5923 10.1568 1.2
      vertex 11.5923 10.1568 0
    endloop
  endfacet
  facet normal -0.998796 -0.049048 0
    outer loop
      vertex 11.5923 10.1568 1.2
      vertex 11.6 10 0
      vertex 11.6 10 1.2
    endloop
  endfacet
  facet normal 0.0492149 -0.998788 0
    outer loop
      vertex 9.84317 11.5923 3.2
      vertex 9.8797 11.5941 1.2
      vertex 9.8797 11.5941 3.2
    endloop
  endfacet
  facet normal 0.0492149 -0.998788 0
    outer loop
      vertex 9.84317 11.5923 0
      vertex 9.8797 11.5941 1.2
      vertex 9.84317 11.5923 3.2
    endloop
  endfacet
  facet normal 0.0490387 -0.998797 5.37621e-06
    outer loop
      vertex 10 11.6 0
      vertex 9.8797 11.5941 1.2
      vertex 9.84317 11.5923 0
    endloop
  endfacet
  facet normal 0.0489852 -0.9988 0
    outer loop
      vertex 9.8797 11.5941 1.2
      vertex 10 11.6 0
      vertex 10 11.6 1.2
    endloop
  endfacet
  facet normal -0.049048 0.998796 0
    outer loop
      vertex 10.1568 8.4077 0
      vertex 10 8.4 3.2
      vertex 10.1568 8.4077 3.2
    endloop
  endfacet
  facet normal -0.049048 0.998796 0
    outer loop
      vertex 10 8.4 3.2
      vertex 10.1568 8.4077 0
      vertex 10 8.4 0
    endloop
  endfacet
  facet normal -0.671213 -0.741264 0
    outer loop
      vertex 11.015 11.2368 0
      vertex 11.1314 11.1314 1.2
      vertex 11.015 11.2368 1.2
    endloop
  endfacet
  facet normal -0.671213 -0.741264 -0
    outer loop
      vertex 11.1314 11.1314 1.2
      vertex 11.015 11.2368 0
      vertex 11.1314 11.1314 0
    endloop
  endfacet
  facet normal 0.741106 -0.671388 0
    outer loop
      vertex 8.76318 11.015 3.2
      vertex 8.86863 11.1314 0
      vertex 8.86863 11.1314 3.2
    endloop
  endfacet
  facet normal 0.741106 -0.671388 0
    outer loop
      vertex 8.86863 11.1314 0
      vertex 8.76318 11.015 3.2
      vertex 8.76318 11.015 0
    endloop
  endfacet
  facet normal 0.427361 -0.904081 0
    outer loop
      vertex 9.24576 11.4111 0
      vertex 9.38771 11.4782 3.2
      vertex 9.24576 11.4111 3.2
    endloop
  endfacet
  facet normal 0.427361 -0.904081 0
    outer loop
      vertex 9.38771 11.4782 3.2
      vertex 9.24576 11.4111 0
      vertex 9.38771 11.4782 0
    endloop
  endfacet
  facet normal -0.904023 -0.427484 0
    outer loop
      vertex 11.4782 10.6123 0
      vertex 11.4111 10.7542 1.2
      vertex 11.4111 10.7542 0
    endloop
  endfacet
  facet normal -0.904023 -0.427484 0
    outer loop
      vertex 11.4111 10.7542 1.2
      vertex 11.4782 10.6123 0
      vertex 11.4782 10.6123 1.2
    endloop
  endfacet
  facet normal -0.336982 -0.941511 0
    outer loop
      vertex 10.4645 11.5311 0
      vertex 10.6123 11.4782 1.2
      vertex 10.4645 11.5311 1.2
    endloop
  endfacet
  facet normal -0.336982 -0.941511 -0
    outer loop
      vertex 10.6123 11.4782 1.2
      vertex 10.4645 11.5311 0
      vertex 10.6123 11.4782 0
    endloop
  endfacet
  facet normal -0.513934 -0.85783 0
    outer loop
      vertex 10.7542 11.4111 0
      vertex 10.8889 11.3304 1.2
      vertex 10.7542 11.4111 1.2
    endloop
  endfacet
  facet normal -0.513934 -0.85783 -0
    outer loop
      vertex 10.8889 11.3304 1.2
      vertex 10.7542 11.4111 0
      vertex 10.8889 11.3304 0
    endloop
  endfacet
  facet normal 0.941511 -0.336982 0
    outer loop
      vertex 8.46889 10.4645 3.2
      vertex 8.52179 10.6123 0
      vertex 8.52179 10.6123 3.2
    endloop
  endfacet
  facet normal 0.941511 -0.336982 0
    outer loop
      vertex 8.52179 10.6123 0
      vertex 8.46889 10.4645 3.2
      vertex 8.46889 10.4645 0
    endloop
  endfacet
  facet normal 0.24327 -0.969959 0
    outer loop
      vertex 9.53554 11.5311 0
      vertex 9.68785 11.5693 3.2
      vertex 9.53554 11.5311 3.2
    endloop
  endfacet
  facet normal 0.24327 -0.969959 0
    outer loop
      vertex 9.68785 11.5693 3.2
      vertex 9.53554 11.5311 0
      vertex 9.68785 11.5693 0
    endloop
  endfacet
  facet normal -0.146752 0.989173 0
    outer loop
      vertex 10.3121 8.43074 0
      vertex 10.1568 8.4077 3.2
      vertex 10.3121 8.43074 3.2
    endloop
  endfacet
  facet normal -0.146752 0.989173 0
    outer loop
      vertex 10.1568 8.4077 3.2
      vertex 10.3121 8.43074 0
      vertex 10.1568 8.4077 0
    endloop
  endfacet
  facet normal -0.969993 -0.243135 0
    outer loop
      vertex 11.5693 10.3121 0
      vertex 11.5311 10.4645 1.2
      vertex 11.5311 10.4645 0
    endloop
  endfacet
  facet normal -0.969993 -0.243135 0
    outer loop
      vertex 11.5311 10.4645 1.2
      vertex 11.5693 10.3121 0
      vertex 11.5693 10.3121 1.2
    endloop
  endfacet
  facet normal -0.98921 -0.146502 0
    outer loop
      vertex 11.5923 10.1568 0
      vertex 11.5693 10.3121 1.2
      vertex 11.5693 10.3121 0
    endloop
  endfacet
  facet normal -0.98921 -0.146502 0
    outer loop
      vertex 11.5693 10.3121 1.2
      vertex 11.5923 10.1568 0
      vertex 11.5923 10.1568 1.2
    endloop
  endfacet
  facet normal -0.941511 -0.336982 0
    outer loop
      vertex 11.5311 10.4645 0
      vertex 11.4782 10.6123 1.2
      vertex 11.4782 10.6123 0
    endloop
  endfacet
  facet normal -0.941511 -0.336982 0
    outer loop
      vertex 11.4782 10.6123 1.2
      vertex 11.5311 10.4645 0
      vertex 11.5311 10.4645 1.2
    endloop
  endfacet
  facet normal -0.80297 -0.596019 0
    outer loop
      vertex 11.3304 10.8889 0
      vertex 11.2368 11.015 1.2
      vertex 11.2368 11.015 0
    endloop
  endfacet
  facet normal -0.80297 -0.596019 0
    outer loop
      vertex 11.2368 11.015 1.2
      vertex 11.3304 10.8889 0
      vertex 11.3304 10.8889 1.2
    endloop
  endfacet
  facet normal -0.741264 -0.671213 0
    outer loop
      vertex 11.2368 11.015 0
      vertex 11.1314 11.1314 1.2
      vertex 11.1314 11.1314 0
    endloop
  endfacet
  facet normal -0.741264 -0.671213 0
    outer loop
      vertex 11.1314 11.1314 1.2
      vertex 11.2368 11.015 0
      vertex 11.2368 11.015 1.2
    endloop
  endfacet
  facet normal -0.85783 -0.513934 0
    outer loop
      vertex 11.4111 10.7542 0
      vertex 11.3304 10.8889 1.2
      vertex 11.3304 10.8889 0
    endloop
  endfacet
  facet normal -0.85783 -0.513934 0
    outer loop
      vertex 11.3304 10.8889 1.2
      vertex 11.4111 10.7542 0
      vertex 11.4111 10.7542 1.2
    endloop
  endfacet
  facet normal -0.146502 -0.98921 0
    outer loop
      vertex 10.1568 11.5923 0
      vertex 10.3121 11.5693 1.2
      vertex 10.1568 11.5923 1.2
    endloop
  endfacet
  facet normal -0.146502 -0.98921 -0
    outer loop
      vertex 10.3121 11.5693 1.2
      vertex 10.1568 11.5923 0
      vertex 10.3121 11.5693 0
    endloop
  endfacet
  facet normal -0.243135 -0.969993 0
    outer loop
      vertex 10.3121 11.5693 0
      vertex 10.4645 11.5311 1.2
      vertex 10.3121 11.5693 1.2
    endloop
  endfacet
  facet normal -0.243135 -0.969993 -0
    outer loop
      vertex 10.4645 11.5311 1.2
      vertex 10.3121 11.5693 0
      vertex 10.4645 11.5311 0
    endloop
  endfacet
  facet normal -0.049048 -0.998796 0
    outer loop
      vertex 10 11.6 0
      vertex 10.1568 11.5923 1.2
      vertex 10 11.6 1.2
    endloop
  endfacet
  facet normal -0.049048 -0.998796 -0
    outer loop
      vertex 10.1568 11.5923 1.2
      vertex 10 11.6 0
      vertex 10.1568 11.5923 0
    endloop
  endfacet
  facet normal -0.427484 -0.904023 0
    outer loop
      vertex 10.6123 11.4782 0
      vertex 10.7542 11.4111 1.2
      vertex 10.6123 11.4782 1.2
    endloop
  endfacet
  facet normal -0.427484 -0.904023 -0
    outer loop
      vertex 10.7542 11.4111 1.2
      vertex 10.6123 11.4782 0
      vertex 10.7542 11.4111 0
    endloop
  endfacet
  facet normal -0.596019 -0.80297 0
    outer loop
      vertex 10.8889 11.3304 0
      vertex 11.015 11.2368 1.2
      vertex 10.8889 11.3304 1.2
    endloop
  endfacet
  facet normal -0.596019 -0.80297 -0
    outer loop
      vertex 11.015 11.2368 1.2
      vertex 10.8889 11.3304 0
      vertex 11.015 11.2368 0
    endloop
  endfacet
  facet normal 0.989173 -0.146752 0
    outer loop
      vertex 8.4077 10.1568 3.2
      vertex 8.43074 10.3121 0
      vertex 8.43074 10.3121 3.2
    endloop
  endfacet
  facet normal 0.989173 -0.146752 0
    outer loop
      vertex 8.43074 10.3121 0
      vertex 8.4077 10.1568 3.2
      vertex 8.4077 10.1568 0
    endloop
  endfacet
  facet normal 0.857774 -0.514027 0
    outer loop
      vertex 8.58893 10.7542 3.2
      vertex 8.66965 10.8889 0
      vertex 8.66965 10.8889 3.2
    endloop
  endfacet
  facet normal 0.857774 -0.514027 0
    outer loop
      vertex 8.66965 10.8889 0
      vertex 8.58893 10.7542 3.2
      vertex 8.58893 10.7542 0
    endloop
  endfacet
  facet normal 0.803184 -0.595732 0
    outer loop
      vertex 8.66965 10.8889 3.2
      vertex 8.76318 11.015 0
      vertex 8.76318 11.015 3.2
    endloop
  endfacet
  facet normal 0.803184 -0.595732 0
    outer loop
      vertex 8.76318 11.015 0
      vertex 8.66965 10.8889 3.2
      vertex 8.66965 10.8889 0
    endloop
  endfacet
  facet normal 0.903925 -0.427692 0
    outer loop
      vertex 8.52179 10.6123 3.2
      vertex 8.58893 10.7542 0
      vertex 8.58893 10.7542 3.2
    endloop
  endfacet
  facet normal 0.903925 -0.427692 0
    outer loop
      vertex 8.58893 10.7542 0
      vertex 8.52179 10.6123 3.2
      vertex 8.52179 10.6123 0
    endloop
  endfacet
  facet normal 0.970068 -0.242835 0
    outer loop
      vertex 8.43074 10.3121 3.2
      vertex 8.46889 10.4645 0
      vertex 8.46889 10.4645 3.2
    endloop
  endfacet
  facet normal 0.970068 -0.242835 0
    outer loop
      vertex 8.46889 10.4645 0
      vertex 8.43074 10.3121 3.2
      vertex 8.43074 10.3121 0
    endloop
  endfacet
  facet normal 0.998796 -0.049048 0
    outer loop
      vertex 8.4 10 3.2
      vertex 8.4077 10.1568 0
      vertex 8.4077 10.1568 3.2
    endloop
  endfacet
  facet normal 0.998796 -0.049048 0
    outer loop
      vertex 8.4077 10.1568 0
      vertex 8.4 10 3.2
      vertex 8.4 10 0
    endloop
  endfacet
  facet normal 0.595958 -0.803015 0
    outer loop
      vertex 8.98497 11.2368 0
      vertex 9.11109 11.3304 3.2
      vertex 8.98497 11.2368 3.2
    endloop
  endfacet
  facet normal 0.595958 -0.803015 0
    outer loop
      vertex 9.11109 11.3304 3.2
      vertex 8.98497 11.2368 0
      vertex 9.11109 11.3304 0
    endloop
  endfacet
  facet normal 0.514018 -0.857779 0
    outer loop
      vertex 9.11109 11.3304 0
      vertex 9.24576 11.4111 3.2
      vertex 9.11109 11.3304 3.2
    endloop
  endfacet
  facet normal 0.514018 -0.857779 0
    outer loop
      vertex 9.24576 11.4111 3.2
      vertex 9.11109 11.3304 0
      vertex 9.24576 11.4111 0
    endloop
  endfacet
  facet normal 0.671404 -0.741092 0
    outer loop
      vertex 8.86863 11.1314 0
      vertex 8.98497 11.2368 3.2
      vertex 8.86863 11.1314 3.2
    endloop
  endfacet
  facet normal 0.671404 -0.741092 0
    outer loop
      vertex 8.98497 11.2368 3.2
      vertex 8.86863 11.1314 0
      vertex 8.98497 11.2368 0
    endloop
  endfacet
  facet normal 0.336921 -0.941533 0
    outer loop
      vertex 9.38771 11.4782 0
      vertex 9.53554 11.5311 3.2
      vertex 9.38771 11.4782 3.2
    endloop
  endfacet
  facet normal 0.336921 -0.941533 0
    outer loop
      vertex 9.53554 11.5311 3.2
      vertex 9.38771 11.4782 0
      vertex 9.53554 11.5311 0
    endloop
  endfacet
  facet normal 0.146484 -0.989213 0
    outer loop
      vertex 9.68785 11.5693 0
      vertex 9.84317 11.5923 3.2
      vertex 9.68785 11.5693 3.2
    endloop
  endfacet
  facet normal 0.146484 -0.989213 0
    outer loop
      vertex 9.84317 11.5923 3.2
      vertex 9.68785 11.5693 0
      vertex 9.84317 11.5923 0
    endloop
  endfacet
  facet normal -0.9988 0.0489852 0
    outer loop
      vertex 11.6 10 0
      vertex 11.5941 9.8797 1.2
      vertex 11.6 10 1.2
    endloop
  endfacet
  facet normal -0.998797 0.0490387 5.37621e-06
    outer loop
      vertex 11.5923 9.84317 0
      vertex 11.5941 9.8797 1.2
      vertex 11.6 10 0
    endloop
  endfacet
  facet normal -0.998788 0.0492149 0
    outer loop
      vertex 11.5923 9.84317 3.2
      vertex 11.5941 9.8797 1.2
      vertex 11.5923 9.84317 0
    endloop
  endfacet
  facet normal -0.998788 0.0492149 0
    outer loop
      vertex 11.5941 9.8797 1.2
      vertex 11.5923 9.84317 3.2
      vertex 11.5941 9.8797 3.2
    endloop
  endfacet
  facet normal -0.741092 0.671404 0
    outer loop
      vertex 11.1314 8.86863 0
      vertex 11.2368 8.98497 3.2
      vertex 11.2368 8.98497 0
    endloop
  endfacet
  facet normal -0.741092 0.671404 0
    outer loop
      vertex 11.2368 8.98497 3.2
      vertex 11.1314 8.86863 0
      vertex 11.1314 8.86863 3.2
    endloop
  endfacet
  facet normal 0.857723 0.514112 0
    outer loop
      vertex 8.66965 9.11109 3.2
      vertex 8.58893 9.24576 0
      vertex 8.58893 9.24576 3.2
    endloop
  endfacet
  facet normal 0.857723 0.514112 0
    outer loop
      vertex 8.58893 9.24576 0
      vertex 8.66965 9.11109 3.2
      vertex 8.66965 9.11109 0
    endloop
  endfacet
  facet normal -0.427692 0.903925 0
    outer loop
      vertex 10.7542 8.58893 0
      vertex 10.6123 8.52179 3.2
      vertex 10.7542 8.58893 3.2
    endloop
  endfacet
  facet normal -0.427692 0.903925 0
    outer loop
      vertex 10.6123 8.52179 3.2
      vertex 10.7542 8.58893 0
      vertex 10.6123 8.52179 0
    endloop
  endfacet
  facet normal 0.998797 0.0490387 0
    outer loop
      vertex 8.4077 9.84317 3.2
      vertex 8.4 10 0
      vertex 8.4 10 3.2
    endloop
  endfacet
  facet normal 0.998797 0.0490387 0
    outer loop
      vertex 8.4 10 0
      vertex 8.4077 9.84317 3.2
      vertex 8.4077 9.84317 0
    endloop
  endfacet
  facet normal -0.941533 0.336921 0
    outer loop
      vertex 11.4782 9.38771 0
      vertex 11.5311 9.53554 3.2
      vertex 11.5311 9.53554 0
    endloop
  endfacet
  facet normal -0.941533 0.336921 0
    outer loop
      vertex 11.5311 9.53554 3.2
      vertex 11.4782 9.38771 0
      vertex 11.4782 9.38771 3.2
    endloop
  endfacet
  facet normal -0.989213 0.146484 0
    outer loop
      vertex 11.5693 9.68785 0
      vertex 11.5923 9.84317 3.2
      vertex 11.5923 9.84317 0
    endloop
  endfacet
  facet normal -0.989213 0.146484 0
    outer loop
      vertex 11.5923 9.84317 3.2
      vertex 11.5693 9.68785 0
      vertex 11.5693 9.68785 3.2
    endloop
  endfacet
  facet normal -0.969959 0.24327 0
    outer loop
      vertex 11.5311 9.53554 0
      vertex 11.5693 9.68785 3.2
      vertex 11.5693 9.68785 0
    endloop
  endfacet
  facet normal -0.969959 0.24327 0
    outer loop
      vertex 11.5693 9.68785 3.2
      vertex 11.5311 9.53554 0
      vertex 11.5311 9.53554 3.2
    endloop
  endfacet
  facet normal -0.671388 0.741106 0
    outer loop
      vertex 11.1314 8.86863 0
      vertex 11.015 8.76318 3.2
      vertex 11.1314 8.86863 3.2
    endloop
  endfacet
  facet normal -0.671388 0.741106 0
    outer loop
      vertex 11.015 8.76318 3.2
      vertex 11.1314 8.86863 0
      vertex 11.015 8.76318 0
    endloop
  endfacet
  facet normal -0.904081 0.427361 0
    outer loop
      vertex 11.4111 9.24576 0
      vertex 11.4782 9.38771 3.2
      vertex 11.4782 9.38771 0
    endloop
  endfacet
  facet normal -0.904081 0.427361 0
    outer loop
      vertex 11.4782 9.38771 3.2
      vertex 11.4111 9.24576 0
      vertex 11.4111 9.24576 3.2
    endloop
  endfacet
  facet normal -0.803015 0.595958 0
    outer loop
      vertex 11.2368 8.98497 0
      vertex 11.3304 9.11109 3.2
      vertex 11.3304 9.11109 0
    endloop
  endfacet
  facet normal -0.803015 0.595958 0
    outer loop
      vertex 11.3304 9.11109 3.2
      vertex 11.2368 8.98497 0
      vertex 11.2368 8.98497 3.2
    endloop
  endfacet
  facet normal 0.24297 0.970034 -0
    outer loop
      vertex 9.68785 8.43074 0
      vertex 9.53554 8.46889 3.2
      vertex 9.68785 8.43074 3.2
    endloop
  endfacet
  facet normal 0.24297 0.970034 0
    outer loop
      vertex 9.53554 8.46889 3.2
      vertex 9.68785 8.43074 0
      vertex 9.53554 8.46889 0
    endloop
  endfacet
  facet normal 0.941533 0.336921 0
    outer loop
      vertex 8.52179 9.38771 3.2
      vertex 8.46889 9.53554 0
      vertex 8.46889 9.53554 3.2
    endloop
  endfacet
  facet normal 0.941533 0.336921 0
    outer loop
      vertex 8.46889 9.53554 0
      vertex 8.52179 9.38771 3.2
      vertex 8.52179 9.38771 0
    endloop
  endfacet
  facet normal -0.336982 0.941511 0
    outer loop
      vertex 10.6123 8.52179 0
      vertex 10.4645 8.46889 3.2
      vertex 10.6123 8.52179 3.2
    endloop
  endfacet
  facet normal -0.336982 0.941511 0
    outer loop
      vertex 10.4645 8.46889 3.2
      vertex 10.6123 8.52179 0
      vertex 10.4645 8.46889 0
    endloop
  endfacet
  facet normal -0.242835 0.970068 0
    outer loop
      vertex 10.4645 8.46889 0
      vertex 10.3121 8.43074 3.2
      vertex 10.4645 8.46889 3.2
    endloop
  endfacet
  facet normal -0.242835 0.970068 0
    outer loop
      vertex 10.3121 8.43074 3.2
      vertex 10.4645 8.46889 0
      vertex 10.3121 8.43074 0
    endloop
  endfacet
  facet normal -0.514027 0.857774 0
    outer loop
      vertex 10.8889 8.66965 0
      vertex 10.7542 8.58893 3.2
      vertex 10.8889 8.66965 3.2
    endloop
  endfacet
  facet normal -0.514027 0.857774 0
    outer loop
      vertex 10.7542 8.58893 3.2
      vertex 10.8889 8.66965 0
      vertex 10.7542 8.58893 0
    endloop
  endfacet
  facet normal -0.595732 0.803184 0
    outer loop
      vertex 11.015 8.76318 0
      vertex 10.8889 8.66965 3.2
      vertex 11.015 8.76318 3.2
    endloop
  endfacet
  facet normal -0.595732 0.803184 0
    outer loop
      vertex 10.8889 8.66965 3.2
      vertex 11.015 8.76318 0
      vertex 10.8889 8.66965 0
    endloop
  endfacet
  facet normal -0.857779 0.514018 0
    outer loop
      vertex 11.3304 9.11109 0
      vertex 11.4111 9.24576 3.2
      vertex 11.4111 9.24576 0
    endloop
  endfacet
  facet normal -0.857779 0.514018 0
    outer loop
      vertex 11.4111 9.24576 3.2
      vertex 11.3304 9.11109 0
      vertex 11.3304 9.11109 3.2
    endloop
  endfacet
  facet normal 0.146733 0.989176 -0
    outer loop
      vertex 9.84317 8.4077 0
      vertex 9.68785 8.43074 3.2
      vertex 9.84317 8.4077 3.2
    endloop
  endfacet
  facet normal 0.146733 0.989176 0
    outer loop
      vertex 9.68785 8.43074 3.2
      vertex 9.84317 8.4077 0
      vertex 9.68785 8.43074 0
    endloop
  endfacet
  facet normal 0.427569 0.903983 -0
    outer loop
      vertex 9.38771 8.52179 0
      vertex 9.24576 8.58893 3.2
      vertex 9.38771 8.52179 3.2
    endloop
  endfacet
  facet normal 0.427569 0.903983 0
    outer loop
      vertex 9.24576 8.58893 3.2
      vertex 9.38771 8.52179 0
      vertex 9.24576 8.58893 0
    endloop
  endfacet
  facet normal 0.595671 0.803229 -0
    outer loop
      vertex 9.11109 8.66965 0
      vertex 8.98497 8.76318 3.2
      vertex 9.11109 8.66965 3.2
    endloop
  endfacet
  facet normal 0.595671 0.803229 0
    outer loop
      vertex 8.98497 8.76318 3.2
      vertex 9.11109 8.66965 0
      vertex 8.98497 8.76318 0
    endloop
  endfacet
  facet normal 0.336921 0.941533 -0
    outer loop
      vertex 9.53554 8.46889 0
      vertex 9.38771 8.52179 3.2
      vertex 9.53554 8.46889 3.2
    endloop
  endfacet
  facet normal 0.336921 0.941533 0
    outer loop
      vertex 9.38771 8.52179 3.2
      vertex 9.53554 8.46889 0
      vertex 9.38771 8.52179 0
    endloop
  endfacet
  facet normal 0.803229 0.595671 0
    outer loop
      vertex 8.76318 8.98497 3.2
      vertex 8.66965 9.11109 0
      vertex 8.66965 9.11109 3.2
    endloop
  endfacet
  facet normal 0.803229 0.595671 0
    outer loop
      vertex 8.66965 9.11109 0
      vertex 8.76318 8.98497 3.2
      vertex 8.76318 8.98497 0
    endloop
  endfacet
  facet normal 0.671578 0.740933 -0
    outer loop
      vertex 8.98497 8.76318 0
      vertex 8.86863 8.86863 3.2
      vertex 8.98497 8.76318 3.2
    endloop
  endfacet
  facet normal 0.671578 0.740933 0
    outer loop
      vertex 8.86863 8.86863 3.2
      vertex 8.98497 8.76318 0
      vertex 8.86863 8.86863 0
    endloop
  endfacet
  facet normal 0.740933 0.671578 0
    outer loop
      vertex 8.86863 8.86863 3.2
      vertex 8.76318 8.98497 0
      vertex 8.76318 8.98497 3.2
    endloop
  endfacet
  facet normal 0.740933 0.671578 0
    outer loop
      vertex 8.76318 8.98497 0
      vertex 8.86863 8.86863 3.2
      vertex 8.86863 8.86863 0
    endloop
  endfacet
  facet normal 0.903983 0.427569 0
    outer loop
      vertex 8.58893 9.24576 3.2
      vertex 8.52179 9.38771 0
      vertex 8.52179 9.38771 3.2
    endloop
  endfacet
  facet normal 0.903983 0.427569 0
    outer loop
      vertex 8.52179 9.38771 0
      vertex 8.58893 9.24576 3.2
      vertex 8.58893 9.24576 0
    endloop
  endfacet
  facet normal 0.970034 0.24297 0
    outer loop
      vertex 8.46889 9.53554 3.2
      vertex 8.43074 9.68785 0
      vertex 8.43074 9.68785 3.2
    endloop
  endfacet
  facet normal 0.970034 0.24297 0
    outer loop
      vertex 8.43074 9.68785 0
      vertex 8.46889 9.53554 3.2
      vertex 8.46889 9.53554 0
    endloop
  endfacet
  facet normal 0.989176 0.146733 0
    outer loop
      vertex 8.43074 9.68785 3.2
      vertex 8.4077 9.84317 0
      vertex 8.4077 9.84317 3.2
    endloop
  endfacet
  facet normal 0.989176 0.146733 0
    outer loop
      vertex 8.4077 9.84317 0
      vertex 8.43074 9.68785 3.2
      vertex 8.43074 9.68785 0
    endloop
  endfacet
  facet normal 0.0490387 0.998797 -0
    outer loop
      vertex 10 8.4 0
      vertex 9.84317 8.4077 3.2
      vertex 10 8.4 3.2
    endloop
  endfacet
  facet normal 0.0490387 0.998797 0
    outer loop
      vertex 9.84317 8.4077 3.2
      vertex 10 8.4 0
      vertex 9.84317 8.4077 0
    endloop
  endfacet
  facet normal 0.514112 0.857723 -0
    outer loop
      vertex 9.24576 8.58893 0
      vertex 9.11109 8.66965 3.2
      vertex 9.24576 8.58893 3.2
    endloop
  endfacet
  facet normal 0.514112 0.857723 0
    outer loop
      vertex 9.11109 8.66965 3.2
      vertex 9.24576 8.58893 0
      vertex 9.11109 8.66965 0
    endloop
  endfacet
  facet normal -0.998819 -0.0485912 0
    outer loop
      vertex 11.5923 193.357 0
      vertex 11.5941 193.32 1.2
      vertex 11.5923 193.357 3.2
    endloop
  endfacet
  facet normal -0.998799 -0.0489857 -1.21934e-05
    outer loop
      vertex 11.6 193.2 0
      vertex 11.5941 193.32 1.2
      vertex 11.5923 193.357 0
    endloop
  endfacet
  facet normal -0.998794 -0.0491073 0
    outer loop
      vertex 11.5941 193.32 1.2
      vertex 11.6 193.2 0
      vertex 11.6 193.2 1.2
    endloop
  endfacet
  facet normal -0.998819 -0.0485912 0
    outer loop
      vertex 11.5923 193.357 3.2
      vertex 11.5941 193.32 1.2
      vertex 11.5941 193.32 3.2
    endloop
  endfacet
  facet normal 0.0509444 -0.998701 0
    outer loop
      vertex 9.84317 194.792 0
      vertex 10 194.8 3.2
      vertex 9.84317 194.792 3.2
    endloop
  endfacet
  facet normal 0.0509444 -0.998701 0
    outer loop
      vertex 10 194.8 3.2
      vertex 9.84317 194.792 0
      vertex 10 194.8 0
    endloop
  endfacet
  facet normal -0.0509541 0.998701 0
    outer loop
      vertex 10.1568 191.608 0
      vertex 10 191.6 1.2
      vertex 10.1568 191.608 1.2
    endloop
  endfacet
  facet normal -0.0509541 0.998701 0
    outer loop
      vertex 10 191.6 1.2
      vertex 10.1568 191.608 0
      vertex 10 191.6 0
    endloop
  endfacet
  facet normal -0.673305 -0.739365 0
    outer loop
      vertex 11.015 194.437 0
      vertex 11.1314 194.331 3.2
      vertex 11.015 194.437 3.2
    endloop
  endfacet
  facet normal -0.673305 -0.739365 -0
    outer loop
      vertex 11.1314 194.331 3.2
      vertex 11.015 194.437 0
      vertex 11.1314 194.331 0
    endloop
  endfacet
  facet normal 0.739955 -0.672657 0
    outer loop
      vertex 8.76318 194.215 3.2
      vertex 8.86863 194.331 0
      vertex 8.86863 194.331 3.2
    endloop
  endfacet
  facet normal 0.739955 -0.672657 0
    outer loop
      vertex 8.86863 194.331 0
      vertex 8.76318 194.215 3.2
      vertex 8.76318 194.215 0
    endloop
  endfacet
  facet normal 0.42684 -0.904327 0
    outer loop
      vertex 9.24576 194.611 0
      vertex 9.38771 194.678 3.2
      vertex 9.24576 194.611 3.2
    endloop
  endfacet
  facet normal 0.42684 -0.904327 0
    outer loop
      vertex 9.38771 194.678 3.2
      vertex 9.24576 194.611 0
      vertex 9.38771 194.678 0
    endloop
  endfacet
  facet normal -0.904139 -0.427238 0
    outer loop
      vertex 11.4782 193.812 0
      vertex 11.4111 193.954 3.2
      vertex 11.4111 193.954 0
    endloop
  endfacet
  facet normal -0.904139 -0.427238 0
    outer loop
      vertex 11.4111 193.954 3.2
      vertex 11.4782 193.812 0
      vertex 11.4782 193.812 3.2
    endloop
  endfacet
  facet normal -0.337546 -0.941309 0
    outer loop
      vertex 10.4645 194.731 0
      vertex 10.6123 194.678 3.2
      vertex 10.4645 194.731 3.2
    endloop
  endfacet
  facet normal -0.337546 -0.941309 -0
    outer loop
      vertex 10.6123 194.678 3.2
      vertex 10.4645 194.731 0
      vertex 10.6123 194.678 0
    endloop
  endfacet
  facet normal -0.515338 -0.856987 0
    outer loop
      vertex 10.7542 194.611 0
      vertex 10.8889 194.53 3.2
      vertex 10.7542 194.611 3.2
    endloop
  endfacet
  facet normal -0.515338 -0.856987 -0
    outer loop
      vertex 10.8889 194.53 3.2
      vertex 10.7542 194.611 0
      vertex 10.8889 194.53 0
    endloop
  endfacet
  facet normal 0.904041 -0.427446 0
    outer loop
      vertex 8.52179 193.812 3.2
      vertex 8.58893 193.954 0
      vertex 8.58893 193.954 3.2
    endloop
  endfacet
  facet normal 0.904041 -0.427446 0
    outer loop
      vertex 8.58893 193.954 0
      vertex 8.52179 193.812 3.2
      vertex 8.52179 193.812 0
    endloop
  endfacet
  facet normal 0.858277 -0.513186 0
    outer loop
      vertex 8.58893 193.954 3.2
      vertex 8.66965 194.089 0
      vertex 8.66965 194.089 3.2
    endloop
  endfacet
  facet normal 0.858277 -0.513186 0
    outer loop
      vertex 8.66965 194.089 0
      vertex 8.58893 193.954 3.2
      vertex 8.58893 193.954 0
    endloop
  endfacet
  facet normal 0.242071 -0.970259 0
    outer loop
      vertex 9.53554 194.731 0
      vertex 9.68785 194.769 3.2
      vertex 9.53554 194.731 3.2
    endloop
  endfacet
  facet normal 0.242071 -0.970259 0
    outer loop
      vertex 9.68785 194.769 3.2
      vertex 9.53554 194.731 0
      vertex 9.68785 194.769 0
    endloop
  endfacet
  facet normal -0.146502 0.98921 0
    outer loop
      vertex 10.3121 191.631 0
      vertex 10.1568 191.608 1.2
      vertex 10.3121 191.631 1.2
    endloop
  endfacet
  facet normal -0.146502 0.98921 0
    outer loop
      vertex 10.1568 191.608 1.2
      vertex 10.3121 191.631 0
      vertex 10.1568 191.608 0
    endloop
  endfacet
  facet normal -0.969841 -0.243736 0
    outer loop
      vertex 11.5693 193.512 0
      vertex 11.5311 193.664 3.2
      vertex 11.5311 193.664 0
    endloop
  endfacet
  facet normal -0.969841 -0.243736 0
    outer loop
      vertex 11.5311 193.664 3.2
      vertex 11.5693 193.512 0
      vertex 11.5693 193.512 3.2
    endloop
  endfacet
  facet normal -0.989169 -0.14678 0
    outer loop
      vertex 11.5923 193.357 0
      vertex 11.5693 193.512 3.2
      vertex 11.5693 193.512 0
    endloop
  endfacet
  facet normal -0.989169 -0.14678 0
    outer loop
      vertex 11.5693 193.512 3.2
      vertex 11.5923 193.357 0
      vertex 11.5923 193.357 3.2
    endloop
  endfacet
  facet normal -0.941656 -0.336578 0
    outer loop
      vertex 11.5311 193.664 0
      vertex 11.4782 193.812 3.2
      vertex 11.4782 193.812 0
    endloop
  endfacet
  facet normal -0.941656 -0.336578 0
    outer loop
      vertex 11.4782 193.812 3.2
      vertex 11.5311 193.664 0
      vertex 11.5311 193.664 3.2
    endloop
  endfacet
  facet normal -0.802744 -0.596324 0
    outer loop
      vertex 11.3304 194.089 0
      vertex 11.2368 194.215 3.2
      vertex 11.2368 194.215 0
    endloop
  endfacet
  facet normal -0.802744 -0.596324 0
    outer loop
      vertex 11.2368 194.215 3.2
      vertex 11.3304 194.089 0
      vertex 11.3304 194.089 3.2
    endloop
  endfacet
  facet normal -0.740113 -0.672482 0
    outer loop
      vertex 11.2368 194.215 0
      vertex 11.1314 194.331 3.2
      vertex 11.1314 194.331 0
    endloop
  endfacet
  facet normal -0.740113 -0.672482 0
    outer loop
      vertex 11.1314 194.331 3.2
      vertex 11.2368 194.215 0
      vertex 11.2368 194.215 3.2
    endloop
  endfacet
  facet normal -0.858333 -0.513093 0
    outer loop
      vertex 11.4111 193.954 0
      vertex 11.3304 194.089 3.2
      vertex 11.3304 194.089 0
    endloop
  endfacet
  facet normal -0.858333 -0.513093 0
    outer loop
      vertex 11.3304 194.089 3.2
      vertex 11.4111 193.954 0
      vertex 11.4111 193.954 3.2
    endloop
  endfacet
  facet normal -0.146502 -0.98921 0
    outer loop
      vertex 10.1568 194.792 0
      vertex 10.3121 194.769 3.2
      vertex 10.1568 194.792 3.2
    endloop
  endfacet
  facet normal -0.146502 -0.98921 -0
    outer loop
      vertex 10.3121 194.769 3.2
      vertex 10.1568 194.792 0
      vertex 10.3121 194.769 0
    endloop
  endfacet
  facet normal -0.241936 -0.970292 0
    outer loop
      vertex 10.3121 194.769 0
      vertex 10.4645 194.731 3.2
      vertex 10.3121 194.769 3.2
    endloop
  endfacet
  facet normal -0.241936 -0.970292 -0
    outer loop
      vertex 10.4645 194.731 3.2
      vertex 10.3121 194.769 0
      vertex 10.4645 194.731 0
    endloop
  endfacet
  facet normal -0.0509541 -0.998701 0
    outer loop
      vertex 10 194.8 0
      vertex 10.1568 194.792 3.2
      vertex 10 194.8 3.2
    endloop
  endfacet
  facet normal -0.0509541 -0.998701 -0
    outer loop
      vertex 10.1568 194.792 3.2
      vertex 10 194.8 0
      vertex 10.1568 194.792 0
    endloop
  endfacet
  facet normal -0.426963 -0.904269 0
    outer loop
      vertex 10.6123 194.678 0
      vertex 10.7542 194.611 3.2
      vertex 10.6123 194.678 3.2
    endloop
  endfacet
  facet normal -0.426963 -0.904269 -0
    outer loop
      vertex 10.7542 194.611 3.2
      vertex 10.6123 194.678 0
      vertex 10.7542 194.611 0
    endloop
  endfacet
  facet normal -0.593547 -0.804799 0
    outer loop
      vertex 10.8889 194.53 0
      vertex 11.015 194.437 3.2
      vertex 10.8889 194.53 3.2
    endloop
  endfacet
  facet normal -0.593547 -0.804799 -0
    outer loop
      vertex 11.015 194.437 3.2
      vertex 10.8889 194.53 0
      vertex 11.015 194.437 0
    endloop
  endfacet
  facet normal 0.989132 -0.14703 0
    outer loop
      vertex 8.4077 193.357 3.2
      vertex 8.43074 193.512 0
      vertex 8.43074 193.512 3.2
    endloop
  endfacet
  facet normal 0.989132 -0.14703 0
    outer loop
      vertex 8.43074 193.512 0
      vertex 8.4077 193.357 3.2
      vertex 8.4077 193.357 0
    endloop
  endfacet
  facet normal 0.802957 -0.596037 0
    outer loop
      vertex 8.66965 194.089 3.2
      vertex 8.76318 194.215 0
      vertex 8.76318 194.215 3.2
    endloop
  endfacet
  facet normal 0.802957 -0.596037 0
    outer loop
      vertex 8.76318 194.215 0
      vertex 8.66965 194.089 3.2
      vertex 8.66965 194.089 0
    endloop
  endfacet
  facet normal 0.941656 -0.336578 0
    outer loop
      vertex 8.46889 193.664 3.2
      vertex 8.52179 193.812 0
      vertex 8.52179 193.812 3.2
    endloop
  endfacet
  facet normal 0.941656 -0.336578 0
    outer loop
      vertex 8.52179 193.812 0
      vertex 8.46889 193.664 3.2
      vertex 8.46889 193.664 0
    endloop
  endfacet
  facet normal 0.969917 -0.243436 0
    outer loop
      vertex 8.43074 193.512 3.2
      vertex 8.46889 193.664 0
      vertex 8.46889 193.664 3.2
    endloop
  endfacet
  facet normal 0.969917 -0.243436 0
    outer loop
      vertex 8.46889 193.664 0
      vertex 8.43074 193.512 3.2
      vertex 8.43074 193.512 0
    endloop
  endfacet
  facet normal 0.998799 -0.0489857 0
    outer loop
      vertex 8.4 193.2 3.2
      vertex 8.4077 193.357 0
      vertex 8.4077 193.357 3.2
    endloop
  endfacet
  facet normal 0.998799 -0.0489857 0
    outer loop
      vertex 8.4077 193.357 0
      vertex 8.4 193.2 3.2
      vertex 8.4 193.2 0
    endloop
  endfacet
  facet normal 0.593486 -0.804844 0
    outer loop
      vertex 8.98497 194.437 0
      vertex 9.11109 194.53 3.2
      vertex 8.98497 194.437 3.2
    endloop
  endfacet
  facet normal 0.593486 -0.804844 0
    outer loop
      vertex 9.11109 194.53 3.2
      vertex 8.98497 194.437 0
      vertex 9.11109 194.53 0
    endloop
  endfacet
  facet normal 0.673495 -0.739192 0
    outer loop
      vertex 8.86863 194.331 0
      vertex 8.98497 194.437 3.2
      vertex 8.86863 194.331 3.2
    endloop
  endfacet
  facet normal 0.673495 -0.739192 0
    outer loop
      vertex 8.98497 194.437 3.2
      vertex 8.86863 194.331 0
      vertex 8.98497 194.437 0
    endloop
  endfacet
  facet normal 0.337486 -0.941331 0
    outer loop
      vertex 9.38771 194.678 0
      vertex 9.53554 194.731 3.2
      vertex 9.38771 194.678 3.2
    endloop
  endfacet
  facet normal 0.337486 -0.941331 0
    outer loop
      vertex 9.53554 194.731 3.2
      vertex 9.38771 194.678 0
      vertex 9.53554 194.731 0
    endloop
  endfacet
  facet normal 0.146484 -0.989213 0
    outer loop
      vertex 9.68785 194.769 0
      vertex 9.84317 194.792 3.2
      vertex 9.68785 194.769 3.2
    endloop
  endfacet
  facet normal 0.146484 -0.989213 0
    outer loop
      vertex 9.84317 194.792 3.2
      vertex 9.68785 194.769 0
      vertex 9.84317 194.792 0
    endloop
  endfacet
  facet normal -0.998799 0.0489857 0
    outer loop
      vertex 11.5923 193.043 0
      vertex 11.6 193.2 1.2
      vertex 11.6 193.2 0
    endloop
  endfacet
  facet normal -0.998799 0.0489857 0
    outer loop
      vertex 11.6 193.2 1.2
      vertex 11.5923 193.043 0
      vertex 11.5923 193.043 1.2
    endloop
  endfacet
  facet normal -0.740113 0.672482 0
    outer loop
      vertex 11.1314 192.069 0
      vertex 11.2368 192.185 1.2
      vertex 11.2368 192.185 0
    endloop
  endfacet
  facet normal -0.740113 0.672482 0
    outer loop
      vertex 11.2368 192.185 1.2
      vertex 11.1314 192.069 0
      vertex 11.1314 192.069 1.2
    endloop
  endfacet
  facet normal 0.337486 0.941331 -0
    outer loop
      vertex 9.53554 191.669 0
      vertex 9.38771 191.722 3.2
      vertex 9.53554 191.669 3.2
    endloop
  endfacet
  facet normal 0.337486 0.941331 0
    outer loop
      vertex 9.38771 191.722 3.2
      vertex 9.53554 191.669 0
      vertex 9.38771 191.722 0
    endloop
  endfacet
  facet normal 0.739955 0.672657 0
    outer loop
      vertex 8.86863 192.069 3.2
      vertex 8.76318 192.185 0
      vertex 8.76318 192.185 3.2
    endloop
  endfacet
  facet normal 0.739955 0.672657 0
    outer loop
      vertex 8.76318 192.185 0
      vertex 8.86863 192.069 3.2
      vertex 8.86863 192.069 0
    endloop
  endfacet
  facet normal -0.337546 0.941309 0
    outer loop
      vertex 10.6123 191.722 0
      vertex 10.4645 191.669 1.2
      vertex 10.6123 191.722 1.2
    endloop
  endfacet
  facet normal -0.337546 0.941309 0
    outer loop
      vertex 10.4645 191.669 1.2
      vertex 10.6123 191.722 0
      vertex 10.4645 191.669 0
    endloop
  endfacet
  facet normal 0.998799 0.0489857 0
    outer loop
      vertex 8.4077 193.043 3.2
      vertex 8.4 193.2 0
      vertex 8.4 193.2 3.2
    endloop
  endfacet
  facet normal 0.998799 0.0489857 0
    outer loop
      vertex 8.4 193.2 0
      vertex 8.4077 193.043 3.2
      vertex 8.4077 193.043 0
    endloop
  endfacet
  facet normal 0.515422 -0.856937 0
    outer loop
      vertex 9.11109 194.53 0
      vertex 9.24576 194.611 3.2
      vertex 9.11109 194.53 3.2
    endloop
  endfacet
  facet normal 0.515422 -0.856937 0
    outer loop
      vertex 9.24576 194.611 3.2
      vertex 9.11109 194.53 0
      vertex 9.24576 194.611 0
    endloop
  endfacet
  facet normal -0.969841 0.243736 0
    outer loop
      vertex 11.5311 192.736 0
      vertex 11.5693 192.888 1.2
      vertex 11.5693 192.888 0
    endloop
  endfacet
  facet normal -0.969841 0.243736 0
    outer loop
      vertex 11.5693 192.888 1.2
      vertex 11.5311 192.736 0
      vertex 11.5311 192.736 1.2
    endloop
  endfacet
  facet normal -0.989169 0.14678 0
    outer loop
      vertex 11.5693 192.888 0
      vertex 11.5923 193.043 1.2
      vertex 11.5923 193.043 0
    endloop
  endfacet
  facet normal -0.989169 0.14678 0
    outer loop
      vertex 11.5923 193.043 1.2
      vertex 11.5693 192.888 0
      vertex 11.5693 192.888 1.2
    endloop
  endfacet
  facet normal -0.673305 0.739365 0
    outer loop
      vertex 11.1314 192.069 0
      vertex 11.015 191.963 1.2
      vertex 11.1314 192.069 1.2
    endloop
  endfacet
  facet normal -0.673305 0.739365 0
    outer loop
      vertex 11.015 191.963 1.2
      vertex 11.1314 192.069 0
      vertex 11.015 191.963 0
    endloop
  endfacet
  facet normal -0.904139 0.427238 0
    outer loop
      vertex 11.4111 192.446 0
      vertex 11.4782 192.588 1.2
      vertex 11.4782 192.588 0
    endloop
  endfacet
  facet normal -0.904139 0.427238 0
    outer loop
      vertex 11.4782 192.588 1.2
      vertex 11.4111 192.446 0
      vertex 11.4111 192.446 1.2
    endloop
  endfacet
  facet normal -0.802744 0.596324 0
    outer loop
      vertex 11.2368 192.185 0
      vertex 11.3304 192.311 1.2
      vertex 11.3304 192.311 0
    endloop
  endfacet
  facet normal -0.802744 0.596324 0
    outer loop
      vertex 11.3304 192.311 1.2
      vertex 11.2368 192.185 0
      vertex 11.2368 192.185 1.2
    endloop
  endfacet
  facet normal 0.593486 0.804844 -0
    outer loop
      vertex 9.11109 191.87 0
      vertex 8.98497 191.963 3.2
      vertex 9.11109 191.87 3.2
    endloop
  endfacet
  facet normal 0.593486 0.804844 0
    outer loop
      vertex 8.98497 191.963 3.2
      vertex 9.11109 191.87 0
      vertex 8.98497 191.963 0
    endloop
  endfacet
  facet normal 0.673495 0.739192 -0
    outer loop
      vertex 8.98497 191.963 0
      vertex 8.86863 192.069 3.2
      vertex 8.98497 191.963 3.2
    endloop
  endfacet
  facet normal 0.673495 0.739192 0
    outer loop
      vertex 8.86863 192.069 3.2
      vertex 8.98497 191.963 0
      vertex 8.86863 192.069 0
    endloop
  endfacet
  facet normal 0.858277 0.513186 0
    outer loop
      vertex 8.66965 192.311 3.2
      vertex 8.58893 192.446 0
      vertex 8.58893 192.446 3.2
    endloop
  endfacet
  facet normal 0.858277 0.513186 0
    outer loop
      vertex 8.58893 192.446 0
      vertex 8.66965 192.311 3.2
      vertex 8.66965 192.311 0
    endloop
  endfacet
  facet normal 0.941656 0.336578 0
    outer loop
      vertex 8.52179 192.588 3.2
      vertex 8.46889 192.736 0
      vertex 8.46889 192.736 3.2
    endloop
  endfacet
  facet normal 0.941656 0.336578 0
    outer loop
      vertex 8.46889 192.736 0
      vertex 8.52179 192.588 3.2
      vertex 8.52179 192.588 0
    endloop
  endfacet
  facet normal 0.904041 0.427446 0
    outer loop
      vertex 8.58893 192.446 3.2
      vertex 8.52179 192.588 0
      vertex 8.52179 192.588 3.2
    endloop
  endfacet
  facet normal 0.904041 0.427446 0
    outer loop
      vertex 8.52179 192.588 0
      vertex 8.58893 192.446 3.2
      vertex 8.58893 192.446 0
    endloop
  endfacet
  facet normal -0.241936 0.970292 0
    outer loop
      vertex 10.4645 191.669 0
      vertex 10.3121 191.631 1.2
      vertex 10.4645 191.669 1.2
    endloop
  endfacet
  facet normal -0.241936 0.970292 0
    outer loop
      vertex 10.3121 191.631 1.2
      vertex 10.4645 191.669 0
      vertex 10.3121 191.631 0
    endloop
  endfacet
  facet normal -0.941656 0.336578 0
    outer loop
      vertex 11.4782 192.588 0
      vertex 11.5311 192.736 1.2
      vertex 11.5311 192.736 0
    endloop
  endfacet
  facet normal -0.941656 0.336578 0
    outer loop
      vertex 11.5311 192.736 1.2
      vertex 11.4782 192.588 0
      vertex 11.4782 192.588 1.2
    endloop
  endfacet
  facet normal -0.858333 0.513093 0
    outer loop
      vertex 11.3304 192.311 0
      vertex 11.4111 192.446 1.2
      vertex 11.4111 192.446 0
    endloop
  endfacet
  facet normal -0.858333 0.513093 0
    outer loop
      vertex 11.4111 192.446 1.2
      vertex 11.3304 192.311 0
      vertex 11.3304 192.311 1.2
    endloop
  endfacet
  facet normal 0.0498175 0.998758 0
    outer loop
      vertex 10 191.6 1.2
      vertex 10 191.6 0
      vertex 9.87971 191.606 1.2
    endloop
  endfacet
  facet normal 0.0546527 0.998505 -0
    outer loop
      vertex 9.87971 191.606 1.2
      vertex 9.84317 191.608 3.2
      vertex 9.87971 191.606 3.2
    endloop
  endfacet
  facet normal 0.0546527 0.998505 0
    outer loop
      vertex 9.87971 191.606 1.2
      vertex 9.84317 191.608 0
      vertex 9.84317 191.608 3.2
    endloop
  endfacet
  facet normal 0.0509444 0.998701 0.000113245
    outer loop
      vertex 9.84317 191.608 0
      vertex 9.87971 191.606 1.2
      vertex 10 191.6 0
    endloop
  endfacet
  facet normal 0.42684 0.904327 -0
    outer loop
      vertex 9.38771 191.722 0
      vertex 9.24576 191.789 3.2
      vertex 9.38771 191.722 3.2
    endloop
  endfacet
  facet normal 0.42684 0.904327 0
    outer loop
      vertex 9.24576 191.789 3.2
      vertex 9.38771 191.722 0
      vertex 9.24576 191.789 0
    endloop
  endfacet
  facet normal 0.802957 0.596037 0
    outer loop
      vertex 8.76318 192.185 3.2
      vertex 8.66965 192.311 0
      vertex 8.66965 192.311 3.2
    endloop
  endfacet
  facet normal 0.802957 0.596037 0
    outer loop
      vertex 8.66965 192.311 0
      vertex 8.76318 192.185 3.2
      vertex 8.76318 192.185 0
    endloop
  endfacet
  facet normal 0.969917 0.243436 0
    outer loop
      vertex 8.46889 192.736 3.2
      vertex 8.43074 192.888 0
      vertex 8.43074 192.888 3.2
    endloop
  endfacet
  facet normal 0.969917 0.243436 0
    outer loop
      vertex 8.43074 192.888 0
      vertex 8.46889 192.736 3.2
      vertex 8.46889 192.736 0
    endloop
  endfacet
  facet normal 0.989132 0.14703 0
    outer loop
      vertex 8.43074 192.888 3.2
      vertex 8.4077 193.043 0
      vertex 8.4077 193.043 3.2
    endloop
  endfacet
  facet normal 0.989132 0.14703 0
    outer loop
      vertex 8.4077 193.043 0
      vertex 8.43074 192.888 3.2
      vertex 8.43074 192.888 0
    endloop
  endfacet
  facet normal -0.426963 0.904269 0
    outer loop
      vertex 10.7542 191.789 0
      vertex 10.6123 191.722 1.2
      vertex 10.7542 191.789 1.2
    endloop
  endfacet
  facet normal -0.426963 0.904269 0
    outer loop
      vertex 10.6123 191.722 1.2
      vertex 10.7542 191.789 0
      vertex 10.6123 191.722 0
    endloop
  endfacet
  facet normal -0.593547 0.804799 0
    outer loop
      vertex 11.015 191.963 0
      vertex 10.8889 191.87 1.2
      vertex 11.015 191.963 1.2
    endloop
  endfacet
  facet normal -0.593547 0.804799 0
    outer loop
      vertex 10.8889 191.87 1.2
      vertex 11.015 191.963 0
      vertex 10.8889 191.87 0
    endloop
  endfacet
  facet normal -0.515338 0.856987 0
    outer loop
      vertex 10.8889 191.87 0
      vertex 10.7542 191.789 1.2
      vertex 10.8889 191.87 1.2
    endloop
  endfacet
  facet normal -0.515338 0.856987 0
    outer loop
      vertex 10.7542 191.789 1.2
      vertex 10.8889 191.87 0
      vertex 10.7542 191.789 0
    endloop
  endfacet
  facet normal 0.146484 0.989213 -0
    outer loop
      vertex 9.84317 191.608 0
      vertex 9.68785 191.631 3.2
      vertex 9.84317 191.608 3.2
    endloop
  endfacet
  facet normal 0.146484 0.989213 0
    outer loop
      vertex 9.68785 191.631 3.2
      vertex 9.84317 191.608 0
      vertex 9.68785 191.631 0
    endloop
  endfacet
  facet normal 0.242071 0.970259 -0
    outer loop
      vertex 9.68785 191.631 0
      vertex 9.53554 191.669 3.2
      vertex 9.68785 191.631 3.2
    endloop
  endfacet
  facet normal 0.242071 0.970259 0
    outer loop
      vertex 9.53554 191.669 3.2
      vertex 9.68785 191.631 0
      vertex 9.53554 191.669 0
    endloop
  endfacet
  facet normal 0.515422 0.856937 -0
    outer loop
      vertex 9.24576 191.789 0
      vertex 9.11109 191.87 3.2
      vertex 9.24576 191.789 3.2
    endloop
  endfacet
  facet normal 0.515422 0.856937 0
    outer loop
      vertex 9.11109 191.87 3.2
      vertex 9.24576 191.789 0
      vertex 9.11109 191.87 0
    endloop
  endfacet
  facet normal -0.596324 -0.802744 0
    outer loop
      vertex 194.089 11.3304 0
      vertex 194.215 11.2368 3.2
      vertex 194.089 11.3304 3.2
    endloop
  endfacet
  facet normal -0.596324 -0.802744 -0
    outer loop
      vertex 194.215 11.2368 3.2
      vertex 194.089 11.3304 0
      vertex 194.215 11.2368 0
    endloop
  endfacet
  facet normal 0.336578 -0.941656 0
    outer loop
      vertex 192.588 11.4782 0
      vertex 192.736 11.5311 1.2
      vertex 192.588 11.4782 1.2
    endloop
  endfacet
  facet normal 0.336578 -0.941656 0
    outer loop
      vertex 192.736 11.5311 1.2
      vertex 192.588 11.4782 0
      vertex 192.736 11.5311 0
    endloop
  endfacet
  facet normal 0.904269 -0.426963 0
    outer loop
      vertex 191.722 10.6123 1.2
      vertex 191.789 10.7542 0
      vertex 191.789 10.7542 1.2
    endloop
  endfacet
  facet normal 0.904269 -0.426963 0
    outer loop
      vertex 191.789 10.7542 0
      vertex 191.722 10.6123 1.2
      vertex 191.722 10.6123 0
    endloop
  endfacet
  facet normal -0.904269 -0.426963 0
    outer loop
      vertex 194.678 10.6123 0
      vertex 194.611 10.7542 3.2
      vertex 194.611 10.7542 0
    endloop
  endfacet
  facet normal -0.904269 -0.426963 0
    outer loop
      vertex 194.611 10.7542 3.2
      vertex 194.678 10.6123 0
      vertex 194.678 10.6123 3.2
    endloop
  endfacet
  facet normal -0.856987 -0.515338 0
    outer loop
      vertex 194.611 10.7542 0
      vertex 194.53 10.8889 3.2
      vertex 194.53 10.8889 0
    endloop
  endfacet
  facet normal -0.856987 -0.515338 0
    outer loop
      vertex 194.53 10.8889 3.2
      vertex 194.611 10.7542 0
      vertex 194.611 10.7542 3.2
    endloop
  endfacet
  facet normal -0.336578 -0.941656 0
    outer loop
      vertex 193.664 11.5311 0
      vertex 193.812 11.4782 3.2
      vertex 193.664 11.5311 3.2
    endloop
  endfacet
  facet normal -0.336578 -0.941656 -0
    outer loop
      vertex 193.812 11.4782 3.2
      vertex 193.664 11.5311 0
      vertex 193.812 11.4782 0
    endloop
  endfacet
  facet normal -0.243736 -0.969841 0
    outer loop
      vertex 193.512 11.5693 0
      vertex 193.664 11.5311 3.2
      vertex 193.512 11.5693 3.2
    endloop
  endfacet
  facet normal -0.243736 -0.969841 -0
    outer loop
      vertex 193.664 11.5311 3.2
      vertex 193.512 11.5693 0
      vertex 193.664 11.5311 0
    endloop
  endfacet
  facet normal -0.14678 -0.989169 0
    outer loop
      vertex 193.357 11.5923 0
      vertex 193.512 11.5693 3.2
      vertex 193.357 11.5923 3.2
    endloop
  endfacet
  facet normal -0.14678 -0.989169 -0
    outer loop
      vertex 193.512 11.5693 3.2
      vertex 193.357 11.5923 0
      vertex 193.512 11.5693 0
    endloop
  endfacet
  facet normal 0.98921 -0.146502 0
    outer loop
      vertex 191.608 10.1568 1.2
      vertex 191.631 10.3121 0
      vertex 191.631 10.3121 1.2
    endloop
  endfacet
  facet normal 0.98921 -0.146502 0
    outer loop
      vertex 191.631 10.3121 0
      vertex 191.608 10.1568 1.2
      vertex 191.608 10.1568 0
    endloop
  endfacet
  facet normal 0.739365 -0.673305 0
    outer loop
      vertex 191.963 11.015 1.2
      vertex 192.069 11.1314 0
      vertex 192.069 11.1314 1.2
    endloop
  endfacet
  facet normal 0.739365 -0.673305 0
    outer loop
      vertex 192.069 11.1314 0
      vertex 191.963 11.015 1.2
      vertex 191.963 11.015 0
    endloop
  endfacet
  facet normal 0.14678 -0.989169 0
    outer loop
      vertex 192.888 11.5693 0
      vertex 193.043 11.5923 1.2
      vertex 192.888 11.5693 1.2
    endloop
  endfacet
  facet normal 0.14678 -0.989169 0
    outer loop
      vertex 193.043 11.5923 1.2
      vertex 192.888 11.5693 0
      vertex 193.043 11.5923 0
    endloop
  endfacet
  facet normal -0.998701 0.0509444 0
    outer loop
      vertex 194.792 9.84317 0
      vertex 194.8 10 3.2
      vertex 194.8 10 0
    endloop
  endfacet
  facet normal -0.998701 0.0509444 0
    outer loop
      vertex 194.8 10 3.2
      vertex 194.792 9.84317 0
      vertex 194.792 9.84317 3.2
    endloop
  endfacet
  facet normal -0.739192 0.673495 0
    outer loop
      vertex 194.331 8.86863 0
      vertex 194.437 8.98497 3.2
      vertex 194.437 8.98497 0
    endloop
  endfacet
  facet normal -0.739192 0.673495 0
    outer loop
      vertex 194.437 8.98497 3.2
      vertex 194.331 8.86863 0
      vertex 194.331 8.86863 3.2
    endloop
  endfacet
  facet normal 0.14703 0.989132 -0
    outer loop
      vertex 193.043 8.4077 0
      vertex 192.888 8.43074 3.2
      vertex 193.043 8.4077 3.2
    endloop
  endfacet
  facet normal 0.14703 0.989132 0
    outer loop
      vertex 192.888 8.43074 3.2
      vertex 193.043 8.4077 0
      vertex 192.888 8.43074 0
    endloop
  endfacet
  facet normal 0.672657 0.739955 -0
    outer loop
      vertex 192.185 8.76318 0
      vertex 192.069 8.86863 3.2
      vertex 192.185 8.76318 3.2
    endloop
  endfacet
  facet normal 0.672657 0.739955 0
    outer loop
      vertex 192.069 8.86863 3.2
      vertex 192.185 8.76318 0
      vertex 192.069 8.86863 0
    endloop
  endfacet
  facet normal 0.941331 0.337486 0
    outer loop
      vertex 191.722 9.38771 3.2
      vertex 191.669 9.53554 0
      vertex 191.669 9.53554 3.2
    endloop
  endfacet
  facet normal 0.941331 0.337486 0
    outer loop
      vertex 191.669 9.53554 0
      vertex 191.722 9.38771 3.2
      vertex 191.722 9.38771 0
    endloop
  endfacet
  facet normal 0.804844 0.593486 0
    outer loop
      vertex 191.963 8.98497 3.2
      vertex 191.87 9.11109 0
      vertex 191.87 9.11109 3.2
    endloop
  endfacet
  facet normal 0.804844 0.593486 0
    outer loop
      vertex 191.87 9.11109 0
      vertex 191.963 8.98497 3.2
      vertex 191.963 8.98497 0
    endloop
  endfacet
  facet normal -0.98921 -0.146502 0
    outer loop
      vertex 194.792 10.1568 0
      vertex 194.769 10.3121 3.2
      vertex 194.769 10.3121 0
    endloop
  endfacet
  facet normal -0.98921 -0.146502 0
    outer loop
      vertex 194.769 10.3121 3.2
      vertex 194.792 10.1568 0
      vertex 194.792 10.1568 3.2
    endloop
  endfacet
  facet normal -0.970292 -0.241936 0
    outer loop
      vertex 194.769 10.3121 0
      vertex 194.731 10.4645 3.2
      vertex 194.731 10.4645 0
    endloop
  endfacet
  facet normal -0.970292 -0.241936 0
    outer loop
      vertex 194.731 10.4645 3.2
      vertex 194.769 10.3121 0
      vertex 194.769 10.3121 3.2
    endloop
  endfacet
  facet normal -0.941309 -0.337546 0
    outer loop
      vertex 194.731 10.4645 0
      vertex 194.678 10.6123 3.2
      vertex 194.678 10.6123 0
    endloop
  endfacet
  facet normal -0.941309 -0.337546 0
    outer loop
      vertex 194.678 10.6123 3.2
      vertex 194.731 10.4645 0
      vertex 194.731 10.4645 3.2
    endloop
  endfacet
  facet normal -0.739365 -0.673305 0
    outer loop
      vertex 194.437 11.015 0
      vertex 194.331 11.1314 3.2
      vertex 194.331 11.1314 0
    endloop
  endfacet
  facet normal -0.739365 -0.673305 0
    outer loop
      vertex 194.331 11.1314 3.2
      vertex 194.437 11.015 0
      vertex 194.437 11.015 3.2
    endloop
  endfacet
  facet normal -0.804799 -0.593547 0
    outer loop
      vertex 194.53 10.8889 0
      vertex 194.437 11.015 3.2
      vertex 194.437 11.015 0
    endloop
  endfacet
  facet normal -0.804799 -0.593547 0
    outer loop
      vertex 194.437 11.015 3.2
      vertex 194.53 10.8889 0
      vertex 194.53 10.8889 3.2
    endloop
  endfacet
  facet normal -0.672482 -0.740113 0
    outer loop
      vertex 194.215 11.2368 0
      vertex 194.331 11.1314 3.2
      vertex 194.215 11.2368 3.2
    endloop
  endfacet
  facet normal -0.672482 -0.740113 -0
    outer loop
      vertex 194.331 11.1314 3.2
      vertex 194.215 11.2368 0
      vertex 194.331 11.1314 0
    endloop
  endfacet
  facet normal -0.513093 -0.858333 0
    outer loop
      vertex 193.954 11.4111 0
      vertex 194.089 11.3304 3.2
      vertex 193.954 11.4111 3.2
    endloop
  endfacet
  facet normal -0.513093 -0.858333 -0
    outer loop
      vertex 194.089 11.3304 3.2
      vertex 193.954 11.4111 0
      vertex 194.089 11.3304 0
    endloop
  endfacet
  facet normal -0.0491073 -0.998794 -0
    outer loop
      vertex 193.2 11.6 1.2
      vertex 193.2 11.6 0
      vertex 193.32 11.5941 1.2
    endloop
  endfacet
  facet normal -0.0485912 -0.998819 0
    outer loop
      vertex 193.32 11.5941 1.2
      vertex 193.357 11.5923 3.2
      vertex 193.32 11.5941 3.2
    endloop
  endfacet
  facet normal -0.0485912 -0.998819 0
    outer loop
      vertex 193.32 11.5941 1.2
      vertex 193.357 11.5923 0
      vertex 193.357 11.5923 3.2
    endloop
  endfacet
  facet normal -0.0489857 -0.998799 -1.21934e-05
    outer loop
      vertex 193.357 11.5923 0
      vertex 193.32 11.5941 1.2
      vertex 193.2 11.6 0
    endloop
  endfacet
  facet normal -0.427238 -0.904139 0
    outer loop
      vertex 193.812 11.4782 0
      vertex 193.954 11.4111 3.2
      vertex 193.812 11.4782 3.2
    endloop
  endfacet
  facet normal -0.427238 -0.904139 -0
    outer loop
      vertex 193.954 11.4111 3.2
      vertex 193.812 11.4782 0
      vertex 193.954 11.4111 0
    endloop
  endfacet
  facet normal 0.998701 -0.0509541 0
    outer loop
      vertex 191.6 10 1.2
      vertex 191.608 10.1568 0
      vertex 191.608 10.1568 1.2
    endloop
  endfacet
  facet normal 0.998701 -0.0509541 0
    outer loop
      vertex 191.608 10.1568 0
      vertex 191.6 10 1.2
      vertex 191.6 10 0
    endloop
  endfacet
  facet normal 0.941309 -0.337546 0
    outer loop
      vertex 191.669 10.4645 1.2
      vertex 191.722 10.6123 0
      vertex 191.722 10.6123 1.2
    endloop
  endfacet
  facet normal 0.941309 -0.337546 0
    outer loop
      vertex 191.722 10.6123 0
      vertex 191.669 10.4645 1.2
      vertex 191.669 10.4645 0
    endloop
  endfacet
  facet normal 0.970292 -0.241936 0
    outer loop
      vertex 191.631 10.3121 1.2
      vertex 191.669 10.4645 0
      vertex 191.669 10.4645 1.2
    endloop
  endfacet
  facet normal 0.970292 -0.241936 0
    outer loop
      vertex 191.669 10.4645 0
      vertex 191.631 10.3121 1.2
      vertex 191.631 10.3121 0
    endloop
  endfacet
  facet normal 0.856987 -0.515338 0
    outer loop
      vertex 191.789 10.7542 1.2
      vertex 191.87 10.8889 0
      vertex 191.87 10.8889 1.2
    endloop
  endfacet
  facet normal 0.856987 -0.515338 0
    outer loop
      vertex 191.87 10.8889 0
      vertex 191.789 10.7542 1.2
      vertex 191.789 10.7542 0
    endloop
  endfacet
  facet normal 0.804799 -0.593547 0
    outer loop
      vertex 191.87 10.8889 1.2
      vertex 191.963 11.015 0
      vertex 191.963 11.015 1.2
    endloop
  endfacet
  facet normal 0.804799 -0.593547 0
    outer loop
      vertex 191.963 11.015 0
      vertex 191.87 10.8889 1.2
      vertex 191.87 10.8889 0
    endloop
  endfacet
  facet normal 0.243736 -0.969841 0
    outer loop
      vertex 192.736 11.5311 0
      vertex 192.888 11.5693 1.2
      vertex 192.736 11.5311 1.2
    endloop
  endfacet
  facet normal 0.243736 -0.969841 0
    outer loop
      vertex 192.888 11.5693 1.2
      vertex 192.736 11.5311 0
      vertex 192.888 11.5693 0
    endloop
  endfacet
  facet normal 0.0489857 -0.998799 0
    outer loop
      vertex 193.043 11.5923 0
      vertex 193.2 11.6 1.2
      vertex 193.043 11.5923 1.2
    endloop
  endfacet
  facet normal 0.0489857 -0.998799 0
    outer loop
      vertex 193.2 11.6 1.2
      vertex 193.043 11.5923 0
      vertex 193.2 11.6 0
    endloop
  endfacet
  facet normal 0.513093 -0.858333 0
    outer loop
      vertex 192.311 11.3304 0
      vertex 192.446 11.4111 1.2
      vertex 192.311 11.3304 1.2
    endloop
  endfacet
  facet normal 0.513093 -0.858333 0
    outer loop
      vertex 192.446 11.4111 1.2
      vertex 192.311 11.3304 0
      vertex 192.446 11.4111 0
    endloop
  endfacet
  facet normal 0.596324 -0.802744 0
    outer loop
      vertex 192.185 11.2368 0
      vertex 192.311 11.3304 1.2
      vertex 192.185 11.2368 1.2
    endloop
  endfacet
  facet normal 0.596324 -0.802744 0
    outer loop
      vertex 192.311 11.3304 1.2
      vertex 192.185 11.2368 0
      vertex 192.311 11.3304 0
    endloop
  endfacet
  facet normal 0.427238 -0.904139 0
    outer loop
      vertex 192.446 11.4111 0
      vertex 192.588 11.4782 1.2
      vertex 192.446 11.4111 1.2
    endloop
  endfacet
  facet normal 0.427238 -0.904139 0
    outer loop
      vertex 192.588 11.4782 1.2
      vertex 192.446 11.4111 0
      vertex 192.588 11.4782 0
    endloop
  endfacet
  facet normal 0.672482 -0.740113 0
    outer loop
      vertex 192.069 11.1314 0
      vertex 192.185 11.2368 1.2
      vertex 192.069 11.1314 1.2
    endloop
  endfacet
  facet normal 0.672482 -0.740113 0
    outer loop
      vertex 192.185 11.2368 1.2
      vertex 192.069 11.1314 0
      vertex 192.185 11.2368 0
    endloop
  endfacet
  facet normal -0.998701 -0.0509541 0
    outer loop
      vertex 194.8 10 0
      vertex 194.792 10.1568 3.2
      vertex 194.792 10.1568 0
    endloop
  endfacet
  facet normal -0.998701 -0.0509541 0
    outer loop
      vertex 194.792 10.1568 3.2
      vertex 194.8 10 0
      vertex 194.8 10 3.2
    endloop
  endfacet
  facet normal -0.0489857 0.998799 0
    outer loop
      vertex 193.357 8.4077 0
      vertex 193.2 8.4 3.2
      vertex 193.357 8.4077 3.2
    endloop
  endfacet
  facet normal -0.0489857 0.998799 0
    outer loop
      vertex 193.2 8.4 3.2
      vertex 193.357 8.4077 0
      vertex 193.2 8.4 0
    endloop
  endfacet
  facet normal -0.941331 0.337486 0
    outer loop
      vertex 194.678 9.38771 0
      vertex 194.731 9.53554 3.2
      vertex 194.731 9.53554 0
    endloop
  endfacet
  facet normal -0.941331 0.337486 0
    outer loop
      vertex 194.731 9.53554 3.2
      vertex 194.678 9.38771 0
      vertex 194.678 9.38771 3.2
    endloop
  endfacet
  facet normal -0.970259 0.242071 0
    outer loop
      vertex 194.731 9.53554 0
      vertex 194.769 9.68785 3.2
      vertex 194.769 9.68785 0
    endloop
  endfacet
  facet normal -0.970259 0.242071 0
    outer loop
      vertex 194.769 9.68785 3.2
      vertex 194.731 9.53554 0
      vertex 194.731 9.53554 3.2
    endloop
  endfacet
  facet normal -0.14703 0.989132 0
    outer loop
      vertex 193.512 8.43074 0
      vertex 193.357 8.4077 3.2
      vertex 193.512 8.43074 3.2
    endloop
  endfacet
  facet normal -0.14703 0.989132 0
    outer loop
      vertex 193.357 8.4077 3.2
      vertex 193.512 8.43074 0
      vertex 193.357 8.4077 0
    endloop
  endfacet
  facet normal -0.243436 0.969917 0
    outer loop
      vertex 193.664 8.46889 0
      vertex 193.512 8.43074 3.2
      vertex 193.664 8.46889 3.2
    endloop
  endfacet
  facet normal -0.243436 0.969917 0
    outer loop
      vertex 193.512 8.43074 3.2
      vertex 193.664 8.46889 0
      vertex 193.512 8.43074 0
    endloop
  endfacet
  facet normal -0.596037 0.802957 0
    outer loop
      vertex 194.215 8.76318 0
      vertex 194.089 8.66965 3.2
      vertex 194.215 8.76318 3.2
    endloop
  endfacet
  facet normal -0.596037 0.802957 0
    outer loop
      vertex 194.089 8.66965 3.2
      vertex 194.215 8.76318 0
      vertex 194.089 8.66965 0
    endloop
  endfacet
  facet normal -0.427446 0.904041 0
    outer loop
      vertex 193.954 8.58893 0
      vertex 193.812 8.52179 3.2
      vertex 193.954 8.58893 3.2
    endloop
  endfacet
  facet normal -0.427446 0.904041 0
    outer loop
      vertex 193.812 8.52179 3.2
      vertex 193.954 8.58893 0
      vertex 193.812 8.52179 0
    endloop
  endfacet
  facet normal -0.856937 0.515422 0
    outer loop
      vertex 194.53 9.11109 0
      vertex 194.611 9.24576 3.2
      vertex 194.611 9.24576 0
    endloop
  endfacet
  facet normal -0.856937 0.515422 0
    outer loop
      vertex 194.611 9.24576 3.2
      vertex 194.53 9.11109 0
      vertex 194.53 9.11109 3.2
    endloop
  endfacet
  facet normal 0.0489857 0.998799 -0
    outer loop
      vertex 193.2 8.4 0
      vertex 193.043 8.4077 3.2
      vertex 193.2 8.4 3.2
    endloop
  endfacet
  facet normal 0.0489857 0.998799 0
    outer loop
      vertex 193.043 8.4077 3.2
      vertex 193.2 8.4 0
      vertex 193.043 8.4077 0
    endloop
  endfacet
  facet normal 0.336578 0.941656 -0
    outer loop
      vertex 192.736 8.46889 0
      vertex 192.588 8.52179 3.2
      vertex 192.736 8.46889 3.2
    endloop
  endfacet
  facet normal 0.336578 0.941656 0
    outer loop
      vertex 192.588 8.52179 3.2
      vertex 192.736 8.46889 0
      vertex 192.588 8.52179 0
    endloop
  endfacet
  facet normal 0.513186 0.858277 -0
    outer loop
      vertex 192.446 8.58893 0
      vertex 192.311 8.66965 3.2
      vertex 192.446 8.58893 3.2
    endloop
  endfacet
  facet normal 0.513186 0.858277 0
    outer loop
      vertex 192.311 8.66965 3.2
      vertex 192.446 8.58893 0
      vertex 192.311 8.66965 0
    endloop
  endfacet
  facet normal 0.998505 0.0546527 0
    outer loop
      vertex 191.606 9.87971 3.2
      vertex 191.608 9.84317 3.2
      vertex 191.606 9.87971 1.2
    endloop
  endfacet
  facet normal 0.998758 0.0498175 0
    outer loop
      vertex 191.606 9.87971 1.2
      vertex 191.6 10 0
      vertex 191.6 10 1.2
    endloop
  endfacet
  facet normal 0.998701 0.0509444 0.000113245
    outer loop
      vertex 191.606 9.87971 1.2
      vertex 191.608 9.84317 0
      vertex 191.6 10 0
    endloop
  endfacet
  facet normal 0.998505 0.0546527 -0
    outer loop
      vertex 191.608 9.84317 0
      vertex 191.606 9.87971 1.2
      vertex 191.608 9.84317 3.2
    endloop
  endfacet
  facet normal 0.970259 0.242071 0
    outer loop
      vertex 191.669 9.53554 3.2
      vertex 191.631 9.68785 0
      vertex 191.631 9.68785 3.2
    endloop
  endfacet
  facet normal 0.970259 0.242071 0
    outer loop
      vertex 191.631 9.68785 0
      vertex 191.669 9.53554 3.2
      vertex 191.669 9.53554 0
    endloop
  endfacet
  facet normal 0.989213 0.146484 0
    outer loop
      vertex 191.631 9.68785 3.2
      vertex 191.608 9.84317 0
      vertex 191.608 9.84317 3.2
    endloop
  endfacet
  facet normal 0.989213 0.146484 0
    outer loop
      vertex 191.608 9.84317 0
      vertex 191.631 9.68785 3.2
      vertex 191.631 9.68785 0
    endloop
  endfacet
  facet normal 0.904327 0.42684 0
    outer loop
      vertex 191.789 9.24576 3.2
      vertex 191.722 9.38771 0
      vertex 191.722 9.38771 3.2
    endloop
  endfacet
  facet normal 0.904327 0.42684 0
    outer loop
      vertex 191.722 9.38771 0
      vertex 191.789 9.24576 3.2
      vertex 191.789 9.24576 0
    endloop
  endfacet
  facet normal -0.336578 0.941656 0
    outer loop
      vertex 193.812 8.52179 0
      vertex 193.664 8.46889 3.2
      vertex 193.812 8.52179 3.2
    endloop
  endfacet
  facet normal -0.336578 0.941656 0
    outer loop
      vertex 193.664 8.46889 3.2
      vertex 193.812 8.52179 0
      vertex 193.664 8.46889 0
    endloop
  endfacet
  facet normal -0.672657 0.739955 0
    outer loop
      vertex 194.331 8.86863 0
      vertex 194.215 8.76318 3.2
      vertex 194.331 8.86863 3.2
    endloop
  endfacet
  facet normal -0.672657 0.739955 0
    outer loop
      vertex 194.215 8.76318 3.2
      vertex 194.331 8.86863 0
      vertex 194.215 8.76318 0
    endloop
  endfacet
  facet normal -0.513186 0.858277 0
    outer loop
      vertex 194.089 8.66965 0
      vertex 193.954 8.58893 3.2
      vertex 194.089 8.66965 3.2
    endloop
  endfacet
  facet normal -0.513186 0.858277 0
    outer loop
      vertex 193.954 8.58893 3.2
      vertex 194.089 8.66965 0
      vertex 193.954 8.58893 0
    endloop
  endfacet
  facet normal -0.904327 0.42684 0
    outer loop
      vertex 194.611 9.24576 0
      vertex 194.678 9.38771 3.2
      vertex 194.678 9.38771 0
    endloop
  endfacet
  facet normal -0.904327 0.42684 0
    outer loop
      vertex 194.678 9.38771 3.2
      vertex 194.611 9.24576 0
      vertex 194.611 9.24576 3.2
    endloop
  endfacet
  facet normal -0.804844 0.593486 0
    outer loop
      vertex 194.437 8.98497 0
      vertex 194.53 9.11109 3.2
      vertex 194.53 9.11109 0
    endloop
  endfacet
  facet normal -0.804844 0.593486 0
    outer loop
      vertex 194.53 9.11109 3.2
      vertex 194.437 8.98497 0
      vertex 194.437 8.98497 3.2
    endloop
  endfacet
  facet normal 0.243436 0.969917 -0
    outer loop
      vertex 192.888 8.43074 0
      vertex 192.736 8.46889 3.2
      vertex 192.888 8.43074 3.2
    endloop
  endfacet
  facet normal 0.243436 0.969917 0
    outer loop
      vertex 192.736 8.46889 3.2
      vertex 192.888 8.43074 0
      vertex 192.736 8.46889 0
    endloop
  endfacet
  facet normal 0.427446 0.904041 -0
    outer loop
      vertex 192.588 8.52179 0
      vertex 192.446 8.58893 3.2
      vertex 192.588 8.52179 3.2
    endloop
  endfacet
  facet normal 0.427446 0.904041 0
    outer loop
      vertex 192.446 8.58893 3.2
      vertex 192.588 8.52179 0
      vertex 192.446 8.58893 0
    endloop
  endfacet
  facet normal 0.596037 0.802957 -0
    outer loop
      vertex 192.311 8.66965 0
      vertex 192.185 8.76318 3.2
      vertex 192.311 8.66965 3.2
    endloop
  endfacet
  facet normal 0.596037 0.802957 0
    outer loop
      vertex 192.185 8.76318 3.2
      vertex 192.311 8.66965 0
      vertex 192.185 8.76318 0
    endloop
  endfacet
  facet normal 0.856937 0.515422 0
    outer loop
      vertex 191.87 9.11109 3.2
      vertex 191.789 9.24576 0
      vertex 191.789 9.24576 3.2
    endloop
  endfacet
  facet normal 0.856937 0.515422 0
    outer loop
      vertex 191.789 9.24576 0
      vertex 191.87 9.11109 3.2
      vertex 191.87 9.11109 0
    endloop
  endfacet
  facet normal 0.739192 0.673495 0
    outer loop
      vertex 192.069 8.86863 3.2
      vertex 191.963 8.98497 0
      vertex 191.963 8.98497 3.2
    endloop
  endfacet
  facet normal 0.739192 0.673495 0
    outer loop
      vertex 191.963 8.98497 0
      vertex 192.069 8.86863 3.2
      vertex 192.069 8.86863 0
    endloop
  endfacet
  facet normal -0.989213 0.146484 0
    outer loop
      vertex 194.769 9.68785 0
      vertex 194.792 9.84317 3.2
      vertex 194.792 9.84317 0
    endloop
  endfacet
  facet normal -0.989213 0.146484 0
    outer loop
      vertex 194.792 9.84317 3.2
      vertex 194.769 9.68785 0
      vertex 194.769 9.68785 3.2
    endloop
  endfacet
  facet normal -0.593852 -0.804574 0
    outer loop
      vertex 194.089 194.53 0
      vertex 194.215 194.437 3.2
      vertex 194.089 194.53 3.2
    endloop
  endfacet
  facet normal -0.593852 -0.804574 -0
    outer loop
      vertex 194.215 194.437 3.2
      vertex 194.089 194.53 0
      vertex 194.215 194.437 0
    endloop
  endfacet
  facet normal 0.970143 -0.242536 0
    outer loop
      vertex 191.631 193.512 3.2
      vertex 191.669 193.664 0
      vertex 191.669 193.664 3.2
    endloop
  endfacet
  facet normal 0.970143 -0.242536 0
    outer loop
      vertex 191.669 193.664 0
      vertex 191.631 193.512 3.2
      vertex 191.631 193.512 0
    endloop
  endfacet
  facet normal 0.426717 -0.904385 0
    outer loop
      vertex 192.446 194.611 0
      vertex 192.588 194.678 3.2
      vertex 192.446 194.611 3.2
    endloop
  endfacet
  facet normal 0.426717 -0.904385 0
    outer loop
      vertex 192.588 194.678 3.2
      vertex 192.446 194.611 0
      vertex 192.588 194.678 0
    endloop
  endfacet
  facet normal 0.941454 -0.337142 0
    outer loop
      vertex 191.669 193.664 3.2
      vertex 191.722 193.812 0
      vertex 191.722 193.812 3.2
    endloop
  endfacet
  facet normal 0.941454 -0.337142 0
    outer loop
      vertex 191.722 193.812 0
      vertex 191.669 193.664 3.2
      vertex 191.669 193.664 0
    endloop
  endfacet
  facet normal -0.904385 0.426717 0
    outer loop
      vertex 194.611 192.446 0
      vertex 194.678 192.588 3.2
      vertex 194.678 192.588 0
    endloop
  endfacet
  facet normal -0.904385 0.426717 0
    outer loop
      vertex 194.678 192.588 3.2
      vertex 194.611 192.446 0
      vertex 194.611 192.446 3.2
    endloop
  endfacet
  facet normal 0.426717 0.904385 -0
    outer loop
      vertex 192.588 191.722 0
      vertex 192.446 191.789 1.2
      vertex 192.588 191.722 1.2
    endloop
  endfacet
  facet normal 0.426717 0.904385 0
    outer loop
      vertex 192.446 191.789 1.2
      vertex 192.588 191.722 0
      vertex 192.446 191.789 0
    endloop
  endfacet
  facet normal -0.904385 -0.426717 0
    outer loop
      vertex 194.678 193.812 0
      vertex 194.611 193.954 3.2
      vertex 194.611 193.954 0
    endloop
  endfacet
  facet normal -0.904385 -0.426717 0
    outer loop
      vertex 194.611 193.954 3.2
      vertex 194.678 193.812 0
      vertex 194.678 193.812 3.2
    endloop
  endfacet
  facet normal -0.857493 -0.514496 0
    outer loop
      vertex 194.611 193.954 0
      vertex 194.53 194.089 3.2
      vertex 194.53 194.089 0
    endloop
  endfacet
  facet normal -0.857493 -0.514496 0
    outer loop
      vertex 194.53 194.089 3.2
      vertex 194.611 193.954 0
      vertex 194.611 193.954 3.2
    endloop
  endfacet
  facet normal -0.337142 -0.941454 0
    outer loop
      vertex 193.664 194.731 0
      vertex 193.812 194.678 3.2
      vertex 193.664 194.731 3.2
    endloop
  endfacet
  facet normal -0.337142 -0.941454 -0
    outer loop
      vertex 193.812 194.678 3.2
      vertex 193.664 194.731 0
      vertex 193.812 194.678 0
    endloop
  endfacet
  facet normal -0.0508894 -0.998704 0
    outer loop
      vertex 193.2 194.8 0
      vertex 193.357 194.792 3.2
      vertex 193.2 194.8 3.2
    endloop
  endfacet
  facet normal -0.0508894 -0.998704 -0
    outer loop
      vertex 193.357 194.792 3.2
      vertex 193.2 194.8 0
      vertex 193.357 194.792 0
    endloop
  endfacet
  facet normal 0.804574 -0.593852 0
    outer loop
      vertex 191.87 194.089 3.2
      vertex 191.963 194.215 0
      vertex 191.963 194.215 3.2
    endloop
  endfacet
  facet normal 0.804574 -0.593852 0
    outer loop
      vertex 191.963 194.215 0
      vertex 191.87 194.089 3.2
      vertex 191.87 194.089 0
    endloop
  endfacet
  facet normal 0.242536 -0.970143 0
    outer loop
      vertex 192.736 194.731 0
      vertex 192.888 194.769 3.2
      vertex 192.736 194.731 3.2
    endloop
  endfacet
  facet normal 0.242536 -0.970143 0
    outer loop
      vertex 192.888 194.769 3.2
      vertex 192.736 194.731 0
      vertex 192.888 194.769 0
    endloop
  endfacet
  facet normal -0.998704 0.0508894 0
    outer loop
      vertex 194.792 193.043 0
      vertex 194.8 193.2 3.2
      vertex 194.8 193.2 0
    endloop
  endfacet
  facet normal -0.998704 0.0508894 0
    outer loop
      vertex 194.8 193.2 3.2
      vertex 194.792 193.043 0
      vertex 194.792 193.043 3.2
    endloop
  endfacet
  facet normal -0.73821 0.674571 0
    outer loop
      vertex 194.331 192.069 0
      vertex 194.437 192.185 3.2
      vertex 194.437 192.185 0
    endloop
  endfacet
  facet normal -0.73821 0.674571 0
    outer loop
      vertex 194.437 192.185 3.2
      vertex 194.331 192.069 0
      vertex 194.331 192.069 3.2
    endloop
  endfacet
  facet normal 0.14678 0.989169 -0
    outer loop
      vertex 193.043 191.608 0
      vertex 192.888 191.631 1.2
      vertex 193.043 191.608 1.2
    endloop
  endfacet
  facet normal 0.14678 0.989169 0
    outer loop
      vertex 192.888 191.631 1.2
      vertex 193.043 191.608 0
      vertex 192.888 191.631 0
    endloop
  endfacet
  facet normal 0.674571 0.73821 -0
    outer loop
      vertex 192.185 191.963 0
      vertex 192.069 192.069 1.2
      vertex 192.185 191.963 1.2
    endloop
  endfacet
  facet normal 0.674571 0.73821 0
    outer loop
      vertex 192.069 192.069 1.2
      vertex 192.185 191.963 0
      vertex 192.069 192.069 0
    endloop
  endfacet
  facet normal 0.941454 0.337142 0
    outer loop
      vertex 191.722 192.588 1.2
      vertex 191.669 192.736 0
      vertex 191.669 192.736 1.2
    endloop
  endfacet
  facet normal 0.941454 0.337142 0
    outer loop
      vertex 191.669 192.736 0
      vertex 191.722 192.588 1.2
      vertex 191.722 192.588 0
    endloop
  endfacet
  facet normal -0.989169 -0.14678 0
    outer loop
      vertex 194.792 193.357 0
      vertex 194.769 193.512 3.2
      vertex 194.769 193.512 0
    endloop
  endfacet
  facet normal -0.989169 -0.14678 0
    outer loop
      vertex 194.769 193.512 3.2
      vertex 194.792 193.357 0
      vertex 194.792 193.357 3.2
    endloop
  endfacet
  facet normal -0.970143 -0.242536 0
    outer loop
      vertex 194.769 193.512 0
      vertex 194.731 193.664 3.2
      vertex 194.731 193.664 0
    endloop
  endfacet
  facet normal -0.970143 -0.242536 0
    outer loop
      vertex 194.731 193.664 3.2
      vertex 194.769 193.512 0
      vertex 194.769 193.512 3.2
    endloop
  endfacet
  facet normal -0.941454 -0.337142 0
    outer loop
      vertex 194.731 193.664 0
      vertex 194.678 193.812 3.2
      vertex 194.678 193.812 0
    endloop
  endfacet
  facet normal -0.941454 -0.337142 0
    outer loop
      vertex 194.678 193.812 3.2
      vertex 194.731 193.664 0
      vertex 194.731 193.664 3.2
    endloop
  endfacet
  facet normal -0.73821 -0.674571 0
    outer loop
      vertex 194.437 194.215 0
      vertex 194.331 194.331 3.2
      vertex 194.331 194.331 0
    endloop
  endfacet
  facet normal -0.73821 -0.674571 0
    outer loop
      vertex 194.331 194.331 3.2
      vertex 194.437 194.215 0
      vertex 194.437 194.215 3.2
    endloop
  endfacet
  facet normal -0.804574 -0.593852 0
    outer loop
      vertex 194.53 194.089 0
      vertex 194.437 194.215 3.2
      vertex 194.437 194.215 0
    endloop
  endfacet
  facet normal -0.804574 -0.593852 0
    outer loop
      vertex 194.437 194.215 3.2
      vertex 194.53 194.089 0
      vertex 194.53 194.089 3.2
    endloop
  endfacet
  facet normal -0.674571 -0.73821 0
    outer loop
      vertex 194.215 194.437 0
      vertex 194.331 194.331 3.2
      vertex 194.215 194.437 3.2
    endloop
  endfacet
  facet normal -0.674571 -0.73821 -0
    outer loop
      vertex 194.331 194.331 3.2
      vertex 194.215 194.437 0
      vertex 194.331 194.331 0
    endloop
  endfacet
  facet normal -0.514496 -0.857493 0
    outer loop
      vertex 193.954 194.611 0
      vertex 194.089 194.53 3.2
      vertex 193.954 194.611 3.2
    endloop
  endfacet
  facet normal -0.514496 -0.857493 -0
    outer loop
      vertex 194.089 194.53 3.2
      vertex 193.954 194.611 0
      vertex 194.089 194.53 0
    endloop
  endfacet
  facet normal 0.0508894 -0.998704 0
    outer loop
      vertex 193.043 194.792 0
      vertex 193.2 194.8 3.2
      vertex 193.043 194.792 3.2
    endloop
  endfacet
  facet normal 0.0508894 -0.998704 0
    outer loop
      vertex 193.2 194.8 3.2
      vertex 193.043 194.792 0
      vertex 193.2 194.8 0
    endloop
  endfacet
  facet normal -0.426717 -0.904385 0
    outer loop
      vertex 193.812 194.678 0
      vertex 193.954 194.611 3.2
      vertex 193.812 194.678 3.2
    endloop
  endfacet
  facet normal -0.426717 -0.904385 -0
    outer loop
      vertex 193.954 194.611 3.2
      vertex 193.812 194.678 0
      vertex 193.954 194.611 0
    endloop
  endfacet
  facet normal -0.242536 -0.970143 0
    outer loop
      vertex 193.512 194.769 0
      vertex 193.664 194.731 3.2
      vertex 193.512 194.769 3.2
    endloop
  endfacet
  facet normal -0.242536 -0.970143 -0
    outer loop
      vertex 193.664 194.731 3.2
      vertex 193.512 194.769 0
      vertex 193.664 194.731 0
    endloop
  endfacet
  facet normal -0.14678 -0.989169 0
    outer loop
      vertex 193.357 194.792 0
      vertex 193.512 194.769 3.2
      vertex 193.357 194.792 3.2
    endloop
  endfacet
  facet normal -0.14678 -0.989169 -0
    outer loop
      vertex 193.512 194.769 3.2
      vertex 193.357 194.792 0
      vertex 193.512 194.769 0
    endloop
  endfacet
  facet normal 0.998542 -0.0539753 0
    outer loop
      vertex 191.606 193.32 1.2
      vertex 191.608 193.357 3.2
      vertex 191.606 193.32 3.2
    endloop
  endfacet
  facet normal 0.998542 -0.0539753 0
    outer loop
      vertex 191.608 193.357 3.2
      vertex 191.606 193.32 1.2
      vertex 191.608 193.357 0
    endloop
  endfacet
  facet normal 0.998752 -0.0499376 0
    outer loop
      vertex 191.6 193.2 0
      vertex 191.606 193.32 1.2
      vertex 191.6 193.2 1.2
    endloop
  endfacet
  facet normal 0.998704 -0.0508894 9.54176e-05
    outer loop
      vertex 191.606 193.32 1.2
      vertex 191.6 193.2 0
      vertex 191.608 193.357 0
    endloop
  endfacet
  facet normal 0.904385 -0.426717 0
    outer loop
      vertex 191.722 193.812 3.2
      vertex 191.789 193.954 0
      vertex 191.789 193.954 3.2
    endloop
  endfacet
  facet normal 0.904385 -0.426717 0
    outer loop
      vertex 191.789 193.954 0
      vertex 191.722 193.812 3.2
      vertex 191.722 193.812 0
    endloop
  endfacet
  facet normal 0.857493 -0.514496 0
    outer loop
      vertex 191.789 193.954 3.2
      vertex 191.87 194.089 0
      vertex 191.87 194.089 3.2
    endloop
  endfacet
  facet normal 0.857493 -0.514496 0
    outer loop
      vertex 191.87 194.089 0
      vertex 191.789 193.954 3.2
      vertex 191.789 193.954 0
    endloop
  endfacet
  facet normal 0.337142 -0.941454 0
    outer loop
      vertex 192.588 194.678 0
      vertex 192.736 194.731 3.2
      vertex 192.588 194.678 3.2
    endloop
  endfacet
  facet normal 0.337142 -0.941454 0
    outer loop
      vertex 192.736 194.731 3.2
      vertex 192.588 194.678 0
      vertex 192.736 194.731 0
    endloop
  endfacet
  facet normal 0.14678 -0.989169 0
    outer loop
      vertex 192.888 194.769 0
      vertex 193.043 194.792 3.2
      vertex 192.888 194.769 3.2
    endloop
  endfacet
  facet normal 0.14678 -0.989169 0
    outer loop
      vertex 193.043 194.792 3.2
      vertex 192.888 194.769 0
      vertex 193.043 194.792 0
    endloop
  endfacet
  facet normal 0.593852 -0.804574 0
    outer loop
      vertex 192.185 194.437 0
      vertex 192.311 194.53 3.2
      vertex 192.185 194.437 3.2
    endloop
  endfacet
  facet normal 0.593852 -0.804574 0
    outer loop
      vertex 192.311 194.53 3.2
      vertex 192.185 194.437 0
      vertex 192.311 194.53 0
    endloop
  endfacet
  facet normal 0.674571 -0.73821 0
    outer loop
      vertex 192.069 194.331 0
      vertex 192.185 194.437 3.2
      vertex 192.069 194.331 3.2
    endloop
  endfacet
  facet normal 0.674571 -0.73821 0
    outer loop
      vertex 192.185 194.437 3.2
      vertex 192.069 194.331 0
      vertex 192.185 194.437 0
    endloop
  endfacet
  facet normal 0.514496 -0.857493 0
    outer loop
      vertex 192.311 194.53 0
      vertex 192.446 194.611 3.2
      vertex 192.311 194.53 3.2
    endloop
  endfacet
  facet normal 0.514496 -0.857493 0
    outer loop
      vertex 192.446 194.611 3.2
      vertex 192.311 194.53 0
      vertex 192.446 194.611 0
    endloop
  endfacet
  facet normal 0.73821 -0.674571 0
    outer loop
      vertex 191.963 194.215 3.2
      vertex 192.069 194.331 0
      vertex 192.069 194.331 3.2
    endloop
  endfacet
  facet normal 0.73821 -0.674571 0
    outer loop
      vertex 192.069 194.331 0
      vertex 191.963 194.215 3.2
      vertex 191.963 194.215 0
    endloop
  endfacet
  facet normal -0.998704 -0.0508894 0
    outer loop
      vertex 194.8 193.2 0
      vertex 194.792 193.357 3.2
      vertex 194.792 193.357 0
    endloop
  endfacet
  facet normal -0.998704 -0.0508894 0
    outer loop
      vertex 194.792 193.357 3.2
      vertex 194.8 193.2 0
      vertex 194.8 193.2 3.2
    endloop
  endfacet
  facet normal -0.0539753 0.998542 0
    outer loop
      vertex 193.357 191.608 3.2
      vertex 193.32 191.606 1.2
      vertex 193.32 191.606 3.2
    endloop
  endfacet
  facet normal -0.0539753 0.998542 0
    outer loop
      vertex 193.357 191.608 0
      vertex 193.32 191.606 1.2
      vertex 193.357 191.608 3.2
    endloop
  endfacet
  facet normal -0.0508894 0.998704 9.54176e-05
    outer loop
      vertex 193.2 191.6 0
      vertex 193.32 191.606 1.2
      vertex 193.357 191.608 0
    endloop
  endfacet
  facet normal -0.0499376 0.998752 0
    outer loop
      vertex 193.32 191.606 1.2
      vertex 193.2 191.6 0
      vertex 193.2 191.6 1.2
    endloop
  endfacet
  facet normal -0.941454 0.337142 0
    outer loop
      vertex 194.678 192.588 0
      vertex 194.731 192.736 3.2
      vertex 194.731 192.736 0
    endloop
  endfacet
  facet normal -0.941454 0.337142 0
    outer loop
      vertex 194.731 192.736 3.2
      vertex 194.678 192.588 0
      vertex 194.678 192.588 3.2
    endloop
  endfacet
  facet normal -0.14678 0.989169 0
    outer loop
      vertex 193.512 191.631 0
      vertex 193.357 191.608 3.2
      vertex 193.512 191.631 3.2
    endloop
  endfacet
  facet normal -0.14678 0.989169 0
    outer loop
      vertex 193.357 191.608 3.2
      vertex 193.512 191.631 0
      vertex 193.357 191.608 0
    endloop
  endfacet
  facet normal -0.242536 0.970143 0
    outer loop
      vertex 193.664 191.669 0
      vertex 193.512 191.631 3.2
      vertex 193.664 191.669 3.2
    endloop
  endfacet
  facet normal -0.242536 0.970143 0
    outer loop
      vertex 193.512 191.631 3.2
      vertex 193.664 191.669 0
      vertex 193.512 191.631 0
    endloop
  endfacet
  facet normal -0.593852 0.804574 0
    outer loop
      vertex 194.215 191.963 0
      vertex 194.089 191.87 3.2
      vertex 194.215 191.963 3.2
    endloop
  endfacet
  facet normal -0.593852 0.804574 0
    outer loop
      vertex 194.089 191.87 3.2
      vertex 194.215 191.963 0
      vertex 194.089 191.87 0
    endloop
  endfacet
  facet normal -0.426717 0.904385 0
    outer loop
      vertex 193.954 191.789 0
      vertex 193.812 191.722 3.2
      vertex 193.954 191.789 3.2
    endloop
  endfacet
  facet normal -0.426717 0.904385 0
    outer loop
      vertex 193.812 191.722 3.2
      vertex 193.954 191.789 0
      vertex 193.812 191.722 0
    endloop
  endfacet
  facet normal -0.857493 0.514496 0
    outer loop
      vertex 194.53 192.311 0
      vertex 194.611 192.446 3.2
      vertex 194.611 192.446 0
    endloop
  endfacet
  facet normal -0.857493 0.514496 0
    outer loop
      vertex 194.611 192.446 3.2
      vertex 194.53 192.311 0
      vertex 194.53 192.311 3.2
    endloop
  endfacet
  facet normal 0.0508894 0.998704 -0
    outer loop
      vertex 193.2 191.6 0
      vertex 193.043 191.608 1.2
      vertex 193.2 191.6 1.2
    endloop
  endfacet
  facet normal 0.0508894 0.998704 0
    outer loop
      vertex 193.043 191.608 1.2
      vertex 193.2 191.6 0
      vertex 193.043 191.608 0
    endloop
  endfacet
  facet normal 0.337142 0.941454 -0
    outer loop
      vertex 192.736 191.669 0
      vertex 192.588 191.722 1.2
      vertex 192.736 191.669 1.2
    endloop
  endfacet
  facet normal 0.337142 0.941454 0
    outer loop
      vertex 192.588 191.722 1.2
      vertex 192.736 191.669 0
      vertex 192.588 191.722 0
    endloop
  endfacet
  facet normal 0.514496 0.857493 -0
    outer loop
      vertex 192.446 191.789 0
      vertex 192.311 191.87 1.2
      vertex 192.446 191.789 1.2
    endloop
  endfacet
  facet normal 0.514496 0.857493 0
    outer loop
      vertex 192.311 191.87 1.2
      vertex 192.446 191.789 0
      vertex 192.311 191.87 0
    endloop
  endfacet
  facet normal 0.998704 0.0508894 0
    outer loop
      vertex 191.608 193.043 1.2
      vertex 191.6 193.2 0
      vertex 191.6 193.2 1.2
    endloop
  endfacet
  facet normal 0.998704 0.0508894 0
    outer loop
      vertex 191.6 193.2 0
      vertex 191.608 193.043 1.2
      vertex 191.608 193.043 0
    endloop
  endfacet
  facet normal 0.970143 0.242536 0
    outer loop
      vertex 191.669 192.736 1.2
      vertex 191.631 192.888 0
      vertex 191.631 192.888 1.2
    endloop
  endfacet
  facet normal 0.970143 0.242536 0
    outer loop
      vertex 191.631 192.888 0
      vertex 191.669 192.736 1.2
      vertex 191.669 192.736 0
    endloop
  endfacet
  facet normal 0.989169 0.14678 0
    outer loop
      vertex 191.631 192.888 1.2
      vertex 191.608 193.043 0
      vertex 191.608 193.043 1.2
    endloop
  endfacet
  facet normal 0.989169 0.14678 0
    outer loop
      vertex 191.608 193.043 0
      vertex 191.631 192.888 1.2
      vertex 191.631 192.888 0
    endloop
  endfacet
  facet normal 0.804574 0.593852 0
    outer loop
      vertex 191.963 192.185 1.2
      vertex 191.87 192.311 0
      vertex 191.87 192.311 1.2
    endloop
  endfacet
  facet normal 0.804574 0.593852 0
    outer loop
      vertex 191.87 192.311 0
      vertex 191.963 192.185 1.2
      vertex 191.963 192.185 0
    endloop
  endfacet
  facet normal 0.904385 0.426717 0
    outer loop
      vertex 191.789 192.446 1.2
      vertex 191.722 192.588 0
      vertex 191.722 192.588 1.2
    endloop
  endfacet
  facet normal 0.904385 0.426717 0
    outer loop
      vertex 191.722 192.588 0
      vertex 191.789 192.446 1.2
      vertex 191.789 192.446 0
    endloop
  endfacet
  facet normal 0.73821 0.674571 0
    outer loop
      vertex 192.069 192.069 1.2
      vertex 191.963 192.185 0
      vertex 191.963 192.185 1.2
    endloop
  endfacet
  facet normal 0.73821 0.674571 0
    outer loop
      vertex 191.963 192.185 0
      vertex 192.069 192.069 1.2
      vertex 192.069 192.069 0
    endloop
  endfacet
  facet normal 0.989169 -0.14678 0
    outer loop
      vertex 191.608 193.357 3.2
      vertex 191.631 193.512 0
      vertex 191.631 193.512 3.2
    endloop
  endfacet
  facet normal 0.989169 -0.14678 0
    outer loop
      vertex 191.631 193.512 0
      vertex 191.608 193.357 3.2
      vertex 191.608 193.357 0
    endloop
  endfacet
  facet normal -0.970143 0.242536 0
    outer loop
      vertex 194.731 192.736 0
      vertex 194.769 192.888 3.2
      vertex 194.769 192.888 0
    endloop
  endfacet
  facet normal -0.970143 0.242536 0
    outer loop
      vertex 194.769 192.888 3.2
      vertex 194.731 192.736 0
      vertex 194.731 192.736 3.2
    endloop
  endfacet
  facet normal -0.337142 0.941454 0
    outer loop
      vertex 193.812 191.722 0
      vertex 193.664 191.669 3.2
      vertex 193.812 191.722 3.2
    endloop
  endfacet
  facet normal -0.337142 0.941454 0
    outer loop
      vertex 193.664 191.669 3.2
      vertex 193.812 191.722 0
      vertex 193.664 191.669 0
    endloop
  endfacet
  facet normal -0.674571 0.73821 0
    outer loop
      vertex 194.331 192.069 0
      vertex 194.215 191.963 3.2
      vertex 194.331 192.069 3.2
    endloop
  endfacet
  facet normal -0.674571 0.73821 0
    outer loop
      vertex 194.215 191.963 3.2
      vertex 194.331 192.069 0
      vertex 194.215 191.963 0
    endloop
  endfacet
  facet normal -0.514496 0.857493 0
    outer loop
      vertex 194.089 191.87 0
      vertex 193.954 191.789 3.2
      vertex 194.089 191.87 3.2
    endloop
  endfacet
  facet normal -0.514496 0.857493 0
    outer loop
      vertex 193.954 191.789 3.2
      vertex 194.089 191.87 0
      vertex 193.954 191.789 0
    endloop
  endfacet
  facet normal -0.804574 0.593852 0
    outer loop
      vertex 194.437 192.185 0
      vertex 194.53 192.311 3.2
      vertex 194.53 192.311 0
    endloop
  endfacet
  facet normal -0.804574 0.593852 0
    outer loop
      vertex 194.53 192.311 3.2
      vertex 194.437 192.185 0
      vertex 194.437 192.185 3.2
    endloop
  endfacet
  facet normal 0.242536 0.970143 -0
    outer loop
      vertex 192.888 191.631 0
      vertex 192.736 191.669 1.2
      vertex 192.888 191.631 1.2
    endloop
  endfacet
  facet normal 0.242536 0.970143 0
    outer loop
      vertex 192.736 191.669 1.2
      vertex 192.888 191.631 0
      vertex 192.736 191.669 0
    endloop
  endfacet
  facet normal 0.593852 0.804574 -0
    outer loop
      vertex 192.311 191.87 0
      vertex 192.185 191.963 1.2
      vertex 192.311 191.87 1.2
    endloop
  endfacet
  facet normal 0.593852 0.804574 0
    outer loop
      vertex 192.185 191.963 1.2
      vertex 192.311 191.87 0
      vertex 192.185 191.963 0
    endloop
  endfacet
  facet normal 0.857493 0.514496 0
    outer loop
      vertex 191.87 192.311 1.2
      vertex 191.789 192.446 0
      vertex 191.789 192.446 1.2
    endloop
  endfacet
  facet normal 0.857493 0.514496 0
    outer loop
      vertex 191.789 192.446 0
      vertex 191.87 192.311 1.2
      vertex 191.87 192.311 0
    endloop
  endfacet
  facet normal -0.989169 0.14678 0
    outer loop
      vertex 194.769 192.888 0
      vertex 194.792 193.043 3.2
      vertex 194.792 193.043 0
    endloop
  endfacet
  facet normal -0.989169 0.14678 0
    outer loop
      vertex 194.792 193.043 3.2
      vertex 194.769 192.888 0
      vertex 194.769 192.888 3.2
    endloop
  endfacet
  facet normal 1 -0 0
    outer loop
      vertex 97.6 0 3.2
      vertex 97.6 8.15 1.2
      vertex 97.6 8.15 3.2
    endloop
  endfacet
  facet normal 1 0 0
    outer loop
      vertex 97.6 8.15 1.2
      vertex 97.6 0 3.2
      vertex 97.6 0 1.2
    endloop
  endfacet
  facet normal -1 0 0
    outer loop
      vertex 105.6 0 1.2
      vertex 105.6 8.15 3.2
      vertex 105.6 8.15 1.2
    endloop
  endfacet
  facet normal -1 -0 0
    outer loop
      vertex 105.6 8.15 3.2
      vertex 105.6 0 1.2
      vertex 105.6 0 3.2
    endloop
  endfacet
  facet normal 0 0 1
    outer loop
      vertex 105.6 203.2 1.2
      vertex 97.6 203.2 1.2
      vertex 105.6 195.05 1.2
    endloop
  endfacet
  facet normal 0 0 1
    outer loop
      vertex 189.45 16.75 1.2
      vertex 195.05 97.6 1.2
      vertex 189.45 186.45 1.2
    endloop
  endfacet
  facet normal 0 0 1
    outer loop
      vertex 191.228 193.601 1.2
      vertex 191.6 193.2 1.2
      vertex 191.606 193.32 1.2
    endloop
  endfacet
  facet normal 0 0 1
    outer loop
      vertex 195.009 187.293 1.2
      vertex 189.45 186.45 1.2
      vertex 195.05 186.45 1.2
    endloop
  endfacet
  facet normal 0 0 1
    outer loop
      vertex 189.45 186.45 1.2
      vertex 191.789 192.446 1.2
      vertex 191.722 192.588 1.2
    endloop
  endfacet
  facet normal 0 0 1
    outer loop
      vertex 194.885 188.128 1.2
      vertex 189.45 186.45 1.2
      vertex 195.009 187.293 1.2
    endloop
  endfacet
  facet normal 0 0 1
    outer loop
      vertex 189.45 186.45 1.2
      vertex 191.87 192.311 1.2
      vertex 191.789 192.446 1.2
    endloop
  endfacet
  facet normal 0 0 1
    outer loop
      vertex 194.68 188.946 1.2
      vertex 189.45 186.45 1.2
      vertex 194.885 188.128 1.2
    endloop
  endfacet
  facet normal 0 0 1
    outer loop
      vertex 189.45 186.45 1.2
      vertex 191.963 192.185 1.2
      vertex 191.87 192.311 1.2
    endloop
  endfacet
  facet normal 0 0 1
    outer loop
      vertex 194.395 189.741 1.2
      vertex 189.45 186.45 1.2
      vertex 194.68 188.946 1.2
    endloop
  endfacet
  facet normal 0 0 1
    outer loop
      vertex 191.228 193.601 1.2
      vertex 191.722 192.588 1.2
      vertex 191.669 192.736 1.2
    endloop
  endfacet
  facet normal 0 0 1
    outer loop
      vertex 194.035 190.504 1.2
      vertex 189.45 186.45 1.2
      vertex 194.395 189.741 1.2
    endloop
  endfacet
  facet normal 0 0 1
    outer loop
      vertex 189.45 186.45 1.2
      vertex 192.069 192.069 1.2
      vertex 191.963 192.185 1.2
    endloop
  endfacet
  facet normal 0 0 1
    outer loop
      vertex 189.45 186.45 1.2
      vertex 194.035 190.504 1.2
      vertex 192.588 191.722 1.2
    endloop
  endfacet
  facet normal 0 0 1
    outer loop
      vertex 189.45 186.45 1.2
      vertex 192.185 191.963 1.2
      vertex 192.069 192.069 1.2
    endloop
  endfacet
  facet normal 0 0 1
    outer loop
      vertex 192.888 191.631 1.2
      vertex 194.035 190.504 1.2
      vertex 193.601 191.228 1.2
    endloop
  endfacet
  facet normal 0 0 1
    outer loop
      vertex 189.45 186.45 1.2
      vertex 192.588 191.722 1.2
      vertex 192.446 191.789 1.2
    endloop
  endfacet
  facet normal 0 -0 1
    outer loop
      vertex 192.736 11.5311 1.2
      vertex 194.035 12.696 1.2
      vertex 192.588 11.4782 1.2
    endloop
  endfacet
  facet normal -0 0 1
    outer loop
      vertex 193.2 191.6 1.2
      vertex 193.601 191.228 1.2
      vertex 193.32 191.606 1.2
    endloop
  endfacet
  facet normal 0 0 1
    outer loop
      vertex 193.043 191.608 1.2
      vertex 193.601 191.228 1.2
      vertex 193.2 191.6 1.2
    endloop
  endfacet
  facet normal 0 0 1
    outer loop
      vertex 193.601 11.9721 1.2
      vertex 193.2 11.6 1.2
      vertex 193.32 11.5941 1.2
    endloop
  endfacet
  facet normal 0 0 1
    outer loop
      vertex 192.888 191.631 1.2
      vertex 193.601 191.228 1.2
      vertex 193.043 191.608 1.2
    endloop
  endfacet
  facet normal 0 0 1
    outer loop
      vertex 193.601 11.9721 1.2
      vertex 193.043 11.5923 1.2
      vertex 193.2 11.6 1.2
    endloop
  endfacet
  facet normal 0 0 1
    outer loop
      vertex 194.035 190.504 1.2
      vertex 192.888 191.631 1.2
      vertex 192.736 191.669 1.2
    endloop
  endfacet
  facet normal 0 0 1
    outer loop
      vertex 193.601 11.9721 1.2
      vertex 192.888 11.5693 1.2
      vertex 193.043 11.5923 1.2
    endloop
  endfacet
  facet normal 0 0 1
    outer loop
      vertex 194.035 190.504 1.2
      vertex 192.736 191.669 1.2
      vertex 192.588 191.722 1.2
    endloop
  endfacet
  facet normal 0 0 1
    outer loop
      vertex 194.035 12.696 1.2
      vertex 192.888 11.5693 1.2
      vertex 193.601 11.9721 1.2
    endloop
  endfacet
  facet normal 0 0 1
    outer loop
      vertex 189.45 186.45 1.2
      vertex 192.446 191.789 1.2
      vertex 192.311 191.87 1.2
    endloop
  endfacet
  facet normal 0 -0 1
    outer loop
      vertex 192.888 11.5693 1.2
      vertex 194.035 12.696 1.2
      vertex 192.736 11.5311 1.2
    endloop
  endfacet
  facet normal 0 0 1
    outer loop
      vertex 189.45 186.45 1.2
      vertex 192.311 191.87 1.2
      vertex 192.185 191.963 1.2
    endloop
  endfacet
  facet normal 0 0 1
    outer loop
      vertex 194.395 13.4589 1.2
      vertex 192.588 11.4782 1.2
      vertex 194.035 12.696 1.2
    endloop
  endfacet
  facet normal 0 -0 1
    outer loop
      vertex 192.185 11.2368 1.2
      vertex 195.05 16.75 1.2
      vertex 192.069 11.1314 1.2
    endloop
  endfacet
  facet normal 0 -0 1
    outer loop
      vertex 192.588 11.4782 1.2
      vertex 194.395 13.4589 1.2
      vertex 192.446 11.4111 1.2
    endloop
  endfacet
  facet normal 0 -0 1
    outer loop
      vertex 192.446 11.4111 1.2
      vertex 194.68 14.2535 1.2
      vertex 192.311 11.3304 1.2
    endloop
  endfacet
  facet normal 0 0 1
    outer loop
      vertex 194.68 14.2535 1.2
      vertex 192.446 11.4111 1.2
      vertex 194.395 13.4589 1.2
    endloop
  endfacet
  facet normal 0 0 1
    outer loop
      vertex 195.009 15.907 1.2
      vertex 192.311 11.3304 1.2
      vertex 194.885 15.0722 1.2
    endloop
  endfacet
  facet normal 0 0 1
    outer loop
      vertex 194.885 15.0722 1.2
      vertex 192.311 11.3304 1.2
      vertex 194.68 14.2535 1.2
    endloop
  endfacet
  facet normal 0 -0 1
    outer loop
      vertex 192.311 11.3304 1.2
      vertex 195.05 16.75 1.2
      vertex 192.185 11.2368 1.2
    endloop
  endfacet
  facet normal 0 0 1
    outer loop
      vertex 195.05 16.75 1.2
      vertex 192.311 11.3304 1.2
      vertex 195.009 15.907 1.2
    endloop
  endfacet
  facet normal 0 -0 1
    outer loop
      vertex 191.963 11.015 1.2
      vertex 195.05 16.75 1.2
      vertex 191.87 10.8889 1.2
    endloop
  endfacet
  facet normal 0 -0 1
    outer loop
      vertex 192.069 11.1314 1.2
      vertex 195.05 16.75 1.2
      vertex 191.963 11.015 1.2
    endloop
  endfacet
  facet normal 0 0 1
    outer loop
      vertex 195.05 97.6 1.2
      vertex 191.789 10.7542 1.2
      vertex 195.05 16.75 1.2
    endloop
  endfacet
  facet normal 0 0 1
    outer loop
      vertex 195.05 16.75 1.2
      vertex 191.789 10.7542 1.2
      vertex 191.87 10.8889 1.2
    endloop
  endfacet
  facet normal 0 0 1
    outer loop
      vertex 191.228 193.601 1.2
      vertex 191.669 192.736 1.2
      vertex 191.631 192.888 1.2
    endloop
  endfacet
  facet normal 0 0 1
    outer loop
      vertex 195.05 97.6 1.2
      vertex 191.722 10.6123 1.2
      vertex 191.789 10.7542 1.2
    endloop
  endfacet
  facet normal 0 0 1
    outer loop
      vertex 191.228 193.601 1.2
      vertex 191.631 192.888 1.2
      vertex 191.608 193.043 1.2
    endloop
  endfacet
  facet normal 0 0 1
    outer loop
      vertex 195.05 97.6 1.2
      vertex 191.669 10.4645 1.2
      vertex 191.722 10.6123 1.2
    endloop
  endfacet
  facet normal 0 0 1
    outer loop
      vertex 189.45 186.45 1.2
      vertex 191.722 192.588 1.2
      vertex 191.228 193.601 1.2
    endloop
  endfacet
  facet normal 0 0 1
    outer loop
      vertex 195.05 97.6 1.2
      vertex 191.631 10.3121 1.2
      vertex 191.669 10.4645 1.2
    endloop
  endfacet
  facet normal 0 0 1
    outer loop
      vertex 195.05 186.45 1.2
      vertex 189.45 186.45 1.2
      vertex 195.05 105.6 1.2
    endloop
  endfacet
  facet normal 0 0 1
    outer loop
      vertex 195.05 97.6 1.2
      vertex 191.608 10.1568 1.2
      vertex 191.631 10.3121 1.2
    endloop
  endfacet
  facet normal 0 0 1
    outer loop
      vertex 191.228 193.601 1.2
      vertex 191.608 193.043 1.2
      vertex 191.6 193.2 1.2
    endloop
  endfacet
  facet normal 0 0 1
    outer loop
      vertex 195.05 105.6 1.2
      vertex 189.45 186.45 1.2
      vertex 195.05 97.6 1.2
    endloop
  endfacet
  facet normal -0 0 1
    outer loop
      vertex 195.05 105.6 1.2
      vertex 203.2 97.6 1.2
      vertex 203.2 105.6 1.2
    endloop
  endfacet
  facet normal 0 0 1
    outer loop
      vertex 203.2 97.6 1.2
      vertex 195.05 105.6 1.2
      vertex 195.05 97.6 1.2
    endloop
  endfacet
  facet normal 0 0 1
    outer loop
      vertex 191.6 10 1.2
      vertex 191.228 9.59936 1.2
      vertex 191.606 9.87971 1.2
    endloop
  endfacet
  facet normal 0 0 1
    outer loop
      vertex 195.05 97.6 1.2
      vertex 189.45 16.75 1.2
      vertex 191.608 10.1568 1.2
    endloop
  endfacet
  facet normal 0 0 1
    outer loop
      vertex 188.117 188.944 1.2
      vertex 191.228 193.601 1.2
      vertex 190.504 194.035 1.2
    endloop
  endfacet
  facet normal -0 0 1
    outer loop
      vertex 189.436 16.4559 1.2
      vertex 191.608 10.1568 1.2
      vertex 189.45 16.75 1.2
    endloop
  endfacet
  facet normal 0 0 1
    outer loop
      vertex 187.864 189.096 1.2
      vertex 190.504 194.035 1.2
      vertex 189.741 194.395 1.2
    endloop
  endfacet
  facet normal -0 0 1
    outer loop
      vertex 189.392 16.1647 1.2
      vertex 191.608 10.1568 1.2
      vertex 189.436 16.4559 1.2
    endloop
  endfacet
  facet normal -0 0 1
    outer loop
      vertex 189.321 15.8791 1.2
      vertex 191.608 10.1568 1.2
      vertex 189.392 16.1647 1.2
    endloop
  endfacet
  facet normal 0 0 1
    outer loop
      vertex 191.228 193.601 1.2
      vertex 189.436 186.744 1.2
      vertex 189.45 186.45 1.2
    endloop
  endfacet
  facet normal 0 0 1
    outer loop
      vertex 191.228 193.601 1.2
      vertex 189.392 187.035 1.2
      vertex 189.436 186.744 1.2
    endloop
  endfacet
  facet normal 0 0 1
    outer loop
      vertex 191.228 193.601 1.2
      vertex 189.321 187.321 1.2
      vertex 189.392 187.035 1.2
    endloop
  endfacet
  facet normal 0 0 1
    outer loop
      vertex 191.228 193.601 1.2
      vertex 189.222 187.598 1.2
      vertex 189.321 187.321 1.2
    endloop
  endfacet
  facet normal 0 0 1
    outer loop
      vertex 191.228 193.601 1.2
      vertex 189.096 187.864 1.2
      vertex 189.222 187.598 1.2
    endloop
  endfacet
  facet normal 0 0 1
    outer loop
      vertex 187.598 189.222 1.2
      vertex 189.741 194.395 1.2
      vertex 188.946 194.68 1.2
    endloop
  endfacet
  facet normal 0 0 1
    outer loop
      vertex 191.228 193.601 1.2
      vertex 188.944 188.117 1.2
      vertex 189.096 187.864 1.2
    endloop
  endfacet
  facet normal 0 0 1
    outer loop
      vertex 191.228 193.601 1.2
      vertex 188.769 188.353 1.2
      vertex 188.944 188.117 1.2
    endloop
  endfacet
  facet normal 0 0 1
    outer loop
      vertex 191.228 193.601 1.2
      vertex 188.571 188.571 1.2
      vertex 188.769 188.353 1.2
    endloop
  endfacet
  facet normal 0 0 1
    outer loop
      vertex 191.228 193.601 1.2
      vertex 188.353 188.769 1.2
      vertex 188.571 188.571 1.2
    endloop
  endfacet
  facet normal 0 0 1
    outer loop
      vertex 187.321 189.321 1.2
      vertex 188.946 194.68 1.2
      vertex 188.128 194.885 1.2
    endloop
  endfacet
  facet normal 0 0 1
    outer loop
      vertex 191.228 193.601 1.2
      vertex 188.117 188.944 1.2
      vertex 188.353 188.769 1.2
    endloop
  endfacet
  facet normal 0 0 1
    outer loop
      vertex 190.504 194.035 1.2
      vertex 187.864 189.096 1.2
      vertex 188.117 188.944 1.2
    endloop
  endfacet
  facet normal 0 0 1
    outer loop
      vertex 189.741 194.395 1.2
      vertex 187.598 189.222 1.2
      vertex 187.864 189.096 1.2
    endloop
  endfacet
  facet normal 0 0 1
    outer loop
      vertex 188.946 194.68 1.2
      vertex 187.321 189.321 1.2
      vertex 187.598 189.222 1.2
    endloop
  endfacet
  facet normal 0 0 1
    outer loop
      vertex 187.035 189.392 1.2
      vertex 188.128 194.885 1.2
      vertex 187.293 195.009 1.2
    endloop
  endfacet
  facet normal 0 0 1
    outer loop
      vertex 188.128 194.885 1.2
      vertex 187.035 189.392 1.2
      vertex 187.321 189.321 1.2
    endloop
  endfacet
  facet normal 0 0 1
    outer loop
      vertex 187.293 195.009 1.2
      vertex 186.744 189.436 1.2
      vertex 187.035 189.392 1.2
    endloop
  endfacet
  facet normal 0 0 1
    outer loop
      vertex 186.45 195.05 1.2
      vertex 186.744 189.436 1.2
      vertex 187.293 195.009 1.2
    endloop
  endfacet
  facet normal 0 0 1
    outer loop
      vertex 186.45 195.05 1.2
      vertex 186.45 189.45 1.2
      vertex 186.744 189.436 1.2
    endloop
  endfacet
  facet normal -0 0 1
    outer loop
      vertex 105.6 195.05 1.2
      vertex 186.45 189.45 1.2
      vertex 186.45 195.05 1.2
    endloop
  endfacet
  facet normal 0 0 1
    outer loop
      vertex 97.6 195.05 1.2
      vertex 105.6 195.05 1.2
      vertex 97.6 203.2 1.2
    endloop
  endfacet
  facet normal -0 0 1
    outer loop
      vertex 97.6 195.05 1.2
      vertex 186.45 189.45 1.2
      vertex 105.6 195.05 1.2
    endloop
  endfacet
  facet normal 0 0 1
    outer loop
      vertex 16.75 189.45 1.2
      vertex 97.6 195.05 1.2
      vertex 16.75 195.05 1.2
    endloop
  endfacet
  facet normal 0 0 1
    outer loop
      vertex 97.6 195.05 1.2
      vertex 16.75 189.45 1.2
      vertex 186.45 189.45 1.2
    endloop
  endfacet
  facet normal 0 0 1
    outer loop
      vertex 16.75 195.05 1.2
      vertex 16.4559 189.436 1.2
      vertex 16.75 189.45 1.2
    endloop
  endfacet
  facet normal -0 0 1
    outer loop
      vertex 15.907 195.009 1.2
      vertex 16.4559 189.436 1.2
      vertex 16.75 195.05 1.2
    endloop
  endfacet
  facet normal 0 0 1
    outer loop
      vertex 16.4559 189.436 1.2
      vertex 15.907 195.009 1.2
      vertex 16.1647 189.392 1.2
    endloop
  endfacet
  facet normal -0 0 1
    outer loop
      vertex 15.0722 194.885 1.2
      vertex 16.1647 189.392 1.2
      vertex 15.907 195.009 1.2
    endloop
  endfacet
  facet normal 0 0 1
    outer loop
      vertex 16.1647 189.392 1.2
      vertex 15.0722 194.885 1.2
      vertex 15.8791 189.321 1.2
    endloop
  endfacet
  facet normal -0 0 1
    outer loop
      vertex 14.2535 194.68 1.2
      vertex 15.8791 189.321 1.2
      vertex 15.0722 194.885 1.2
    endloop
  endfacet
  facet normal 0 0 1
    outer loop
      vertex 15.8791 189.321 1.2
      vertex 14.2535 194.68 1.2
      vertex 15.6019 189.222 1.2
    endloop
  endfacet
  facet normal -0 0 1
    outer loop
      vertex 13.4589 194.395 1.2
      vertex 15.6019 189.222 1.2
      vertex 14.2535 194.68 1.2
    endloop
  endfacet
  facet normal 0 0 1
    outer loop
      vertex 15.6019 189.222 1.2
      vertex 13.4589 194.395 1.2
      vertex 15.3358 189.096 1.2
    endloop
  endfacet
  facet normal -0 0 1
    outer loop
      vertex 12.696 194.035 1.2
      vertex 15.3358 189.096 1.2
      vertex 13.4589 194.395 1.2
    endloop
  endfacet
  facet normal -0 0 1
    outer loop
      vertex 11.4782 192.588 1.2
      vertex 15.3358 189.096 1.2
      vertex 12.696 194.035 1.2
    endloop
  endfacet
  facet normal -0 0 1
    outer loop
      vertex 11.4111 192.446 1.2
      vertex 15.3358 189.096 1.2
      vertex 11.4782 192.588 1.2
    endloop
  endfacet
  facet normal 0 0 1
    outer loop
      vertex 15.3358 189.096 1.2
      vertex 11.4111 192.446 1.2
      vertex 15.0833 188.944 1.2
    endloop
  endfacet
  facet normal -0 0 1
    outer loop
      vertex 11.3304 192.311 1.2
      vertex 15.0833 188.944 1.2
      vertex 11.4111 192.446 1.2
    endloop
  endfacet
  facet normal -0 0 1
    outer loop
      vertex 11.2368 192.185 1.2
      vertex 14.8468 188.769 1.2
      vertex 11.3304 192.311 1.2
    endloop
  endfacet
  facet normal 0 0 1
    outer loop
      vertex 14.8468 188.769 1.2
      vertex 11.2368 192.185 1.2
      vertex 14.6287 188.571 1.2
    endloop
  endfacet
  facet normal -0 0 1
    outer loop
      vertex 11.1314 192.069 1.2
      vertex 14.6287 188.571 1.2
      vertex 11.2368 192.185 1.2
    endloop
  endfacet
  facet normal 0 0 1
    outer loop
      vertex 14.6287 188.571 1.2
      vertex 11.015 191.963 1.2
      vertex 14.4309 188.353 1.2
    endloop
  endfacet
  facet normal -0 0 1
    outer loop
      vertex 10.7542 191.789 1.2
      vertex 14.2556 188.117 1.2
      vertex 10.8889 191.87 1.2
    endloop
  endfacet
  facet normal 0 0 1
    outer loop
      vertex 14.4309 188.353 1.2
      vertex 10.8889 191.87 1.2
      vertex 14.2556 188.117 1.2
    endloop
  endfacet
  facet normal -0 0 1
    outer loop
      vertex 10.8889 191.87 1.2
      vertex 14.4309 188.353 1.2
      vertex 11.015 191.963 1.2
    endloop
  endfacet
  facet normal -0 0 1
    outer loop
      vertex 189.222 15.6019 1.2
      vertex 191.608 10.1568 1.2
      vertex 189.321 15.8791 1.2
    endloop
  endfacet
  facet normal -0 0 1
    outer loop
      vertex 189.096 15.3358 1.2
      vertex 191.608 10.1568 1.2
      vertex 189.222 15.6019 1.2
    endloop
  endfacet
  facet normal -0 0 1
    outer loop
      vertex 188.944 15.0833 1.2
      vertex 191.608 10.1568 1.2
      vertex 189.096 15.3358 1.2
    endloop
  endfacet
  facet normal -0 0 1
    outer loop
      vertex 188.769 14.8468 1.2
      vertex 191.608 10.1568 1.2
      vertex 188.944 15.0833 1.2
    endloop
  endfacet
  facet normal -0 0 1
    outer loop
      vertex 188.571 14.6287 1.2
      vertex 191.608 10.1568 1.2
      vertex 188.769 14.8468 1.2
    endloop
  endfacet
  facet normal -0 0 1
    outer loop
      vertex 188.353 14.4309 1.2
      vertex 191.608 10.1568 1.2
      vertex 188.571 14.6287 1.2
    endloop
  endfacet
  facet normal -0 0 1
    outer loop
      vertex 188.117 14.2556 1.2
      vertex 191.608 10.1568 1.2
      vertex 188.353 14.4309 1.2
    endloop
  endfacet
  facet normal -0 0 1
    outer loop
      vertex 187.864 14.1042 1.2
      vertex 191.608 10.1568 1.2
      vertex 188.117 14.2556 1.2
    endloop
  endfacet
  facet normal 0 -0 1
    outer loop
      vertex 190.504 9.16547 1.2
      vertex 191.608 10.1568 1.2
      vertex 187.864 14.1042 1.2
    endloop
  endfacet
  facet normal 0 0 1
    outer loop
      vertex 191.608 10.1568 1.2
      vertex 191.228 9.59936 1.2
      vertex 191.6 10 1.2
    endloop
  endfacet
  facet normal 0 -0 1
    outer loop
      vertex 191.228 9.59936 1.2
      vertex 191.608 10.1568 1.2
      vertex 190.504 9.16547 1.2
    endloop
  endfacet
  facet normal 0 0 1
    outer loop
      vertex 190.504 9.16547 1.2
      vertex 187.864 14.1042 1.2
      vertex 189.741 8.80463 1.2
    endloop
  endfacet
  facet normal -0 0 1
    outer loop
      vertex 187.598 13.9783 1.2
      vertex 189.741 8.80463 1.2
      vertex 187.864 14.1042 1.2
    endloop
  endfacet
  facet normal 0 0 1
    outer loop
      vertex 189.741 8.80463 1.2
      vertex 187.598 13.9783 1.2
      vertex 188.946 8.5203 1.2
    endloop
  endfacet
  facet normal -0 0 1
    outer loop
      vertex 187.321 13.8792 1.2
      vertex 188.946 8.5203 1.2
      vertex 187.598 13.9783 1.2
    endloop
  endfacet
  facet normal 0 0 1
    outer loop
      vertex 188.946 8.5203 1.2
      vertex 187.321 13.8792 1.2
      vertex 188.128 8.31524 1.2
    endloop
  endfacet
  facet normal -0 0 1
    outer loop
      vertex 187.035 13.8076 1.2
      vertex 188.128 8.31524 1.2
      vertex 187.321 13.8792 1.2
    endloop
  endfacet
  facet normal 0 0 1
    outer loop
      vertex 188.128 8.31524 1.2
      vertex 187.035 13.8076 1.2
      vertex 187.293 8.1914 1.2
    endloop
  endfacet
  facet normal -0 0 1
    outer loop
      vertex 186.744 13.7644 1.2
      vertex 187.293 8.1914 1.2
      vertex 187.035 13.8076 1.2
    endloop
  endfacet
  facet normal -0 0 1
    outer loop
      vertex 186.45 13.75 1.2
      vertex 187.293 8.1914 1.2
      vertex 186.744 13.7644 1.2
    endloop
  endfacet
  facet normal 0 0 1
    outer loop
      vertex 186.45 13.75 1.2
      vertex 186.45 8.15 1.2
      vertex 187.293 8.1914 1.2
    endloop
  endfacet
  facet normal 0 0 1
    outer loop
      vertex 186.45 13.75 1.2
      vertex 105.6 8.15 1.2
      vertex 186.45 8.15 1.2
    endloop
  endfacet
  facet normal 0 0 1
    outer loop
      vertex 105.6 8.15 1.2
      vertex 97.6 8.15 1.2
      vertex 105.6 0 1.2
    endloop
  endfacet
  facet normal 0 0 1
    outer loop
      vertex 186.45 13.75 1.2
      vertex 97.6 8.15 1.2
      vertex 105.6 8.15 1.2
    endloop
  endfacet
  facet normal -0 0 1
    outer loop
      vertex 16.75 13.75 1.2
      vertex 97.6 8.15 1.2
      vertex 186.45 13.75 1.2
    endloop
  endfacet
  facet normal 0 0 1
    outer loop
      vertex 16.75 13.75 1.2
      vertex 16.75 8.15 1.2
      vertex 97.6 8.15 1.2
    endloop
  endfacet
  facet normal 0 0 1
    outer loop
      vertex 16.4559 13.7644 1.2
      vertex 16.75 8.15 1.2
      vertex 16.75 13.75 1.2
    endloop
  endfacet
  facet normal 0 0 1
    outer loop
      vertex 15.907 8.1914 1.2
      vertex 16.4559 13.7644 1.2
      vertex 16.1647 13.8076 1.2
    endloop
  endfacet
  facet normal 0 0 1
    outer loop
      vertex 16.4559 13.7644 1.2
      vertex 15.907 8.1914 1.2
      vertex 16.75 8.15 1.2
    endloop
  endfacet
  facet normal 0 0 1
    outer loop
      vertex 15.0722 8.31524 1.2
      vertex 16.1647 13.8076 1.2
      vertex 15.8791 13.8792 1.2
    endloop
  endfacet
  facet normal 0 0 1
    outer loop
      vertex 14.2535 8.5203 1.2
      vertex 15.8791 13.8792 1.2
      vertex 15.6019 13.9783 1.2
    endloop
  endfacet
  facet normal 0 0 1
    outer loop
      vertex 13.4589 8.80463 1.2
      vertex 15.6019 13.9783 1.2
      vertex 15.3358 14.1042 1.2
    endloop
  endfacet
  facet normal 0 0 1
    outer loop
      vertex 11.4111 10.7542 1.2
      vertex 15.3358 14.1042 1.2
      vertex 15.0833 14.2556 1.2
    endloop
  endfacet
  facet normal 0 0 1
    outer loop
      vertex 16.1647 13.8076 1.2
      vertex 15.0722 8.31524 1.2
      vertex 15.907 8.1914 1.2
    endloop
  endfacet
  facet normal 0 0 1
    outer loop
      vertex 11.3304 10.8889 1.2
      vertex 15.0833 14.2556 1.2
      vertex 14.8468 14.4309 1.2
    endloop
  endfacet
  facet normal 0 0 1
    outer loop
      vertex 11.2368 11.015 1.2
      vertex 14.8468 14.4309 1.2
      vertex 14.6287 14.6287 1.2
    endloop
  endfacet
  facet normal 0 0 1
    outer loop
      vertex 11.015 11.2368 1.2
      vertex 14.6287 14.6287 1.2
      vertex 14.4309 14.8468 1.2
    endloop
  endfacet
  facet normal 0 0 1
    outer loop
      vertex 10.8889 11.3304 1.2
      vertex 14.4309 14.8468 1.2
      vertex 14.2556 15.0833 1.2
    endloop
  endfacet
  facet normal 0 0 1
    outer loop
      vertex 15.8791 13.8792 1.2
      vertex 14.2535 8.5203 1.2
      vertex 15.0722 8.31524 1.2
    endloop
  endfacet
  facet normal 0 0 1
    outer loop
      vertex 10.7542 11.4111 1.2
      vertex 14.2556 15.0833 1.2
      vertex 14.1042 15.3358 1.2
    endloop
  endfacet
  facet normal 0 0 1
    outer loop
      vertex 9.16547 12.696 1.2
      vertex 14.1042 15.3358 1.2
      vertex 13.9783 15.6019 1.2
    endloop
  endfacet
  facet normal 0 0 1
    outer loop
      vertex 8.80463 13.4589 1.2
      vertex 13.9783 15.6019 1.2
      vertex 13.8792 15.8791 1.2
    endloop
  endfacet
  facet normal 0 0 1
    outer loop
      vertex 8.5203 14.2535 1.2
      vertex 13.8792 15.8791 1.2
      vertex 13.8076 16.1647 1.2
    endloop
  endfacet
  facet normal 0 0 1
    outer loop
      vertex 8.31524 15.0722 1.2
      vertex 13.8076 16.1647 1.2
      vertex 13.7644 16.4559 1.2
    endloop
  endfacet
  facet normal 0 0 1
    outer loop
      vertex 15.6019 13.9783 1.2
      vertex 13.4589 8.80463 1.2
      vertex 14.2535 8.5203 1.2
    endloop
  endfacet
  facet normal 0 0 1
    outer loop
      vertex 8.1914 15.907 1.2
      vertex 13.7644 16.4559 1.2
      vertex 13.75 16.75 1.2
    endloop
  endfacet
  facet normal 0 0 1
    outer loop
      vertex 13.75 186.45 1.2
      vertex 8.15 105.6 1.2
      vertex 13.75 16.75 1.2
    endloop
  endfacet
  facet normal 0 0 1
    outer loop
      vertex 15.0833 188.944 1.2
      vertex 11.3304 192.311 1.2
      vertex 14.8468 188.769 1.2
    endloop
  endfacet
  facet normal -0 0 1
    outer loop
      vertex 8.15 97.6 1.2
      vertex 13.75 16.75 1.2
      vertex 8.15 105.6 1.2
    endloop
  endfacet
  facet normal 0 0 1
    outer loop
      vertex 11.5693 192.888 1.2
      vertex 12.696 194.035 1.2
      vertex 11.9721 193.601 1.2
    endloop
  endfacet
  facet normal 0 0 1
    outer loop
      vertex 8.15 16.75 1.2
      vertex 13.75 16.75 1.2
      vertex 8.15 97.6 1.2
    endloop
  endfacet
  facet normal 0 0 1
    outer loop
      vertex 11.5923 193.043 1.2
      vertex 11.9721 193.601 1.2
      vertex 11.6 193.2 1.2
    endloop
  endfacet
  facet normal 0 -0 1
    outer loop
      vertex 11.6 193.2 1.2
      vertex 11.9721 193.601 1.2
      vertex 11.5941 193.32 1.2
    endloop
  endfacet
  facet normal -0 0 1
    outer loop
      vertex 0 105.6 1.2
      vertex 8.15 97.6 1.2
      vertex 8.15 105.6 1.2
    endloop
  endfacet
  facet normal 0 0 1
    outer loop
      vertex 8.15 97.6 1.2
      vertex 0 105.6 1.2
      vertex 0 97.6 1.2
    endloop
  endfacet
  facet normal 0 -0 1
    outer loop
      vertex 8.1914 15.907 1.2
      vertex 13.75 16.75 1.2
      vertex 8.15 16.75 1.2
    endloop
  endfacet
  facet normal 0 0 1
    outer loop
      vertex 11.9721 9.59936 1.2
      vertex 11.5923 10.1568 1.2
      vertex 11.6 10 1.2
    endloop
  endfacet
  facet normal 0 0 1
    outer loop
      vertex 12.696 194.035 1.2
      vertex 11.5693 192.888 1.2
      vertex 11.5311 192.736 1.2
    endloop
  endfacet
  facet normal 0 0 1
    outer loop
      vertex 14.8468 14.4309 1.2
      vertex 11.2368 11.015 1.2
      vertex 11.3304 10.8889 1.2
    endloop
  endfacet
  facet normal 0 0 1
    outer loop
      vertex 12.696 194.035 1.2
      vertex 11.5311 192.736 1.2
      vertex 11.4782 192.588 1.2
    endloop
  endfacet
  facet normal -0 -0 1
    outer loop
      vertex 11.5311 10.4645 1.2
      vertex 12.696 9.16547 1.2
      vertex 11.4782 10.6123 1.2
    endloop
  endfacet
  facet normal -0 0 1
    outer loop
      vertex 11.015 191.963 1.2
      vertex 14.6287 188.571 1.2
      vertex 11.1314 192.069 1.2
    endloop
  endfacet
  facet normal 0 0 1
    outer loop
      vertex 11.9721 9.59936 1.2
      vertex 11.5693 10.3121 1.2
      vertex 11.5923 10.1568 1.2
    endloop
  endfacet
  facet normal 0 0 1
    outer loop
      vertex 14.2556 188.117 1.2
      vertex 10.7542 191.789 1.2
      vertex 14.1042 187.864 1.2
    endloop
  endfacet
  facet normal 0 0 1
    outer loop
      vertex 12.696 9.16547 1.2
      vertex 11.5693 10.3121 1.2
      vertex 11.9721 9.59936 1.2
    endloop
  endfacet
  facet normal -0 0 1
    outer loop
      vertex 10.6123 191.722 1.2
      vertex 14.1042 187.864 1.2
      vertex 10.7542 191.789 1.2
    endloop
  endfacet
  facet normal -0 -0 1
    outer loop
      vertex 11.5693 10.3121 1.2
      vertex 12.696 9.16547 1.2
      vertex 11.5311 10.4645 1.2
    endloop
  endfacet
  facet normal -0 0 1
    outer loop
      vertex 9.16547 190.504 1.2
      vertex 14.1042 187.864 1.2
      vertex 10.6123 191.722 1.2
    endloop
  endfacet
  facet normal 0 0 1
    outer loop
      vertex 15.3358 14.1042 1.2
      vertex 12.696 9.16547 1.2
      vertex 13.4589 8.80463 1.2
    endloop
  endfacet
  facet normal 0 0 1
    outer loop
      vertex 14.1042 187.864 1.2
      vertex 9.16547 190.504 1.2
      vertex 13.9783 187.598 1.2
    endloop
  endfacet
  facet normal 0 0 1
    outer loop
      vertex 15.3358 14.1042 1.2
      vertex 11.4782 10.6123 1.2
      vertex 12.696 9.16547 1.2
    endloop
  endfacet
  facet normal -0 0 1
    outer loop
      vertex 8.80463 189.741 1.2
      vertex 13.9783 187.598 1.2
      vertex 9.16547 190.504 1.2
    endloop
  endfacet
  facet normal 0 0 1
    outer loop
      vertex 15.3358 14.1042 1.2
      vertex 11.4111 10.7542 1.2
      vertex 11.4782 10.6123 1.2
    endloop
  endfacet
  facet normal 0 0 1
    outer loop
      vertex 13.9783 187.598 1.2
      vertex 8.80463 189.741 1.2
      vertex 13.8792 187.321 1.2
    endloop
  endfacet
  facet normal 0 0 1
    outer loop
      vertex 15.0833 14.2556 1.2
      vertex 11.3304 10.8889 1.2
      vertex 11.4111 10.7542 1.2
    endloop
  endfacet
  facet normal -0 0 1
    outer loop
      vertex 8.5203 188.946 1.2
      vertex 13.8792 187.321 1.2
      vertex 8.80463 189.741 1.2
    endloop
  endfacet
  facet normal 0 0 1
    outer loop
      vertex 14.6287 14.6287 1.2
      vertex 11.1314 11.1314 1.2
      vertex 11.2368 11.015 1.2
    endloop
  endfacet
  facet normal 0 0 1
    outer loop
      vertex 13.8792 187.321 1.2
      vertex 8.5203 188.946 1.2
      vertex 13.8076 187.035 1.2
    endloop
  endfacet
  facet normal 0 0 1
    outer loop
      vertex 14.6287 14.6287 1.2
      vertex 11.015 11.2368 1.2
      vertex 11.1314 11.1314 1.2
    endloop
  endfacet
  facet normal 0 0 1
    outer loop
      vertex 9.16547 190.504 1.2
      vertex 10.6123 191.722 1.2
      vertex 10.4645 191.669 1.2
    endloop
  endfacet
  facet normal 0 0 1
    outer loop
      vertex 14.4309 14.8468 1.2
      vertex 10.8889 11.3304 1.2
      vertex 11.015 11.2368 1.2
    endloop
  endfacet
  facet normal 0 0 1
    outer loop
      vertex 9.16547 190.504 1.2
      vertex 10.4645 191.669 1.2
      vertex 10.3121 191.631 1.2
    endloop
  endfacet
  facet normal 0 0 1
    outer loop
      vertex 13.7644 16.4559 1.2
      vertex 8.1914 15.907 1.2
      vertex 8.31524 15.0722 1.2
    endloop
  endfacet
  facet normal 0 0 1
    outer loop
      vertex 9.59936 191.228 1.2
      vertex 10.3121 191.631 1.2
      vertex 10.1568 191.608 1.2
    endloop
  endfacet
  facet normal 0 0 1
    outer loop
      vertex 13.8076 16.1647 1.2
      vertex 8.31524 15.0722 1.2
      vertex 8.5203 14.2535 1.2
    endloop
  endfacet
  facet normal 0 0 1
    outer loop
      vertex 9.59936 191.228 1.2
      vertex 10.1568 191.608 1.2
      vertex 10 191.6 1.2
    endloop
  endfacet
  facet normal 0 0 1
    outer loop
      vertex 14.2556 15.0833 1.2
      vertex 10.7542 11.4111 1.2
      vertex 10.8889 11.3304 1.2
    endloop
  endfacet
  facet normal 0 0 1
    outer loop
      vertex 9.59936 191.228 1.2
      vertex 10 191.6 1.2
      vertex 9.87971 191.606 1.2
    endloop
  endfacet
  facet normal 0 0 1
    outer loop
      vertex 13.8792 15.8791 1.2
      vertex 8.5203 14.2535 1.2
      vertex 8.80463 13.4589 1.2
    endloop
  endfacet
  facet normal 0 0 1
    outer loop
      vertex 10.3121 191.631 1.2
      vertex 9.59936 191.228 1.2
      vertex 9.16547 190.504 1.2
    endloop
  endfacet
  facet normal 0 0 1
    outer loop
      vertex 13.9783 15.6019 1.2
      vertex 8.80463 13.4589 1.2
      vertex 9.16547 12.696 1.2
    endloop
  endfacet
  facet normal -0 0 1
    outer loop
      vertex 8.31524 188.128 1.2
      vertex 13.8076 187.035 1.2
      vertex 8.5203 188.946 1.2
    endloop
  endfacet
  facet normal 0 0 1
    outer loop
      vertex 14.1042 15.3358 1.2
      vertex 10.6123 11.4782 1.2
      vertex 10.7542 11.4111 1.2
    endloop
  endfacet
  facet normal 0 0 1
    outer loop
      vertex 13.8076 187.035 1.2
      vertex 8.31524 188.128 1.2
      vertex 13.7644 186.744 1.2
    endloop
  endfacet
  facet normal 0 0 1
    outer loop
      vertex 10.6123 11.4782 1.2
      vertex 9.16547 12.696 1.2
      vertex 10.4645 11.5311 1.2
    endloop
  endfacet
  facet normal -0 0 1
    outer loop
      vertex 8.1914 187.293 1.2
      vertex 13.7644 186.744 1.2
      vertex 8.31524 188.128 1.2
    endloop
  endfacet
  facet normal 0 0 1
    outer loop
      vertex 10.1568 11.5923 1.2
      vertex 9.59936 11.9721 1.2
      vertex 10 11.6 1.2
    endloop
  endfacet
  facet normal 0 0 1
    outer loop
      vertex 13.7644 186.744 1.2
      vertex 8.1914 187.293 1.2
      vertex 13.75 186.45 1.2
    endloop
  endfacet
  facet normal 0 0 1
    outer loop
      vertex 10 11.6 1.2
      vertex 9.59936 11.9721 1.2
      vertex 9.8797 11.5941 1.2
    endloop
  endfacet
  facet normal 0 0 1
    outer loop
      vertex 13.75 186.45 1.2
      vertex 8.1914 187.293 1.2
      vertex 8.15 186.45 1.2
    endloop
  endfacet
  facet normal 0 0 1
    outer loop
      vertex 10.3121 11.5693 1.2
      vertex 9.59936 11.9721 1.2
      vertex 10.1568 11.5923 1.2
    endloop
  endfacet
  facet normal 0 0 1
    outer loop
      vertex 13.75 186.45 1.2
      vertex 8.15 186.45 1.2
      vertex 8.15 105.6 1.2
    endloop
  endfacet
  facet normal -0 -0 1
    outer loop
      vertex 9.59936 11.9721 1.2
      vertex 10.3121 11.5693 1.2
      vertex 9.16547 12.696 1.2
    endloop
  endfacet
  facet normal 0 0 1
    outer loop
      vertex 10.4645 11.5311 1.2
      vertex 9.16547 12.696 1.2
      vertex 10.3121 11.5693 1.2
    endloop
  endfacet
  facet normal 0 0 1
    outer loop
      vertex 14.1042 15.3358 1.2
      vertex 9.16547 12.696 1.2
      vertex 10.6123 11.4782 1.2
    endloop
  endfacet
  facet normal 0 0 1
    outer loop
      vertex 11.5693 192.888 1.2
      vertex 11.9721 193.601 1.2
      vertex 11.5923 193.043 1.2
    endloop
  endfacet
  facet normal 0 0 1
    outer loop
      vertex 11.9721 9.59936 1.2
      vertex 11.6 10 1.2
      vertex 11.5941 9.8797 1.2
    endloop
  endfacet
  facet normal 0 0 1
    outer loop
      vertex 105.6 0 1.2
      vertex 97.6 8.15 1.2
      vertex 97.6 0 1.2
    endloop
  endfacet
  facet normal 0 -1 0
    outer loop
      vertex 5 0 3.2
      vertex 97.6 0 1.2
      vertex 97.6 0 3.2
    endloop
  endfacet
  facet normal 0 -1 -0
    outer loop
      vertex 97.6 0 1.2
      vertex 5 0 0
      vertex 105.6 0 1.2
    endloop
  endfacet
  facet normal 0 -1 0
    outer loop
      vertex 5 0 0
      vertex 97.6 0 1.2
      vertex 5 0 3.2
    endloop
  endfacet
  facet normal 0 -1 0
    outer loop
      vertex 105.6 0 1.2
      vertex 198.2 0 3.2
      vertex 105.6 0 3.2
    endloop
  endfacet
  facet normal 0 -1 0
    outer loop
      vertex 105.6 0 1.2
      vertex 198.2 0 0
      vertex 198.2 0 3.2
    endloop
  endfacet
  facet normal 0 -1 0
    outer loop
      vertex 198.2 0 0
      vertex 105.6 0 1.2
      vertex 5 0 0
    endloop
  endfacet
  facet normal 1 -0 0
    outer loop
      vertex 97.6 195.05 3.2
      vertex 97.6 203.2 1.2
      vertex 97.6 203.2 3.2
    endloop
  endfacet
  facet normal 1 0 0
    outer loop
      vertex 97.6 203.2 1.2
      vertex 97.6 195.05 3.2
      vertex 97.6 195.05 1.2
    endloop
  endfacet
  facet normal -1 0 0
    outer loop
      vertex 105.6 195.05 1.2
      vertex 105.6 203.2 3.2
      vertex 105.6 203.2 1.2
    endloop
  endfacet
  facet normal -1 -0 0
    outer loop
      vertex 105.6 203.2 3.2
      vertex 105.6 195.05 1.2
      vertex 105.6 195.05 3.2
    endloop
  endfacet
  facet normal -1 0 0
    outer loop
      vertex 0 198.2 0
      vertex 0 105.6 1.2
      vertex 0 198.2 3.2
    endloop
  endfacet
  facet normal -1 0 0
    outer loop
      vertex 0 198.2 0
      vertex 0 97.6 1.2
      vertex 0 105.6 1.2
    endloop
  endfacet
  facet normal -1 0 0
    outer loop
      vertex 0 5 0
      vertex 0 97.6 1.2
      vertex 0 198.2 0
    endloop
  endfacet
  facet normal -1 0 0
    outer loop
      vertex 0 5 3.2
      vertex 0 97.6 1.2
      vertex 0 5 0
    endloop
  endfacet
  facet normal -1 0 0
    outer loop
      vertex 0 97.6 1.2
      vertex 0 5 3.2
      vertex 0 97.6 3.2
    endloop
  endfacet
  facet normal -1 -0 0
    outer loop
      vertex 0 198.2 3.2
      vertex 0 105.6 1.2
      vertex 0 105.6 3.2
    endloop
  endfacet
  facet normal 0 1 -0
    outer loop
      vertex 8.15 97.6 1.2
      vertex 0 97.6 3.2
      vertex 8.15 97.6 3.2
    endloop
  endfacet
  facet normal 0 1 0
    outer loop
      vertex 0 97.6 3.2
      vertex 8.15 97.6 1.2
      vertex 0 97.6 1.2
    endloop
  endfacet
  facet normal 0 -1 0
    outer loop
      vertex 0 105.6 1.2
      vertex 8.15 105.6 3.2
      vertex 0 105.6 3.2
    endloop
  endfacet
  facet normal 0 -1 -0
    outer loop
      vertex 8.15 105.6 3.2
      vertex 0 105.6 1.2
      vertex 8.15 105.6 1.2
    endloop
  endfacet
  facet normal 0 1 -0
    outer loop
      vertex 203.2 97.6 1.2
      vertex 195.05 97.6 3.2
      vertex 203.2 97.6 3.2
    endloop
  endfacet
  facet normal 0 1 0
    outer loop
      vertex 195.05 97.6 3.2
      vertex 203.2 97.6 1.2
      vertex 195.05 97.6 1.2
    endloop
  endfacet
  facet normal 0 -1 0
    outer loop
      vertex 195.05 105.6 1.2
      vertex 203.2 105.6 3.2
      vertex 195.05 105.6 3.2
    endloop
  endfacet
  facet normal 0 -1 -0
    outer loop
      vertex 203.2 105.6 3.2
      vertex 195.05 105.6 1.2
      vertex 203.2 105.6 1.2
    endloop
  endfacet
  facet normal 0 0 -1
    outer loop
      vertex 10.8889 11.3304 0
      vertex 17.431 17.8468 0
      vertex 11.015 11.2368 0
    endloop
  endfacet
  facet normal 0 0 -1
    outer loop
      vertex 16.75 183.45 0
      vertex 11.5923 193.043 0
      vertex 11.6 193.2 0
    endloop
  endfacet
  facet normal -0 0 -1
    outer loop
      vertex 17.431 17.8468 0
      vertex 10.8889 11.3304 0
      vertex 17.2556 18.0833 0
    endloop
  endfacet
  facet normal 0 0 -1
    outer loop
      vertex 16.75 183.45 0
      vertex 11.5693 192.888 0
      vertex 11.5923 193.043 0
    endloop
  endfacet
  facet normal 0 0 -1
    outer loop
      vertex 10.7542 11.4111 0
      vertex 17.2556 18.0833 0
      vertex 10.8889 11.3304 0
    endloop
  endfacet
  facet normal 0 0 -1
    outer loop
      vertex 16.75 183.45 0
      vertex 11.5311 192.736 0
      vertex 11.5693 192.888 0
    endloop
  endfacet
  facet normal -0 0 -1
    outer loop
      vertex 17.2556 18.0833 0
      vertex 10.7542 11.4111 0
      vertex 17.1042 18.3358 0
    endloop
  endfacet
  facet normal 0 0 -1
    outer loop
      vertex 16.75 183.45 0
      vertex 11.4782 192.588 0
      vertex 11.5311 192.736 0
    endloop
  endfacet
  facet normal 0 0 -1
    outer loop
      vertex 10.6123 11.4782 0
      vertex 17.1042 18.3358 0
      vertex 10.7542 11.4111 0
    endloop
  endfacet
  facet normal 0 0 -1
    outer loop
      vertex 16.75 183.45 0
      vertex 11.4111 192.446 0
      vertex 11.4782 192.588 0
    endloop
  endfacet
  facet normal -0 0 -1
    outer loop
      vertex 17.1042 18.3358 0
      vertex 10.6123 11.4782 0
      vertex 16.9783 18.6019 0
    endloop
  endfacet
  facet normal 0 0 -1
    outer loop
      vertex 16.75 183.45 0
      vertex 11.3304 192.311 0
      vertex 11.4111 192.446 0
    endloop
  endfacet
  facet normal 0 0 -1
    outer loop
      vertex 10.4645 11.5311 0
      vertex 16.9783 18.6019 0
      vertex 10.6123 11.4782 0
    endloop
  endfacet
  facet normal 0 0 -1
    outer loop
      vertex 16.75 183.45 0
      vertex 11.2368 192.185 0
      vertex 11.3304 192.311 0
    endloop
  endfacet
  facet normal -0 0 -1
    outer loop
      vertex 16.9783 18.6019 0
      vertex 10.4645 11.5311 0
      vertex 16.8792 18.8791 0
    endloop
  endfacet
  facet normal 0 0 -1
    outer loop
      vertex 16.75 183.45 0
      vertex 11.1314 192.069 0
      vertex 11.2368 192.185 0
    endloop
  endfacet
  facet normal 0 0 -1
    outer loop
      vertex 10.3121 11.5693 0
      vertex 16.8792 18.8791 0
      vertex 10.4645 11.5311 0
    endloop
  endfacet
  facet normal 0 0 -1
    outer loop
      vertex 16.75 183.45 0
      vertex 11.015 191.963 0
      vertex 11.1314 192.069 0
    endloop
  endfacet
  facet normal 0 0 -1
    outer loop
      vertex 10.1568 11.5923 0
      vertex 16.8792 18.8791 0
      vertex 10.3121 11.5693 0
    endloop
  endfacet
  facet normal 0 0 -1
    outer loop
      vertex 16.75 183.45 0
      vertex 10.8889 191.87 0
      vertex 11.015 191.963 0
    endloop
  endfacet
  facet normal -0 0 -1
    outer loop
      vertex 16.8792 18.8791 0
      vertex 10.1568 11.5923 0
      vertex 16.8076 19.1647 0
    endloop
  endfacet
  facet normal 0 0 -1
    outer loop
      vertex 16.75 183.45 0
      vertex 10.7542 191.789 0
      vertex 10.8889 191.87 0
    endloop
  endfacet
  facet normal 0 0 -1
    outer loop
      vertex 10 11.6 0
      vertex 16.8076 19.1647 0
      vertex 10.1568 11.5923 0
    endloop
  endfacet
  facet normal 0 0 -1
    outer loop
      vertex 16.75 183.45 0
      vertex 10.6123 191.722 0
      vertex 10.7542 191.789 0
    endloop
  endfacet
  facet normal -0 0 -1
    outer loop
      vertex 16.8076 19.1647 0
      vertex 10 11.6 0
      vertex 16.7644 19.4559 0
    endloop
  endfacet
  facet normal 0 0 -1
    outer loop
      vertex 16.75 183.45 0
      vertex 10.4645 191.669 0
      vertex 10.6123 191.722 0
    endloop
  endfacet
  facet normal 0 0 -1
    outer loop
      vertex 9.84317 11.5923 0
      vertex 16.7644 19.4559 0
      vertex 10 11.6 0
    endloop
  endfacet
  facet normal 0 0 -1
    outer loop
      vertex 16.75 183.45 0
      vertex 10.3121 191.631 0
      vertex 10.4645 191.669 0
    endloop
  endfacet
  facet normal -0 0 -1
    outer loop
      vertex 16.7644 19.4559 0
      vertex 9.84317 11.5923 0
      vertex 16.75 19.75 0
    endloop
  endfacet
  facet normal 0 0 -1
    outer loop
      vertex 16.75 183.45 0
      vertex 10.1568 191.608 0
      vertex 10.3121 191.631 0
    endloop
  endfacet
  facet normal 0 0 -1
    outer loop
      vertex 9.68785 11.5693 0
      vertex 16.75 19.75 0
      vertex 9.84317 11.5923 0
    endloop
  endfacet
  facet normal 0 0 -1
    outer loop
      vertex 16.75 183.45 0
      vertex 10 191.6 0
      vertex 10.1568 191.608 0
    endloop
  endfacet
  facet normal 0 0 -1
    outer loop
      vertex 9.53554 11.5311 0
      vertex 16.75 19.75 0
      vertex 9.68785 11.5693 0
    endloop
  endfacet
  facet normal 0 0 -1
    outer loop
      vertex 16.75 183.45 0
      vertex 9.84317 191.608 0
      vertex 10 191.6 0
    endloop
  endfacet
  facet normal 0 0 -1
    outer loop
      vertex 9.38771 11.4782 0
      vertex 16.75 19.75 0
      vertex 9.53554 11.5311 0
    endloop
  endfacet
  facet normal 0 0 -1
    outer loop
      vertex 16.75 183.45 0
      vertex 9.68785 191.631 0
      vertex 9.84317 191.608 0
    endloop
  endfacet
  facet normal 0 0 -1
    outer loop
      vertex 9.24576 11.4111 0
      vertex 16.75 19.75 0
      vertex 9.38771 11.4782 0
    endloop
  endfacet
  facet normal 0 0 -1
    outer loop
      vertex 16.75 183.45 0
      vertex 9.53554 191.669 0
      vertex 9.68785 191.631 0
    endloop
  endfacet
  facet normal 0 0 -1
    outer loop
      vertex 9.11109 11.3304 0
      vertex 16.75 19.75 0
      vertex 9.24576 11.4111 0
    endloop
  endfacet
  facet normal 0 0 -1
    outer loop
      vertex 16.75 183.45 0
      vertex 9.38771 191.722 0
      vertex 9.53554 191.669 0
    endloop
  endfacet
  facet normal 0 0 -1
    outer loop
      vertex 8.98497 11.2368 0
      vertex 16.75 19.75 0
      vertex 9.11109 11.3304 0
    endloop
  endfacet
  facet normal 0 0 -1
    outer loop
      vertex 16.75 183.45 0
      vertex 9.24576 191.789 0
      vertex 9.38771 191.722 0
    endloop
  endfacet
  facet normal 0 0 -1
    outer loop
      vertex 0 5 0
      vertex 16.75 19.75 0
      vertex 8.98497 11.2368 0
    endloop
  endfacet
  facet normal 0 0 -1
    outer loop
      vertex 16.75 183.45 0
      vertex 9.11109 191.87 0
      vertex 9.24576 191.789 0
    endloop
  endfacet
  facet normal -0 0 -1
    outer loop
      vertex 16.75 19.75 0
      vertex 0 5 0
      vertex 16.75 183.45 0
    endloop
  endfacet
  facet normal 0 0 -1
    outer loop
      vertex 16.75 183.45 0
      vertex 8.98497 191.963 0
      vertex 9.11109 191.87 0
    endloop
  endfacet
  facet normal 0 0 -1
    outer loop
      vertex 0 5 0
      vertex 8.98497 11.2368 0
      vertex 8.86863 11.1314 0
    endloop
  endfacet
  facet normal 0 0 -1
    outer loop
      vertex 0 198.2 0
      vertex 16.75 183.45 0
      vertex 0 5 0
    endloop
  endfacet
  facet normal 0 0 -1
    outer loop
      vertex 0 5 0
      vertex 8.86863 11.1314 0
      vertex 8.76318 11.015 0
    endloop
  endfacet
  facet normal 0 0 -1
    outer loop
      vertex 16.75 183.45 0
      vertex 0 198.2 0
      vertex 8.98497 191.963 0
    endloop
  endfacet
  facet normal 0 0 -1
    outer loop
      vertex 0 5 0
      vertex 8.76318 11.015 0
      vertex 8.66965 10.8889 0
    endloop
  endfacet
  facet normal 0 0 -1
    outer loop
      vertex 8.98497 191.963 0
      vertex 0 198.2 0
      vertex 8.86863 192.069 0
    endloop
  endfacet
  facet normal 0 0 -1
    outer loop
      vertex 0 5 0
      vertex 8.66965 10.8889 0
      vertex 8.58893 10.7542 0
    endloop
  endfacet
  facet normal 0 0 -1
    outer loop
      vertex 8.86863 192.069 0
      vertex 0 198.2 0
      vertex 8.76318 192.185 0
    endloop
  endfacet
  facet normal 0 0 -1
    outer loop
      vertex 0 5 0
      vertex 8.58893 10.7542 0
      vertex 8.52179 10.6123 0
    endloop
  endfacet
  facet normal 0 0 -1
    outer loop
      vertex 8.76318 192.185 0
      vertex 0 198.2 0
      vertex 8.66965 192.311 0
    endloop
  endfacet
  facet normal 0 0 -1
    outer loop
      vertex 0 5 0
      vertex 8.52179 10.6123 0
      vertex 8.46889 10.4645 0
    endloop
  endfacet
  facet normal 0 0 -1
    outer loop
      vertex 8.66965 192.311 0
      vertex 0 198.2 0
      vertex 8.58893 192.446 0
    endloop
  endfacet
  facet normal 0 0 -1
    outer loop
      vertex 0 5 0
      vertex 8.46889 10.4645 0
      vertex 8.43074 10.3121 0
    endloop
  endfacet
  facet normal 0 0 -1
    outer loop
      vertex 8.58893 192.446 0
      vertex 0 198.2 0
      vertex 8.52179 192.588 0
    endloop
  endfacet
  facet normal 0 0 -1
    outer loop
      vertex 0 5 0
      vertex 8.43074 10.3121 0
      vertex 8.4077 10.1568 0
    endloop
  endfacet
  facet normal 0 0 -1
    outer loop
      vertex 8.52179 192.588 0
      vertex 0 198.2 0
      vertex 8.46889 192.736 0
    endloop
  endfacet
  facet normal 0 0 -1
    outer loop
      vertex 0 5 0
      vertex 8.4077 10.1568 0
      vertex 8.4 10 0
    endloop
  endfacet
  facet normal 0 0 -1
    outer loop
      vertex 8.46889 192.736 0
      vertex 0 198.2 0
      vertex 8.43074 192.888 0
    endloop
  endfacet
  facet normal 0 0 -1
    outer loop
      vertex 194.731 10.4645 0
      vertex 203.2 5 0
      vertex 194.769 10.3121 0
    endloop
  endfacet
  facet normal 0 0 -1
    outer loop
      vertex 203.2 198.2 0
      vertex 194.792 193.043 0
      vertex 194.8 193.2 0
    endloop
  endfacet
  facet normal 0 0 -1
    outer loop
      vertex 194.678 10.6123 0
      vertex 203.2 5 0
      vertex 194.731 10.4645 0
    endloop
  endfacet
  facet normal 0 0 -1
    outer loop
      vertex 203.2 198.2 0
      vertex 194.769 192.888 0
      vertex 194.792 193.043 0
    endloop
  endfacet
  facet normal 0 0 -1
    outer loop
      vertex 194.611 10.7542 0
      vertex 203.2 5 0
      vertex 194.678 10.6123 0
    endloop
  endfacet
  facet normal 0 0 -1
    outer loop
      vertex 203.2 198.2 0
      vertex 194.731 192.736 0
      vertex 194.769 192.888 0
    endloop
  endfacet
  facet normal 0 0 -1
    outer loop
      vertex 194.53 10.8889 0
      vertex 203.2 5 0
      vertex 194.611 10.7542 0
    endloop
  endfacet
  facet normal 0 0 -1
    outer loop
      vertex 203.2 198.2 0
      vertex 194.678 192.588 0
      vertex 194.731 192.736 0
    endloop
  endfacet
  facet normal 0 0 -1
    outer loop
      vertex 194.437 11.015 0
      vertex 203.2 5 0
      vertex 194.53 10.8889 0
    endloop
  endfacet
  facet normal 0 0 -1
    outer loop
      vertex 203.2 198.2 0
      vertex 194.611 192.446 0
      vertex 194.678 192.588 0
    endloop
  endfacet
  facet normal 0 0 -1
    outer loop
      vertex 194.331 11.1314 0
      vertex 203.2 5 0
      vertex 194.437 11.015 0
    endloop
  endfacet
  facet normal 0 0 -1
    outer loop
      vertex 203.2 198.2 0
      vertex 194.53 192.311 0
      vertex 194.611 192.446 0
    endloop
  endfacet
  facet normal 0 0 -1
    outer loop
      vertex 194.215 11.2368 0
      vertex 203.2 5 0
      vertex 194.331 11.1314 0
    endloop
  endfacet
  facet normal 0 0 -1
    outer loop
      vertex 203.2 198.2 0
      vertex 194.437 192.185 0
      vertex 194.53 192.311 0
    endloop
  endfacet
  facet normal 0 0 -1
    outer loop
      vertex 203.2 5 0
      vertex 186.45 19.75 0
      vertex 203.2 198.2 0
    endloop
  endfacet
  facet normal 0 0 -1
    outer loop
      vertex 203.2 198.2 0
      vertex 194.331 192.069 0
      vertex 194.437 192.185 0
    endloop
  endfacet
  facet normal 0 0 -1
    outer loop
      vertex 203.2 5 0
      vertex 194.215 11.2368 0
      vertex 186.45 19.75 0
    endloop
  endfacet
  facet normal 0 0 -1
    outer loop
      vertex 186.45 183.45 0
      vertex 203.2 198.2 0
      vertex 186.45 19.75 0
    endloop
  endfacet
  facet normal 0 0 -1
    outer loop
      vertex 186.45 19.75 0
      vertex 194.215 11.2368 0
      vertex 194.089 11.3304 0
    endloop
  endfacet
  facet normal 0 -0 -1
    outer loop
      vertex 194.215 191.963 0
      vertex 203.2 198.2 0
      vertex 186.45 183.45 0
    endloop
  endfacet
  facet normal 0 0 -1
    outer loop
      vertex 186.45 19.75 0
      vertex 194.089 11.3304 0
      vertex 193.954 11.4111 0
    endloop
  endfacet
  facet normal 0 0 -1
    outer loop
      vertex 203.2 198.2 0
      vertex 194.215 191.963 0
      vertex 194.331 192.069 0
    endloop
  endfacet
  facet normal 0 0 -1
    outer loop
      vertex 186.45 19.75 0
      vertex 193.954 11.4111 0
      vertex 193.812 11.4782 0
    endloop
  endfacet
  facet normal 0 0 -1
    outer loop
      vertex 194.215 191.963 0
      vertex 186.45 183.45 0
      vertex 194.089 191.87 0
    endloop
  endfacet
  facet normal 0 0 -1
    outer loop
      vertex 186.45 19.75 0
      vertex 193.812 11.4782 0
      vertex 193.664 11.5311 0
    endloop
  endfacet
  facet normal 0 0 -1
    outer loop
      vertex 194.089 191.87 0
      vertex 186.45 183.45 0
      vertex 193.954 191.789 0
    endloop
  endfacet
  facet normal 0 0 -1
    outer loop
      vertex 186.45 19.75 0
      vertex 193.664 11.5311 0
      vertex 193.512 11.5693 0
    endloop
  endfacet
  facet normal 0 0 -1
    outer loop
      vertex 193.954 191.789 0
      vertex 186.45 183.45 0
      vertex 193.812 191.722 0
    endloop
  endfacet
  facet normal 0 0 -1
    outer loop
      vertex 186.45 19.75 0
      vertex 193.512 11.5693 0
      vertex 193.357 11.5923 0
    endloop
  endfacet
  facet normal 0 0 -1
    outer loop
      vertex 193.812 191.722 0
      vertex 186.45 183.45 0
      vertex 193.664 191.669 0
    endloop
  endfacet
  facet normal 0 0 -1
    outer loop
      vertex 186.436 19.4559 0
      vertex 193.357 11.5923 0
      vertex 193.2 11.6 0
    endloop
  endfacet
  facet normal 0 0 -1
    outer loop
      vertex 193.664 191.669 0
      vertex 186.45 183.45 0
      vertex 193.512 191.631 0
    endloop
  endfacet
  facet normal 0 0 -1
    outer loop
      vertex 186.392 19.1647 0
      vertex 193.2 11.6 0
      vertex 193.043 11.5923 0
    endloop
  endfacet
  facet normal 0 0 -1
    outer loop
      vertex 193.512 191.631 0
      vertex 186.45 183.45 0
      vertex 193.357 191.608 0
    endloop
  endfacet
  facet normal 0 0 -1
    outer loop
      vertex 186.321 18.8791 0
      vertex 193.043 11.5923 0
      vertex 192.888 11.5693 0
    endloop
  endfacet
  facet normal 0 0 -1
    outer loop
      vertex 186.436 183.744 0
      vertex 193.357 191.608 0
      vertex 186.45 183.45 0
    endloop
  endfacet
  facet normal 0 0 -1
    outer loop
      vertex 186.321 18.8791 0
      vertex 192.888 11.5693 0
      vertex 192.736 11.5311 0
    endloop
  endfacet
  facet normal 0 0 -1
    outer loop
      vertex 193.357 191.608 0
      vertex 186.436 183.744 0
      vertex 193.2 191.6 0
    endloop
  endfacet
  facet normal 0 0 -1
    outer loop
      vertex 186.222 18.6019 0
      vertex 192.736 11.5311 0
      vertex 192.588 11.4782 0
    endloop
  endfacet
  facet normal 0 0 -1
    outer loop
      vertex 186.392 184.035 0
      vertex 193.2 191.6 0
      vertex 186.436 183.744 0
    endloop
  endfacet
  facet normal 0 0 -1
    outer loop
      vertex 186.096 18.3358 0
      vertex 192.588 11.4782 0
      vertex 192.446 11.4111 0
    endloop
  endfacet
  facet normal -0 0 -1
    outer loop
      vertex 193.2 191.6 0
      vertex 186.392 184.035 0
      vertex 193.043 191.608 0
    endloop
  endfacet
  facet normal 0 0 -1
    outer loop
      vertex 185.944 18.0833 0
      vertex 192.446 11.4111 0
      vertex 192.311 11.3304 0
    endloop
  endfacet
  facet normal 0 0 -1
    outer loop
      vertex 186.321 184.321 0
      vertex 193.043 191.608 0
      vertex 186.392 184.035 0
    endloop
  endfacet
  facet normal 0 0 -1
    outer loop
      vertex 185.769 17.8468 0
      vertex 192.311 11.3304 0
      vertex 192.185 11.2368 0
    endloop
  endfacet
  facet normal -0 0 -1
    outer loop
      vertex 193.043 191.608 0
      vertex 186.321 184.321 0
      vertex 192.888 191.631 0
    endloop
  endfacet
  facet normal 0 0 -1
    outer loop
      vertex 185.571 17.6287 0
      vertex 192.185 11.2368 0
      vertex 192.069 11.1314 0
    endloop
  endfacet
  facet normal -0 0 -1
    outer loop
      vertex 192.888 191.631 0
      vertex 186.321 184.321 0
      vertex 192.736 191.669 0
    endloop
  endfacet
  facet normal 0 0 -1
    outer loop
      vertex 185.571 17.6287 0
      vertex 192.069 11.1314 0
      vertex 191.963 11.015 0
    endloop
  endfacet
  facet normal 0 0 -1
    outer loop
      vertex 186.222 184.598 0
      vertex 192.736 191.669 0
      vertex 186.321 184.321 0
    endloop
  endfacet
  facet normal 0 0 -1
    outer loop
      vertex 185.353 17.431 0
      vertex 191.963 11.015 0
      vertex 191.87 10.8889 0
    endloop
  endfacet
  facet normal -0 0 -1
    outer loop
      vertex 192.736 191.669 0
      vertex 186.222 184.598 0
      vertex 192.588 191.722 0
    endloop
  endfacet
  facet normal 0 0 -1
    outer loop
      vertex 185.117 17.2556 0
      vertex 191.87 10.8889 0
      vertex 191.789 10.7542 0
    endloop
  endfacet
  facet normal 0 0 -1
    outer loop
      vertex 186.096 184.864 0
      vertex 192.588 191.722 0
      vertex 186.222 184.598 0
    endloop
  endfacet
  facet normal 0 0 -1
    outer loop
      vertex 184.864 17.1042 0
      vertex 191.789 10.7542 0
      vertex 191.722 10.6123 0
    endloop
  endfacet
  facet normal -0 0 -1
    outer loop
      vertex 192.588 191.722 0
      vertex 186.096 184.864 0
      vertex 192.446 191.789 0
    endloop
  endfacet
  facet normal 0 0 -1
    outer loop
      vertex 184.598 16.9783 0
      vertex 191.722 10.6123 0
      vertex 191.669 10.4645 0
    endloop
  endfacet
  facet normal 0 0 -1
    outer loop
      vertex 185.944 185.117 0
      vertex 192.446 191.789 0
      vertex 186.096 184.864 0
    endloop
  endfacet
  facet normal 0 0 -1
    outer loop
      vertex 184.598 16.9783 0
      vertex 191.669 10.4645 0
      vertex 191.631 10.3121 0
    endloop
  endfacet
  facet normal -0 0 -1
    outer loop
      vertex 192.446 191.789 0
      vertex 185.944 185.117 0
      vertex 192.311 191.87 0
    endloop
  endfacet
  facet normal 0 0 -1
    outer loop
      vertex 184.321 16.8792 0
      vertex 191.631 10.3121 0
      vertex 191.608 10.1568 0
    endloop
  endfacet
  facet normal 0 0 -1
    outer loop
      vertex 185.769 185.353 0
      vertex 192.311 191.87 0
      vertex 185.944 185.117 0
    endloop
  endfacet
  facet normal 0 0 -1
    outer loop
      vertex 184.035 16.8076 0
      vertex 191.608 10.1568 0
      vertex 191.6 10 0
    endloop
  endfacet
  facet normal -0 0 -1
    outer loop
      vertex 192.311 191.87 0
      vertex 185.769 185.353 0
      vertex 192.185 191.963 0
    endloop
  endfacet
  facet normal 0 0 -1
    outer loop
      vertex 194.331 8.86863 0
      vertex 203.2 5 0
      vertex 203.176 4.5099 0
    endloop
  endfacet
  facet normal 0 0 -1
    outer loop
      vertex 194.792 10.1568 0
      vertex 203.2 5 0
      vertex 194.8 10 0
    endloop
  endfacet
  facet normal 0 0 -1
    outer loop
      vertex 194.331 8.86863 0
      vertex 203.176 4.5099 0
      vertex 203.104 4.02454 0
    endloop
  endfacet
  facet normal 0 0 -1
    outer loop
      vertex 194.769 10.3121 0
      vertex 203.2 5 0
      vertex 194.792 10.1568 0
    endloop
  endfacet
  facet normal 0 0 -1
    outer loop
      vertex 194.331 8.86863 0
      vertex 203.104 4.02454 0
      vertex 202.985 3.54857 0
    endloop
  endfacet
  facet normal 0 0 -1
    outer loop
      vertex 194.792 193.357 0
      vertex 203.2 198.2 0
      vertex 194.8 193.2 0
    endloop
  endfacet
  facet normal 0 0 -1
    outer loop
      vertex 194.331 8.86863 0
      vertex 202.985 3.54857 0
      vertex 202.819 3.08658 0
    endloop
  endfacet
  facet normal 0 0 -1
    outer loop
      vertex 194.769 193.512 0
      vertex 203.2 198.2 0
      vertex 194.792 193.357 0
    endloop
  endfacet
  facet normal 0 0 -1
    outer loop
      vertex 194.331 8.86863 0
      vertex 202.819 3.08658 0
      vertex 202.61 2.64301 0
    endloop
  endfacet
  facet normal 0 0 -1
    outer loop
      vertex 194.731 193.664 0
      vertex 203.2 198.2 0
      vertex 194.769 193.512 0
    endloop
  endfacet
  facet normal 0 0 -1
    outer loop
      vertex 194.331 8.86863 0
      vertex 202.61 2.64301 0
      vertex 202.357 2.22214 0
    endloop
  endfacet
  facet normal 0 0 -1
    outer loop
      vertex 194.678 193.812 0
      vertex 203.2 198.2 0
      vertex 194.731 193.664 0
    endloop
  endfacet
  facet normal 0 0 -1
    outer loop
      vertex 194.331 8.86863 0
      vertex 202.357 2.22214 0
      vertex 202.065 1.82803 0
    endloop
  endfacet
  facet normal 0 0 -1
    outer loop
      vertex 194.611 193.954 0
      vertex 203.2 198.2 0
      vertex 194.678 193.812 0
    endloop
  endfacet
  facet normal 0 0 -1
    outer loop
      vertex 194.331 8.86863 0
      vertex 202.065 1.82803 0
      vertex 201.736 1.46446 0
    endloop
  endfacet
  facet normal 0 0 -1
    outer loop
      vertex 194.53 194.089 0
      vertex 203.2 198.2 0
      vertex 194.611 193.954 0
    endloop
  endfacet
  facet normal 0 0 -1
    outer loop
      vertex 194.331 8.86863 0
      vertex 201.736 1.46446 0
      vertex 201.372 1.13493 0
    endloop
  endfacet
  facet normal 0 0 -1
    outer loop
      vertex 194.437 194.215 0
      vertex 203.2 198.2 0
      vertex 194.53 194.089 0
    endloop
  endfacet
  facet normal 0 0 -1
    outer loop
      vertex 194.331 8.86863 0
      vertex 201.372 1.13493 0
      vertex 200.978 0.842651 0
    endloop
  endfacet
  facet normal 0 0 -1
    outer loop
      vertex 194.331 194.331 0
      vertex 203.2 198.2 0
      vertex 194.437 194.215 0
    endloop
  endfacet
  facet normal 0 0 -1
    outer loop
      vertex 194.331 8.86863 0
      vertex 200.978 0.842651 0
      vertex 200.557 0.590393 0
    endloop
  endfacet
  facet normal -0 0 -1
    outer loop
      vertex 203.2 198.2 0
      vertex 194.331 194.331 0
      vertex 203.176 198.69 0
    endloop
  endfacet
  facet normal 0 0 -1
    outer loop
      vertex 194.331 8.86863 0
      vertex 200.557 0.590393 0
      vertex 200.113 0.3806 0
    endloop
  endfacet
  facet normal -0 0 -1
    outer loop
      vertex 203.176 198.69 0
      vertex 194.331 194.331 0
      vertex 203.104 199.175 0
    endloop
  endfacet
  facet normal 0 0 -1
    outer loop
      vertex 194.331 8.86863 0
      vertex 200.113 0.3806 0
      vertex 199.651 0.215286 0
    endloop
  endfacet
  facet normal -0 0 -1
    outer loop
      vertex 203.104 199.175 0
      vertex 194.331 194.331 0
      vertex 202.985 199.651 0
    endloop
  endfacet
  facet normal 0 0 -1
    outer loop
      vertex 194.331 8.86863 0
      vertex 199.651 0.215286 0
      vertex 199.175 0.0960693 0
    endloop
  endfacet
  facet normal -0 0 -1
    outer loop
      vertex 202.985 199.651 0
      vertex 194.331 194.331 0
      vertex 202.819 200.113 0
    endloop
  endfacet
  facet normal 0 0 -1
    outer loop
      vertex 194.331 8.86863 0
      vertex 199.175 0.0960693 0
      vertex 198.69 0.0240631 0
    endloop
  endfacet
  facet normal -0 0 -1
    outer loop
      vertex 202.819 200.113 0
      vertex 194.331 194.331 0
      vertex 202.61 200.557 0
    endloop
  endfacet
  facet normal 0 0 -1
    outer loop
      vertex 194.331 8.86863 0
      vertex 198.69 0.0240631 0
      vertex 198.2 0 0
    endloop
  endfacet
  facet normal -0 0 -1
    outer loop
      vertex 202.61 200.557 0
      vertex 194.331 194.331 0
      vertex 202.357 200.978 0
    endloop
  endfacet
  facet normal -0 0 -1
    outer loop
      vertex 202.357 200.978 0
      vertex 194.331 194.331 0
      vertex 202.065 201.372 0
    endloop
  endfacet
  facet normal 0 0 -1
    outer loop
      vertex 203.2 5 0
      vertex 194.792 9.84317 0
      vertex 194.8 10 0
    endloop
  endfacet
  facet normal 0 0 -1
    outer loop
      vertex 203.2 5 0
      vertex 194.769 9.68785 0
      vertex 194.792 9.84317 0
    endloop
  endfacet
  facet normal 0 0 -1
    outer loop
      vertex 203.2 5 0
      vertex 194.731 9.53554 0
      vertex 194.769 9.68785 0
    endloop
  endfacet
  facet normal 0 0 -1
    outer loop
      vertex 203.2 5 0
      vertex 194.678 9.38771 0
      vertex 194.731 9.53554 0
    endloop
  endfacet
  facet normal 0 0 -1
    outer loop
      vertex 203.2 5 0
      vertex 194.611 9.24576 0
      vertex 194.678 9.38771 0
    endloop
  endfacet
  facet normal 0 0 -1
    outer loop
      vertex 203.2 5 0
      vertex 194.53 9.11109 0
      vertex 194.611 9.24576 0
    endloop
  endfacet
  facet normal 0 0 -1
    outer loop
      vertex 203.2 5 0
      vertex 194.437 8.98497 0
      vertex 194.53 9.11109 0
    endloop
  endfacet
  facet normal 0 0 -1
    outer loop
      vertex 203.2 5 0
      vertex 194.331 8.86863 0
      vertex 194.437 8.98497 0
    endloop
  endfacet
  facet normal 0 0 -1
    outer loop
      vertex 198.2 0 0
      vertex 194.215 8.76318 0
      vertex 194.331 8.86863 0
    endloop
  endfacet
  facet normal 0 0 -1
    outer loop
      vertex 198.2 0 0
      vertex 194.089 8.66965 0
      vertex 194.215 8.76318 0
    endloop
  endfacet
  facet normal 0 0 -1
    outer loop
      vertex 198.2 0 0
      vertex 193.954 8.58893 0
      vertex 194.089 8.66965 0
    endloop
  endfacet
  facet normal 0 0 -1
    outer loop
      vertex 198.2 0 0
      vertex 193.812 8.52179 0
      vertex 193.954 8.58893 0
    endloop
  endfacet
  facet normal 0 0 -1
    outer loop
      vertex 198.2 0 0
      vertex 193.664 8.46889 0
      vertex 193.812 8.52179 0
    endloop
  endfacet
  facet normal 0 0 -1
    outer loop
      vertex 198.2 0 0
      vertex 193.512 8.43074 0
      vertex 193.664 8.46889 0
    endloop
  endfacet
  facet normal 0 0 -1
    outer loop
      vertex 198.2 0 0
      vertex 193.357 8.4077 0
      vertex 193.512 8.43074 0
    endloop
  endfacet
  facet normal 0 0 -1
    outer loop
      vertex 198.2 0 0
      vertex 193.2 8.4 0
      vertex 193.357 8.4077 0
    endloop
  endfacet
  facet normal 0 0 -1
    outer loop
      vertex 198.2 0 0
      vertex 193.043 8.4077 0
      vertex 193.2 8.4 0
    endloop
  endfacet
  facet normal 0 0 -1
    outer loop
      vertex 198.2 0 0
      vertex 192.888 8.43074 0
      vertex 193.043 8.4077 0
    endloop
  endfacet
  facet normal 0 0 -1
    outer loop
      vertex 198.2 0 0
      vertex 192.736 8.46889 0
      vertex 192.888 8.43074 0
    endloop
  endfacet
  facet normal 0 0 -1
    outer loop
      vertex 198.2 0 0
      vertex 192.588 8.52179 0
      vertex 192.736 8.46889 0
    endloop
  endfacet
  facet normal 0 0 -1
    outer loop
      vertex 198.2 0 0
      vertex 192.446 8.58893 0
      vertex 192.588 8.52179 0
    endloop
  endfacet
  facet normal 0 0 -1
    outer loop
      vertex 198.2 0 0
      vertex 192.311 8.66965 0
      vertex 192.446 8.58893 0
    endloop
  endfacet
  facet normal 0 0 -1
    outer loop
      vertex 198.2 0 0
      vertex 192.185 8.76318 0
      vertex 192.311 8.66965 0
    endloop
  endfacet
  facet normal 0 0 -1
    outer loop
      vertex 198.2 0 0
      vertex 192.069 8.86863 0
      vertex 192.185 8.76318 0
    endloop
  endfacet
  facet normal 0 0 -1
    outer loop
      vertex 198.2 0 0
      vertex 191.963 8.98497 0
      vertex 192.069 8.86863 0
    endloop
  endfacet
  facet normal 0 0 -1
    outer loop
      vertex 183.45 16.75 0
      vertex 191.963 8.98497 0
      vertex 198.2 0 0
    endloop
  endfacet
  facet normal 0 0 -1
    outer loop
      vertex 185.571 185.571 0
      vertex 192.185 191.963 0
      vertex 185.769 185.353 0
    endloop
  endfacet
  facet normal 0 0 -1
    outer loop
      vertex 183.744 16.7644 0
      vertex 191.6 10 0
      vertex 191.608 9.84317 0
    endloop
  endfacet
  facet normal 0 0 -1
    outer loop
      vertex 183.45 16.75 0
      vertex 191.608 9.84317 0
      vertex 191.631 9.68785 0
    endloop
  endfacet
  facet normal 0 0 -1
    outer loop
      vertex 183.45 16.75 0
      vertex 191.631 9.68785 0
      vertex 191.669 9.53554 0
    endloop
  endfacet
  facet normal 0 0 -1
    outer loop
      vertex 183.45 16.75 0
      vertex 191.669 9.53554 0
      vertex 191.722 9.38771 0
    endloop
  endfacet
  facet normal 0 0 -1
    outer loop
      vertex 183.45 16.75 0
      vertex 191.722 9.38771 0
      vertex 191.789 9.24576 0
    endloop
  endfacet
  facet normal 0 0 -1
    outer loop
      vertex 193.357 11.5923 0
      vertex 186.436 19.4559 0
      vertex 186.45 19.75 0
    endloop
  endfacet
  facet normal 0 0 -1
    outer loop
      vertex 193.2 11.6 0
      vertex 186.392 19.1647 0
      vertex 186.436 19.4559 0
    endloop
  endfacet
  facet normal 0 0 -1
    outer loop
      vertex 193.043 11.5923 0
      vertex 186.321 18.8791 0
      vertex 186.392 19.1647 0
    endloop
  endfacet
  facet normal 0 0 -1
    outer loop
      vertex 192.736 11.5311 0
      vertex 186.222 18.6019 0
      vertex 186.321 18.8791 0
    endloop
  endfacet
  facet normal 0 0 -1
    outer loop
      vertex 192.588 11.4782 0
      vertex 186.096 18.3358 0
      vertex 186.222 18.6019 0
    endloop
  endfacet
  facet normal 0 0 -1
    outer loop
      vertex 183.45 16.75 0
      vertex 191.789 9.24576 0
      vertex 191.87 9.11109 0
    endloop
  endfacet
  facet normal 0 0 -1
    outer loop
      vertex 192.446 11.4111 0
      vertex 185.944 18.0833 0
      vertex 186.096 18.3358 0
    endloop
  endfacet
  facet normal 0 0 -1
    outer loop
      vertex 192.311 11.3304 0
      vertex 185.769 17.8468 0
      vertex 185.944 18.0833 0
    endloop
  endfacet
  facet normal 0 0 -1
    outer loop
      vertex 191.963 8.98497 0
      vertex 183.45 16.75 0
      vertex 191.87 9.11109 0
    endloop
  endfacet
  facet normal 0 0 -1
    outer loop
      vertex 192.185 11.2368 0
      vertex 185.571 17.6287 0
      vertex 185.769 17.8468 0
    endloop
  endfacet
  facet normal 0 0 -1
    outer loop
      vertex 191.963 11.015 0
      vertex 185.353 17.431 0
      vertex 185.571 17.6287 0
    endloop
  endfacet
  facet normal 0 0 -1
    outer loop
      vertex 191.87 10.8889 0
      vertex 185.117 17.2556 0
      vertex 185.353 17.431 0
    endloop
  endfacet
  facet normal 0 0 -1
    outer loop
      vertex 191.789 10.7542 0
      vertex 184.864 17.1042 0
      vertex 185.117 17.2556 0
    endloop
  endfacet
  facet normal 0 0 -1
    outer loop
      vertex 191.722 10.6123 0
      vertex 184.598 16.9783 0
      vertex 184.864 17.1042 0
    endloop
  endfacet
  facet normal 0 0 -1
    outer loop
      vertex 191.631 10.3121 0
      vertex 184.321 16.8792 0
      vertex 184.598 16.9783 0
    endloop
  endfacet
  facet normal 0 0 -1
    outer loop
      vertex 191.608 10.1568 0
      vertex 184.035 16.8076 0
      vertex 184.321 16.8792 0
    endloop
  endfacet
  facet normal 0 0 -1
    outer loop
      vertex 191.6 10 0
      vertex 183.744 16.7644 0
      vertex 184.035 16.8076 0
    endloop
  endfacet
  facet normal 0 0 -1
    outer loop
      vertex 191.608 9.84317 0
      vertex 183.45 16.75 0
      vertex 183.744 16.7644 0
    endloop
  endfacet
  facet normal 0 0 -1
    outer loop
      vertex 198.2 0 0
      vertex 19.75 16.75 0
      vertex 183.45 16.75 0
    endloop
  endfacet
  facet normal 0 0 -1
    outer loop
      vertex 5 0 0
      vertex 19.75 16.75 0
      vertex 198.2 0 0
    endloop
  endfacet
  facet normal 0 0 -1
    outer loop
      vertex 11.015 11.2368 0
      vertex 17.6287 17.6287 0
      vertex 11.1314 11.1314 0
    endloop
  endfacet
  facet normal 0 0 -1
    outer loop
      vertex 11.1314 11.1314 0
      vertex 17.6287 17.6287 0
      vertex 11.2368 11.015 0
    endloop
  endfacet
  facet normal -0 0 -1
    outer loop
      vertex 17.8468 17.431 0
      vertex 11.2368 11.015 0
      vertex 17.6287 17.6287 0
    endloop
  endfacet
  facet normal 0 0 -1
    outer loop
      vertex 11.2368 11.015 0
      vertex 17.8468 17.431 0
      vertex 11.3304 10.8889 0
    endloop
  endfacet
  facet normal -0 0 -1
    outer loop
      vertex 18.0833 17.2556 0
      vertex 11.3304 10.8889 0
      vertex 17.8468 17.431 0
    endloop
  endfacet
  facet normal 0 0 -1
    outer loop
      vertex 11.3304 10.8889 0
      vertex 18.0833 17.2556 0
      vertex 11.4111 10.7542 0
    endloop
  endfacet
  facet normal -0 0 -1
    outer loop
      vertex 18.3358 17.1042 0
      vertex 11.4111 10.7542 0
      vertex 18.0833 17.2556 0
    endloop
  endfacet
  facet normal 0 0 -1
    outer loop
      vertex 11.4111 10.7542 0
      vertex 18.3358 17.1042 0
      vertex 11.4782 10.6123 0
    endloop
  endfacet
  facet normal -0 0 -1
    outer loop
      vertex 18.6019 16.9783 0
      vertex 11.4782 10.6123 0
      vertex 18.3358 17.1042 0
    endloop
  endfacet
  facet normal 0 0 -1
    outer loop
      vertex 11.4782 10.6123 0
      vertex 18.6019 16.9783 0
      vertex 11.5311 10.4645 0
    endloop
  endfacet
  facet normal 0 0 -1
    outer loop
      vertex 11.5311 10.4645 0
      vertex 18.6019 16.9783 0
      vertex 11.5693 10.3121 0
    endloop
  endfacet
  facet normal -0 0 -1
    outer loop
      vertex 18.8791 16.8792 0
      vertex 11.5693 10.3121 0
      vertex 18.6019 16.9783 0
    endloop
  endfacet
  facet normal 0 0 -1
    outer loop
      vertex 11.5693 10.3121 0
      vertex 18.8791 16.8792 0
      vertex 11.5923 10.1568 0
    endloop
  endfacet
  facet normal -0 0 -1
    outer loop
      vertex 19.1647 16.8076 0
      vertex 11.5923 10.1568 0
      vertex 18.8791 16.8792 0
    endloop
  endfacet
  facet normal 0 0 -1
    outer loop
      vertex 11.5923 10.1568 0
      vertex 19.1647 16.8076 0
      vertex 11.6 10 0
    endloop
  endfacet
  facet normal -0 0 -1
    outer loop
      vertex 19.4559 16.7644 0
      vertex 11.6 10 0
      vertex 19.1647 16.8076 0
    endloop
  endfacet
  facet normal 0 -0 -1
    outer loop
      vertex 11.2368 8.98497 0
      vertex 19.75 16.75 0
      vertex 5 0 0
    endloop
  endfacet
  facet normal 0 0 -1
    outer loop
      vertex 19.4559 16.7644 0
      vertex 11.5923 9.84317 0
      vertex 11.6 10 0
    endloop
  endfacet
  facet normal -0 0 -1
    outer loop
      vertex 19.75 16.75 0
      vertex 11.5923 9.84317 0
      vertex 19.4559 16.7644 0
    endloop
  endfacet
  facet normal 0 -0 -1
    outer loop
      vertex 11.5923 9.84317 0
      vertex 19.75 16.75 0
      vertex 11.5693 9.68785 0
    endloop
  endfacet
  facet normal 0 -0 -1
    outer loop
      vertex 11.5693 9.68785 0
      vertex 19.75 16.75 0
      vertex 11.5311 9.53554 0
    endloop
  endfacet
  facet normal 0 -0 -1
    outer loop
      vertex 11.5311 9.53554 0
      vertex 19.75 16.75 0
      vertex 11.4782 9.38771 0
    endloop
  endfacet
  facet normal 0 -0 -1
    outer loop
      vertex 11.4782 9.38771 0
      vertex 19.75 16.75 0
      vertex 11.4111 9.24576 0
    endloop
  endfacet
  facet normal 0 -0 -1
    outer loop
      vertex 11.4111 9.24576 0
      vertex 19.75 16.75 0
      vertex 11.3304 9.11109 0
    endloop
  endfacet
  facet normal 0 -0 -1
    outer loop
      vertex 11.3304 9.11109 0
      vertex 19.75 16.75 0
      vertex 11.2368 8.98497 0
    endloop
  endfacet
  facet normal 0 0 -1
    outer loop
      vertex 11.2368 8.98497 0
      vertex 5 0 0
      vertex 11.1314 8.86863 0
    endloop
  endfacet
  facet normal 0 0 -1
    outer loop
      vertex 11.1314 8.86863 0
      vertex 5 0 0
      vertex 11.015 8.76318 0
    endloop
  endfacet
  facet normal 0 0 -1
    outer loop
      vertex 11.015 8.76318 0
      vertex 5 0 0
      vertex 10.8889 8.66965 0
    endloop
  endfacet
  facet normal 0 0 -1
    outer loop
      vertex 10.8889 8.66965 0
      vertex 5 0 0
      vertex 10.7542 8.58893 0
    endloop
  endfacet
  facet normal 0 0 -1
    outer loop
      vertex 10.7542 8.58893 0
      vertex 5 0 0
      vertex 10.6123 8.52179 0
    endloop
  endfacet
  facet normal 0 0 -1
    outer loop
      vertex 10.6123 8.52179 0
      vertex 5 0 0
      vertex 10.4645 8.46889 0
    endloop
  endfacet
  facet normal 0 0 -1
    outer loop
      vertex 10.4645 8.46889 0
      vertex 5 0 0
      vertex 10.3121 8.43074 0
    endloop
  endfacet
  facet normal 0 0 -1
    outer loop
      vertex 10.3121 8.43074 0
      vertex 5 0 0
      vertex 10.1568 8.4077 0
    endloop
  endfacet
  facet normal -0 0 -1
    outer loop
      vertex 8.4077 9.84317 0
      vertex 0 5 0
      vertex 8.4 10 0
    endloop
  endfacet
  facet normal -0 0 -1
    outer loop
      vertex 8.43074 9.68785 0
      vertex 0 5 0
      vertex 8.4077 9.84317 0
    endloop
  endfacet
  facet normal -0 0 -1
    outer loop
      vertex 8.46889 9.53554 0
      vertex 0 5 0
      vertex 8.43074 9.68785 0
    endloop
  endfacet
  facet normal -0 0 -1
    outer loop
      vertex 8.52179 9.38771 0
      vertex 0 5 0
      vertex 8.46889 9.53554 0
    endloop
  endfacet
  facet normal -0 0 -1
    outer loop
      vertex 8.58893 9.24576 0
      vertex 0 5 0
      vertex 8.52179 9.38771 0
    endloop
  endfacet
  facet normal -0 0 -1
    outer loop
      vertex 8.66965 9.11109 0
      vertex 0 5 0
      vertex 8.58893 9.24576 0
    endloop
  endfacet
  facet normal -0 0 -1
    outer loop
      vertex 8.76318 8.98497 0
      vertex 0 5 0
      vertex 8.66965 9.11109 0
    endloop
  endfacet
  facet normal -0 0 -1
    outer loop
      vertex 8.86863 8.86863 0
      vertex 0 5 0
      vertex 8.76318 8.98497 0
    endloop
  endfacet
  facet normal 0 0 -1
    outer loop
      vertex 0 5 0
      vertex 8.86863 8.86863 0
      vertex 5 0 0
    endloop
  endfacet
  facet normal -0 0 -1
    outer loop
      vertex 8.98497 8.76318 0
      vertex 5 0 0
      vertex 8.86863 8.86863 0
    endloop
  endfacet
  facet normal -0 0 -1
    outer loop
      vertex 9.11109 8.66965 0
      vertex 5 0 0
      vertex 8.98497 8.76318 0
    endloop
  endfacet
  facet normal -0 0 -1
    outer loop
      vertex 9.24576 8.58893 0
      vertex 5 0 0
      vertex 9.11109 8.66965 0
    endloop
  endfacet
  facet normal -0 0 -1
    outer loop
      vertex 9.38771 8.52179 0
      vertex 5 0 0
      vertex 9.24576 8.58893 0
    endloop
  endfacet
  facet normal -0 0 -1
    outer loop
      vertex 9.53554 8.46889 0
      vertex 5 0 0
      vertex 9.38771 8.52179 0
    endloop
  endfacet
  facet normal -0 0 -1
    outer loop
      vertex 9.68785 8.43074 0
      vertex 5 0 0
      vertex 9.53554 8.46889 0
    endloop
  endfacet
  facet normal -0 0 -1
    outer loop
      vertex 9.84317 8.4077 0
      vertex 5 0 0
      vertex 9.68785 8.43074 0
    endloop
  endfacet
  facet normal -0 0 -1
    outer loop
      vertex 10 8.4 0
      vertex 5 0 0
      vertex 9.84317 8.4077 0
    endloop
  endfacet
  facet normal 0 0 -1
    outer loop
      vertex 10.1568 8.4077 0
      vertex 5 0 0
      vertex 10 8.4 0
    endloop
  endfacet
  facet normal -0 0 -1
    outer loop
      vertex 202.065 201.372 0
      vertex 194.331 194.331 0
      vertex 201.736 201.736 0
    endloop
  endfacet
  facet normal -0 0 -1
    outer loop
      vertex 201.736 201.736 0
      vertex 194.331 194.331 0
      vertex 201.372 202.065 0
    endloop
  endfacet
  facet normal -0 0 -1
    outer loop
      vertex 201.372 202.065 0
      vertex 194.331 194.331 0
      vertex 200.978 202.357 0
    endloop
  endfacet
  facet normal -0 0 -1
    outer loop
      vertex 200.978 202.357 0
      vertex 194.331 194.331 0
      vertex 200.557 202.61 0
    endloop
  endfacet
  facet normal -0 0 -1
    outer loop
      vertex 200.557 202.61 0
      vertex 194.331 194.331 0
      vertex 200.113 202.819 0
    endloop
  endfacet
  facet normal -0 0 -1
    outer loop
      vertex 200.113 202.819 0
      vertex 194.331 194.331 0
      vertex 199.651 202.985 0
    endloop
  endfacet
  facet normal -0 0 -1
    outer loop
      vertex 199.651 202.985 0
      vertex 194.331 194.331 0
      vertex 199.175 203.104 0
    endloop
  endfacet
  facet normal -0 0 -1
    outer loop
      vertex 199.175 203.104 0
      vertex 194.331 194.331 0
      vertex 198.69 203.176 0
    endloop
  endfacet
  facet normal -0 0 -1
    outer loop
      vertex 198.69 203.176 0
      vertex 194.331 194.331 0
      vertex 198.2 203.2 0
    endloop
  endfacet
  facet normal 0 0 -1
    outer loop
      vertex 194.215 194.437 0
      vertex 198.2 203.2 0
      vertex 194.331 194.331 0
    endloop
  endfacet
  facet normal 0 0 -1
    outer loop
      vertex 194.089 194.53 0
      vertex 198.2 203.2 0
      vertex 194.215 194.437 0
    endloop
  endfacet
  facet normal 0 0 -1
    outer loop
      vertex 193.954 194.611 0
      vertex 198.2 203.2 0
      vertex 194.089 194.53 0
    endloop
  endfacet
  facet normal 0 0 -1
    outer loop
      vertex 193.812 194.678 0
      vertex 198.2 203.2 0
      vertex 193.954 194.611 0
    endloop
  endfacet
  facet normal 0 0 -1
    outer loop
      vertex 193.664 194.731 0
      vertex 198.2 203.2 0
      vertex 193.812 194.678 0
    endloop
  endfacet
  facet normal 0 0 -1
    outer loop
      vertex 193.512 194.769 0
      vertex 198.2 203.2 0
      vertex 193.664 194.731 0
    endloop
  endfacet
  facet normal 0 0 -1
    outer loop
      vertex 193.357 194.792 0
      vertex 198.2 203.2 0
      vertex 193.512 194.769 0
    endloop
  endfacet
  facet normal 0 0 -1
    outer loop
      vertex 193.2 194.8 0
      vertex 198.2 203.2 0
      vertex 193.357 194.792 0
    endloop
  endfacet
  facet normal 0 0 -1
    outer loop
      vertex 193.043 194.792 0
      vertex 198.2 203.2 0
      vertex 193.2 194.8 0
    endloop
  endfacet
  facet normal 0 0 -1
    outer loop
      vertex 192.888 194.769 0
      vertex 198.2 203.2 0
      vertex 193.043 194.792 0
    endloop
  endfacet
  facet normal 0 0 -1
    outer loop
      vertex 192.736 194.731 0
      vertex 198.2 203.2 0
      vertex 192.888 194.769 0
    endloop
  endfacet
  facet normal 0 0 -1
    outer loop
      vertex 192.588 194.678 0
      vertex 198.2 203.2 0
      vertex 192.736 194.731 0
    endloop
  endfacet
  facet normal 0 0 -1
    outer loop
      vertex 192.446 194.611 0
      vertex 198.2 203.2 0
      vertex 192.588 194.678 0
    endloop
  endfacet
  facet normal 0 0 -1
    outer loop
      vertex 192.311 194.53 0
      vertex 198.2 203.2 0
      vertex 192.446 194.611 0
    endloop
  endfacet
  facet normal 0 0 -1
    outer loop
      vertex 192.185 194.437 0
      vertex 198.2 203.2 0
      vertex 192.311 194.53 0
    endloop
  endfacet
  facet normal 0 0 -1
    outer loop
      vertex 192.069 194.331 0
      vertex 198.2 203.2 0
      vertex 192.185 194.437 0
    endloop
  endfacet
  facet normal 0 0 -1
    outer loop
      vertex 191.963 194.215 0
      vertex 198.2 203.2 0
      vertex 192.069 194.331 0
    endloop
  endfacet
  facet normal 0 0 -1
    outer loop
      vertex 183.45 186.45 0
      vertex 191.963 194.215 0
      vertex 191.87 194.089 0
    endloop
  endfacet
  facet normal -0 0 -1
    outer loop
      vertex 192.185 191.963 0
      vertex 185.571 185.571 0
      vertex 192.069 192.069 0
    endloop
  endfacet
  facet normal -0 0 -1
    outer loop
      vertex 192.069 192.069 0
      vertex 185.571 185.571 0
      vertex 191.963 192.185 0
    endloop
  endfacet
  facet normal 0 0 -1
    outer loop
      vertex 185.353 185.769 0
      vertex 191.963 192.185 0
      vertex 185.571 185.571 0
    endloop
  endfacet
  facet normal -0 0 -1
    outer loop
      vertex 191.963 192.185 0
      vertex 185.353 185.769 0
      vertex 191.87 192.311 0
    endloop
  endfacet
  facet normal 0 0 -1
    outer loop
      vertex 185.117 185.944 0
      vertex 191.87 192.311 0
      vertex 185.353 185.769 0
    endloop
  endfacet
  facet normal -0 0 -1
    outer loop
      vertex 191.87 192.311 0
      vertex 185.117 185.944 0
      vertex 191.789 192.446 0
    endloop
  endfacet
  facet normal 0 0 -1
    outer loop
      vertex 184.864 186.096 0
      vertex 191.789 192.446 0
      vertex 185.117 185.944 0
    endloop
  endfacet
  facet normal -0 0 -1
    outer loop
      vertex 191.789 192.446 0
      vertex 184.864 186.096 0
      vertex 191.722 192.588 0
    endloop
  endfacet
  facet normal 0 0 -1
    outer loop
      vertex 184.598 186.222 0
      vertex 191.722 192.588 0
      vertex 184.864 186.096 0
    endloop
  endfacet
  facet normal -0 0 -1
    outer loop
      vertex 191.722 192.588 0
      vertex 184.598 186.222 0
      vertex 191.669 192.736 0
    endloop
  endfacet
  facet normal -0 0 -1
    outer loop
      vertex 191.669 192.736 0
      vertex 184.598 186.222 0
      vertex 191.631 192.888 0
    endloop
  endfacet
  facet normal 0 0 -1
    outer loop
      vertex 184.321 186.321 0
      vertex 191.631 192.888 0
      vertex 184.598 186.222 0
    endloop
  endfacet
  facet normal -0 0 -1
    outer loop
      vertex 191.631 192.888 0
      vertex 184.321 186.321 0
      vertex 191.608 193.043 0
    endloop
  endfacet
  facet normal 0 0 -1
    outer loop
      vertex 184.035 186.392 0
      vertex 191.608 193.043 0
      vertex 184.321 186.321 0
    endloop
  endfacet
  facet normal -0 0 -1
    outer loop
      vertex 191.608 193.043 0
      vertex 184.035 186.392 0
      vertex 191.6 193.2 0
    endloop
  endfacet
  facet normal 0 0 -1
    outer loop
      vertex 183.744 186.436 0
      vertex 191.6 193.2 0
      vertex 184.035 186.392 0
    endloop
  endfacet
  facet normal -0 0 -1
    outer loop
      vertex 191.6 193.2 0
      vertex 183.744 186.436 0
      vertex 191.608 193.357 0
    endloop
  endfacet
  facet normal 0 0 -1
    outer loop
      vertex 183.45 186.45 0
      vertex 191.608 193.357 0
      vertex 183.744 186.436 0
    endloop
  endfacet
  facet normal -0 0 -1
    outer loop
      vertex 191.608 193.357 0
      vertex 183.45 186.45 0
      vertex 191.631 193.512 0
    endloop
  endfacet
  facet normal -0 0 -1
    outer loop
      vertex 191.631 193.512 0
      vertex 183.45 186.45 0
      vertex 191.669 193.664 0
    endloop
  endfacet
  facet normal -0 0 -1
    outer loop
      vertex 191.669 193.664 0
      vertex 183.45 186.45 0
      vertex 191.722 193.812 0
    endloop
  endfacet
  facet normal -0 0 -1
    outer loop
      vertex 191.722 193.812 0
      vertex 183.45 186.45 0
      vertex 191.789 193.954 0
    endloop
  endfacet
  facet normal -0 0 -1
    outer loop
      vertex 191.789 193.954 0
      vertex 183.45 186.45 0
      vertex 191.87 194.089 0
    endloop
  endfacet
  facet normal -0 0 -1
    outer loop
      vertex 191.963 194.215 0
      vertex 183.45 186.45 0
      vertex 198.2 203.2 0
    endloop
  endfacet
  facet normal 0 0 -1
    outer loop
      vertex 19.75 186.45 0
      vertex 198.2 203.2 0
      vertex 183.45 186.45 0
    endloop
  endfacet
  facet normal 0 0 -1
    outer loop
      vertex 11.5923 193.357 0
      vertex 19.75 186.45 0
      vertex 19.4559 186.436 0
    endloop
  endfacet
  facet normal -0 0 -1
    outer loop
      vertex 17.6287 17.6287 0
      vertex 11.015 11.2368 0
      vertex 17.431 17.8468 0
    endloop
  endfacet
  facet normal 0 0 -1
    outer loop
      vertex 11.6 193.2 0
      vertex 16.7644 183.744 0
      vertex 16.75 183.45 0
    endloop
  endfacet
  facet normal 0 0 -1
    outer loop
      vertex 11.6 193.2 0
      vertex 16.8076 184.035 0
      vertex 16.7644 183.744 0
    endloop
  endfacet
  facet normal 0 0 -1
    outer loop
      vertex 11.6 193.2 0
      vertex 16.8792 184.321 0
      vertex 16.8076 184.035 0
    endloop
  endfacet
  facet normal 0 0 -1
    outer loop
      vertex 11.6 193.2 0
      vertex 16.9783 184.598 0
      vertex 16.8792 184.321 0
    endloop
  endfacet
  facet normal 0 0 -1
    outer loop
      vertex 11.6 193.2 0
      vertex 17.1042 184.864 0
      vertex 16.9783 184.598 0
    endloop
  endfacet
  facet normal 0 0 -1
    outer loop
      vertex 11.6 193.2 0
      vertex 17.2556 185.117 0
      vertex 17.1042 184.864 0
    endloop
  endfacet
  facet normal 0 0 -1
    outer loop
      vertex 11.6 193.2 0
      vertex 17.431 185.353 0
      vertex 17.2556 185.117 0
    endloop
  endfacet
  facet normal 0 0 -1
    outer loop
      vertex 11.6 193.2 0
      vertex 17.6287 185.571 0
      vertex 17.431 185.353 0
    endloop
  endfacet
  facet normal 0 0 -1
    outer loop
      vertex 11.6 193.2 0
      vertex 17.8468 185.769 0
      vertex 17.6287 185.571 0
    endloop
  endfacet
  facet normal 0 0 -1
    outer loop
      vertex 11.6 193.2 0
      vertex 18.0833 185.944 0
      vertex 17.8468 185.769 0
    endloop
  endfacet
  facet normal 0 0 -1
    outer loop
      vertex 11.6 193.2 0
      vertex 18.3358 186.096 0
      vertex 18.0833 185.944 0
    endloop
  endfacet
  facet normal 0 0 -1
    outer loop
      vertex 11.6 193.2 0
      vertex 18.6019 186.222 0
      vertex 18.3358 186.096 0
    endloop
  endfacet
  facet normal 0 0 -1
    outer loop
      vertex 11.6 193.2 0
      vertex 18.8791 186.321 0
      vertex 18.6019 186.222 0
    endloop
  endfacet
  facet normal 0 0 -1
    outer loop
      vertex 11.6 193.2 0
      vertex 19.1647 186.392 0
      vertex 18.8791 186.321 0
    endloop
  endfacet
  facet normal 0 0 -1
    outer loop
      vertex 11.6 193.2 0
      vertex 19.4559 186.436 0
      vertex 19.1647 186.392 0
    endloop
  endfacet
  facet normal 0 0 -1
    outer loop
      vertex 11.5923 193.357 0
      vertex 19.4559 186.436 0
      vertex 11.6 193.2 0
    endloop
  endfacet
  facet normal 0 0 -1
    outer loop
      vertex 19.75 186.45 0
      vertex 11.5923 193.357 0
      vertex 11.5693 193.512 0
    endloop
  endfacet
  facet normal 0 0 -1
    outer loop
      vertex 19.75 186.45 0
      vertex 11.5693 193.512 0
      vertex 11.5311 193.664 0
    endloop
  endfacet
  facet normal 0 0 -1
    outer loop
      vertex 19.75 186.45 0
      vertex 11.5311 193.664 0
      vertex 11.4782 193.812 0
    endloop
  endfacet
  facet normal 0 0 -1
    outer loop
      vertex 19.75 186.45 0
      vertex 11.4782 193.812 0
      vertex 11.4111 193.954 0
    endloop
  endfacet
  facet normal 0 0 -1
    outer loop
      vertex 19.75 186.45 0
      vertex 11.4111 193.954 0
      vertex 11.3304 194.089 0
    endloop
  endfacet
  facet normal 0 0 -1
    outer loop
      vertex 19.75 186.45 0
      vertex 11.3304 194.089 0
      vertex 11.2368 194.215 0
    endloop
  endfacet
  facet normal 0 0 -1
    outer loop
      vertex 19.75 186.45 0
      vertex 11.2368 194.215 0
      vertex 5 203.2 0
    endloop
  endfacet
  facet normal 0 0 -1
    outer loop
      vertex 5 203.2 0
      vertex 11.2368 194.215 0
      vertex 11.1314 194.331 0
    endloop
  endfacet
  facet normal 0 0 -1
    outer loop
      vertex 5 203.2 0
      vertex 11.1314 194.331 0
      vertex 11.015 194.437 0
    endloop
  endfacet
  facet normal 0 0 -1
    outer loop
      vertex 5 203.2 0
      vertex 11.015 194.437 0
      vertex 10.8889 194.53 0
    endloop
  endfacet
  facet normal 0 0 -1
    outer loop
      vertex 5 203.2 0
      vertex 10.8889 194.53 0
      vertex 10.7542 194.611 0
    endloop
  endfacet
  facet normal 0 0 -1
    outer loop
      vertex 5 203.2 0
      vertex 10.7542 194.611 0
      vertex 10.6123 194.678 0
    endloop
  endfacet
  facet normal 0 0 -1
    outer loop
      vertex 5 203.2 0
      vertex 10.6123 194.678 0
      vertex 10.4645 194.731 0
    endloop
  endfacet
  facet normal 0 0 -1
    outer loop
      vertex 5 203.2 0
      vertex 10.4645 194.731 0
      vertex 10.3121 194.769 0
    endloop
  endfacet
  facet normal 0 0 -1
    outer loop
      vertex 5 203.2 0
      vertex 10.3121 194.769 0
      vertex 10.1568 194.792 0
    endloop
  endfacet
  facet normal 0 0 -1
    outer loop
      vertex 5 203.2 0
      vertex 10.1568 194.792 0
      vertex 10 194.8 0
    endloop
  endfacet
  facet normal 0 0 -1
    outer loop
      vertex 19.75 186.45 0
      vertex 5 203.2 0
      vertex 198.2 203.2 0
    endloop
  endfacet
  facet normal 0 0 -1
    outer loop
      vertex 9.84317 194.792 0
      vertex 5 203.2 0
      vertex 10 194.8 0
    endloop
  endfacet
  facet normal 0 0 -1
    outer loop
      vertex 9.68785 194.769 0
      vertex 5 203.2 0
      vertex 9.84317 194.792 0
    endloop
  endfacet
  facet normal 0 0 -1
    outer loop
      vertex 9.53554 194.731 0
      vertex 5 203.2 0
      vertex 9.68785 194.769 0
    endloop
  endfacet
  facet normal 0 0 -1
    outer loop
      vertex 9.38771 194.678 0
      vertex 5 203.2 0
      vertex 9.53554 194.731 0
    endloop
  endfacet
  facet normal 0 0 -1
    outer loop
      vertex 9.24576 194.611 0
      vertex 5 203.2 0
      vertex 9.38771 194.678 0
    endloop
  endfacet
  facet normal 0 0 -1
    outer loop
      vertex 9.11109 194.53 0
      vertex 5 203.2 0
      vertex 9.24576 194.611 0
    endloop
  endfacet
  facet normal 0 0 -1
    outer loop
      vertex 8.98497 194.437 0
      vertex 5 203.2 0
      vertex 9.11109 194.53 0
    endloop
  endfacet
  facet normal 0 0 -1
    outer loop
      vertex 8.86863 194.331 0
      vertex 5 203.2 0
      vertex 8.98497 194.437 0
    endloop
  endfacet
  facet normal 0 0 -1
    outer loop
      vertex 0 198.2 0
      vertex 8.86863 194.331 0
      vertex 8.76318 194.215 0
    endloop
  endfacet
  facet normal 0 0 -1
    outer loop
      vertex 0 198.2 0
      vertex 8.76318 194.215 0
      vertex 8.66965 194.089 0
    endloop
  endfacet
  facet normal 0 0 -1
    outer loop
      vertex 0 198.2 0
      vertex 8.66965 194.089 0
      vertex 8.58893 193.954 0
    endloop
  endfacet
  facet normal 0 0 -1
    outer loop
      vertex 0 198.2 0
      vertex 8.58893 193.954 0
      vertex 8.52179 193.812 0
    endloop
  endfacet
  facet normal 0 0 -1
    outer loop
      vertex 0 198.2 0
      vertex 8.52179 193.812 0
      vertex 8.46889 193.664 0
    endloop
  endfacet
  facet normal 0 0 -1
    outer loop
      vertex 0 198.2 0
      vertex 8.46889 193.664 0
      vertex 8.43074 193.512 0
    endloop
  endfacet
  facet normal 0 0 -1
    outer loop
      vertex 0 198.2 0
      vertex 8.43074 193.512 0
      vertex 8.4077 193.357 0
    endloop
  endfacet
  facet normal 0 0 -1
    outer loop
      vertex 0 198.2 0
      vertex 8.4077 193.357 0
      vertex 8.4 193.2 0
    endloop
  endfacet
  facet normal 0 0 -1
    outer loop
      vertex 8.43074 192.888 0
      vertex 0 198.2 0
      vertex 8.4077 193.043 0
    endloop
  endfacet
  facet normal 0 0 -1
    outer loop
      vertex 0 5 0
      vertex 5 0 0
      vertex 4.5099 0.0240631 0
    endloop
  endfacet
  facet normal 0 0 -1
    outer loop
      vertex 8.4077 193.043 0
      vertex 0 198.2 0
      vertex 8.4 193.2 0
    endloop
  endfacet
  facet normal 0 0 -1
    outer loop
      vertex 0 5 0
      vertex 4.5099 0.0240631 0
      vertex 4.02454 0.0960693 0
    endloop
  endfacet
  facet normal 0 0 -1
    outer loop
      vertex 8.86863 194.331 0
      vertex 0 198.2 0
      vertex 5 203.2 0
    endloop
  endfacet
  facet normal 0 0 -1
    outer loop
      vertex 0 5 0
      vertex 4.02454 0.0960693 0
      vertex 3.54857 0.215286 0
    endloop
  endfacet
  facet normal 0 0 -1
    outer loop
      vertex 5 203.2 0
      vertex 0 198.2 0
      vertex 4.5099 203.176 0
    endloop
  endfacet
  facet normal 0 0 -1
    outer loop
      vertex 0 5 0
      vertex 3.54857 0.215286 0
      vertex 3.08658 0.3806 0
    endloop
  endfacet
  facet normal 0 0 -1
    outer loop
      vertex 4.5099 203.176 0
      vertex 0 198.2 0
      vertex 4.02454 203.104 0
    endloop
  endfacet
  facet normal 0 0 -1
    outer loop
      vertex 0 5 0
      vertex 3.08658 0.3806 0
      vertex 2.64301 0.590393 0
    endloop
  endfacet
  facet normal 0 0 -1
    outer loop
      vertex 4.02454 203.104 0
      vertex 0 198.2 0
      vertex 3.54857 202.985 0
    endloop
  endfacet
  facet normal 0 0 -1
    outer loop
      vertex 0 5 0
      vertex 2.64301 0.590393 0
      vertex 2.22214 0.842651 0
    endloop
  endfacet
  facet normal 0 0 -1
    outer loop
      vertex 3.54857 202.985 0
      vertex 0 198.2 0
      vertex 3.08658 202.819 0
    endloop
  endfacet
  facet normal 0 0 -1
    outer loop
      vertex 0 5 0
      vertex 2.22214 0.842651 0
      vertex 1.82803 1.13493 0
    endloop
  endfacet
  facet normal 0 0 -1
    outer loop
      vertex 3.08658 202.819 0
      vertex 0 198.2 0
      vertex 2.64301 202.61 0
    endloop
  endfacet
  facet normal 0 0 -1
    outer loop
      vertex 0 5 0
      vertex 1.82803 1.13493 0
      vertex 1.46446 1.46446 0
    endloop
  endfacet
  facet normal 0 0 -1
    outer loop
      vertex 2.64301 202.61 0
      vertex 0 198.2 0
      vertex 2.22214 202.357 0
    endloop
  endfacet
  facet normal 0 0 -1
    outer loop
      vertex 0 5 0
      vertex 1.46446 1.46446 0
      vertex 1.13493 1.82803 0
    endloop
  endfacet
  facet normal 0 0 -1
    outer loop
      vertex 2.22214 202.357 0
      vertex 0 198.2 0
      vertex 1.82803 202.065 0
    endloop
  endfacet
  facet normal 0 0 -1
    outer loop
      vertex 0 5 0
      vertex 1.13493 1.82803 0
      vertex 0.842651 2.22214 0
    endloop
  endfacet
  facet normal 0 0 -1
    outer loop
      vertex 1.82803 202.065 0
      vertex 0 198.2 0
      vertex 1.46446 201.736 0
    endloop
  endfacet
  facet normal 0 0 -1
    outer loop
      vertex 0 5 0
      vertex 0.842651 2.22214 0
      vertex 0.590393 2.64301 0
    endloop
  endfacet
  facet normal 0 0 -1
    outer loop
      vertex 1.46446 201.736 0
      vertex 0 198.2 0
      vertex 1.13493 201.372 0
    endloop
  endfacet
  facet normal 0 0 -1
    outer loop
      vertex 0 5 0
      vertex 0.590393 2.64301 0
      vertex 0.3806 3.08658 0
    endloop
  endfacet
  facet normal 0 0 -1
    outer loop
      vertex 1.13493 201.372 0
      vertex 0 198.2 0
      vertex 0.842651 200.978 0
    endloop
  endfacet
  facet normal 0 0 -1
    outer loop
      vertex 0 5 0
      vertex 0.3806 3.08658 0
      vertex 0.215286 3.54857 0
    endloop
  endfacet
  facet normal 0 0 -1
    outer loop
      vertex 0.842651 200.978 0
      vertex 0 198.2 0
      vertex 0.590393 200.557 0
    endloop
  endfacet
  facet normal 0 0 -1
    outer loop
      vertex 0 5 0
      vertex 0.215286 3.54857 0
      vertex 0.0960693 4.02454 0
    endloop
  endfacet
  facet normal 0 0 -1
    outer loop
      vertex 0.590393 200.557 0
      vertex 0 198.2 0
      vertex 0.3806 200.113 0
    endloop
  endfacet
  facet normal 0 0 -1
    outer loop
      vertex 0 5 0
      vertex 0.0960693 4.02454 0
      vertex 0.0240631 4.5099 0
    endloop
  endfacet
  facet normal 0 0 -1
    outer loop
      vertex 0.3806 200.113 0
      vertex 0 198.2 0
      vertex 0.215286 199.651 0
    endloop
  endfacet
  facet normal 0 0 -1
    outer loop
      vertex 0.215286 199.651 0
      vertex 0 198.2 0
      vertex 0.0960693 199.175 0
    endloop
  endfacet
  facet normal 0 0 -1
    outer loop
      vertex 0.0960693 199.175 0
      vertex 0 198.2 0
      vertex 0.0240631 198.69 0
    endloop
  endfacet
  facet normal 0 0 1
    outer loop
      vertex 203.2 5 3.2
      vertex 194.792 10.1568 3.2
      vertex 194.8 10 3.2
    endloop
  endfacet
  facet normal 0 0 1
    outer loop
      vertex 203.2 5 3.2
      vertex 194.769 10.3121 3.2
      vertex 194.792 10.1568 3.2
    endloop
  endfacet
  facet normal -0 -0 1
    outer loop
      vertex 194.731 10.4645 3.2
      vertex 203.2 5 3.2
      vertex 194.68 14.2535 3.2
    endloop
  endfacet
  facet normal 0 0 1
    outer loop
      vertex 203.2 5 3.2
      vertex 194.731 10.4645 3.2
      vertex 194.769 10.3121 3.2
    endloop
  endfacet
  facet normal 0 0 1
    outer loop
      vertex 194.68 14.2535 3.2
      vertex 194.678 10.6123 3.2
      vertex 194.731 10.4645 3.2
    endloop
  endfacet
  facet normal -0 0 1
    outer loop
      vertex 194.395 13.4589 3.2
      vertex 194.678 10.6123 3.2
      vertex 194.68 14.2535 3.2
    endloop
  endfacet
  facet normal 0 0 1
    outer loop
      vertex 194.678 10.6123 3.2
      vertex 194.395 13.4589 3.2
      vertex 194.611 10.7542 3.2
    endloop
  endfacet
  facet normal 0 0 1
    outer loop
      vertex 194.611 10.7542 3.2
      vertex 194.395 13.4589 3.2
      vertex 194.53 10.8889 3.2
    endloop
  endfacet
  facet normal 0 0 1
    outer loop
      vertex 194.53 10.8889 3.2
      vertex 194.395 13.4589 3.2
      vertex 194.437 11.015 3.2
    endloop
  endfacet
  facet normal -0 0 1
    outer loop
      vertex 194.035 12.696 3.2
      vertex 194.437 11.015 3.2
      vertex 194.395 13.4589 3.2
    endloop
  endfacet
  facet normal 0 0 1
    outer loop
      vertex 194.437 11.015 3.2
      vertex 194.035 12.696 3.2
      vertex 194.331 11.1314 3.2
    endloop
  endfacet
  facet normal 0 0 1
    outer loop
      vertex 194.331 11.1314 3.2
      vertex 194.035 12.696 3.2
      vertex 194.215 11.2368 3.2
    endloop
  endfacet
  facet normal 0 0 1
    outer loop
      vertex 194.215 11.2368 3.2
      vertex 194.035 12.696 3.2
      vertex 194.089 11.3304 3.2
    endloop
  endfacet
  facet normal 0 0 1
    outer loop
      vertex 194.035 12.696 3.2
      vertex 193.954 11.4111 3.2
      vertex 194.089 11.3304 3.2
    endloop
  endfacet
  facet normal -0 0 1
    outer loop
      vertex 193.601 11.9721 3.2
      vertex 193.954 11.4111 3.2
      vertex 194.035 12.696 3.2
    endloop
  endfacet
  facet normal 0 0 1
    outer loop
      vertex 193.954 11.4111 3.2
      vertex 193.601 11.9721 3.2
      vertex 193.812 11.4782 3.2
    endloop
  endfacet
  facet normal 0 0 1
    outer loop
      vertex 193.812 11.4782 3.2
      vertex 193.601 11.9721 3.2
      vertex 193.664 11.5311 3.2
    endloop
  endfacet
  facet normal 0 0 1
    outer loop
      vertex 193.601 11.9721 3.2
      vertex 193.512 11.5693 3.2
      vertex 193.664 11.5311 3.2
    endloop
  endfacet
  facet normal 0 0 1
    outer loop
      vertex 193.601 11.9721 3.2
      vertex 193.357 11.5923 3.2
      vertex 193.512 11.5693 3.2
    endloop
  endfacet
  facet normal 0 -0 1
    outer loop
      vertex 193.357 11.5923 3.2
      vertex 193.601 11.9721 3.2
      vertex 193.32 11.5941 3.2
    endloop
  endfacet
  facet normal -0 0 1
    outer loop
      vertex 195.05 16.75 3.2
      vertex 203.2 5 3.2
      vertex 203.2 97.6 3.2
    endloop
  endfacet
  facet normal -0 0 1
    outer loop
      vertex 195.009 15.907 3.2
      vertex 203.2 5 3.2
      vertex 195.05 16.75 3.2
    endloop
  endfacet
  facet normal -0 0 1
    outer loop
      vertex 194.885 15.0722 3.2
      vertex 203.2 5 3.2
      vertex 195.009 15.907 3.2
    endloop
  endfacet
  facet normal -0 0 1
    outer loop
      vertex 194.68 14.2535 3.2
      vertex 203.2 5 3.2
      vertex 194.885 15.0722 3.2
    endloop
  endfacet
  facet normal -0 0 1
    outer loop
      vertex 194.792 9.84317 3.2
      vertex 203.2 5 3.2
      vertex 194.8 10 3.2
    endloop
  endfacet
  facet normal -0 0 1
    outer loop
      vertex 194.769 9.68785 3.2
      vertex 203.2 5 3.2
      vertex 194.792 9.84317 3.2
    endloop
  endfacet
  facet normal -0 0 1
    outer loop
      vertex 194.731 9.53554 3.2
      vertex 203.2 5 3.2
      vertex 194.769 9.68785 3.2
    endloop
  endfacet
  facet normal -0 0 1
    outer loop
      vertex 194.678 9.38771 3.2
      vertex 203.2 5 3.2
      vertex 194.731 9.53554 3.2
    endloop
  endfacet
  facet normal -0 0 1
    outer loop
      vertex 194.611 9.24576 3.2
      vertex 203.2 5 3.2
      vertex 194.678 9.38771 3.2
    endloop
  endfacet
  facet normal -0 0 1
    outer loop
      vertex 194.53 9.11109 3.2
      vertex 203.2 5 3.2
      vertex 194.611 9.24576 3.2
    endloop
  endfacet
  facet normal -0 0 1
    outer loop
      vertex 194.437 8.98497 3.2
      vertex 203.2 5 3.2
      vertex 194.53 9.11109 3.2
    endloop
  endfacet
  facet normal -0 0 1
    outer loop
      vertex 194.331 8.86863 3.2
      vertex 203.2 5 3.2
      vertex 194.437 8.98497 3.2
    endloop
  endfacet
  facet normal 0 0 1
    outer loop
      vertex 203.2 5 3.2
      vertex 194.331 8.86863 3.2
      vertex 203.176 4.5099 3.2
    endloop
  endfacet
  facet normal 0 0 1
    outer loop
      vertex 203.176 4.5099 3.2
      vertex 194.331 8.86863 3.2
      vertex 203.104 4.02454 3.2
    endloop
  endfacet
  facet normal 0 0 1
    outer loop
      vertex 203.104 4.02454 3.2
      vertex 194.331 8.86863 3.2
      vertex 202.985 3.54857 3.2
    endloop
  endfacet
  facet normal 0 0 1
    outer loop
      vertex 202.985 3.54857 3.2
      vertex 194.331 8.86863 3.2
      vertex 202.819 3.08658 3.2
    endloop
  endfacet
  facet normal 0 0 1
    outer loop
      vertex 195.05 16.75 3.2
      vertex 203.2 97.6 3.2
      vertex 195.05 97.6 3.2
    endloop
  endfacet
  facet normal 0 0 1
    outer loop
      vertex 202.819 3.08658 3.2
      vertex 194.331 8.86863 3.2
      vertex 202.61 2.64301 3.2
    endloop
  endfacet
  facet normal 0 0 1
    outer loop
      vertex 202.61 2.64301 3.2
      vertex 194.331 8.86863 3.2
      vertex 202.357 2.22214 3.2
    endloop
  endfacet
  facet normal 0 0 1
    outer loop
      vertex 202.357 2.22214 3.2
      vertex 194.331 8.86863 3.2
      vertex 202.065 1.82803 3.2
    endloop
  endfacet
  facet normal 0 0 1
    outer loop
      vertex 202.065 1.82803 3.2
      vertex 194.331 8.86863 3.2
      vertex 201.736 1.46446 3.2
    endloop
  endfacet
  facet normal 0 0 1
    outer loop
      vertex 201.736 1.46446 3.2
      vertex 194.331 8.86863 3.2
      vertex 201.372 1.13493 3.2
    endloop
  endfacet
  facet normal 0 0 1
    outer loop
      vertex 201.372 1.13493 3.2
      vertex 194.331 8.86863 3.2
      vertex 200.978 0.842651 3.2
    endloop
  endfacet
  facet normal 0 0 1
    outer loop
      vertex 200.978 0.842651 3.2
      vertex 194.331 8.86863 3.2
      vertex 200.557 0.590393 3.2
    endloop
  endfacet
  facet normal 0 0 1
    outer loop
      vertex 200.557 0.590393 3.2
      vertex 194.331 8.86863 3.2
      vertex 200.113 0.3806 3.2
    endloop
  endfacet
  facet normal 0 0 1
    outer loop
      vertex 200.113 0.3806 3.2
      vertex 194.331 8.86863 3.2
      vertex 199.651 0.215286 3.2
    endloop
  endfacet
  facet normal 0 0 1
    outer loop
      vertex 199.651 0.215286 3.2
      vertex 194.331 8.86863 3.2
      vertex 199.175 0.0960693 3.2
    endloop
  endfacet
  facet normal 0 0 1
    outer loop
      vertex 199.175 0.0960693 3.2
      vertex 194.331 8.86863 3.2
      vertex 198.69 0.0240631 3.2
    endloop
  endfacet
  facet normal 0 0 1
    outer loop
      vertex 198.69 0.0240631 3.2
      vertex 194.331 8.86863 3.2
      vertex 198.2 0 3.2
    endloop
  endfacet
  facet normal -0 0 1
    outer loop
      vertex 194.215 8.76318 3.2
      vertex 198.2 0 3.2
      vertex 194.331 8.86863 3.2
    endloop
  endfacet
  facet normal -0 0 1
    outer loop
      vertex 194.089 8.66965 3.2
      vertex 198.2 0 3.2
      vertex 194.215 8.76318 3.2
    endloop
  endfacet
  facet normal -0 0 1
    outer loop
      vertex 193.954 8.58893 3.2
      vertex 198.2 0 3.2
      vertex 194.089 8.66965 3.2
    endloop
  endfacet
  facet normal -0 0 1
    outer loop
      vertex 193.812 8.52179 3.2
      vertex 198.2 0 3.2
      vertex 193.954 8.58893 3.2
    endloop
  endfacet
  facet normal -0 0 1
    outer loop
      vertex 193.664 8.46889 3.2
      vertex 198.2 0 3.2
      vertex 193.812 8.52179 3.2
    endloop
  endfacet
  facet normal -0 0 1
    outer loop
      vertex 193.512 8.43074 3.2
      vertex 198.2 0 3.2
      vertex 193.664 8.46889 3.2
    endloop
  endfacet
  facet normal -0 0 1
    outer loop
      vertex 193.357 8.4077 3.2
      vertex 198.2 0 3.2
      vertex 193.512 8.43074 3.2
    endloop
  endfacet
  facet normal -0 0 1
    outer loop
      vertex 193.2 8.4 3.2
      vertex 198.2 0 3.2
      vertex 193.357 8.4077 3.2
    endloop
  endfacet
  facet normal 0 0 1
    outer loop
      vertex 193.043 8.4077 3.2
      vertex 198.2 0 3.2
      vertex 193.2 8.4 3.2
    endloop
  endfacet
  facet normal 0 0 1
    outer loop
      vertex 192.888 8.43074 3.2
      vertex 198.2 0 3.2
      vertex 193.043 8.4077 3.2
    endloop
  endfacet
  facet normal 0 0 1
    outer loop
      vertex 192.736 8.46889 3.2
      vertex 198.2 0 3.2
      vertex 192.888 8.43074 3.2
    endloop
  endfacet
  facet normal -0 0 1
    outer loop
      vertex 188.946 8.5203 3.2
      vertex 192.736 8.46889 3.2
      vertex 192.588 8.52179 3.2
    endloop
  endfacet
  facet normal 0 0 1
    outer loop
      vertex 189.741 8.80463 3.2
      vertex 192.588 8.52179 3.2
      vertex 192.446 8.58893 3.2
    endloop
  endfacet
  facet normal 0 0 1
    outer loop
      vertex 189.741 8.80463 3.2
      vertex 192.446 8.58893 3.2
      vertex 192.311 8.66965 3.2
    endloop
  endfacet
  facet normal 0 0 1
    outer loop
      vertex 189.741 8.80463 3.2
      vertex 192.311 8.66965 3.2
      vertex 192.185 8.76318 3.2
    endloop
  endfacet
  facet normal 0 0 1
    outer loop
      vertex 190.504 9.16547 3.2
      vertex 192.185 8.76318 3.2
      vertex 192.069 8.86863 3.2
    endloop
  endfacet
  facet normal 0 0 1
    outer loop
      vertex 190.504 9.16547 3.2
      vertex 192.069 8.86863 3.2
      vertex 191.963 8.98497 3.2
    endloop
  endfacet
  facet normal 0 0 1
    outer loop
      vertex 190.504 9.16547 3.2
      vertex 191.963 8.98497 3.2
      vertex 191.87 9.11109 3.2
    endloop
  endfacet
  facet normal 0 0 1
    outer loop
      vertex 191.228 9.59936 3.2
      vertex 191.608 9.84317 3.2
      vertex 191.606 9.87971 3.2
    endloop
  endfacet
  facet normal 0 0 1
    outer loop
      vertex 191.228 9.59936 3.2
      vertex 191.631 9.68785 3.2
      vertex 191.608 9.84317 3.2
    endloop
  endfacet
  facet normal -0 0 1
    outer loop
      vertex 191.228 9.59936 3.2
      vertex 191.669 9.53554 3.2
      vertex 191.631 9.68785 3.2
    endloop
  endfacet
  facet normal 0 0 1
    outer loop
      vertex 191.228 9.59936 3.2
      vertex 191.722 9.38771 3.2
      vertex 191.669 9.53554 3.2
    endloop
  endfacet
  facet normal 0 0 1
    outer loop
      vertex 191.228 9.59936 3.2
      vertex 191.789 9.24576 3.2
      vertex 191.722 9.38771 3.2
    endloop
  endfacet
  facet normal 0 0 1
    outer loop
      vertex 190.504 9.16547 3.2
      vertex 191.789 9.24576 3.2
      vertex 191.228 9.59936 3.2
    endloop
  endfacet
  facet normal 0 0 1
    outer loop
      vertex 191.789 9.24576 3.2
      vertex 190.504 9.16547 3.2
      vertex 191.87 9.11109 3.2
    endloop
  endfacet
  facet normal 0 0 1
    outer loop
      vertex 192.185 8.76318 3.2
      vertex 190.504 9.16547 3.2
      vertex 189.741 8.80463 3.2
    endloop
  endfacet
  facet normal 0 0 1
    outer loop
      vertex 192.588 8.52179 3.2
      vertex 189.741 8.80463 3.2
      vertex 188.946 8.5203 3.2
    endloop
  endfacet
  facet normal 0 0 1
    outer loop
      vertex 192.736 8.46889 3.2
      vertex 188.946 8.5203 3.2
      vertex 198.2 0 3.2
    endloop
  endfacet
  facet normal -0 0 1
    outer loop
      vertex 188.128 8.31524 3.2
      vertex 198.2 0 3.2
      vertex 188.946 8.5203 3.2
    endloop
  endfacet
  facet normal -0 0 1
    outer loop
      vertex 187.293 8.1914 3.2
      vertex 198.2 0 3.2
      vertex 188.128 8.31524 3.2
    endloop
  endfacet
  facet normal -0 0 1
    outer loop
      vertex 186.45 8.15 3.2
      vertex 198.2 0 3.2
      vertex 187.293 8.1914 3.2
    endloop
  endfacet
  facet normal 0 0 1
    outer loop
      vertex 105.6 0 3.2
      vertex 186.45 8.15 3.2
      vertex 105.6 8.15 3.2
    endloop
  endfacet
  facet normal 0 0 1
    outer loop
      vertex 186.45 8.15 3.2
      vertex 105.6 0 3.2
      vertex 198.2 0 3.2
    endloop
  endfacet
  facet normal 0 0 1
    outer loop
      vertex 97.6 203.2 3.2
      vertex 16.75 195.05 3.2
      vertex 97.6 195.05 3.2
    endloop
  endfacet
  facet normal -0 0 1
    outer loop
      vertex 5 203.2 3.2
      vertex 16.75 195.05 3.2
      vertex 97.6 203.2 3.2
    endloop
  endfacet
  facet normal 0 0 1
    outer loop
      vertex 11.9721 193.601 3.2
      vertex 11.5923 193.357 3.2
      vertex 11.5941 193.32 3.2
    endloop
  endfacet
  facet normal 0 0 1
    outer loop
      vertex 11.9721 193.601 3.2
      vertex 11.5693 193.512 3.2
      vertex 11.5923 193.357 3.2
    endloop
  endfacet
  facet normal -0 0 1
    outer loop
      vertex 11.4111 193.954 3.2
      vertex 11.9721 193.601 3.2
      vertex 12.696 194.035 3.2
    endloop
  endfacet
  facet normal 0 0 1
    outer loop
      vertex 11.015 194.437 3.2
      vertex 12.696 194.035 3.2
      vertex 13.4589 194.395 3.2
    endloop
  endfacet
  facet normal 0 0 1
    outer loop
      vertex 11.9721 193.601 3.2
      vertex 11.5311 193.664 3.2
      vertex 11.5693 193.512 3.2
    endloop
  endfacet
  facet normal 0 0 1
    outer loop
      vertex 11.9721 193.601 3.2
      vertex 11.4782 193.812 3.2
      vertex 11.5311 193.664 3.2
    endloop
  endfacet
  facet normal -0 0 1
    outer loop
      vertex 10.6123 194.678 3.2
      vertex 13.4589 194.395 3.2
      vertex 14.2535 194.68 3.2
    endloop
  endfacet
  facet normal 0 0 1
    outer loop
      vertex 11.9721 193.601 3.2
      vertex 11.4111 193.954 3.2
      vertex 11.4782 193.812 3.2
    endloop
  endfacet
  facet normal 0 0 1
    outer loop
      vertex 12.696 194.035 3.2
      vertex 11.3304 194.089 3.2
      vertex 11.4111 193.954 3.2
    endloop
  endfacet
  facet normal 0 0 1
    outer loop
      vertex 5 203.2 3.2
      vertex 14.2535 194.68 3.2
      vertex 15.0722 194.885 3.2
    endloop
  endfacet
  facet normal 0 0 1
    outer loop
      vertex 12.696 194.035 3.2
      vertex 11.2368 194.215 3.2
      vertex 11.3304 194.089 3.2
    endloop
  endfacet
  facet normal 0 0 1
    outer loop
      vertex 12.696 194.035 3.2
      vertex 11.1314 194.331 3.2
      vertex 11.2368 194.215 3.2
    endloop
  endfacet
  facet normal 0 0 1
    outer loop
      vertex 5 203.2 3.2
      vertex 15.0722 194.885 3.2
      vertex 15.907 195.009 3.2
    endloop
  endfacet
  facet normal 0 0 1
    outer loop
      vertex 12.696 194.035 3.2
      vertex 11.015 194.437 3.2
      vertex 11.1314 194.331 3.2
    endloop
  endfacet
  facet normal 0 0 1
    outer loop
      vertex 13.4589 194.395 3.2
      vertex 10.8889 194.53 3.2
      vertex 11.015 194.437 3.2
    endloop
  endfacet
  facet normal 0 0 1
    outer loop
      vertex 16.75 195.05 3.2
      vertex 5 203.2 3.2
      vertex 15.907 195.009 3.2
    endloop
  endfacet
  facet normal 0 0 1
    outer loop
      vertex 14.2535 194.68 3.2
      vertex 5 203.2 3.2
      vertex 10.4645 194.731 3.2
    endloop
  endfacet
  facet normal 0 0 1
    outer loop
      vertex 13.4589 194.395 3.2
      vertex 10.7542 194.611 3.2
      vertex 10.8889 194.53 3.2
    endloop
  endfacet
  facet normal 0 0 1
    outer loop
      vertex 13.4589 194.395 3.2
      vertex 10.6123 194.678 3.2
      vertex 10.7542 194.611 3.2
    endloop
  endfacet
  facet normal 0 0 1
    outer loop
      vertex 14.2535 194.68 3.2
      vertex 10.4645 194.731 3.2
      vertex 10.6123 194.678 3.2
    endloop
  endfacet
  facet normal 0 0 1
    outer loop
      vertex 10.4645 194.731 3.2
      vertex 5 203.2 3.2
      vertex 10.3121 194.769 3.2
    endloop
  endfacet
  facet normal 0 0 1
    outer loop
      vertex 10.3121 194.769 3.2
      vertex 5 203.2 3.2
      vertex 10.1568 194.792 3.2
    endloop
  endfacet
  facet normal 0 0 1
    outer loop
      vertex 10.1568 194.792 3.2
      vertex 5 203.2 3.2
      vertex 10 194.8 3.2
    endloop
  endfacet
  facet normal 0 0 1
    outer loop
      vertex 8.4077 193.043 3.2
      vertex 8.1914 187.293 3.2
      vertex 8.31524 188.128 3.2
    endloop
  endfacet
  facet normal 0 0 1
    outer loop
      vertex 8.4077 193.043 3.2
      vertex 0 198.2 3.2
      vertex 8.1914 187.293 3.2
    endloop
  endfacet
  facet normal 0 0 1
    outer loop
      vertex 10 194.8 3.2
      vertex 5 203.2 3.2
      vertex 9.84317 194.792 3.2
    endloop
  endfacet
  facet normal 0 0 1
    outer loop
      vertex 5 203.2 3.2
      vertex 9.68785 194.769 3.2
      vertex 9.84317 194.792 3.2
    endloop
  endfacet
  facet normal 0 0 1
    outer loop
      vertex 5 203.2 3.2
      vertex 9.53554 194.731 3.2
      vertex 9.68785 194.769 3.2
    endloop
  endfacet
  facet normal 0 0 1
    outer loop
      vertex 5 203.2 3.2
      vertex 9.38771 194.678 3.2
      vertex 9.53554 194.731 3.2
    endloop
  endfacet
  facet normal 0 0 1
    outer loop
      vertex 5 203.2 3.2
      vertex 9.24576 194.611 3.2
      vertex 9.38771 194.678 3.2
    endloop
  endfacet
  facet normal 0 0 1
    outer loop
      vertex 5 203.2 3.2
      vertex 9.11109 194.53 3.2
      vertex 9.24576 194.611 3.2
    endloop
  endfacet
  facet normal 0 0 1
    outer loop
      vertex 5 203.2 3.2
      vertex 8.98497 194.437 3.2
      vertex 9.11109 194.53 3.2
    endloop
  endfacet
  facet normal 0 0 1
    outer loop
      vertex 5 203.2 3.2
      vertex 8.86863 194.331 3.2
      vertex 8.98497 194.437 3.2
    endloop
  endfacet
  facet normal -0 0 1
    outer loop
      vertex 0 198.2 3.2
      vertex 8.86863 194.331 3.2
      vertex 5 203.2 3.2
    endloop
  endfacet
  facet normal 0 0 1
    outer loop
      vertex 8.86863 194.331 3.2
      vertex 0 198.2 3.2
      vertex 8.76318 194.215 3.2
    endloop
  endfacet
  facet normal 0 0 1
    outer loop
      vertex 8.76318 194.215 3.2
      vertex 0 198.2 3.2
      vertex 8.66965 194.089 3.2
    endloop
  endfacet
  facet normal 0 0 1
    outer loop
      vertex 8.66965 194.089 3.2
      vertex 0 198.2 3.2
      vertex 8.58893 193.954 3.2
    endloop
  endfacet
  facet normal 0 0 1
    outer loop
      vertex 8.58893 193.954 3.2
      vertex 0 198.2 3.2
      vertex 8.52179 193.812 3.2
    endloop
  endfacet
  facet normal 0 0 1
    outer loop
      vertex 8.52179 193.812 3.2
      vertex 0 198.2 3.2
      vertex 8.46889 193.664 3.2
    endloop
  endfacet
  facet normal 0 0 1
    outer loop
      vertex 8.46889 193.664 3.2
      vertex 0 198.2 3.2
      vertex 8.43074 193.512 3.2
    endloop
  endfacet
  facet normal 0 0 1
    outer loop
      vertex 8.43074 193.512 3.2
      vertex 0 198.2 3.2
      vertex 8.4077 193.357 3.2
    endloop
  endfacet
  facet normal 0 0 1
    outer loop
      vertex 8.4077 193.357 3.2
      vertex 0 198.2 3.2
      vertex 8.4 193.2 3.2
    endloop
  endfacet
  facet normal 0 0 1
    outer loop
      vertex 8.1914 187.293 3.2
      vertex 0 198.2 3.2
      vertex 8.15 186.45 3.2
    endloop
  endfacet
  facet normal 0 0 1
    outer loop
      vertex 0 198.2 3.2
      vertex 5 203.2 3.2
      vertex 4.5099 203.176 3.2
    endloop
  endfacet
  facet normal 0 0 1
    outer loop
      vertex 0 198.2 3.2
      vertex 4.5099 203.176 3.2
      vertex 4.02454 203.104 3.2
    endloop
  endfacet
  facet normal 0 0 1
    outer loop
      vertex 0 198.2 3.2
      vertex 4.02454 203.104 3.2
      vertex 3.54857 202.985 3.2
    endloop
  endfacet
  facet normal 0 0 1
    outer loop
      vertex 0 198.2 3.2
      vertex 3.54857 202.985 3.2
      vertex 3.08658 202.819 3.2
    endloop
  endfacet
  facet normal 0 0 1
    outer loop
      vertex 0 198.2 3.2
      vertex 3.08658 202.819 3.2
      vertex 2.64301 202.61 3.2
    endloop
  endfacet
  facet normal 0 0 1
    outer loop
      vertex 0 198.2 3.2
      vertex 2.64301 202.61 3.2
      vertex 2.22214 202.357 3.2
    endloop
  endfacet
  facet normal 0 0 1
    outer loop
      vertex 0 198.2 3.2
      vertex 2.22214 202.357 3.2
      vertex 1.82803 202.065 3.2
    endloop
  endfacet
  facet normal 0 0 1
    outer loop
      vertex 0 198.2 3.2
      vertex 1.82803 202.065 3.2
      vertex 1.46446 201.736 3.2
    endloop
  endfacet
  facet normal 0 0 1
    outer loop
      vertex 0 198.2 3.2
      vertex 1.46446 201.736 3.2
      vertex 1.13493 201.372 3.2
    endloop
  endfacet
  facet normal 0 0 1
    outer loop
      vertex 0 198.2 3.2
      vertex 1.13493 201.372 3.2
      vertex 0.842651 200.978 3.2
    endloop
  endfacet
  facet normal 0 0 1
    outer loop
      vertex 0 198.2 3.2
      vertex 0.842651 200.978 3.2
      vertex 0.590393 200.557 3.2
    endloop
  endfacet
  facet normal 0 0 1
    outer loop
      vertex 0 198.2 3.2
      vertex 0.590393 200.557 3.2
      vertex 0.3806 200.113 3.2
    endloop
  endfacet
  facet normal 0 0 1
    outer loop
      vertex 0 198.2 3.2
      vertex 0.3806 200.113 3.2
      vertex 0.215286 199.651 3.2
    endloop
  endfacet
  facet normal 0 0 1
    outer loop
      vertex 0 198.2 3.2
      vertex 0.215286 199.651 3.2
      vertex 0.0960693 199.175 3.2
    endloop
  endfacet
  facet normal 0 0 1
    outer loop
      vertex 0 198.2 3.2
      vertex 0.0960693 199.175 3.2
      vertex 0.0240631 198.69 3.2
    endloop
  endfacet
  facet normal 0 0 1
    outer loop
      vertex 0 105.6 3.2
      vertex 8.15 186.45 3.2
      vertex 0 198.2 3.2
    endloop
  endfacet
  facet normal 0 0 1
    outer loop
      vertex 8.15 186.45 3.2
      vertex 0 105.6 3.2
      vertex 8.15 105.6 3.2
    endloop
  endfacet
  facet normal 0 0 1
    outer loop
      vertex 9.84317 191.608 3.2
      vertex 9.59936 191.228 3.2
      vertex 9.87971 191.606 3.2
    endloop
  endfacet
  facet normal 0 0 1
    outer loop
      vertex 9.68785 191.631 3.2
      vertex 9.59936 191.228 3.2
      vertex 9.84317 191.608 3.2
    endloop
  endfacet
  facet normal 0 0 1
    outer loop
      vertex 9.53554 191.669 3.2
      vertex 9.59936 191.228 3.2
      vertex 9.68785 191.631 3.2
    endloop
  endfacet
  facet normal 0 0 1
    outer loop
      vertex 9.38771 191.722 3.2
      vertex 9.59936 191.228 3.2
      vertex 9.53554 191.669 3.2
    endloop
  endfacet
  facet normal 0 0 1
    outer loop
      vertex 9.24576 191.789 3.2
      vertex 9.59936 191.228 3.2
      vertex 9.38771 191.722 3.2
    endloop
  endfacet
  facet normal 0 0 1
    outer loop
      vertex 9.24576 191.789 3.2
      vertex 9.16547 190.504 3.2
      vertex 9.59936 191.228 3.2
    endloop
  endfacet
  facet normal 0 0 1
    outer loop
      vertex 9.11109 191.87 3.2
      vertex 9.16547 190.504 3.2
      vertex 9.24576 191.789 3.2
    endloop
  endfacet
  facet normal 0 0 1
    outer loop
      vertex 8.98497 191.963 3.2
      vertex 9.16547 190.504 3.2
      vertex 9.11109 191.87 3.2
    endloop
  endfacet
  facet normal 0 0 1
    outer loop
      vertex 8.86863 192.069 3.2
      vertex 9.16547 190.504 3.2
      vertex 8.98497 191.963 3.2
    endloop
  endfacet
  facet normal 0 0 1
    outer loop
      vertex 8.76318 192.185 3.2
      vertex 9.16547 190.504 3.2
      vertex 8.86863 192.069 3.2
    endloop
  endfacet
  facet normal 0 0 1
    outer loop
      vertex 9.16547 190.504 3.2
      vertex 8.76318 192.185 3.2
      vertex 8.80463 189.741 3.2
    endloop
  endfacet
  facet normal 0 0 1
    outer loop
      vertex 8.66965 192.311 3.2
      vertex 8.80463 189.741 3.2
      vertex 8.76318 192.185 3.2
    endloop
  endfacet
  facet normal 0 0 1
    outer loop
      vertex 8.58893 192.446 3.2
      vertex 8.80463 189.741 3.2
      vertex 8.66965 192.311 3.2
    endloop
  endfacet
  facet normal 0 0 1
    outer loop
      vertex 8.52179 192.588 3.2
      vertex 8.80463 189.741 3.2
      vertex 8.58893 192.446 3.2
    endloop
  endfacet
  facet normal 0 0 1
    outer loop
      vertex 8.52179 192.588 3.2
      vertex 8.5203 188.946 3.2
      vertex 8.80463 189.741 3.2
    endloop
  endfacet
  facet normal 0 0 1
    outer loop
      vertex 8.46889 192.736 3.2
      vertex 8.5203 188.946 3.2
      vertex 8.52179 192.588 3.2
    endloop
  endfacet
  facet normal 0 0 1
    outer loop
      vertex 8.43074 192.888 3.2
      vertex 8.5203 188.946 3.2
      vertex 8.46889 192.736 3.2
    endloop
  endfacet
  facet normal 0 0 1
    outer loop
      vertex 8.31524 188.128 3.2
      vertex 8.43074 192.888 3.2
      vertex 8.4077 193.043 3.2
    endloop
  endfacet
  facet normal 0 0 1
    outer loop
      vertex 0 198.2 3.2
      vertex 8.4077 193.043 3.2
      vertex 8.4 193.2 3.2
    endloop
  endfacet
  facet normal 0 0 1
    outer loop
      vertex 8.43074 192.888 3.2
      vertex 8.31524 188.128 3.2
      vertex 8.5203 188.946 3.2
    endloop
  endfacet
  facet normal 0 0 1
    outer loop
      vertex 203.2 198.2 3.2
      vertex 195.009 187.293 3.2
      vertex 195.05 186.45 3.2
    endloop
  endfacet
  facet normal 0 0 1
    outer loop
      vertex 203.2 198.2 3.2
      vertex 194.885 188.128 3.2
      vertex 195.009 187.293 3.2
    endloop
  endfacet
  facet normal 0 0 1
    outer loop
      vertex 203.2 198.2 3.2
      vertex 194.8 193.2 3.2
      vertex 194.792 193.043 3.2
    endloop
  endfacet
  facet normal 0 0 1
    outer loop
      vertex 203.2 198.2 3.2
      vertex 194.792 193.357 3.2
      vertex 194.8 193.2 3.2
    endloop
  endfacet
  facet normal 0 0 1
    outer loop
      vertex 203.2 198.2 3.2
      vertex 194.769 193.512 3.2
      vertex 194.792 193.357 3.2
    endloop
  endfacet
  facet normal 0 0 1
    outer loop
      vertex 203.2 198.2 3.2
      vertex 194.731 193.664 3.2
      vertex 194.769 193.512 3.2
    endloop
  endfacet
  facet normal 0 0 1
    outer loop
      vertex 203.2 198.2 3.2
      vertex 194.678 193.812 3.2
      vertex 194.731 193.664 3.2
    endloop
  endfacet
  facet normal 0 0 1
    outer loop
      vertex 203.2 198.2 3.2
      vertex 194.611 193.954 3.2
      vertex 194.678 193.812 3.2
    endloop
  endfacet
  facet normal 0 0 1
    outer loop
      vertex 203.2 198.2 3.2
      vertex 194.53 194.089 3.2
      vertex 194.611 193.954 3.2
    endloop
  endfacet
  facet normal 0 0 1
    outer loop
      vertex 203.2 198.2 3.2
      vertex 194.437 194.215 3.2
      vertex 194.53 194.089 3.2
    endloop
  endfacet
  facet normal 0 0 1
    outer loop
      vertex 203.2 198.2 3.2
      vertex 194.331 194.331 3.2
      vertex 194.437 194.215 3.2
    endloop
  endfacet
  facet normal 0 0 1
    outer loop
      vertex 198.2 203.2 3.2
      vertex 194.215 194.437 3.2
      vertex 194.331 194.331 3.2
    endloop
  endfacet
  facet normal 0 0 1
    outer loop
      vertex 198.2 203.2 3.2
      vertex 194.089 194.53 3.2
      vertex 194.215 194.437 3.2
    endloop
  endfacet
  facet normal 0 0 1
    outer loop
      vertex 198.2 203.2 3.2
      vertex 193.954 194.611 3.2
      vertex 194.089 194.53 3.2
    endloop
  endfacet
  facet normal 0 0 1
    outer loop
      vertex 198.2 203.2 3.2
      vertex 193.812 194.678 3.2
      vertex 193.954 194.611 3.2
    endloop
  endfacet
  facet normal 0 0 1
    outer loop
      vertex 198.2 203.2 3.2
      vertex 193.664 194.731 3.2
      vertex 193.812 194.678 3.2
    endloop
  endfacet
  facet normal 0 0 1
    outer loop
      vertex 198.2 203.2 3.2
      vertex 193.512 194.769 3.2
      vertex 193.664 194.731 3.2
    endloop
  endfacet
  facet normal 0 0 1
    outer loop
      vertex 198.2 203.2 3.2
      vertex 193.357 194.792 3.2
      vertex 193.512 194.769 3.2
    endloop
  endfacet
  facet normal 0 0 1
    outer loop
      vertex 198.2 203.2 3.2
      vertex 193.2 194.8 3.2
      vertex 193.357 194.792 3.2
    endloop
  endfacet
  facet normal 0 0 1
    outer loop
      vertex 198.2 203.2 3.2
      vertex 193.043 194.792 3.2
      vertex 193.2 194.8 3.2
    endloop
  endfacet
  facet normal 0 0 1
    outer loop
      vertex 198.2 203.2 3.2
      vertex 192.888 194.769 3.2
      vertex 193.043 194.792 3.2
    endloop
  endfacet
  facet normal 0 0 1
    outer loop
      vertex 198.2 203.2 3.2
      vertex 192.736 194.731 3.2
      vertex 192.888 194.769 3.2
    endloop
  endfacet
  facet normal 0 0 1
    outer loop
      vertex 188.946 194.68 3.2
      vertex 192.736 194.731 3.2
      vertex 198.2 203.2 3.2
    endloop
  endfacet
  facet normal 0 0 1
    outer loop
      vertex 192.736 194.731 3.2
      vertex 188.946 194.68 3.2
      vertex 192.588 194.678 3.2
    endloop
  endfacet
  facet normal 0 -0 1
    outer loop
      vertex 189.741 194.395 3.2
      vertex 192.588 194.678 3.2
      vertex 188.946 194.68 3.2
    endloop
  endfacet
  facet normal 0 0 1
    outer loop
      vertex 192.588 194.678 3.2
      vertex 189.741 194.395 3.2
      vertex 192.446 194.611 3.2
    endloop
  endfacet
  facet normal 0 0 1
    outer loop
      vertex 192.446 194.611 3.2
      vertex 189.741 194.395 3.2
      vertex 192.311 194.53 3.2
    endloop
  endfacet
  facet normal 0 0 1
    outer loop
      vertex 192.311 194.53 3.2
      vertex 189.741 194.395 3.2
      vertex 192.185 194.437 3.2
    endloop
  endfacet
  facet normal 0 -0 1
    outer loop
      vertex 190.504 194.035 3.2
      vertex 192.185 194.437 3.2
      vertex 189.741 194.395 3.2
    endloop
  endfacet
  facet normal 0 0 1
    outer loop
      vertex 191.608 193.357 3.2
      vertex 191.228 193.601 3.2
      vertex 191.606 193.32 3.2
    endloop
  endfacet
  facet normal 0 0 1
    outer loop
      vertex 191.631 193.512 3.2
      vertex 191.228 193.601 3.2
      vertex 191.608 193.357 3.2
    endloop
  endfacet
  facet normal 0 0 1
    outer loop
      vertex 191.669 193.664 3.2
      vertex 191.228 193.601 3.2
      vertex 191.631 193.512 3.2
    endloop
  endfacet
  facet normal 0 0 1
    outer loop
      vertex 191.722 193.812 3.2
      vertex 191.228 193.601 3.2
      vertex 191.669 193.664 3.2
    endloop
  endfacet
  facet normal 0 0 1
    outer loop
      vertex 191.789 193.954 3.2
      vertex 191.228 193.601 3.2
      vertex 191.722 193.812 3.2
    endloop
  endfacet
  facet normal -0 0 1
    outer loop
      vertex 190.504 194.035 3.2
      vertex 191.789 193.954 3.2
      vertex 191.87 194.089 3.2
    endloop
  endfacet
  facet normal 0 0 1
    outer loop
      vertex 192.069 194.331 3.2
      vertex 190.504 194.035 3.2
      vertex 191.963 194.215 3.2
    endloop
  endfacet
  facet normal 0 0 1
    outer loop
      vertex 191.789 193.954 3.2
      vertex 190.504 194.035 3.2
      vertex 191.228 193.601 3.2
    endloop
  endfacet
  facet normal 0 0 1
    outer loop
      vertex 191.963 194.215 3.2
      vertex 190.504 194.035 3.2
      vertex 191.87 194.089 3.2
    endloop
  endfacet
  facet normal 0 0 1
    outer loop
      vertex 192.185 194.437 3.2
      vertex 190.504 194.035 3.2
      vertex 192.069 194.331 3.2
    endloop
  endfacet
  facet normal 0 0 1
    outer loop
      vertex 198.2 203.2 3.2
      vertex 188.128 194.885 3.2
      vertex 188.946 194.68 3.2
    endloop
  endfacet
  facet normal 0 0 1
    outer loop
      vertex 198.2 203.2 3.2
      vertex 187.293 195.009 3.2
      vertex 188.128 194.885 3.2
    endloop
  endfacet
  facet normal 0 0 1
    outer loop
      vertex 198.2 203.2 3.2
      vertex 186.45 195.05 3.2
      vertex 187.293 195.009 3.2
    endloop
  endfacet
  facet normal -0 0 1
    outer loop
      vertex 105.6 203.2 3.2
      vertex 186.45 195.05 3.2
      vertex 198.2 203.2 3.2
    endloop
  endfacet
  facet normal 0 0 1
    outer loop
      vertex 186.45 195.05 3.2
      vertex 105.6 203.2 3.2
      vertex 105.6 195.05 3.2
    endloop
  endfacet
  facet normal 0 0 1
    outer loop
      vertex 198.2 203.2 3.2
      vertex 203.2 198.2 3.2
      vertex 203.176 198.69 3.2
    endloop
  endfacet
  facet normal 0 0 1
    outer loop
      vertex 198.2 203.2 3.2
      vertex 203.176 198.69 3.2
      vertex 203.104 199.175 3.2
    endloop
  endfacet
  facet normal 0 0 1
    outer loop
      vertex 198.2 203.2 3.2
      vertex 203.104 199.175 3.2
      vertex 202.985 199.651 3.2
    endloop
  endfacet
  facet normal 0 0 1
    outer loop
      vertex 198.2 203.2 3.2
      vertex 202.985 199.651 3.2
      vertex 202.819 200.113 3.2
    endloop
  endfacet
  facet normal 0 0 1
    outer loop
      vertex 198.2 203.2 3.2
      vertex 202.819 200.113 3.2
      vertex 202.61 200.557 3.2
    endloop
  endfacet
  facet normal 0 0 1
    outer loop
      vertex 198.2 203.2 3.2
      vertex 202.61 200.557 3.2
      vertex 202.357 200.978 3.2
    endloop
  endfacet
  facet normal 0 0 1
    outer loop
      vertex 198.2 203.2 3.2
      vertex 202.357 200.978 3.2
      vertex 202.065 201.372 3.2
    endloop
  endfacet
  facet normal 0 0 1
    outer loop
      vertex 198.2 203.2 3.2
      vertex 202.065 201.372 3.2
      vertex 201.736 201.736 3.2
    endloop
  endfacet
  facet normal 0 0 1
    outer loop
      vertex 198.2 203.2 3.2
      vertex 201.736 201.736 3.2
      vertex 201.372 202.065 3.2
    endloop
  endfacet
  facet normal 0 0 1
    outer loop
      vertex 198.2 203.2 3.2
      vertex 201.372 202.065 3.2
      vertex 200.978 202.357 3.2
    endloop
  endfacet
  facet normal 0 0 1
    outer loop
      vertex 198.2 203.2 3.2
      vertex 200.978 202.357 3.2
      vertex 200.557 202.61 3.2
    endloop
  endfacet
  facet normal 0 0 1
    outer loop
      vertex 198.2 203.2 3.2
      vertex 200.557 202.61 3.2
      vertex 200.113 202.819 3.2
    endloop
  endfacet
  facet normal 0 0 1
    outer loop
      vertex 198.2 203.2 3.2
      vertex 200.113 202.819 3.2
      vertex 199.651 202.985 3.2
    endloop
  endfacet
  facet normal 0 0 1
    outer loop
      vertex 198.2 203.2 3.2
      vertex 199.651 202.985 3.2
      vertex 199.175 203.104 3.2
    endloop
  endfacet
  facet normal 0 0 1
    outer loop
      vertex 198.2 203.2 3.2
      vertex 199.175 203.104 3.2
      vertex 198.69 203.176 3.2
    endloop
  endfacet
  facet normal 0 0 1
    outer loop
      vertex 194.331 194.331 3.2
      vertex 203.2 198.2 3.2
      vertex 198.2 203.2 3.2
    endloop
  endfacet
  facet normal 0 0 1
    outer loop
      vertex 203.2 198.2 3.2
      vertex 195.05 186.45 3.2
      vertex 203.2 105.6 3.2
    endloop
  endfacet
  facet normal 0 0 1
    outer loop
      vertex 203.2 105.6 3.2
      vertex 195.05 186.45 3.2
      vertex 195.05 105.6 3.2
    endloop
  endfacet
  facet normal 0 0 1
    outer loop
      vertex 194.769 192.888 3.2
      vertex 203.2 198.2 3.2
      vertex 194.792 193.043 3.2
    endloop
  endfacet
  facet normal 0 0 1
    outer loop
      vertex 194.731 192.736 3.2
      vertex 203.2 198.2 3.2
      vertex 194.769 192.888 3.2
    endloop
  endfacet
  facet normal 0 0 1
    outer loop
      vertex 203.2 198.2 3.2
      vertex 194.731 192.736 3.2
      vertex 194.68 188.946 3.2
    endloop
  endfacet
  facet normal 0 0 1
    outer loop
      vertex 203.2 198.2 3.2
      vertex 194.68 188.946 3.2
      vertex 194.885 188.128 3.2
    endloop
  endfacet
  facet normal -0 0 1
    outer loop
      vertex 194.678 192.588 3.2
      vertex 194.68 188.946 3.2
      vertex 194.731 192.736 3.2
    endloop
  endfacet
  facet normal 0 0 1
    outer loop
      vertex 194.395 189.741 3.2
      vertex 194.678 192.588 3.2
      vertex 194.611 192.446 3.2
    endloop
  endfacet
  facet normal 0 0 1
    outer loop
      vertex 194.395 189.741 3.2
      vertex 194.611 192.446 3.2
      vertex 194.53 192.311 3.2
    endloop
  endfacet
  facet normal 0 0 1
    outer loop
      vertex 194.395 189.741 3.2
      vertex 194.53 192.311 3.2
      vertex 194.437 192.185 3.2
    endloop
  endfacet
  facet normal 0 0 1
    outer loop
      vertex 194.678 192.588 3.2
      vertex 194.395 189.741 3.2
      vertex 194.68 188.946 3.2
    endloop
  endfacet
  facet normal 0 0 1
    outer loop
      vertex 194.035 190.504 3.2
      vertex 194.437 192.185 3.2
      vertex 194.331 192.069 3.2
    endloop
  endfacet
  facet normal 0 0 1
    outer loop
      vertex 194.035 190.504 3.2
      vertex 194.331 192.069 3.2
      vertex 194.215 191.963 3.2
    endloop
  endfacet
  facet normal 0 0 1
    outer loop
      vertex 194.035 190.504 3.2
      vertex 194.215 191.963 3.2
      vertex 194.089 191.87 3.2
    endloop
  endfacet
  facet normal 0 0 1
    outer loop
      vertex 194.437 192.185 3.2
      vertex 194.035 190.504 3.2
      vertex 194.395 189.741 3.2
    endloop
  endfacet
  facet normal -0 0 1
    outer loop
      vertex 193.954 191.789 3.2
      vertex 194.035 190.504 3.2
      vertex 194.089 191.87 3.2
    endloop
  endfacet
  facet normal 0 0 1
    outer loop
      vertex 193.601 191.228 3.2
      vertex 193.954 191.789 3.2
      vertex 193.812 191.722 3.2
    endloop
  endfacet
  facet normal 0 0 1
    outer loop
      vertex 193.601 191.228 3.2
      vertex 193.812 191.722 3.2
      vertex 193.664 191.669 3.2
    endloop
  endfacet
  facet normal 0 0 1
    outer loop
      vertex 193.954 191.789 3.2
      vertex 193.601 191.228 3.2
      vertex 194.035 190.504 3.2
    endloop
  endfacet
  facet normal -0 0 1
    outer loop
      vertex 193.512 191.631 3.2
      vertex 193.601 191.228 3.2
      vertex 193.664 191.669 3.2
    endloop
  endfacet
  facet normal -0 0 1
    outer loop
      vertex 193.357 191.608 3.2
      vertex 193.601 191.228 3.2
      vertex 193.512 191.631 3.2
    endloop
  endfacet
  facet normal 0 0 1
    outer loop
      vertex 193.601 191.228 3.2
      vertex 193.357 191.608 3.2
      vertex 193.32 191.606 3.2
    endloop
  endfacet
  facet normal 0 0 1
    outer loop
      vertex 9.59936 11.9721 3.2
      vertex 9.84317 11.5923 3.2
      vertex 9.8797 11.5941 3.2
    endloop
  endfacet
  facet normal 0 0 1
    outer loop
      vertex 9.59936 11.9721 3.2
      vertex 9.68785 11.5693 3.2
      vertex 9.84317 11.5923 3.2
    endloop
  endfacet
  facet normal 0 0 1
    outer loop
      vertex 9.59936 11.9721 3.2
      vertex 9.53554 11.5311 3.2
      vertex 9.68785 11.5693 3.2
    endloop
  endfacet
  facet normal 0 0 1
    outer loop
      vertex 9.59936 11.9721 3.2
      vertex 9.38771 11.4782 3.2
      vertex 9.53554 11.5311 3.2
    endloop
  endfacet
  facet normal 0 0 1
    outer loop
      vertex 9.59936 11.9721 3.2
      vertex 9.24576 11.4111 3.2
      vertex 9.38771 11.4782 3.2
    endloop
  endfacet
  facet normal 0 0 1
    outer loop
      vertex 9.16547 12.696 3.2
      vertex 9.24576 11.4111 3.2
      vertex 9.59936 11.9721 3.2
    endloop
  endfacet
  facet normal 0 0 1
    outer loop
      vertex 9.16547 12.696 3.2
      vertex 9.11109 11.3304 3.2
      vertex 9.24576 11.4111 3.2
    endloop
  endfacet
  facet normal 0 0 1
    outer loop
      vertex 9.16547 12.696 3.2
      vertex 8.98497 11.2368 3.2
      vertex 9.11109 11.3304 3.2
    endloop
  endfacet
  facet normal 0 0 1
    outer loop
      vertex 9.16547 12.696 3.2
      vertex 8.86863 11.1314 3.2
      vertex 8.98497 11.2368 3.2
    endloop
  endfacet
  facet normal 0 0 1
    outer loop
      vertex 8.76318 11.015 3.2
      vertex 9.16547 12.696 3.2
      vertex 8.80463 13.4589 3.2
    endloop
  endfacet
  facet normal 0 0 1
    outer loop
      vertex 9.16547 12.696 3.2
      vertex 8.76318 11.015 3.2
      vertex 8.86863 11.1314 3.2
    endloop
  endfacet
  facet normal 0 0 1
    outer loop
      vertex 8.80463 13.4589 3.2
      vertex 8.66965 10.8889 3.2
      vertex 8.76318 11.015 3.2
    endloop
  endfacet
  facet normal 0 0 1
    outer loop
      vertex 8.80463 13.4589 3.2
      vertex 8.58893 10.7542 3.2
      vertex 8.66965 10.8889 3.2
    endloop
  endfacet
  facet normal 0 0 1
    outer loop
      vertex 8.80463 13.4589 3.2
      vertex 8.52179 10.6123 3.2
      vertex 8.58893 10.7542 3.2
    endloop
  endfacet
  facet normal 0 0 1
    outer loop
      vertex 8.5203 14.2535 3.2
      vertex 8.52179 10.6123 3.2
      vertex 8.80463 13.4589 3.2
    endloop
  endfacet
  facet normal 0 0 1
    outer loop
      vertex 8.5203 14.2535 3.2
      vertex 8.46889 10.4645 3.2
      vertex 8.52179 10.6123 3.2
    endloop
  endfacet
  facet normal 0 0 1
    outer loop
      vertex 0 5 3.2
      vertex 8.46889 10.4645 3.2
      vertex 8.5203 14.2535 3.2
    endloop
  endfacet
  facet normal 0 0 1
    outer loop
      vertex 8.46889 10.4645 3.2
      vertex 0 5 3.2
      vertex 8.43074 10.3121 3.2
    endloop
  endfacet
  facet normal 0 0 1
    outer loop
      vertex 8.43074 10.3121 3.2
      vertex 0 5 3.2
      vertex 8.4077 10.1568 3.2
    endloop
  endfacet
  facet normal 0 0 1
    outer loop
      vertex 0 5 3.2
      vertex 8.5203 14.2535 3.2
      vertex 8.31524 15.0722 3.2
    endloop
  endfacet
  facet normal -0 0 1
    outer loop
      vertex 16.75 8.15 3.2
      vertex 97.6 0 3.2
      vertex 97.6 8.15 3.2
    endloop
  endfacet
  facet normal 0 0 1
    outer loop
      vertex 5 0 3.2
      vertex 16.75 8.15 3.2
      vertex 15.907 8.1914 3.2
    endloop
  endfacet
  facet normal -0 0 1
    outer loop
      vertex 11.5923 9.84317 3.2
      vertex 11.9721 9.59936 3.2
      vertex 11.5941 9.8797 3.2
    endloop
  endfacet
  facet normal -0 0 1
    outer loop
      vertex 11.5693 9.68785 3.2
      vertex 11.9721 9.59936 3.2
      vertex 11.5923 9.84317 3.2
    endloop
  endfacet
  facet normal 0 0 1
    outer loop
      vertex 11.5311 9.53554 3.2
      vertex 11.9721 9.59936 3.2
      vertex 11.5693 9.68785 3.2
    endloop
  endfacet
  facet normal 0 0 1
    outer loop
      vertex 11.4782 9.38771 3.2
      vertex 11.9721 9.59936 3.2
      vertex 11.5311 9.53554 3.2
    endloop
  endfacet
  facet normal 0 0 1
    outer loop
      vertex 11.4111 9.24576 3.2
      vertex 11.9721 9.59936 3.2
      vertex 11.4782 9.38771 3.2
    endloop
  endfacet
  facet normal 0 0 1
    outer loop
      vertex 11.9721 9.59936 3.2
      vertex 11.4111 9.24576 3.2
      vertex 12.696 9.16547 3.2
    endloop
  endfacet
  facet normal 0 0 1
    outer loop
      vertex 11.3304 9.11109 3.2
      vertex 12.696 9.16547 3.2
      vertex 11.4111 9.24576 3.2
    endloop
  endfacet
  facet normal 0 0 1
    outer loop
      vertex 11.2368 8.98497 3.2
      vertex 12.696 9.16547 3.2
      vertex 11.3304 9.11109 3.2
    endloop
  endfacet
  facet normal 0 0 1
    outer loop
      vertex 11.1314 8.86863 3.2
      vertex 12.696 9.16547 3.2
      vertex 11.2368 8.98497 3.2
    endloop
  endfacet
  facet normal 0 0 1
    outer loop
      vertex 11.015 8.76318 3.2
      vertex 12.696 9.16547 3.2
      vertex 11.1314 8.86863 3.2
    endloop
  endfacet
  facet normal 0 0 1
    outer loop
      vertex 12.696 9.16547 3.2
      vertex 11.015 8.76318 3.2
      vertex 13.4589 8.80463 3.2
    endloop
  endfacet
  facet normal 0 0 1
    outer loop
      vertex 10.8889 8.66965 3.2
      vertex 13.4589 8.80463 3.2
      vertex 11.015 8.76318 3.2
    endloop
  endfacet
  facet normal 0 0 1
    outer loop
      vertex 10.7542 8.58893 3.2
      vertex 13.4589 8.80463 3.2
      vertex 10.8889 8.66965 3.2
    endloop
  endfacet
  facet normal 0 0 1
    outer loop
      vertex 10.6123 8.52179 3.2
      vertex 13.4589 8.80463 3.2
      vertex 10.7542 8.58893 3.2
    endloop
  endfacet
  facet normal 0 0 1
    outer loop
      vertex 13.4589 8.80463 3.2
      vertex 10.6123 8.52179 3.2
      vertex 14.2535 8.5203 3.2
    endloop
  endfacet
  facet normal 0 0 1
    outer loop
      vertex 10.4645 8.46889 3.2
      vertex 14.2535 8.5203 3.2
      vertex 10.6123 8.52179 3.2
    endloop
  endfacet
  facet normal 0 0 1
    outer loop
      vertex 5 0 3.2
      vertex 14.2535 8.5203 3.2
      vertex 10.4645 8.46889 3.2
    endloop
  endfacet
  facet normal 0 0 1
    outer loop
      vertex 14.2535 8.5203 3.2
      vertex 5 0 3.2
      vertex 15.0722 8.31524 3.2
    endloop
  endfacet
  facet normal 0 0 1
    outer loop
      vertex 15.0722 8.31524 3.2
      vertex 5 0 3.2
      vertex 15.907 8.1914 3.2
    endloop
  endfacet
  facet normal 0 0 1
    outer loop
      vertex 5 0 3.2
      vertex 10.4645 8.46889 3.2
      vertex 10.3121 8.43074 3.2
    endloop
  endfacet
  facet normal 0 0 1
    outer loop
      vertex 5 0 3.2
      vertex 10.3121 8.43074 3.2
      vertex 10.1568 8.4077 3.2
    endloop
  endfacet
  facet normal 0 0 1
    outer loop
      vertex 5 0 3.2
      vertex 10.1568 8.4077 3.2
      vertex 10 8.4 3.2
    endloop
  endfacet
  facet normal 0 0 1
    outer loop
      vertex 5 0 3.2
      vertex 10 8.4 3.2
      vertex 9.84317 8.4077 3.2
    endloop
  endfacet
  facet normal 0 0 1
    outer loop
      vertex 0 5 3.2
      vertex 8.31524 15.0722 3.2
      vertex 8.1914 15.907 3.2
    endloop
  endfacet
  facet normal 0 0 1
    outer loop
      vertex 0 5 3.2
      vertex 8.1914 15.907 3.2
      vertex 8.15 16.75 3.2
    endloop
  endfacet
  facet normal 0 0 1
    outer loop
      vertex 16.75 8.15 3.2
      vertex 5 0 3.2
      vertex 97.6 0 3.2
    endloop
  endfacet
  facet normal 0 0 1
    outer loop
      vertex 9.68785 8.43074 3.2
      vertex 5 0 3.2
      vertex 9.84317 8.4077 3.2
    endloop
  endfacet
  facet normal 0 0 1
    outer loop
      vertex 9.53554 8.46889 3.2
      vertex 5 0 3.2
      vertex 9.68785 8.43074 3.2
    endloop
  endfacet
  facet normal 0 0 1
    outer loop
      vertex 9.38771 8.52179 3.2
      vertex 5 0 3.2
      vertex 9.53554 8.46889 3.2
    endloop
  endfacet
  facet normal 0 0 1
    outer loop
      vertex 9.24576 8.58893 3.2
      vertex 5 0 3.2
      vertex 9.38771 8.52179 3.2
    endloop
  endfacet
  facet normal 0 0 1
    outer loop
      vertex 9.11109 8.66965 3.2
      vertex 5 0 3.2
      vertex 9.24576 8.58893 3.2
    endloop
  endfacet
  facet normal 0 0 1
    outer loop
      vertex 8.98497 8.76318 3.2
      vertex 5 0 3.2
      vertex 9.11109 8.66965 3.2
    endloop
  endfacet
  facet normal 0 0 1
    outer loop
      vertex 8.86863 8.86863 3.2
      vertex 5 0 3.2
      vertex 8.98497 8.76318 3.2
    endloop
  endfacet
  facet normal 0 0 1
    outer loop
      vertex 0 5 3.2
      vertex 8.86863 8.86863 3.2
      vertex 8.76318 8.98497 3.2
    endloop
  endfacet
  facet normal 0 0 1
    outer loop
      vertex 0 5 3.2
      vertex 8.76318 8.98497 3.2
      vertex 8.66965 9.11109 3.2
    endloop
  endfacet
  facet normal 0 0 1
    outer loop
      vertex 0 5 3.2
      vertex 8.66965 9.11109 3.2
      vertex 8.58893 9.24576 3.2
    endloop
  endfacet
  facet normal 0 0 1
    outer loop
      vertex 0 5 3.2
      vertex 8.58893 9.24576 3.2
      vertex 8.52179 9.38771 3.2
    endloop
  endfacet
  facet normal 0 0 1
    outer loop
      vertex 0 5 3.2
      vertex 8.52179 9.38771 3.2
      vertex 8.46889 9.53554 3.2
    endloop
  endfacet
  facet normal 0 0 1
    outer loop
      vertex 0 5 3.2
      vertex 8.46889 9.53554 3.2
      vertex 8.43074 9.68785 3.2
    endloop
  endfacet
  facet normal 0 0 1
    outer loop
      vertex 0 5 3.2
      vertex 8.43074 9.68785 3.2
      vertex 8.4077 9.84317 3.2
    endloop
  endfacet
  facet normal 0 0 1
    outer loop
      vertex 0 5 3.2
      vertex 8.4077 9.84317 3.2
      vertex 8.4 10 3.2
    endloop
  endfacet
  facet normal 0 0 1
    outer loop
      vertex 8.4077 10.1568 3.2
      vertex 0 5 3.2
      vertex 8.4 10 3.2
    endloop
  endfacet
  facet normal -0 0 1
    outer loop
      vertex 0 97.6 3.2
      vertex 8.15 16.75 3.2
      vertex 8.15 97.6 3.2
    endloop
  endfacet
  facet normal 0 0 1
    outer loop
      vertex 8.86863 8.86863 3.2
      vertex 0 5 3.2
      vertex 5 0 3.2
    endloop
  endfacet
  facet normal 0 0 1
    outer loop
      vertex 5 0 3.2
      vertex 0 5 3.2
      vertex 4.5099 0.0240631 3.2
    endloop
  endfacet
  facet normal 0 0 1
    outer loop
      vertex 4.5099 0.0240631 3.2
      vertex 0 5 3.2
      vertex 4.02454 0.0960693 3.2
    endloop
  endfacet
  facet normal 0 0 1
    outer loop
      vertex 4.02454 0.0960693 3.2
      vertex 0 5 3.2
      vertex 3.54857 0.215286 3.2
    endloop
  endfacet
  facet normal 0 0 1
    outer loop
      vertex 3.54857 0.215286 3.2
      vertex 0 5 3.2
      vertex 3.08658 0.3806 3.2
    endloop
  endfacet
  facet normal 0 0 1
    outer loop
      vertex 3.08658 0.3806 3.2
      vertex 0 5 3.2
      vertex 2.64301 0.590393 3.2
    endloop
  endfacet
  facet normal 0 0 1
    outer loop
      vertex 2.64301 0.590393 3.2
      vertex 0 5 3.2
      vertex 2.22214 0.842651 3.2
    endloop
  endfacet
  facet normal 0 0 1
    outer loop
      vertex 2.22214 0.842651 3.2
      vertex 0 5 3.2
      vertex 1.82803 1.13493 3.2
    endloop
  endfacet
  facet normal 0 0 1
    outer loop
      vertex 1.82803 1.13493 3.2
      vertex 0 5 3.2
      vertex 1.46446 1.46446 3.2
    endloop
  endfacet
  facet normal 0 0 1
    outer loop
      vertex 1.46446 1.46446 3.2
      vertex 0 5 3.2
      vertex 1.13493 1.82803 3.2
    endloop
  endfacet
  facet normal 0 0 1
    outer loop
      vertex 1.13493 1.82803 3.2
      vertex 0 5 3.2
      vertex 0.842651 2.22214 3.2
    endloop
  endfacet
  facet normal 0 0 1
    outer loop
      vertex 0.842651 2.22214 3.2
      vertex 0 5 3.2
      vertex 0.590393 2.64301 3.2
    endloop
  endfacet
  facet normal 0 0 1
    outer loop
      vertex 0.590393 2.64301 3.2
      vertex 0 5 3.2
      vertex 0.3806 3.08658 3.2
    endloop
  endfacet
  facet normal 0 0 1
    outer loop
      vertex 0.3806 3.08658 3.2
      vertex 0 5 3.2
      vertex 0.215286 3.54857 3.2
    endloop
  endfacet
  facet normal 0 0 1
    outer loop
      vertex 0.215286 3.54857 3.2
      vertex 0 5 3.2
      vertex 0.0960693 4.02454 3.2
    endloop
  endfacet
  facet normal 0 0 1
    outer loop
      vertex 8.15 16.75 3.2
      vertex 0 97.6 3.2
      vertex 0 5 3.2
    endloop
  endfacet
  facet normal 0 0 1
    outer loop
      vertex 0.0960693 4.02454 3.2
      vertex 0 5 3.2
      vertex 0.0240631 4.5099 3.2
    endloop
  endfacet
  facet normal 0 0 1
    outer loop
      vertex 185.769 185.353 3.2
      vertex 189.45 186.45 3.2
      vertex 189.436 186.744 3.2
    endloop
  endfacet
  facet normal 0 0 1
    outer loop
      vertex 189.45 186.45 3.2
      vertex 186.45 183.45 3.2
      vertex 189.45 16.75 3.2
    endloop
  endfacet
  facet normal 0 0 1
    outer loop
      vertex 185.769 185.353 3.2
      vertex 189.436 186.744 3.2
      vertex 189.392 187.035 3.2
    endloop
  endfacet
  facet normal -0 0 1
    outer loop
      vertex 186.45 19.75 3.2
      vertex 189.45 16.75 3.2
      vertex 186.45 183.45 3.2
    endloop
  endfacet
  facet normal 0 0 1
    outer loop
      vertex 185.769 185.353 3.2
      vertex 189.392 187.035 3.2
      vertex 189.321 187.321 3.2
    endloop
  endfacet
  facet normal -0 0 1
    outer loop
      vertex 186.436 19.4559 3.2
      vertex 189.45 16.75 3.2
      vertex 186.45 19.75 3.2
    endloop
  endfacet
  facet normal 0 0 1
    outer loop
      vertex 185.769 185.353 3.2
      vertex 189.321 187.321 3.2
      vertex 189.222 187.598 3.2
    endloop
  endfacet
  facet normal -0 0 1
    outer loop
      vertex 186.392 19.1647 3.2
      vertex 189.45 16.75 3.2
      vertex 186.436 19.4559 3.2
    endloop
  endfacet
  facet normal 0 0 1
    outer loop
      vertex 185.769 185.353 3.2
      vertex 189.222 187.598 3.2
      vertex 189.096 187.864 3.2
    endloop
  endfacet
  facet normal -0 0 1
    outer loop
      vertex 186.321 18.8791 3.2
      vertex 189.45 16.75 3.2
      vertex 186.392 19.1647 3.2
    endloop
  endfacet
  facet normal 0 0 1
    outer loop
      vertex 185.571 185.571 3.2
      vertex 189.096 187.864 3.2
      vertex 188.944 188.117 3.2
    endloop
  endfacet
  facet normal -0 0 1
    outer loop
      vertex 186.222 18.6019 3.2
      vertex 189.45 16.75 3.2
      vertex 186.321 18.8791 3.2
    endloop
  endfacet
  facet normal 0 0 1
    outer loop
      vertex 185.571 185.571 3.2
      vertex 188.944 188.117 3.2
      vertex 188.769 188.353 3.2
    endloop
  endfacet
  facet normal -0 0 1
    outer loop
      vertex 186.096 18.3358 3.2
      vertex 189.45 16.75 3.2
      vertex 186.222 18.6019 3.2
    endloop
  endfacet
  facet normal 0 0 1
    outer loop
      vertex 185.571 185.571 3.2
      vertex 188.769 188.353 3.2
      vertex 188.571 188.571 3.2
    endloop
  endfacet
  facet normal -0 0 1
    outer loop
      vertex 185.944 18.0833 3.2
      vertex 189.45 16.75 3.2
      vertex 186.096 18.3358 3.2
    endloop
  endfacet
  facet normal 0 0 1
    outer loop
      vertex 185.571 185.571 3.2
      vertex 188.571 188.571 3.2
      vertex 188.353 188.769 3.2
    endloop
  endfacet
  facet normal -0 0 1
    outer loop
      vertex 185.769 17.8468 3.2
      vertex 189.45 16.75 3.2
      vertex 185.944 18.0833 3.2
    endloop
  endfacet
  facet normal 0 0 1
    outer loop
      vertex 185.571 185.571 3.2
      vertex 188.353 188.769 3.2
      vertex 188.117 188.944 3.2
    endloop
  endfacet
  facet normal 0 0 1
    outer loop
      vertex 189.45 16.75 3.2
      vertex 185.769 17.8468 3.2
      vertex 189.436 16.4559 3.2
    endloop
  endfacet
  facet normal 0 0 1
    outer loop
      vertex 185.571 185.571 3.2
      vertex 188.117 188.944 3.2
      vertex 187.864 189.096 3.2
    endloop
  endfacet
  facet normal 0 0 1
    outer loop
      vertex 189.436 16.4559 3.2
      vertex 185.769 17.8468 3.2
      vertex 189.392 16.1647 3.2
    endloop
  endfacet
  facet normal 0 0 1
    outer loop
      vertex 185.353 185.769 3.2
      vertex 187.864 189.096 3.2
      vertex 187.598 189.222 3.2
    endloop
  endfacet
  facet normal 0 0 1
    outer loop
      vertex 189.392 16.1647 3.2
      vertex 185.769 17.8468 3.2
      vertex 189.321 15.8791 3.2
    endloop
  endfacet
  facet normal 0 0 1
    outer loop
      vertex 185.353 185.769 3.2
      vertex 187.598 189.222 3.2
      vertex 187.321 189.321 3.2
    endloop
  endfacet
  facet normal 0 0 1
    outer loop
      vertex 189.321 15.8791 3.2
      vertex 185.769 17.8468 3.2
      vertex 189.222 15.6019 3.2
    endloop
  endfacet
  facet normal 0 0 1
    outer loop
      vertex 185.353 185.769 3.2
      vertex 187.321 189.321 3.2
      vertex 187.035 189.392 3.2
    endloop
  endfacet
  facet normal 0 0 1
    outer loop
      vertex 189.222 15.6019 3.2
      vertex 185.769 17.8468 3.2
      vertex 189.096 15.3358 3.2
    endloop
  endfacet
  facet normal 0 0 1
    outer loop
      vertex 185.353 185.769 3.2
      vertex 187.035 189.392 3.2
      vertex 186.744 189.436 3.2
    endloop
  endfacet
  facet normal -0 0 1
    outer loop
      vertex 185.571 17.6287 3.2
      vertex 189.096 15.3358 3.2
      vertex 185.769 17.8468 3.2
    endloop
  endfacet
  facet normal 0 0 1
    outer loop
      vertex 189.096 15.3358 3.2
      vertex 185.571 17.6287 3.2
      vertex 188.944 15.0833 3.2
    endloop
  endfacet
  facet normal 0 0 1
    outer loop
      vertex 185.353 185.769 3.2
      vertex 186.744 189.436 3.2
      vertex 186.45 189.45 3.2
    endloop
  endfacet
  facet normal 0 0 1
    outer loop
      vertex 189.45 186.45 3.2
      vertex 186.436 183.744 3.2
      vertex 186.45 183.45 3.2
    endloop
  endfacet
  facet normal 0 0 1
    outer loop
      vertex 189.45 186.45 3.2
      vertex 186.392 184.035 3.2
      vertex 186.436 183.744 3.2
    endloop
  endfacet
  facet normal 0 0 1
    outer loop
      vertex 189.45 186.45 3.2
      vertex 186.321 184.321 3.2
      vertex 186.392 184.035 3.2
    endloop
  endfacet
  facet normal 0 0 1
    outer loop
      vertex 189.45 186.45 3.2
      vertex 186.222 184.598 3.2
      vertex 186.321 184.321 3.2
    endloop
  endfacet
  facet normal 0 0 1
    outer loop
      vertex 189.45 186.45 3.2
      vertex 186.096 184.864 3.2
      vertex 186.222 184.598 3.2
    endloop
  endfacet
  facet normal 0 0 1
    outer loop
      vertex 189.45 186.45 3.2
      vertex 185.944 185.117 3.2
      vertex 186.096 184.864 3.2
    endloop
  endfacet
  facet normal 0 0 1
    outer loop
      vertex 189.45 186.45 3.2
      vertex 185.769 185.353 3.2
      vertex 185.944 185.117 3.2
    endloop
  endfacet
  facet normal 0 0 1
    outer loop
      vertex 189.096 187.864 3.2
      vertex 185.571 185.571 3.2
      vertex 185.769 185.353 3.2
    endloop
  endfacet
  facet normal 0 0 1
    outer loop
      vertex 187.864 189.096 3.2
      vertex 185.353 185.769 3.2
      vertex 185.571 185.571 3.2
    endloop
  endfacet
  facet normal 0 0 1
    outer loop
      vertex 186.45 189.45 3.2
      vertex 185.117 185.944 3.2
      vertex 185.353 185.769 3.2
    endloop
  endfacet
  facet normal 0 0 1
    outer loop
      vertex 186.45 189.45 3.2
      vertex 184.864 186.096 3.2
      vertex 185.117 185.944 3.2
    endloop
  endfacet
  facet normal 0 0 1
    outer loop
      vertex 186.45 189.45 3.2
      vertex 184.598 186.222 3.2
      vertex 184.864 186.096 3.2
    endloop
  endfacet
  facet normal 0 0 1
    outer loop
      vertex 186.45 189.45 3.2
      vertex 184.321 186.321 3.2
      vertex 184.598 186.222 3.2
    endloop
  endfacet
  facet normal 0 0 1
    outer loop
      vertex 186.45 189.45 3.2
      vertex 184.035 186.392 3.2
      vertex 184.321 186.321 3.2
    endloop
  endfacet
  facet normal 0 0 1
    outer loop
      vertex 186.45 189.45 3.2
      vertex 183.744 186.436 3.2
      vertex 184.035 186.392 3.2
    endloop
  endfacet
  facet normal 0 0 1
    outer loop
      vertex 186.45 189.45 3.2
      vertex 183.45 186.45 3.2
      vertex 183.744 186.436 3.2
    endloop
  endfacet
  facet normal 0 0 1
    outer loop
      vertex 186.45 189.45 3.2
      vertex 19.75 186.45 3.2
      vertex 183.45 186.45 3.2
    endloop
  endfacet
  facet normal 0 0 1
    outer loop
      vertex 16.7644 183.744 3.2
      vertex 13.75 186.45 3.2
      vertex 16.75 183.45 3.2
    endloop
  endfacet
  facet normal 0 0 1
    outer loop
      vertex 16.8076 184.035 3.2
      vertex 13.75 186.45 3.2
      vertex 16.7644 183.744 3.2
    endloop
  endfacet
  facet normal 0 0 1
    outer loop
      vertex 16.8792 184.321 3.2
      vertex 13.75 186.45 3.2
      vertex 16.8076 184.035 3.2
    endloop
  endfacet
  facet normal 0 0 1
    outer loop
      vertex 16.9783 184.598 3.2
      vertex 13.75 186.45 3.2
      vertex 16.8792 184.321 3.2
    endloop
  endfacet
  facet normal 0 0 1
    outer loop
      vertex 17.1042 184.864 3.2
      vertex 13.75 186.45 3.2
      vertex 16.9783 184.598 3.2
    endloop
  endfacet
  facet normal 0 0 1
    outer loop
      vertex 17.2556 185.117 3.2
      vertex 13.75 186.45 3.2
      vertex 17.1042 184.864 3.2
    endloop
  endfacet
  facet normal 0 0 1
    outer loop
      vertex 17.431 185.353 3.2
      vertex 13.75 186.45 3.2
      vertex 17.2556 185.117 3.2
    endloop
  endfacet
  facet normal 0 0 1
    outer loop
      vertex 17.6287 185.571 3.2
      vertex 13.75 186.45 3.2
      vertex 17.431 185.353 3.2
    endloop
  endfacet
  facet normal -0 0 1
    outer loop
      vertex 13.75 186.45 3.2
      vertex 17.6287 185.571 3.2
      vertex 16.75 189.45 3.2
    endloop
  endfacet
  facet normal 0 0 1
    outer loop
      vertex 17.8468 185.769 3.2
      vertex 16.75 189.45 3.2
      vertex 17.6287 185.571 3.2
    endloop
  endfacet
  facet normal 0 0 1
    outer loop
      vertex 18.0833 185.944 3.2
      vertex 16.75 189.45 3.2
      vertex 17.8468 185.769 3.2
    endloop
  endfacet
  facet normal 0 0 1
    outer loop
      vertex 18.3358 186.096 3.2
      vertex 16.75 189.45 3.2
      vertex 18.0833 185.944 3.2
    endloop
  endfacet
  facet normal 0 0 1
    outer loop
      vertex 18.6019 186.222 3.2
      vertex 16.75 189.45 3.2
      vertex 18.3358 186.096 3.2
    endloop
  endfacet
  facet normal 0 0 1
    outer loop
      vertex 18.8791 186.321 3.2
      vertex 16.75 189.45 3.2
      vertex 18.6019 186.222 3.2
    endloop
  endfacet
  facet normal 0 0 1
    outer loop
      vertex 19.1647 186.392 3.2
      vertex 16.75 189.45 3.2
      vertex 18.8791 186.321 3.2
    endloop
  endfacet
  facet normal 0 0 1
    outer loop
      vertex 19.4559 186.436 3.2
      vertex 16.75 189.45 3.2
      vertex 19.1647 186.392 3.2
    endloop
  endfacet
  facet normal 0 0 1
    outer loop
      vertex 19.75 186.45 3.2
      vertex 16.75 189.45 3.2
      vertex 19.4559 186.436 3.2
    endloop
  endfacet
  facet normal -0 0 1
    outer loop
      vertex 16.75 189.45 3.2
      vertex 19.75 186.45 3.2
      vertex 186.45 189.45 3.2
    endloop
  endfacet
  facet normal 0 0 1
    outer loop
      vertex 188.944 15.0833 3.2
      vertex 185.571 17.6287 3.2
      vertex 188.769 14.8468 3.2
    endloop
  endfacet
  facet normal 0 0 1
    outer loop
      vertex 188.769 14.8468 3.2
      vertex 185.571 17.6287 3.2
      vertex 188.571 14.6287 3.2
    endloop
  endfacet
  facet normal 0 0 1
    outer loop
      vertex 188.571 14.6287 3.2
      vertex 185.571 17.6287 3.2
      vertex 188.353 14.4309 3.2
    endloop
  endfacet
  facet normal 0 0 1
    outer loop
      vertex 188.353 14.4309 3.2
      vertex 185.571 17.6287 3.2
      vertex 188.117 14.2556 3.2
    endloop
  endfacet
  facet normal 0 0 1
    outer loop
      vertex 188.117 14.2556 3.2
      vertex 185.571 17.6287 3.2
      vertex 187.864 14.1042 3.2
    endloop
  endfacet
  facet normal -0 0 1
    outer loop
      vertex 185.353 17.431 3.2
      vertex 187.864 14.1042 3.2
      vertex 185.571 17.6287 3.2
    endloop
  endfacet
  facet normal 0 0 1
    outer loop
      vertex 187.864 14.1042 3.2
      vertex 185.353 17.431 3.2
      vertex 187.598 13.9783 3.2
    endloop
  endfacet
  facet normal 0 0 1
    outer loop
      vertex 187.598 13.9783 3.2
      vertex 185.353 17.431 3.2
      vertex 187.321 13.8792 3.2
    endloop
  endfacet
  facet normal 0 0 1
    outer loop
      vertex 187.321 13.8792 3.2
      vertex 185.353 17.431 3.2
      vertex 187.035 13.8076 3.2
    endloop
  endfacet
  facet normal 0 0 1
    outer loop
      vertex 187.035 13.8076 3.2
      vertex 185.353 17.431 3.2
      vertex 186.744 13.7644 3.2
    endloop
  endfacet
  facet normal 0 0 1
    outer loop
      vertex 186.744 13.7644 3.2
      vertex 185.353 17.431 3.2
      vertex 186.45 13.75 3.2
    endloop
  endfacet
  facet normal -0 0 1
    outer loop
      vertex 185.117 17.2556 3.2
      vertex 186.45 13.75 3.2
      vertex 185.353 17.431 3.2
    endloop
  endfacet
  facet normal -0 0 1
    outer loop
      vertex 184.864 17.1042 3.2
      vertex 186.45 13.75 3.2
      vertex 185.117 17.2556 3.2
    endloop
  endfacet
  facet normal -0 0 1
    outer loop
      vertex 184.598 16.9783 3.2
      vertex 186.45 13.75 3.2
      vertex 184.864 17.1042 3.2
    endloop
  endfacet
  facet normal -0 0 1
    outer loop
      vertex 184.321 16.8792 3.2
      vertex 186.45 13.75 3.2
      vertex 184.598 16.9783 3.2
    endloop
  endfacet
  facet normal -0 0 1
    outer loop
      vertex 184.035 16.8076 3.2
      vertex 186.45 13.75 3.2
      vertex 184.321 16.8792 3.2
    endloop
  endfacet
  facet normal -0 0 1
    outer loop
      vertex 183.744 16.7644 3.2
      vertex 186.45 13.75 3.2
      vertex 184.035 16.8076 3.2
    endloop
  endfacet
  facet normal -0 0 1
    outer loop
      vertex 183.45 16.75 3.2
      vertex 186.45 13.75 3.2
      vertex 183.744 16.7644 3.2
    endloop
  endfacet
  facet normal -0 0 1
    outer loop
      vertex 19.75 16.75 3.2
      vertex 186.45 13.75 3.2
      vertex 183.45 16.75 3.2
    endloop
  endfacet
  facet normal 0 0 1
    outer loop
      vertex 19.75 16.75 3.2
      vertex 16.75 13.75 3.2
      vertex 186.45 13.75 3.2
    endloop
  endfacet
  facet normal 0 0 1
    outer loop
      vertex 19.4559 16.7644 3.2
      vertex 16.75 13.75 3.2
      vertex 19.75 16.75 3.2
    endloop
  endfacet
  facet normal 0 0 1
    outer loop
      vertex 19.1647 16.8076 3.2
      vertex 16.75 13.75 3.2
      vertex 19.4559 16.7644 3.2
    endloop
  endfacet
  facet normal 0 0 1
    outer loop
      vertex 18.8791 16.8792 3.2
      vertex 16.75 13.75 3.2
      vertex 19.1647 16.8076 3.2
    endloop
  endfacet
  facet normal 0 0 1
    outer loop
      vertex 18.6019 16.9783 3.2
      vertex 16.75 13.75 3.2
      vertex 18.8791 16.8792 3.2
    endloop
  endfacet
  facet normal 0 0 1
    outer loop
      vertex 18.3358 17.1042 3.2
      vertex 16.75 13.75 3.2
      vertex 18.6019 16.9783 3.2
    endloop
  endfacet
  facet normal 0 0 1
    outer loop
      vertex 18.0833 17.2556 3.2
      vertex 16.75 13.75 3.2
      vertex 18.3358 17.1042 3.2
    endloop
  endfacet
  facet normal 0 0 1
    outer loop
      vertex 17.8468 17.431 3.2
      vertex 16.75 13.75 3.2
      vertex 18.0833 17.2556 3.2
    endloop
  endfacet
  facet normal 0 0 1
    outer loop
      vertex 15.3358 14.1042 3.2
      vertex 17.8468 17.431 3.2
      vertex 17.6287 17.6287 3.2
    endloop
  endfacet
  facet normal 0 0 1
    outer loop
      vertex 14.1042 15.3358 3.2
      vertex 17.6287 17.6287 3.2
      vertex 17.431 17.8468 3.2
    endloop
  endfacet
  facet normal 0 0 1
    outer loop
      vertex 13.75 16.75 3.2
      vertex 17.431 17.8468 3.2
      vertex 17.2556 18.0833 3.2
    endloop
  endfacet
  facet normal 0 0 1
    outer loop
      vertex 13.75 16.75 3.2
      vertex 17.2556 18.0833 3.2
      vertex 17.1042 18.3358 3.2
    endloop
  endfacet
  facet normal 0 0 1
    outer loop
      vertex 13.75 16.75 3.2
      vertex 17.1042 18.3358 3.2
      vertex 16.9783 18.6019 3.2
    endloop
  endfacet
  facet normal 0 0 1
    outer loop
      vertex 13.75 16.75 3.2
      vertex 16.9783 18.6019 3.2
      vertex 16.8792 18.8791 3.2
    endloop
  endfacet
  facet normal 0 0 1
    outer loop
      vertex 13.75 16.75 3.2
      vertex 16.8792 18.8791 3.2
      vertex 16.8076 19.1647 3.2
    endloop
  endfacet
  facet normal 0 0 1
    outer loop
      vertex 13.75 16.75 3.2
      vertex 16.8076 19.1647 3.2
      vertex 16.7644 19.4559 3.2
    endloop
  endfacet
  facet normal 0 0 1
    outer loop
      vertex 13.75 16.75 3.2
      vertex 16.7644 19.4559 3.2
      vertex 16.75 19.75 3.2
    endloop
  endfacet
  facet normal 0 0 1
    outer loop
      vertex 16.75 183.45 3.2
      vertex 13.75 186.45 3.2
      vertex 16.75 19.75 3.2
    endloop
  endfacet
  facet normal 0 0 1
    outer loop
      vertex 13.75 186.45 3.2
      vertex 16.75 189.45 3.2
      vertex 16.4559 189.436 3.2
    endloop
  endfacet
  facet normal 0 0 1
    outer loop
      vertex 13.75 16.75 3.2
      vertex 16.75 19.75 3.2
      vertex 13.75 186.45 3.2
    endloop
  endfacet
  facet normal 0 0 1
    outer loop
      vertex 13.75 186.45 3.2
      vertex 16.4559 189.436 3.2
      vertex 16.1647 189.392 3.2
    endloop
  endfacet
  facet normal 0 0 1
    outer loop
      vertex 17.431 17.8468 3.2
      vertex 13.75 16.75 3.2
      vertex 13.7644 16.4559 3.2
    endloop
  endfacet
  facet normal 0 0 1
    outer loop
      vertex 13.75 186.45 3.2
      vertex 16.1647 189.392 3.2
      vertex 15.8791 189.321 3.2
    endloop
  endfacet
  facet normal 0 0 1
    outer loop
      vertex 17.8468 17.431 3.2
      vertex 16.4559 13.7644 3.2
      vertex 16.75 13.75 3.2
    endloop
  endfacet
  facet normal 0 0 1
    outer loop
      vertex 13.75 186.45 3.2
      vertex 15.8791 189.321 3.2
      vertex 15.6019 189.222 3.2
    endloop
  endfacet
  facet normal 0 0 1
    outer loop
      vertex 17.8468 17.431 3.2
      vertex 16.1647 13.8076 3.2
      vertex 16.4559 13.7644 3.2
    endloop
  endfacet
  facet normal 0 0 1
    outer loop
      vertex 13.75 186.45 3.2
      vertex 15.6019 189.222 3.2
      vertex 15.3358 189.096 3.2
    endloop
  endfacet
  facet normal 0 0 1
    outer loop
      vertex 17.8468 17.431 3.2
      vertex 15.8791 13.8792 3.2
      vertex 16.1647 13.8076 3.2
    endloop
  endfacet
  facet normal 0 0 1
    outer loop
      vertex 13.75 186.45 3.2
      vertex 15.3358 189.096 3.2
      vertex 15.0833 188.944 3.2
    endloop
  endfacet
  facet normal 0 0 1
    outer loop
      vertex 17.8468 17.431 3.2
      vertex 15.6019 13.9783 3.2
      vertex 15.8791 13.8792 3.2
    endloop
  endfacet
  facet normal 0 0 1
    outer loop
      vertex 13.75 186.45 3.2
      vertex 15.0833 188.944 3.2
      vertex 14.8468 188.769 3.2
    endloop
  endfacet
  facet normal 0 0 1
    outer loop
      vertex 17.8468 17.431 3.2
      vertex 15.3358 14.1042 3.2
      vertex 15.6019 13.9783 3.2
    endloop
  endfacet
  facet normal 0 0 1
    outer loop
      vertex 13.75 186.45 3.2
      vertex 14.8468 188.769 3.2
      vertex 14.6287 188.571 3.2
    endloop
  endfacet
  facet normal 0 0 1
    outer loop
      vertex 17.6287 17.6287 3.2
      vertex 15.0833 14.2556 3.2
      vertex 15.3358 14.1042 3.2
    endloop
  endfacet
  facet normal 0 0 1
    outer loop
      vertex 13.75 186.45 3.2
      vertex 14.6287 188.571 3.2
      vertex 14.4309 188.353 3.2
    endloop
  endfacet
  facet normal 0 0 1
    outer loop
      vertex 17.6287 17.6287 3.2
      vertex 14.8468 14.4309 3.2
      vertex 15.0833 14.2556 3.2
    endloop
  endfacet
  facet normal 0 0 1
    outer loop
      vertex 13.75 186.45 3.2
      vertex 14.4309 188.353 3.2
      vertex 14.2556 188.117 3.2
    endloop
  endfacet
  facet normal 0 0 1
    outer loop
      vertex 17.6287 17.6287 3.2
      vertex 14.6287 14.6287 3.2
      vertex 14.8468 14.4309 3.2
    endloop
  endfacet
  facet normal 0 0 1
    outer loop
      vertex 13.75 186.45 3.2
      vertex 14.2556 188.117 3.2
      vertex 14.1042 187.864 3.2
    endloop
  endfacet
  facet normal 0 0 1
    outer loop
      vertex 17.6287 17.6287 3.2
      vertex 14.4309 14.8468 3.2
      vertex 14.6287 14.6287 3.2
    endloop
  endfacet
  facet normal 0 0 1
    outer loop
      vertex 13.75 186.45 3.2
      vertex 14.1042 187.864 3.2
      vertex 13.9783 187.598 3.2
    endloop
  endfacet
  facet normal 0 0 1
    outer loop
      vertex 17.6287 17.6287 3.2
      vertex 14.2556 15.0833 3.2
      vertex 14.4309 14.8468 3.2
    endloop
  endfacet
  facet normal 0 0 1
    outer loop
      vertex 13.75 186.45 3.2
      vertex 13.9783 187.598 3.2
      vertex 13.8792 187.321 3.2
    endloop
  endfacet
  facet normal 0 0 1
    outer loop
      vertex 17.6287 17.6287 3.2
      vertex 14.1042 15.3358 3.2
      vertex 14.2556 15.0833 3.2
    endloop
  endfacet
  facet normal 0 0 1
    outer loop
      vertex 13.75 186.45 3.2
      vertex 13.8792 187.321 3.2
      vertex 13.8076 187.035 3.2
    endloop
  endfacet
  facet normal 0 0 1
    outer loop
      vertex 17.431 17.8468 3.2
      vertex 13.9783 15.6019 3.2
      vertex 14.1042 15.3358 3.2
    endloop
  endfacet
  facet normal 0 0 1
    outer loop
      vertex 13.75 186.45 3.2
      vertex 13.8076 187.035 3.2
      vertex 13.7644 186.744 3.2
    endloop
  endfacet
  facet normal 0 0 1
    outer loop
      vertex 17.431 17.8468 3.2
      vertex 13.8792 15.8791 3.2
      vertex 13.9783 15.6019 3.2
    endloop
  endfacet
  facet normal 0 0 1
    outer loop
      vertex 17.431 17.8468 3.2
      vertex 13.8076 16.1647 3.2
      vertex 13.8792 15.8791 3.2
    endloop
  endfacet
  facet normal 0 0 1
    outer loop
      vertex 17.431 17.8468 3.2
      vertex 13.7644 16.4559 3.2
      vertex 13.8076 16.1647 3.2
    endloop
  endfacet
  facet normal 0.146857 -0.989158 0
    outer loop
      vertex 198.69 0.0240631 0
      vertex 199.175 0.0960693 3.2
      vertex 198.69 0.0240631 3.2
    endloop
  endfacet
  facet normal 0.146857 -0.989158 0
    outer loop
      vertex 199.175 0.0960693 3.2
      vertex 198.69 0.0240631 0
      vertex 199.175 0.0960693 0
    endloop
  endfacet
  facet normal 0.242951 -0.970039 0
    outer loop
      vertex 199.175 0.0960693 0
      vertex 199.651 0.215286 3.2
      vertex 199.175 0.0960693 3.2
    endloop
  endfacet
  facet normal 0.242951 -0.970039 0
    outer loop
      vertex 199.651 0.215286 3.2
      vertex 199.175 0.0960693 0
      vertex 199.651 0.215286 0
    endloop
  endfacet
  facet normal 0.336904 -0.941539 0
    outer loop
      vertex 199.651 0.215286 0
      vertex 200.113 0.3806 3.2
      vertex 199.651 0.215286 3.2
    endloop
  endfacet
  facet normal 0.336904 -0.941539 0
    outer loop
      vertex 200.113 0.3806 3.2
      vertex 199.651 0.215286 0
      vertex 200.113 0.3806 0
    endloop
  endfacet
  facet normal 0.427217 -0.904149 0
    outer loop
      vertex 200.113 0.3806 0
      vertex 200.557 0.590393 3.2
      vertex 200.113 0.3806 3.2
    endloop
  endfacet
  facet normal 0.427217 -0.904149 0
    outer loop
      vertex 200.557 0.590393 3.2
      vertex 200.113 0.3806 0
      vertex 200.557 0.590393 0
    endloop
  endfacet
  facet normal 0.513983 -0.8578 0
    outer loop
      vertex 200.557 0.590393 0
      vertex 200.978 0.842651 3.2
      vertex 200.557 0.590393 3.2
    endloop
  endfacet
  facet normal 0.513983 -0.8578 0
    outer loop
      vertex 200.978 0.842651 3.2
      vertex 200.557 0.590393 0
      vertex 200.978 0.842651 0
    endloop
  endfacet
  facet normal 0.59579 -0.803141 0
    outer loop
      vertex 200.978 0.842651 0
      vertex 201.372 1.13493 3.2
      vertex 200.978 0.842651 3.2
    endloop
  endfacet
  facet normal 0.59579 -0.803141 0
    outer loop
      vertex 201.372 1.13493 3.2
      vertex 200.978 0.842651 0
      vertex 201.372 1.13493 0
    endloop
  endfacet
  facet normal 0.671134 -0.741336 0
    outer loop
      vertex 201.372 1.13493 0
      vertex 201.736 1.46446 3.2
      vertex 201.372 1.13493 3.2
    endloop
  endfacet
  facet normal 0.671134 -0.741336 0
    outer loop
      vertex 201.736 1.46446 3.2
      vertex 201.372 1.13493 0
      vertex 201.736 1.46446 0
    endloop
  endfacet
  facet normal 0.741479 -0.670976 0
    outer loop
      vertex 201.736 1.46446 3.2
      vertex 202.065 1.82803 0
      vertex 202.065 1.82803 3.2
    endloop
  endfacet
  facet normal 0.741479 -0.670976 0
    outer loop
      vertex 202.065 1.82803 0
      vertex 201.736 1.46446 3.2
      vertex 201.736 1.46446 0
    endloop
  endfacet
  facet normal 0.803492 -0.595315 0
    outer loop
      vertex 202.065 1.82803 3.2
      vertex 202.357 2.22214 0
      vertex 202.357 2.22214 3.2
    endloop
  endfacet
  facet normal 0.803492 -0.595315 0
    outer loop
      vertex 202.357 2.22214 0
      vertex 202.065 1.82803 3.2
      vertex 202.065 1.82803 0
    endloop
  endfacet
  facet normal 0.857063 -0.515211 0
    outer loop
      vertex 202.357 2.22214 3.2
      vertex 202.61 2.64301 0
      vertex 202.61 2.64301 3.2
    endloop
  endfacet
  facet normal 0.857063 -0.515211 0
    outer loop
      vertex 202.61 2.64301 0
      vertex 202.357 2.22214 3.2
      vertex 202.357 2.22214 0
    endloop
  endfacet
  facet normal 0.904613 -0.426233 0
    outer loop
      vertex 202.61 2.64301 3.2
      vertex 202.819 3.08658 0
      vertex 202.819 3.08658 3.2
    endloop
  endfacet
  facet normal 0.904613 -0.426233 0
    outer loop
      vertex 202.819 3.08658 0
      vertex 202.61 2.64301 3.2
      vertex 202.61 2.64301 0
    endloop
  endfacet
  facet normal 0.941093 -0.338149 0
    outer loop
      vertex 202.819 3.08658 3.2
      vertex 202.985 3.54857 0
      vertex 202.985 3.54857 3.2
    endloop
  endfacet
  facet normal 0.941093 -0.338149 0
    outer loop
      vertex 202.985 3.54857 0
      vertex 202.819 3.08658 3.2
      vertex 202.819 3.08658 0
    endloop
  endfacet
  facet normal 0.970139 -0.24255 0
    outer loop
      vertex 202.985 3.54857 3.2
      vertex 203.104 4.02454 0
      vertex 203.104 4.02454 3.2
    endloop
  endfacet
  facet normal 0.970139 -0.24255 0
    outer loop
      vertex 203.104 4.02454 0
      vertex 202.985 3.54857 3.2
      vertex 202.985 3.54857 0
    endloop
  endfacet
  facet normal 0.989175 -0.146738 0
    outer loop
      vertex 203.104 4.02454 3.2
      vertex 203.176 4.5099 0
      vertex 203.176 4.5099 3.2
    endloop
  endfacet
  facet normal 0.989175 -0.146738 0
    outer loop
      vertex 203.176 4.5099 0
      vertex 203.104 4.02454 3.2
      vertex 203.104 4.02454 0
    endloop
  endfacet
  facet normal 0.998803 -0.048911 0
    outer loop
      vertex 203.176 4.5099 3.2
      vertex 203.2 5 0
      vertex 203.2 5 3.2
    endloop
  endfacet
  facet normal 0.998803 -0.048911 0
    outer loop
      vertex 203.2 5 0
      vertex 203.176 4.5099 3.2
      vertex 203.176 4.5099 0
    endloop
  endfacet
  facet normal 1 0 0
    outer loop
      vertex 203.2 97.6 3.2
      vertex 203.2 5 3.2
      vertex 203.2 97.6 1.2
    endloop
  endfacet
  facet normal 1 0 0
    outer loop
      vertex 203.2 105.6 1.2
      vertex 203.2 198.2 3.2
      vertex 203.2 105.6 3.2
    endloop
  endfacet
  facet normal 1 0 0
    outer loop
      vertex 203.2 198.2 3.2
      vertex 203.2 105.6 1.2
      vertex 203.2 198.2 0
    endloop
  endfacet
  facet normal 1 -0 0
    outer loop
      vertex 203.2 97.6 1.2
      vertex 203.2 198.2 0
      vertex 203.2 105.6 1.2
    endloop
  endfacet
  facet normal 1 0 0
    outer loop
      vertex 203.2 97.6 1.2
      vertex 203.2 5 0
      vertex 203.2 198.2 0
    endloop
  endfacet
  facet normal 1 0 0
    outer loop
      vertex 203.2 5 0
      vertex 203.2 97.6 1.2
      vertex 203.2 5 3.2
    endloop
  endfacet
  facet normal 0.998803 0.0489209 0
    outer loop
      vertex 203.2 198.2 3.2
      vertex 203.176 198.69 0
      vertex 203.176 198.69 3.2
    endloop
  endfacet
  facet normal 0.998803 0.0489209 0
    outer loop
      vertex 203.176 198.69 0
      vertex 203.2 198.2 3.2
      vertex 203.2 198.2 0
    endloop
  endfacet
  facet normal 0.98916 0.146844 0
    outer loop
      vertex 203.176 198.69 3.2
      vertex 203.104 199.175 0
      vertex 203.104 199.175 3.2
    endloop
  endfacet
  facet normal 0.98916 0.146844 0
    outer loop
      vertex 203.104 199.175 0
      vertex 203.176 198.69 3.2
      vertex 203.176 198.69 0
    endloop
  endfacet
  facet normal 0.970143 0.242536 0
    outer loop
      vertex 203.104 199.175 3.2
      vertex 202.985 199.651 0
      vertex 202.985 199.651 3.2
    endloop
  endfacet
  facet normal 0.970143 0.242536 0
    outer loop
      vertex 202.985 199.651 0
      vertex 203.104 199.175 3.2
      vertex 203.104 199.175 0
    endloop
  endfacet
  facet normal 0.941095 0.338142 0
    outer loop
      vertex 202.985 199.651 3.2
      vertex 202.819 200.113 0
      vertex 202.819 200.113 3.2
    endloop
  endfacet
  facet normal 0.941095 0.338142 0
    outer loop
      vertex 202.819 200.113 0
      vertex 202.985 199.651 3.2
      vertex 202.985 199.651 0
    endloop
  endfacet
  facet normal 0.904773 0.425895 0
    outer loop
      vertex 202.819 200.113 3.2
      vertex 202.61 200.557 0
      vertex 202.61 200.557 3.2
    endloop
  endfacet
  facet normal 0.904773 0.425895 0
    outer loop
      vertex 202.61 200.557 0
      vertex 202.819 200.113 3.2
      vertex 202.819 200.113 0
    endloop
  endfacet
  facet normal 0.857133 0.515094 0
    outer loop
      vertex 202.61 200.557 3.2
      vertex 202.357 200.978 0
      vertex 202.357 200.978 3.2
    endloop
  endfacet
  facet normal 0.857133 0.515094 0
    outer loop
      vertex 202.357 200.978 0
      vertex 202.61 200.557 3.2
      vertex 202.61 200.557 0
    endloop
  endfacet
  facet normal 0.803413 0.595423 0
    outer loop
      vertex 202.357 200.978 3.2
      vertex 202.065 201.372 0
      vertex 202.065 201.372 3.2
    endloop
  endfacet
  facet normal 0.803413 0.595423 0
    outer loop
      vertex 202.065 201.372 0
      vertex 202.357 200.978 3.2
      vertex 202.357 200.978 0
    endloop
  endfacet
  facet normal 0.741874 0.67054 0
    outer loop
      vertex 202.065 201.372 3.2
      vertex 201.736 201.736 0
      vertex 201.736 201.736 3.2
    endloop
  endfacet
  facet normal 0.741874 0.67054 0
    outer loop
      vertex 201.736 201.736 0
      vertex 202.065 201.372 3.2
      vertex 202.065 201.372 0
    endloop
  endfacet
  facet normal 0.67054 0.741874 -0
    outer loop
      vertex 201.736 201.736 0
      vertex 201.372 202.065 3.2
      vertex 201.736 201.736 3.2
    endloop
  endfacet
  facet normal 0.67054 0.741874 0
    outer loop
      vertex 201.372 202.065 3.2
      vertex 201.736 201.736 0
      vertex 201.372 202.065 0
    endloop
  endfacet
  facet normal 0.595423 0.803413 -0
    outer loop
      vertex 201.372 202.065 0
      vertex 200.978 202.357 3.2
      vertex 201.372 202.065 3.2
    endloop
  endfacet
  facet normal 0.595423 0.803413 0
    outer loop
      vertex 200.978 202.357 3.2
      vertex 201.372 202.065 0
      vertex 200.978 202.357 0
    endloop
  endfacet
  facet normal 0.515094 0.857133 -0
    outer loop
      vertex 200.978 202.357 0
      vertex 200.557 202.61 3.2
      vertex 200.978 202.357 3.2
    endloop
  endfacet
  facet normal 0.515094 0.857133 0
    outer loop
      vertex 200.557 202.61 3.2
      vertex 200.978 202.357 0
      vertex 200.557 202.61 0
    endloop
  endfacet
  facet normal 0.425895 0.904773 -0
    outer loop
      vertex 200.557 202.61 0
      vertex 200.113 202.819 3.2
      vertex 200.557 202.61 3.2
    endloop
  endfacet
  facet normal 0.425895 0.904773 0
    outer loop
      vertex 200.113 202.819 3.2
      vertex 200.557 202.61 0
      vertex 200.113 202.819 0
    endloop
  endfacet
  facet normal 0.338142 0.941095 -0
    outer loop
      vertex 200.113 202.819 0
      vertex 199.651 202.985 3.2
      vertex 200.113 202.819 3.2
    endloop
  endfacet
  facet normal 0.338142 0.941095 0
    outer loop
      vertex 199.651 202.985 3.2
      vertex 200.113 202.819 0
      vertex 199.651 202.985 0
    endloop
  endfacet
  facet normal 0.242536 0.970143 -0
    outer loop
      vertex 199.651 202.985 0
      vertex 199.175 203.104 3.2
      vertex 199.651 202.985 3.2
    endloop
  endfacet
  facet normal 0.242536 0.970143 0
    outer loop
      vertex 199.175 203.104 3.2
      vertex 199.651 202.985 0
      vertex 199.175 203.104 0
    endloop
  endfacet
  facet normal 0.146844 0.98916 -0
    outer loop
      vertex 199.175 203.104 0
      vertex 198.69 203.176 3.2
      vertex 199.175 203.104 3.2
    endloop
  endfacet
  facet normal 0.146844 0.98916 0
    outer loop
      vertex 198.69 203.176 3.2
      vertex 199.175 203.104 0
      vertex 198.69 203.176 0
    endloop
  endfacet
  facet normal 0.0489209 0.998803 -0
    outer loop
      vertex 198.69 203.176 0
      vertex 198.2 203.2 3.2
      vertex 198.69 203.176 3.2
    endloop
  endfacet
  facet normal 0.0489209 0.998803 0
    outer loop
      vertex 198.2 203.2 3.2
      vertex 198.69 203.176 0
      vertex 198.2 203.2 0
    endloop
  endfacet
  facet normal 0 1 0
    outer loop
      vertex 198.2 203.2 3.2
      vertex 105.6 203.2 1.2
      vertex 105.6 203.2 3.2
    endloop
  endfacet
  facet normal 0 1 0
    outer loop
      vertex 105.6 203.2 1.2
      vertex 198.2 203.2 0
      vertex 97.6 203.2 1.2
    endloop
  endfacet
  facet normal 0 1 -0
    outer loop
      vertex 198.2 203.2 0
      vertex 105.6 203.2 1.2
      vertex 198.2 203.2 3.2
    endloop
  endfacet
  facet normal 0 1 -0
    outer loop
      vertex 97.6 203.2 1.2
      vertex 5 203.2 3.2
      vertex 97.6 203.2 3.2
    endloop
  endfacet
  facet normal 0 1 0
    outer loop
      vertex 97.6 203.2 1.2
      vertex 5 203.2 0
      vertex 5 203.2 3.2
    endloop
  endfacet
  facet normal 0 1 0
    outer loop
      vertex 5 203.2 0
      vertex 97.6 203.2 1.2
      vertex 198.2 203.2 0
    endloop
  endfacet
  facet normal -0.048911 0.998803 0
    outer loop
      vertex 5 203.2 0
      vertex 4.5099 203.176 3.2
      vertex 5 203.2 3.2
    endloop
  endfacet
  facet normal -0.048911 0.998803 0
    outer loop
      vertex 4.5099 203.176 3.2
      vertex 5 203.2 0
      vertex 4.5099 203.176 0
    endloop
  endfacet
  facet normal -0.146738 0.989175 0
    outer loop
      vertex 4.5099 203.176 0
      vertex 4.02454 203.104 3.2
      vertex 4.5099 203.176 3.2
    endloop
  endfacet
  facet normal -0.146738 0.989175 0
    outer loop
      vertex 4.02454 203.104 3.2
      vertex 4.5099 203.176 0
      vertex 4.02454 203.104 0
    endloop
  endfacet
  facet normal -0.24255 0.970139 0
    outer loop
      vertex 4.02454 203.104 0
      vertex 3.54857 202.985 3.2
      vertex 4.02454 203.104 3.2
    endloop
  endfacet
  facet normal -0.24255 0.970139 0
    outer loop
      vertex 3.54857 202.985 3.2
      vertex 4.02454 203.104 0
      vertex 3.54857 202.985 0
    endloop
  endfacet
  facet normal -0.338149 0.941093 0
    outer loop
      vertex 3.54857 202.985 0
      vertex 3.08658 202.819 3.2
      vertex 3.54857 202.985 3.2
    endloop
  endfacet
  facet normal -0.338149 0.941093 0
    outer loop
      vertex 3.08658 202.819 3.2
      vertex 3.54857 202.985 0
      vertex 3.08658 202.819 0
    endloop
  endfacet
  facet normal -0.426233 0.904613 0
    outer loop
      vertex 3.08658 202.819 0
      vertex 2.64301 202.61 3.2
      vertex 3.08658 202.819 3.2
    endloop
  endfacet
  facet normal -0.426233 0.904613 0
    outer loop
      vertex 2.64301 202.61 3.2
      vertex 3.08658 202.819 0
      vertex 2.64301 202.61 0
    endloop
  endfacet
  facet normal -0.515211 0.857063 0
    outer loop
      vertex 2.64301 202.61 0
      vertex 2.22214 202.357 3.2
      vertex 2.64301 202.61 3.2
    endloop
  endfacet
  facet normal -0.515211 0.857063 0
    outer loop
      vertex 2.22214 202.357 3.2
      vertex 2.64301 202.61 0
      vertex 2.22214 202.357 0
    endloop
  endfacet
  facet normal -0.595315 0.803492 0
    outer loop
      vertex 2.22214 202.357 0
      vertex 1.82803 202.065 3.2
      vertex 2.22214 202.357 3.2
    endloop
  endfacet
  facet normal -0.595315 0.803492 0
    outer loop
      vertex 1.82803 202.065 3.2
      vertex 2.22214 202.357 0
      vertex 1.82803 202.065 0
    endloop
  endfacet
  facet normal -0.670976 0.741479 0
    outer loop
      vertex 1.82803 202.065 0
      vertex 1.46446 201.736 3.2
      vertex 1.82803 202.065 3.2
    endloop
  endfacet
  facet normal -0.670976 0.741479 0
    outer loop
      vertex 1.46446 201.736 3.2
      vertex 1.82803 202.065 0
      vertex 1.46446 201.736 0
    endloop
  endfacet
  facet normal -0.741336 0.671134 0
    outer loop
      vertex 1.13493 201.372 0
      vertex 1.46446 201.736 3.2
      vertex 1.46446 201.736 0
    endloop
  endfacet
  facet normal -0.741336 0.671134 0
    outer loop
      vertex 1.46446 201.736 3.2
      vertex 1.13493 201.372 0
      vertex 1.13493 201.372 3.2
    endloop
  endfacet
  facet normal -0.803141 0.59579 0
    outer loop
      vertex 0.842651 200.978 0
      vertex 1.13493 201.372 3.2
      vertex 1.13493 201.372 0
    endloop
  endfacet
  facet normal -0.803141 0.59579 0
    outer loop
      vertex 1.13493 201.372 3.2
      vertex 0.842651 200.978 0
      vertex 0.842651 200.978 3.2
    endloop
  endfacet
  facet normal -0.8578 0.513983 0
    outer loop
      vertex 0.590393 200.557 0
      vertex 0.842651 200.978 3.2
      vertex 0.842651 200.978 0
    endloop
  endfacet
  facet normal -0.8578 0.513983 0
    outer loop
      vertex 0.842651 200.978 3.2
      vertex 0.590393 200.557 0
      vertex 0.590393 200.557 3.2
    endloop
  endfacet
  facet normal -0.904149 0.427217 0
    outer loop
      vertex 0.3806 200.113 0
      vertex 0.590393 200.557 3.2
      vertex 0.590393 200.557 0
    endloop
  endfacet
  facet normal -0.904149 0.427217 0
    outer loop
      vertex 0.590393 200.557 3.2
      vertex 0.3806 200.113 0
      vertex 0.3806 200.113 3.2
    endloop
  endfacet
  facet normal -0.941539 0.336904 0
    outer loop
      vertex 0.215286 199.651 0
      vertex 0.3806 200.113 3.2
      vertex 0.3806 200.113 0
    endloop
  endfacet
  facet normal -0.941539 0.336904 0
    outer loop
      vertex 0.3806 200.113 3.2
      vertex 0.215286 199.651 0
      vertex 0.215286 199.651 3.2
    endloop
  endfacet
  facet normal -0.970039 0.242951 0
    outer loop
      vertex 0.0960693 199.175 0
      vertex 0.215286 199.651 3.2
      vertex 0.215286 199.651 0
    endloop
  endfacet
  facet normal -0.970039 0.242951 0
    outer loop
      vertex 0.215286 199.651 3.2
      vertex 0.0960693 199.175 0
      vertex 0.0960693 199.175 3.2
    endloop
  endfacet
  facet normal -0.989158 0.146857 0
    outer loop
      vertex 0.0240631 198.69 0
      vertex 0.0960693 199.175 3.2
      vertex 0.0960693 199.175 0
    endloop
  endfacet
  facet normal -0.989158 0.146857 0
    outer loop
      vertex 0.0960693 199.175 3.2
      vertex 0.0240631 198.69 0
      vertex 0.0240631 198.69 3.2
    endloop
  endfacet
  facet normal -0.998796 0.0490493 0
    outer loop
      vertex 0 198.2 0
      vertex 0.0240631 198.69 3.2
      vertex 0.0240631 198.69 0
    endloop
  endfacet
  facet normal -0.998796 0.0490493 0
    outer loop
      vertex 0.0240631 198.69 3.2
      vertex 0 198.2 0
      vertex 0 198.2 3.2
    endloop
  endfacet
  facet normal -0.998797 -0.0490393 0
    outer loop
      vertex 0.0240631 4.5099 0
      vertex 0 5 3.2
      vertex 0 5 0
    endloop
  endfacet
  facet normal -0.998797 -0.0490393 0
    outer loop
      vertex 0 5 3.2
      vertex 0.0240631 4.5099 0
      vertex 0.0240631 4.5099 3.2
    endloop
  endfacet
  facet normal -0.989174 -0.14675 0
    outer loop
      vertex 0.0960693 4.02454 0
      vertex 0.0240631 4.5099 3.2
      vertex 0.0240631 4.5099 0
    endloop
  endfacet
  facet normal -0.989174 -0.14675 0
    outer loop
      vertex 0.0240631 4.5099 3.2
      vertex 0.0960693 4.02454 0
      vertex 0.0960693 4.02454 3.2
    endloop
  endfacet
  facet normal -0.970035 -0.242966 0
    outer loop
      vertex 0.215286 3.54857 0
      vertex 0.0960693 4.02454 3.2
      vertex 0.0960693 4.02454 0
    endloop
  endfacet
  facet normal -0.970035 -0.242966 0
    outer loop
      vertex 0.0960693 4.02454 3.2
      vertex 0.215286 3.54857 0
      vertex 0.215286 3.54857 3.2
    endloop
  endfacet
  facet normal -0.941537 -0.33691 0
    outer loop
      vertex 0.3806 3.08658 0
      vertex 0.215286 3.54857 3.2
      vertex 0.215286 3.54857 0
    endloop
  endfacet
  facet normal -0.941537 -0.33691 0
    outer loop
      vertex 0.215286 3.54857 3.2
      vertex 0.3806 3.08658 0
      vertex 0.3806 3.08658 3.2
    endloop
  endfacet
  facet normal -0.903989 -0.427555 0
    outer loop
      vertex 0.590393 2.64301 0
      vertex 0.3806 3.08658 3.2
      vertex 0.3806 3.08658 0
    endloop
  endfacet
  facet normal -0.903989 -0.427555 0
    outer loop
      vertex 0.3806 3.08658 3.2
      vertex 0.590393 2.64301 0
      vertex 0.590393 2.64301 3.2
    endloop
  endfacet
  facet normal -0.85773 -0.5141 0
    outer loop
      vertex 0.842651 2.22214 0
      vertex 0.590393 2.64301 3.2
      vertex 0.590393 2.64301 0
    endloop
  endfacet
  facet normal -0.85773 -0.5141 0
    outer loop
      vertex 0.590393 2.64301 3.2
      vertex 0.842651 2.22214 0
      vertex 0.842651 2.22214 3.2
    endloop
  endfacet
  facet normal -0.80322 -0.595682 0
    outer loop
      vertex 1.13493 1.82803 0
      vertex 0.842651 2.22214 3.2
      vertex 0.842651 2.22214 0
    endloop
  endfacet
  facet normal -0.80322 -0.595682 0
    outer loop
      vertex 0.842651 2.22214 3.2
      vertex 1.13493 1.82803 0
      vertex 1.13493 1.82803 3.2
    endloop
  endfacet
  facet normal -0.740942 -0.671569 0
    outer loop
      vertex 1.46446 1.46446 0
      vertex 1.13493 1.82803 3.2
      vertex 1.13493 1.82803 0
    endloop
  endfacet
  facet normal -0.740942 -0.671569 0
    outer loop
      vertex 1.13493 1.82803 3.2
      vertex 1.46446 1.46446 0
      vertex 1.46446 1.46446 3.2
    endloop
  endfacet
  facet normal -0.671569 -0.740942 0
    outer loop
      vertex 1.46446 1.46446 0
      vertex 1.82803 1.13493 3.2
      vertex 1.46446 1.46446 3.2
    endloop
  endfacet
  facet normal -0.671569 -0.740942 -0
    outer loop
      vertex 1.82803 1.13493 3.2
      vertex 1.46446 1.46446 0
      vertex 1.82803 1.13493 0
    endloop
  endfacet
  facet normal -0.595682 -0.80322 0
    outer loop
      vertex 1.82803 1.13493 0
      vertex 2.22214 0.842651 3.2
      vertex 1.82803 1.13493 3.2
    endloop
  endfacet
  facet normal -0.595682 -0.80322 -0
    outer loop
      vertex 2.22214 0.842651 3.2
      vertex 1.82803 1.13493 0
      vertex 2.22214 0.842651 0
    endloop
  endfacet
  facet normal -0.5141 -0.85773 0
    outer loop
      vertex 2.22214 0.842651 0
      vertex 2.64301 0.590393 3.2
      vertex 2.22214 0.842651 3.2
    endloop
  endfacet
  facet normal -0.5141 -0.85773 -0
    outer loop
      vertex 2.64301 0.590393 3.2
      vertex 2.22214 0.842651 0
      vertex 2.64301 0.590393 0
    endloop
  endfacet
  facet normal -0.427555 -0.903989 0
    outer loop
      vertex 2.64301 0.590393 0
      vertex 3.08658 0.3806 3.2
      vertex 2.64301 0.590393 3.2
    endloop
  endfacet
  facet normal -0.427555 -0.903989 -0
    outer loop
      vertex 3.08658 0.3806 3.2
      vertex 2.64301 0.590393 0
      vertex 3.08658 0.3806 0
    endloop
  endfacet
  facet normal -0.33691 -0.941537 0
    outer loop
      vertex 3.08658 0.3806 0
      vertex 3.54857 0.215286 3.2
      vertex 3.08658 0.3806 3.2
    endloop
  endfacet
  facet normal -0.33691 -0.941537 -0
    outer loop
      vertex 3.54857 0.215286 3.2
      vertex 3.08658 0.3806 0
      vertex 3.54857 0.215286 0
    endloop
  endfacet
  facet normal -0.242966 -0.970035 0
    outer loop
      vertex 3.54857 0.215286 0
      vertex 4.02454 0.0960693 3.2
      vertex 3.54857 0.215286 3.2
    endloop
  endfacet
  facet normal -0.242966 -0.970035 -0
    outer loop
      vertex 4.02454 0.0960693 3.2
      vertex 3.54857 0.215286 0
      vertex 4.02454 0.0960693 0
    endloop
  endfacet
  facet normal -0.14675 -0.989174 0
    outer loop
      vertex 4.02454 0.0960693 0
      vertex 4.5099 0.0240631 3.2
      vertex 4.02454 0.0960693 3.2
    endloop
  endfacet
  facet normal -0.14675 -0.989174 -0
    outer loop
      vertex 4.5099 0.0240631 3.2
      vertex 4.02454 0.0960693 0
      vertex 4.5099 0.0240631 0
    endloop
  endfacet
  facet normal -0.0490393 -0.998797 0
    outer loop
      vertex 4.5099 0.0240631 0
      vertex 5 0 3.2
      vertex 4.5099 0.0240631 3.2
    endloop
  endfacet
  facet normal -0.0490393 -0.998797 -0
    outer loop
      vertex 5 0 3.2
      vertex 4.5099 0.0240631 0
      vertex 5 0 0
    endloop
  endfacet
  facet normal 0.0490493 -0.998796 0
    outer loop
      vertex 198.2 0 0
      vertex 198.69 0.0240631 3.2
      vertex 198.2 0 3.2
    endloop
  endfacet
  facet normal 0.0490493 -0.998796 0
    outer loop
      vertex 198.69 0.0240631 3.2
      vertex 198.2 0 0
      vertex 198.69 0.0240631 0
    endloop
  endfacet
  facet normal 0.0489044 0.998803 -0
    outer loop
      vertex 19.75 16.75 0
      vertex 19.4559 16.7644 3.2
      vertex 19.75 16.75 3.2
    endloop
  endfacet
  facet normal 0.0489044 0.998803 0
    outer loop
      vertex 19.4559 16.7644 3.2
      vertex 19.75 16.75 0
      vertex 19.4559 16.7644 0
    endloop
  endfacet
  facet normal 0.146746 0.989174 -0
    outer loop
      vertex 19.4559 16.7644 0
      vertex 19.1647 16.8076 3.2
      vertex 19.4559 16.7644 3.2
    endloop
  endfacet
  facet normal 0.146746 0.989174 0
    outer loop
      vertex 19.1647 16.8076 3.2
      vertex 19.4559 16.7644 0
      vertex 19.1647 16.8076 0
    endloop
  endfacet
  facet normal 0.243175 0.969982 -0
    outer loop
      vertex 19.1647 16.8076 0
      vertex 18.8791 16.8792 3.2
      vertex 19.1647 16.8076 3.2
    endloop
  endfacet
  facet normal 0.243175 0.969982 0
    outer loop
      vertex 18.8791 16.8792 3.2
      vertex 19.1647 16.8076 0
      vertex 18.8791 16.8792 0
    endloop
  endfacet
  facet normal 0.336638 0.941634 -0
    outer loop
      vertex 18.8791 16.8792 0
      vertex 18.6019 16.9783 3.2
      vertex 18.8791 16.8792 3.2
    endloop
  endfacet
  facet normal 0.336638 0.941634 0
    outer loop
      vertex 18.6019 16.9783 3.2
      vertex 18.8791 16.8792 0
      vertex 18.6019 16.9783 0
    endloop
  endfacet
  facet normal 0.427677 0.903931 -0
    outer loop
      vertex 18.6019 16.9783 0
      vertex 18.3358 17.1042 3.2
      vertex 18.6019 16.9783 3.2
    endloop
  endfacet
  facet normal 0.427677 0.903931 0
    outer loop
      vertex 18.3358 17.1042 3.2
      vertex 18.6019 16.9783 0
      vertex 18.3358 17.1042 0
    endloop
  endfacet
  facet normal 0.514246 0.857643 -0
    outer loop
      vertex 18.3358 17.1042 0
      vertex 18.0833 17.2556 3.2
      vertex 18.3358 17.1042 3.2
    endloop
  endfacet
  facet normal 0.514246 0.857643 0
    outer loop
      vertex 18.0833 17.2556 3.2
      vertex 18.3358 17.1042 0
      vertex 18.0833 17.2556 0
    endloop
  endfacet
  facet normal 0.595699 0.803208 -0
    outer loop
      vertex 18.0833 17.2556 0
      vertex 17.8468 17.431 3.2
      vertex 18.0833 17.2556 3.2
    endloop
  endfacet
  facet normal 0.595699 0.803208 0
    outer loop
      vertex 17.8468 17.431 3.2
      vertex 18.0833 17.2556 0
      vertex 17.8468 17.431 0
    endloop
  endfacet
  facet normal 0.671607 0.740908 -0
    outer loop
      vertex 17.8468 17.431 0
      vertex 17.6287 17.6287 3.2
      vertex 17.8468 17.431 3.2
    endloop
  endfacet
  facet normal 0.671607 0.740908 0
    outer loop
      vertex 17.6287 17.6287 3.2
      vertex 17.8468 17.431 0
      vertex 17.6287 17.6287 0
    endloop
  endfacet
  facet normal 0.740908 0.671607 0
    outer loop
      vertex 17.6287 17.6287 3.2
      vertex 17.431 17.8468 0
      vertex 17.431 17.8468 3.2
    endloop
  endfacet
  facet normal 0.740908 0.671607 0
    outer loop
      vertex 17.431 17.8468 0
      vertex 17.6287 17.6287 3.2
      vertex 17.6287 17.6287 0
    endloop
  endfacet
  facet normal 0.803208 0.595699 0
    outer loop
      vertex 17.431 17.8468 3.2
      vertex 17.2556 18.0833 0
      vertex 17.2556 18.0833 3.2
    endloop
  endfacet
  facet normal 0.803208 0.595699 0
    outer loop
      vertex 17.2556 18.0833 0
      vertex 17.431 17.8468 3.2
      vertex 17.431 17.8468 0
    endloop
  endfacet
  facet normal 0.857643 0.514246 0
    outer loop
      vertex 17.2556 18.0833 3.2
      vertex 17.1042 18.3358 0
      vertex 17.1042 18.3358 3.2
    endloop
  endfacet
  facet normal 0.857643 0.514246 0
    outer loop
      vertex 17.1042 18.3358 0
      vertex 17.2556 18.0833 3.2
      vertex 17.2556 18.0833 0
    endloop
  endfacet
  facet normal 0.903931 0.427677 0
    outer loop
      vertex 17.1042 18.3358 3.2
      vertex 16.9783 18.6019 0
      vertex 16.9783 18.6019 3.2
    endloop
  endfacet
  facet normal 0.903931 0.427677 0
    outer loop
      vertex 16.9783 18.6019 0
      vertex 17.1042 18.3358 3.2
      vertex 17.1042 18.3358 0
    endloop
  endfacet
  facet normal 0.941634 0.336638 0
    outer loop
      vertex 16.9783 18.6019 3.2
      vertex 16.8792 18.8791 0
      vertex 16.8792 18.8791 3.2
    endloop
  endfacet
  facet normal 0.941634 0.336638 0
    outer loop
      vertex 16.8792 18.8791 0
      vertex 16.9783 18.6019 3.2
      vertex 16.9783 18.6019 0
    endloop
  endfacet
  facet normal 0.969982 0.243175 0
    outer loop
      vertex 16.8792 18.8791 3.2
      vertex 16.8076 19.1647 0
      vertex 16.8076 19.1647 3.2
    endloop
  endfacet
  facet normal 0.969982 0.243175 0
    outer loop
      vertex 16.8076 19.1647 0
      vertex 16.8792 18.8791 3.2
      vertex 16.8792 18.8791 0
    endloop
  endfacet
  facet normal 0.989174 0.146746 0
    outer loop
      vertex 16.8076 19.1647 3.2
      vertex 16.7644 19.4559 0
      vertex 16.7644 19.4559 3.2
    endloop
  endfacet
  facet normal 0.989174 0.146746 0
    outer loop
      vertex 16.7644 19.4559 0
      vertex 16.8076 19.1647 3.2
      vertex 16.8076 19.1647 0
    endloop
  endfacet
  facet normal 0.998803 0.0489044 0
    outer loop
      vertex 16.7644 19.4559 3.2
      vertex 16.75 19.75 0
      vertex 16.75 19.75 3.2
    endloop
  endfacet
  facet normal 0.998803 0.0489044 0
    outer loop
      vertex 16.75 19.75 0
      vertex 16.7644 19.4559 3.2
      vertex 16.7644 19.4559 0
    endloop
  endfacet
  facet normal 1 -0 0
    outer loop
      vertex 16.75 19.75 3.2
      vertex 16.75 183.45 0
      vertex 16.75 183.45 3.2
    endloop
  endfacet
  facet normal 1 0 0
    outer loop
      vertex 16.75 183.45 0
      vertex 16.75 19.75 3.2
      vertex 16.75 19.75 0
    endloop
  endfacet
  facet normal 0.998803 -0.0489209 0
    outer loop
      vertex 16.75 183.45 3.2
      vertex 16.7644 183.744 0
      vertex 16.7644 183.744 3.2
    endloop
  endfacet
  facet normal 0.998803 -0.0489209 0
    outer loop
      vertex 16.7644 183.744 0
      vertex 16.75 183.45 3.2
      vertex 16.75 183.45 0
    endloop
  endfacet
  facet normal 0.98916 -0.146844 0
    outer loop
      vertex 16.7644 183.744 3.2
      vertex 16.8076 184.035 0
      vertex 16.8076 184.035 3.2
    endloop
  endfacet
  facet normal 0.98916 -0.146844 0
    outer loop
      vertex 16.8076 184.035 0
      vertex 16.7644 183.744 3.2
      vertex 16.7644 183.744 0
    endloop
  endfacet
  facet normal 0.970063 -0.242855 0
    outer loop
      vertex 16.8076 184.035 3.2
      vertex 16.8792 184.321 0
      vertex 16.8792 184.321 3.2
    endloop
  endfacet
  facet normal 0.970063 -0.242855 0
    outer loop
      vertex 16.8792 184.321 0
      vertex 16.8076 184.035 3.2
      vertex 16.8076 184.035 0
    endloop
  endfacet
  facet normal 0.941557 -0.336853 0
    outer loop
      vertex 16.8792 184.321 3.2
      vertex 16.9783 184.598 0
      vertex 16.9783 184.598 3.2
    endloop
  endfacet
  facet normal 0.941557 -0.336853 0
    outer loop
      vertex 16.9783 184.598 0
      vertex 16.8792 184.321 3.2
      vertex 16.8792 184.321 0
    endloop
  endfacet
  facet normal 0.903869 -0.427809 0
    outer loop
      vertex 16.9783 184.598 3.2
      vertex 17.1042 184.864 0
      vertex 17.1042 184.864 3.2
    endloop
  endfacet
  facet normal 0.903869 -0.427809 0
    outer loop
      vertex 17.1042 184.864 0
      vertex 16.9783 184.598 3.2
      vertex 16.9783 184.598 0
    endloop
  endfacet
  facet normal 0.858091 -0.513498 0
    outer loop
      vertex 17.1042 184.864 3.2
      vertex 17.2556 185.117 0
      vertex 17.2556 185.117 3.2
    endloop
  endfacet
  facet normal 0.858091 -0.513498 0
    outer loop
      vertex 17.2556 185.117 0
      vertex 17.1042 184.864 3.2
      vertex 17.1042 184.864 0
    endloop
  endfacet
  facet normal 0.802604 -0.596512 0
    outer loop
      vertex 17.2556 185.117 3.2
      vertex 17.431 185.353 0
      vertex 17.431 185.353 3.2
    endloop
  endfacet
  facet normal 0.802604 -0.596512 0
    outer loop
      vertex 17.431 185.353 0
      vertex 17.2556 185.117 3.2
      vertex 17.2556 185.117 0
    endloop
  endfacet
  facet normal 0.740754 -0.671776 0
    outer loop
      vertex 17.431 185.353 3.2
      vertex 17.6287 185.571 0
      vertex 17.6287 185.571 3.2
    endloop
  endfacet
  facet normal 0.740754 -0.671776 0
    outer loop
      vertex 17.6287 185.571 0
      vertex 17.431 185.353 3.2
      vertex 17.431 185.353 0
    endloop
  endfacet
  facet normal 0.672166 -0.740401 0
    outer loop
      vertex 17.6287 185.571 0
      vertex 17.8468 185.769 3.2
      vertex 17.6287 185.571 3.2
    endloop
  endfacet
  facet normal 0.672166 -0.740401 0
    outer loop
      vertex 17.8468 185.769 3.2
      vertex 17.6287 185.571 0
      vertex 17.8468 185.769 0
    endloop
  endfacet
  facet normal 0.594821 -0.803858 0
    outer loop
      vertex 17.8468 185.769 0
      vertex 18.0833 185.944 3.2
      vertex 17.8468 185.769 3.2
    endloop
  endfacet
  facet normal 0.594821 -0.803858 0
    outer loop
      vertex 18.0833 185.944 3.2
      vertex 17.8468 185.769 0
      vertex 18.0833 185.944 0
    endloop
  endfacet
  facet normal 0.515743 -0.856744 0
    outer loop
      vertex 18.0833 185.944 0
      vertex 18.3358 186.096 3.2
      vertex 18.0833 185.944 3.2
    endloop
  endfacet
  facet normal 0.515743 -0.856744 0
    outer loop
      vertex 18.3358 186.096 3.2
      vertex 18.0833 185.944 0
      vertex 18.3358 186.096 0
    endloop
  endfacet
  facet normal 0.427955 -0.9038 0
    outer loop
      vertex 18.3358 186.096 0
      vertex 18.6019 186.222 3.2
      vertex 18.3358 186.096 3.2
    endloop
  endfacet
  facet normal 0.427955 -0.9038 0
    outer loop
      vertex 18.6019 186.222 3.2
      vertex 18.3358 186.096 0
      vertex 18.6019 186.222 0
    endloop
  endfacet
  facet normal 0.336336 -0.941742 0
    outer loop
      vertex 18.6019 186.222 0
      vertex 18.8791 186.321 3.2
      vertex 18.6019 186.222 3.2
    endloop
  endfacet
  facet normal 0.336336 -0.941742 0
    outer loop
      vertex 18.8791 186.321 3.2
      vertex 18.6019 186.222 0
      vertex 18.8791 186.321 0
    endloop
  endfacet
  facet normal 0.241256 -0.970461 0
    outer loop
      vertex 18.8791 186.321 0
      vertex 19.1647 186.392 3.2
      vertex 18.8791 186.321 3.2
    endloop
  endfacet
  facet normal 0.241256 -0.970461 0
    outer loop
      vertex 19.1647 186.392 3.2
      vertex 18.8791 186.321 0
      vertex 19.1647 186.392 0
    endloop
  endfacet
  facet normal 0.149403 -0.988776 0
    outer loop
      vertex 19.1647 186.392 0
      vertex 19.4559 186.436 3.2
      vertex 19.1647 186.392 3.2
    endloop
  endfacet
  facet normal 0.149403 -0.988776 0
    outer loop
      vertex 19.4559 186.436 3.2
      vertex 19.1647 186.392 0
      vertex 19.4559 186.436 0
    endloop
  endfacet
  facet normal 0.047549 -0.998869 0
    outer loop
      vertex 19.4559 186.436 0
      vertex 19.75 186.45 3.2
      vertex 19.4559 186.436 3.2
    endloop
  endfacet
  facet normal 0.047549 -0.998869 0
    outer loop
      vertex 19.75 186.45 3.2
      vertex 19.4559 186.436 0
      vertex 19.75 186.45 0
    endloop
  endfacet
  facet normal 0 -1 0
    outer loop
      vertex 19.75 186.45 0
      vertex 183.45 186.45 3.2
      vertex 19.75 186.45 3.2
    endloop
  endfacet
  facet normal 0 -1 -0
    outer loop
      vertex 183.45 186.45 3.2
      vertex 19.75 186.45 0
      vertex 183.45 186.45 0
    endloop
  endfacet
  facet normal -0.0475651 -0.998868 0
    outer loop
      vertex 183.45 186.45 0
      vertex 183.744 186.436 3.2
      vertex 183.45 186.45 3.2
    endloop
  endfacet
  facet normal -0.0475651 -0.998868 -0
    outer loop
      vertex 183.744 186.436 3.2
      vertex 183.45 186.45 0
      vertex 183.744 186.436 0
    endloop
  endfacet
  facet normal -0.149503 -0.988761 0
    outer loop
      vertex 183.744 186.436 0
      vertex 184.035 186.392 3.2
      vertex 183.744 186.436 3.2
    endloop
  endfacet
  facet normal -0.149503 -0.988761 -0
    outer loop
      vertex 184.035 186.392 3.2
      vertex 183.744 186.436 0
      vertex 184.035 186.392 0
    endloop
  endfacet
  facet normal -0.240938 -0.97054 0
    outer loop
      vertex 184.035 186.392 0
      vertex 184.321 186.321 3.2
      vertex 184.035 186.392 3.2
    endloop
  endfacet
  facet normal -0.240938 -0.97054 -0
    outer loop
      vertex 184.321 186.321 3.2
      vertex 184.035 186.392 0
      vertex 184.321 186.321 0
    endloop
  endfacet
  facet normal -0.336552 -0.941665 0
    outer loop
      vertex 184.321 186.321 0
      vertex 184.598 186.222 3.2
      vertex 184.321 186.321 3.2
    endloop
  endfacet
  facet normal -0.336552 -0.941665 -0
    outer loop
      vertex 184.598 186.222 3.2
      vertex 184.321 186.321 0
      vertex 184.598 186.222 0
    endloop
  endfacet
  facet normal -0.428086 -0.903738 0
    outer loop
      vertex 184.598 186.222 0
      vertex 184.864 186.096 3.2
      vertex 184.598 186.222 3.2
    endloop
  endfacet
  facet normal -0.428086 -0.903738 -0
    outer loop
      vertex 184.864 186.096 3.2
      vertex 184.598 186.222 0
      vertex 184.864 186.096 0
    endloop
  endfacet
  facet normal -0.514994 -0.857194 0
    outer loop
      vertex 184.864 186.096 0
      vertex 185.117 185.944 3.2
      vertex 184.864 186.096 3.2
    endloop
  endfacet
  facet normal -0.514994 -0.857194 -0
    outer loop
      vertex 185.117 185.944 3.2
      vertex 184.864 186.096 0
      vertex 185.117 185.944 0
    endloop
  endfacet
  facet normal -0.595634 -0.803256 0
    outer loop
      vertex 185.117 185.944 0
      vertex 185.353 185.769 3.2
      vertex 185.117 185.944 3.2
    endloop
  endfacet
  facet normal -0.595634 -0.803256 -0
    outer loop
      vertex 185.353 185.769 3.2
      vertex 185.117 185.944 0
      vertex 185.353 185.769 0
    endloop
  endfacet
  facet normal -0.672335 -0.740247 0
    outer loop
      vertex 185.353 185.769 0
      vertex 185.571 185.571 3.2
      vertex 185.353 185.769 3.2
    endloop
  endfacet
  facet normal -0.672335 -0.740247 -0
    outer loop
      vertex 185.571 185.571 3.2
      vertex 185.353 185.769 0
      vertex 185.571 185.571 0
    endloop
  endfacet
  facet normal -0.740247 -0.672335 0
    outer loop
      vertex 185.769 185.353 0
      vertex 185.571 185.571 3.2
      vertex 185.571 185.571 0
    endloop
  endfacet
  facet normal -0.740247 -0.672335 0
    outer loop
      vertex 185.571 185.571 3.2
      vertex 185.769 185.353 0
      vertex 185.769 185.353 3.2
    endloop
  endfacet
  facet normal -0.803256 -0.595634 0
    outer loop
      vertex 185.944 185.117 0
      vertex 185.769 185.353 3.2
      vertex 185.769 185.353 0
    endloop
  endfacet
  facet normal -0.803256 -0.595634 0
    outer loop
      vertex 185.769 185.353 3.2
      vertex 185.944 185.117 0
      vertex 185.944 185.117 3.2
    endloop
  endfacet
  facet normal -0.857194 -0.514994 0
    outer loop
      vertex 186.096 184.864 0
      vertex 185.944 185.117 3.2
      vertex 185.944 185.117 0
    endloop
  endfacet
  facet normal -0.857194 -0.514994 0
    outer loop
      vertex 185.944 185.117 3.2
      vertex 186.096 184.864 0
      vertex 186.096 184.864 3.2
    endloop
  endfacet
  facet normal -0.903738 -0.428086 0
    outer loop
      vertex 186.222 184.598 0
      vertex 186.096 184.864 3.2
      vertex 186.096 184.864 0
    endloop
  endfacet
  facet normal -0.903738 -0.428086 0
    outer loop
      vertex 186.096 184.864 3.2
      vertex 186.222 184.598 0
      vertex 186.222 184.598 3.2
    endloop
  endfacet
  facet normal -0.941665 -0.336552 0
    outer loop
      vertex 186.321 184.321 0
      vertex 186.222 184.598 3.2
      vertex 186.222 184.598 0
    endloop
  endfacet
  facet normal -0.941665 -0.336552 0
    outer loop
      vertex 186.222 184.598 3.2
      vertex 186.321 184.321 0
      vertex 186.321 184.321 3.2
    endloop
  endfacet
  facet normal -0.97054 -0.240938 0
    outer loop
      vertex 186.392 184.035 0
      vertex 186.321 184.321 3.2
      vertex 186.321 184.321 0
    endloop
  endfacet
  facet normal -0.97054 -0.240938 0
    outer loop
      vertex 186.321 184.321 3.2
      vertex 186.392 184.035 0
      vertex 186.392 184.035 3.2
    endloop
  endfacet
  facet normal -0.988761 -0.149503 0
    outer loop
      vertex 186.436 183.744 0
      vertex 186.392 184.035 3.2
      vertex 186.392 184.035 0
    endloop
  endfacet
  facet normal -0.988761 -0.149503 0
    outer loop
      vertex 186.392 184.035 3.2
      vertex 186.436 183.744 0
      vertex 186.436 183.744 3.2
    endloop
  endfacet
  facet normal -0.998868 -0.0475651 0
    outer loop
      vertex 186.45 183.45 0
      vertex 186.436 183.744 3.2
      vertex 186.436 183.744 0
    endloop
  endfacet
  facet normal -0.998868 -0.0475651 0
    outer loop
      vertex 186.436 183.744 3.2
      vertex 186.45 183.45 0
      vertex 186.45 183.45 3.2
    endloop
  endfacet
  facet normal -1 0 0
    outer loop
      vertex 186.45 19.75 0
      vertex 186.45 183.45 3.2
      vertex 186.45 183.45 0
    endloop
  endfacet
  facet normal -1 -0 0
    outer loop
      vertex 186.45 183.45 3.2
      vertex 186.45 19.75 0
      vertex 186.45 19.75 3.2
    endloop
  endfacet
  facet normal -0.998869 0.047549 0
    outer loop
      vertex 186.436 19.4559 0
      vertex 186.45 19.75 3.2
      vertex 186.45 19.75 0
    endloop
  endfacet
  facet normal -0.998869 0.047549 0
    outer loop
      vertex 186.45 19.75 3.2
      vertex 186.436 19.4559 0
      vertex 186.436 19.4559 3.2
    endloop
  endfacet
  facet normal -0.988776 0.149403 0
    outer loop
      vertex 186.392 19.1647 0
      vertex 186.436 19.4559 3.2
      vertex 186.436 19.4559 0
    endloop
  endfacet
  facet normal -0.988776 0.149403 0
    outer loop
      vertex 186.436 19.4559 3.2
      vertex 186.392 19.1647 0
      vertex 186.392 19.1647 3.2
    endloop
  endfacet
  facet normal -0.970461 0.241256 0
    outer loop
      vertex 186.321 18.8791 0
      vertex 186.392 19.1647 3.2
      vertex 186.392 19.1647 0
    endloop
  endfacet
  facet normal -0.970461 0.241256 0
    outer loop
      vertex 186.392 19.1647 3.2
      vertex 186.321 18.8791 0
      vertex 186.321 18.8791 3.2
    endloop
  endfacet
  facet normal -0.941742 0.336336 0
    outer loop
      vertex 186.222 18.6019 0
      vertex 186.321 18.8791 3.2
      vertex 186.321 18.8791 0
    endloop
  endfacet
  facet normal -0.941742 0.336336 0
    outer loop
      vertex 186.321 18.8791 3.2
      vertex 186.222 18.6019 0
      vertex 186.222 18.6019 3.2
    endloop
  endfacet
  facet normal -0.9038 0.427955 0
    outer loop
      vertex 186.096 18.3358 0
      vertex 186.222 18.6019 3.2
      vertex 186.222 18.6019 0
    endloop
  endfacet
  facet normal -0.9038 0.427955 0
    outer loop
      vertex 186.222 18.6019 3.2
      vertex 186.096 18.3358 0
      vertex 186.096 18.3358 3.2
    endloop
  endfacet
  facet normal -0.856744 0.515743 0
    outer loop
      vertex 185.944 18.0833 0
      vertex 186.096 18.3358 3.2
      vertex 186.096 18.3358 0
    endloop
  endfacet
  facet normal -0.856744 0.515743 0
    outer loop
      vertex 186.096 18.3358 3.2
      vertex 185.944 18.0833 0
      vertex 185.944 18.0833 3.2
    endloop
  endfacet
  facet normal -0.803858 0.594821 0
    outer loop
      vertex 185.769 17.8468 0
      vertex 185.944 18.0833 3.2
      vertex 185.944 18.0833 0
    endloop
  endfacet
  facet normal -0.803858 0.594821 0
    outer loop
      vertex 185.944 18.0833 3.2
      vertex 185.769 17.8468 0
      vertex 185.769 17.8468 3.2
    endloop
  endfacet
  facet normal -0.740401 0.672166 0
    outer loop
      vertex 185.571 17.6287 0
      vertex 185.769 17.8468 3.2
      vertex 185.769 17.8468 0
    endloop
  endfacet
  facet normal -0.740401 0.672166 0
    outer loop
      vertex 185.769 17.8468 3.2
      vertex 185.571 17.6287 0
      vertex 185.571 17.6287 3.2
    endloop
  endfacet
  facet normal -0.671776 0.740754 0
    outer loop
      vertex 185.571 17.6287 0
      vertex 185.353 17.431 3.2
      vertex 185.571 17.6287 3.2
    endloop
  endfacet
  facet normal -0.671776 0.740754 0
    outer loop
      vertex 185.353 17.431 3.2
      vertex 185.571 17.6287 0
      vertex 185.353 17.431 0
    endloop
  endfacet
  facet normal -0.596512 0.802604 0
    outer loop
      vertex 185.353 17.431 0
      vertex 185.117 17.2556 3.2
      vertex 185.353 17.431 3.2
    endloop
  endfacet
  facet normal -0.596512 0.802604 0
    outer loop
      vertex 185.117 17.2556 3.2
      vertex 185.353 17.431 0
      vertex 185.117 17.2556 0
    endloop
  endfacet
  facet normal -0.513498 0.858091 0
    outer loop
      vertex 185.117 17.2556 0
      vertex 184.864 17.1042 3.2
      vertex 185.117 17.2556 3.2
    endloop
  endfacet
  facet normal -0.513498 0.858091 0
    outer loop
      vertex 184.864 17.1042 3.2
      vertex 185.117 17.2556 0
      vertex 184.864 17.1042 0
    endloop
  endfacet
  facet normal -0.427809 0.903869 0
    outer loop
      vertex 184.864 17.1042 0
      vertex 184.598 16.9783 3.2
      vertex 184.864 17.1042 3.2
    endloop
  endfacet
  facet normal -0.427809 0.903869 0
    outer loop
      vertex 184.598 16.9783 3.2
      vertex 184.864 17.1042 0
      vertex 184.598 16.9783 0
    endloop
  endfacet
  facet normal -0.336853 0.941557 0
    outer loop
      vertex 184.598 16.9783 0
      vertex 184.321 16.8792 3.2
      vertex 184.598 16.9783 3.2
    endloop
  endfacet
  facet normal -0.336853 0.941557 0
    outer loop
      vertex 184.321 16.8792 3.2
      vertex 184.598 16.9783 0
      vertex 184.321 16.8792 0
    endloop
  endfacet
  facet normal -0.242855 0.970063 0
    outer loop
      vertex 184.321 16.8792 0
      vertex 184.035 16.8076 3.2
      vertex 184.321 16.8792 3.2
    endloop
  endfacet
  facet normal -0.242855 0.970063 0
    outer loop
      vertex 184.035 16.8076 3.2
      vertex 184.321 16.8792 0
      vertex 184.035 16.8076 0
    endloop
  endfacet
  facet normal -0.146844 0.98916 0
    outer loop
      vertex 184.035 16.8076 0
      vertex 183.744 16.7644 3.2
      vertex 184.035 16.8076 3.2
    endloop
  endfacet
  facet normal -0.146844 0.98916 0
    outer loop
      vertex 183.744 16.7644 3.2
      vertex 184.035 16.8076 0
      vertex 183.744 16.7644 0
    endloop
  endfacet
  facet normal -0.0489209 0.998803 0
    outer loop
      vertex 183.744 16.7644 0
      vertex 183.45 16.75 3.2
      vertex 183.744 16.7644 3.2
    endloop
  endfacet
  facet normal -0.0489209 0.998803 0
    outer loop
      vertex 183.45 16.75 3.2
      vertex 183.744 16.7644 0
      vertex 183.45 16.75 0
    endloop
  endfacet
  facet normal 0 1 -0
    outer loop
      vertex 183.45 16.75 0
      vertex 19.75 16.75 3.2
      vertex 183.45 16.75 3.2
    endloop
  endfacet
  facet normal 0 1 0
    outer loop
      vertex 19.75 16.75 3.2
      vertex 183.45 16.75 0
      vertex 19.75 16.75 0
    endloop
  endfacet
  facet normal -0.146707 0.98918 0
    outer loop
      vertex 188.128 8.31524 1.2
      vertex 187.293 8.1914 3.2
      vertex 188.128 8.31524 3.2
    endloop
  endfacet
  facet normal -0.146707 0.98918 0
    outer loop
      vertex 187.293 8.1914 3.2
      vertex 188.128 8.31524 1.2
      vertex 187.293 8.1914 1.2
    endloop
  endfacet
  facet normal -0.243161 0.969986 0
    outer loop
      vertex 188.946 8.5203 1.2
      vertex 188.128 8.31524 3.2
      vertex 188.946 8.5203 3.2
    endloop
  endfacet
  facet normal -0.243161 0.969986 0
    outer loop
      vertex 188.128 8.31524 3.2
      vertex 188.946 8.5203 1.2
      vertex 188.128 8.31524 1.2
    endloop
  endfacet
  facet normal -0.336758 0.941591 0
    outer loop
      vertex 189.741 8.80463 1.2
      vertex 188.946 8.5203 3.2
      vertex 189.741 8.80463 3.2
    endloop
  endfacet
  facet normal -0.336758 0.941591 0
    outer loop
      vertex 188.946 8.5203 3.2
      vertex 189.741 8.80463 1.2
      vertex 188.946 8.5203 1.2
    endloop
  endfacet
  facet normal -0.427524 0.904004 0
    outer loop
      vertex 190.504 9.16547 1.2
      vertex 189.741 8.80463 3.2
      vertex 190.504 9.16547 3.2
    endloop
  endfacet
  facet normal -0.427524 0.904004 0
    outer loop
      vertex 189.741 8.80463 3.2
      vertex 190.504 9.16547 1.2
      vertex 189.741 8.80463 1.2
    endloop
  endfacet
  facet normal -0.514051 0.857759 0
    outer loop
      vertex 191.228 9.59936 1.2
      vertex 190.504 9.16547 3.2
      vertex 191.228 9.59936 3.2
    endloop
  endfacet
  facet normal -0.514051 0.857759 0
    outer loop
      vertex 190.504 9.16547 3.2
      vertex 191.228 9.59936 1.2
      vertex 190.504 9.16547 1.2
    endloop
  endfacet
  facet normal -0.595708 0.803201 0
    outer loop
      vertex 191.606 9.87971 1.2
      vertex 191.228 9.59936 3.2
      vertex 191.606 9.87971 3.2
    endloop
  endfacet
  facet normal -0.595708 0.803201 0
    outer loop
      vertex 191.228 9.59936 3.2
      vertex 191.606 9.87971 1.2
      vertex 191.228 9.59936 1.2
    endloop
  endfacet
  facet normal -0.802541 0.596598 0
    outer loop
      vertex 193.32 11.5941 1.2
      vertex 193.601 11.9721 3.2
      vertex 193.601 11.9721 1.2
    endloop
  endfacet
  facet normal -0.802541 0.596598 0
    outer loop
      vertex 193.601 11.9721 3.2
      vertex 193.32 11.5941 1.2
      vertex 193.32 11.5941 3.2
    endloop
  endfacet
  facet normal -0.857671 0.5142 0
    outer loop
      vertex 193.601 11.9721 1.2
      vertex 194.035 12.696 3.2
      vertex 194.035 12.696 1.2
    endloop
  endfacet
  facet normal -0.857671 0.5142 0
    outer loop
      vertex 194.035 12.696 3.2
      vertex 193.601 11.9721 1.2
      vertex 193.601 11.9721 3.2
    endloop
  endfacet
  facet normal -0.904367 0.426756 0
    outer loop
      vertex 194.035 12.696 1.2
      vertex 194.395 13.4589 3.2
      vertex 194.395 13.4589 1.2
    endloop
  endfacet
  facet normal -0.904367 0.426756 0
    outer loop
      vertex 194.395 13.4589 3.2
      vertex 194.035 12.696 1.2
      vertex 194.035 12.696 3.2
    endloop
  endfacet
  facet normal -0.941285 0.337612 0
    outer loop
      vertex 194.395 13.4589 1.2
      vertex 194.68 14.2535 3.2
      vertex 194.68 14.2535 1.2
    endloop
  endfacet
  facet normal -0.941285 0.337612 0
    outer loop
      vertex 194.68 14.2535 3.2
      vertex 194.395 13.4589 1.2
      vertex 194.395 13.4589 3.2
    endloop
  endfacet
  facet normal -0.970052 0.242898 0
    outer loop
      vertex 194.68 14.2535 1.2
      vertex 194.885 15.0722 3.2
      vertex 194.885 15.0722 1.2
    endloop
  endfacet
  facet normal -0.970052 0.242898 0
    outer loop
      vertex 194.885 15.0722 3.2
      vertex 194.68 14.2535 1.2
      vertex 194.68 14.2535 3.2
    endloop
  endfacet
  facet normal -0.989147 0.146927 0
    outer loop
      vertex 194.885 15.0722 1.2
      vertex 195.009 15.907 3.2
      vertex 195.009 15.907 1.2
    endloop
  endfacet
  facet normal -0.989147 0.146927 0
    outer loop
      vertex 195.009 15.907 3.2
      vertex 194.885 15.0722 1.2
      vertex 194.885 15.0722 3.2
    endloop
  endfacet
  facet normal -0.998819 0.0485784 0
    outer loop
      vertex 195.009 15.907 1.2
      vertex 195.05 16.75 3.2
      vertex 195.05 16.75 1.2
    endloop
  endfacet
  facet normal -0.998819 0.0485784 0
    outer loop
      vertex 195.05 16.75 3.2
      vertex 195.009 15.907 1.2
      vertex 195.009 15.907 3.2
    endloop
  endfacet
  facet normal -1 0 0
    outer loop
      vertex 195.05 16.75 1.2
      vertex 195.05 97.6 3.2
      vertex 195.05 97.6 1.2
    endloop
  endfacet
  facet normal -1 -0 0
    outer loop
      vertex 195.05 97.6 3.2
      vertex 195.05 16.75 1.2
      vertex 195.05 16.75 3.2
    endloop
  endfacet
  facet normal -1 0 0
    outer loop
      vertex 195.05 105.6 1.2
      vertex 195.05 186.45 3.2
      vertex 195.05 186.45 1.2
    endloop
  endfacet
  facet normal -1 -0 0
    outer loop
      vertex 195.05 186.45 3.2
      vertex 195.05 105.6 1.2
      vertex 195.05 105.6 3.2
    endloop
  endfacet
  facet normal -0.998819 -0.0485784 0
    outer loop
      vertex 195.05 186.45 1.2
      vertex 195.009 187.293 3.2
      vertex 195.009 187.293 1.2
    endloop
  endfacet
  facet normal -0.998819 -0.0485784 0
    outer loop
      vertex 195.009 187.293 3.2
      vertex 195.05 186.45 1.2
      vertex 195.05 186.45 3.2
    endloop
  endfacet
  facet normal -0.989153 -0.146892 0
    outer loop
      vertex 195.009 187.293 1.2
      vertex 194.885 188.128 3.2
      vertex 194.885 188.128 1.2
    endloop
  endfacet
  facet normal -0.989153 -0.146892 0
    outer loop
      vertex 194.885 188.128 3.2
      vertex 195.009 187.293 1.2
      vertex 195.009 187.293 3.2
    endloop
  endfacet
  facet normal -0.970003 -0.243094 0
    outer loop
      vertex 194.885 188.128 1.2
      vertex 194.68 188.946 3.2
      vertex 194.68 188.946 1.2
    endloop
  endfacet
  facet normal -0.970003 -0.243094 0
    outer loop
      vertex 194.68 188.946 3.2
      vertex 194.885 188.128 1.2
      vertex 194.885 188.128 3.2
    endloop
  endfacet
  facet normal -0.941339 -0.337461 0
    outer loop
      vertex 194.68 188.946 1.2
      vertex 194.395 189.741 3.2
      vertex 194.395 189.741 1.2
    endloop
  endfacet
  facet normal -0.941339 -0.337461 0
    outer loop
      vertex 194.395 189.741 3.2
      vertex 194.68 188.946 1.2
      vertex 194.68 188.946 3.2
    endloop
  endfacet
  facet normal -0.904388 -0.42671 0
    outer loop
      vertex 194.395 189.741 1.2
      vertex 194.035 190.504 3.2
      vertex 194.035 190.504 1.2
    endloop
  endfacet
  facet normal -0.904388 -0.42671 0
    outer loop
      vertex 194.035 190.504 3.2
      vertex 194.395 189.741 1.2
      vertex 194.395 189.741 3.2
    endloop
  endfacet
  facet normal -0.857702 -0.514147 0
    outer loop
      vertex 194.035 190.504 1.2
      vertex 193.601 191.228 3.2
      vertex 193.601 191.228 1.2
    endloop
  endfacet
  facet normal -0.857702 -0.514147 0
    outer loop
      vertex 193.601 191.228 3.2
      vertex 194.035 190.504 1.2
      vertex 194.035 190.504 3.2
    endloop
  endfacet
  facet normal -0.802541 -0.596598 0
    outer loop
      vertex 193.601 191.228 1.2
      vertex 193.32 191.606 3.2
      vertex 193.32 191.606 1.2
    endloop
  endfacet
  facet normal -0.802541 -0.596598 0
    outer loop
      vertex 193.32 191.606 3.2
      vertex 193.601 191.228 1.2
      vertex 193.601 191.228 3.2
    endloop
  endfacet
  facet normal -0.596598 -0.802541 0
    outer loop
      vertex 191.228 193.601 1.2
      vertex 191.606 193.32 3.2
      vertex 191.228 193.601 3.2
    endloop
  endfacet
  facet normal -0.596598 -0.802541 -0
    outer loop
      vertex 191.606 193.32 3.2
      vertex 191.228 193.601 1.2
      vertex 191.606 193.32 1.2
    endloop
  endfacet
  facet normal -0.514147 -0.857702 0
    outer loop
      vertex 190.504 194.035 1.2
      vertex 191.228 193.601 3.2
      vertex 190.504 194.035 3.2
    endloop
  endfacet
  facet normal -0.514147 -0.857702 -0
    outer loop
      vertex 191.228 193.601 3.2
      vertex 190.504 194.035 1.2
      vertex 191.228 193.601 1.2
    endloop
  endfacet
  facet normal -0.42671 -0.904388 0
    outer loop
      vertex 189.741 194.395 1.2
      vertex 190.504 194.035 3.2
      vertex 189.741 194.395 3.2
    endloop
  endfacet
  facet normal -0.42671 -0.904388 -0
    outer loop
      vertex 190.504 194.035 3.2
      vertex 189.741 194.395 1.2
      vertex 190.504 194.035 1.2
    endloop
  endfacet
  facet normal -0.337461 -0.941339 0
    outer loop
      vertex 188.946 194.68 1.2
      vertex 189.741 194.395 3.2
      vertex 188.946 194.68 3.2
    endloop
  endfacet
  facet normal -0.337461 -0.941339 -0
    outer loop
      vertex 189.741 194.395 3.2
      vertex 188.946 194.68 1.2
      vertex 189.741 194.395 1.2
    endloop
  endfacet
  facet normal -0.243094 -0.970003 0
    outer loop
      vertex 188.128 194.885 1.2
      vertex 188.946 194.68 3.2
      vertex 188.128 194.885 3.2
    endloop
  endfacet
  facet normal -0.243094 -0.970003 -0
    outer loop
      vertex 188.946 194.68 3.2
      vertex 188.128 194.885 1.2
      vertex 188.946 194.68 1.2
    endloop
  endfacet
  facet normal -0.146892 -0.989153 0
    outer loop
      vertex 187.293 195.009 1.2
      vertex 188.128 194.885 3.2
      vertex 187.293 195.009 3.2
    endloop
  endfacet
  facet normal -0.146892 -0.989153 -0
    outer loop
      vertex 188.128 194.885 3.2
      vertex 187.293 195.009 1.2
      vertex 188.128 194.885 1.2
    endloop
  endfacet
  facet normal -0.0485784 -0.998819 0
    outer loop
      vertex 186.45 195.05 1.2
      vertex 187.293 195.009 3.2
      vertex 186.45 195.05 3.2
    endloop
  endfacet
  facet normal -0.0485784 -0.998819 -0
    outer loop
      vertex 187.293 195.009 3.2
      vertex 186.45 195.05 1.2
      vertex 187.293 195.009 1.2
    endloop
  endfacet
  facet normal 0 -1 0
    outer loop
      vertex 105.6 195.05 1.2
      vertex 186.45 195.05 3.2
      vertex 105.6 195.05 3.2
    endloop
  endfacet
  facet normal 0 -1 -0
    outer loop
      vertex 186.45 195.05 3.2
      vertex 105.6 195.05 1.2
      vertex 186.45 195.05 1.2
    endloop
  endfacet
  facet normal 0 -1 0
    outer loop
      vertex 16.75 195.05 1.2
      vertex 97.6 195.05 3.2
      vertex 16.75 195.05 3.2
    endloop
  endfacet
  facet normal 0 -1 -0
    outer loop
      vertex 97.6 195.05 3.2
      vertex 16.75 195.05 1.2
      vertex 97.6 195.05 1.2
    endloop
  endfacet
  facet normal 0.0485784 -0.998819 0
    outer loop
      vertex 15.907 195.009 1.2
      vertex 16.75 195.05 3.2
      vertex 15.907 195.009 3.2
    endloop
  endfacet
  facet normal 0.0485784 -0.998819 0
    outer loop
      vertex 16.75 195.05 3.2
      vertex 15.907 195.009 1.2
      vertex 16.75 195.05 1.2
    endloop
  endfacet
  facet normal 0.146927 -0.989147 0
    outer loop
      vertex 15.0722 194.885 1.2
      vertex 15.907 195.009 3.2
      vertex 15.0722 194.885 3.2
    endloop
  endfacet
  facet normal 0.146927 -0.989147 0
    outer loop
      vertex 15.907 195.009 3.2
      vertex 15.0722 194.885 1.2
      vertex 15.907 195.009 1.2
    endloop
  endfacet
  facet normal 0.242898 -0.970052 0
    outer loop
      vertex 14.2535 194.68 1.2
      vertex 15.0722 194.885 3.2
      vertex 14.2535 194.68 3.2
    endloop
  endfacet
  facet normal 0.242898 -0.970052 0
    outer loop
      vertex 15.0722 194.885 3.2
      vertex 14.2535 194.68 1.2
      vertex 15.0722 194.885 1.2
    endloop
  endfacet
  facet normal 0.337612 -0.941285 0
    outer loop
      vertex 13.4589 194.395 1.2
      vertex 14.2535 194.68 3.2
      vertex 13.4589 194.395 3.2
    endloop
  endfacet
  facet normal 0.337612 -0.941285 0
    outer loop
      vertex 14.2535 194.68 3.2
      vertex 13.4589 194.395 1.2
      vertex 14.2535 194.68 1.2
    endloop
  endfacet
  facet normal 0.426756 -0.904367 0
    outer loop
      vertex 12.696 194.035 1.2
      vertex 13.4589 194.395 3.2
      vertex 12.696 194.035 3.2
    endloop
  endfacet
  facet normal 0.426756 -0.904367 0
    outer loop
      vertex 13.4589 194.395 3.2
      vertex 12.696 194.035 1.2
      vertex 13.4589 194.395 1.2
    endloop
  endfacet
  facet normal 0.5142 -0.857671 0
    outer loop
      vertex 11.9721 193.601 1.2
      vertex 12.696 194.035 3.2
      vertex 11.9721 193.601 3.2
    endloop
  endfacet
  facet normal 0.5142 -0.857671 0
    outer loop
      vertex 12.696 194.035 3.2
      vertex 11.9721 193.601 1.2
      vertex 12.696 194.035 1.2
    endloop
  endfacet
  facet normal 0.596598 -0.802541 0
    outer loop
      vertex 11.5941 193.32 1.2
      vertex 11.9721 193.601 3.2
      vertex 11.5941 193.32 3.2
    endloop
  endfacet
  facet normal 0.596598 -0.802541 0
    outer loop
      vertex 11.9721 193.601 3.2
      vertex 11.5941 193.32 1.2
      vertex 11.9721 193.601 1.2
    endloop
  endfacet
  facet normal 0.803201 -0.595708 0
    outer loop
      vertex 9.59936 191.228 3.2
      vertex 9.87971 191.606 1.2
      vertex 9.87971 191.606 3.2
    endloop
  endfacet
  facet normal 0.803201 -0.595708 0
    outer loop
      vertex 9.87971 191.606 1.2
      vertex 9.59936 191.228 3.2
      vertex 9.59936 191.228 1.2
    endloop
  endfacet
  facet normal 0.857759 -0.514051 0
    outer loop
      vertex 9.16547 190.504 3.2
      vertex 9.59936 191.228 1.2
      vertex 9.59936 191.228 3.2
    endloop
  endfacet
  facet normal 0.857759 -0.514051 0
    outer loop
      vertex 9.59936 191.228 1.2
      vertex 9.16547 190.504 3.2
      vertex 9.16547 190.504 1.2
    endloop
  endfacet
  facet normal 0.904004 -0.427524 0
    outer loop
      vertex 8.80463 189.741 3.2
      vertex 9.16547 190.504 1.2
      vertex 9.16547 190.504 3.2
    endloop
  endfacet
  facet normal 0.904004 -0.427524 0
    outer loop
      vertex 9.16547 190.504 1.2
      vertex 8.80463 189.741 3.2
      vertex 8.80463 189.741 1.2
    endloop
  endfacet
  facet normal 0.941591 -0.336758 0
    outer loop
      vertex 8.5203 188.946 3.2
      vertex 8.80463 189.741 1.2
      vertex 8.80463 189.741 3.2
    endloop
  endfacet
  facet normal 0.941591 -0.336758 0
    outer loop
      vertex 8.80463 189.741 1.2
      vertex 8.5203 188.946 3.2
      vertex 8.5203 188.946 1.2
    endloop
  endfacet
  facet normal 0.969986 -0.243161 0
    outer loop
      vertex 8.31524 188.128 3.2
      vertex 8.5203 188.946 1.2
      vertex 8.5203 188.946 3.2
    endloop
  endfacet
  facet normal 0.969986 -0.243161 0
    outer loop
      vertex 8.5203 188.946 1.2
      vertex 8.31524 188.128 3.2
      vertex 8.31524 188.128 1.2
    endloop
  endfacet
  facet normal 0.98918 -0.146707 0
    outer loop
      vertex 8.1914 187.293 3.2
      vertex 8.31524 188.128 1.2
      vertex 8.31524 188.128 3.2
    endloop
  endfacet
  facet normal 0.98918 -0.146707 0
    outer loop
      vertex 8.31524 188.128 1.2
      vertex 8.1914 187.293 3.2
      vertex 8.1914 187.293 1.2
    endloop
  endfacet
  facet normal 0.998796 -0.0490512 0
    outer loop
      vertex 8.15 186.45 3.2
      vertex 8.1914 187.293 1.2
      vertex 8.1914 187.293 3.2
    endloop
  endfacet
  facet normal 0.998796 -0.0490512 0
    outer loop
      vertex 8.1914 187.293 1.2
      vertex 8.15 186.45 3.2
      vertex 8.15 186.45 1.2
    endloop
  endfacet
  facet normal 1 -0 0
    outer loop
      vertex 8.15 105.6 3.2
      vertex 8.15 186.45 1.2
      vertex 8.15 186.45 3.2
    endloop
  endfacet
  facet normal 1 0 0
    outer loop
      vertex 8.15 186.45 1.2
      vertex 8.15 105.6 3.2
      vertex 8.15 105.6 1.2
    endloop
  endfacet
  facet normal 1 -0 0
    outer loop
      vertex 8.15 16.75 3.2
      vertex 8.15 97.6 1.2
      vertex 8.15 97.6 3.2
    endloop
  endfacet
  facet normal 1 0 0
    outer loop
      vertex 8.15 97.6 1.2
      vertex 8.15 16.75 3.2
      vertex 8.15 16.75 1.2
    endloop
  endfacet
  facet normal 0.998796 0.0490512 0
    outer loop
      vertex 8.1914 15.907 3.2
      vertex 8.15 16.75 1.2
      vertex 8.15 16.75 3.2
    endloop
  endfacet
  facet normal 0.998796 0.0490512 0
    outer loop
      vertex 8.15 16.75 1.2
      vertex 8.1914 15.907 3.2
      vertex 8.1914 15.907 1.2
    endloop
  endfacet
  facet normal 0.989175 0.146741 0
    outer loop
      vertex 8.31524 15.0722 3.2
      vertex 8.1914 15.907 1.2
      vertex 8.1914 15.907 3.2
    endloop
  endfacet
  facet normal 0.989175 0.146741 0
    outer loop
      vertex 8.1914 15.907 1.2
      vertex 8.31524 15.0722 3.2
      vertex 8.31524 15.0722 1.2
    endloop
  endfacet
  facet normal 0.970035 0.242965 0
    outer loop
      vertex 8.5203 14.2535 3.2
      vertex 8.31524 15.0722 1.2
      vertex 8.31524 15.0722 3.2
    endloop
  endfacet
  facet normal 0.970035 0.242965 0
    outer loop
      vertex 8.31524 15.0722 1.2
      vertex 8.5203 14.2535 3.2
      vertex 8.5203 14.2535 1.2
    endloop
  endfacet
  facet normal 0.941537 0.336908 0
    outer loop
      vertex 8.80463 13.4589 3.2
      vertex 8.5203 14.2535 1.2
      vertex 8.5203 14.2535 3.2
    endloop
  endfacet
  facet normal 0.941537 0.336908 0
    outer loop
      vertex 8.5203 14.2535 1.2
      vertex 8.80463 13.4589 3.2
      vertex 8.80463 13.4589 1.2
    endloop
  endfacet
  facet normal 0.903982 0.42757 0
    outer loop
      vertex 9.16547 12.696 3.2
      vertex 8.80463 13.4589 1.2
      vertex 8.80463 13.4589 3.2
    endloop
  endfacet
  facet normal 0.903982 0.42757 0
    outer loop
      vertex 8.80463 13.4589 1.2
      vertex 9.16547 12.696 3.2
      vertex 9.16547 12.696 1.2
    endloop
  endfacet
  facet normal 0.857728 0.514104 0
    outer loop
      vertex 9.59936 11.9721 3.2
      vertex 9.16547 12.696 1.2
      vertex 9.16547 12.696 3.2
    endloop
  endfacet
  facet normal 0.857728 0.514104 0
    outer loop
      vertex 9.16547 12.696 1.2
      vertex 9.59936 11.9721 3.2
      vertex 9.59936 11.9721 1.2
    endloop
  endfacet
  facet normal 0.803212 0.595694 0
    outer loop
      vertex 9.8797 11.5941 3.2
      vertex 9.59936 11.9721 1.2
      vertex 9.59936 11.9721 3.2
    endloop
  endfacet
  facet normal 0.803212 0.595694 0
    outer loop
      vertex 9.59936 11.9721 1.2
      vertex 9.8797 11.5941 3.2
      vertex 9.8797 11.5941 1.2
    endloop
  endfacet
  facet normal 0.595694 0.803212 -0
    outer loop
      vertex 11.9721 9.59936 1.2
      vertex 11.5941 9.8797 3.2
      vertex 11.9721 9.59936 3.2
    endloop
  endfacet
  facet normal 0.595694 0.803212 0
    outer loop
      vertex 11.5941 9.8797 3.2
      vertex 11.9721 9.59936 1.2
      vertex 11.5941 9.8797 1.2
    endloop
  endfacet
  facet normal 0.514104 0.857728 -0
    outer loop
      vertex 12.696 9.16547 1.2
      vertex 11.9721 9.59936 3.2
      vertex 12.696 9.16547 3.2
    endloop
  endfacet
  facet normal 0.514104 0.857728 0
    outer loop
      vertex 11.9721 9.59936 3.2
      vertex 12.696 9.16547 1.2
      vertex 11.9721 9.59936 1.2
    endloop
  endfacet
  facet normal 0.42757 0.903982 -0
    outer loop
      vertex 13.4589 8.80463 1.2
      vertex 12.696 9.16547 3.2
      vertex 13.4589 8.80463 3.2
    endloop
  endfacet
  facet normal 0.42757 0.903982 0
    outer loop
      vertex 12.696 9.16547 3.2
      vertex 13.4589 8.80463 1.2
      vertex 12.696 9.16547 1.2
    endloop
  endfacet
  facet normal 0.336908 0.941537 -0
    outer loop
      vertex 14.2535 8.5203 1.2
      vertex 13.4589 8.80463 3.2
      vertex 14.2535 8.5203 3.2
    endloop
  endfacet
  facet normal 0.336908 0.941537 0
    outer loop
      vertex 13.4589 8.80463 3.2
      vertex 14.2535 8.5203 1.2
      vertex 13.4589 8.80463 1.2
    endloop
  endfacet
  facet normal 0.242965 0.970035 -0
    outer loop
      vertex 15.0722 8.31524 1.2
      vertex 14.2535 8.5203 3.2
      vertex 15.0722 8.31524 3.2
    endloop
  endfacet
  facet normal 0.242965 0.970035 0
    outer loop
      vertex 14.2535 8.5203 3.2
      vertex 15.0722 8.31524 1.2
      vertex 14.2535 8.5203 1.2
    endloop
  endfacet
  facet normal 0.146741 0.989175 -0
    outer loop
      vertex 15.907 8.1914 1.2
      vertex 15.0722 8.31524 3.2
      vertex 15.907 8.1914 3.2
    endloop
  endfacet
  facet normal 0.146741 0.989175 0
    outer loop
      vertex 15.0722 8.31524 3.2
      vertex 15.907 8.1914 1.2
      vertex 15.0722 8.31524 1.2
    endloop
  endfacet
  facet normal 0.0490512 0.998796 -0
    outer loop
      vertex 16.75 8.15 1.2
      vertex 15.907 8.1914 3.2
      vertex 16.75 8.15 3.2
    endloop
  endfacet
  facet normal 0.0490512 0.998796 0
    outer loop
      vertex 15.907 8.1914 3.2
      vertex 16.75 8.15 1.2
      vertex 15.907 8.1914 1.2
    endloop
  endfacet
  facet normal 0 1 -0
    outer loop
      vertex 186.45 8.15 1.2
      vertex 105.6 8.15 3.2
      vertex 186.45 8.15 3.2
    endloop
  endfacet
  facet normal 0 1 0
    outer loop
      vertex 105.6 8.15 3.2
      vertex 186.45 8.15 1.2
      vertex 105.6 8.15 1.2
    endloop
  endfacet
  facet normal 0 1 -0
    outer loop
      vertex 97.6 8.15 1.2
      vertex 16.75 8.15 3.2
      vertex 97.6 8.15 3.2
    endloop
  endfacet
  facet normal 0 1 0
    outer loop
      vertex 16.75 8.15 3.2
      vertex 97.6 8.15 1.2
      vertex 16.75 8.15 1.2
    endloop
  endfacet
  facet normal -0.0490512 0.998796 0
    outer loop
      vertex 187.293 8.1914 1.2
      vertex 186.45 8.15 3.2
      vertex 187.293 8.1914 3.2
    endloop
  endfacet
  facet normal -0.0490512 0.998796 0
    outer loop
      vertex 186.45 8.15 3.2
      vertex 187.293 8.1914 1.2
      vertex 186.45 8.15 1.2
    endloop
  endfacet
  facet normal -0.0489044 -0.998803 0
    outer loop
      vertex 16.4559 13.7644 1.2
      vertex 16.75 13.75 3.2
      vertex 16.4559 13.7644 3.2
    endloop
  endfacet
  facet normal -0.0489044 -0.998803 -0
    outer loop
      vertex 16.75 13.75 3.2
      vertex 16.4559 13.7644 1.2
      vertex 16.75 13.75 1.2
    endloop
  endfacet
  facet normal -0.146746 -0.989174 0
    outer loop
      vertex 16.1647 13.8076 1.2
      vertex 16.4559 13.7644 3.2
      vertex 16.1647 13.8076 3.2
    endloop
  endfacet
  facet normal -0.146746 -0.989174 -0
    outer loop
      vertex 16.4559 13.7644 3.2
      vertex 16.1647 13.8076 1.2
      vertex 16.4559 13.7644 1.2
    endloop
  endfacet
  facet normal -0.243175 -0.969982 0
    outer loop
      vertex 15.8791 13.8792 1.2
      vertex 16.1647 13.8076 3.2
      vertex 15.8791 13.8792 3.2
    endloop
  endfacet
  facet normal -0.243175 -0.969982 -0
    outer loop
      vertex 16.1647 13.8076 3.2
      vertex 15.8791 13.8792 1.2
      vertex 16.1647 13.8076 1.2
    endloop
  endfacet
  facet normal -0.336638 -0.941634 0
    outer loop
      vertex 15.6019 13.9783 1.2
      vertex 15.8791 13.8792 3.2
      vertex 15.6019 13.9783 3.2
    endloop
  endfacet
  facet normal -0.336638 -0.941634 -0
    outer loop
      vertex 15.8791 13.8792 3.2
      vertex 15.6019 13.9783 1.2
      vertex 15.8791 13.8792 1.2
    endloop
  endfacet
  facet normal -0.427677 -0.903931 0
    outer loop
      vertex 15.3358 14.1042 1.2
      vertex 15.6019 13.9783 3.2
      vertex 15.3358 14.1042 3.2
    endloop
  endfacet
  facet normal -0.427677 -0.903931 -0
    outer loop
      vertex 15.6019 13.9783 3.2
      vertex 15.3358 14.1042 1.2
      vertex 15.6019 13.9783 1.2
    endloop
  endfacet
  facet normal -0.514246 -0.857643 0
    outer loop
      vertex 15.0833 14.2556 1.2
      vertex 15.3358 14.1042 3.2
      vertex 15.0833 14.2556 3.2
    endloop
  endfacet
  facet normal -0.514246 -0.857643 -0
    outer loop
      vertex 15.3358 14.1042 3.2
      vertex 15.0833 14.2556 1.2
      vertex 15.3358 14.1042 1.2
    endloop
  endfacet
  facet normal -0.595479 -0.803371 0
    outer loop
      vertex 14.8468 14.4309 1.2
      vertex 15.0833 14.2556 3.2
      vertex 14.8468 14.4309 3.2
    endloop
  endfacet
  facet normal -0.595479 -0.803371 -0
    outer loop
      vertex 15.0833 14.2556 3.2
      vertex 14.8468 14.4309 1.2
      vertex 15.0833 14.2556 1.2
    endloop
  endfacet
  facet normal -0.671793 -0.740739 0
    outer loop
      vertex 14.6287 14.6287 1.2
      vertex 14.8468 14.4309 3.2
      vertex 14.6287 14.6287 3.2
    endloop
  endfacet
  facet normal -0.671793 -0.740739 -0
    outer loop
      vertex 14.8468 14.4309 3.2
      vertex 14.6287 14.6287 1.2
      vertex 14.8468 14.4309 1.2
    endloop
  endfacet
  facet normal -0.740739 -0.671793 0
    outer loop
      vertex 14.6287 14.6287 1.2
      vertex 14.4309 14.8468 3.2
      vertex 14.4309 14.8468 1.2
    endloop
  endfacet
  facet normal -0.740739 -0.671793 0
    outer loop
      vertex 14.4309 14.8468 3.2
      vertex 14.6287 14.6287 1.2
      vertex 14.6287 14.6287 3.2
    endloop
  endfacet
  facet normal -0.803371 -0.595479 0
    outer loop
      vertex 14.4309 14.8468 1.2
      vertex 14.2556 15.0833 3.2
      vertex 14.2556 15.0833 1.2
    endloop
  endfacet
  facet normal -0.803371 -0.595479 0
    outer loop
      vertex 14.2556 15.0833 3.2
      vertex 14.4309 14.8468 1.2
      vertex 14.4309 14.8468 3.2
    endloop
  endfacet
  facet normal -0.857643 -0.514246 0
    outer loop
      vertex 14.2556 15.0833 1.2
      vertex 14.1042 15.3358 3.2
      vertex 14.1042 15.3358 1.2
    endloop
  endfacet
  facet normal -0.857643 -0.514246 0
    outer loop
      vertex 14.1042 15.3358 3.2
      vertex 14.2556 15.0833 1.2
      vertex 14.2556 15.0833 3.2
    endloop
  endfacet
  facet normal -0.903931 -0.427677 0
    outer loop
      vertex 14.1042 15.3358 1.2
      vertex 13.9783 15.6019 3.2
      vertex 13.9783 15.6019 1.2
    endloop
  endfacet
  facet normal -0.903931 -0.427677 0
    outer loop
      vertex 13.9783 15.6019 3.2
      vertex 14.1042 15.3358 1.2
      vertex 14.1042 15.3358 3.2
    endloop
  endfacet
  facet normal -0.941634 -0.336638 0
    outer loop
      vertex 13.9783 15.6019 1.2
      vertex 13.8792 15.8791 3.2
      vertex 13.8792 15.8791 1.2
    endloop
  endfacet
  facet normal -0.941634 -0.336638 0
    outer loop
      vertex 13.8792 15.8791 3.2
      vertex 13.9783 15.6019 1.2
      vertex 13.9783 15.6019 3.2
    endloop
  endfacet
  facet normal -0.969982 -0.243175 0
    outer loop
      vertex 13.8792 15.8791 1.2
      vertex 13.8076 16.1647 3.2
      vertex 13.8076 16.1647 1.2
    endloop
  endfacet
  facet normal -0.969982 -0.243175 0
    outer loop
      vertex 13.8076 16.1647 3.2
      vertex 13.8792 15.8791 1.2
      vertex 13.8792 15.8791 3.2
    endloop
  endfacet
  facet normal -0.989174 -0.146746 0
    outer loop
      vertex 13.8076 16.1647 1.2
      vertex 13.7644 16.4559 3.2
      vertex 13.7644 16.4559 1.2
    endloop
  endfacet
  facet normal -0.989174 -0.146746 0
    outer loop
      vertex 13.7644 16.4559 3.2
      vertex 13.8076 16.1647 1.2
      vertex 13.8076 16.1647 3.2
    endloop
  endfacet
  facet normal -0.998803 -0.0489044 0
    outer loop
      vertex 13.7644 16.4559 1.2
      vertex 13.75 16.75 3.2
      vertex 13.75 16.75 1.2
    endloop
  endfacet
  facet normal -0.998803 -0.0489044 0
    outer loop
      vertex 13.75 16.75 3.2
      vertex 13.7644 16.4559 1.2
      vertex 13.7644 16.4559 3.2
    endloop
  endfacet
  facet normal -1 0 0
    outer loop
      vertex 13.75 16.75 1.2
      vertex 13.75 186.45 3.2
      vertex 13.75 186.45 1.2
    endloop
  endfacet
  facet normal -1 -0 0
    outer loop
      vertex 13.75 186.45 3.2
      vertex 13.75 16.75 1.2
      vertex 13.75 16.75 3.2
    endloop
  endfacet
  facet normal -0.998803 0.0489209 0
    outer loop
      vertex 13.75 186.45 1.2
      vertex 13.7644 186.744 3.2
      vertex 13.7644 186.744 1.2
    endloop
  endfacet
  facet normal -0.998803 0.0489209 0
    outer loop
      vertex 13.7644 186.744 3.2
      vertex 13.75 186.45 1.2
      vertex 13.75 186.45 3.2
    endloop
  endfacet
  facet normal -0.98916 0.146844 0
    outer loop
      vertex 13.7644 186.744 1.2
      vertex 13.8076 187.035 3.2
      vertex 13.8076 187.035 1.2
    endloop
  endfacet
  facet normal -0.98916 0.146844 0
    outer loop
      vertex 13.8076 187.035 3.2
      vertex 13.7644 186.744 1.2
      vertex 13.7644 186.744 3.2
    endloop
  endfacet
  facet normal -0.970063 0.242855 0
    outer loop
      vertex 13.8076 187.035 1.2
      vertex 13.8792 187.321 3.2
      vertex 13.8792 187.321 1.2
    endloop
  endfacet
  facet normal -0.970063 0.242855 0
    outer loop
      vertex 13.8792 187.321 3.2
      vertex 13.8076 187.035 1.2
      vertex 13.8076 187.035 3.2
    endloop
  endfacet
  facet normal -0.941557 0.336853 0
    outer loop
      vertex 13.8792 187.321 1.2
      vertex 13.9783 187.598 3.2
      vertex 13.9783 187.598 1.2
    endloop
  endfacet
  facet normal -0.941557 0.336853 0
    outer loop
      vertex 13.9783 187.598 3.2
      vertex 13.8792 187.321 1.2
      vertex 13.8792 187.321 3.2
    endloop
  endfacet
  facet normal -0.903869 0.427809 0
    outer loop
      vertex 13.9783 187.598 1.2
      vertex 14.1042 187.864 3.2
      vertex 14.1042 187.864 1.2
    endloop
  endfacet
  facet normal -0.903869 0.427809 0
    outer loop
      vertex 14.1042 187.864 3.2
      vertex 13.9783 187.598 1.2
      vertex 13.9783 187.598 3.2
    endloop
  endfacet
  facet normal -0.858091 0.513498 0
    outer loop
      vertex 14.1042 187.864 1.2
      vertex 14.2556 188.117 3.2
      vertex 14.2556 188.117 1.2
    endloop
  endfacet
  facet normal -0.858091 0.513498 0
    outer loop
      vertex 14.2556 188.117 3.2
      vertex 14.1042 187.864 1.2
      vertex 14.1042 187.864 3.2
    endloop
  endfacet
  facet normal -0.802767 0.596293 0
    outer loop
      vertex 14.2556 188.117 1.2
      vertex 14.4309 188.353 3.2
      vertex 14.4309 188.353 1.2
    endloop
  endfacet
  facet normal -0.802767 0.596293 0
    outer loop
      vertex 14.4309 188.353 3.2
      vertex 14.2556 188.117 1.2
      vertex 14.2556 188.117 3.2
    endloop
  endfacet
  facet normal -0.740585 0.671962 0
    outer loop
      vertex 14.4309 188.353 1.2
      vertex 14.6287 188.571 3.2
      vertex 14.6287 188.571 1.2
    endloop
  endfacet
  facet normal -0.740585 0.671962 0
    outer loop
      vertex 14.6287 188.571 3.2
      vertex 14.4309 188.353 1.2
      vertex 14.4309 188.353 3.2
    endloop
  endfacet
  facet normal -0.672166 0.740401 0
    outer loop
      vertex 14.8468 188.769 1.2
      vertex 14.6287 188.571 3.2
      vertex 14.8468 188.769 3.2
    endloop
  endfacet
  facet normal -0.672166 0.740401 0
    outer loop
      vertex 14.6287 188.571 3.2
      vertex 14.8468 188.769 1.2
      vertex 14.6287 188.571 1.2
    endloop
  endfacet
  facet normal -0.594821 0.803858 0
    outer loop
      vertex 15.0833 188.944 1.2
      vertex 14.8468 188.769 3.2
      vertex 15.0833 188.944 3.2
    endloop
  endfacet
  facet normal -0.594821 0.803858 0
    outer loop
      vertex 14.8468 188.769 3.2
      vertex 15.0833 188.944 1.2
      vertex 14.8468 188.769 1.2
    endloop
  endfacet
  facet normal -0.515743 0.856744 0
    outer loop
      vertex 15.3358 189.096 1.2
      vertex 15.0833 188.944 3.2
      vertex 15.3358 189.096 3.2
    endloop
  endfacet
  facet normal -0.515743 0.856744 0
    outer loop
      vertex 15.0833 188.944 3.2
      vertex 15.3358 189.096 1.2
      vertex 15.0833 188.944 1.2
    endloop
  endfacet
  facet normal -0.427955 0.9038 0
    outer loop
      vertex 15.6019 189.222 1.2
      vertex 15.3358 189.096 3.2
      vertex 15.6019 189.222 3.2
    endloop
  endfacet
  facet normal -0.427955 0.9038 0
    outer loop
      vertex 15.3358 189.096 3.2
      vertex 15.6019 189.222 1.2
      vertex 15.3358 189.096 1.2
    endloop
  endfacet
  facet normal -0.336336 0.941742 0
    outer loop
      vertex 15.8791 189.321 1.2
      vertex 15.6019 189.222 3.2
      vertex 15.8791 189.321 3.2
    endloop
  endfacet
  facet normal -0.336336 0.941742 0
    outer loop
      vertex 15.6019 189.222 3.2
      vertex 15.8791 189.321 1.2
      vertex 15.6019 189.222 1.2
    endloop
  endfacet
  facet normal -0.241256 0.970461 0
    outer loop
      vertex 16.1647 189.392 1.2
      vertex 15.8791 189.321 3.2
      vertex 16.1647 189.392 3.2
    endloop
  endfacet
  facet normal -0.241256 0.970461 0
    outer loop
      vertex 15.8791 189.321 3.2
      vertex 16.1647 189.392 1.2
      vertex 15.8791 189.321 1.2
    endloop
  endfacet
  facet normal -0.149403 0.988776 0
    outer loop
      vertex 16.4559 189.436 1.2
      vertex 16.1647 189.392 3.2
      vertex 16.4559 189.436 3.2
    endloop
  endfacet
  facet normal -0.149403 0.988776 0
    outer loop
      vertex 16.1647 189.392 3.2
      vertex 16.4559 189.436 1.2
      vertex 16.1647 189.392 1.2
    endloop
  endfacet
  facet normal -0.047549 0.998869 0
    outer loop
      vertex 16.75 189.45 1.2
      vertex 16.4559 189.436 3.2
      vertex 16.75 189.45 3.2
    endloop
  endfacet
  facet normal -0.047549 0.998869 0
    outer loop
      vertex 16.4559 189.436 3.2
      vertex 16.75 189.45 1.2
      vertex 16.4559 189.436 1.2
    endloop
  endfacet
  facet normal 0 1 -0
    outer loop
      vertex 186.45 189.45 1.2
      vertex 16.75 189.45 3.2
      vertex 186.45 189.45 3.2
    endloop
  endfacet
  facet normal 0 1 0
    outer loop
      vertex 16.75 189.45 3.2
      vertex 186.45 189.45 1.2
      vertex 16.75 189.45 1.2
    endloop
  endfacet
  facet normal 0.0475651 0.998868 -0
    outer loop
      vertex 186.744 189.436 1.2
      vertex 186.45 189.45 3.2
      vertex 186.744 189.436 3.2
    endloop
  endfacet
  facet normal 0.0475651 0.998868 0
    outer loop
      vertex 186.45 189.45 3.2
      vertex 186.744 189.436 1.2
      vertex 186.45 189.45 1.2
    endloop
  endfacet
  facet normal 0.149503 0.988761 -0
    outer loop
      vertex 187.035 189.392 1.2
      vertex 186.744 189.436 3.2
      vertex 187.035 189.392 3.2
    endloop
  endfacet
  facet normal 0.149503 0.988761 0
    outer loop
      vertex 186.744 189.436 3.2
      vertex 187.035 189.392 1.2
      vertex 186.744 189.436 1.2
    endloop
  endfacet
  facet normal 0.240938 0.97054 -0
    outer loop
      vertex 187.321 189.321 1.2
      vertex 187.035 189.392 3.2
      vertex 187.321 189.321 3.2
    endloop
  endfacet
  facet normal 0.240938 0.97054 0
    outer loop
      vertex 187.035 189.392 3.2
      vertex 187.321 189.321 1.2
      vertex 187.035 189.392 1.2
    endloop
  endfacet
  facet normal 0.336552 0.941665 -0
    outer loop
      vertex 187.598 189.222 1.2
      vertex 187.321 189.321 3.2
      vertex 187.598 189.222 3.2
    endloop
  endfacet
  facet normal 0.336552 0.941665 0
    outer loop
      vertex 187.321 189.321 3.2
      vertex 187.598 189.222 1.2
      vertex 187.321 189.321 1.2
    endloop
  endfacet
  facet normal 0.428086 0.903738 -0
    outer loop
      vertex 187.864 189.096 1.2
      vertex 187.598 189.222 3.2
      vertex 187.864 189.096 3.2
    endloop
  endfacet
  facet normal 0.428086 0.903738 0
    outer loop
      vertex 187.598 189.222 3.2
      vertex 187.864 189.096 1.2
      vertex 187.598 189.222 1.2
    endloop
  endfacet
  facet normal 0.514994 0.857194 -0
    outer loop
      vertex 188.117 188.944 1.2
      vertex 187.864 189.096 3.2
      vertex 188.117 188.944 3.2
    endloop
  endfacet
  facet normal 0.514994 0.857194 0
    outer loop
      vertex 187.864 189.096 3.2
      vertex 188.117 188.944 1.2
      vertex 187.864 189.096 1.2
    endloop
  endfacet
  facet normal 0.595634 0.803256 -0
    outer loop
      vertex 188.353 188.769 1.2
      vertex 188.117 188.944 3.2
      vertex 188.353 188.769 3.2
    endloop
  endfacet
  facet normal 0.595634 0.803256 0
    outer loop
      vertex 188.117 188.944 3.2
      vertex 188.353 188.769 1.2
      vertex 188.117 188.944 1.2
    endloop
  endfacet
  facet normal 0.672335 0.740247 -0
    outer loop
      vertex 188.571 188.571 1.2
      vertex 188.353 188.769 3.2
      vertex 188.571 188.571 3.2
    endloop
  endfacet
  facet normal 0.672335 0.740247 0
    outer loop
      vertex 188.353 188.769 3.2
      vertex 188.571 188.571 1.2
      vertex 188.353 188.769 1.2
    endloop
  endfacet
  facet normal 0.740247 0.672335 0
    outer loop
      vertex 188.769 188.353 3.2
      vertex 188.571 188.571 1.2
      vertex 188.571 188.571 3.2
    endloop
  endfacet
  facet normal 0.740247 0.672335 0
    outer loop
      vertex 188.571 188.571 1.2
      vertex 188.769 188.353 3.2
      vertex 188.769 188.353 1.2
    endloop
  endfacet
  facet normal 0.803256 0.595634 0
    outer loop
      vertex 188.944 188.117 3.2
      vertex 188.769 188.353 1.2
      vertex 188.769 188.353 3.2
    endloop
  endfacet
  facet normal 0.803256 0.595634 0
    outer loop
      vertex 188.769 188.353 1.2
      vertex 188.944 188.117 3.2
      vertex 188.944 188.117 1.2
    endloop
  endfacet
  facet normal 0.857194 0.514994 0
    outer loop
      vertex 189.096 187.864 3.2
      vertex 188.944 188.117 1.2
      vertex 188.944 188.117 3.2
    endloop
  endfacet
  facet normal 0.857194 0.514994 0
    outer loop
      vertex 188.944 188.117 1.2
      vertex 189.096 187.864 3.2
      vertex 189.096 187.864 1.2
    endloop
  endfacet
  facet normal 0.903738 0.428086 0
    outer loop
      vertex 189.222 187.598 3.2
      vertex 189.096 187.864 1.2
      vertex 189.096 187.864 3.2
    endloop
  endfacet
  facet normal 0.903738 0.428086 0
    outer loop
      vertex 189.096 187.864 1.2
      vertex 189.222 187.598 3.2
      vertex 189.222 187.598 1.2
    endloop
  endfacet
  facet normal 0.941665 0.336552 0
    outer loop
      vertex 189.321 187.321 3.2
      vertex 189.222 187.598 1.2
      vertex 189.222 187.598 3.2
    endloop
  endfacet
  facet normal 0.941665 0.336552 0
    outer loop
      vertex 189.222 187.598 1.2
      vertex 189.321 187.321 3.2
      vertex 189.321 187.321 1.2
    endloop
  endfacet
  facet normal 0.97054 0.240938 0
    outer loop
      vertex 189.392 187.035 3.2
      vertex 189.321 187.321 1.2
      vertex 189.321 187.321 3.2
    endloop
  endfacet
  facet normal 0.97054 0.240938 0
    outer loop
      vertex 189.321 187.321 1.2
      vertex 189.392 187.035 3.2
      vertex 189.392 187.035 1.2
    endloop
  endfacet
  facet normal 0.988761 0.149503 0
    outer loop
      vertex 189.436 186.744 3.2
      vertex 189.392 187.035 1.2
      vertex 189.392 187.035 3.2
    endloop
  endfacet
  facet normal 0.988761 0.149503 0
    outer loop
      vertex 189.392 187.035 1.2
      vertex 189.436 186.744 3.2
      vertex 189.436 186.744 1.2
    endloop
  endfacet
  facet normal 0.998868 0.0475651 0
    outer loop
      vertex 189.45 186.45 3.2
      vertex 189.436 186.744 1.2
      vertex 189.436 186.744 3.2
    endloop
  endfacet
  facet normal 0.998868 0.0475651 0
    outer loop
      vertex 189.436 186.744 1.2
      vertex 189.45 186.45 3.2
      vertex 189.45 186.45 1.2
    endloop
  endfacet
  facet normal 1 -0 0
    outer loop
      vertex 189.45 16.75 3.2
      vertex 189.45 186.45 1.2
      vertex 189.45 186.45 3.2
    endloop
  endfacet
  facet normal 1 0 0
    outer loop
      vertex 189.45 186.45 1.2
      vertex 189.45 16.75 3.2
      vertex 189.45 16.75 1.2
    endloop
  endfacet
  facet normal 0.998869 -0.047549 0
    outer loop
      vertex 189.436 16.4559 3.2
      vertex 189.45 16.75 1.2
      vertex 189.45 16.75 3.2
    endloop
  endfacet
  facet normal 0.998869 -0.047549 0
    outer loop
      vertex 189.45 16.75 1.2
      vertex 189.436 16.4559 3.2
      vertex 189.436 16.4559 1.2
    endloop
  endfacet
  facet normal 0.988776 -0.149403 0
    outer loop
      vertex 189.392 16.1647 3.2
      vertex 189.436 16.4559 1.2
      vertex 189.436 16.4559 3.2
    endloop
  endfacet
  facet normal 0.988776 -0.149403 0
    outer loop
      vertex 189.436 16.4559 1.2
      vertex 189.392 16.1647 3.2
      vertex 189.392 16.1647 1.2
    endloop
  endfacet
  facet normal 0.970461 -0.241256 0
    outer loop
      vertex 189.321 15.8791 3.2
      vertex 189.392 16.1647 1.2
      vertex 189.392 16.1647 3.2
    endloop
  endfacet
  facet normal 0.970461 -0.241256 0
    outer loop
      vertex 189.392 16.1647 1.2
      vertex 189.321 15.8791 3.2
      vertex 189.321 15.8791 1.2
    endloop
  endfacet
  facet normal 0.941742 -0.336336 0
    outer loop
      vertex 189.222 15.6019 3.2
      vertex 189.321 15.8791 1.2
      vertex 189.321 15.8791 3.2
    endloop
  endfacet
  facet normal 0.941742 -0.336336 0
    outer loop
      vertex 189.321 15.8791 1.2
      vertex 189.222 15.6019 3.2
      vertex 189.222 15.6019 1.2
    endloop
  endfacet
  facet normal 0.9038 -0.427955 0
    outer loop
      vertex 189.096 15.3358 3.2
      vertex 189.222 15.6019 1.2
      vertex 189.222 15.6019 3.2
    endloop
  endfacet
  facet normal 0.9038 -0.427955 0
    outer loop
      vertex 189.222 15.6019 1.2
      vertex 189.096 15.3358 3.2
      vertex 189.096 15.3358 1.2
    endloop
  endfacet
  facet normal 0.856744 -0.515743 0
    outer loop
      vertex 188.944 15.0833 3.2
      vertex 189.096 15.3358 1.2
      vertex 189.096 15.3358 3.2
    endloop
  endfacet
  facet normal 0.856744 -0.515743 0
    outer loop
      vertex 189.096 15.3358 1.2
      vertex 188.944 15.0833 3.2
      vertex 188.944 15.0833 1.2
    endloop
  endfacet
  facet normal 0.803858 -0.594821 0
    outer loop
      vertex 188.769 14.8468 3.2
      vertex 188.944 15.0833 1.2
      vertex 188.944 15.0833 3.2
    endloop
  endfacet
  facet normal 0.803858 -0.594821 0
    outer loop
      vertex 188.944 15.0833 1.2
      vertex 188.769 14.8468 3.2
      vertex 188.769 14.8468 1.2
    endloop
  endfacet
  facet normal 0.740401 -0.672166 0
    outer loop
      vertex 188.571 14.6287 3.2
      vertex 188.769 14.8468 1.2
      vertex 188.769 14.8468 3.2
    endloop
  endfacet
  facet normal 0.740401 -0.672166 0
    outer loop
      vertex 188.769 14.8468 1.2
      vertex 188.571 14.6287 3.2
      vertex 188.571 14.6287 1.2
    endloop
  endfacet
  facet normal 0.671962 -0.740585 0
    outer loop
      vertex 188.353 14.4309 1.2
      vertex 188.571 14.6287 3.2
      vertex 188.353 14.4309 3.2
    endloop
  endfacet
  facet normal 0.671962 -0.740585 0
    outer loop
      vertex 188.571 14.6287 3.2
      vertex 188.353 14.4309 1.2
      vertex 188.571 14.6287 1.2
    endloop
  endfacet
  facet normal 0.596293 -0.802767 0
    outer loop
      vertex 188.117 14.2556 1.2
      vertex 188.353 14.4309 3.2
      vertex 188.117 14.2556 3.2
    endloop
  endfacet
  facet normal 0.596293 -0.802767 0
    outer loop
      vertex 188.353 14.4309 3.2
      vertex 188.117 14.2556 1.2
      vertex 188.353 14.4309 1.2
    endloop
  endfacet
  facet normal 0.513498 -0.858091 0
    outer loop
      vertex 187.864 14.1042 1.2
      vertex 188.117 14.2556 3.2
      vertex 187.864 14.1042 3.2
    endloop
  endfacet
  facet normal 0.513498 -0.858091 0
    outer loop
      vertex 188.117 14.2556 3.2
      vertex 187.864 14.1042 1.2
      vertex 188.117 14.2556 1.2
    endloop
  endfacet
  facet normal 0.427809 -0.903869 0
    outer loop
      vertex 187.598 13.9783 1.2
      vertex 187.864 14.1042 3.2
      vertex 187.598 13.9783 3.2
    endloop
  endfacet
  facet normal 0.427809 -0.903869 0
    outer loop
      vertex 187.864 14.1042 3.2
      vertex 187.598 13.9783 1.2
      vertex 187.864 14.1042 1.2
    endloop
  endfacet
  facet normal 0.336853 -0.941557 0
    outer loop
      vertex 187.321 13.8792 1.2
      vertex 187.598 13.9783 3.2
      vertex 187.321 13.8792 3.2
    endloop
  endfacet
  facet normal 0.336853 -0.941557 0
    outer loop
      vertex 187.598 13.9783 3.2
      vertex 187.321 13.8792 1.2
      vertex 187.598 13.9783 1.2
    endloop
  endfacet
  facet normal 0.242855 -0.970063 0
    outer loop
      vertex 187.035 13.8076 1.2
      vertex 187.321 13.8792 3.2
      vertex 187.035 13.8076 3.2
    endloop
  endfacet
  facet normal 0.242855 -0.970063 0
    outer loop
      vertex 187.321 13.8792 3.2
      vertex 187.035 13.8076 1.2
      vertex 187.321 13.8792 1.2
    endloop
  endfacet
  facet normal 0.146844 -0.98916 0
    outer loop
      vertex 186.744 13.7644 1.2
      vertex 187.035 13.8076 3.2
      vertex 186.744 13.7644 3.2
    endloop
  endfacet
  facet normal 0.146844 -0.98916 0
    outer loop
      vertex 187.035 13.8076 3.2
      vertex 186.744 13.7644 1.2
      vertex 187.035 13.8076 1.2
    endloop
  endfacet
  facet normal 0.0489209 -0.998803 0
    outer loop
      vertex 186.45 13.75 1.2
      vertex 186.744 13.7644 3.2
      vertex 186.45 13.75 3.2
    endloop
  endfacet
  facet normal 0.0489209 -0.998803 0
    outer loop
      vertex 186.744 13.7644 3.2
      vertex 186.45 13.75 1.2
      vertex 186.744 13.7644 1.2
    endloop
  endfacet
  facet normal 0 -1 0
    outer loop
      vertex 16.75 13.75 1.2
      vertex 186.45 13.75 3.2
      vertex 16.75 13.75 3.2
    endloop
  endfacet
  facet normal 0 -1 -0
    outer loop
      vertex 186.45 13.75 3.2
      vertex 16.75 13.75 1.2
      vertex 186.45 13.75 1.2
    endloop
  endfacet
endsolid OpenSCAD_Model
