solid OpenSCAD_Model
  facet normal -0.998791 -0.0491602 0
    outer loop
      vertex 11.7 10 0
      vertex 11.6918 10.1666 1.2
      vertex 11.6918 10.1666 0
    endloop
  endfacet
  facet normal -0.998791 -0.0491602 0
    outer loop
      vertex 11.6918 10.1666 1.2
      vertex 11.7 10 0
      vertex 11.7 10 1.2
    endloop
  endfacet
  facet normal 0.0491513 -0.998791 0
    outer loop
      vertex 9.83337 11.6918 0
      vertex 10 11.7 1.2
      vertex 9.83337 11.6918 1.2
    endloop
  endfacet
  facet normal 0.0491513 -0.998791 0
    outer loop
      vertex 10 11.7 1.2
      vertex 9.83337 11.6918 0
      vertex 10 11.7 0
    endloop
  endfacet
  facet normal -0.0491004 0.998794 0
    outer loop
      vertex 10.1666 8.30819 0
      vertex 10 8.3 1.2
      vertex 10.1666 8.30819 1.2
    endloop
  endfacet
  facet normal -0.0491004 0.998794 0
    outer loop
      vertex 10 8.3 1.2
      vertex 10.1666 8.30819 0
      vertex 10 8.3 0
    endloop
  endfacet
  facet normal -0.671478 -0.741024 0
    outer loop
      vertex 11.0785 11.3141 0
      vertex 11.2021 11.2021 1.2
      vertex 11.0785 11.3141 1.2
    endloop
  endfacet
  facet normal -0.671478 -0.741024 -0
    outer loop
      vertex 11.2021 11.2021 1.2
      vertex 11.0785 11.3141 0
      vertex 11.2021 11.2021 0
    endloop
  endfacet
  facet normal 0.740905 -0.67161 0
    outer loop
      vertex 8.68588 11.0785 1.2
      vertex 8.79792 11.2021 0
      vertex 8.79792 11.2021 1.2
    endloop
  endfacet
  facet normal 0.740905 -0.67161 0
    outer loop
      vertex 8.79792 11.2021 0
      vertex 8.68588 11.0785 1.2
      vertex 8.68588 11.0785 0
    endloop
  endfacet
  facet normal 0.427396 -0.904065 0
    outer loop
      vertex 9.19862 11.4993 0
      vertex 9.34944 11.5706 1.2
      vertex 9.19862 11.4993 1.2
    endloop
  endfacet
  facet normal 0.427396 -0.904065 0
    outer loop
      vertex 9.34944 11.5706 1.2
      vertex 9.19862 11.4993 0
      vertex 9.34944 11.5706 0
    endloop
  endfacet
  facet normal -0.904043 -0.427442 0
    outer loop
      vertex 11.5706 10.6506 0
      vertex 11.4993 10.8014 1.2
      vertex 11.4993 10.8014 0
    endloop
  endfacet
  facet normal -0.904043 -0.427442 0
    outer loop
      vertex 11.4993 10.8014 1.2
      vertex 11.5706 10.6506 0
      vertex 11.5706 10.6506 1.2
    endloop
  endfacet
  facet normal -0.33683 -0.941566 0
    outer loop
      vertex 10.4935 11.6268 0
      vertex 10.6506 11.5706 1.2
      vertex 10.4935 11.6268 1.2
    endloop
  endfacet
  facet normal -0.33683 -0.941566 -0
    outer loop
      vertex 10.6506 11.5706 1.2
      vertex 10.4935 11.6268 0
      vertex 10.6506 11.5706 0
    endloop
  endfacet
  facet normal -0.514231 -0.857652 0
    outer loop
      vertex 10.8014 11.4993 0
      vertex 10.9445 11.4135 1.2
      vertex 10.8014 11.4993 1.2
    endloop
  endfacet
  facet normal -0.514231 -0.857652 -0
    outer loop
      vertex 10.9445 11.4135 1.2
      vertex 10.8014 11.4993 0
      vertex 10.9445 11.4135 0
    endloop
  endfacet
  facet normal 0.941566 -0.33683 0
    outer loop
      vertex 8.3732 10.4935 1.2
      vertex 8.4294 10.6506 0
      vertex 8.4294 10.6506 1.2
    endloop
  endfacet
  facet normal 0.941566 -0.33683 0
    outer loop
      vertex 8.4294 10.6506 0
      vertex 8.3732 10.4935 1.2
      vertex 8.3732 10.4935 0
    endloop
  endfacet
  facet normal 0.242775 -0.970083 0
    outer loop
      vertex 9.50652 11.6268 0
      vertex 9.66835 11.6673 1.2
      vertex 9.50652 11.6268 1.2
    endloop
  endfacet
  facet normal 0.242775 -0.970083 0
    outer loop
      vertex 9.66835 11.6673 1.2
      vertex 9.50652 11.6268 0
      vertex 9.66835 11.6673 0
    endloop
  endfacet
  facet normal -0.989158 0.146857 0
    outer loop
      vertex 11.6673 9.66835 0
      vertex 11.6918 9.83337 1.2
      vertex 11.6918 9.83337 0
    endloop
  endfacet
  facet normal -0.989158 0.146857 0
    outer loop
      vertex 11.6918 9.83337 1.2
      vertex 11.6673 9.66835 0
      vertex 11.6673 9.66835 1.2
    endloop
  endfacet
  facet normal -0.146612 0.989194 0
    outer loop
      vertex 10.3317 8.33266 0
      vertex 10.1666 8.30819 1.2
      vertex 10.3317 8.33266 1.2
    endloop
  endfacet
  facet normal -0.146612 0.989194 0
    outer loop
      vertex 10.1666 8.30819 1.2
      vertex 10.3317 8.33266 0
      vertex 10.1666 8.30819 0
    endloop
  endfacet
  facet normal -0.970072 -0.242818 0
    outer loop
      vertex 11.6673 10.3317 0
      vertex 11.6268 10.4935 1.2
      vertex 11.6268 10.4935 0
    endloop
  endfacet
  facet normal -0.970072 -0.242818 0
    outer loop
      vertex 11.6268 10.4935 1.2
      vertex 11.6673 10.3317 0
      vertex 11.6673 10.3317 1.2
    endloop
  endfacet
  facet normal -0.989168 -0.146788 0
    outer loop
      vertex 11.6918 10.1666 0
      vertex 11.6673 10.3317 1.2
      vertex 11.6673 10.3317 0
    endloop
  endfacet
  facet normal -0.989168 -0.146788 0
    outer loop
      vertex 11.6673 10.3317 1.2
      vertex 11.6918 10.1666 0
      vertex 11.6918 10.1666 1.2
    endloop
  endfacet
  facet normal -0.941566 -0.33683 0
    outer loop
      vertex 11.6268 10.4935 0
      vertex 11.5706 10.6506 1.2
      vertex 11.5706 10.6506 0
    endloop
  endfacet
  facet normal -0.941566 -0.33683 0
    outer loop
      vertex 11.5706 10.6506 1.2
      vertex 11.6268 10.4935 0
      vertex 11.6268 10.4935 1.2
    endloop
  endfacet
  facet normal -0.803154 -0.595772 0
    outer loop
      vertex 11.4135 10.9445 0
      vertex 11.3141 11.0785 1.2
      vertex 11.3141 11.0785 0
    endloop
  endfacet
  facet normal -0.803154 -0.595772 0
    outer loop
      vertex 11.3141 11.0785 1.2
      vertex 11.4135 10.9445 0
      vertex 11.4135 10.9445 1.2
    endloop
  endfacet
  facet normal -0.741024 -0.671478 0
    outer loop
      vertex 11.3141 11.0785 0
      vertex 11.2021 11.2021 1.2
      vertex 11.2021 11.2021 0
    endloop
  endfacet
  facet normal -0.741024 -0.671478 0
    outer loop
      vertex 11.2021 11.2021 1.2
      vertex 11.3141 11.0785 0
      vertex 11.3141 11.0785 1.2
    endloop
  endfacet
  facet normal -0.857652 -0.514231 0
    outer loop
      vertex 11.4993 10.8014 0
      vertex 11.4135 10.9445 1.2
      vertex 11.4135 10.9445 0
    endloop
  endfacet
  facet normal -0.857652 -0.514231 0
    outer loop
      vertex 11.4135 10.9445 1.2
      vertex 11.4993 10.8014 0
      vertex 11.4993 10.8014 1.2
    endloop
  endfacet
  facet normal -0.146788 -0.989168 0
    outer loop
      vertex 10.1666 11.6918 0
      vertex 10.3317 11.6673 1.2
      vertex 10.1666 11.6918 1.2
    endloop
  endfacet
  facet normal -0.146788 -0.989168 -0
    outer loop
      vertex 10.3317 11.6673 1.2
      vertex 10.1666 11.6918 0
      vertex 10.3317 11.6673 0
    endloop
  endfacet
  facet normal -0.242818 -0.970072 0
    outer loop
      vertex 10.3317 11.6673 0
      vertex 10.4935 11.6268 1.2
      vertex 10.3317 11.6673 1.2
    endloop
  endfacet
  facet normal -0.242818 -0.970072 -0
    outer loop
      vertex 10.4935 11.6268 1.2
      vertex 10.3317 11.6673 0
      vertex 10.4935 11.6268 0
    endloop
  endfacet
  facet normal -0.0491602 -0.998791 0
    outer loop
      vertex 10 11.7 0
      vertex 10.1666 11.6918 1.2
      vertex 10 11.7 1.2
    endloop
  endfacet
  facet normal -0.0491602 -0.998791 -0
    outer loop
      vertex 10.1666 11.6918 1.2
      vertex 10 11.7 0
      vertex 10.1666 11.6918 0
    endloop
  endfacet
  facet normal -0.427442 -0.904043 0
    outer loop
      vertex 10.6506 11.5706 0
      vertex 10.8014 11.4993 1.2
      vertex 10.6506 11.5706 1.2
    endloop
  endfacet
  facet normal -0.427442 -0.904043 -0
    outer loop
      vertex 10.8014 11.4993 1.2
      vertex 10.6506 11.5706 0
      vertex 10.8014 11.4993 0
    endloop
  endfacet
  facet normal -0.595772 -0.803154 0
    outer loop
      vertex 10.9445 11.4135 0
      vertex 11.0785 11.3141 1.2
      vertex 10.9445 11.4135 1.2
    endloop
  endfacet
  facet normal -0.595772 -0.803154 -0
    outer loop
      vertex 11.0785 11.3141 1.2
      vertex 10.9445 11.4135 0
      vertex 11.0785 11.3141 0
    endloop
  endfacet
  facet normal 0.989194 -0.146612 0
    outer loop
      vertex 8.30819 10.1666 1.2
      vertex 8.33266 10.3317 0
      vertex 8.33266 10.3317 1.2
    endloop
  endfacet
  facet normal 0.989194 -0.146612 0
    outer loop
      vertex 8.33266 10.3317 0
      vertex 8.30819 10.1666 1.2
      vertex 8.30819 10.1666 0
    endloop
  endfacet
  facet normal 0.857731 -0.514099 0
    outer loop
      vertex 8.50073 10.8014 1.2
      vertex 8.5865 10.9445 0
      vertex 8.5865 10.9445 1.2
    endloop
  endfacet
  facet normal 0.857731 -0.514099 0
    outer loop
      vertex 8.5865 10.9445 0
      vertex 8.50073 10.8014 1.2
      vertex 8.50073 10.8014 0
    endloop
  endfacet
  facet normal 0.803211 -0.595695 0
    outer loop
      vertex 8.5865 10.9445 1.2
      vertex 8.68588 11.0785 0
      vertex 8.68588 11.0785 1.2
    endloop
  endfacet
  facet normal 0.803211 -0.595695 0
    outer loop
      vertex 8.68588 11.0785 0
      vertex 8.5865 10.9445 1.2
      vertex 8.5865 10.9445 0
    endloop
  endfacet
  facet normal 0.903973 -0.427589 0
    outer loop
      vertex 8.4294 10.6506 1.2
      vertex 8.50073 10.8014 0
      vertex 8.50073 10.8014 1.2
    endloop
  endfacet
  facet normal 0.903973 -0.427589 0
    outer loop
      vertex 8.50073 10.8014 0
      vertex 8.4294 10.6506 1.2
      vertex 8.4294 10.6506 0
    endloop
  endfacet
  facet normal 0.970015 -0.243043 0
    outer loop
      vertex 8.33266 10.3317 1.2
      vertex 8.3732 10.4935 0
      vertex 8.3732 10.4935 1.2
    endloop
  endfacet
  facet normal 0.970015 -0.243043 0
    outer loop
      vertex 8.3732 10.4935 0
      vertex 8.33266 10.3317 1.2
      vertex 8.33266 10.3317 0
    endloop
  endfacet
  facet normal 0.998794 -0.0491004 0
    outer loop
      vertex 8.3 10 1.2
      vertex 8.30819 10.1666 0
      vertex 8.30819 10.1666 1.2
    endloop
  endfacet
  facet normal 0.998794 -0.0491004 0
    outer loop
      vertex 8.30819 10.1666 0
      vertex 8.3 10 1.2
      vertex 8.3 10 0
    endloop
  endfacet
  facet normal 0.595772 -0.803154 0
    outer loop
      vertex 8.92153 11.3141 0
      vertex 9.05553 11.4135 1.2
      vertex 8.92153 11.3141 1.2
    endloop
  endfacet
  facet normal 0.595772 -0.803154 0
    outer loop
      vertex 9.05553 11.4135 1.2
      vertex 8.92153 11.3141 0
      vertex 9.05553 11.4135 0
    endloop
  endfacet
  facet normal 0.514258 -0.857636 0
    outer loop
      vertex 9.05553 11.4135 0
      vertex 9.19862 11.4993 1.2
      vertex 9.05553 11.4135 1.2
    endloop
  endfacet
  facet normal 0.514258 -0.857636 0
    outer loop
      vertex 9.19862 11.4993 1.2
      vertex 9.05553 11.4135 0
      vertex 9.19862 11.4993 0
    endloop
  endfacet
  facet normal 0.671448 -0.741051 0
    outer loop
      vertex 8.79792 11.2021 0
      vertex 8.92153 11.3141 1.2
      vertex 8.79792 11.2021 1.2
    endloop
  endfacet
  facet normal 0.671448 -0.741051 0
    outer loop
      vertex 8.92153 11.3141 1.2
      vertex 8.79792 11.2021 0
      vertex 8.92153 11.3141 0
    endloop
  endfacet
  facet normal 0.336868 -0.941552 0
    outer loop
      vertex 9.34944 11.5706 0
      vertex 9.50652 11.6268 1.2
      vertex 9.34944 11.5706 1.2
    endloop
  endfacet
  facet normal 0.336868 -0.941552 0
    outer loop
      vertex 9.50652 11.6268 1.2
      vertex 9.34944 11.5706 0
      vertex 9.50652 11.6268 0
    endloop
  endfacet
  facet normal 0.146857 -0.989158 0
    outer loop
      vertex 9.66835 11.6673 0
      vertex 9.83337 11.6918 1.2
      vertex 9.66835 11.6673 1.2
    endloop
  endfacet
  facet normal 0.146857 -0.989158 0
    outer loop
      vertex 9.83337 11.6918 1.2
      vertex 9.66835 11.6673 0
      vertex 9.83337 11.6918 0
    endloop
  endfacet
  facet normal -0.998791 0.0491513 0
    outer loop
      vertex 11.6918 9.83337 0
      vertex 11.7 10 1.2
      vertex 11.7 10 0
    endloop
  endfacet
  facet normal -0.998791 0.0491513 0
    outer loop
      vertex 11.7 10 1.2
      vertex 11.6918 9.83337 0
      vertex 11.6918 9.83337 1.2
    endloop
  endfacet
  facet normal -0.741051 0.671448 0
    outer loop
      vertex 11.2021 8.79792 0
      vertex 11.3141 8.92153 1.2
      vertex 11.3141 8.92153 0
    endloop
  endfacet
  facet normal -0.741051 0.671448 0
    outer loop
      vertex 11.3141 8.92153 1.2
      vertex 11.2021 8.79792 0
      vertex 11.2021 8.79792 1.2
    endloop
  endfacet
  facet normal 0.595695 0.803211 -0
    outer loop
      vertex 9.05553 8.5865 0
      vertex 8.92153 8.68588 1.2
      vertex 9.05553 8.5865 1.2
    endloop
  endfacet
  facet normal 0.595695 0.803211 0
    outer loop
      vertex 8.92153 8.68588 1.2
      vertex 9.05553 8.5865 0
      vertex 8.92153 8.68588 0
    endloop
  endfacet
  facet normal 0.857715 0.514125 0
    outer loop
      vertex 8.5865 9.05553 1.2
      vertex 8.50073 9.19862 0
      vertex 8.50073 9.19862 1.2
    endloop
  endfacet
  facet normal 0.857715 0.514125 0
    outer loop
      vertex 8.50073 9.19862 0
      vertex 8.5865 9.05553 1.2
      vertex 8.5865 9.05553 0
    endloop
  endfacet
  facet normal 0.740932 0.67158 0
    outer loop
      vertex 8.79792 8.79792 1.2
      vertex 8.68588 8.92153 0
      vertex 8.68588 8.92153 1.2
    endloop
  endfacet
  facet normal 0.740932 0.67158 0
    outer loop
      vertex 8.68588 8.92153 0
      vertex 8.79792 8.79792 1.2
      vertex 8.79792 8.79792 0
    endloop
  endfacet
  facet normal 0.998794 0.0490916 0
    outer loop
      vertex 8.30819 9.83337 1.2
      vertex 8.3 10 0
      vertex 8.3 10 1.2
    endloop
  endfacet
  facet normal 0.998794 0.0490916 0
    outer loop
      vertex 8.3 10 0
      vertex 8.30819 9.83337 1.2
      vertex 8.30819 9.83337 0
    endloop
  endfacet
  facet normal -0.970083 0.242775 0
    outer loop
      vertex 11.6268 9.50652 0
      vertex 11.6673 9.66835 1.2
      vertex 11.6673 9.66835 0
    endloop
  endfacet
  facet normal -0.970083 0.242775 0
    outer loop
      vertex 11.6673 9.66835 1.2
      vertex 11.6268 9.50652 0
      vertex 11.6268 9.50652 1.2
    endloop
  endfacet
  facet normal -0.514099 0.857731 0
    outer loop
      vertex 10.9445 8.5865 0
      vertex 10.8014 8.50073 1.2
      vertex 10.9445 8.5865 1.2
    endloop
  endfacet
  facet normal -0.514099 0.857731 0
    outer loop
      vertex 10.8014 8.50073 1.2
      vertex 10.9445 8.5865 0
      vertex 10.8014 8.50073 0
    endloop
  endfacet
  facet normal -0.67161 0.740905 0
    outer loop
      vertex 11.2021 8.79792 0
      vertex 11.0785 8.68588 1.2
      vertex 11.2021 8.79792 1.2
    endloop
  endfacet
  facet normal -0.67161 0.740905 0
    outer loop
      vertex 11.0785 8.68588 1.2
      vertex 11.2021 8.79792 0
      vertex 11.0785 8.68588 0
    endloop
  endfacet
  facet normal -0.904065 0.427396 0
    outer loop
      vertex 11.4993 9.19862 0
      vertex 11.5706 9.34944 1.2
      vertex 11.5706 9.34944 0
    endloop
  endfacet
  facet normal -0.904065 0.427396 0
    outer loop
      vertex 11.5706 9.34944 1.2
      vertex 11.4993 9.19862 0
      vertex 11.4993 9.19862 1.2
    endloop
  endfacet
  facet normal -0.803154 0.595772 0
    outer loop
      vertex 11.3141 8.92153 0
      vertex 11.4135 9.05553 1.2
      vertex 11.4135 9.05553 0
    endloop
  endfacet
  facet normal -0.803154 0.595772 0
    outer loop
      vertex 11.4135 9.05553 1.2
      vertex 11.3141 8.92153 0
      vertex 11.3141 8.92153 1.2
    endloop
  endfacet
  facet normal 0.243001 0.970026 -0
    outer loop
      vertex 9.66835 8.33266 0
      vertex 9.50652 8.3732 1.2
      vertex 9.66835 8.33266 1.2
    endloop
  endfacet
  facet normal 0.243001 0.970026 0
    outer loop
      vertex 9.50652 8.3732 1.2
      vertex 9.66835 8.33266 0
      vertex 9.50652 8.3732 0
    endloop
  endfacet
  facet normal 0.67158 0.740932 -0
    outer loop
      vertex 8.92153 8.68588 0
      vertex 8.79792 8.79792 1.2
      vertex 8.92153 8.68588 1.2
    endloop
  endfacet
  facet normal 0.67158 0.740932 0
    outer loop
      vertex 8.79792 8.79792 1.2
      vertex 8.92153 8.68588 0
      vertex 8.79792 8.79792 0
    endloop
  endfacet
  facet normal 0.941552 0.336868 0
    outer loop
      vertex 8.4294 9.34944 1.2
      vertex 8.3732 9.50652 0
      vertex 8.3732 9.50652 1.2
    endloop
  endfacet
  facet normal 0.941552 0.336868 0
    outer loop
      vertex 8.3732 9.50652 0
      vertex 8.4294 9.34944 1.2
      vertex 8.4294 9.34944 0
    endloop
  endfacet
  facet normal 0.903995 0.427543 0
    outer loop
      vertex 8.50073 9.19862 1.2
      vertex 8.4294 9.34944 0
      vertex 8.4294 9.34944 1.2
    endloop
  endfacet
  facet normal 0.903995 0.427543 0
    outer loop
      vertex 8.4294 9.34944 0
      vertex 8.50073 9.19862 1.2
      vertex 8.50073 9.19862 0
    endloop
  endfacet
  facet normal -0.243043 0.970015 0
    outer loop
      vertex 10.4935 8.3732 0
      vertex 10.3317 8.33266 1.2
      vertex 10.4935 8.3732 1.2
    endloop
  endfacet
  facet normal -0.243043 0.970015 0
    outer loop
      vertex 10.3317 8.33266 1.2
      vertex 10.4935 8.3732 0
      vertex 10.3317 8.33266 0
    endloop
  endfacet
  facet normal -0.427589 0.903973 0
    outer loop
      vertex 10.8014 8.50073 0
      vertex 10.6506 8.4294 1.2
      vertex 10.8014 8.50073 1.2
    endloop
  endfacet
  facet normal -0.427589 0.903973 0
    outer loop
      vertex 10.6506 8.4294 1.2
      vertex 10.8014 8.50073 0
      vertex 10.6506 8.4294 0
    endloop
  endfacet
  facet normal -0.33683 0.941566 0
    outer loop
      vertex 10.6506 8.4294 0
      vertex 10.4935 8.3732 1.2
      vertex 10.6506 8.4294 1.2
    endloop
  endfacet
  facet normal -0.33683 0.941566 0
    outer loop
      vertex 10.4935 8.3732 1.2
      vertex 10.6506 8.4294 0
      vertex 10.4935 8.3732 0
    endloop
  endfacet
  facet normal -0.941552 0.336868 0
    outer loop
      vertex 11.5706 9.34944 0
      vertex 11.6268 9.50652 1.2
      vertex 11.6268 9.50652 0
    endloop
  endfacet
  facet normal -0.941552 0.336868 0
    outer loop
      vertex 11.6268 9.50652 1.2
      vertex 11.5706 9.34944 0
      vertex 11.5706 9.34944 1.2
    endloop
  endfacet
  facet normal -0.857636 0.514258 0
    outer loop
      vertex 11.4135 9.05553 0
      vertex 11.4993 9.19862 1.2
      vertex 11.4993 9.19862 0
    endloop
  endfacet
  facet normal -0.857636 0.514258 0
    outer loop
      vertex 11.4993 9.19862 1.2
      vertex 11.4135 9.05553 0
      vertex 11.4135 9.05553 1.2
    endloop
  endfacet
  facet normal 0.0490916 0.998794 -0
    outer loop
      vertex 10 8.3 0
      vertex 9.83337 8.30819 1.2
      vertex 10 8.3 1.2
    endloop
  endfacet
  facet normal 0.0490916 0.998794 0
    outer loop
      vertex 9.83337 8.30819 1.2
      vertex 10 8.3 0
      vertex 9.83337 8.30819 0
    endloop
  endfacet
  facet normal 0.336868 0.941552 -0
    outer loop
      vertex 9.50652 8.3732 0
      vertex 9.34944 8.4294 1.2
      vertex 9.50652 8.3732 1.2
    endloop
  endfacet
  facet normal 0.336868 0.941552 0
    outer loop
      vertex 9.34944 8.4294 1.2
      vertex 9.50652 8.3732 0
      vertex 9.34944 8.4294 0
    endloop
  endfacet
  facet normal 0.803211 0.595695 0
    outer loop
      vertex 8.68588 8.92153 1.2
      vertex 8.5865 9.05553 0
      vertex 8.5865 9.05553 1.2
    endloop
  endfacet
  facet normal 0.803211 0.595695 0
    outer loop
      vertex 8.5865 9.05553 0
      vertex 8.68588 8.92153 1.2
      vertex 8.68588 8.92153 0
    endloop
  endfacet
  facet normal 0.970026 0.243001 0
    outer loop
      vertex 8.3732 9.50652 1.2
      vertex 8.33266 9.66835 0
      vertex 8.33266 9.66835 1.2
    endloop
  endfacet
  facet normal 0.970026 0.243001 0
    outer loop
      vertex 8.33266 9.66835 0
      vertex 8.3732 9.50652 1.2
      vertex 8.3732 9.50652 0
    endloop
  endfacet
  facet normal 0.989184 0.146681 0
    outer loop
      vertex 8.33266 9.66835 1.2
      vertex 8.30819 9.83337 0
      vertex 8.30819 9.83337 1.2
    endloop
  endfacet
  facet normal 0.989184 0.146681 0
    outer loop
      vertex 8.30819 9.83337 0
      vertex 8.33266 9.66835 1.2
      vertex 8.33266 9.66835 0
    endloop
  endfacet
  facet normal -0.595695 0.803211 0
    outer loop
      vertex 11.0785 8.68588 0
      vertex 10.9445 8.5865 1.2
      vertex 11.0785 8.68588 1.2
    endloop
  endfacet
  facet normal -0.595695 0.803211 0
    outer loop
      vertex 10.9445 8.5865 1.2
      vertex 11.0785 8.68588 0
      vertex 10.9445 8.5865 0
    endloop
  endfacet
  facet normal 0.427543 0.903995 -0
    outer loop
      vertex 9.34944 8.4294 0
      vertex 9.19862 8.50073 1.2
      vertex 9.34944 8.4294 1.2
    endloop
  endfacet
  facet normal 0.427543 0.903995 0
    outer loop
      vertex 9.19862 8.50073 1.2
      vertex 9.34944 8.4294 0
      vertex 9.19862 8.50073 0
    endloop
  endfacet
  facet normal 0.146681 0.989184 -0
    outer loop
      vertex 9.83337 8.30819 0
      vertex 9.66835 8.33266 1.2
      vertex 9.83337 8.30819 1.2
    endloop
  endfacet
  facet normal 0.146681 0.989184 0
    outer loop
      vertex 9.66835 8.33266 1.2
      vertex 9.83337 8.30819 0
      vertex 9.66835 8.33266 0
    endloop
  endfacet
  facet normal 0.514125 0.857715 -0
    outer loop
      vertex 9.19862 8.50073 0
      vertex 9.05553 8.5865 1.2
      vertex 9.19862 8.50073 1.2
    endloop
  endfacet
  facet normal 0.514125 0.857715 0
    outer loop
      vertex 9.05553 8.5865 1.2
      vertex 9.19862 8.50073 0
      vertex 9.05553 8.5865 0
    endloop
  endfacet
  facet normal -0.998797 -0.0490427 0
    outer loop
      vertex 11.7 193.2 0
      vertex 11.6918 193.367 1.2
      vertex 11.6918 193.367 0
    endloop
  endfacet
  facet normal -0.998797 -0.0490427 0
    outer loop
      vertex 11.6918 193.367 1.2
      vertex 11.7 193.2 0
      vertex 11.7 193.2 1.2
    endloop
  endfacet
  facet normal 0.0479553 -0.998849 0
    outer loop
      vertex 9.83337 194.892 0
      vertex 10 194.9 1.2
      vertex 9.83337 194.892 1.2
    endloop
  endfacet
  facet normal 0.0479553 -0.998849 0
    outer loop
      vertex 10 194.9 1.2
      vertex 9.83337 194.892 0
      vertex 10 194.9 0
    endloop
  endfacet
  facet normal -0.671478 -0.741024 0
    outer loop
      vertex 11.0785 194.514 0
      vertex 11.2021 194.402 1.2
      vertex 11.0785 194.514 1.2
    endloop
  endfacet
  facet normal -0.671478 -0.741024 -0
    outer loop
      vertex 11.2021 194.402 1.2
      vertex 11.0785 194.514 0
      vertex 11.2021 194.402 0
    endloop
  endfacet
  facet normal 0.741984 -0.670418 0
    outer loop
      vertex 8.68588 194.278 1.2
      vertex 8.79792 194.402 0
      vertex 8.79792 194.402 1.2
    endloop
  endfacet
  facet normal 0.741984 -0.670418 0
    outer loop
      vertex 8.79792 194.402 0
      vertex 8.68588 194.278 1.2
      vertex 8.68588 194.278 0
    endloop
  endfacet
  facet normal 0.430816 -0.90244 0
    outer loop
      vertex 9.19862 194.699 0
      vertex 9.34944 194.771 1.2
      vertex 9.19862 194.699 1.2
    endloop
  endfacet
  facet normal 0.430816 -0.90244 0
    outer loop
      vertex 9.34944 194.771 1.2
      vertex 9.19862 194.699 0
      vertex 9.34944 194.771 0
    endloop
  endfacet
  facet normal -0.903161 -0.429302 0
    outer loop
      vertex 11.5706 193.851 0
      vertex 11.4993 194.001 1.2
      vertex 11.4993 194.001 0
    endloop
  endfacet
  facet normal -0.903161 -0.429302 0
    outer loop
      vertex 11.4993 194.001 1.2
      vertex 11.5706 193.851 0
      vertex 11.5706 193.851 1.2
    endloop
  endfacet
  facet normal -0.335767 -0.941945 0
    outer loop
      vertex 10.4935 194.827 0
      vertex 10.6506 194.771 1.2
      vertex 10.4935 194.827 1.2
    endloop
  endfacet
  facet normal -0.335767 -0.941945 -0
    outer loop
      vertex 10.6506 194.771 1.2
      vertex 10.4935 194.827 0
      vertex 10.6506 194.771 0
    endloop
  endfacet
  facet normal -0.515112 -0.857123 0
    outer loop
      vertex 10.8014 194.699 0
      vertex 10.9445 194.613 1.2
      vertex 10.8014 194.699 1.2
    endloop
  endfacet
  facet normal -0.515112 -0.857123 -0
    outer loop
      vertex 10.9445 194.613 1.2
      vertex 10.8014 194.699 0
      vertex 10.9445 194.613 0
    endloop
  endfacet
  facet normal 0.942173 -0.335127 0
    outer loop
      vertex 8.3732 193.693 1.2
      vertex 8.4294 193.851 0
      vertex 8.4294 193.851 1.2
    endloop
  endfacet
  facet normal 0.942173 -0.335127 0
    outer loop
      vertex 8.4294 193.851 0
      vertex 8.3732 193.693 1.2
      vertex 8.3732 193.693 0
    endloop
  endfacet
  facet normal 0.239952 -0.970785 0
    outer loop
      vertex 9.50652 194.827 0
      vertex 9.66835 194.867 1.2
      vertex 9.50652 194.827 1.2
    endloop
  endfacet
  facet normal 0.239952 -0.970785 0
    outer loop
      vertex 9.66835 194.867 1.2
      vertex 9.50652 194.827 0
      vertex 9.66835 194.867 0
    endloop
  endfacet
  facet normal -0.969787 0.243953 0
    outer loop
      vertex 11.6268 192.707 0
      vertex 11.6673 192.868 1.2
      vertex 11.6673 192.868 0
    endloop
  endfacet
  facet normal -0.969787 0.243953 0
    outer loop
      vertex 11.6673 192.868 1.2
      vertex 11.6268 192.707 0
      vertex 11.6268 192.707 1.2
    endloop
  endfacet
  facet normal -0.969787 -0.243953 0
    outer loop
      vertex 11.6673 193.532 0
      vertex 11.6268 193.693 1.2
      vertex 11.6268 193.693 0
    endloop
  endfacet
  facet normal -0.969787 -0.243953 0
    outer loop
      vertex 11.6268 193.693 1.2
      vertex 11.6673 193.532 0
      vertex 11.6673 193.532 1.2
    endloop
  endfacet
  facet normal -0.989155 -0.146875 0
    outer loop
      vertex 11.6918 193.367 0
      vertex 11.6673 193.532 1.2
      vertex 11.6673 193.532 0
    endloop
  endfacet
  facet normal -0.989155 -0.146875 0
    outer loop
      vertex 11.6673 193.532 1.2
      vertex 11.6918 193.367 0
      vertex 11.6918 193.367 1.2
    endloop
  endfacet
  facet normal -0.942173 -0.335127 0
    outer loop
      vertex 11.6268 193.693 0
      vertex 11.5706 193.851 1.2
      vertex 11.5706 193.851 0
    endloop
  endfacet
  facet normal -0.942173 -0.335127 0
    outer loop
      vertex 11.5706 193.851 1.2
      vertex 11.6268 193.693 0
      vertex 11.6268 193.693 1.2
    endloop
  endfacet
  facet normal -0.803154 -0.595772 0
    outer loop
      vertex 11.4135 194.144 0
      vertex 11.3141 194.278 1.2
      vertex 11.3141 194.278 0
    endloop
  endfacet
  facet normal -0.803154 -0.595772 0
    outer loop
      vertex 11.3141 194.278 1.2
      vertex 11.4135 194.144 0
      vertex 11.4135 194.144 1.2
    endloop
  endfacet
  facet normal -0.742103 -0.670286 0
    outer loop
      vertex 11.3141 194.278 0
      vertex 11.2021 194.402 1.2
      vertex 11.2021 194.402 0
    endloop
  endfacet
  facet normal -0.742103 -0.670286 0
    outer loop
      vertex 11.2021 194.402 1.2
      vertex 11.3141 194.278 0
      vertex 11.3141 194.278 1.2
    endloop
  endfacet
  facet normal -0.857493 -0.514496 0
    outer loop
      vertex 11.4993 194.001 0
      vertex 11.4135 194.144 1.2
      vertex 11.4135 194.144 0
    endloop
  endfacet
  facet normal -0.857493 -0.514496 0
    outer loop
      vertex 11.4135 194.144 1.2
      vertex 11.4993 194.001 0
      vertex 11.4993 194.001 1.2
    endloop
  endfacet
  facet normal -0.149717 -0.988729 0
    outer loop
      vertex 10.1666 194.892 0
      vertex 10.3317 194.867 1.2
      vertex 10.1666 194.892 1.2
    endloop
  endfacet
  facet normal -0.149717 -0.988729 -0
    outer loop
      vertex 10.3317 194.867 1.2
      vertex 10.1666 194.892 0
      vertex 10.3317 194.867 0
    endloop
  endfacet
  facet normal -0.239994 -0.970774 0
    outer loop
      vertex 10.3317 194.867 0
      vertex 10.4935 194.827 1.2
      vertex 10.3317 194.867 1.2
    endloop
  endfacet
  facet normal -0.239994 -0.970774 -0
    outer loop
      vertex 10.4935 194.827 1.2
      vertex 10.3317 194.867 0
      vertex 10.4935 194.827 0
    endloop
  endfacet
  facet normal -0.0479639 -0.998849 0
    outer loop
      vertex 10 194.9 0
      vertex 10.1666 194.892 1.2
      vertex 10 194.9 1.2
    endloop
  endfacet
  facet normal -0.0479639 -0.998849 -0
    outer loop
      vertex 10.1666 194.892 1.2
      vertex 10 194.9 0
      vertex 10.1666 194.892 0
    endloop
  endfacet
  facet normal -0.430863 -0.902418 0
    outer loop
      vertex 10.6506 194.771 0
      vertex 10.8014 194.699 1.2
      vertex 10.6506 194.771 1.2
    endloop
  endfacet
  facet normal -0.430863 -0.902418 -0
    outer loop
      vertex 10.8014 194.699 1.2
      vertex 10.6506 194.771 0
      vertex 10.8014 194.699 0
    endloop
  endfacet
  facet normal -0.594222 -0.804301 0
    outer loop
      vertex 10.9445 194.613 0
      vertex 11.0785 194.514 1.2
      vertex 10.9445 194.613 1.2
    endloop
  endfacet
  facet normal -0.594222 -0.804301 -0
    outer loop
      vertex 11.0785 194.514 1.2
      vertex 10.9445 194.613 0
      vertex 11.0785 194.514 0
    endloop
  endfacet
  facet normal 0.989181 -0.146699 0
    outer loop
      vertex 8.30819 193.367 1.2
      vertex 8.33266 193.532 0
      vertex 8.33266 193.532 1.2
    endloop
  endfacet
  facet normal 0.989181 -0.146699 0
    outer loop
      vertex 8.33266 193.532 0
      vertex 8.30819 193.367 1.2
      vertex 8.30819 193.367 0
    endloop
  endfacet
  facet normal 0.857572 -0.514363 0
    outer loop
      vertex 8.50073 194.001 1.2
      vertex 8.5865 194.144 0
      vertex 8.5865 194.144 1.2
    endloop
  endfacet
  facet normal 0.857572 -0.514363 0
    outer loop
      vertex 8.5865 194.144 0
      vertex 8.50073 194.001 1.2
      vertex 8.50073 194.001 0
    endloop
  endfacet
  facet normal 0.803211 -0.595695 0
    outer loop
      vertex 8.5865 194.144 1.2
      vertex 8.68588 194.278 0
      vertex 8.68588 194.278 1.2
    endloop
  endfacet
  facet normal 0.803211 -0.595695 0
    outer loop
      vertex 8.68588 194.278 0
      vertex 8.5865 194.144 1.2
      vertex 8.5865 194.144 0
    endloop
  endfacet
  facet normal 0.903091 -0.42945 0
    outer loop
      vertex 8.4294 193.851 1.2
      vertex 8.50073 194.001 0
      vertex 8.50073 194.001 1.2
    endloop
  endfacet
  facet normal 0.903091 -0.42945 0
    outer loop
      vertex 8.50073 194.001 0
      vertex 8.4294 193.851 1.2
      vertex 8.4294 193.851 0
    endloop
  endfacet
  facet normal 0.96973 -0.244179 0
    outer loop
      vertex 8.33266 193.532 1.2
      vertex 8.3732 193.693 0
      vertex 8.3732 193.693 1.2
    endloop
  endfacet
  facet normal 0.96973 -0.244179 0
    outer loop
      vertex 8.3732 193.693 0
      vertex 8.33266 193.532 1.2
      vertex 8.33266 193.532 0
    endloop
  endfacet
  facet normal 0.9988 -0.048983 0
    outer loop
      vertex 8.3 193.2 1.2
      vertex 8.30819 193.367 0
      vertex 8.30819 193.367 1.2
    endloop
  endfacet
  facet normal 0.9988 -0.048983 0
    outer loop
      vertex 8.30819 193.367 0
      vertex 8.3 193.2 1.2
      vertex 8.3 193.2 0
    endloop
  endfacet
  facet normal 0.594222 -0.804301 0
    outer loop
      vertex 8.92153 194.514 0
      vertex 9.05553 194.613 1.2
      vertex 8.92153 194.514 1.2
    endloop
  endfacet
  facet normal 0.594222 -0.804301 0
    outer loop
      vertex 9.05553 194.613 1.2
      vertex 8.92153 194.514 0
      vertex 9.05553 194.613 0
    endloop
  endfacet
  facet normal 0.515139 -0.857107 0
    outer loop
      vertex 9.05553 194.613 0
      vertex 9.19862 194.699 1.2
      vertex 9.05553 194.613 1.2
    endloop
  endfacet
  facet normal 0.515139 -0.857107 0
    outer loop
      vertex 9.19862 194.699 1.2
      vertex 9.05553 194.613 0
      vertex 9.19862 194.699 0
    endloop
  endfacet
  facet normal 0.671448 -0.741051 0
    outer loop
      vertex 8.79792 194.402 0
      vertex 8.92153 194.514 1.2
      vertex 8.79792 194.402 1.2
    endloop
  endfacet
  facet normal 0.671448 -0.741051 0
    outer loop
      vertex 8.92153 194.514 1.2
      vertex 8.79792 194.402 0
      vertex 8.92153 194.514 0
    endloop
  endfacet
  facet normal 0.335805 -0.941932 0
    outer loop
      vertex 9.34944 194.771 0
      vertex 9.50652 194.827 1.2
      vertex 9.34944 194.771 1.2
    endloop
  endfacet
  facet normal 0.335805 -0.941932 0
    outer loop
      vertex 9.50652 194.827 1.2
      vertex 9.34944 194.771 0
      vertex 9.50652 194.827 0
    endloop
  endfacet
  facet normal 0.149788 -0.988718 0
    outer loop
      vertex 9.66835 194.867 0
      vertex 9.83337 194.892 1.2
      vertex 9.66835 194.867 1.2
    endloop
  endfacet
  facet normal 0.149788 -0.988718 0
    outer loop
      vertex 9.83337 194.892 1.2
      vertex 9.66835 194.867 0
      vertex 9.83337 194.892 0
    endloop
  endfacet
  facet normal -0.149717 0.988729 0
    outer loop
      vertex 10.3317 191.533 0
      vertex 10.1666 191.508 1.2
      vertex 10.3317 191.533 1.2
    endloop
  endfacet
  facet normal -0.149717 0.988729 0
    outer loop
      vertex 10.1666 191.508 1.2
      vertex 10.3317 191.533 0
      vertex 10.1666 191.508 0
    endloop
  endfacet
  facet normal -0.335767 0.941945 0
    outer loop
      vertex 10.6506 191.629 0
      vertex 10.4935 191.573 1.2
      vertex 10.6506 191.629 1.2
    endloop
  endfacet
  facet normal -0.335767 0.941945 0
    outer loop
      vertex 10.4935 191.573 1.2
      vertex 10.6506 191.629 0
      vertex 10.4935 191.573 0
    endloop
  endfacet
  facet normal -0.671478 0.741024 0
    outer loop
      vertex 11.2021 191.998 0
      vertex 11.0785 191.886 1.2
      vertex 11.2021 191.998 1.2
    endloop
  endfacet
  facet normal -0.671478 0.741024 0
    outer loop
      vertex 11.0785 191.886 1.2
      vertex 11.2021 191.998 0
      vertex 11.0785 191.886 0
    endloop
  endfacet
  facet normal -0.510691 0.859764 0
    outer loop
      vertex 10.9445 191.786 0
      vertex 10.8014 191.701 1.2
      vertex 10.9445 191.786 1.2
    endloop
  endfacet
  facet normal -0.510691 0.859764 0
    outer loop
      vertex 10.8014 191.701 1.2
      vertex 10.9445 191.786 0
      vertex 10.8014 191.701 0
    endloop
  endfacet
  facet normal -0.803154 0.595772 0
    outer loop
      vertex 11.3141 192.122 0
      vertex 11.4135 192.256 1.2
      vertex 11.4135 192.256 0
    endloop
  endfacet
  facet normal -0.803154 0.595772 0
    outer loop
      vertex 11.4135 192.256 1.2
      vertex 11.3141 192.122 0
      vertex 11.3141 192.122 1.2
    endloop
  endfacet
  facet normal -0.903161 0.429302 0
    outer loop
      vertex 11.4993 192.399 0
      vertex 11.5706 192.549 1.2
      vertex 11.5706 192.549 0
    endloop
  endfacet
  facet normal -0.903161 0.429302 0
    outer loop
      vertex 11.5706 192.549 1.2
      vertex 11.4993 192.399 0
      vertex 11.4993 192.399 1.2
    endloop
  endfacet
  facet normal 0.598084 0.801433 -0
    outer loop
      vertex 9.05553 191.786 0
      vertex 8.92153 191.886 1.2
      vertex 9.05553 191.786 1.2
    endloop
  endfacet
  facet normal 0.598084 0.801433 0
    outer loop
      vertex 8.92153 191.886 1.2
      vertex 9.05553 191.786 0
      vertex 8.92153 191.886 0
    endloop
  endfacet
  facet normal 0.430816 0.90244 -0
    outer loop
      vertex 9.34944 191.629 0
      vertex 9.19862 191.701 1.2
      vertex 9.34944 191.629 1.2
    endloop
  endfacet
  facet normal 0.430816 0.90244 0
    outer loop
      vertex 9.19862 191.701 1.2
      vertex 9.34944 191.629 0
      vertex 9.19862 191.701 0
    endloop
  endfacet
  facet normal 0.239952 0.970785 -0
    outer loop
      vertex 9.66835 191.533 0
      vertex 9.50652 191.573 1.2
      vertex 9.66835 191.533 1.2
    endloop
  endfacet
  facet normal 0.239952 0.970785 0
    outer loop
      vertex 9.50652 191.573 1.2
      vertex 9.66835 191.533 0
      vertex 9.50652 191.573 0
    endloop
  endfacet
  facet normal 0.0479553 0.998849 -0
    outer loop
      vertex 10 191.5 0
      vertex 9.83337 191.508 1.2
      vertex 10 191.5 1.2
    endloop
  endfacet
  facet normal 0.0479553 0.998849 0
    outer loop
      vertex 9.83337 191.508 1.2
      vertex 10 191.5 0
      vertex 9.83337 191.508 0
    endloop
  endfacet
  facet normal 0.857572 0.514363 0
    outer loop
      vertex 8.5865 192.256 1.2
      vertex 8.50073 192.399 0
      vertex 8.50073 192.399 1.2
    endloop
  endfacet
  facet normal 0.857572 0.514363 0
    outer loop
      vertex 8.50073 192.399 0
      vertex 8.5865 192.256 1.2
      vertex 8.5865 192.256 0
    endloop
  endfacet
  facet normal 0.741984 0.670418 0
    outer loop
      vertex 8.79792 191.998 1.2
      vertex 8.68588 192.122 0
      vertex 8.68588 192.122 1.2
    endloop
  endfacet
  facet normal 0.741984 0.670418 0
    outer loop
      vertex 8.68588 192.122 0
      vertex 8.79792 191.998 1.2
      vertex 8.79792 191.998 0
    endloop
  endfacet
  facet normal 0.942173 0.335127 0
    outer loop
      vertex 8.4294 192.549 1.2
      vertex 8.3732 192.707 0
      vertex 8.3732 192.707 1.2
    endloop
  endfacet
  facet normal 0.942173 0.335127 0
    outer loop
      vertex 8.3732 192.707 0
      vertex 8.4294 192.549 1.2
      vertex 8.4294 192.549 0
    endloop
  endfacet
  facet normal 0.989181 0.146699 0
    outer loop
      vertex 8.33266 192.868 1.2
      vertex 8.30819 193.033 0
      vertex 8.30819 193.033 1.2
    endloop
  endfacet
  facet normal 0.989181 0.146699 0
    outer loop
      vertex 8.30819 193.033 0
      vertex 8.33266 192.868 1.2
      vertex 8.33266 192.868 0
    endloop
  endfacet
  facet normal 0.9988 0.048983 0
    outer loop
      vertex 8.30819 193.033 1.2
      vertex 8.3 193.2 0
      vertex 8.3 193.2 1.2
    endloop
  endfacet
  facet normal 0.9988 0.048983 0
    outer loop
      vertex 8.3 193.2 0
      vertex 8.30819 193.033 1.2
      vertex 8.30819 193.033 0
    endloop
  endfacet
  facet normal -0.239994 0.970774 0
    outer loop
      vertex 10.4935 191.573 0
      vertex 10.3317 191.533 1.2
      vertex 10.4935 191.573 1.2
    endloop
  endfacet
  facet normal -0.239994 0.970774 0
    outer loop
      vertex 10.3317 191.533 1.2
      vertex 10.4935 191.573 0
      vertex 10.3317 191.533 0
    endloop
  endfacet
  facet normal -0.430863 0.902418 0
    outer loop
      vertex 10.8014 191.701 0
      vertex 10.6506 191.629 1.2
      vertex 10.8014 191.701 1.2
    endloop
  endfacet
  facet normal -0.430863 0.902418 0
    outer loop
      vertex 10.6506 191.629 1.2
      vertex 10.8014 191.701 0
      vertex 10.6506 191.629 0
    endloop
  endfacet
  facet normal -0.742103 0.670286 0
    outer loop
      vertex 11.2021 191.998 0
      vertex 11.3141 192.122 1.2
      vertex 11.3141 192.122 0
    endloop
  endfacet
  facet normal -0.742103 0.670286 0
    outer loop
      vertex 11.3141 192.122 1.2
      vertex 11.2021 191.998 0
      vertex 11.2021 191.998 1.2
    endloop
  endfacet
  facet normal -0.598084 0.801433 0
    outer loop
      vertex 11.0785 191.886 0
      vertex 10.9445 191.786 1.2
      vertex 11.0785 191.886 1.2
    endloop
  endfacet
  facet normal -0.598084 0.801433 0
    outer loop
      vertex 10.9445 191.786 1.2
      vertex 11.0785 191.886 0
      vertex 10.9445 191.786 0
    endloop
  endfacet
  facet normal -0.857493 0.514496 0
    outer loop
      vertex 11.4135 192.256 0
      vertex 11.4993 192.399 1.2
      vertex 11.4993 192.399 0
    endloop
  endfacet
  facet normal -0.857493 0.514496 0
    outer loop
      vertex 11.4993 192.399 1.2
      vertex 11.4135 192.256 0
      vertex 11.4135 192.256 1.2
    endloop
  endfacet
  facet normal -0.942173 0.335127 0
    outer loop
      vertex 11.5706 192.549 0
      vertex 11.6268 192.707 1.2
      vertex 11.6268 192.707 0
    endloop
  endfacet
  facet normal -0.942173 0.335127 0
    outer loop
      vertex 11.6268 192.707 1.2
      vertex 11.5706 192.549 0
      vertex 11.5706 192.549 1.2
    endloop
  endfacet
  facet normal -0.989155 0.146875 0
    outer loop
      vertex 11.6673 192.868 0
      vertex 11.6918 193.033 1.2
      vertex 11.6918 193.033 0
    endloop
  endfacet
  facet normal -0.989155 0.146875 0
    outer loop
      vertex 11.6918 193.033 1.2
      vertex 11.6673 192.868 0
      vertex 11.6673 192.868 1.2
    endloop
  endfacet
  facet normal -0.998797 0.0490427 0
    outer loop
      vertex 11.6918 193.033 0
      vertex 11.7 193.2 1.2
      vertex 11.7 193.2 0
    endloop
  endfacet
  facet normal -0.998797 0.0490427 0
    outer loop
      vertex 11.7 193.2 1.2
      vertex 11.6918 193.033 0
      vertex 11.6918 193.033 1.2
    endloop
  endfacet
  facet normal 0.510718 0.859748 -0
    outer loop
      vertex 9.19862 191.701 0
      vertex 9.05553 191.786 1.2
      vertex 9.19862 191.701 1.2
    endloop
  endfacet
  facet normal 0.510718 0.859748 0
    outer loop
      vertex 9.05553 191.786 1.2
      vertex 9.19862 191.701 0
      vertex 9.05553 191.786 0
    endloop
  endfacet
  facet normal 0.335805 0.941932 -0
    outer loop
      vertex 9.50652 191.573 0
      vertex 9.34944 191.629 1.2
      vertex 9.50652 191.573 1.2
    endloop
  endfacet
  facet normal 0.335805 0.941932 0
    outer loop
      vertex 9.34944 191.629 1.2
      vertex 9.50652 191.573 0
      vertex 9.34944 191.629 0
    endloop
  endfacet
  facet normal 0.149788 0.988718 -0
    outer loop
      vertex 9.83337 191.508 0
      vertex 9.66835 191.533 1.2
      vertex 9.83337 191.508 1.2
    endloop
  endfacet
  facet normal 0.149788 0.988718 0
    outer loop
      vertex 9.66835 191.533 1.2
      vertex 9.83337 191.508 0
      vertex 9.66835 191.533 0
    endloop
  endfacet
  facet normal -0.0479639 0.998849 0
    outer loop
      vertex 10.1666 191.508 0
      vertex 10 191.5 1.2
      vertex 10.1666 191.508 1.2
    endloop
  endfacet
  facet normal -0.0479639 0.998849 0
    outer loop
      vertex 10 191.5 1.2
      vertex 10.1666 191.508 0
      vertex 10 191.5 0
    endloop
  endfacet
  facet normal 0.803211 0.595695 0
    outer loop
      vertex 8.68588 192.122 1.2
      vertex 8.5865 192.256 0
      vertex 8.5865 192.256 1.2
    endloop
  endfacet
  facet normal 0.803211 0.595695 0
    outer loop
      vertex 8.5865 192.256 0
      vertex 8.68588 192.122 1.2
      vertex 8.68588 192.122 0
    endloop
  endfacet
  facet normal 0.671448 0.741051 -0
    outer loop
      vertex 8.92153 191.886 0
      vertex 8.79792 191.998 1.2
      vertex 8.92153 191.886 1.2
    endloop
  endfacet
  facet normal 0.671448 0.741051 0
    outer loop
      vertex 8.79792 191.998 1.2
      vertex 8.92153 191.886 0
      vertex 8.79792 191.998 0
    endloop
  endfacet
  facet normal 0.903091 0.42945 0
    outer loop
      vertex 8.50073 192.399 1.2
      vertex 8.4294 192.549 0
      vertex 8.4294 192.549 1.2
    endloop
  endfacet
  facet normal 0.903091 0.42945 0
    outer loop
      vertex 8.4294 192.549 0
      vertex 8.50073 192.399 1.2
      vertex 8.50073 192.399 0
    endloop
  endfacet
  facet normal 0.96973 0.244179 0
    outer loop
      vertex 8.3732 192.707 1.2
      vertex 8.33266 192.868 0
      vertex 8.33266 192.868 1.2
    endloop
  endfacet
  facet normal 0.96973 0.244179 0
    outer loop
      vertex 8.33266 192.868 0
      vertex 8.3732 192.707 1.2
      vertex 8.3732 192.707 0
    endloop
  endfacet
  facet normal -0.857123 -0.515112 0
    outer loop
      vertex 194.699 10.8014 0
      vertex 194.613 10.9445 1.2
      vertex 194.613 10.9445 0
    endloop
  endfacet
  facet normal -0.857123 -0.515112 0
    outer loop
      vertex 194.613 10.9445 1.2
      vertex 194.699 10.8014 0
      vertex 194.699 10.8014 1.2
    endloop
  endfacet
  facet normal -0.335127 -0.942173 0
    outer loop
      vertex 193.693 11.6268 0
      vertex 193.851 11.5706 1.2
      vertex 193.693 11.6268 1.2
    endloop
  endfacet
  facet normal -0.335127 -0.942173 -0
    outer loop
      vertex 193.851 11.5706 1.2
      vertex 193.693 11.6268 0
      vertex 193.851 11.5706 0
    endloop
  endfacet
  facet normal 0.429302 -0.903161 0
    outer loop
      vertex 192.399 11.4993 0
      vertex 192.549 11.5706 1.2
      vertex 192.399 11.4993 1.2
    endloop
  endfacet
  facet normal 0.429302 -0.903161 0
    outer loop
      vertex 192.549 11.5706 1.2
      vertex 192.399 11.4993 0
      vertex 192.549 11.5706 0
    endloop
  endfacet
  facet normal 0.941945 -0.335767 0
    outer loop
      vertex 191.573 10.4935 1.2
      vertex 191.629 10.6506 0
      vertex 191.629 10.6506 1.2
    endloop
  endfacet
  facet normal 0.941945 -0.335767 0
    outer loop
      vertex 191.629 10.6506 0
      vertex 191.573 10.4935 1.2
      vertex 191.573 10.4935 0
    endloop
  endfacet
  facet normal -0.998849 0.0479553 0
    outer loop
      vertex 194.892 9.83337 0
      vertex 194.9 10 1.2
      vertex 194.9 10 0
    endloop
  endfacet
  facet normal -0.998849 0.0479553 0
    outer loop
      vertex 194.9 10 1.2
      vertex 194.892 9.83337 0
      vertex 194.892 9.83337 1.2
    endloop
  endfacet
  facet normal -0.42945 0.903091 0
    outer loop
      vertex 194.001 8.50073 0
      vertex 193.851 8.4294 1.2
      vertex 194.001 8.50073 1.2
    endloop
  endfacet
  facet normal -0.42945 0.903091 0
    outer loop
      vertex 193.851 8.4294 1.2
      vertex 194.001 8.50073 0
      vertex 193.851 8.4294 0
    endloop
  endfacet
  facet normal 0.998849 0.0479553 0
    outer loop
      vertex 191.508 9.83337 1.2
      vertex 191.5 10 0
      vertex 191.5 10 1.2
    endloop
  endfacet
  facet normal 0.998849 0.0479553 0
    outer loop
      vertex 191.5 10 0
      vertex 191.508 9.83337 1.2
      vertex 191.508 9.83337 0
    endloop
  endfacet
  facet normal 0.670286 -0.742103 0
    outer loop
      vertex 191.998 11.2021 0
      vertex 192.122 11.3141 1.2
      vertex 191.998 11.2021 1.2
    endloop
  endfacet
  facet normal 0.670286 -0.742103 0
    outer loop
      vertex 192.122 11.3141 1.2
      vertex 191.998 11.2021 0
      vertex 192.122 11.3141 0
    endloop
  endfacet
  facet normal 0.048983 0.9988 -0
    outer loop
      vertex 193.2 8.3 0
      vertex 193.033 8.30819 1.2
      vertex 193.2 8.3 1.2
    endloop
  endfacet
  facet normal 0.048983 0.9988 0
    outer loop
      vertex 193.033 8.30819 1.2
      vertex 193.2 8.3 0
      vertex 193.033 8.30819 0
    endloop
  endfacet
  facet normal -0.514363 0.857572 0
    outer loop
      vertex 194.144 8.5865 0
      vertex 194.001 8.50073 1.2
      vertex 194.144 8.5865 1.2
    endloop
  endfacet
  facet normal -0.514363 0.857572 0
    outer loop
      vertex 194.001 8.50073 1.2
      vertex 194.144 8.5865 0
      vertex 194.001 8.50073 0
    endloop
  endfacet
  facet normal -0.988729 -0.149717 0
    outer loop
      vertex 194.892 10.1666 0
      vertex 194.867 10.3317 1.2
      vertex 194.867 10.3317 0
    endloop
  endfacet
  facet normal -0.988729 -0.149717 0
    outer loop
      vertex 194.867 10.3317 1.2
      vertex 194.892 10.1666 0
      vertex 194.892 10.1666 1.2
    endloop
  endfacet
  facet normal -0.804301 -0.594222 0
    outer loop
      vertex 194.613 10.9445 0
      vertex 194.514 11.0785 1.2
      vertex 194.514 11.0785 0
    endloop
  endfacet
  facet normal -0.804301 -0.594222 0
    outer loop
      vertex 194.514 11.0785 1.2
      vertex 194.613 10.9445 0
      vertex 194.613 10.9445 1.2
    endloop
  endfacet
  facet normal -0.670286 -0.742103 0
    outer loop
      vertex 194.278 11.3141 0
      vertex 194.402 11.2021 1.2
      vertex 194.278 11.3141 1.2
    endloop
  endfacet
  facet normal -0.670286 -0.742103 -0
    outer loop
      vertex 194.402 11.2021 1.2
      vertex 194.278 11.3141 0
      vertex 194.402 11.2021 0
    endloop
  endfacet
  facet normal -0.741024 -0.671478 0
    outer loop
      vertex 194.514 11.0785 0
      vertex 194.402 11.2021 1.2
      vertex 194.402 11.2021 0
    endloop
  endfacet
  facet normal -0.741024 -0.671478 0
    outer loop
      vertex 194.402 11.2021 1.2
      vertex 194.514 11.0785 0
      vertex 194.514 11.0785 1.2
    endloop
  endfacet
  facet normal 0.0490427 -0.998797 0
    outer loop
      vertex 193.033 11.6918 0
      vertex 193.2 11.7 1.2
      vertex 193.033 11.6918 1.2
    endloop
  endfacet
  facet normal 0.0490427 -0.998797 0
    outer loop
      vertex 193.2 11.7 1.2
      vertex 193.033 11.6918 0
      vertex 193.2 11.7 0
    endloop
  endfacet
  facet normal -0.243953 -0.969787 0
    outer loop
      vertex 193.532 11.6673 0
      vertex 193.693 11.6268 1.2
      vertex 193.532 11.6673 1.2
    endloop
  endfacet
  facet normal -0.243953 -0.969787 -0
    outer loop
      vertex 193.693 11.6268 1.2
      vertex 193.532 11.6673 0
      vertex 193.693 11.6268 0
    endloop
  endfacet
  facet normal -0.146875 -0.989155 0
    outer loop
      vertex 193.367 11.6918 0
      vertex 193.532 11.6673 1.2
      vertex 193.367 11.6918 1.2
    endloop
  endfacet
  facet normal -0.146875 -0.989155 -0
    outer loop
      vertex 193.532 11.6673 1.2
      vertex 193.367 11.6918 0
      vertex 193.532 11.6673 0
    endloop
  endfacet
  facet normal -0.0490427 -0.998797 0
    outer loop
      vertex 193.2 11.7 0
      vertex 193.367 11.6918 1.2
      vertex 193.2 11.7 1.2
    endloop
  endfacet
  facet normal -0.0490427 -0.998797 -0
    outer loop
      vertex 193.367 11.6918 1.2
      vertex 193.2 11.7 0
      vertex 193.367 11.6918 0
    endloop
  endfacet
  facet normal -0.595772 -0.803154 0
    outer loop
      vertex 194.144 11.4135 0
      vertex 194.278 11.3141 1.2
      vertex 194.144 11.4135 1.2
    endloop
  endfacet
  facet normal -0.595772 -0.803154 -0
    outer loop
      vertex 194.278 11.3141 1.2
      vertex 194.144 11.4135 0
      vertex 194.278 11.3141 0
    endloop
  endfacet
  facet normal -0.514496 -0.857493 0
    outer loop
      vertex 194.001 11.4993 0
      vertex 194.144 11.4135 1.2
      vertex 194.001 11.4993 1.2
    endloop
  endfacet
  facet normal -0.514496 -0.857493 -0
    outer loop
      vertex 194.144 11.4135 1.2
      vertex 194.001 11.4993 0
      vertex 194.144 11.4135 0
    endloop
  endfacet
  facet normal 0.970774 -0.239994 0
    outer loop
      vertex 191.533 10.3317 1.2
      vertex 191.573 10.4935 0
      vertex 191.573 10.4935 1.2
    endloop
  endfacet
  facet normal 0.970774 -0.239994 0
    outer loop
      vertex 191.573 10.4935 0
      vertex 191.533 10.3317 1.2
      vertex 191.533 10.3317 0
    endloop
  endfacet
  facet normal 0.988729 -0.149717 0
    outer loop
      vertex 191.508 10.1666 1.2
      vertex 191.533 10.3317 0
      vertex 191.533 10.3317 1.2
    endloop
  endfacet
  facet normal 0.988729 -0.149717 0
    outer loop
      vertex 191.533 10.3317 0
      vertex 191.508 10.1666 1.2
      vertex 191.508 10.1666 0
    endloop
  endfacet
  facet normal 0.998849 -0.0479639 0
    outer loop
      vertex 191.5 10 1.2
      vertex 191.508 10.1666 0
      vertex 191.508 10.1666 1.2
    endloop
  endfacet
  facet normal 0.998849 -0.0479639 0
    outer loop
      vertex 191.508 10.1666 0
      vertex 191.5 10 1.2
      vertex 191.5 10 0
    endloop
  endfacet
  facet normal 0.801433 -0.598084 0
    outer loop
      vertex 191.786 10.9445 1.2
      vertex 191.886 11.0785 0
      vertex 191.886 11.0785 1.2
    endloop
  endfacet
  facet normal 0.801433 -0.598084 0
    outer loop
      vertex 191.886 11.0785 0
      vertex 191.786 10.9445 1.2
      vertex 191.786 10.9445 0
    endloop
  endfacet
  facet normal 0.859764 -0.510691 0
    outer loop
      vertex 191.701 10.8014 1.2
      vertex 191.786 10.9445 0
      vertex 191.786 10.9445 1.2
    endloop
  endfacet
  facet normal 0.859764 -0.510691 0
    outer loop
      vertex 191.786 10.9445 0
      vertex 191.701 10.8014 1.2
      vertex 191.701 10.8014 0
    endloop
  endfacet
  facet normal 0.146875 -0.989155 0
    outer loop
      vertex 192.868 11.6673 0
      vertex 193.033 11.6918 1.2
      vertex 192.868 11.6673 1.2
    endloop
  endfacet
  facet normal 0.146875 -0.989155 0
    outer loop
      vertex 193.033 11.6918 1.2
      vertex 192.868 11.6673 0
      vertex 193.033 11.6918 0
    endloop
  endfacet
  facet normal 0.335127 -0.942173 0
    outer loop
      vertex 192.549 11.5706 0
      vertex 192.707 11.6268 1.2
      vertex 192.549 11.5706 1.2
    endloop
  endfacet
  facet normal 0.335127 -0.942173 0
    outer loop
      vertex 192.707 11.6268 1.2
      vertex 192.549 11.5706 0
      vertex 192.707 11.6268 0
    endloop
  endfacet
  facet normal 0.243953 -0.969787 0
    outer loop
      vertex 192.707 11.6268 0
      vertex 192.868 11.6673 1.2
      vertex 192.707 11.6268 1.2
    endloop
  endfacet
  facet normal 0.243953 -0.969787 0
    outer loop
      vertex 192.868 11.6673 1.2
      vertex 192.707 11.6268 0
      vertex 192.868 11.6673 0
    endloop
  endfacet
  facet normal 0.514496 -0.857493 0
    outer loop
      vertex 192.256 11.4135 0
      vertex 192.399 11.4993 1.2
      vertex 192.256 11.4135 1.2
    endloop
  endfacet
  facet normal 0.514496 -0.857493 0
    outer loop
      vertex 192.399 11.4993 1.2
      vertex 192.256 11.4135 0
      vertex 192.399 11.4993 0
    endloop
  endfacet
  facet normal 0.595772 -0.803154 0
    outer loop
      vertex 192.122 11.3141 0
      vertex 192.256 11.4135 1.2
      vertex 192.122 11.3141 1.2
    endloop
  endfacet
  facet normal 0.595772 -0.803154 0
    outer loop
      vertex 192.256 11.4135 1.2
      vertex 192.122 11.3141 0
      vertex 192.256 11.4135 0
    endloop
  endfacet
  facet normal 0.741024 -0.671478 0
    outer loop
      vertex 191.886 11.0785 1.2
      vertex 191.998 11.2021 0
      vertex 191.998 11.2021 1.2
    endloop
  endfacet
  facet normal 0.741024 -0.671478 0
    outer loop
      vertex 191.998 11.2021 0
      vertex 191.886 11.0785 1.2
      vertex 191.886 11.0785 0
    endloop
  endfacet
  facet normal -0.998849 -0.0479639 0
    outer loop
      vertex 194.9 10 0
      vertex 194.892 10.1666 1.2
      vertex 194.892 10.1666 0
    endloop
  endfacet
  facet normal -0.998849 -0.0479639 0
    outer loop
      vertex 194.892 10.1666 1.2
      vertex 194.9 10 0
      vertex 194.9 10 1.2
    endloop
  endfacet
  facet normal -0.804301 0.594222 0
    outer loop
      vertex 194.514 8.92153 0
      vertex 194.613 9.05553 1.2
      vertex 194.613 9.05553 0
    endloop
  endfacet
  facet normal -0.804301 0.594222 0
    outer loop
      vertex 194.613 9.05553 1.2
      vertex 194.514 8.92153 0
      vertex 194.514 8.92153 1.2
    endloop
  endfacet
  facet normal -0.146699 0.989181 0
    outer loop
      vertex 193.532 8.33266 0
      vertex 193.367 8.30819 1.2
      vertex 193.532 8.33266 1.2
    endloop
  endfacet
  facet normal -0.146699 0.989181 0
    outer loop
      vertex 193.367 8.30819 1.2
      vertex 193.532 8.33266 0
      vertex 193.367 8.30819 0
    endloop
  endfacet
  facet normal -0.902418 -0.430863 0
    outer loop
      vertex 194.771 10.6506 0
      vertex 194.699 10.8014 1.2
      vertex 194.699 10.8014 0
    endloop
  endfacet
  facet normal -0.902418 -0.430863 0
    outer loop
      vertex 194.699 10.8014 1.2
      vertex 194.771 10.6506 0
      vertex 194.771 10.6506 1.2
    endloop
  endfacet
  facet normal -0.941945 -0.335767 0
    outer loop
      vertex 194.827 10.4935 0
      vertex 194.771 10.6506 1.2
      vertex 194.771 10.6506 0
    endloop
  endfacet
  facet normal -0.941945 -0.335767 0
    outer loop
      vertex 194.771 10.6506 1.2
      vertex 194.827 10.4935 0
      vertex 194.827 10.4935 1.2
    endloop
  endfacet
  facet normal -0.970774 -0.239994 0
    outer loop
      vertex 194.867 10.3317 0
      vertex 194.827 10.4935 1.2
      vertex 194.827 10.4935 0
    endloop
  endfacet
  facet normal -0.970774 -0.239994 0
    outer loop
      vertex 194.827 10.4935 1.2
      vertex 194.867 10.3317 0
      vertex 194.867 10.3317 1.2
    endloop
  endfacet
  facet normal -0.429302 -0.903161 0
    outer loop
      vertex 193.851 11.5706 0
      vertex 194.001 11.4993 1.2
      vertex 193.851 11.5706 1.2
    endloop
  endfacet
  facet normal -0.429302 -0.903161 -0
    outer loop
      vertex 194.001 11.4993 1.2
      vertex 193.851 11.5706 0
      vertex 194.001 11.4993 0
    endloop
  endfacet
  facet normal 0.902418 -0.430863 0
    outer loop
      vertex 191.629 10.6506 1.2
      vertex 191.701 10.8014 0
      vertex 191.701 10.8014 1.2
    endloop
  endfacet
  facet normal 0.902418 -0.430863 0
    outer loop
      vertex 191.701 10.8014 0
      vertex 191.629 10.6506 1.2
      vertex 191.629 10.6506 0
    endloop
  endfacet
  facet normal -0.988718 0.149788 0
    outer loop
      vertex 194.867 9.66835 0
      vertex 194.892 9.83337 1.2
      vertex 194.892 9.83337 0
    endloop
  endfacet
  facet normal -0.988718 0.149788 0
    outer loop
      vertex 194.892 9.83337 1.2
      vertex 194.867 9.66835 0
      vertex 194.867 9.66835 1.2
    endloop
  endfacet
  facet normal -0.970785 0.239952 0
    outer loop
      vertex 194.827 9.50652 0
      vertex 194.867 9.66835 1.2
      vertex 194.867 9.66835 0
    endloop
  endfacet
  facet normal -0.970785 0.239952 0
    outer loop
      vertex 194.867 9.66835 1.2
      vertex 194.827 9.50652 0
      vertex 194.827 9.50652 1.2
    endloop
  endfacet
  facet normal -0.941932 0.335805 0
    outer loop
      vertex 194.771 9.34944 0
      vertex 194.827 9.50652 1.2
      vertex 194.827 9.50652 0
    endloop
  endfacet
  facet normal -0.941932 0.335805 0
    outer loop
      vertex 194.827 9.50652 1.2
      vertex 194.771 9.34944 0
      vertex 194.771 9.34944 1.2
    endloop
  endfacet
  facet normal -0.90244 0.430816 0
    outer loop
      vertex 194.699 9.19862 0
      vertex 194.771 9.34944 1.2
      vertex 194.771 9.34944 0
    endloop
  endfacet
  facet normal -0.90244 0.430816 0
    outer loop
      vertex 194.771 9.34944 1.2
      vertex 194.699 9.19862 0
      vertex 194.699 9.19862 1.2
    endloop
  endfacet
  facet normal 0.42945 0.903091 -0
    outer loop
      vertex 192.549 8.4294 0
      vertex 192.399 8.50073 1.2
      vertex 192.549 8.4294 1.2
    endloop
  endfacet
  facet normal 0.42945 0.903091 0
    outer loop
      vertex 192.399 8.50073 1.2
      vertex 192.549 8.4294 0
      vertex 192.399 8.50073 0
    endloop
  endfacet
  facet normal 0.988718 0.149788 0
    outer loop
      vertex 191.533 9.66835 1.2
      vertex 191.508 9.83337 0
      vertex 191.508 9.83337 1.2
    endloop
  endfacet
  facet normal 0.988718 0.149788 0
    outer loop
      vertex 191.508 9.83337 0
      vertex 191.533 9.66835 1.2
      vertex 191.533 9.66835 0
    endloop
  endfacet
  facet normal 0.941932 0.335805 0
    outer loop
      vertex 191.629 9.34944 1.2
      vertex 191.573 9.50652 0
      vertex 191.573 9.50652 1.2
    endloop
  endfacet
  facet normal 0.941932 0.335805 0
    outer loop
      vertex 191.573 9.50652 0
      vertex 191.629 9.34944 1.2
      vertex 191.629 9.34944 0
    endloop
  endfacet
  facet normal 0.741051 0.671448 0
    outer loop
      vertex 191.998 8.79792 1.2
      vertex 191.886 8.92153 0
      vertex 191.886 8.92153 1.2
    endloop
  endfacet
  facet normal 0.741051 0.671448 0
    outer loop
      vertex 191.886 8.92153 0
      vertex 191.998 8.79792 1.2
      vertex 191.998 8.79792 0
    endloop
  endfacet
  facet normal 0.859748 0.510718 0
    outer loop
      vertex 191.786 9.05553 1.2
      vertex 191.701 9.19862 0
      vertex 191.701 9.19862 1.2
    endloop
  endfacet
  facet normal 0.859748 0.510718 0
    outer loop
      vertex 191.701 9.19862 0
      vertex 191.786 9.05553 1.2
      vertex 191.786 9.05553 0
    endloop
  endfacet
  facet normal 0.801433 0.598084 0
    outer loop
      vertex 191.886 8.92153 1.2
      vertex 191.786 9.05553 0
      vertex 191.786 9.05553 1.2
    endloop
  endfacet
  facet normal 0.801433 0.598084 0
    outer loop
      vertex 191.786 9.05553 0
      vertex 191.886 8.92153 1.2
      vertex 191.886 8.92153 0
    endloop
  endfacet
  facet normal -0.857107 0.515139 0
    outer loop
      vertex 194.613 9.05553 0
      vertex 194.699 9.19862 1.2
      vertex 194.699 9.19862 0
    endloop
  endfacet
  facet normal -0.857107 0.515139 0
    outer loop
      vertex 194.699 9.19862 1.2
      vertex 194.613 9.05553 0
      vertex 194.613 9.05553 1.2
    endloop
  endfacet
  facet normal 0.595695 0.803211 -0
    outer loop
      vertex 192.256 8.5865 0
      vertex 192.122 8.68588 1.2
      vertex 192.256 8.5865 1.2
    endloop
  endfacet
  facet normal 0.595695 0.803211 0
    outer loop
      vertex 192.122 8.68588 1.2
      vertex 192.256 8.5865 0
      vertex 192.122 8.68588 0
    endloop
  endfacet
  facet normal -0.048983 0.9988 0
    outer loop
      vertex 193.367 8.30819 0
      vertex 193.2 8.3 1.2
      vertex 193.367 8.30819 1.2
    endloop
  endfacet
  facet normal -0.048983 0.9988 0
    outer loop
      vertex 193.2 8.3 1.2
      vertex 193.367 8.30819 0
      vertex 193.2 8.3 0
    endloop
  endfacet
  facet normal 0.244179 0.96973 -0
    outer loop
      vertex 192.868 8.33266 0
      vertex 192.707 8.3732 1.2
      vertex 192.868 8.33266 1.2
    endloop
  endfacet
  facet normal 0.244179 0.96973 0
    outer loop
      vertex 192.707 8.3732 1.2
      vertex 192.868 8.33266 0
      vertex 192.707 8.3732 0
    endloop
  endfacet
  facet normal 0.146699 0.989181 -0
    outer loop
      vertex 193.033 8.30819 0
      vertex 192.868 8.33266 1.2
      vertex 193.033 8.30819 1.2
    endloop
  endfacet
  facet normal 0.146699 0.989181 0
    outer loop
      vertex 192.868 8.33266 1.2
      vertex 193.033 8.30819 0
      vertex 192.868 8.33266 0
    endloop
  endfacet
  facet normal 0.514363 0.857572 -0
    outer loop
      vertex 192.399 8.50073 0
      vertex 192.256 8.5865 1.2
      vertex 192.399 8.50073 1.2
    endloop
  endfacet
  facet normal 0.514363 0.857572 0
    outer loop
      vertex 192.256 8.5865 1.2
      vertex 192.399 8.50073 0
      vertex 192.256 8.5865 0
    endloop
  endfacet
  facet normal 0.970785 0.239952 0
    outer loop
      vertex 191.573 9.50652 1.2
      vertex 191.533 9.66835 0
      vertex 191.533 9.66835 1.2
    endloop
  endfacet
  facet normal 0.970785 0.239952 0
    outer loop
      vertex 191.533 9.66835 0
      vertex 191.573 9.50652 1.2
      vertex 191.573 9.50652 0
    endloop
  endfacet
  facet normal 0.90244 0.430816 0
    outer loop
      vertex 191.701 9.19862 1.2
      vertex 191.629 9.34944 0
      vertex 191.629 9.34944 1.2
    endloop
  endfacet
  facet normal 0.90244 0.430816 0
    outer loop
      vertex 191.629 9.34944 0
      vertex 191.701 9.19862 1.2
      vertex 191.701 9.19862 0
    endloop
  endfacet
  facet normal 0.670418 0.741984 -0
    outer loop
      vertex 192.122 8.68588 0
      vertex 191.998 8.79792 1.2
      vertex 192.122 8.68588 1.2
    endloop
  endfacet
  facet normal 0.670418 0.741984 0
    outer loop
      vertex 191.998 8.79792 1.2
      vertex 192.122 8.68588 0
      vertex 191.998 8.79792 0
    endloop
  endfacet
  facet normal -0.595695 0.803211 0
    outer loop
      vertex 194.278 8.68588 0
      vertex 194.144 8.5865 1.2
      vertex 194.278 8.68588 1.2
    endloop
  endfacet
  facet normal -0.595695 0.803211 0
    outer loop
      vertex 194.144 8.5865 1.2
      vertex 194.278 8.68588 0
      vertex 194.144 8.5865 0
    endloop
  endfacet
  facet normal -0.741051 0.671448 0
    outer loop
      vertex 194.402 8.79792 0
      vertex 194.514 8.92153 1.2
      vertex 194.514 8.92153 0
    endloop
  endfacet
  facet normal -0.741051 0.671448 0
    outer loop
      vertex 194.514 8.92153 1.2
      vertex 194.402 8.79792 0
      vertex 194.402 8.79792 1.2
    endloop
  endfacet
  facet normal -0.670418 0.741984 0
    outer loop
      vertex 194.402 8.79792 0
      vertex 194.278 8.68588 1.2
      vertex 194.402 8.79792 1.2
    endloop
  endfacet
  facet normal -0.670418 0.741984 0
    outer loop
      vertex 194.278 8.68588 1.2
      vertex 194.402 8.79792 0
      vertex 194.278 8.68588 0
    endloop
  endfacet
  facet normal 0.335127 0.942173 -0
    outer loop
      vertex 192.707 8.3732 0
      vertex 192.549 8.4294 1.2
      vertex 192.707 8.3732 1.2
    endloop
  endfacet
  facet normal 0.335127 0.942173 0
    outer loop
      vertex 192.549 8.4294 1.2
      vertex 192.707 8.3732 0
      vertex 192.549 8.4294 0
    endloop
  endfacet
  facet normal -0.335127 0.942173 0
    outer loop
      vertex 193.851 8.4294 0
      vertex 193.693 8.3732 1.2
      vertex 193.851 8.4294 1.2
    endloop
  endfacet
  facet normal -0.335127 0.942173 0
    outer loop
      vertex 193.693 8.3732 1.2
      vertex 193.851 8.4294 0
      vertex 193.693 8.3732 0
    endloop
  endfacet
  facet normal -0.244179 0.96973 0
    outer loop
      vertex 193.693 8.3732 0
      vertex 193.532 8.33266 1.2
      vertex 193.693 8.3732 1.2
    endloop
  endfacet
  facet normal -0.244179 0.96973 0
    outer loop
      vertex 193.532 8.33266 1.2
      vertex 193.693 8.3732 0
      vertex 193.532 8.33266 0
    endloop
  endfacet
  facet normal -0.594222 -0.804301 0
    outer loop
      vertex 194.144 194.613 0
      vertex 194.278 194.514 1.2
      vertex 194.144 194.613 1.2
    endloop
  endfacet
  facet normal -0.594222 -0.804301 -0
    outer loop
      vertex 194.278 194.514 1.2
      vertex 194.144 194.613 0
      vertex 194.278 194.514 0
    endloop
  endfacet
  facet normal 0.432731 -0.901523 0
    outer loop
      vertex 192.399 194.699 0
      vertex 192.549 194.771 1.2
      vertex 192.399 194.699 1.2
    endloop
  endfacet
  facet normal 0.432731 -0.901523 0
    outer loop
      vertex 192.549 194.771 1.2
      vertex 192.399 194.699 0
      vertex 192.549 194.771 0
    endloop
  endfacet
  facet normal 0.942549 -0.334068 0
    outer loop
      vertex 191.573 193.693 1.2
      vertex 191.629 193.851 0
      vertex 191.629 193.851 1.2
    endloop
  endfacet
  facet normal 0.942549 -0.334068 0
    outer loop
      vertex 191.629 193.851 0
      vertex 191.573 193.693 1.2
      vertex 191.573 193.693 0
    endloop
  endfacet
  facet normal -0.942549 0.334068 0
    outer loop
      vertex 194.771 192.549 0
      vertex 194.827 192.707 1.2
      vertex 194.827 192.707 0
    endloop
  endfacet
  facet normal -0.942549 0.334068 0
    outer loop
      vertex 194.827 192.707 1.2
      vertex 194.771 192.549 0
      vertex 194.771 192.549 1.2
    endloop
  endfacet
  facet normal 0.334068 0.942549 -0
    outer loop
      vertex 192.707 191.573 0
      vertex 192.549 191.629 1.2
      vertex 192.707 191.573 1.2
    endloop
  endfacet
  facet normal 0.334068 0.942549 0
    outer loop
      vertex 192.549 191.629 1.2
      vertex 192.707 191.573 0
      vertex 192.549 191.629 0
    endloop
  endfacet
  facet normal -0.901523 -0.432731 0
    outer loop
      vertex 194.771 193.851 0
      vertex 194.699 194.001 1.2
      vertex 194.699 194.001 0
    endloop
  endfacet
  facet normal -0.901523 -0.432731 0
    outer loop
      vertex 194.699 194.001 1.2
      vertex 194.771 193.851 0
      vertex 194.771 193.851 1.2
    endloop
  endfacet
  facet normal -0.856964 -0.515377 0
    outer loop
      vertex 194.699 194.001 0
      vertex 194.613 194.144 1.2
      vertex 194.613 194.144 0
    endloop
  endfacet
  facet normal -0.856964 -0.515377 0
    outer loop
      vertex 194.613 194.144 1.2
      vertex 194.699 194.001 0
      vertex 194.699 194.001 1.2
    endloop
  endfacet
  facet normal -0.334068 -0.942549 0
    outer loop
      vertex 193.693 194.827 0
      vertex 193.851 194.771 1.2
      vertex 193.693 194.827 1.2
    endloop
  endfacet
  facet normal -0.334068 -0.942549 -0
    outer loop
      vertex 193.851 194.771 1.2
      vertex 193.693 194.827 0
      vertex 193.851 194.771 0
    endloop
  endfacet
  facet normal 0.998855 -0.0478493 0
    outer loop
      vertex 191.5 193.2 1.2
      vertex 191.508 193.367 0
      vertex 191.508 193.367 1.2
    endloop
  endfacet
  facet normal 0.998855 -0.0478493 0
    outer loop
      vertex 191.508 193.367 0
      vertex 191.5 193.2 1.2
      vertex 191.5 193.2 0
    endloop
  endfacet
  facet normal 0.801433 -0.598084 0
    outer loop
      vertex 191.786 194.144 1.2
      vertex 191.886 194.278 0
      vertex 191.886 194.278 1.2
    endloop
  endfacet
  facet normal 0.801433 -0.598084 0
    outer loop
      vertex 191.886 194.278 0
      vertex 191.786 194.144 1.2
      vertex 191.786 194.144 0
    endloop
  endfacet
  facet normal 0.241117 -0.970496 0
    outer loop
      vertex 192.707 194.827 0
      vertex 192.868 194.867 1.2
      vertex 192.707 194.827 1.2
    endloop
  endfacet
  facet normal 0.241117 -0.970496 0
    outer loop
      vertex 192.868 194.867 1.2
      vertex 192.707 194.827 0
      vertex 192.868 194.867 0
    endloop
  endfacet
  facet normal -0.998855 0.0478493 0
    outer loop
      vertex 194.892 193.033 0
      vertex 194.9 193.2 1.2
      vertex 194.9 193.2 0
    endloop
  endfacet
  facet normal -0.998855 0.0478493 0
    outer loop
      vertex 194.9 193.2 1.2
      vertex 194.892 193.033 0
      vertex 194.892 193.033 1.2
    endloop
  endfacet
  facet normal -0.804301 0.594222 0
    outer loop
      vertex 194.514 192.122 0
      vertex 194.613 192.256 1.2
      vertex 194.613 192.256 0
    endloop
  endfacet
  facet normal -0.804301 0.594222 0
    outer loop
      vertex 194.613 192.256 1.2
      vertex 194.514 192.122 0
      vertex 194.514 192.122 1.2
    endloop
  endfacet
  facet normal 0.0478493 0.998855 -0
    outer loop
      vertex 193.2 191.5 0
      vertex 193.033 191.508 1.2
      vertex 193.2 191.5 1.2
    endloop
  endfacet
  facet normal 0.0478493 0.998855 0
    outer loop
      vertex 193.033 191.508 1.2
      vertex 193.2 191.5 0
      vertex 193.033 191.508 0
    endloop
  endfacet
  facet normal 0.598084 0.801433 -0
    outer loop
      vertex 192.256 191.786 0
      vertex 192.122 191.886 1.2
      vertex 192.256 191.786 1.2
    endloop
  endfacet
  facet normal 0.598084 0.801433 0
    outer loop
      vertex 192.122 191.886 1.2
      vertex 192.256 191.786 0
      vertex 192.122 191.886 0
    endloop
  endfacet
  facet normal 0.901523 0.432731 0
    outer loop
      vertex 191.701 192.399 1.2
      vertex 191.629 192.549 0
      vertex 191.629 192.549 1.2
    endloop
  endfacet
  facet normal 0.901523 0.432731 0
    outer loop
      vertex 191.629 192.549 0
      vertex 191.701 192.399 1.2
      vertex 191.701 192.399 0
    endloop
  endfacet
  facet normal -0.970496 -0.241117 0
    outer loop
      vertex 194.867 193.532 0
      vertex 194.827 193.693 1.2
      vertex 194.827 193.693 0
    endloop
  endfacet
  facet normal -0.970496 -0.241117 0
    outer loop
      vertex 194.827 193.693 1.2
      vertex 194.867 193.532 0
      vertex 194.867 193.532 1.2
    endloop
  endfacet
  facet normal -0.942549 -0.334068 0
    outer loop
      vertex 194.827 193.693 0
      vertex 194.771 193.851 1.2
      vertex 194.771 193.851 0
    endloop
  endfacet
  facet normal -0.942549 -0.334068 0
    outer loop
      vertex 194.771 193.851 1.2
      vertex 194.827 193.693 0
      vertex 194.827 193.693 1.2
    endloop
  endfacet
  facet normal -0.742103 -0.670286 0
    outer loop
      vertex 194.514 194.278 0
      vertex 194.402 194.402 1.2
      vertex 194.402 194.402 0
    endloop
  endfacet
  facet normal -0.742103 -0.670286 0
    outer loop
      vertex 194.402 194.402 1.2
      vertex 194.514 194.278 0
      vertex 194.514 194.278 1.2
    endloop
  endfacet
  facet normal -0.804301 -0.594222 0
    outer loop
      vertex 194.613 194.144 0
      vertex 194.514 194.278 1.2
      vertex 194.514 194.278 0
    endloop
  endfacet
  facet normal -0.804301 -0.594222 0
    outer loop
      vertex 194.514 194.278 1.2
      vertex 194.613 194.144 0
      vertex 194.613 194.144 1.2
    endloop
  endfacet
  facet normal -0.670286 -0.742103 0
    outer loop
      vertex 194.278 194.514 0
      vertex 194.402 194.402 1.2
      vertex 194.278 194.514 1.2
    endloop
  endfacet
  facet normal -0.670286 -0.742103 -0
    outer loop
      vertex 194.402 194.402 1.2
      vertex 194.278 194.514 0
      vertex 194.402 194.402 0
    endloop
  endfacet
  facet normal -0.515377 -0.856964 0
    outer loop
      vertex 194.001 194.699 0
      vertex 194.144 194.613 1.2
      vertex 194.001 194.699 1.2
    endloop
  endfacet
  facet normal -0.515377 -0.856964 -0
    outer loop
      vertex 194.144 194.613 1.2
      vertex 194.001 194.699 0
      vertex 194.144 194.613 0
    endloop
  endfacet
  facet normal 0.0478493 -0.998855 0
    outer loop
      vertex 193.033 194.892 0
      vertex 193.2 194.9 1.2
      vertex 193.033 194.892 1.2
    endloop
  endfacet
  facet normal 0.0478493 -0.998855 0
    outer loop
      vertex 193.2 194.9 1.2
      vertex 193.033 194.892 0
      vertex 193.2 194.9 0
    endloop
  endfacet
  facet normal -0.432731 -0.901523 0
    outer loop
      vertex 193.851 194.771 0
      vertex 194.001 194.699 1.2
      vertex 193.851 194.771 1.2
    endloop
  endfacet
  facet normal -0.432731 -0.901523 -0
    outer loop
      vertex 194.001 194.699 1.2
      vertex 193.851 194.771 0
      vertex 194.001 194.699 0
    endloop
  endfacet
  facet normal -0.241117 -0.970496 0
    outer loop
      vertex 193.532 194.867 0
      vertex 193.693 194.827 1.2
      vertex 193.532 194.867 1.2
    endloop
  endfacet
  facet normal -0.241117 -0.970496 -0
    outer loop
      vertex 193.693 194.827 1.2
      vertex 193.532 194.867 0
      vertex 193.693 194.827 0
    endloop
  endfacet
  facet normal -0.149805 -0.988716 0
    outer loop
      vertex 193.367 194.892 0
      vertex 193.532 194.867 1.2
      vertex 193.367 194.892 1.2
    endloop
  endfacet
  facet normal -0.149805 -0.988716 -0
    outer loop
      vertex 193.532 194.867 1.2
      vertex 193.367 194.892 0
      vertex 193.532 194.867 0
    endloop
  endfacet
  facet normal 0.998855 0.0478493 0
    outer loop
      vertex 191.508 193.033 1.2
      vertex 191.5 193.2 0
      vertex 191.5 193.2 1.2
    endloop
  endfacet
  facet normal 0.998855 0.0478493 0
    outer loop
      vertex 191.5 193.2 0
      vertex 191.508 193.033 1.2
      vertex 191.508 193.033 0
    endloop
  endfacet
  facet normal 0.970496 -0.241117 0
    outer loop
      vertex 191.533 193.532 1.2
      vertex 191.573 193.693 0
      vertex 191.573 193.693 1.2
    endloop
  endfacet
  facet normal 0.970496 -0.241117 0
    outer loop
      vertex 191.573 193.693 0
      vertex 191.533 193.532 1.2
      vertex 191.533 193.532 0
    endloop
  endfacet
  facet normal 0.988716 -0.149805 0
    outer loop
      vertex 191.508 193.367 1.2
      vertex 191.533 193.532 0
      vertex 191.533 193.532 1.2
    endloop
  endfacet
  facet normal 0.988716 -0.149805 0
    outer loop
      vertex 191.533 193.532 0
      vertex 191.508 193.367 1.2
      vertex 191.508 193.367 0
    endloop
  endfacet
  facet normal 0.901523 -0.432731 0
    outer loop
      vertex 191.629 193.851 1.2
      vertex 191.701 194.001 0
      vertex 191.701 194.001 1.2
    endloop
  endfacet
  facet normal 0.901523 -0.432731 0
    outer loop
      vertex 191.701 194.001 0
      vertex 191.629 193.851 1.2
      vertex 191.629 193.851 0
    endloop
  endfacet
  facet normal 0.859607 -0.510955 0
    outer loop
      vertex 191.701 194.001 1.2
      vertex 191.786 194.144 0
      vertex 191.786 194.144 1.2
    endloop
  endfacet
  facet normal 0.859607 -0.510955 0
    outer loop
      vertex 191.786 194.144 0
      vertex 191.701 194.001 1.2
      vertex 191.701 194.001 0
    endloop
  endfacet
  facet normal 0.334068 -0.942549 0
    outer loop
      vertex 192.549 194.771 0
      vertex 192.707 194.827 1.2
      vertex 192.549 194.771 1.2
    endloop
  endfacet
  facet normal 0.334068 -0.942549 0
    outer loop
      vertex 192.707 194.827 1.2
      vertex 192.549 194.771 0
      vertex 192.707 194.827 0
    endloop
  endfacet
  facet normal 0.149805 -0.988716 0
    outer loop
      vertex 192.868 194.867 0
      vertex 193.033 194.892 1.2
      vertex 192.868 194.867 1.2
    endloop
  endfacet
  facet normal 0.149805 -0.988716 0
    outer loop
      vertex 193.033 194.892 1.2
      vertex 192.868 194.867 0
      vertex 193.033 194.892 0
    endloop
  endfacet
  facet normal 0.594222 -0.804301 0
    outer loop
      vertex 192.122 194.514 0
      vertex 192.256 194.613 1.2
      vertex 192.122 194.514 1.2
    endloop
  endfacet
  facet normal 0.594222 -0.804301 0
    outer loop
      vertex 192.256 194.613 1.2
      vertex 192.122 194.514 0
      vertex 192.256 194.613 0
    endloop
  endfacet
  facet normal 0.670286 -0.742103 0
    outer loop
      vertex 191.998 194.402 0
      vertex 192.122 194.514 1.2
      vertex 191.998 194.402 1.2
    endloop
  endfacet
  facet normal 0.670286 -0.742103 0
    outer loop
      vertex 192.122 194.514 1.2
      vertex 191.998 194.402 0
      vertex 192.122 194.514 0
    endloop
  endfacet
  facet normal 0.515377 -0.856964 0
    outer loop
      vertex 192.256 194.613 0
      vertex 192.399 194.699 1.2
      vertex 192.256 194.613 1.2
    endloop
  endfacet
  facet normal 0.515377 -0.856964 0
    outer loop
      vertex 192.399 194.699 1.2
      vertex 192.256 194.613 0
      vertex 192.399 194.699 0
    endloop
  endfacet
  facet normal 0.742103 -0.670286 0
    outer loop
      vertex 191.886 194.278 1.2
      vertex 191.998 194.402 0
      vertex 191.998 194.402 1.2
    endloop
  endfacet
  facet normal 0.742103 -0.670286 0
    outer loop
      vertex 191.998 194.402 0
      vertex 191.886 194.278 1.2
      vertex 191.886 194.278 0
    endloop
  endfacet
  facet normal -0.998855 -0.0478493 0
    outer loop
      vertex 194.9 193.2 0
      vertex 194.892 193.367 1.2
      vertex 194.892 193.367 0
    endloop
  endfacet
  facet normal -0.998855 -0.0478493 0
    outer loop
      vertex 194.892 193.367 1.2
      vertex 194.9 193.2 0
      vertex 194.9 193.2 1.2
    endloop
  endfacet
  facet normal -0.149805 0.988716 0
    outer loop
      vertex 193.532 191.533 0
      vertex 193.367 191.508 1.2
      vertex 193.532 191.533 1.2
    endloop
  endfacet
  facet normal -0.149805 0.988716 0
    outer loop
      vertex 193.367 191.508 1.2
      vertex 193.532 191.533 0
      vertex 193.367 191.508 0
    endloop
  endfacet
  facet normal -0.241117 0.970496 0
    outer loop
      vertex 193.693 191.573 0
      vertex 193.532 191.533 1.2
      vertex 193.693 191.573 1.2
    endloop
  endfacet
  facet normal -0.241117 0.970496 0
    outer loop
      vertex 193.532 191.533 1.2
      vertex 193.693 191.573 0
      vertex 193.532 191.533 0
    endloop
  endfacet
  facet normal -0.334068 0.942549 0
    outer loop
      vertex 193.851 191.629 0
      vertex 193.693 191.573 1.2
      vertex 193.851 191.629 1.2
    endloop
  endfacet
  facet normal -0.334068 0.942549 0
    outer loop
      vertex 193.693 191.573 1.2
      vertex 193.851 191.629 0
      vertex 193.693 191.573 0
    endloop
  endfacet
  facet normal -0.670286 0.742103 0
    outer loop
      vertex 194.402 191.998 0
      vertex 194.278 191.886 1.2
      vertex 194.402 191.998 1.2
    endloop
  endfacet
  facet normal -0.670286 0.742103 0
    outer loop
      vertex 194.278 191.886 1.2
      vertex 194.402 191.998 0
      vertex 194.278 191.886 0
    endloop
  endfacet
  facet normal -0.510955 0.859607 0
    outer loop
      vertex 194.144 191.786 0
      vertex 194.001 191.701 1.2
      vertex 194.144 191.786 1.2
    endloop
  endfacet
  facet normal -0.510955 0.859607 0
    outer loop
      vertex 194.001 191.701 1.2
      vertex 194.144 191.786 0
      vertex 194.001 191.701 0
    endloop
  endfacet
  facet normal -0.901523 0.432731 0
    outer loop
      vertex 194.699 192.399 0
      vertex 194.771 192.549 1.2
      vertex 194.771 192.549 0
    endloop
  endfacet
  facet normal -0.901523 0.432731 0
    outer loop
      vertex 194.771 192.549 1.2
      vertex 194.699 192.399 0
      vertex 194.699 192.399 1.2
    endloop
  endfacet
  facet normal -0.0478493 0.998855 0
    outer loop
      vertex 193.367 191.508 0
      vertex 193.2 191.5 1.2
      vertex 193.367 191.508 1.2
    endloop
  endfacet
  facet normal -0.0478493 0.998855 0
    outer loop
      vertex 193.2 191.5 1.2
      vertex 193.367 191.508 0
      vertex 193.2 191.5 0
    endloop
  endfacet
  facet normal 0.241117 0.970496 -0
    outer loop
      vertex 192.868 191.533 0
      vertex 192.707 191.573 1.2
      vertex 192.868 191.533 1.2
    endloop
  endfacet
  facet normal 0.241117 0.970496 0
    outer loop
      vertex 192.707 191.573 1.2
      vertex 192.868 191.533 0
      vertex 192.707 191.573 0
    endloop
  endfacet
  facet normal 0.432731 0.901523 -0
    outer loop
      vertex 192.549 191.629 0
      vertex 192.399 191.701 1.2
      vertex 192.549 191.629 1.2
    endloop
  endfacet
  facet normal 0.432731 0.901523 0
    outer loop
      vertex 192.399 191.701 1.2
      vertex 192.549 191.629 0
      vertex 192.399 191.701 0
    endloop
  endfacet
  facet normal 0.988716 0.149805 0
    outer loop
      vertex 191.533 192.868 1.2
      vertex 191.508 193.033 0
      vertex 191.508 193.033 1.2
    endloop
  endfacet
  facet normal 0.988716 0.149805 0
    outer loop
      vertex 191.508 193.033 0
      vertex 191.533 192.868 1.2
      vertex 191.533 192.868 0
    endloop
  endfacet
  facet normal 0.942549 0.334068 0
    outer loop
      vertex 191.629 192.549 1.2
      vertex 191.573 192.707 0
      vertex 191.573 192.707 1.2
    endloop
  endfacet
  facet normal 0.942549 0.334068 0
    outer loop
      vertex 191.573 192.707 0
      vertex 191.629 192.549 1.2
      vertex 191.629 192.549 0
    endloop
  endfacet
  facet normal 0.970496 0.241117 0
    outer loop
      vertex 191.573 192.707 1.2
      vertex 191.533 192.868 0
      vertex 191.533 192.868 1.2
    endloop
  endfacet
  facet normal 0.970496 0.241117 0
    outer loop
      vertex 191.533 192.868 0
      vertex 191.573 192.707 1.2
      vertex 191.573 192.707 0
    endloop
  endfacet
  facet normal 0.742103 0.670286 0
    outer loop
      vertex 191.998 191.998 1.2
      vertex 191.886 192.122 0
      vertex 191.886 192.122 1.2
    endloop
  endfacet
  facet normal 0.742103 0.670286 0
    outer loop
      vertex 191.886 192.122 0
      vertex 191.998 191.998 1.2
      vertex 191.998 191.998 0
    endloop
  endfacet
  facet normal 0.859607 0.510955 0
    outer loop
      vertex 191.786 192.256 1.2
      vertex 191.701 192.399 0
      vertex 191.701 192.399 1.2
    endloop
  endfacet
  facet normal 0.859607 0.510955 0
    outer loop
      vertex 191.701 192.399 0
      vertex 191.786 192.256 1.2
      vertex 191.786 192.256 0
    endloop
  endfacet
  facet normal 0.670286 0.742103 -0
    outer loop
      vertex 192.122 191.886 0
      vertex 191.998 191.998 1.2
      vertex 192.122 191.886 1.2
    endloop
  endfacet
  facet normal 0.670286 0.742103 0
    outer loop
      vertex 191.998 191.998 1.2
      vertex 192.122 191.886 0
      vertex 191.998 191.998 0
    endloop
  endfacet
  facet normal -0.988716 -0.149805 0
    outer loop
      vertex 194.892 193.367 0
      vertex 194.867 193.532 1.2
      vertex 194.867 193.532 0
    endloop
  endfacet
  facet normal -0.988716 -0.149805 0
    outer loop
      vertex 194.867 193.532 1.2
      vertex 194.892 193.367 0
      vertex 194.892 193.367 1.2
    endloop
  endfacet
  facet normal -0.0478493 -0.998855 0
    outer loop
      vertex 193.2 194.9 0
      vertex 193.367 194.892 1.2
      vertex 193.2 194.9 1.2
    endloop
  endfacet
  facet normal -0.0478493 -0.998855 -0
    outer loop
      vertex 193.367 194.892 1.2
      vertex 193.2 194.9 0
      vertex 193.367 194.892 0
    endloop
  endfacet
  facet normal -0.988716 0.149805 0
    outer loop
      vertex 194.867 192.868 0
      vertex 194.892 193.033 1.2
      vertex 194.892 193.033 0
    endloop
  endfacet
  facet normal -0.988716 0.149805 0
    outer loop
      vertex 194.892 193.033 1.2
      vertex 194.867 192.868 0
      vertex 194.867 192.868 1.2
    endloop
  endfacet
  facet normal -0.970496 0.241117 0
    outer loop
      vertex 194.827 192.707 0
      vertex 194.867 192.868 1.2
      vertex 194.867 192.868 0
    endloop
  endfacet
  facet normal -0.970496 0.241117 0
    outer loop
      vertex 194.867 192.868 1.2
      vertex 194.827 192.707 0
      vertex 194.827 192.707 1.2
    endloop
  endfacet
  facet normal -0.432731 0.901523 0
    outer loop
      vertex 194.001 191.701 0
      vertex 193.851 191.629 1.2
      vertex 194.001 191.701 1.2
    endloop
  endfacet
  facet normal -0.432731 0.901523 0
    outer loop
      vertex 193.851 191.629 1.2
      vertex 194.001 191.701 0
      vertex 193.851 191.629 0
    endloop
  endfacet
  facet normal -0.742103 0.670286 0
    outer loop
      vertex 194.402 191.998 0
      vertex 194.514 192.122 1.2
      vertex 194.514 192.122 0
    endloop
  endfacet
  facet normal -0.742103 0.670286 0
    outer loop
      vertex 194.514 192.122 1.2
      vertex 194.402 191.998 0
      vertex 194.402 191.998 1.2
    endloop
  endfacet
  facet normal -0.598084 0.801433 0
    outer loop
      vertex 194.278 191.886 0
      vertex 194.144 191.786 1.2
      vertex 194.278 191.886 1.2
    endloop
  endfacet
  facet normal -0.598084 0.801433 0
    outer loop
      vertex 194.144 191.786 1.2
      vertex 194.278 191.886 0
      vertex 194.144 191.786 0
    endloop
  endfacet
  facet normal -0.856964 0.515377 0
    outer loop
      vertex 194.613 192.256 0
      vertex 194.699 192.399 1.2
      vertex 194.699 192.399 0
    endloop
  endfacet
  facet normal -0.856964 0.515377 0
    outer loop
      vertex 194.699 192.399 1.2
      vertex 194.613 192.256 0
      vertex 194.613 192.256 1.2
    endloop
  endfacet
  facet normal 0.149805 0.988716 -0
    outer loop
      vertex 193.033 191.508 0
      vertex 192.868 191.533 1.2
      vertex 193.033 191.508 1.2
    endloop
  endfacet
  facet normal 0.149805 0.988716 0
    outer loop
      vertex 192.868 191.533 1.2
      vertex 193.033 191.508 0
      vertex 192.868 191.533 0
    endloop
  endfacet
  facet normal 0.510955 0.859607 -0
    outer loop
      vertex 192.399 191.701 0
      vertex 192.256 191.786 1.2
      vertex 192.399 191.701 1.2
    endloop
  endfacet
  facet normal 0.510955 0.859607 0
    outer loop
      vertex 192.256 191.786 1.2
      vertex 192.399 191.701 0
      vertex 192.256 191.786 0
    endloop
  endfacet
  facet normal 0.801433 0.598084 0
    outer loop
      vertex 191.886 192.122 1.2
      vertex 191.786 192.256 0
      vertex 191.786 192.256 1.2
    endloop
  endfacet
  facet normal 0.801433 0.598084 0
    outer loop
      vertex 191.786 192.256 0
      vertex 191.886 192.122 1.2
      vertex 191.886 192.122 0
    endloop
  endfacet
  facet normal 0 0 -1
    outer loop
      vertex 10.9445 11.4135 0
      vertex 17.431 17.8468 0
      vertex 11.0785 11.3141 0
    endloop
  endfacet
  facet normal 0 0 -1
    outer loop
      vertex 16.75 183.45 0
      vertex 11.6918 193.033 0
      vertex 11.7 193.2 0
    endloop
  endfacet
  facet normal -0 0 -1
    outer loop
      vertex 17.431 17.8468 0
      vertex 10.9445 11.4135 0
      vertex 17.2556 18.0833 0
    endloop
  endfacet
  facet normal 0 0 -1
    outer loop
      vertex 16.75 183.45 0
      vertex 11.6673 192.868 0
      vertex 11.6918 193.033 0
    endloop
  endfacet
  facet normal 0 0 -1
    outer loop
      vertex 10.8014 11.4993 0
      vertex 17.2556 18.0833 0
      vertex 10.9445 11.4135 0
    endloop
  endfacet
  facet normal 0 0 -1
    outer loop
      vertex 16.75 183.45 0
      vertex 11.6268 192.707 0
      vertex 11.6673 192.868 0
    endloop
  endfacet
  facet normal -0 0 -1
    outer loop
      vertex 17.2556 18.0833 0
      vertex 10.8014 11.4993 0
      vertex 17.1042 18.3358 0
    endloop
  endfacet
  facet normal 0 0 -1
    outer loop
      vertex 16.75 183.45 0
      vertex 11.5706 192.549 0
      vertex 11.6268 192.707 0
    endloop
  endfacet
  facet normal 0 0 -1
    outer loop
      vertex 10.6506 11.5706 0
      vertex 17.1042 18.3358 0
      vertex 10.8014 11.4993 0
    endloop
  endfacet
  facet normal 0 0 -1
    outer loop
      vertex 16.75 183.45 0
      vertex 11.4993 192.399 0
      vertex 11.5706 192.549 0
    endloop
  endfacet
  facet normal -0 0 -1
    outer loop
      vertex 17.1042 18.3358 0
      vertex 10.6506 11.5706 0
      vertex 16.9783 18.6019 0
    endloop
  endfacet
  facet normal 0 0 -1
    outer loop
      vertex 16.75 183.45 0
      vertex 11.4135 192.256 0
      vertex 11.4993 192.399 0
    endloop
  endfacet
  facet normal 0 0 -1
    outer loop
      vertex 10.4935 11.6268 0
      vertex 16.9783 18.6019 0
      vertex 10.6506 11.5706 0
    endloop
  endfacet
  facet normal 0 0 -1
    outer loop
      vertex 16.75 183.45 0
      vertex 11.3141 192.122 0
      vertex 11.4135 192.256 0
    endloop
  endfacet
  facet normal -0 0 -1
    outer loop
      vertex 16.9783 18.6019 0
      vertex 10.4935 11.6268 0
      vertex 16.8792 18.8791 0
    endloop
  endfacet
  facet normal 0 0 -1
    outer loop
      vertex 16.75 183.45 0
      vertex 11.2021 191.998 0
      vertex 11.3141 192.122 0
    endloop
  endfacet
  facet normal 0 0 -1
    outer loop
      vertex 10.3317 11.6673 0
      vertex 16.8792 18.8791 0
      vertex 10.4935 11.6268 0
    endloop
  endfacet
  facet normal 0 0 -1
    outer loop
      vertex 16.75 183.45 0
      vertex 11.0785 191.886 0
      vertex 11.2021 191.998 0
    endloop
  endfacet
  facet normal -0 0 -1
    outer loop
      vertex 16.8792 18.8791 0
      vertex 10.3317 11.6673 0
      vertex 16.8076 19.1647 0
    endloop
  endfacet
  facet normal 0 0 -1
    outer loop
      vertex 16.75 183.45 0
      vertex 10.9445 191.786 0
      vertex 11.0785 191.886 0
    endloop
  endfacet
  facet normal 0 0 -1
    outer loop
      vertex 10.1666 11.6918 0
      vertex 16.8076 19.1647 0
      vertex 10.3317 11.6673 0
    endloop
  endfacet
  facet normal 0 0 -1
    outer loop
      vertex 16.75 183.45 0
      vertex 10.8014 191.701 0
      vertex 10.9445 191.786 0
    endloop
  endfacet
  facet normal 0 0 -1
    outer loop
      vertex 10 11.7 0
      vertex 16.8076 19.1647 0
      vertex 10.1666 11.6918 0
    endloop
  endfacet
  facet normal 0 0 -1
    outer loop
      vertex 16.75 183.45 0
      vertex 10.6506 191.629 0
      vertex 10.8014 191.701 0
    endloop
  endfacet
  facet normal -0 0 -1
    outer loop
      vertex 16.8076 19.1647 0
      vertex 10 11.7 0
      vertex 16.7644 19.4559 0
    endloop
  endfacet
  facet normal 0 0 -1
    outer loop
      vertex 16.75 183.45 0
      vertex 10.4935 191.573 0
      vertex 10.6506 191.629 0
    endloop
  endfacet
  facet normal 0 0 -1
    outer loop
      vertex 9.83337 11.6918 0
      vertex 16.7644 19.4559 0
      vertex 10 11.7 0
    endloop
  endfacet
  facet normal 0 0 -1
    outer loop
      vertex 16.75 183.45 0
      vertex 10.3317 191.533 0
      vertex 10.4935 191.573 0
    endloop
  endfacet
  facet normal -0 0 -1
    outer loop
      vertex 16.7644 19.4559 0
      vertex 9.83337 11.6918 0
      vertex 16.75 19.75 0
    endloop
  endfacet
  facet normal 0 0 -1
    outer loop
      vertex 16.75 183.45 0
      vertex 10.1666 191.508 0
      vertex 10.3317 191.533 0
    endloop
  endfacet
  facet normal 0 0 -1
    outer loop
      vertex 9.66835 11.6673 0
      vertex 16.75 19.75 0
      vertex 9.83337 11.6918 0
    endloop
  endfacet
  facet normal 0 0 -1
    outer loop
      vertex 16.75 183.45 0
      vertex 10 191.5 0
      vertex 10.1666 191.508 0
    endloop
  endfacet
  facet normal 0 0 -1
    outer loop
      vertex 9.50652 11.6268 0
      vertex 16.75 19.75 0
      vertex 9.66835 11.6673 0
    endloop
  endfacet
  facet normal 0 0 -1
    outer loop
      vertex 16.75 183.45 0
      vertex 9.83337 191.508 0
      vertex 10 191.5 0
    endloop
  endfacet
  facet normal 0 0 -1
    outer loop
      vertex 9.34944 11.5706 0
      vertex 16.75 19.75 0
      vertex 9.50652 11.6268 0
    endloop
  endfacet
  facet normal 0 0 -1
    outer loop
      vertex 16.75 183.45 0
      vertex 9.66835 191.533 0
      vertex 9.83337 191.508 0
    endloop
  endfacet
  facet normal 0 0 -1
    outer loop
      vertex 9.19862 11.4993 0
      vertex 16.75 19.75 0
      vertex 9.34944 11.5706 0
    endloop
  endfacet
  facet normal 0 0 -1
    outer loop
      vertex 16.75 183.45 0
      vertex 9.50652 191.573 0
      vertex 9.66835 191.533 0
    endloop
  endfacet
  facet normal 0 0 -1
    outer loop
      vertex 9.05553 11.4135 0
      vertex 16.75 19.75 0
      vertex 9.19862 11.4993 0
    endloop
  endfacet
  facet normal 0 0 -1
    outer loop
      vertex 16.75 183.45 0
      vertex 9.34944 191.629 0
      vertex 9.50652 191.573 0
    endloop
  endfacet
  facet normal 0 0 -1
    outer loop
      vertex 8.92153 11.3141 0
      vertex 16.75 19.75 0
      vertex 9.05553 11.4135 0
    endloop
  endfacet
  facet normal 0 0 -1
    outer loop
      vertex 16.75 183.45 0
      vertex 9.19862 191.701 0
      vertex 9.34944 191.629 0
    endloop
  endfacet
  facet normal 0 0 -1
    outer loop
      vertex 0 5 0
      vertex 16.75 19.75 0
      vertex 8.92153 11.3141 0
    endloop
  endfacet
  facet normal 0 0 -1
    outer loop
      vertex 16.75 183.45 0
      vertex 9.05553 191.786 0
      vertex 9.19862 191.701 0
    endloop
  endfacet
  facet normal -0 0 -1
    outer loop
      vertex 16.75 19.75 0
      vertex 0 5 0
      vertex 16.75 183.45 0
    endloop
  endfacet
  facet normal 0 0 -1
    outer loop
      vertex 16.75 183.45 0
      vertex 8.92153 191.886 0
      vertex 9.05553 191.786 0
    endloop
  endfacet
  facet normal 0 0 -1
    outer loop
      vertex 0 5 0
      vertex 8.92153 11.3141 0
      vertex 8.79792 11.2021 0
    endloop
  endfacet
  facet normal 0 0 -1
    outer loop
      vertex 0 198.2 0
      vertex 16.75 183.45 0
      vertex 0 5 0
    endloop
  endfacet
  facet normal 0 0 -1
    outer loop
      vertex 0 5 0
      vertex 8.79792 11.2021 0
      vertex 8.68588 11.0785 0
    endloop
  endfacet
  facet normal 0 0 -1
    outer loop
      vertex 16.75 183.45 0
      vertex 0 198.2 0
      vertex 8.92153 191.886 0
    endloop
  endfacet
  facet normal 0 0 -1
    outer loop
      vertex 0 5 0
      vertex 8.68588 11.0785 0
      vertex 8.5865 10.9445 0
    endloop
  endfacet
  facet normal 0 0 -1
    outer loop
      vertex 8.92153 191.886 0
      vertex 0 198.2 0
      vertex 8.79792 191.998 0
    endloop
  endfacet
  facet normal 0 0 -1
    outer loop
      vertex 0 5 0
      vertex 8.5865 10.9445 0
      vertex 8.50073 10.8014 0
    endloop
  endfacet
  facet normal 0 0 -1
    outer loop
      vertex 8.79792 191.998 0
      vertex 0 198.2 0
      vertex 8.68588 192.122 0
    endloop
  endfacet
  facet normal 0 0 -1
    outer loop
      vertex 0 5 0
      vertex 8.50073 10.8014 0
      vertex 8.4294 10.6506 0
    endloop
  endfacet
  facet normal 0 0 -1
    outer loop
      vertex 8.68588 192.122 0
      vertex 0 198.2 0
      vertex 8.5865 192.256 0
    endloop
  endfacet
  facet normal 0 0 -1
    outer loop
      vertex 0 5 0
      vertex 8.4294 10.6506 0
      vertex 8.3732 10.4935 0
    endloop
  endfacet
  facet normal 0 0 -1
    outer loop
      vertex 8.5865 192.256 0
      vertex 0 198.2 0
      vertex 8.50073 192.399 0
    endloop
  endfacet
  facet normal 0 0 -1
    outer loop
      vertex 0 5 0
      vertex 8.3732 10.4935 0
      vertex 8.33266 10.3317 0
    endloop
  endfacet
  facet normal 0 0 -1
    outer loop
      vertex 8.50073 192.399 0
      vertex 0 198.2 0
      vertex 8.4294 192.549 0
    endloop
  endfacet
  facet normal 0 0 -1
    outer loop
      vertex 0 5 0
      vertex 8.33266 10.3317 0
      vertex 8.30819 10.1666 0
    endloop
  endfacet
  facet normal 0 0 -1
    outer loop
      vertex 8.4294 192.549 0
      vertex 0 198.2 0
      vertex 8.3732 192.707 0
    endloop
  endfacet
  facet normal 0 0 -1
    outer loop
      vertex 0 5 0
      vertex 8.30819 10.1666 0
      vertex 8.3 10 0
    endloop
  endfacet
  facet normal 0 0 -1
    outer loop
      vertex 8.3732 192.707 0
      vertex 0 198.2 0
      vertex 8.33266 192.868 0
    endloop
  endfacet
  facet normal 0 0 -1
    outer loop
      vertex 194.827 10.4935 0
      vertex 203.2 5 0
      vertex 194.867 10.3317 0
    endloop
  endfacet
  facet normal 0 0 -1
    outer loop
      vertex 203.2 198.2 0
      vertex 194.892 193.033 0
      vertex 194.9 193.2 0
    endloop
  endfacet
  facet normal 0 0 -1
    outer loop
      vertex 194.771 10.6506 0
      vertex 203.2 5 0
      vertex 194.827 10.4935 0
    endloop
  endfacet
  facet normal 0 0 -1
    outer loop
      vertex 203.2 198.2 0
      vertex 194.867 192.868 0
      vertex 194.892 193.033 0
    endloop
  endfacet
  facet normal 0 0 -1
    outer loop
      vertex 194.699 10.8014 0
      vertex 203.2 5 0
      vertex 194.771 10.6506 0
    endloop
  endfacet
  facet normal 0 0 -1
    outer loop
      vertex 203.2 198.2 0
      vertex 194.827 192.707 0
      vertex 194.867 192.868 0
    endloop
  endfacet
  facet normal 0 0 -1
    outer loop
      vertex 194.613 10.9445 0
      vertex 203.2 5 0
      vertex 194.699 10.8014 0
    endloop
  endfacet
  facet normal 0 0 -1
    outer loop
      vertex 203.2 198.2 0
      vertex 194.771 192.549 0
      vertex 194.827 192.707 0
    endloop
  endfacet
  facet normal 0 0 -1
    outer loop
      vertex 194.514 11.0785 0
      vertex 203.2 5 0
      vertex 194.613 10.9445 0
    endloop
  endfacet
  facet normal 0 0 -1
    outer loop
      vertex 203.2 198.2 0
      vertex 194.699 192.399 0
      vertex 194.771 192.549 0
    endloop
  endfacet
  facet normal 0 0 -1
    outer loop
      vertex 194.402 11.2021 0
      vertex 203.2 5 0
      vertex 194.514 11.0785 0
    endloop
  endfacet
  facet normal 0 0 -1
    outer loop
      vertex 203.2 198.2 0
      vertex 194.613 192.256 0
      vertex 194.699 192.399 0
    endloop
  endfacet
  facet normal 0 0 -1
    outer loop
      vertex 194.278 11.3141 0
      vertex 203.2 5 0
      vertex 194.402 11.2021 0
    endloop
  endfacet
  facet normal 0 0 -1
    outer loop
      vertex 203.2 198.2 0
      vertex 194.514 192.122 0
      vertex 194.613 192.256 0
    endloop
  endfacet
  facet normal 0 0 -1
    outer loop
      vertex 203.2 5 0
      vertex 186.45 19.75 0
      vertex 203.2 198.2 0
    endloop
  endfacet
  facet normal 0 0 -1
    outer loop
      vertex 203.2 198.2 0
      vertex 194.402 191.998 0
      vertex 194.514 192.122 0
    endloop
  endfacet
  facet normal 0 0 -1
    outer loop
      vertex 203.2 5 0
      vertex 194.278 11.3141 0
      vertex 186.45 19.75 0
    endloop
  endfacet
  facet normal 0 0 -1
    outer loop
      vertex 186.45 183.45 0
      vertex 203.2 198.2 0
      vertex 186.45 19.75 0
    endloop
  endfacet
  facet normal 0 0 -1
    outer loop
      vertex 186.45 19.75 0
      vertex 194.278 11.3141 0
      vertex 194.144 11.4135 0
    endloop
  endfacet
  facet normal 0 -0 -1
    outer loop
      vertex 194.278 191.886 0
      vertex 203.2 198.2 0
      vertex 186.45 183.45 0
    endloop
  endfacet
  facet normal 0 0 -1
    outer loop
      vertex 186.45 19.75 0
      vertex 194.144 11.4135 0
      vertex 194.001 11.4993 0
    endloop
  endfacet
  facet normal 0 0 -1
    outer loop
      vertex 203.2 198.2 0
      vertex 194.278 191.886 0
      vertex 194.402 191.998 0
    endloop
  endfacet
  facet normal 0 0 -1
    outer loop
      vertex 186.45 19.75 0
      vertex 194.001 11.4993 0
      vertex 193.851 11.5706 0
    endloop
  endfacet
  facet normal 0 0 -1
    outer loop
      vertex 194.278 191.886 0
      vertex 186.45 183.45 0
      vertex 194.144 191.786 0
    endloop
  endfacet
  facet normal 0 0 -1
    outer loop
      vertex 186.45 19.75 0
      vertex 193.851 11.5706 0
      vertex 193.693 11.6268 0
    endloop
  endfacet
  facet normal 0 0 -1
    outer loop
      vertex 194.144 191.786 0
      vertex 186.45 183.45 0
      vertex 194.001 191.701 0
    endloop
  endfacet
  facet normal 0 0 -1
    outer loop
      vertex 186.45 19.75 0
      vertex 193.693 11.6268 0
      vertex 193.532 11.6673 0
    endloop
  endfacet
  facet normal 0 0 -1
    outer loop
      vertex 194.001 191.701 0
      vertex 186.45 183.45 0
      vertex 193.851 191.629 0
    endloop
  endfacet
  facet normal 0 0 -1
    outer loop
      vertex 186.45 19.75 0
      vertex 193.532 11.6673 0
      vertex 193.367 11.6918 0
    endloop
  endfacet
  facet normal 0 0 -1
    outer loop
      vertex 193.851 191.629 0
      vertex 186.45 183.45 0
      vertex 193.693 191.573 0
    endloop
  endfacet
  facet normal 0 0 -1
    outer loop
      vertex 186.436 19.4559 0
      vertex 193.367 11.6918 0
      vertex 193.2 11.7 0
    endloop
  endfacet
  facet normal 0 0 -1
    outer loop
      vertex 193.693 191.573 0
      vertex 186.45 183.45 0
      vertex 193.532 191.533 0
    endloop
  endfacet
  facet normal 0 0 -1
    outer loop
      vertex 186.392 19.1647 0
      vertex 193.2 11.7 0
      vertex 193.033 11.6918 0
    endloop
  endfacet
  facet normal 0 0 -1
    outer loop
      vertex 193.532 191.533 0
      vertex 186.45 183.45 0
      vertex 193.367 191.508 0
    endloop
  endfacet
  facet normal 0 0 -1
    outer loop
      vertex 186.392 19.1647 0
      vertex 193.033 11.6918 0
      vertex 192.868 11.6673 0
    endloop
  endfacet
  facet normal 0 0 -1
    outer loop
      vertex 186.436 183.744 0
      vertex 193.367 191.508 0
      vertex 186.45 183.45 0
    endloop
  endfacet
  facet normal 0 0 -1
    outer loop
      vertex 186.321 18.8791 0
      vertex 192.868 11.6673 0
      vertex 192.707 11.6268 0
    endloop
  endfacet
  facet normal 0 0 -1
    outer loop
      vertex 193.367 191.508 0
      vertex 186.436 183.744 0
      vertex 193.2 191.5 0
    endloop
  endfacet
  facet normal 0 0 -1
    outer loop
      vertex 186.222 18.6019 0
      vertex 192.707 11.6268 0
      vertex 192.549 11.5706 0
    endloop
  endfacet
  facet normal 0 0 -1
    outer loop
      vertex 186.392 184.035 0
      vertex 193.2 191.5 0
      vertex 186.436 183.744 0
    endloop
  endfacet
  facet normal 0 0 -1
    outer loop
      vertex 186.096 18.3358 0
      vertex 192.549 11.5706 0
      vertex 192.399 11.4993 0
    endloop
  endfacet
  facet normal -0 0 -1
    outer loop
      vertex 193.2 191.5 0
      vertex 186.392 184.035 0
      vertex 193.033 191.508 0
    endloop
  endfacet
  facet normal 0 0 -1
    outer loop
      vertex 185.944 18.0833 0
      vertex 192.399 11.4993 0
      vertex 192.256 11.4135 0
    endloop
  endfacet
  facet normal -0 0 -1
    outer loop
      vertex 193.033 191.508 0
      vertex 186.392 184.035 0
      vertex 192.868 191.533 0
    endloop
  endfacet
  facet normal 0 0 -1
    outer loop
      vertex 185.769 17.8468 0
      vertex 192.256 11.4135 0
      vertex 192.122 11.3141 0
    endloop
  endfacet
  facet normal 0 0 -1
    outer loop
      vertex 186.321 184.321 0
      vertex 192.868 191.533 0
      vertex 186.392 184.035 0
    endloop
  endfacet
  facet normal 0 0 -1
    outer loop
      vertex 185.571 17.6287 0
      vertex 192.122 11.3141 0
      vertex 191.998 11.2021 0
    endloop
  endfacet
  facet normal -0 0 -1
    outer loop
      vertex 192.868 191.533 0
      vertex 186.321 184.321 0
      vertex 192.707 191.573 0
    endloop
  endfacet
  facet normal 0 0 -1
    outer loop
      vertex 185.571 17.6287 0
      vertex 191.998 11.2021 0
      vertex 191.886 11.0785 0
    endloop
  endfacet
  facet normal 0 0 -1
    outer loop
      vertex 186.222 184.598 0
      vertex 192.707 191.573 0
      vertex 186.321 184.321 0
    endloop
  endfacet
  facet normal 0 0 -1
    outer loop
      vertex 185.353 17.431 0
      vertex 191.886 11.0785 0
      vertex 191.786 10.9445 0
    endloop
  endfacet
  facet normal -0 0 -1
    outer loop
      vertex 192.707 191.573 0
      vertex 186.222 184.598 0
      vertex 192.549 191.629 0
    endloop
  endfacet
  facet normal 0 0 -1
    outer loop
      vertex 185.117 17.2556 0
      vertex 191.786 10.9445 0
      vertex 191.701 10.8014 0
    endloop
  endfacet
  facet normal 0 0 -1
    outer loop
      vertex 186.096 184.864 0
      vertex 192.549 191.629 0
      vertex 186.222 184.598 0
    endloop
  endfacet
  facet normal 0 0 -1
    outer loop
      vertex 184.864 17.1042 0
      vertex 191.701 10.8014 0
      vertex 191.629 10.6506 0
    endloop
  endfacet
  facet normal -0 0 -1
    outer loop
      vertex 192.549 191.629 0
      vertex 186.096 184.864 0
      vertex 192.399 191.701 0
    endloop
  endfacet
  facet normal 0 0 -1
    outer loop
      vertex 184.598 16.9783 0
      vertex 191.629 10.6506 0
      vertex 191.573 10.4935 0
    endloop
  endfacet
  facet normal 0 0 -1
    outer loop
      vertex 185.944 185.117 0
      vertex 192.399 191.701 0
      vertex 186.096 184.864 0
    endloop
  endfacet
  facet normal 0 0 -1
    outer loop
      vertex 184.321 16.8792 0
      vertex 191.573 10.4935 0
      vertex 191.533 10.3317 0
    endloop
  endfacet
  facet normal -0 0 -1
    outer loop
      vertex 192.399 191.701 0
      vertex 185.944 185.117 0
      vertex 192.256 191.786 0
    endloop
  endfacet
  facet normal 0 0 -1
    outer loop
      vertex 184.321 16.8792 0
      vertex 191.533 10.3317 0
      vertex 191.508 10.1666 0
    endloop
  endfacet
  facet normal 0 0 -1
    outer loop
      vertex 185.769 185.353 0
      vertex 192.256 191.786 0
      vertex 185.944 185.117 0
    endloop
  endfacet
  facet normal 0 0 -1
    outer loop
      vertex 184.035 16.8076 0
      vertex 191.508 10.1666 0
      vertex 191.5 10 0
    endloop
  endfacet
  facet normal -0 0 -1
    outer loop
      vertex 192.256 191.786 0
      vertex 185.769 185.353 0
      vertex 192.122 191.886 0
    endloop
  endfacet
  facet normal 0 0 -1
    outer loop
      vertex 194.402 8.79792 0
      vertex 203.2 5 0
      vertex 203.176 4.5099 0
    endloop
  endfacet
  facet normal 0 0 -1
    outer loop
      vertex 194.892 10.1666 0
      vertex 203.2 5 0
      vertex 194.9 10 0
    endloop
  endfacet
  facet normal 0 0 -1
    outer loop
      vertex 194.402 8.79792 0
      vertex 203.176 4.5099 0
      vertex 203.104 4.02454 0
    endloop
  endfacet
  facet normal 0 0 -1
    outer loop
      vertex 194.867 10.3317 0
      vertex 203.2 5 0
      vertex 194.892 10.1666 0
    endloop
  endfacet
  facet normal 0 0 -1
    outer loop
      vertex 194.402 8.79792 0
      vertex 203.104 4.02454 0
      vertex 202.985 3.54857 0
    endloop
  endfacet
  facet normal 0 0 -1
    outer loop
      vertex 194.892 193.367 0
      vertex 203.2 198.2 0
      vertex 194.9 193.2 0
    endloop
  endfacet
  facet normal 0 0 -1
    outer loop
      vertex 194.402 8.79792 0
      vertex 202.985 3.54857 0
      vertex 202.819 3.08658 0
    endloop
  endfacet
  facet normal 0 0 -1
    outer loop
      vertex 194.867 193.532 0
      vertex 203.2 198.2 0
      vertex 194.892 193.367 0
    endloop
  endfacet
  facet normal 0 0 -1
    outer loop
      vertex 194.402 8.79792 0
      vertex 202.819 3.08658 0
      vertex 202.61 2.64301 0
    endloop
  endfacet
  facet normal 0 0 -1
    outer loop
      vertex 194.827 193.693 0
      vertex 203.2 198.2 0
      vertex 194.867 193.532 0
    endloop
  endfacet
  facet normal 0 0 -1
    outer loop
      vertex 194.402 8.79792 0
      vertex 202.61 2.64301 0
      vertex 202.357 2.22214 0
    endloop
  endfacet
  facet normal 0 0 -1
    outer loop
      vertex 194.771 193.851 0
      vertex 203.2 198.2 0
      vertex 194.827 193.693 0
    endloop
  endfacet
  facet normal 0 0 -1
    outer loop
      vertex 194.402 8.79792 0
      vertex 202.357 2.22214 0
      vertex 202.065 1.82803 0
    endloop
  endfacet
  facet normal 0 0 -1
    outer loop
      vertex 194.699 194.001 0
      vertex 203.2 198.2 0
      vertex 194.771 193.851 0
    endloop
  endfacet
  facet normal 0 0 -1
    outer loop
      vertex 194.402 8.79792 0
      vertex 202.065 1.82803 0
      vertex 201.736 1.46446 0
    endloop
  endfacet
  facet normal 0 0 -1
    outer loop
      vertex 194.613 194.144 0
      vertex 203.2 198.2 0
      vertex 194.699 194.001 0
    endloop
  endfacet
  facet normal 0 0 -1
    outer loop
      vertex 194.402 8.79792 0
      vertex 201.736 1.46446 0
      vertex 201.372 1.13493 0
    endloop
  endfacet
  facet normal 0 0 -1
    outer loop
      vertex 194.514 194.278 0
      vertex 203.2 198.2 0
      vertex 194.613 194.144 0
    endloop
  endfacet
  facet normal 0 0 -1
    outer loop
      vertex 194.402 8.79792 0
      vertex 201.372 1.13493 0
      vertex 200.978 0.842651 0
    endloop
  endfacet
  facet normal 0 0 -1
    outer loop
      vertex 194.402 194.402 0
      vertex 203.2 198.2 0
      vertex 194.514 194.278 0
    endloop
  endfacet
  facet normal 0 0 -1
    outer loop
      vertex 194.402 8.79792 0
      vertex 200.978 0.842651 0
      vertex 200.557 0.590393 0
    endloop
  endfacet
  facet normal -0 0 -1
    outer loop
      vertex 203.2 198.2 0
      vertex 194.402 194.402 0
      vertex 203.176 198.69 0
    endloop
  endfacet
  facet normal 0 0 -1
    outer loop
      vertex 194.402 8.79792 0
      vertex 200.557 0.590393 0
      vertex 200.113 0.3806 0
    endloop
  endfacet
  facet normal -0 0 -1
    outer loop
      vertex 203.176 198.69 0
      vertex 194.402 194.402 0
      vertex 203.104 199.175 0
    endloop
  endfacet
  facet normal 0 0 -1
    outer loop
      vertex 194.402 8.79792 0
      vertex 200.113 0.3806 0
      vertex 199.651 0.215286 0
    endloop
  endfacet
  facet normal -0 0 -1
    outer loop
      vertex 203.104 199.175 0
      vertex 194.402 194.402 0
      vertex 202.985 199.651 0
    endloop
  endfacet
  facet normal 0 0 -1
    outer loop
      vertex 194.402 8.79792 0
      vertex 199.651 0.215286 0
      vertex 199.175 0.0960693 0
    endloop
  endfacet
  facet normal -0 0 -1
    outer loop
      vertex 202.985 199.651 0
      vertex 194.402 194.402 0
      vertex 202.819 200.113 0
    endloop
  endfacet
  facet normal 0 0 -1
    outer loop
      vertex 194.402 8.79792 0
      vertex 199.175 0.0960693 0
      vertex 198.69 0.0240631 0
    endloop
  endfacet
  facet normal -0 0 -1
    outer loop
      vertex 202.819 200.113 0
      vertex 194.402 194.402 0
      vertex 202.61 200.557 0
    endloop
  endfacet
  facet normal 0 0 -1
    outer loop
      vertex 194.402 8.79792 0
      vertex 198.69 0.0240631 0
      vertex 198.2 0 0
    endloop
  endfacet
  facet normal -0 0 -1
    outer loop
      vertex 202.61 200.557 0
      vertex 194.402 194.402 0
      vertex 202.357 200.978 0
    endloop
  endfacet
  facet normal -0 0 -1
    outer loop
      vertex 202.357 200.978 0
      vertex 194.402 194.402 0
      vertex 202.065 201.372 0
    endloop
  endfacet
  facet normal 0 0 -1
    outer loop
      vertex 203.2 5 0
      vertex 194.892 9.83337 0
      vertex 194.9 10 0
    endloop
  endfacet
  facet normal 0 0 -1
    outer loop
      vertex 203.2 5 0
      vertex 194.867 9.66835 0
      vertex 194.892 9.83337 0
    endloop
  endfacet
  facet normal 0 0 -1
    outer loop
      vertex 203.2 5 0
      vertex 194.827 9.50652 0
      vertex 194.867 9.66835 0
    endloop
  endfacet
  facet normal 0 0 -1
    outer loop
      vertex 203.2 5 0
      vertex 194.771 9.34944 0
      vertex 194.827 9.50652 0
    endloop
  endfacet
  facet normal 0 0 -1
    outer loop
      vertex 203.2 5 0
      vertex 194.699 9.19862 0
      vertex 194.771 9.34944 0
    endloop
  endfacet
  facet normal 0 0 -1
    outer loop
      vertex 203.2 5 0
      vertex 194.613 9.05553 0
      vertex 194.699 9.19862 0
    endloop
  endfacet
  facet normal 0 0 -1
    outer loop
      vertex 203.2 5 0
      vertex 194.514 8.92153 0
      vertex 194.613 9.05553 0
    endloop
  endfacet
  facet normal 0 0 -1
    outer loop
      vertex 203.2 5 0
      vertex 194.402 8.79792 0
      vertex 194.514 8.92153 0
    endloop
  endfacet
  facet normal 0 0 -1
    outer loop
      vertex 198.2 0 0
      vertex 194.278 8.68588 0
      vertex 194.402 8.79792 0
    endloop
  endfacet
  facet normal 0 0 -1
    outer loop
      vertex 198.2 0 0
      vertex 194.144 8.5865 0
      vertex 194.278 8.68588 0
    endloop
  endfacet
  facet normal 0 0 -1
    outer loop
      vertex 198.2 0 0
      vertex 194.001 8.50073 0
      vertex 194.144 8.5865 0
    endloop
  endfacet
  facet normal 0 0 -1
    outer loop
      vertex 198.2 0 0
      vertex 193.851 8.4294 0
      vertex 194.001 8.50073 0
    endloop
  endfacet
  facet normal 0 0 -1
    outer loop
      vertex 198.2 0 0
      vertex 193.693 8.3732 0
      vertex 193.851 8.4294 0
    endloop
  endfacet
  facet normal 0 0 -1
    outer loop
      vertex 198.2 0 0
      vertex 193.532 8.33266 0
      vertex 193.693 8.3732 0
    endloop
  endfacet
  facet normal 0 0 -1
    outer loop
      vertex 198.2 0 0
      vertex 193.367 8.30819 0
      vertex 193.532 8.33266 0
    endloop
  endfacet
  facet normal 0 0 -1
    outer loop
      vertex 198.2 0 0
      vertex 193.2 8.3 0
      vertex 193.367 8.30819 0
    endloop
  endfacet
  facet normal 0 0 -1
    outer loop
      vertex 198.2 0 0
      vertex 193.033 8.30819 0
      vertex 193.2 8.3 0
    endloop
  endfacet
  facet normal 0 0 -1
    outer loop
      vertex 198.2 0 0
      vertex 192.868 8.33266 0
      vertex 193.033 8.30819 0
    endloop
  endfacet
  facet normal 0 0 -1
    outer loop
      vertex 198.2 0 0
      vertex 192.707 8.3732 0
      vertex 192.868 8.33266 0
    endloop
  endfacet
  facet normal 0 0 -1
    outer loop
      vertex 198.2 0 0
      vertex 192.549 8.4294 0
      vertex 192.707 8.3732 0
    endloop
  endfacet
  facet normal 0 0 -1
    outer loop
      vertex 198.2 0 0
      vertex 192.399 8.50073 0
      vertex 192.549 8.4294 0
    endloop
  endfacet
  facet normal 0 0 -1
    outer loop
      vertex 198.2 0 0
      vertex 192.256 8.5865 0
      vertex 192.399 8.50073 0
    endloop
  endfacet
  facet normal 0 0 -1
    outer loop
      vertex 198.2 0 0
      vertex 192.122 8.68588 0
      vertex 192.256 8.5865 0
    endloop
  endfacet
  facet normal 0 0 -1
    outer loop
      vertex 198.2 0 0
      vertex 191.998 8.79792 0
      vertex 192.122 8.68588 0
    endloop
  endfacet
  facet normal 0 0 -1
    outer loop
      vertex 198.2 0 0
      vertex 191.886 8.92153 0
      vertex 191.998 8.79792 0
    endloop
  endfacet
  facet normal 0 0 -1
    outer loop
      vertex 183.45 16.75 0
      vertex 191.886 8.92153 0
      vertex 198.2 0 0
    endloop
  endfacet
  facet normal 0 0 -1
    outer loop
      vertex 185.571 185.571 0
      vertex 192.122 191.886 0
      vertex 185.769 185.353 0
    endloop
  endfacet
  facet normal 0 0 -1
    outer loop
      vertex 183.744 16.7644 0
      vertex 191.5 10 0
      vertex 191.508 9.83337 0
    endloop
  endfacet
  facet normal 0 0 -1
    outer loop
      vertex 183.45 16.75 0
      vertex 191.508 9.83337 0
      vertex 191.533 9.66835 0
    endloop
  endfacet
  facet normal 0 0 -1
    outer loop
      vertex 183.45 16.75 0
      vertex 191.533 9.66835 0
      vertex 191.573 9.50652 0
    endloop
  endfacet
  facet normal 0 0 -1
    outer loop
      vertex 183.45 16.75 0
      vertex 191.573 9.50652 0
      vertex 191.629 9.34944 0
    endloop
  endfacet
  facet normal 0 0 -1
    outer loop
      vertex 183.45 16.75 0
      vertex 191.629 9.34944 0
      vertex 191.701 9.19862 0
    endloop
  endfacet
  facet normal 0 0 -1
    outer loop
      vertex 193.367 11.6918 0
      vertex 186.436 19.4559 0
      vertex 186.45 19.75 0
    endloop
  endfacet
  facet normal 0 0 -1
    outer loop
      vertex 193.2 11.7 0
      vertex 186.392 19.1647 0
      vertex 186.436 19.4559 0
    endloop
  endfacet
  facet normal 0 0 -1
    outer loop
      vertex 192.868 11.6673 0
      vertex 186.321 18.8791 0
      vertex 186.392 19.1647 0
    endloop
  endfacet
  facet normal 0 0 -1
    outer loop
      vertex 192.707 11.6268 0
      vertex 186.222 18.6019 0
      vertex 186.321 18.8791 0
    endloop
  endfacet
  facet normal 0 0 -1
    outer loop
      vertex 192.549 11.5706 0
      vertex 186.096 18.3358 0
      vertex 186.222 18.6019 0
    endloop
  endfacet
  facet normal 0 0 -1
    outer loop
      vertex 183.45 16.75 0
      vertex 191.701 9.19862 0
      vertex 191.786 9.05553 0
    endloop
  endfacet
  facet normal 0 0 -1
    outer loop
      vertex 192.399 11.4993 0
      vertex 185.944 18.0833 0
      vertex 186.096 18.3358 0
    endloop
  endfacet
  facet normal 0 0 -1
    outer loop
      vertex 192.256 11.4135 0
      vertex 185.769 17.8468 0
      vertex 185.944 18.0833 0
    endloop
  endfacet
  facet normal 0 0 -1
    outer loop
      vertex 192.122 11.3141 0
      vertex 185.571 17.6287 0
      vertex 185.769 17.8468 0
    endloop
  endfacet
  facet normal 0 0 -1
    outer loop
      vertex 191.886 8.92153 0
      vertex 183.45 16.75 0
      vertex 191.786 9.05553 0
    endloop
  endfacet
  facet normal 0 0 -1
    outer loop
      vertex 191.886 11.0785 0
      vertex 185.353 17.431 0
      vertex 185.571 17.6287 0
    endloop
  endfacet
  facet normal 0 0 -1
    outer loop
      vertex 191.786 10.9445 0
      vertex 185.117 17.2556 0
      vertex 185.353 17.431 0
    endloop
  endfacet
  facet normal 0 0 -1
    outer loop
      vertex 191.701 10.8014 0
      vertex 184.864 17.1042 0
      vertex 185.117 17.2556 0
    endloop
  endfacet
  facet normal 0 0 -1
    outer loop
      vertex 191.629 10.6506 0
      vertex 184.598 16.9783 0
      vertex 184.864 17.1042 0
    endloop
  endfacet
  facet normal 0 0 -1
    outer loop
      vertex 191.573 10.4935 0
      vertex 184.321 16.8792 0
      vertex 184.598 16.9783 0
    endloop
  endfacet
  facet normal 0 0 -1
    outer loop
      vertex 191.508 10.1666 0
      vertex 184.035 16.8076 0
      vertex 184.321 16.8792 0
    endloop
  endfacet
  facet normal 0 0 -1
    outer loop
      vertex 191.5 10 0
      vertex 183.744 16.7644 0
      vertex 184.035 16.8076 0
    endloop
  endfacet
  facet normal 0 0 -1
    outer loop
      vertex 191.508 9.83337 0
      vertex 183.45 16.75 0
      vertex 183.744 16.7644 0
    endloop
  endfacet
  facet normal 0 0 -1
    outer loop
      vertex 198.2 0 0
      vertex 19.75 16.75 0
      vertex 183.45 16.75 0
    endloop
  endfacet
  facet normal 0 0 -1
    outer loop
      vertex 5 0 0
      vertex 19.75 16.75 0
      vertex 198.2 0 0
    endloop
  endfacet
  facet normal 0 0 -1
    outer loop
      vertex 11.0785 11.3141 0
      vertex 17.6287 17.6287 0
      vertex 11.2021 11.2021 0
    endloop
  endfacet
  facet normal 0 0 -1
    outer loop
      vertex 11.2021 11.2021 0
      vertex 17.6287 17.6287 0
      vertex 11.3141 11.0785 0
    endloop
  endfacet
  facet normal -0 0 -1
    outer loop
      vertex 17.8468 17.431 0
      vertex 11.3141 11.0785 0
      vertex 17.6287 17.6287 0
    endloop
  endfacet
  facet normal 0 0 -1
    outer loop
      vertex 11.3141 11.0785 0
      vertex 17.8468 17.431 0
      vertex 11.4135 10.9445 0
    endloop
  endfacet
  facet normal -0 0 -1
    outer loop
      vertex 18.0833 17.2556 0
      vertex 11.4135 10.9445 0
      vertex 17.8468 17.431 0
    endloop
  endfacet
  facet normal 0 0 -1
    outer loop
      vertex 11.4135 10.9445 0
      vertex 18.0833 17.2556 0
      vertex 11.4993 10.8014 0
    endloop
  endfacet
  facet normal -0 0 -1
    outer loop
      vertex 18.3358 17.1042 0
      vertex 11.4993 10.8014 0
      vertex 18.0833 17.2556 0
    endloop
  endfacet
  facet normal 0 0 -1
    outer loop
      vertex 11.4993 10.8014 0
      vertex 18.3358 17.1042 0
      vertex 11.5706 10.6506 0
    endloop
  endfacet
  facet normal -0 0 -1
    outer loop
      vertex 18.6019 16.9783 0
      vertex 11.5706 10.6506 0
      vertex 18.3358 17.1042 0
    endloop
  endfacet
  facet normal 0 0 -1
    outer loop
      vertex 11.5706 10.6506 0
      vertex 18.6019 16.9783 0
      vertex 11.6268 10.4935 0
    endloop
  endfacet
  facet normal -0 0 -1
    outer loop
      vertex 18.8791 16.8792 0
      vertex 11.6268 10.4935 0
      vertex 18.6019 16.9783 0
    endloop
  endfacet
  facet normal 0 0 -1
    outer loop
      vertex 11.6268 10.4935 0
      vertex 18.8791 16.8792 0
      vertex 11.6673 10.3317 0
    endloop
  endfacet
  facet normal 0 0 -1
    outer loop
      vertex 11.6673 10.3317 0
      vertex 18.8791 16.8792 0
      vertex 11.6918 10.1666 0
    endloop
  endfacet
  facet normal -0 0 -1
    outer loop
      vertex 19.1647 16.8076 0
      vertex 11.6918 10.1666 0
      vertex 18.8791 16.8792 0
    endloop
  endfacet
  facet normal 0 0 -1
    outer loop
      vertex 11.6918 10.1666 0
      vertex 19.1647 16.8076 0
      vertex 11.7 10 0
    endloop
  endfacet
  facet normal -0 0 -1
    outer loop
      vertex 19.4559 16.7644 0
      vertex 11.7 10 0
      vertex 19.1647 16.8076 0
    endloop
  endfacet
  facet normal 0 -0 -1
    outer loop
      vertex 11.3141 8.92153 0
      vertex 19.75 16.75 0
      vertex 5 0 0
    endloop
  endfacet
  facet normal 0 0 -1
    outer loop
      vertex 19.4559 16.7644 0
      vertex 11.6918 9.83337 0
      vertex 11.7 10 0
    endloop
  endfacet
  facet normal -0 0 -1
    outer loop
      vertex 19.75 16.75 0
      vertex 11.6918 9.83337 0
      vertex 19.4559 16.7644 0
    endloop
  endfacet
  facet normal 0 -0 -1
    outer loop
      vertex 11.6918 9.83337 0
      vertex 19.75 16.75 0
      vertex 11.6673 9.66835 0
    endloop
  endfacet
  facet normal 0 -0 -1
    outer loop
      vertex 11.6673 9.66835 0
      vertex 19.75 16.75 0
      vertex 11.6268 9.50652 0
    endloop
  endfacet
  facet normal 0 -0 -1
    outer loop
      vertex 11.6268 9.50652 0
      vertex 19.75 16.75 0
      vertex 11.5706 9.34944 0
    endloop
  endfacet
  facet normal 0 -0 -1
    outer loop
      vertex 11.5706 9.34944 0
      vertex 19.75 16.75 0
      vertex 11.4993 9.19862 0
    endloop
  endfacet
  facet normal 0 -0 -1
    outer loop
      vertex 11.4993 9.19862 0
      vertex 19.75 16.75 0
      vertex 11.4135 9.05553 0
    endloop
  endfacet
  facet normal 0 -0 -1
    outer loop
      vertex 11.4135 9.05553 0
      vertex 19.75 16.75 0
      vertex 11.3141 8.92153 0
    endloop
  endfacet
  facet normal 0 0 -1
    outer loop
      vertex 11.3141 8.92153 0
      vertex 5 0 0
      vertex 11.2021 8.79792 0
    endloop
  endfacet
  facet normal 0 0 -1
    outer loop
      vertex 11.2021 8.79792 0
      vertex 5 0 0
      vertex 11.0785 8.68588 0
    endloop
  endfacet
  facet normal 0 0 -1
    outer loop
      vertex 11.0785 8.68588 0
      vertex 5 0 0
      vertex 10.9445 8.5865 0
    endloop
  endfacet
  facet normal 0 0 -1
    outer loop
      vertex 10.9445 8.5865 0
      vertex 5 0 0
      vertex 10.8014 8.50073 0
    endloop
  endfacet
  facet normal 0 0 -1
    outer loop
      vertex 10.8014 8.50073 0
      vertex 5 0 0
      vertex 10.6506 8.4294 0
    endloop
  endfacet
  facet normal 0 0 -1
    outer loop
      vertex 10.6506 8.4294 0
      vertex 5 0 0
      vertex 10.4935 8.3732 0
    endloop
  endfacet
  facet normal 0 0 -1
    outer loop
      vertex 10.4935 8.3732 0
      vertex 5 0 0
      vertex 10.3317 8.33266 0
    endloop
  endfacet
  facet normal 0 0 -1
    outer loop
      vertex 10.3317 8.33266 0
      vertex 5 0 0
      vertex 10.1666 8.30819 0
    endloop
  endfacet
  facet normal -0 0 -1
    outer loop
      vertex 8.30819 9.83337 0
      vertex 0 5 0
      vertex 8.3 10 0
    endloop
  endfacet
  facet normal -0 0 -1
    outer loop
      vertex 8.33266 9.66835 0
      vertex 0 5 0
      vertex 8.30819 9.83337 0
    endloop
  endfacet
  facet normal -0 0 -1
    outer loop
      vertex 8.3732 9.50652 0
      vertex 0 5 0
      vertex 8.33266 9.66835 0
    endloop
  endfacet
  facet normal -0 0 -1
    outer loop
      vertex 8.4294 9.34944 0
      vertex 0 5 0
      vertex 8.3732 9.50652 0
    endloop
  endfacet
  facet normal -0 0 -1
    outer loop
      vertex 8.50073 9.19862 0
      vertex 0 5 0
      vertex 8.4294 9.34944 0
    endloop
  endfacet
  facet normal -0 0 -1
    outer loop
      vertex 8.5865 9.05553 0
      vertex 0 5 0
      vertex 8.50073 9.19862 0
    endloop
  endfacet
  facet normal -0 0 -1
    outer loop
      vertex 8.68588 8.92153 0
      vertex 0 5 0
      vertex 8.5865 9.05553 0
    endloop
  endfacet
  facet normal -0 0 -1
    outer loop
      vertex 8.79792 8.79792 0
      vertex 0 5 0
      vertex 8.68588 8.92153 0
    endloop
  endfacet
  facet normal 0 0 -1
    outer loop
      vertex 0 5 0
      vertex 8.79792 8.79792 0
      vertex 5 0 0
    endloop
  endfacet
  facet normal -0 0 -1
    outer loop
      vertex 8.92153 8.68588 0
      vertex 5 0 0
      vertex 8.79792 8.79792 0
    endloop
  endfacet
  facet normal -0 0 -1
    outer loop
      vertex 9.05553 8.5865 0
      vertex 5 0 0
      vertex 8.92153 8.68588 0
    endloop
  endfacet
  facet normal -0 0 -1
    outer loop
      vertex 9.19862 8.50073 0
      vertex 5 0 0
      vertex 9.05553 8.5865 0
    endloop
  endfacet
  facet normal -0 0 -1
    outer loop
      vertex 9.34944 8.4294 0
      vertex 5 0 0
      vertex 9.19862 8.50073 0
    endloop
  endfacet
  facet normal -0 0 -1
    outer loop
      vertex 9.50652 8.3732 0
      vertex 5 0 0
      vertex 9.34944 8.4294 0
    endloop
  endfacet
  facet normal -0 0 -1
    outer loop
      vertex 9.66835 8.33266 0
      vertex 5 0 0
      vertex 9.50652 8.3732 0
    endloop
  endfacet
  facet normal -0 0 -1
    outer loop
      vertex 9.83337 8.30819 0
      vertex 5 0 0
      vertex 9.66835 8.33266 0
    endloop
  endfacet
  facet normal -0 0 -1
    outer loop
      vertex 10 8.3 0
      vertex 5 0 0
      vertex 9.83337 8.30819 0
    endloop
  endfacet
  facet normal 0 0 -1
    outer loop
      vertex 10.1666 8.30819 0
      vertex 5 0 0
      vertex 10 8.3 0
    endloop
  endfacet
  facet normal -0 0 -1
    outer loop
      vertex 202.065 201.372 0
      vertex 194.402 194.402 0
      vertex 201.736 201.736 0
    endloop
  endfacet
  facet normal -0 0 -1
    outer loop
      vertex 201.736 201.736 0
      vertex 194.402 194.402 0
      vertex 201.372 202.065 0
    endloop
  endfacet
  facet normal -0 0 -1
    outer loop
      vertex 201.372 202.065 0
      vertex 194.402 194.402 0
      vertex 200.978 202.357 0
    endloop
  endfacet
  facet normal -0 0 -1
    outer loop
      vertex 200.978 202.357 0
      vertex 194.402 194.402 0
      vertex 200.557 202.61 0
    endloop
  endfacet
  facet normal -0 0 -1
    outer loop
      vertex 200.557 202.61 0
      vertex 194.402 194.402 0
      vertex 200.113 202.819 0
    endloop
  endfacet
  facet normal -0 0 -1
    outer loop
      vertex 200.113 202.819 0
      vertex 194.402 194.402 0
      vertex 199.651 202.985 0
    endloop
  endfacet
  facet normal -0 0 -1
    outer loop
      vertex 199.651 202.985 0
      vertex 194.402 194.402 0
      vertex 199.175 203.104 0
    endloop
  endfacet
  facet normal -0 0 -1
    outer loop
      vertex 199.175 203.104 0
      vertex 194.402 194.402 0
      vertex 198.69 203.176 0
    endloop
  endfacet
  facet normal -0 0 -1
    outer loop
      vertex 198.69 203.176 0
      vertex 194.402 194.402 0
      vertex 198.2 203.2 0
    endloop
  endfacet
  facet normal 0 0 -1
    outer loop
      vertex 194.278 194.514 0
      vertex 198.2 203.2 0
      vertex 194.402 194.402 0
    endloop
  endfacet
  facet normal 0 0 -1
    outer loop
      vertex 194.144 194.613 0
      vertex 198.2 203.2 0
      vertex 194.278 194.514 0
    endloop
  endfacet
  facet normal 0 0 -1
    outer loop
      vertex 194.001 194.699 0
      vertex 198.2 203.2 0
      vertex 194.144 194.613 0
    endloop
  endfacet
  facet normal 0 0 -1
    outer loop
      vertex 193.851 194.771 0
      vertex 198.2 203.2 0
      vertex 194.001 194.699 0
    endloop
  endfacet
  facet normal 0 0 -1
    outer loop
      vertex 193.693 194.827 0
      vertex 198.2 203.2 0
      vertex 193.851 194.771 0
    endloop
  endfacet
  facet normal 0 0 -1
    outer loop
      vertex 193.532 194.867 0
      vertex 198.2 203.2 0
      vertex 193.693 194.827 0
    endloop
  endfacet
  facet normal 0 0 -1
    outer loop
      vertex 193.367 194.892 0
      vertex 198.2 203.2 0
      vertex 193.532 194.867 0
    endloop
  endfacet
  facet normal 0 0 -1
    outer loop
      vertex 193.2 194.9 0
      vertex 198.2 203.2 0
      vertex 193.367 194.892 0
    endloop
  endfacet
  facet normal 0 0 -1
    outer loop
      vertex 193.033 194.892 0
      vertex 198.2 203.2 0
      vertex 193.2 194.9 0
    endloop
  endfacet
  facet normal 0 0 -1
    outer loop
      vertex 192.868 194.867 0
      vertex 198.2 203.2 0
      vertex 193.033 194.892 0
    endloop
  endfacet
  facet normal 0 0 -1
    outer loop
      vertex 192.707 194.827 0
      vertex 198.2 203.2 0
      vertex 192.868 194.867 0
    endloop
  endfacet
  facet normal 0 0 -1
    outer loop
      vertex 192.549 194.771 0
      vertex 198.2 203.2 0
      vertex 192.707 194.827 0
    endloop
  endfacet
  facet normal 0 0 -1
    outer loop
      vertex 192.399 194.699 0
      vertex 198.2 203.2 0
      vertex 192.549 194.771 0
    endloop
  endfacet
  facet normal 0 0 -1
    outer loop
      vertex 192.256 194.613 0
      vertex 198.2 203.2 0
      vertex 192.399 194.699 0
    endloop
  endfacet
  facet normal 0 0 -1
    outer loop
      vertex 192.122 194.514 0
      vertex 198.2 203.2 0
      vertex 192.256 194.613 0
    endloop
  endfacet
  facet normal 0 0 -1
    outer loop
      vertex 191.998 194.402 0
      vertex 198.2 203.2 0
      vertex 192.122 194.514 0
    endloop
  endfacet
  facet normal 0 0 -1
    outer loop
      vertex 191.886 194.278 0
      vertex 198.2 203.2 0
      vertex 191.998 194.402 0
    endloop
  endfacet
  facet normal 0 0 -1
    outer loop
      vertex 183.45 186.45 0
      vertex 191.886 194.278 0
      vertex 191.786 194.144 0
    endloop
  endfacet
  facet normal -0 0 -1
    outer loop
      vertex 192.122 191.886 0
      vertex 185.571 185.571 0
      vertex 191.998 191.998 0
    endloop
  endfacet
  facet normal -0 0 -1
    outer loop
      vertex 191.998 191.998 0
      vertex 185.571 185.571 0
      vertex 191.886 192.122 0
    endloop
  endfacet
  facet normal 0 0 -1
    outer loop
      vertex 185.353 185.769 0
      vertex 191.886 192.122 0
      vertex 185.571 185.571 0
    endloop
  endfacet
  facet normal -0 0 -1
    outer loop
      vertex 191.886 192.122 0
      vertex 185.353 185.769 0
      vertex 191.786 192.256 0
    endloop
  endfacet
  facet normal 0 0 -1
    outer loop
      vertex 185.117 185.944 0
      vertex 191.786 192.256 0
      vertex 185.353 185.769 0
    endloop
  endfacet
  facet normal -0 0 -1
    outer loop
      vertex 191.786 192.256 0
      vertex 185.117 185.944 0
      vertex 191.701 192.399 0
    endloop
  endfacet
  facet normal 0 0 -1
    outer loop
      vertex 184.864 186.096 0
      vertex 191.701 192.399 0
      vertex 185.117 185.944 0
    endloop
  endfacet
  facet normal -0 0 -1
    outer loop
      vertex 191.701 192.399 0
      vertex 184.864 186.096 0
      vertex 191.629 192.549 0
    endloop
  endfacet
  facet normal 0 0 -1
    outer loop
      vertex 184.598 186.222 0
      vertex 191.629 192.549 0
      vertex 184.864 186.096 0
    endloop
  endfacet
  facet normal -0 0 -1
    outer loop
      vertex 191.629 192.549 0
      vertex 184.598 186.222 0
      vertex 191.573 192.707 0
    endloop
  endfacet
  facet normal 0 0 -1
    outer loop
      vertex 184.321 186.321 0
      vertex 191.573 192.707 0
      vertex 184.598 186.222 0
    endloop
  endfacet
  facet normal -0 0 -1
    outer loop
      vertex 191.573 192.707 0
      vertex 184.321 186.321 0
      vertex 191.533 192.868 0
    endloop
  endfacet
  facet normal -0 0 -1
    outer loop
      vertex 191.533 192.868 0
      vertex 184.321 186.321 0
      vertex 191.508 193.033 0
    endloop
  endfacet
  facet normal 0 0 -1
    outer loop
      vertex 184.035 186.392 0
      vertex 191.508 193.033 0
      vertex 184.321 186.321 0
    endloop
  endfacet
  facet normal -0 0 -1
    outer loop
      vertex 191.508 193.033 0
      vertex 184.035 186.392 0
      vertex 191.5 193.2 0
    endloop
  endfacet
  facet normal 0 0 -1
    outer loop
      vertex 183.744 186.436 0
      vertex 191.5 193.2 0
      vertex 184.035 186.392 0
    endloop
  endfacet
  facet normal -0 0 -1
    outer loop
      vertex 191.5 193.2 0
      vertex 183.744 186.436 0
      vertex 191.508 193.367 0
    endloop
  endfacet
  facet normal 0 0 -1
    outer loop
      vertex 183.45 186.45 0
      vertex 191.508 193.367 0
      vertex 183.744 186.436 0
    endloop
  endfacet
  facet normal -0 0 -1
    outer loop
      vertex 191.508 193.367 0
      vertex 183.45 186.45 0
      vertex 191.533 193.532 0
    endloop
  endfacet
  facet normal -0 0 -1
    outer loop
      vertex 191.533 193.532 0
      vertex 183.45 186.45 0
      vertex 191.573 193.693 0
    endloop
  endfacet
  facet normal -0 0 -1
    outer loop
      vertex 191.573 193.693 0
      vertex 183.45 186.45 0
      vertex 191.629 193.851 0
    endloop
  endfacet
  facet normal -0 0 -1
    outer loop
      vertex 191.629 193.851 0
      vertex 183.45 186.45 0
      vertex 191.701 194.001 0
    endloop
  endfacet
  facet normal -0 0 -1
    outer loop
      vertex 191.701 194.001 0
      vertex 183.45 186.45 0
      vertex 191.786 194.144 0
    endloop
  endfacet
  facet normal -0 0 -1
    outer loop
      vertex 191.886 194.278 0
      vertex 183.45 186.45 0
      vertex 198.2 203.2 0
    endloop
  endfacet
  facet normal 0 0 -1
    outer loop
      vertex 19.75 186.45 0
      vertex 198.2 203.2 0
      vertex 183.45 186.45 0
    endloop
  endfacet
  facet normal 0 0 -1
    outer loop
      vertex 11.6918 193.367 0
      vertex 19.75 186.45 0
      vertex 19.4559 186.436 0
    endloop
  endfacet
  facet normal -0 0 -1
    outer loop
      vertex 17.6287 17.6287 0
      vertex 11.0785 11.3141 0
      vertex 17.431 17.8468 0
    endloop
  endfacet
  facet normal 0 0 -1
    outer loop
      vertex 11.7 193.2 0
      vertex 16.7644 183.744 0
      vertex 16.75 183.45 0
    endloop
  endfacet
  facet normal 0 0 -1
    outer loop
      vertex 11.7 193.2 0
      vertex 16.8076 184.035 0
      vertex 16.7644 183.744 0
    endloop
  endfacet
  facet normal 0 0 -1
    outer loop
      vertex 11.7 193.2 0
      vertex 16.8792 184.321 0
      vertex 16.8076 184.035 0
    endloop
  endfacet
  facet normal 0 0 -1
    outer loop
      vertex 11.7 193.2 0
      vertex 16.9783 184.598 0
      vertex 16.8792 184.321 0
    endloop
  endfacet
  facet normal 0 0 -1
    outer loop
      vertex 11.7 193.2 0
      vertex 17.1042 184.864 0
      vertex 16.9783 184.598 0
    endloop
  endfacet
  facet normal 0 0 -1
    outer loop
      vertex 11.7 193.2 0
      vertex 17.2556 185.117 0
      vertex 17.1042 184.864 0
    endloop
  endfacet
  facet normal 0 0 -1
    outer loop
      vertex 11.7 193.2 0
      vertex 17.431 185.353 0
      vertex 17.2556 185.117 0
    endloop
  endfacet
  facet normal 0 0 -1
    outer loop
      vertex 11.7 193.2 0
      vertex 17.6287 185.571 0
      vertex 17.431 185.353 0
    endloop
  endfacet
  facet normal 0 0 -1
    outer loop
      vertex 11.7 193.2 0
      vertex 17.8468 185.769 0
      vertex 17.6287 185.571 0
    endloop
  endfacet
  facet normal 0 0 -1
    outer loop
      vertex 11.7 193.2 0
      vertex 18.0833 185.944 0
      vertex 17.8468 185.769 0
    endloop
  endfacet
  facet normal 0 0 -1
    outer loop
      vertex 11.7 193.2 0
      vertex 18.3358 186.096 0
      vertex 18.0833 185.944 0
    endloop
  endfacet
  facet normal 0 0 -1
    outer loop
      vertex 11.7 193.2 0
      vertex 18.6019 186.222 0
      vertex 18.3358 186.096 0
    endloop
  endfacet
  facet normal 0 0 -1
    outer loop
      vertex 11.7 193.2 0
      vertex 18.8791 186.321 0
      vertex 18.6019 186.222 0
    endloop
  endfacet
  facet normal 0 0 -1
    outer loop
      vertex 11.7 193.2 0
      vertex 19.1647 186.392 0
      vertex 18.8791 186.321 0
    endloop
  endfacet
  facet normal 0 0 -1
    outer loop
      vertex 11.7 193.2 0
      vertex 19.4559 186.436 0
      vertex 19.1647 186.392 0
    endloop
  endfacet
  facet normal 0 0 -1
    outer loop
      vertex 11.6918 193.367 0
      vertex 19.4559 186.436 0
      vertex 11.7 193.2 0
    endloop
  endfacet
  facet normal 0 0 -1
    outer loop
      vertex 19.75 186.45 0
      vertex 11.6918 193.367 0
      vertex 11.6673 193.532 0
    endloop
  endfacet
  facet normal 0 0 -1
    outer loop
      vertex 19.75 186.45 0
      vertex 11.6673 193.532 0
      vertex 11.6268 193.693 0
    endloop
  endfacet
  facet normal 0 0 -1
    outer loop
      vertex 19.75 186.45 0
      vertex 11.6268 193.693 0
      vertex 11.5706 193.851 0
    endloop
  endfacet
  facet normal 0 0 -1
    outer loop
      vertex 19.75 186.45 0
      vertex 11.5706 193.851 0
      vertex 11.4993 194.001 0
    endloop
  endfacet
  facet normal 0 0 -1
    outer loop
      vertex 19.75 186.45 0
      vertex 11.4993 194.001 0
      vertex 11.4135 194.144 0
    endloop
  endfacet
  facet normal 0 0 -1
    outer loop
      vertex 19.75 186.45 0
      vertex 11.4135 194.144 0
      vertex 11.3141 194.278 0
    endloop
  endfacet
  facet normal 0 0 -1
    outer loop
      vertex 19.75 186.45 0
      vertex 11.3141 194.278 0
      vertex 5 203.2 0
    endloop
  endfacet
  facet normal 0 0 -1
    outer loop
      vertex 5 203.2 0
      vertex 11.3141 194.278 0
      vertex 11.2021 194.402 0
    endloop
  endfacet
  facet normal 0 0 -1
    outer loop
      vertex 5 203.2 0
      vertex 11.2021 194.402 0
      vertex 11.0785 194.514 0
    endloop
  endfacet
  facet normal 0 0 -1
    outer loop
      vertex 5 203.2 0
      vertex 11.0785 194.514 0
      vertex 10.9445 194.613 0
    endloop
  endfacet
  facet normal 0 0 -1
    outer loop
      vertex 5 203.2 0
      vertex 10.9445 194.613 0
      vertex 10.8014 194.699 0
    endloop
  endfacet
  facet normal 0 0 -1
    outer loop
      vertex 5 203.2 0
      vertex 10.8014 194.699 0
      vertex 10.6506 194.771 0
    endloop
  endfacet
  facet normal 0 0 -1
    outer loop
      vertex 5 203.2 0
      vertex 10.6506 194.771 0
      vertex 10.4935 194.827 0
    endloop
  endfacet
  facet normal 0 0 -1
    outer loop
      vertex 5 203.2 0
      vertex 10.4935 194.827 0
      vertex 10.3317 194.867 0
    endloop
  endfacet
  facet normal 0 0 -1
    outer loop
      vertex 5 203.2 0
      vertex 10.3317 194.867 0
      vertex 10.1666 194.892 0
    endloop
  endfacet
  facet normal 0 0 -1
    outer loop
      vertex 5 203.2 0
      vertex 10.1666 194.892 0
      vertex 10 194.9 0
    endloop
  endfacet
  facet normal 0 0 -1
    outer loop
      vertex 19.75 186.45 0
      vertex 5 203.2 0
      vertex 198.2 203.2 0
    endloop
  endfacet
  facet normal 0 0 -1
    outer loop
      vertex 9.83337 194.892 0
      vertex 5 203.2 0
      vertex 10 194.9 0
    endloop
  endfacet
  facet normal 0 0 -1
    outer loop
      vertex 9.66835 194.867 0
      vertex 5 203.2 0
      vertex 9.83337 194.892 0
    endloop
  endfacet
  facet normal 0 0 -1
    outer loop
      vertex 9.50652 194.827 0
      vertex 5 203.2 0
      vertex 9.66835 194.867 0
    endloop
  endfacet
  facet normal 0 0 -1
    outer loop
      vertex 9.34944 194.771 0
      vertex 5 203.2 0
      vertex 9.50652 194.827 0
    endloop
  endfacet
  facet normal 0 0 -1
    outer loop
      vertex 9.19862 194.699 0
      vertex 5 203.2 0
      vertex 9.34944 194.771 0
    endloop
  endfacet
  facet normal 0 0 -1
    outer loop
      vertex 9.05553 194.613 0
      vertex 5 203.2 0
      vertex 9.19862 194.699 0
    endloop
  endfacet
  facet normal 0 0 -1
    outer loop
      vertex 8.92153 194.514 0
      vertex 5 203.2 0
      vertex 9.05553 194.613 0
    endloop
  endfacet
  facet normal 0 0 -1
    outer loop
      vertex 8.79792 194.402 0
      vertex 5 203.2 0
      vertex 8.92153 194.514 0
    endloop
  endfacet
  facet normal 0 0 -1
    outer loop
      vertex 0 198.2 0
      vertex 8.79792 194.402 0
      vertex 8.68588 194.278 0
    endloop
  endfacet
  facet normal 0 0 -1
    outer loop
      vertex 0 198.2 0
      vertex 8.68588 194.278 0
      vertex 8.5865 194.144 0
    endloop
  endfacet
  facet normal 0 0 -1
    outer loop
      vertex 0 198.2 0
      vertex 8.5865 194.144 0
      vertex 8.50073 194.001 0
    endloop
  endfacet
  facet normal 0 0 -1
    outer loop
      vertex 0 198.2 0
      vertex 8.50073 194.001 0
      vertex 8.4294 193.851 0
    endloop
  endfacet
  facet normal 0 0 -1
    outer loop
      vertex 0 198.2 0
      vertex 8.4294 193.851 0
      vertex 8.3732 193.693 0
    endloop
  endfacet
  facet normal 0 0 -1
    outer loop
      vertex 0 198.2 0
      vertex 8.3732 193.693 0
      vertex 8.33266 193.532 0
    endloop
  endfacet
  facet normal 0 0 -1
    outer loop
      vertex 0 198.2 0
      vertex 8.33266 193.532 0
      vertex 8.30819 193.367 0
    endloop
  endfacet
  facet normal 0 0 -1
    outer loop
      vertex 0 198.2 0
      vertex 8.30819 193.367 0
      vertex 8.3 193.2 0
    endloop
  endfacet
  facet normal 0 0 -1
    outer loop
      vertex 8.33266 192.868 0
      vertex 0 198.2 0
      vertex 8.30819 193.033 0
    endloop
  endfacet
  facet normal 0 0 -1
    outer loop
      vertex 0 5 0
      vertex 5 0 0
      vertex 4.5099 0.0240631 0
    endloop
  endfacet
  facet normal 0 0 -1
    outer loop
      vertex 8.30819 193.033 0
      vertex 0 198.2 0
      vertex 8.3 193.2 0
    endloop
  endfacet
  facet normal 0 0 -1
    outer loop
      vertex 0 5 0
      vertex 4.5099 0.0240631 0
      vertex 4.02454 0.0960693 0
    endloop
  endfacet
  facet normal 0 0 -1
    outer loop
      vertex 8.79792 194.402 0
      vertex 0 198.2 0
      vertex 5 203.2 0
    endloop
  endfacet
  facet normal 0 0 -1
    outer loop
      vertex 0 5 0
      vertex 4.02454 0.0960693 0
      vertex 3.54857 0.215286 0
    endloop
  endfacet
  facet normal 0 0 -1
    outer loop
      vertex 5 203.2 0
      vertex 0 198.2 0
      vertex 4.5099 203.176 0
    endloop
  endfacet
  facet normal 0 0 -1
    outer loop
      vertex 0 5 0
      vertex 3.54857 0.215286 0
      vertex 3.08658 0.3806 0
    endloop
  endfacet
  facet normal 0 0 -1
    outer loop
      vertex 4.5099 203.176 0
      vertex 0 198.2 0
      vertex 4.02454 203.104 0
    endloop
  endfacet
  facet normal 0 0 -1
    outer loop
      vertex 0 5 0
      vertex 3.08658 0.3806 0
      vertex 2.64301 0.590393 0
    endloop
  endfacet
  facet normal 0 0 -1
    outer loop
      vertex 4.02454 203.104 0
      vertex 0 198.2 0
      vertex 3.54857 202.985 0
    endloop
  endfacet
  facet normal 0 0 -1
    outer loop
      vertex 0 5 0
      vertex 2.64301 0.590393 0
      vertex 2.22214 0.842651 0
    endloop
  endfacet
  facet normal 0 0 -1
    outer loop
      vertex 3.54857 202.985 0
      vertex 0 198.2 0
      vertex 3.08658 202.819 0
    endloop
  endfacet
  facet normal 0 0 -1
    outer loop
      vertex 0 5 0
      vertex 2.22214 0.842651 0
      vertex 1.82803 1.13493 0
    endloop
  endfacet
  facet normal 0 0 -1
    outer loop
      vertex 3.08658 202.819 0
      vertex 0 198.2 0
      vertex 2.64301 202.61 0
    endloop
  endfacet
  facet normal 0 0 -1
    outer loop
      vertex 0 5 0
      vertex 1.82803 1.13493 0
      vertex 1.46446 1.46446 0
    endloop
  endfacet
  facet normal 0 0 -1
    outer loop
      vertex 2.64301 202.61 0
      vertex 0 198.2 0
      vertex 2.22214 202.357 0
    endloop
  endfacet
  facet normal 0 0 -1
    outer loop
      vertex 0 5 0
      vertex 1.46446 1.46446 0
      vertex 1.13493 1.82803 0
    endloop
  endfacet
  facet normal 0 0 -1
    outer loop
      vertex 2.22214 202.357 0
      vertex 0 198.2 0
      vertex 1.82803 202.065 0
    endloop
  endfacet
  facet normal 0 0 -1
    outer loop
      vertex 0 5 0
      vertex 1.13493 1.82803 0
      vertex 0.842651 2.22214 0
    endloop
  endfacet
  facet normal 0 0 -1
    outer loop
      vertex 1.82803 202.065 0
      vertex 0 198.2 0
      vertex 1.46446 201.736 0
    endloop
  endfacet
  facet normal 0 0 -1
    outer loop
      vertex 0 5 0
      vertex 0.842651 2.22214 0
      vertex 0.590393 2.64301 0
    endloop
  endfacet
  facet normal 0 0 -1
    outer loop
      vertex 1.46446 201.736 0
      vertex 0 198.2 0
      vertex 1.13493 201.372 0
    endloop
  endfacet
  facet normal 0 0 -1
    outer loop
      vertex 0 5 0
      vertex 0.590393 2.64301 0
      vertex 0.3806 3.08658 0
    endloop
  endfacet
  facet normal 0 0 -1
    outer loop
      vertex 1.13493 201.372 0
      vertex 0 198.2 0
      vertex 0.842651 200.978 0
    endloop
  endfacet
  facet normal 0 0 -1
    outer loop
      vertex 0 5 0
      vertex 0.3806 3.08658 0
      vertex 0.215286 3.54857 0
    endloop
  endfacet
  facet normal 0 0 -1
    outer loop
      vertex 0.842651 200.978 0
      vertex 0 198.2 0
      vertex 0.590393 200.557 0
    endloop
  endfacet
  facet normal 0 0 -1
    outer loop
      vertex 0 5 0
      vertex 0.215286 3.54857 0
      vertex 0.0960693 4.02454 0
    endloop
  endfacet
  facet normal 0 0 -1
    outer loop
      vertex 0.590393 200.557 0
      vertex 0 198.2 0
      vertex 0.3806 200.113 0
    endloop
  endfacet
  facet normal 0 0 -1
    outer loop
      vertex 0 5 0
      vertex 0.0960693 4.02454 0
      vertex 0.0240631 4.5099 0
    endloop
  endfacet
  facet normal 0 0 -1
    outer loop
      vertex 0.3806 200.113 0
      vertex 0 198.2 0
      vertex 0.215286 199.651 0
    endloop
  endfacet
  facet normal 0 0 -1
    outer loop
      vertex 0.215286 199.651 0
      vertex 0 198.2 0
      vertex 0.0960693 199.175 0
    endloop
  endfacet
  facet normal 0 0 -1
    outer loop
      vertex 0.0960693 199.175 0
      vertex 0 198.2 0
      vertex 0.0240631 198.69 0
    endloop
  endfacet
  facet normal -0 0 1
    outer loop
      vertex 10.9445 191.786 1.2
      vertex 17.431 185.353 1.2
      vertex 11.0785 191.886 1.2
    endloop
  endfacet
  facet normal 0 0 1
    outer loop
      vertex 16.75 19.75 1.2
      vertex 11.6918 10.1666 1.2
      vertex 11.7 10 1.2
    endloop
  endfacet
  facet normal 0 0 1
    outer loop
      vertex 17.431 185.353 1.2
      vertex 10.9445 191.786 1.2
      vertex 17.2556 185.117 1.2
    endloop
  endfacet
  facet normal 0 0 1
    outer loop
      vertex 16.75 19.75 1.2
      vertex 11.6673 10.3317 1.2
      vertex 11.6918 10.1666 1.2
    endloop
  endfacet
  facet normal -0 0 1
    outer loop
      vertex 10.8014 191.701 1.2
      vertex 17.2556 185.117 1.2
      vertex 10.9445 191.786 1.2
    endloop
  endfacet
  facet normal 0 0 1
    outer loop
      vertex 16.75 19.75 1.2
      vertex 11.6268 10.4935 1.2
      vertex 11.6673 10.3317 1.2
    endloop
  endfacet
  facet normal 0 0 1
    outer loop
      vertex 17.2556 185.117 1.2
      vertex 10.8014 191.701 1.2
      vertex 17.1042 184.864 1.2
    endloop
  endfacet
  facet normal 0 0 1
    outer loop
      vertex 16.75 19.75 1.2
      vertex 11.5706 10.6506 1.2
      vertex 11.6268 10.4935 1.2
    endloop
  endfacet
  facet normal -0 0 1
    outer loop
      vertex 10.6506 191.629 1.2
      vertex 17.1042 184.864 1.2
      vertex 10.8014 191.701 1.2
    endloop
  endfacet
  facet normal 0 0 1
    outer loop
      vertex 16.75 19.75 1.2
      vertex 11.4993 10.8014 1.2
      vertex 11.5706 10.6506 1.2
    endloop
  endfacet
  facet normal 0 0 1
    outer loop
      vertex 17.1042 184.864 1.2
      vertex 10.6506 191.629 1.2
      vertex 16.9783 184.598 1.2
    endloop
  endfacet
  facet normal 0 0 1
    outer loop
      vertex 16.75 19.75 1.2
      vertex 11.4135 10.9445 1.2
      vertex 11.4993 10.8014 1.2
    endloop
  endfacet
  facet normal -0 0 1
    outer loop
      vertex 10.4935 191.573 1.2
      vertex 16.9783 184.598 1.2
      vertex 10.6506 191.629 1.2
    endloop
  endfacet
  facet normal 0 0 1
    outer loop
      vertex 16.75 19.75 1.2
      vertex 11.3141 11.0785 1.2
      vertex 11.4135 10.9445 1.2
    endloop
  endfacet
  facet normal 0 0 1
    outer loop
      vertex 16.9783 184.598 1.2
      vertex 10.4935 191.573 1.2
      vertex 16.8792 184.321 1.2
    endloop
  endfacet
  facet normal 0 0 1
    outer loop
      vertex 16.75 19.75 1.2
      vertex 11.2021 11.2021 1.2
      vertex 11.3141 11.0785 1.2
    endloop
  endfacet
  facet normal -0 0 1
    outer loop
      vertex 10.3317 191.533 1.2
      vertex 16.8792 184.321 1.2
      vertex 10.4935 191.573 1.2
    endloop
  endfacet
  facet normal 0 0 1
    outer loop
      vertex 16.75 19.75 1.2
      vertex 11.0785 11.3141 1.2
      vertex 11.2021 11.2021 1.2
    endloop
  endfacet
  facet normal 0 0 1
    outer loop
      vertex 16.8792 184.321 1.2
      vertex 10.3317 191.533 1.2
      vertex 16.8076 184.035 1.2
    endloop
  endfacet
  facet normal 0 0 1
    outer loop
      vertex 16.75 19.75 1.2
      vertex 10.9445 11.4135 1.2
      vertex 11.0785 11.3141 1.2
    endloop
  endfacet
  facet normal -0 0 1
    outer loop
      vertex 10.1666 191.508 1.2
      vertex 16.8076 184.035 1.2
      vertex 10.3317 191.533 1.2
    endloop
  endfacet
  facet normal 0 0 1
    outer loop
      vertex 16.75 19.75 1.2
      vertex 10.8014 11.4993 1.2
      vertex 10.9445 11.4135 1.2
    endloop
  endfacet
  facet normal -0 0 1
    outer loop
      vertex 10 191.5 1.2
      vertex 16.8076 184.035 1.2
      vertex 10.1666 191.508 1.2
    endloop
  endfacet
  facet normal 0 0 1
    outer loop
      vertex 16.75 19.75 1.2
      vertex 10.6506 11.5706 1.2
      vertex 10.8014 11.4993 1.2
    endloop
  endfacet
  facet normal 0 0 1
    outer loop
      vertex 16.8076 184.035 1.2
      vertex 10 191.5 1.2
      vertex 16.7644 183.744 1.2
    endloop
  endfacet
  facet normal 0 0 1
    outer loop
      vertex 16.75 19.75 1.2
      vertex 10.4935 11.6268 1.2
      vertex 10.6506 11.5706 1.2
    endloop
  endfacet
  facet normal 0 0 1
    outer loop
      vertex 9.83337 191.508 1.2
      vertex 16.7644 183.744 1.2
      vertex 10 191.5 1.2
    endloop
  endfacet
  facet normal 0 0 1
    outer loop
      vertex 16.75 19.75 1.2
      vertex 10.3317 11.6673 1.2
      vertex 10.4935 11.6268 1.2
    endloop
  endfacet
  facet normal 0 0 1
    outer loop
      vertex 16.7644 183.744 1.2
      vertex 9.83337 191.508 1.2
      vertex 16.75 183.45 1.2
    endloop
  endfacet
  facet normal 0 0 1
    outer loop
      vertex 16.75 19.75 1.2
      vertex 10.1666 11.6918 1.2
      vertex 10.3317 11.6673 1.2
    endloop
  endfacet
  facet normal 0 0 1
    outer loop
      vertex 9.66835 191.533 1.2
      vertex 16.75 183.45 1.2
      vertex 9.83337 191.508 1.2
    endloop
  endfacet
  facet normal 0 0 1
    outer loop
      vertex 16.75 19.75 1.2
      vertex 10 11.7 1.2
      vertex 10.1666 11.6918 1.2
    endloop
  endfacet
  facet normal 0 0 1
    outer loop
      vertex 9.50652 191.573 1.2
      vertex 16.75 183.45 1.2
      vertex 9.66835 191.533 1.2
    endloop
  endfacet
  facet normal 0 0 1
    outer loop
      vertex 16.75 19.75 1.2
      vertex 9.83337 11.6918 1.2
      vertex 10 11.7 1.2
    endloop
  endfacet
  facet normal 0 0 1
    outer loop
      vertex 9.34944 191.629 1.2
      vertex 16.75 183.45 1.2
      vertex 9.50652 191.573 1.2
    endloop
  endfacet
  facet normal 0 0 1
    outer loop
      vertex 16.75 19.75 1.2
      vertex 9.66835 11.6673 1.2
      vertex 9.83337 11.6918 1.2
    endloop
  endfacet
  facet normal 0 0 1
    outer loop
      vertex 9.19862 191.701 1.2
      vertex 16.75 183.45 1.2
      vertex 9.34944 191.629 1.2
    endloop
  endfacet
  facet normal 0 0 1
    outer loop
      vertex 16.75 19.75 1.2
      vertex 9.50652 11.6268 1.2
      vertex 9.66835 11.6673 1.2
    endloop
  endfacet
  facet normal 0 0 1
    outer loop
      vertex 9.05553 191.786 1.2
      vertex 16.75 183.45 1.2
      vertex 9.19862 191.701 1.2
    endloop
  endfacet
  facet normal 0 0 1
    outer loop
      vertex 16.75 19.75 1.2
      vertex 9.34944 11.5706 1.2
      vertex 9.50652 11.6268 1.2
    endloop
  endfacet
  facet normal 0 0 1
    outer loop
      vertex 8.92153 191.886 1.2
      vertex 16.75 183.45 1.2
      vertex 9.05553 191.786 1.2
    endloop
  endfacet
  facet normal 0 0 1
    outer loop
      vertex 16.75 19.75 1.2
      vertex 9.19862 11.4993 1.2
      vertex 9.34944 11.5706 1.2
    endloop
  endfacet
  facet normal 0 0 1
    outer loop
      vertex 0 198.2 1.2
      vertex 16.75 183.45 1.2
      vertex 8.92153 191.886 1.2
    endloop
  endfacet
  facet normal 0 0 1
    outer loop
      vertex 16.75 19.75 1.2
      vertex 9.05553 11.4135 1.2
      vertex 9.19862 11.4993 1.2
    endloop
  endfacet
  facet normal 0 0 1
    outer loop
      vertex 16.75 183.45 1.2
      vertex 0 198.2 1.2
      vertex 16.75 19.75 1.2
    endloop
  endfacet
  facet normal 0 0 1
    outer loop
      vertex 16.75 19.75 1.2
      vertex 8.92153 11.3141 1.2
      vertex 9.05553 11.4135 1.2
    endloop
  endfacet
  facet normal 0 0 1
    outer loop
      vertex 0 198.2 1.2
      vertex 8.92153 191.886 1.2
      vertex 8.79792 191.998 1.2
    endloop
  endfacet
  facet normal 0 0 1
    outer loop
      vertex 0 5 1.2
      vertex 16.75 19.75 1.2
      vertex 0 198.2 1.2
    endloop
  endfacet
  facet normal 0 0 1
    outer loop
      vertex 0 198.2 1.2
      vertex 8.79792 191.998 1.2
      vertex 8.68588 192.122 1.2
    endloop
  endfacet
  facet normal 0 0 1
    outer loop
      vertex 16.75 19.75 1.2
      vertex 0 5 1.2
      vertex 8.92153 11.3141 1.2
    endloop
  endfacet
  facet normal 0 0 1
    outer loop
      vertex 0 198.2 1.2
      vertex 8.68588 192.122 1.2
      vertex 8.5865 192.256 1.2
    endloop
  endfacet
  facet normal 0 0 1
    outer loop
      vertex 8.92153 11.3141 1.2
      vertex 0 5 1.2
      vertex 8.79792 11.2021 1.2
    endloop
  endfacet
  facet normal 0 0 1
    outer loop
      vertex 0 198.2 1.2
      vertex 8.5865 192.256 1.2
      vertex 8.50073 192.399 1.2
    endloop
  endfacet
  facet normal 0 0 1
    outer loop
      vertex 8.79792 11.2021 1.2
      vertex 0 5 1.2
      vertex 8.68588 11.0785 1.2
    endloop
  endfacet
  facet normal 0 0 1
    outer loop
      vertex 0 198.2 1.2
      vertex 8.50073 192.399 1.2
      vertex 8.4294 192.549 1.2
    endloop
  endfacet
  facet normal 0 0 1
    outer loop
      vertex 8.68588 11.0785 1.2
      vertex 0 5 1.2
      vertex 8.5865 10.9445 1.2
    endloop
  endfacet
  facet normal 0 0 1
    outer loop
      vertex 0 198.2 1.2
      vertex 8.4294 192.549 1.2
      vertex 8.3732 192.707 1.2
    endloop
  endfacet
  facet normal 0 0 1
    outer loop
      vertex 8.5865 10.9445 1.2
      vertex 0 5 1.2
      vertex 8.50073 10.8014 1.2
    endloop
  endfacet
  facet normal 0 0 1
    outer loop
      vertex 0 198.2 1.2
      vertex 8.3732 192.707 1.2
      vertex 8.33266 192.868 1.2
    endloop
  endfacet
  facet normal 0 0 1
    outer loop
      vertex 8.50073 10.8014 1.2
      vertex 0 5 1.2
      vertex 8.4294 10.6506 1.2
    endloop
  endfacet
  facet normal 0 0 1
    outer loop
      vertex 0 198.2 1.2
      vertex 8.33266 192.868 1.2
      vertex 8.30819 193.033 1.2
    endloop
  endfacet
  facet normal 0 0 1
    outer loop
      vertex 8.4294 10.6506 1.2
      vertex 0 5 1.2
      vertex 8.3732 10.4935 1.2
    endloop
  endfacet
  facet normal 0 0 1
    outer loop
      vertex 0 198.2 1.2
      vertex 8.30819 193.033 1.2
      vertex 8.3 193.2 1.2
    endloop
  endfacet
  facet normal 0 0 1
    outer loop
      vertex 8.3732 10.4935 1.2
      vertex 0 5 1.2
      vertex 8.33266 10.3317 1.2
    endloop
  endfacet
  facet normal 0 0 1
    outer loop
      vertex 194.827 192.707 1.2
      vertex 203.2 198.2 1.2
      vertex 194.867 192.868 1.2
    endloop
  endfacet
  facet normal 0 0 1
    outer loop
      vertex 203.2 5 1.2
      vertex 194.892 10.1666 1.2
      vertex 194.9 10 1.2
    endloop
  endfacet
  facet normal 0 0 1
    outer loop
      vertex 194.771 192.549 1.2
      vertex 203.2 198.2 1.2
      vertex 194.827 192.707 1.2
    endloop
  endfacet
  facet normal 0 0 1
    outer loop
      vertex 203.2 5 1.2
      vertex 194.867 10.3317 1.2
      vertex 194.892 10.1666 1.2
    endloop
  endfacet
  facet normal 0 0 1
    outer loop
      vertex 194.699 192.399 1.2
      vertex 203.2 198.2 1.2
      vertex 194.771 192.549 1.2
    endloop
  endfacet
  facet normal 0 0 1
    outer loop
      vertex 203.2 5 1.2
      vertex 194.827 10.4935 1.2
      vertex 194.867 10.3317 1.2
    endloop
  endfacet
  facet normal 0 0 1
    outer loop
      vertex 194.613 192.256 1.2
      vertex 203.2 198.2 1.2
      vertex 194.699 192.399 1.2
    endloop
  endfacet
  facet normal 0 0 1
    outer loop
      vertex 203.2 5 1.2
      vertex 194.771 10.6506 1.2
      vertex 194.827 10.4935 1.2
    endloop
  endfacet
  facet normal 0 0 1
    outer loop
      vertex 194.514 192.122 1.2
      vertex 203.2 198.2 1.2
      vertex 194.613 192.256 1.2
    endloop
  endfacet
  facet normal 0 0 1
    outer loop
      vertex 203.2 5 1.2
      vertex 194.699 10.8014 1.2
      vertex 194.771 10.6506 1.2
    endloop
  endfacet
  facet normal 0 0 1
    outer loop
      vertex 194.402 191.998 1.2
      vertex 203.2 198.2 1.2
      vertex 194.514 192.122 1.2
    endloop
  endfacet
  facet normal 0 0 1
    outer loop
      vertex 203.2 5 1.2
      vertex 194.613 10.9445 1.2
      vertex 194.699 10.8014 1.2
    endloop
  endfacet
  facet normal 0 0 1
    outer loop
      vertex 194.278 191.886 1.2
      vertex 203.2 198.2 1.2
      vertex 194.402 191.998 1.2
    endloop
  endfacet
  facet normal 0 0 1
    outer loop
      vertex 203.2 5 1.2
      vertex 194.514 11.0785 1.2
      vertex 194.613 10.9445 1.2
    endloop
  endfacet
  facet normal 0 0 1
    outer loop
      vertex 203.2 198.2 1.2
      vertex 186.45 183.45 1.2
      vertex 203.2 5 1.2
    endloop
  endfacet
  facet normal 0 0 1
    outer loop
      vertex 203.2 5 1.2
      vertex 194.402 11.2021 1.2
      vertex 194.514 11.0785 1.2
    endloop
  endfacet
  facet normal 0 0 1
    outer loop
      vertex 203.2 198.2 1.2
      vertex 194.278 191.886 1.2
      vertex 186.45 183.45 1.2
    endloop
  endfacet
  facet normal -0 0 1
    outer loop
      vertex 186.45 19.75 1.2
      vertex 203.2 5 1.2
      vertex 186.45 183.45 1.2
    endloop
  endfacet
  facet normal 0 0 1
    outer loop
      vertex 186.45 183.45 1.2
      vertex 194.278 191.886 1.2
      vertex 194.144 191.786 1.2
    endloop
  endfacet
  facet normal -0 -0 1
    outer loop
      vertex 194.278 11.3141 1.2
      vertex 203.2 5 1.2
      vertex 186.45 19.75 1.2
    endloop
  endfacet
  facet normal 0 0 1
    outer loop
      vertex 186.45 183.45 1.2
      vertex 194.144 191.786 1.2
      vertex 194.001 191.701 1.2
    endloop
  endfacet
  facet normal 0 0 1
    outer loop
      vertex 203.2 5 1.2
      vertex 194.278 11.3141 1.2
      vertex 194.402 11.2021 1.2
    endloop
  endfacet
  facet normal 0 0 1
    outer loop
      vertex 186.45 183.45 1.2
      vertex 194.001 191.701 1.2
      vertex 193.851 191.629 1.2
    endloop
  endfacet
  facet normal 0 0 1
    outer loop
      vertex 194.278 11.3141 1.2
      vertex 186.45 19.75 1.2
      vertex 194.144 11.4135 1.2
    endloop
  endfacet
  facet normal 0 0 1
    outer loop
      vertex 186.45 183.45 1.2
      vertex 193.851 191.629 1.2
      vertex 193.693 191.573 1.2
    endloop
  endfacet
  facet normal 0 0 1
    outer loop
      vertex 194.144 11.4135 1.2
      vertex 186.45 19.75 1.2
      vertex 194.001 11.4993 1.2
    endloop
  endfacet
  facet normal 0 0 1
    outer loop
      vertex 186.45 183.45 1.2
      vertex 193.693 191.573 1.2
      vertex 193.532 191.533 1.2
    endloop
  endfacet
  facet normal 0 0 1
    outer loop
      vertex 194.001 11.4993 1.2
      vertex 186.45 19.75 1.2
      vertex 193.851 11.5706 1.2
    endloop
  endfacet
  facet normal 0 0 1
    outer loop
      vertex 186.45 183.45 1.2
      vertex 193.532 191.533 1.2
      vertex 193.367 191.508 1.2
    endloop
  endfacet
  facet normal 0 0 1
    outer loop
      vertex 193.851 11.5706 1.2
      vertex 186.45 19.75 1.2
      vertex 193.693 11.6268 1.2
    endloop
  endfacet
  facet normal 0 0 1
    outer loop
      vertex 186.436 183.744 1.2
      vertex 193.367 191.508 1.2
      vertex 193.2 191.5 1.2
    endloop
  endfacet
  facet normal 0 0 1
    outer loop
      vertex 193.693 11.6268 1.2
      vertex 186.45 19.75 1.2
      vertex 193.532 11.6673 1.2
    endloop
  endfacet
  facet normal 0 0 1
    outer loop
      vertex 186.392 184.035 1.2
      vertex 193.2 191.5 1.2
      vertex 193.033 191.508 1.2
    endloop
  endfacet
  facet normal 0 0 1
    outer loop
      vertex 193.532 11.6673 1.2
      vertex 186.45 19.75 1.2
      vertex 193.367 11.6918 1.2
    endloop
  endfacet
  facet normal 0 0 1
    outer loop
      vertex 186.392 184.035 1.2
      vertex 193.033 191.508 1.2
      vertex 192.868 191.533 1.2
    endloop
  endfacet
  facet normal -0 0 1
    outer loop
      vertex 186.436 19.4559 1.2
      vertex 193.367 11.6918 1.2
      vertex 186.45 19.75 1.2
    endloop
  endfacet
  facet normal 0 0 1
    outer loop
      vertex 186.321 184.321 1.2
      vertex 192.868 191.533 1.2
      vertex 192.707 191.573 1.2
    endloop
  endfacet
  facet normal 0 0 1
    outer loop
      vertex 193.367 11.6918 1.2
      vertex 186.436 19.4559 1.2
      vertex 193.2 11.7 1.2
    endloop
  endfacet
  facet normal 0 0 1
    outer loop
      vertex 186.222 184.598 1.2
      vertex 192.707 191.573 1.2
      vertex 192.549 191.629 1.2
    endloop
  endfacet
  facet normal -0 0 1
    outer loop
      vertex 186.392 19.1647 1.2
      vertex 193.2 11.7 1.2
      vertex 186.436 19.4559 1.2
    endloop
  endfacet
  facet normal 0 0 1
    outer loop
      vertex 186.096 184.864 1.2
      vertex 192.549 191.629 1.2
      vertex 192.399 191.701 1.2
    endloop
  endfacet
  facet normal 0 0 1
    outer loop
      vertex 193.2 11.7 1.2
      vertex 186.392 19.1647 1.2
      vertex 193.033 11.6918 1.2
    endloop
  endfacet
  facet normal 0 0 1
    outer loop
      vertex 185.944 185.117 1.2
      vertex 192.399 191.701 1.2
      vertex 192.256 191.786 1.2
    endloop
  endfacet
  facet normal 0 0 1
    outer loop
      vertex 193.033 11.6918 1.2
      vertex 186.392 19.1647 1.2
      vertex 192.868 11.6673 1.2
    endloop
  endfacet
  facet normal 0 0 1
    outer loop
      vertex 185.769 185.353 1.2
      vertex 192.256 191.786 1.2
      vertex 192.122 191.886 1.2
    endloop
  endfacet
  facet normal -0 0 1
    outer loop
      vertex 186.321 18.8791 1.2
      vertex 192.868 11.6673 1.2
      vertex 186.392 19.1647 1.2
    endloop
  endfacet
  facet normal 0 0 1
    outer loop
      vertex 185.571 185.571 1.2
      vertex 192.122 191.886 1.2
      vertex 191.998 191.998 1.2
    endloop
  endfacet
  facet normal 0 0 1
    outer loop
      vertex 192.868 11.6673 1.2
      vertex 186.321 18.8791 1.2
      vertex 192.707 11.6268 1.2
    endloop
  endfacet
  facet normal 0 0 1
    outer loop
      vertex 185.571 185.571 1.2
      vertex 191.998 191.998 1.2
      vertex 191.886 192.122 1.2
    endloop
  endfacet
  facet normal -0 0 1
    outer loop
      vertex 186.222 18.6019 1.2
      vertex 192.707 11.6268 1.2
      vertex 186.321 18.8791 1.2
    endloop
  endfacet
  facet normal 0 0 1
    outer loop
      vertex 185.353 185.769 1.2
      vertex 191.886 192.122 1.2
      vertex 191.786 192.256 1.2
    endloop
  endfacet
  facet normal 0 0 1
    outer loop
      vertex 192.707 11.6268 1.2
      vertex 186.222 18.6019 1.2
      vertex 192.549 11.5706 1.2
    endloop
  endfacet
  facet normal 0 0 1
    outer loop
      vertex 185.117 185.944 1.2
      vertex 191.786 192.256 1.2
      vertex 191.701 192.399 1.2
    endloop
  endfacet
  facet normal -0 0 1
    outer loop
      vertex 186.096 18.3358 1.2
      vertex 192.549 11.5706 1.2
      vertex 186.222 18.6019 1.2
    endloop
  endfacet
  facet normal 0 0 1
    outer loop
      vertex 184.864 186.096 1.2
      vertex 191.701 192.399 1.2
      vertex 191.629 192.549 1.2
    endloop
  endfacet
  facet normal 0 0 1
    outer loop
      vertex 192.549 11.5706 1.2
      vertex 186.096 18.3358 1.2
      vertex 192.399 11.4993 1.2
    endloop
  endfacet
  facet normal 0 0 1
    outer loop
      vertex 184.598 186.222 1.2
      vertex 191.629 192.549 1.2
      vertex 191.573 192.707 1.2
    endloop
  endfacet
  facet normal -0 0 1
    outer loop
      vertex 185.944 18.0833 1.2
      vertex 192.399 11.4993 1.2
      vertex 186.096 18.3358 1.2
    endloop
  endfacet
  facet normal 0 0 1
    outer loop
      vertex 184.321 186.321 1.2
      vertex 191.573 192.707 1.2
      vertex 191.533 192.868 1.2
    endloop
  endfacet
  facet normal 0 0 1
    outer loop
      vertex 192.399 11.4993 1.2
      vertex 185.944 18.0833 1.2
      vertex 192.256 11.4135 1.2
    endloop
  endfacet
  facet normal 0 0 1
    outer loop
      vertex 184.321 186.321 1.2
      vertex 191.533 192.868 1.2
      vertex 191.508 193.033 1.2
    endloop
  endfacet
  facet normal -0 0 1
    outer loop
      vertex 185.769 17.8468 1.2
      vertex 192.256 11.4135 1.2
      vertex 185.944 18.0833 1.2
    endloop
  endfacet
  facet normal 0 0 1
    outer loop
      vertex 184.035 186.392 1.2
      vertex 191.508 193.033 1.2
      vertex 191.5 193.2 1.2
    endloop
  endfacet
  facet normal 0 0 1
    outer loop
      vertex 192.256 11.4135 1.2
      vertex 185.769 17.8468 1.2
      vertex 192.122 11.3141 1.2
    endloop
  endfacet
  facet normal 0 0 1
    outer loop
      vertex 194.402 194.402 1.2
      vertex 203.2 198.2 1.2
      vertex 203.176 198.69 1.2
    endloop
  endfacet
  facet normal 0 0 1
    outer loop
      vertex 194.892 193.033 1.2
      vertex 203.2 198.2 1.2
      vertex 194.9 193.2 1.2
    endloop
  endfacet
  facet normal 0 0 1
    outer loop
      vertex 194.402 194.402 1.2
      vertex 203.176 198.69 1.2
      vertex 203.104 199.175 1.2
    endloop
  endfacet
  facet normal 0 0 1
    outer loop
      vertex 194.867 192.868 1.2
      vertex 203.2 198.2 1.2
      vertex 194.892 193.033 1.2
    endloop
  endfacet
  facet normal 0 0 1
    outer loop
      vertex 194.402 194.402 1.2
      vertex 203.104 199.175 1.2
      vertex 202.985 199.651 1.2
    endloop
  endfacet
  facet normal -0 0 1
    outer loop
      vertex 194.892 9.83337 1.2
      vertex 203.2 5 1.2
      vertex 194.9 10 1.2
    endloop
  endfacet
  facet normal 0 0 1
    outer loop
      vertex 194.402 194.402 1.2
      vertex 202.985 199.651 1.2
      vertex 202.819 200.113 1.2
    endloop
  endfacet
  facet normal -0 0 1
    outer loop
      vertex 194.867 9.66835 1.2
      vertex 203.2 5 1.2
      vertex 194.892 9.83337 1.2
    endloop
  endfacet
  facet normal 0 0 1
    outer loop
      vertex 194.402 194.402 1.2
      vertex 202.819 200.113 1.2
      vertex 202.61 200.557 1.2
    endloop
  endfacet
  facet normal -0 0 1
    outer loop
      vertex 194.827 9.50652 1.2
      vertex 203.2 5 1.2
      vertex 194.867 9.66835 1.2
    endloop
  endfacet
  facet normal 0 0 1
    outer loop
      vertex 194.402 194.402 1.2
      vertex 202.61 200.557 1.2
      vertex 202.357 200.978 1.2
    endloop
  endfacet
  facet normal -0 0 1
    outer loop
      vertex 194.771 9.34944 1.2
      vertex 203.2 5 1.2
      vertex 194.827 9.50652 1.2
    endloop
  endfacet
  facet normal 0 0 1
    outer loop
      vertex 194.402 194.402 1.2
      vertex 202.357 200.978 1.2
      vertex 202.065 201.372 1.2
    endloop
  endfacet
  facet normal -0 0 1
    outer loop
      vertex 194.699 9.19862 1.2
      vertex 203.2 5 1.2
      vertex 194.771 9.34944 1.2
    endloop
  endfacet
  facet normal 0 0 1
    outer loop
      vertex 194.402 194.402 1.2
      vertex 202.065 201.372 1.2
      vertex 201.736 201.736 1.2
    endloop
  endfacet
  facet normal -0 0 1
    outer loop
      vertex 194.613 9.05553 1.2
      vertex 203.2 5 1.2
      vertex 194.699 9.19862 1.2
    endloop
  endfacet
  facet normal 0 0 1
    outer loop
      vertex 194.402 194.402 1.2
      vertex 201.736 201.736 1.2
      vertex 201.372 202.065 1.2
    endloop
  endfacet
  facet normal -0 0 1
    outer loop
      vertex 194.514 8.92153 1.2
      vertex 203.2 5 1.2
      vertex 194.613 9.05553 1.2
    endloop
  endfacet
  facet normal 0 0 1
    outer loop
      vertex 194.402 194.402 1.2
      vertex 201.372 202.065 1.2
      vertex 200.978 202.357 1.2
    endloop
  endfacet
  facet normal -0 0 1
    outer loop
      vertex 194.402 8.79792 1.2
      vertex 203.2 5 1.2
      vertex 194.514 8.92153 1.2
    endloop
  endfacet
  facet normal 0 0 1
    outer loop
      vertex 194.402 194.402 1.2
      vertex 200.978 202.357 1.2
      vertex 200.557 202.61 1.2
    endloop
  endfacet
  facet normal 0 0 1
    outer loop
      vertex 203.2 5 1.2
      vertex 194.402 8.79792 1.2
      vertex 203.176 4.5099 1.2
    endloop
  endfacet
  facet normal 0 0 1
    outer loop
      vertex 194.402 194.402 1.2
      vertex 200.557 202.61 1.2
      vertex 200.113 202.819 1.2
    endloop
  endfacet
  facet normal 0 0 1
    outer loop
      vertex 203.176 4.5099 1.2
      vertex 194.402 8.79792 1.2
      vertex 203.104 4.02454 1.2
    endloop
  endfacet
  facet normal 0 0 1
    outer loop
      vertex 194.402 194.402 1.2
      vertex 200.113 202.819 1.2
      vertex 199.651 202.985 1.2
    endloop
  endfacet
  facet normal 0 0 1
    outer loop
      vertex 203.104 4.02454 1.2
      vertex 194.402 8.79792 1.2
      vertex 202.985 3.54857 1.2
    endloop
  endfacet
  facet normal 0 0 1
    outer loop
      vertex 194.402 194.402 1.2
      vertex 199.651 202.985 1.2
      vertex 199.175 203.104 1.2
    endloop
  endfacet
  facet normal 0 0 1
    outer loop
      vertex 202.985 3.54857 1.2
      vertex 194.402 8.79792 1.2
      vertex 202.819 3.08658 1.2
    endloop
  endfacet
  facet normal 0 0 1
    outer loop
      vertex 194.402 194.402 1.2
      vertex 199.175 203.104 1.2
      vertex 198.69 203.176 1.2
    endloop
  endfacet
  facet normal 0 0 1
    outer loop
      vertex 202.819 3.08658 1.2
      vertex 194.402 8.79792 1.2
      vertex 202.61 2.64301 1.2
    endloop
  endfacet
  facet normal 0 0 1
    outer loop
      vertex 194.402 194.402 1.2
      vertex 198.69 203.176 1.2
      vertex 198.2 203.2 1.2
    endloop
  endfacet
  facet normal 0 0 1
    outer loop
      vertex 202.61 2.64301 1.2
      vertex 194.402 8.79792 1.2
      vertex 202.357 2.22214 1.2
    endloop
  endfacet
  facet normal 0 0 1
    outer loop
      vertex 202.357 2.22214 1.2
      vertex 194.402 8.79792 1.2
      vertex 202.065 1.82803 1.2
    endloop
  endfacet
  facet normal 0 0 1
    outer loop
      vertex 203.2 198.2 1.2
      vertex 194.892 193.367 1.2
      vertex 194.9 193.2 1.2
    endloop
  endfacet
  facet normal 0 0 1
    outer loop
      vertex 203.2 198.2 1.2
      vertex 194.867 193.532 1.2
      vertex 194.892 193.367 1.2
    endloop
  endfacet
  facet normal 0 0 1
    outer loop
      vertex 203.2 198.2 1.2
      vertex 194.827 193.693 1.2
      vertex 194.867 193.532 1.2
    endloop
  endfacet
  facet normal 0 0 1
    outer loop
      vertex 203.2 198.2 1.2
      vertex 194.771 193.851 1.2
      vertex 194.827 193.693 1.2
    endloop
  endfacet
  facet normal 0 0 1
    outer loop
      vertex 203.2 198.2 1.2
      vertex 194.699 194.001 1.2
      vertex 194.771 193.851 1.2
    endloop
  endfacet
  facet normal 0 0 1
    outer loop
      vertex 203.2 198.2 1.2
      vertex 194.613 194.144 1.2
      vertex 194.699 194.001 1.2
    endloop
  endfacet
  facet normal 0 0 1
    outer loop
      vertex 203.2 198.2 1.2
      vertex 194.514 194.278 1.2
      vertex 194.613 194.144 1.2
    endloop
  endfacet
  facet normal 0 0 1
    outer loop
      vertex 203.2 198.2 1.2
      vertex 194.402 194.402 1.2
      vertex 194.514 194.278 1.2
    endloop
  endfacet
  facet normal 0 0 1
    outer loop
      vertex 198.2 203.2 1.2
      vertex 194.278 194.514 1.2
      vertex 194.402 194.402 1.2
    endloop
  endfacet
  facet normal 0 0 1
    outer loop
      vertex 198.2 203.2 1.2
      vertex 194.144 194.613 1.2
      vertex 194.278 194.514 1.2
    endloop
  endfacet
  facet normal 0 0 1
    outer loop
      vertex 198.2 203.2 1.2
      vertex 194.001 194.699 1.2
      vertex 194.144 194.613 1.2
    endloop
  endfacet
  facet normal 0 0 1
    outer loop
      vertex 198.2 203.2 1.2
      vertex 193.851 194.771 1.2
      vertex 194.001 194.699 1.2
    endloop
  endfacet
  facet normal 0 0 1
    outer loop
      vertex 198.2 203.2 1.2
      vertex 193.693 194.827 1.2
      vertex 193.851 194.771 1.2
    endloop
  endfacet
  facet normal 0 0 1
    outer loop
      vertex 198.2 203.2 1.2
      vertex 193.532 194.867 1.2
      vertex 193.693 194.827 1.2
    endloop
  endfacet
  facet normal 0 0 1
    outer loop
      vertex 198.2 203.2 1.2
      vertex 193.367 194.892 1.2
      vertex 193.532 194.867 1.2
    endloop
  endfacet
  facet normal 0 0 1
    outer loop
      vertex 198.2 203.2 1.2
      vertex 193.2 194.9 1.2
      vertex 193.367 194.892 1.2
    endloop
  endfacet
  facet normal 0 0 1
    outer loop
      vertex 198.2 203.2 1.2
      vertex 193.033 194.892 1.2
      vertex 193.2 194.9 1.2
    endloop
  endfacet
  facet normal 0 0 1
    outer loop
      vertex 198.2 203.2 1.2
      vertex 192.868 194.867 1.2
      vertex 193.033 194.892 1.2
    endloop
  endfacet
  facet normal 0 0 1
    outer loop
      vertex 198.2 203.2 1.2
      vertex 192.707 194.827 1.2
      vertex 192.868 194.867 1.2
    endloop
  endfacet
  facet normal 0 0 1
    outer loop
      vertex 198.2 203.2 1.2
      vertex 192.549 194.771 1.2
      vertex 192.707 194.827 1.2
    endloop
  endfacet
  facet normal 0 0 1
    outer loop
      vertex 198.2 203.2 1.2
      vertex 192.399 194.699 1.2
      vertex 192.549 194.771 1.2
    endloop
  endfacet
  facet normal 0 0 1
    outer loop
      vertex 198.2 203.2 1.2
      vertex 192.256 194.613 1.2
      vertex 192.399 194.699 1.2
    endloop
  endfacet
  facet normal 0 0 1
    outer loop
      vertex 198.2 203.2 1.2
      vertex 192.122 194.514 1.2
      vertex 192.256 194.613 1.2
    endloop
  endfacet
  facet normal 0 0 1
    outer loop
      vertex 198.2 203.2 1.2
      vertex 191.998 194.402 1.2
      vertex 192.122 194.514 1.2
    endloop
  endfacet
  facet normal 0 0 1
    outer loop
      vertex 198.2 203.2 1.2
      vertex 191.886 194.278 1.2
      vertex 191.998 194.402 1.2
    endloop
  endfacet
  facet normal 0 0 1
    outer loop
      vertex 183.45 186.45 1.2
      vertex 191.886 194.278 1.2
      vertex 198.2 203.2 1.2
    endloop
  endfacet
  facet normal -0 0 1
    outer loop
      vertex 185.571 17.6287 1.2
      vertex 192.122 11.3141 1.2
      vertex 185.769 17.8468 1.2
    endloop
  endfacet
  facet normal 0 0 1
    outer loop
      vertex 183.744 186.436 1.2
      vertex 191.5 193.2 1.2
      vertex 191.508 193.367 1.2
    endloop
  endfacet
  facet normal 0 0 1
    outer loop
      vertex 183.45 186.45 1.2
      vertex 191.508 193.367 1.2
      vertex 191.533 193.532 1.2
    endloop
  endfacet
  facet normal 0 0 1
    outer loop
      vertex 183.45 186.45 1.2
      vertex 191.533 193.532 1.2
      vertex 191.573 193.693 1.2
    endloop
  endfacet
  facet normal 0 0 1
    outer loop
      vertex 183.45 186.45 1.2
      vertex 191.573 193.693 1.2
      vertex 191.629 193.851 1.2
    endloop
  endfacet
  facet normal 0 0 1
    outer loop
      vertex 183.45 186.45 1.2
      vertex 191.629 193.851 1.2
      vertex 191.701 194.001 1.2
    endloop
  endfacet
  facet normal 0 0 1
    outer loop
      vertex 193.367 191.508 1.2
      vertex 186.436 183.744 1.2
      vertex 186.45 183.45 1.2
    endloop
  endfacet
  facet normal 0 0 1
    outer loop
      vertex 193.2 191.5 1.2
      vertex 186.392 184.035 1.2
      vertex 186.436 183.744 1.2
    endloop
  endfacet
  facet normal 0 0 1
    outer loop
      vertex 192.868 191.533 1.2
      vertex 186.321 184.321 1.2
      vertex 186.392 184.035 1.2
    endloop
  endfacet
  facet normal 0 0 1
    outer loop
      vertex 192.707 191.573 1.2
      vertex 186.222 184.598 1.2
      vertex 186.321 184.321 1.2
    endloop
  endfacet
  facet normal 0 0 1
    outer loop
      vertex 192.549 191.629 1.2
      vertex 186.096 184.864 1.2
      vertex 186.222 184.598 1.2
    endloop
  endfacet
  facet normal 0 0 1
    outer loop
      vertex 183.45 186.45 1.2
      vertex 191.701 194.001 1.2
      vertex 191.786 194.144 1.2
    endloop
  endfacet
  facet normal 0 0 1
    outer loop
      vertex 192.399 191.701 1.2
      vertex 185.944 185.117 1.2
      vertex 186.096 184.864 1.2
    endloop
  endfacet
  facet normal 0 0 1
    outer loop
      vertex 192.256 191.786 1.2
      vertex 185.769 185.353 1.2
      vertex 185.944 185.117 1.2
    endloop
  endfacet
  facet normal 0 0 1
    outer loop
      vertex 192.122 191.886 1.2
      vertex 185.571 185.571 1.2
      vertex 185.769 185.353 1.2
    endloop
  endfacet
  facet normal 0 0 1
    outer loop
      vertex 191.886 194.278 1.2
      vertex 183.45 186.45 1.2
      vertex 191.786 194.144 1.2
    endloop
  endfacet
  facet normal 0 0 1
    outer loop
      vertex 191.886 192.122 1.2
      vertex 185.353 185.769 1.2
      vertex 185.571 185.571 1.2
    endloop
  endfacet
  facet normal 0 0 1
    outer loop
      vertex 191.786 192.256 1.2
      vertex 185.117 185.944 1.2
      vertex 185.353 185.769 1.2
    endloop
  endfacet
  facet normal 0 0 1
    outer loop
      vertex 191.701 192.399 1.2
      vertex 184.864 186.096 1.2
      vertex 185.117 185.944 1.2
    endloop
  endfacet
  facet normal 0 0 1
    outer loop
      vertex 191.629 192.549 1.2
      vertex 184.598 186.222 1.2
      vertex 184.864 186.096 1.2
    endloop
  endfacet
  facet normal 0 0 1
    outer loop
      vertex 191.573 192.707 1.2
      vertex 184.321 186.321 1.2
      vertex 184.598 186.222 1.2
    endloop
  endfacet
  facet normal 0 0 1
    outer loop
      vertex 191.508 193.033 1.2
      vertex 184.035 186.392 1.2
      vertex 184.321 186.321 1.2
    endloop
  endfacet
  facet normal 0 0 1
    outer loop
      vertex 191.5 193.2 1.2
      vertex 183.744 186.436 1.2
      vertex 184.035 186.392 1.2
    endloop
  endfacet
  facet normal 0 0 1
    outer loop
      vertex 191.508 193.367 1.2
      vertex 183.45 186.45 1.2
      vertex 183.744 186.436 1.2
    endloop
  endfacet
  facet normal 0 0 1
    outer loop
      vertex 198.2 203.2 1.2
      vertex 19.75 186.45 1.2
      vertex 183.45 186.45 1.2
    endloop
  endfacet
  facet normal -0 0 1
    outer loop
      vertex 5 203.2 1.2
      vertex 19.75 186.45 1.2
      vertex 198.2 203.2 1.2
    endloop
  endfacet
  facet normal -0 0 1
    outer loop
      vertex 11.0785 191.886 1.2
      vertex 17.6287 185.571 1.2
      vertex 11.2021 191.998 1.2
    endloop
  endfacet
  facet normal -0 0 1
    outer loop
      vertex 11.2021 191.998 1.2
      vertex 17.6287 185.571 1.2
      vertex 11.3141 192.122 1.2
    endloop
  endfacet
  facet normal 0 0 1
    outer loop
      vertex 17.8468 185.769 1.2
      vertex 11.3141 192.122 1.2
      vertex 17.6287 185.571 1.2
    endloop
  endfacet
  facet normal -0 0 1
    outer loop
      vertex 11.3141 192.122 1.2
      vertex 17.8468 185.769 1.2
      vertex 11.4135 192.256 1.2
    endloop
  endfacet
  facet normal 0 0 1
    outer loop
      vertex 18.0833 185.944 1.2
      vertex 11.4135 192.256 1.2
      vertex 17.8468 185.769 1.2
    endloop
  endfacet
  facet normal -0 0 1
    outer loop
      vertex 11.4135 192.256 1.2
      vertex 18.0833 185.944 1.2
      vertex 11.4993 192.399 1.2
    endloop
  endfacet
  facet normal 0 0 1
    outer loop
      vertex 18.3358 186.096 1.2
      vertex 11.4993 192.399 1.2
      vertex 18.0833 185.944 1.2
    endloop
  endfacet
  facet normal -0 0 1
    outer loop
      vertex 11.4993 192.399 1.2
      vertex 18.3358 186.096 1.2
      vertex 11.5706 192.549 1.2
    endloop
  endfacet
  facet normal 0 0 1
    outer loop
      vertex 18.6019 186.222 1.2
      vertex 11.5706 192.549 1.2
      vertex 18.3358 186.096 1.2
    endloop
  endfacet
  facet normal -0 0 1
    outer loop
      vertex 11.5706 192.549 1.2
      vertex 18.6019 186.222 1.2
      vertex 11.6268 192.707 1.2
    endloop
  endfacet
  facet normal 0 0 1
    outer loop
      vertex 18.8791 186.321 1.2
      vertex 11.6268 192.707 1.2
      vertex 18.6019 186.222 1.2
    endloop
  endfacet
  facet normal -0 0 1
    outer loop
      vertex 11.6268 192.707 1.2
      vertex 18.8791 186.321 1.2
      vertex 11.6673 192.868 1.2
    endloop
  endfacet
  facet normal -0 0 1
    outer loop
      vertex 11.6673 192.868 1.2
      vertex 18.8791 186.321 1.2
      vertex 11.6918 193.033 1.2
    endloop
  endfacet
  facet normal 0 0 1
    outer loop
      vertex 19.1647 186.392 1.2
      vertex 11.6918 193.033 1.2
      vertex 18.8791 186.321 1.2
    endloop
  endfacet
  facet normal -0 0 1
    outer loop
      vertex 11.6918 193.033 1.2
      vertex 19.1647 186.392 1.2
      vertex 11.7 193.2 1.2
    endloop
  endfacet
  facet normal 0 0 1
    outer loop
      vertex 19.4559 186.436 1.2
      vertex 11.7 193.2 1.2
      vertex 19.1647 186.392 1.2
    endloop
  endfacet
  facet normal -0 -0 1
    outer loop
      vertex 11.3141 194.278 1.2
      vertex 19.75 186.45 1.2
      vertex 5 203.2 1.2
    endloop
  endfacet
  facet normal 0 0 1
    outer loop
      vertex 19.4559 186.436 1.2
      vertex 11.6918 193.367 1.2
      vertex 11.7 193.2 1.2
    endloop
  endfacet
  facet normal 0 0 1
    outer loop
      vertex 19.75 186.45 1.2
      vertex 11.6918 193.367 1.2
      vertex 19.4559 186.436 1.2
    endloop
  endfacet
  facet normal -0 -0 1
    outer loop
      vertex 11.6918 193.367 1.2
      vertex 19.75 186.45 1.2
      vertex 11.6673 193.532 1.2
    endloop
  endfacet
  facet normal -0 -0 1
    outer loop
      vertex 11.6673 193.532 1.2
      vertex 19.75 186.45 1.2
      vertex 11.6268 193.693 1.2
    endloop
  endfacet
  facet normal -0 -0 1
    outer loop
      vertex 11.6268 193.693 1.2
      vertex 19.75 186.45 1.2
      vertex 11.5706 193.851 1.2
    endloop
  endfacet
  facet normal -0 -0 1
    outer loop
      vertex 11.5706 193.851 1.2
      vertex 19.75 186.45 1.2
      vertex 11.4993 194.001 1.2
    endloop
  endfacet
  facet normal -0 -0 1
    outer loop
      vertex 11.4993 194.001 1.2
      vertex 19.75 186.45 1.2
      vertex 11.4135 194.144 1.2
    endloop
  endfacet
  facet normal -0 -0 1
    outer loop
      vertex 11.4135 194.144 1.2
      vertex 19.75 186.45 1.2
      vertex 11.3141 194.278 1.2
    endloop
  endfacet
  facet normal 0 0 1
    outer loop
      vertex 11.3141 194.278 1.2
      vertex 5 203.2 1.2
      vertex 11.2021 194.402 1.2
    endloop
  endfacet
  facet normal 0 0 1
    outer loop
      vertex 11.2021 194.402 1.2
      vertex 5 203.2 1.2
      vertex 11.0785 194.514 1.2
    endloop
  endfacet
  facet normal 0 0 1
    outer loop
      vertex 11.0785 194.514 1.2
      vertex 5 203.2 1.2
      vertex 10.9445 194.613 1.2
    endloop
  endfacet
  facet normal 0 0 1
    outer loop
      vertex 10.9445 194.613 1.2
      vertex 5 203.2 1.2
      vertex 10.8014 194.699 1.2
    endloop
  endfacet
  facet normal 0 0 1
    outer loop
      vertex 10.8014 194.699 1.2
      vertex 5 203.2 1.2
      vertex 10.6506 194.771 1.2
    endloop
  endfacet
  facet normal 0 0 1
    outer loop
      vertex 10.6506 194.771 1.2
      vertex 5 203.2 1.2
      vertex 10.4935 194.827 1.2
    endloop
  endfacet
  facet normal 0 0 1
    outer loop
      vertex 10.4935 194.827 1.2
      vertex 5 203.2 1.2
      vertex 10.3317 194.867 1.2
    endloop
  endfacet
  facet normal 0 0 1
    outer loop
      vertex 10.3317 194.867 1.2
      vertex 5 203.2 1.2
      vertex 10.1666 194.892 1.2
    endloop
  endfacet
  facet normal 0 0 1
    outer loop
      vertex 8.30819 193.367 1.2
      vertex 0 198.2 1.2
      vertex 8.3 193.2 1.2
    endloop
  endfacet
  facet normal 0 0 1
    outer loop
      vertex 8.33266 193.532 1.2
      vertex 0 198.2 1.2
      vertex 8.30819 193.367 1.2
    endloop
  endfacet
  facet normal 0 0 1
    outer loop
      vertex 8.3732 193.693 1.2
      vertex 0 198.2 1.2
      vertex 8.33266 193.532 1.2
    endloop
  endfacet
  facet normal 0 0 1
    outer loop
      vertex 8.4294 193.851 1.2
      vertex 0 198.2 1.2
      vertex 8.3732 193.693 1.2
    endloop
  endfacet
  facet normal 0 0 1
    outer loop
      vertex 8.50073 194.001 1.2
      vertex 0 198.2 1.2
      vertex 8.4294 193.851 1.2
    endloop
  endfacet
  facet normal 0 0 1
    outer loop
      vertex 8.5865 194.144 1.2
      vertex 0 198.2 1.2
      vertex 8.50073 194.001 1.2
    endloop
  endfacet
  facet normal 0 0 1
    outer loop
      vertex 8.68588 194.278 1.2
      vertex 0 198.2 1.2
      vertex 8.5865 194.144 1.2
    endloop
  endfacet
  facet normal 0 0 1
    outer loop
      vertex 8.79792 194.402 1.2
      vertex 0 198.2 1.2
      vertex 8.68588 194.278 1.2
    endloop
  endfacet
  facet normal -0 0 1
    outer loop
      vertex 0 198.2 1.2
      vertex 8.79792 194.402 1.2
      vertex 5 203.2 1.2
    endloop
  endfacet
  facet normal 0 0 1
    outer loop
      vertex 8.92153 194.514 1.2
      vertex 5 203.2 1.2
      vertex 8.79792 194.402 1.2
    endloop
  endfacet
  facet normal 0 0 1
    outer loop
      vertex 9.05553 194.613 1.2
      vertex 5 203.2 1.2
      vertex 8.92153 194.514 1.2
    endloop
  endfacet
  facet normal 0 0 1
    outer loop
      vertex 9.19862 194.699 1.2
      vertex 5 203.2 1.2
      vertex 9.05553 194.613 1.2
    endloop
  endfacet
  facet normal 0 0 1
    outer loop
      vertex 9.34944 194.771 1.2
      vertex 5 203.2 1.2
      vertex 9.19862 194.699 1.2
    endloop
  endfacet
  facet normal 0 0 1
    outer loop
      vertex 9.50652 194.827 1.2
      vertex 5 203.2 1.2
      vertex 9.34944 194.771 1.2
    endloop
  endfacet
  facet normal 0 0 1
    outer loop
      vertex 9.66835 194.867 1.2
      vertex 5 203.2 1.2
      vertex 9.50652 194.827 1.2
    endloop
  endfacet
  facet normal 0 0 1
    outer loop
      vertex 9.83337 194.892 1.2
      vertex 5 203.2 1.2
      vertex 9.66835 194.867 1.2
    endloop
  endfacet
  facet normal 0 0 1
    outer loop
      vertex 10 194.9 1.2
      vertex 5 203.2 1.2
      vertex 9.83337 194.892 1.2
    endloop
  endfacet
  facet normal 0 0 1
    outer loop
      vertex 10.1666 194.892 1.2
      vertex 5 203.2 1.2
      vertex 10 194.9 1.2
    endloop
  endfacet
  facet normal 0 0 1
    outer loop
      vertex 202.065 1.82803 1.2
      vertex 194.402 8.79792 1.2
      vertex 201.736 1.46446 1.2
    endloop
  endfacet
  facet normal 0 0 1
    outer loop
      vertex 201.736 1.46446 1.2
      vertex 194.402 8.79792 1.2
      vertex 201.372 1.13493 1.2
    endloop
  endfacet
  facet normal 0 0 1
    outer loop
      vertex 201.372 1.13493 1.2
      vertex 194.402 8.79792 1.2
      vertex 200.978 0.842651 1.2
    endloop
  endfacet
  facet normal 0 0 1
    outer loop
      vertex 200.978 0.842651 1.2
      vertex 194.402 8.79792 1.2
      vertex 200.557 0.590393 1.2
    endloop
  endfacet
  facet normal 0 0 1
    outer loop
      vertex 200.557 0.590393 1.2
      vertex 194.402 8.79792 1.2
      vertex 200.113 0.3806 1.2
    endloop
  endfacet
  facet normal 0 0 1
    outer loop
      vertex 200.113 0.3806 1.2
      vertex 194.402 8.79792 1.2
      vertex 199.651 0.215286 1.2
    endloop
  endfacet
  facet normal 0 0 1
    outer loop
      vertex 199.651 0.215286 1.2
      vertex 194.402 8.79792 1.2
      vertex 199.175 0.0960693 1.2
    endloop
  endfacet
  facet normal 0 0 1
    outer loop
      vertex 199.175 0.0960693 1.2
      vertex 194.402 8.79792 1.2
      vertex 198.69 0.0240631 1.2
    endloop
  endfacet
  facet normal 0 0 1
    outer loop
      vertex 198.69 0.0240631 1.2
      vertex 194.402 8.79792 1.2
      vertex 198.2 0 1.2
    endloop
  endfacet
  facet normal -0 0 1
    outer loop
      vertex 194.278 8.68588 1.2
      vertex 198.2 0 1.2
      vertex 194.402 8.79792 1.2
    endloop
  endfacet
  facet normal -0 0 1
    outer loop
      vertex 194.144 8.5865 1.2
      vertex 198.2 0 1.2
      vertex 194.278 8.68588 1.2
    endloop
  endfacet
  facet normal -0 0 1
    outer loop
      vertex 194.001 8.50073 1.2
      vertex 198.2 0 1.2
      vertex 194.144 8.5865 1.2
    endloop
  endfacet
  facet normal -0 0 1
    outer loop
      vertex 193.851 8.4294 1.2
      vertex 198.2 0 1.2
      vertex 194.001 8.50073 1.2
    endloop
  endfacet
  facet normal -0 0 1
    outer loop
      vertex 193.693 8.3732 1.2
      vertex 198.2 0 1.2
      vertex 193.851 8.4294 1.2
    endloop
  endfacet
  facet normal -0 0 1
    outer loop
      vertex 193.532 8.33266 1.2
      vertex 198.2 0 1.2
      vertex 193.693 8.3732 1.2
    endloop
  endfacet
  facet normal -0 0 1
    outer loop
      vertex 193.367 8.30819 1.2
      vertex 198.2 0 1.2
      vertex 193.532 8.33266 1.2
    endloop
  endfacet
  facet normal -0 0 1
    outer loop
      vertex 193.2 8.3 1.2
      vertex 198.2 0 1.2
      vertex 193.367 8.30819 1.2
    endloop
  endfacet
  facet normal 0 0 1
    outer loop
      vertex 193.033 8.30819 1.2
      vertex 198.2 0 1.2
      vertex 193.2 8.3 1.2
    endloop
  endfacet
  facet normal 0 0 1
    outer loop
      vertex 192.868 8.33266 1.2
      vertex 198.2 0 1.2
      vertex 193.033 8.30819 1.2
    endloop
  endfacet
  facet normal 0 0 1
    outer loop
      vertex 192.707 8.3732 1.2
      vertex 198.2 0 1.2
      vertex 192.868 8.33266 1.2
    endloop
  endfacet
  facet normal 0 0 1
    outer loop
      vertex 192.549 8.4294 1.2
      vertex 198.2 0 1.2
      vertex 192.707 8.3732 1.2
    endloop
  endfacet
  facet normal 0 0 1
    outer loop
      vertex 192.399 8.50073 1.2
      vertex 198.2 0 1.2
      vertex 192.549 8.4294 1.2
    endloop
  endfacet
  facet normal 0 0 1
    outer loop
      vertex 192.256 8.5865 1.2
      vertex 198.2 0 1.2
      vertex 192.399 8.50073 1.2
    endloop
  endfacet
  facet normal 0 0 1
    outer loop
      vertex 192.122 8.68588 1.2
      vertex 198.2 0 1.2
      vertex 192.256 8.5865 1.2
    endloop
  endfacet
  facet normal 0 0 1
    outer loop
      vertex 191.998 8.79792 1.2
      vertex 198.2 0 1.2
      vertex 192.122 8.68588 1.2
    endloop
  endfacet
  facet normal 0 0 1
    outer loop
      vertex 191.886 8.92153 1.2
      vertex 198.2 0 1.2
      vertex 191.998 8.79792 1.2
    endloop
  endfacet
  facet normal 0 0 1
    outer loop
      vertex 183.45 16.75 1.2
      vertex 191.886 8.92153 1.2
      vertex 191.786 9.05553 1.2
    endloop
  endfacet
  facet normal 0 0 1
    outer loop
      vertex 192.122 11.3141 1.2
      vertex 185.571 17.6287 1.2
      vertex 191.998 11.2021 1.2
    endloop
  endfacet
  facet normal 0 0 1
    outer loop
      vertex 191.998 11.2021 1.2
      vertex 185.571 17.6287 1.2
      vertex 191.886 11.0785 1.2
    endloop
  endfacet
  facet normal -0 0 1
    outer loop
      vertex 185.353 17.431 1.2
      vertex 191.886 11.0785 1.2
      vertex 185.571 17.6287 1.2
    endloop
  endfacet
  facet normal 0 0 1
    outer loop
      vertex 191.886 11.0785 1.2
      vertex 185.353 17.431 1.2
      vertex 191.786 10.9445 1.2
    endloop
  endfacet
  facet normal -0 0 1
    outer loop
      vertex 185.117 17.2556 1.2
      vertex 191.786 10.9445 1.2
      vertex 185.353 17.431 1.2
    endloop
  endfacet
  facet normal 0 0 1
    outer loop
      vertex 191.786 10.9445 1.2
      vertex 185.117 17.2556 1.2
      vertex 191.701 10.8014 1.2
    endloop
  endfacet
  facet normal -0 0 1
    outer loop
      vertex 184.864 17.1042 1.2
      vertex 191.701 10.8014 1.2
      vertex 185.117 17.2556 1.2
    endloop
  endfacet
  facet normal 0 0 1
    outer loop
      vertex 191.701 10.8014 1.2
      vertex 184.864 17.1042 1.2
      vertex 191.629 10.6506 1.2
    endloop
  endfacet
  facet normal -0 0 1
    outer loop
      vertex 184.598 16.9783 1.2
      vertex 191.629 10.6506 1.2
      vertex 184.864 17.1042 1.2
    endloop
  endfacet
  facet normal 0 0 1
    outer loop
      vertex 191.629 10.6506 1.2
      vertex 184.598 16.9783 1.2
      vertex 191.573 10.4935 1.2
    endloop
  endfacet
  facet normal -0 0 1
    outer loop
      vertex 184.321 16.8792 1.2
      vertex 191.573 10.4935 1.2
      vertex 184.598 16.9783 1.2
    endloop
  endfacet
  facet normal 0 0 1
    outer loop
      vertex 191.573 10.4935 1.2
      vertex 184.321 16.8792 1.2
      vertex 191.533 10.3317 1.2
    endloop
  endfacet
  facet normal 0 0 1
    outer loop
      vertex 191.533 10.3317 1.2
      vertex 184.321 16.8792 1.2
      vertex 191.508 10.1666 1.2
    endloop
  endfacet
  facet normal -0 0 1
    outer loop
      vertex 184.035 16.8076 1.2
      vertex 191.508 10.1666 1.2
      vertex 184.321 16.8792 1.2
    endloop
  endfacet
  facet normal 0 0 1
    outer loop
      vertex 191.508 10.1666 1.2
      vertex 184.035 16.8076 1.2
      vertex 191.5 10 1.2
    endloop
  endfacet
  facet normal -0 0 1
    outer loop
      vertex 183.744 16.7644 1.2
      vertex 191.5 10 1.2
      vertex 184.035 16.8076 1.2
    endloop
  endfacet
  facet normal 0 0 1
    outer loop
      vertex 191.5 10 1.2
      vertex 183.744 16.7644 1.2
      vertex 191.508 9.83337 1.2
    endloop
  endfacet
  facet normal -0 0 1
    outer loop
      vertex 183.45 16.75 1.2
      vertex 191.508 9.83337 1.2
      vertex 183.744 16.7644 1.2
    endloop
  endfacet
  facet normal 0 0 1
    outer loop
      vertex 191.508 9.83337 1.2
      vertex 183.45 16.75 1.2
      vertex 191.533 9.66835 1.2
    endloop
  endfacet
  facet normal 0 0 1
    outer loop
      vertex 191.533 9.66835 1.2
      vertex 183.45 16.75 1.2
      vertex 191.573 9.50652 1.2
    endloop
  endfacet
  facet normal 0 0 1
    outer loop
      vertex 191.573 9.50652 1.2
      vertex 183.45 16.75 1.2
      vertex 191.629 9.34944 1.2
    endloop
  endfacet
  facet normal 0 0 1
    outer loop
      vertex 191.629 9.34944 1.2
      vertex 183.45 16.75 1.2
      vertex 191.701 9.19862 1.2
    endloop
  endfacet
  facet normal 0 0 1
    outer loop
      vertex 191.701 9.19862 1.2
      vertex 183.45 16.75 1.2
      vertex 191.786 9.05553 1.2
    endloop
  endfacet
  facet normal 0 0 1
    outer loop
      vertex 191.886 8.92153 1.2
      vertex 183.45 16.75 1.2
      vertex 198.2 0 1.2
    endloop
  endfacet
  facet normal -0 0 1
    outer loop
      vertex 19.75 16.75 1.2
      vertex 198.2 0 1.2
      vertex 183.45 16.75 1.2
    endloop
  endfacet
  facet normal 0 0 1
    outer loop
      vertex 11.6918 9.83337 1.2
      vertex 19.75 16.75 1.2
      vertex 19.4559 16.7644 1.2
    endloop
  endfacet
  facet normal 0 0 1
    outer loop
      vertex 17.6287 185.571 1.2
      vertex 11.0785 191.886 1.2
      vertex 17.431 185.353 1.2
    endloop
  endfacet
  facet normal 0 0 1
    outer loop
      vertex 11.7 10 1.2
      vertex 16.7644 19.4559 1.2
      vertex 16.75 19.75 1.2
    endloop
  endfacet
  facet normal 0 0 1
    outer loop
      vertex 11.7 10 1.2
      vertex 16.8076 19.1647 1.2
      vertex 16.7644 19.4559 1.2
    endloop
  endfacet
  facet normal 0 0 1
    outer loop
      vertex 11.7 10 1.2
      vertex 16.8792 18.8791 1.2
      vertex 16.8076 19.1647 1.2
    endloop
  endfacet
  facet normal 0 0 1
    outer loop
      vertex 11.7 10 1.2
      vertex 16.9783 18.6019 1.2
      vertex 16.8792 18.8791 1.2
    endloop
  endfacet
  facet normal 0 0 1
    outer loop
      vertex 11.7 10 1.2
      vertex 17.1042 18.3358 1.2
      vertex 16.9783 18.6019 1.2
    endloop
  endfacet
  facet normal 0 0 1
    outer loop
      vertex 11.7 10 1.2
      vertex 17.2556 18.0833 1.2
      vertex 17.1042 18.3358 1.2
    endloop
  endfacet
  facet normal 0 0 1
    outer loop
      vertex 11.7 10 1.2
      vertex 17.431 17.8468 1.2
      vertex 17.2556 18.0833 1.2
    endloop
  endfacet
  facet normal 0 0 1
    outer loop
      vertex 11.7 10 1.2
      vertex 17.6287 17.6287 1.2
      vertex 17.431 17.8468 1.2
    endloop
  endfacet
  facet normal 0 0 1
    outer loop
      vertex 11.7 10 1.2
      vertex 17.8468 17.431 1.2
      vertex 17.6287 17.6287 1.2
    endloop
  endfacet
  facet normal 0 0 1
    outer loop
      vertex 11.7 10 1.2
      vertex 18.0833 17.2556 1.2
      vertex 17.8468 17.431 1.2
    endloop
  endfacet
  facet normal 0 0 1
    outer loop
      vertex 11.7 10 1.2
      vertex 18.3358 17.1042 1.2
      vertex 18.0833 17.2556 1.2
    endloop
  endfacet
  facet normal 0 0 1
    outer loop
      vertex 11.7 10 1.2
      vertex 18.6019 16.9783 1.2
      vertex 18.3358 17.1042 1.2
    endloop
  endfacet
  facet normal 0 0 1
    outer loop
      vertex 11.7 10 1.2
      vertex 18.8791 16.8792 1.2
      vertex 18.6019 16.9783 1.2
    endloop
  endfacet
  facet normal 0 0 1
    outer loop
      vertex 11.7 10 1.2
      vertex 19.1647 16.8076 1.2
      vertex 18.8791 16.8792 1.2
    endloop
  endfacet
  facet normal 0 0 1
    outer loop
      vertex 11.7 10 1.2
      vertex 19.4559 16.7644 1.2
      vertex 19.1647 16.8076 1.2
    endloop
  endfacet
  facet normal 0 0 1
    outer loop
      vertex 11.6918 9.83337 1.2
      vertex 19.4559 16.7644 1.2
      vertex 11.7 10 1.2
    endloop
  endfacet
  facet normal 0 0 1
    outer loop
      vertex 19.75 16.75 1.2
      vertex 11.6918 9.83337 1.2
      vertex 11.6673 9.66835 1.2
    endloop
  endfacet
  facet normal 0 0 1
    outer loop
      vertex 19.75 16.75 1.2
      vertex 11.6673 9.66835 1.2
      vertex 11.6268 9.50652 1.2
    endloop
  endfacet
  facet normal 0 0 1
    outer loop
      vertex 19.75 16.75 1.2
      vertex 11.6268 9.50652 1.2
      vertex 11.5706 9.34944 1.2
    endloop
  endfacet
  facet normal 0 0 1
    outer loop
      vertex 19.75 16.75 1.2
      vertex 11.5706 9.34944 1.2
      vertex 11.4993 9.19862 1.2
    endloop
  endfacet
  facet normal 0 0 1
    outer loop
      vertex 19.75 16.75 1.2
      vertex 11.4993 9.19862 1.2
      vertex 11.4135 9.05553 1.2
    endloop
  endfacet
  facet normal 0 0 1
    outer loop
      vertex 19.75 16.75 1.2
      vertex 11.4135 9.05553 1.2
      vertex 11.3141 8.92153 1.2
    endloop
  endfacet
  facet normal 0 0 1
    outer loop
      vertex 19.75 16.75 1.2
      vertex 11.3141 8.92153 1.2
      vertex 5 0 1.2
    endloop
  endfacet
  facet normal 0 0 1
    outer loop
      vertex 5 0 1.2
      vertex 11.3141 8.92153 1.2
      vertex 11.2021 8.79792 1.2
    endloop
  endfacet
  facet normal 0 0 1
    outer loop
      vertex 5 0 1.2
      vertex 11.2021 8.79792 1.2
      vertex 11.0785 8.68588 1.2
    endloop
  endfacet
  facet normal 0 0 1
    outer loop
      vertex 5 0 1.2
      vertex 11.0785 8.68588 1.2
      vertex 10.9445 8.5865 1.2
    endloop
  endfacet
  facet normal 0 0 1
    outer loop
      vertex 5 0 1.2
      vertex 10.9445 8.5865 1.2
      vertex 10.8014 8.50073 1.2
    endloop
  endfacet
  facet normal 0 0 1
    outer loop
      vertex 5 0 1.2
      vertex 10.8014 8.50073 1.2
      vertex 10.6506 8.4294 1.2
    endloop
  endfacet
  facet normal 0 0 1
    outer loop
      vertex 5 0 1.2
      vertex 10.6506 8.4294 1.2
      vertex 10.4935 8.3732 1.2
    endloop
  endfacet
  facet normal 0 0 1
    outer loop
      vertex 5 0 1.2
      vertex 10.4935 8.3732 1.2
      vertex 10.3317 8.33266 1.2
    endloop
  endfacet
  facet normal 0 0 1
    outer loop
      vertex 5 0 1.2
      vertex 10.3317 8.33266 1.2
      vertex 10.1666 8.30819 1.2
    endloop
  endfacet
  facet normal 0 0 1
    outer loop
      vertex 5 0 1.2
      vertex 10.1666 8.30819 1.2
      vertex 10 8.3 1.2
    endloop
  endfacet
  facet normal 0 0 1
    outer loop
      vertex 19.75 16.75 1.2
      vertex 5 0 1.2
      vertex 198.2 0 1.2
    endloop
  endfacet
  facet normal 0 0 1
    outer loop
      vertex 9.83337 8.30819 1.2
      vertex 5 0 1.2
      vertex 10 8.3 1.2
    endloop
  endfacet
  facet normal 0 0 1
    outer loop
      vertex 9.66835 8.33266 1.2
      vertex 5 0 1.2
      vertex 9.83337 8.30819 1.2
    endloop
  endfacet
  facet normal 0 0 1
    outer loop
      vertex 9.50652 8.3732 1.2
      vertex 5 0 1.2
      vertex 9.66835 8.33266 1.2
    endloop
  endfacet
  facet normal 0 0 1
    outer loop
      vertex 9.34944 8.4294 1.2
      vertex 5 0 1.2
      vertex 9.50652 8.3732 1.2
    endloop
  endfacet
  facet normal 0 0 1
    outer loop
      vertex 9.19862 8.50073 1.2
      vertex 5 0 1.2
      vertex 9.34944 8.4294 1.2
    endloop
  endfacet
  facet normal 0 0 1
    outer loop
      vertex 9.05553 8.5865 1.2
      vertex 5 0 1.2
      vertex 9.19862 8.50073 1.2
    endloop
  endfacet
  facet normal 0 0 1
    outer loop
      vertex 8.92153 8.68588 1.2
      vertex 5 0 1.2
      vertex 9.05553 8.5865 1.2
    endloop
  endfacet
  facet normal 0 0 1
    outer loop
      vertex 8.79792 8.79792 1.2
      vertex 5 0 1.2
      vertex 8.92153 8.68588 1.2
    endloop
  endfacet
  facet normal 0 0 1
    outer loop
      vertex 0 5 1.2
      vertex 8.79792 8.79792 1.2
      vertex 8.68588 8.92153 1.2
    endloop
  endfacet
  facet normal 0 0 1
    outer loop
      vertex 0 5 1.2
      vertex 8.68588 8.92153 1.2
      vertex 8.5865 9.05553 1.2
    endloop
  endfacet
  facet normal 0 0 1
    outer loop
      vertex 0 5 1.2
      vertex 8.5865 9.05553 1.2
      vertex 8.50073 9.19862 1.2
    endloop
  endfacet
  facet normal 0 0 1
    outer loop
      vertex 0 5 1.2
      vertex 8.50073 9.19862 1.2
      vertex 8.4294 9.34944 1.2
    endloop
  endfacet
  facet normal 0 0 1
    outer loop
      vertex 0 5 1.2
      vertex 8.4294 9.34944 1.2
      vertex 8.3732 9.50652 1.2
    endloop
  endfacet
  facet normal 0 0 1
    outer loop
      vertex 0 5 1.2
      vertex 8.3732 9.50652 1.2
      vertex 8.33266 9.66835 1.2
    endloop
  endfacet
  facet normal 0 0 1
    outer loop
      vertex 0 5 1.2
      vertex 8.33266 9.66835 1.2
      vertex 8.30819 9.83337 1.2
    endloop
  endfacet
  facet normal 0 0 1
    outer loop
      vertex 0 5 1.2
      vertex 8.30819 9.83337 1.2
      vertex 8.3 10 1.2
    endloop
  endfacet
  facet normal 0 0 1
    outer loop
      vertex 8.33266 10.3317 1.2
      vertex 0 5 1.2
      vertex 8.30819 10.1666 1.2
    endloop
  endfacet
  facet normal 0 0 1
    outer loop
      vertex 0 198.2 1.2
      vertex 5 203.2 1.2
      vertex 4.5099 203.176 1.2
    endloop
  endfacet
  facet normal 0 0 1
    outer loop
      vertex 8.30819 10.1666 1.2
      vertex 0 5 1.2
      vertex 8.3 10 1.2
    endloop
  endfacet
  facet normal 0 0 1
    outer loop
      vertex 0 198.2 1.2
      vertex 4.5099 203.176 1.2
      vertex 4.02454 203.104 1.2
    endloop
  endfacet
  facet normal 0 0 1
    outer loop
      vertex 8.79792 8.79792 1.2
      vertex 0 5 1.2
      vertex 5 0 1.2
    endloop
  endfacet
  facet normal 0 0 1
    outer loop
      vertex 0 198.2 1.2
      vertex 4.02454 203.104 1.2
      vertex 3.54857 202.985 1.2
    endloop
  endfacet
  facet normal 0 0 1
    outer loop
      vertex 5 0 1.2
      vertex 0 5 1.2
      vertex 4.5099 0.0240631 1.2
    endloop
  endfacet
  facet normal 0 0 1
    outer loop
      vertex 0 198.2 1.2
      vertex 3.54857 202.985 1.2
      vertex 3.08658 202.819 1.2
    endloop
  endfacet
  facet normal 0 0 1
    outer loop
      vertex 4.5099 0.0240631 1.2
      vertex 0 5 1.2
      vertex 4.02454 0.0960693 1.2
    endloop
  endfacet
  facet normal 0 0 1
    outer loop
      vertex 0 198.2 1.2
      vertex 3.08658 202.819 1.2
      vertex 2.64301 202.61 1.2
    endloop
  endfacet
  facet normal 0 0 1
    outer loop
      vertex 4.02454 0.0960693 1.2
      vertex 0 5 1.2
      vertex 3.54857 0.215286 1.2
    endloop
  endfacet
  facet normal 0 0 1
    outer loop
      vertex 0 198.2 1.2
      vertex 2.64301 202.61 1.2
      vertex 2.22214 202.357 1.2
    endloop
  endfacet
  facet normal 0 0 1
    outer loop
      vertex 3.54857 0.215286 1.2
      vertex 0 5 1.2
      vertex 3.08658 0.3806 1.2
    endloop
  endfacet
  facet normal 0 0 1
    outer loop
      vertex 0 198.2 1.2
      vertex 2.22214 202.357 1.2
      vertex 1.82803 202.065 1.2
    endloop
  endfacet
  facet normal 0 0 1
    outer loop
      vertex 3.08658 0.3806 1.2
      vertex 0 5 1.2
      vertex 2.64301 0.590393 1.2
    endloop
  endfacet
  facet normal 0 0 1
    outer loop
      vertex 0 198.2 1.2
      vertex 1.82803 202.065 1.2
      vertex 1.46446 201.736 1.2
    endloop
  endfacet
  facet normal 0 0 1
    outer loop
      vertex 2.64301 0.590393 1.2
      vertex 0 5 1.2
      vertex 2.22214 0.842651 1.2
    endloop
  endfacet
  facet normal 0 0 1
    outer loop
      vertex 0 198.2 1.2
      vertex 1.46446 201.736 1.2
      vertex 1.13493 201.372 1.2
    endloop
  endfacet
  facet normal 0 0 1
    outer loop
      vertex 2.22214 0.842651 1.2
      vertex 0 5 1.2
      vertex 1.82803 1.13493 1.2
    endloop
  endfacet
  facet normal 0 0 1
    outer loop
      vertex 0 198.2 1.2
      vertex 1.13493 201.372 1.2
      vertex 0.842651 200.978 1.2
    endloop
  endfacet
  facet normal 0 0 1
    outer loop
      vertex 1.82803 1.13493 1.2
      vertex 0 5 1.2
      vertex 1.46446 1.46446 1.2
    endloop
  endfacet
  facet normal 0 0 1
    outer loop
      vertex 0 198.2 1.2
      vertex 0.842651 200.978 1.2
      vertex 0.590393 200.557 1.2
    endloop
  endfacet
  facet normal 0 0 1
    outer loop
      vertex 1.46446 1.46446 1.2
      vertex 0 5 1.2
      vertex 1.13493 1.82803 1.2
    endloop
  endfacet
  facet normal 0 0 1
    outer loop
      vertex 0 198.2 1.2
      vertex 0.590393 200.557 1.2
      vertex 0.3806 200.113 1.2
    endloop
  endfacet
  facet normal 0 0 1
    outer loop
      vertex 1.13493 1.82803 1.2
      vertex 0 5 1.2
      vertex 0.842651 2.22214 1.2
    endloop
  endfacet
  facet normal 0 0 1
    outer loop
      vertex 0 198.2 1.2
      vertex 0.3806 200.113 1.2
      vertex 0.215286 199.651 1.2
    endloop
  endfacet
  facet normal 0 0 1
    outer loop
      vertex 0.842651 2.22214 1.2
      vertex 0 5 1.2
      vertex 0.590393 2.64301 1.2
    endloop
  endfacet
  facet normal 0 0 1
    outer loop
      vertex 0 198.2 1.2
      vertex 0.215286 199.651 1.2
      vertex 0.0960693 199.175 1.2
    endloop
  endfacet
  facet normal 0 0 1
    outer loop
      vertex 0.590393 2.64301 1.2
      vertex 0 5 1.2
      vertex 0.3806 3.08658 1.2
    endloop
  endfacet
  facet normal 0 0 1
    outer loop
      vertex 0 198.2 1.2
      vertex 0.0960693 199.175 1.2
      vertex 0.0240631 198.69 1.2
    endloop
  endfacet
  facet normal 0 0 1
    outer loop
      vertex 0.3806 3.08658 1.2
      vertex 0 5 1.2
      vertex 0.215286 3.54857 1.2
    endloop
  endfacet
  facet normal 0 0 1
    outer loop
      vertex 0.215286 3.54857 1.2
      vertex 0 5 1.2
      vertex 0.0960693 4.02454 1.2
    endloop
  endfacet
  facet normal 0 0 1
    outer loop
      vertex 0.0960693 4.02454 1.2
      vertex 0 5 1.2
      vertex 0.0240631 4.5099 1.2
    endloop
  endfacet
  facet normal 0.146857 -0.989158 0
    outer loop
      vertex 198.69 0.0240631 0
      vertex 199.175 0.0960693 1.2
      vertex 198.69 0.0240631 1.2
    endloop
  endfacet
  facet normal 0.146857 -0.989158 0
    outer loop
      vertex 199.175 0.0960693 1.2
      vertex 198.69 0.0240631 0
      vertex 199.175 0.0960693 0
    endloop
  endfacet
  facet normal 0.242951 -0.970039 0
    outer loop
      vertex 199.175 0.0960693 0
      vertex 199.651 0.215286 1.2
      vertex 199.175 0.0960693 1.2
    endloop
  endfacet
  facet normal 0.242951 -0.970039 0
    outer loop
      vertex 199.651 0.215286 1.2
      vertex 199.175 0.0960693 0
      vertex 199.651 0.215286 0
    endloop
  endfacet
  facet normal 0.336904 -0.941539 0
    outer loop
      vertex 199.651 0.215286 0
      vertex 200.113 0.3806 1.2
      vertex 199.651 0.215286 1.2
    endloop
  endfacet
  facet normal 0.336904 -0.941539 0
    outer loop
      vertex 200.113 0.3806 1.2
      vertex 199.651 0.215286 0
      vertex 200.113 0.3806 0
    endloop
  endfacet
  facet normal 0.427217 -0.904149 0
    outer loop
      vertex 200.113 0.3806 0
      vertex 200.557 0.590393 1.2
      vertex 200.113 0.3806 1.2
    endloop
  endfacet
  facet normal 0.427217 -0.904149 0
    outer loop
      vertex 200.557 0.590393 1.2
      vertex 200.113 0.3806 0
      vertex 200.557 0.590393 0
    endloop
  endfacet
  facet normal 0.513983 -0.8578 0
    outer loop
      vertex 200.557 0.590393 0
      vertex 200.978 0.842651 1.2
      vertex 200.557 0.590393 1.2
    endloop
  endfacet
  facet normal 0.513983 -0.8578 0
    outer loop
      vertex 200.978 0.842651 1.2
      vertex 200.557 0.590393 0
      vertex 200.978 0.842651 0
    endloop
  endfacet
  facet normal 0.59579 -0.803141 0
    outer loop
      vertex 200.978 0.842651 0
      vertex 201.372 1.13493 1.2
      vertex 200.978 0.842651 1.2
    endloop
  endfacet
  facet normal 0.59579 -0.803141 0
    outer loop
      vertex 201.372 1.13493 1.2
      vertex 200.978 0.842651 0
      vertex 201.372 1.13493 0
    endloop
  endfacet
  facet normal 0.671134 -0.741336 0
    outer loop
      vertex 201.372 1.13493 0
      vertex 201.736 1.46446 1.2
      vertex 201.372 1.13493 1.2
    endloop
  endfacet
  facet normal 0.671134 -0.741336 0
    outer loop
      vertex 201.736 1.46446 1.2
      vertex 201.372 1.13493 0
      vertex 201.736 1.46446 0
    endloop
  endfacet
  facet normal 0.741479 -0.670976 0
    outer loop
      vertex 201.736 1.46446 1.2
      vertex 202.065 1.82803 0
      vertex 202.065 1.82803 1.2
    endloop
  endfacet
  facet normal 0.741479 -0.670976 0
    outer loop
      vertex 202.065 1.82803 0
      vertex 201.736 1.46446 1.2
      vertex 201.736 1.46446 0
    endloop
  endfacet
  facet normal 0.803492 -0.595315 0
    outer loop
      vertex 202.065 1.82803 1.2
      vertex 202.357 2.22214 0
      vertex 202.357 2.22214 1.2
    endloop
  endfacet
  facet normal 0.803492 -0.595315 0
    outer loop
      vertex 202.357 2.22214 0
      vertex 202.065 1.82803 1.2
      vertex 202.065 1.82803 0
    endloop
  endfacet
  facet normal 0.857063 -0.515211 0
    outer loop
      vertex 202.357 2.22214 1.2
      vertex 202.61 2.64301 0
      vertex 202.61 2.64301 1.2
    endloop
  endfacet
  facet normal 0.857063 -0.515211 0
    outer loop
      vertex 202.61 2.64301 0
      vertex 202.357 2.22214 1.2
      vertex 202.357 2.22214 0
    endloop
  endfacet
  facet normal 0.904613 -0.426233 0
    outer loop
      vertex 202.61 2.64301 1.2
      vertex 202.819 3.08658 0
      vertex 202.819 3.08658 1.2
    endloop
  endfacet
  facet normal 0.904613 -0.426233 0
    outer loop
      vertex 202.819 3.08658 0
      vertex 202.61 2.64301 1.2
      vertex 202.61 2.64301 0
    endloop
  endfacet
  facet normal 0.941093 -0.338149 0
    outer loop
      vertex 202.819 3.08658 1.2
      vertex 202.985 3.54857 0
      vertex 202.985 3.54857 1.2
    endloop
  endfacet
  facet normal 0.941093 -0.338149 0
    outer loop
      vertex 202.985 3.54857 0
      vertex 202.819 3.08658 1.2
      vertex 202.819 3.08658 0
    endloop
  endfacet
  facet normal 0.970139 -0.24255 0
    outer loop
      vertex 202.985 3.54857 1.2
      vertex 203.104 4.02454 0
      vertex 203.104 4.02454 1.2
    endloop
  endfacet
  facet normal 0.970139 -0.24255 0
    outer loop
      vertex 203.104 4.02454 0
      vertex 202.985 3.54857 1.2
      vertex 202.985 3.54857 0
    endloop
  endfacet
  facet normal 0.989175 -0.146738 0
    outer loop
      vertex 203.104 4.02454 1.2
      vertex 203.176 4.5099 0
      vertex 203.176 4.5099 1.2
    endloop
  endfacet
  facet normal 0.989175 -0.146738 0
    outer loop
      vertex 203.176 4.5099 0
      vertex 203.104 4.02454 1.2
      vertex 203.104 4.02454 0
    endloop
  endfacet
  facet normal 0.998803 -0.048911 0
    outer loop
      vertex 203.176 4.5099 1.2
      vertex 203.2 5 0
      vertex 203.2 5 1.2
    endloop
  endfacet
  facet normal 0.998803 -0.048911 0
    outer loop
      vertex 203.2 5 0
      vertex 203.176 4.5099 1.2
      vertex 203.176 4.5099 0
    endloop
  endfacet
  facet normal 1 -0 0
    outer loop
      vertex 203.2 5 1.2
      vertex 203.2 198.2 0
      vertex 203.2 198.2 1.2
    endloop
  endfacet
  facet normal 1 0 0
    outer loop
      vertex 203.2 198.2 0
      vertex 203.2 5 1.2
      vertex 203.2 5 0
    endloop
  endfacet
  facet normal 0.998803 0.0489209 0
    outer loop
      vertex 203.2 198.2 1.2
      vertex 203.176 198.69 0
      vertex 203.176 198.69 1.2
    endloop
  endfacet
  facet normal 0.998803 0.0489209 0
    outer loop
      vertex 203.176 198.69 0
      vertex 203.2 198.2 1.2
      vertex 203.2 198.2 0
    endloop
  endfacet
  facet normal 0.98916 0.146844 0
    outer loop
      vertex 203.176 198.69 1.2
      vertex 203.104 199.175 0
      vertex 203.104 199.175 1.2
    endloop
  endfacet
  facet normal 0.98916 0.146844 0
    outer loop
      vertex 203.104 199.175 0
      vertex 203.176 198.69 1.2
      vertex 203.176 198.69 0
    endloop
  endfacet
  facet normal 0.970143 0.242536 0
    outer loop
      vertex 203.104 199.175 1.2
      vertex 202.985 199.651 0
      vertex 202.985 199.651 1.2
    endloop
  endfacet
  facet normal 0.970143 0.242536 0
    outer loop
      vertex 202.985 199.651 0
      vertex 203.104 199.175 1.2
      vertex 203.104 199.175 0
    endloop
  endfacet
  facet normal 0.941095 0.338142 0
    outer loop
      vertex 202.985 199.651 1.2
      vertex 202.819 200.113 0
      vertex 202.819 200.113 1.2
    endloop
  endfacet
  facet normal 0.941095 0.338142 0
    outer loop
      vertex 202.819 200.113 0
      vertex 202.985 199.651 1.2
      vertex 202.985 199.651 0
    endloop
  endfacet
  facet normal 0.904773 0.425895 0
    outer loop
      vertex 202.819 200.113 1.2
      vertex 202.61 200.557 0
      vertex 202.61 200.557 1.2
    endloop
  endfacet
  facet normal 0.904773 0.425895 0
    outer loop
      vertex 202.61 200.557 0
      vertex 202.819 200.113 1.2
      vertex 202.819 200.113 0
    endloop
  endfacet
  facet normal 0.857133 0.515094 0
    outer loop
      vertex 202.61 200.557 1.2
      vertex 202.357 200.978 0
      vertex 202.357 200.978 1.2
    endloop
  endfacet
  facet normal 0.857133 0.515094 0
    outer loop
      vertex 202.357 200.978 0
      vertex 202.61 200.557 1.2
      vertex 202.61 200.557 0
    endloop
  endfacet
  facet normal 0.803413 0.595423 0
    outer loop
      vertex 202.357 200.978 1.2
      vertex 202.065 201.372 0
      vertex 202.065 201.372 1.2
    endloop
  endfacet
  facet normal 0.803413 0.595423 0
    outer loop
      vertex 202.065 201.372 0
      vertex 202.357 200.978 1.2
      vertex 202.357 200.978 0
    endloop
  endfacet
  facet normal 0.741874 0.67054 0
    outer loop
      vertex 202.065 201.372 1.2
      vertex 201.736 201.736 0
      vertex 201.736 201.736 1.2
    endloop
  endfacet
  facet normal 0.741874 0.67054 0
    outer loop
      vertex 201.736 201.736 0
      vertex 202.065 201.372 1.2
      vertex 202.065 201.372 0
    endloop
  endfacet
  facet normal 0.67054 0.741874 -0
    outer loop
      vertex 201.736 201.736 0
      vertex 201.372 202.065 1.2
      vertex 201.736 201.736 1.2
    endloop
  endfacet
  facet normal 0.67054 0.741874 0
    outer loop
      vertex 201.372 202.065 1.2
      vertex 201.736 201.736 0
      vertex 201.372 202.065 0
    endloop
  endfacet
  facet normal 0.595423 0.803413 -0
    outer loop
      vertex 201.372 202.065 0
      vertex 200.978 202.357 1.2
      vertex 201.372 202.065 1.2
    endloop
  endfacet
  facet normal 0.595423 0.803413 0
    outer loop
      vertex 200.978 202.357 1.2
      vertex 201.372 202.065 0
      vertex 200.978 202.357 0
    endloop
  endfacet
  facet normal 0.515094 0.857133 -0
    outer loop
      vertex 200.978 202.357 0
      vertex 200.557 202.61 1.2
      vertex 200.978 202.357 1.2
    endloop
  endfacet
  facet normal 0.515094 0.857133 0
    outer loop
      vertex 200.557 202.61 1.2
      vertex 200.978 202.357 0
      vertex 200.557 202.61 0
    endloop
  endfacet
  facet normal 0.425895 0.904773 -0
    outer loop
      vertex 200.557 202.61 0
      vertex 200.113 202.819 1.2
      vertex 200.557 202.61 1.2
    endloop
  endfacet
  facet normal 0.425895 0.904773 0
    outer loop
      vertex 200.113 202.819 1.2
      vertex 200.557 202.61 0
      vertex 200.113 202.819 0
    endloop
  endfacet
  facet normal 0.338142 0.941095 -0
    outer loop
      vertex 200.113 202.819 0
      vertex 199.651 202.985 1.2
      vertex 200.113 202.819 1.2
    endloop
  endfacet
  facet normal 0.338142 0.941095 0
    outer loop
      vertex 199.651 202.985 1.2
      vertex 200.113 202.819 0
      vertex 199.651 202.985 0
    endloop
  endfacet
  facet normal 0.242536 0.970143 -0
    outer loop
      vertex 199.651 202.985 0
      vertex 199.175 203.104 1.2
      vertex 199.651 202.985 1.2
    endloop
  endfacet
  facet normal 0.242536 0.970143 0
    outer loop
      vertex 199.175 203.104 1.2
      vertex 199.651 202.985 0
      vertex 199.175 203.104 0
    endloop
  endfacet
  facet normal 0.146844 0.98916 -0
    outer loop
      vertex 199.175 203.104 0
      vertex 198.69 203.176 1.2
      vertex 199.175 203.104 1.2
    endloop
  endfacet
  facet normal 0.146844 0.98916 0
    outer loop
      vertex 198.69 203.176 1.2
      vertex 199.175 203.104 0
      vertex 198.69 203.176 0
    endloop
  endfacet
  facet normal 0.0489209 0.998803 -0
    outer loop
      vertex 198.69 203.176 0
      vertex 198.2 203.2 1.2
      vertex 198.69 203.176 1.2
    endloop
  endfacet
  facet normal 0.0489209 0.998803 0
    outer loop
      vertex 198.2 203.2 1.2
      vertex 198.69 203.176 0
      vertex 198.2 203.2 0
    endloop
  endfacet
  facet normal 0 1 -0
    outer loop
      vertex 198.2 203.2 0
      vertex 5 203.2 1.2
      vertex 198.2 203.2 1.2
    endloop
  endfacet
  facet normal 0 1 0
    outer loop
      vertex 5 203.2 1.2
      vertex 198.2 203.2 0
      vertex 5 203.2 0
    endloop
  endfacet
  facet normal -0.048911 0.998803 0
    outer loop
      vertex 5 203.2 0
      vertex 4.5099 203.176 1.2
      vertex 5 203.2 1.2
    endloop
  endfacet
  facet normal -0.048911 0.998803 0
    outer loop
      vertex 4.5099 203.176 1.2
      vertex 5 203.2 0
      vertex 4.5099 203.176 0
    endloop
  endfacet
  facet normal -0.146738 0.989175 0
    outer loop
      vertex 4.5099 203.176 0
      vertex 4.02454 203.104 1.2
      vertex 4.5099 203.176 1.2
    endloop
  endfacet
  facet normal -0.146738 0.989175 0
    outer loop
      vertex 4.02454 203.104 1.2
      vertex 4.5099 203.176 0
      vertex 4.02454 203.104 0
    endloop
  endfacet
  facet normal -0.24255 0.970139 0
    outer loop
      vertex 4.02454 203.104 0
      vertex 3.54857 202.985 1.2
      vertex 4.02454 203.104 1.2
    endloop
  endfacet
  facet normal -0.24255 0.970139 0
    outer loop
      vertex 3.54857 202.985 1.2
      vertex 4.02454 203.104 0
      vertex 3.54857 202.985 0
    endloop
  endfacet
  facet normal -0.338149 0.941093 0
    outer loop
      vertex 3.54857 202.985 0
      vertex 3.08658 202.819 1.2
      vertex 3.54857 202.985 1.2
    endloop
  endfacet
  facet normal -0.338149 0.941093 0
    outer loop
      vertex 3.08658 202.819 1.2
      vertex 3.54857 202.985 0
      vertex 3.08658 202.819 0
    endloop
  endfacet
  facet normal -0.426233 0.904613 0
    outer loop
      vertex 3.08658 202.819 0
      vertex 2.64301 202.61 1.2
      vertex 3.08658 202.819 1.2
    endloop
  endfacet
  facet normal -0.426233 0.904613 0
    outer loop
      vertex 2.64301 202.61 1.2
      vertex 3.08658 202.819 0
      vertex 2.64301 202.61 0
    endloop
  endfacet
  facet normal -0.515211 0.857063 0
    outer loop
      vertex 2.64301 202.61 0
      vertex 2.22214 202.357 1.2
      vertex 2.64301 202.61 1.2
    endloop
  endfacet
  facet normal -0.515211 0.857063 0
    outer loop
      vertex 2.22214 202.357 1.2
      vertex 2.64301 202.61 0
      vertex 2.22214 202.357 0
    endloop
  endfacet
  facet normal -0.595315 0.803492 0
    outer loop
      vertex 2.22214 202.357 0
      vertex 1.82803 202.065 1.2
      vertex 2.22214 202.357 1.2
    endloop
  endfacet
  facet normal -0.595315 0.803492 0
    outer loop
      vertex 1.82803 202.065 1.2
      vertex 2.22214 202.357 0
      vertex 1.82803 202.065 0
    endloop
  endfacet
  facet normal -0.670976 0.741479 0
    outer loop
      vertex 1.82803 202.065 0
      vertex 1.46446 201.736 1.2
      vertex 1.82803 202.065 1.2
    endloop
  endfacet
  facet normal -0.670976 0.741479 0
    outer loop
      vertex 1.46446 201.736 1.2
      vertex 1.82803 202.065 0
      vertex 1.46446 201.736 0
    endloop
  endfacet
  facet normal -0.741336 0.671134 0
    outer loop
      vertex 1.13493 201.372 0
      vertex 1.46446 201.736 1.2
      vertex 1.46446 201.736 0
    endloop
  endfacet
  facet normal -0.741336 0.671134 0
    outer loop
      vertex 1.46446 201.736 1.2
      vertex 1.13493 201.372 0
      vertex 1.13493 201.372 1.2
    endloop
  endfacet
  facet normal -0.803141 0.59579 0
    outer loop
      vertex 0.842651 200.978 0
      vertex 1.13493 201.372 1.2
      vertex 1.13493 201.372 0
    endloop
  endfacet
  facet normal -0.803141 0.59579 0
    outer loop
      vertex 1.13493 201.372 1.2
      vertex 0.842651 200.978 0
      vertex 0.842651 200.978 1.2
    endloop
  endfacet
  facet normal -0.8578 0.513983 0
    outer loop
      vertex 0.590393 200.557 0
      vertex 0.842651 200.978 1.2
      vertex 0.842651 200.978 0
    endloop
  endfacet
  facet normal -0.8578 0.513983 0
    outer loop
      vertex 0.842651 200.978 1.2
      vertex 0.590393 200.557 0
      vertex 0.590393 200.557 1.2
    endloop
  endfacet
  facet normal -0.904149 0.427217 0
    outer loop
      vertex 0.3806 200.113 0
      vertex 0.590393 200.557 1.2
      vertex 0.590393 200.557 0
    endloop
  endfacet
  facet normal -0.904149 0.427217 0
    outer loop
      vertex 0.590393 200.557 1.2
      vertex 0.3806 200.113 0
      vertex 0.3806 200.113 1.2
    endloop
  endfacet
  facet normal -0.941539 0.336904 0
    outer loop
      vertex 0.215286 199.651 0
      vertex 0.3806 200.113 1.2
      vertex 0.3806 200.113 0
    endloop
  endfacet
  facet normal -0.941539 0.336904 0
    outer loop
      vertex 0.3806 200.113 1.2
      vertex 0.215286 199.651 0
      vertex 0.215286 199.651 1.2
    endloop
  endfacet
  facet normal -0.970039 0.242951 0
    outer loop
      vertex 0.0960693 199.175 0
      vertex 0.215286 199.651 1.2
      vertex 0.215286 199.651 0
    endloop
  endfacet
  facet normal -0.970039 0.242951 0
    outer loop
      vertex 0.215286 199.651 1.2
      vertex 0.0960693 199.175 0
      vertex 0.0960693 199.175 1.2
    endloop
  endfacet
  facet normal -0.989158 0.146857 0
    outer loop
      vertex 0.0240631 198.69 0
      vertex 0.0960693 199.175 1.2
      vertex 0.0960693 199.175 0
    endloop
  endfacet
  facet normal -0.989158 0.146857 0
    outer loop
      vertex 0.0960693 199.175 1.2
      vertex 0.0240631 198.69 0
      vertex 0.0240631 198.69 1.2
    endloop
  endfacet
  facet normal -0.998796 0.0490493 0
    outer loop
      vertex 0 198.2 0
      vertex 0.0240631 198.69 1.2
      vertex 0.0240631 198.69 0
    endloop
  endfacet
  facet normal -0.998796 0.0490493 0
    outer loop
      vertex 0.0240631 198.69 1.2
      vertex 0 198.2 0
      vertex 0 198.2 1.2
    endloop
  endfacet
  facet normal -1 0 0
    outer loop
      vertex 0 5 0
      vertex 0 198.2 1.2
      vertex 0 198.2 0
    endloop
  endfacet
  facet normal -1 -0 0
    outer loop
      vertex 0 198.2 1.2
      vertex 0 5 0
      vertex 0 5 1.2
    endloop
  endfacet
  facet normal -0.998797 -0.0490393 0
    outer loop
      vertex 0.0240631 4.5099 0
      vertex 0 5 1.2
      vertex 0 5 0
    endloop
  endfacet
  facet normal -0.998797 -0.0490393 0
    outer loop
      vertex 0 5 1.2
      vertex 0.0240631 4.5099 0
      vertex 0.0240631 4.5099 1.2
    endloop
  endfacet
  facet normal -0.989174 -0.14675 0
    outer loop
      vertex 0.0960693 4.02454 0
      vertex 0.0240631 4.5099 1.2
      vertex 0.0240631 4.5099 0
    endloop
  endfacet
  facet normal -0.989174 -0.14675 0
    outer loop
      vertex 0.0240631 4.5099 1.2
      vertex 0.0960693 4.02454 0
      vertex 0.0960693 4.02454 1.2
    endloop
  endfacet
  facet normal -0.970035 -0.242966 0
    outer loop
      vertex 0.215286 3.54857 0
      vertex 0.0960693 4.02454 1.2
      vertex 0.0960693 4.02454 0
    endloop
  endfacet
  facet normal -0.970035 -0.242966 0
    outer loop
      vertex 0.0960693 4.02454 1.2
      vertex 0.215286 3.54857 0
      vertex 0.215286 3.54857 1.2
    endloop
  endfacet
  facet normal -0.941537 -0.33691 0
    outer loop
      vertex 0.3806 3.08658 0
      vertex 0.215286 3.54857 1.2
      vertex 0.215286 3.54857 0
    endloop
  endfacet
  facet normal -0.941537 -0.33691 0
    outer loop
      vertex 0.215286 3.54857 1.2
      vertex 0.3806 3.08658 0
      vertex 0.3806 3.08658 1.2
    endloop
  endfacet
  facet normal -0.903989 -0.427555 0
    outer loop
      vertex 0.590393 2.64301 0
      vertex 0.3806 3.08658 1.2
      vertex 0.3806 3.08658 0
    endloop
  endfacet
  facet normal -0.903989 -0.427555 0
    outer loop
      vertex 0.3806 3.08658 1.2
      vertex 0.590393 2.64301 0
      vertex 0.590393 2.64301 1.2
    endloop
  endfacet
  facet normal -0.85773 -0.5141 0
    outer loop
      vertex 0.842651 2.22214 0
      vertex 0.590393 2.64301 1.2
      vertex 0.590393 2.64301 0
    endloop
  endfacet
  facet normal -0.85773 -0.5141 0
    outer loop
      vertex 0.590393 2.64301 1.2
      vertex 0.842651 2.22214 0
      vertex 0.842651 2.22214 1.2
    endloop
  endfacet
  facet normal -0.80322 -0.595682 0
    outer loop
      vertex 1.13493 1.82803 0
      vertex 0.842651 2.22214 1.2
      vertex 0.842651 2.22214 0
    endloop
  endfacet
  facet normal -0.80322 -0.595682 0
    outer loop
      vertex 0.842651 2.22214 1.2
      vertex 1.13493 1.82803 0
      vertex 1.13493 1.82803 1.2
    endloop
  endfacet
  facet normal -0.740942 -0.671569 0
    outer loop
      vertex 1.46446 1.46446 0
      vertex 1.13493 1.82803 1.2
      vertex 1.13493 1.82803 0
    endloop
  endfacet
  facet normal -0.740942 -0.671569 0
    outer loop
      vertex 1.13493 1.82803 1.2
      vertex 1.46446 1.46446 0
      vertex 1.46446 1.46446 1.2
    endloop
  endfacet
  facet normal -0.671569 -0.740942 0
    outer loop
      vertex 1.46446 1.46446 0
      vertex 1.82803 1.13493 1.2
      vertex 1.46446 1.46446 1.2
    endloop
  endfacet
  facet normal -0.671569 -0.740942 -0
    outer loop
      vertex 1.82803 1.13493 1.2
      vertex 1.46446 1.46446 0
      vertex 1.82803 1.13493 0
    endloop
  endfacet
  facet normal -0.595682 -0.80322 0
    outer loop
      vertex 1.82803 1.13493 0
      vertex 2.22214 0.842651 1.2
      vertex 1.82803 1.13493 1.2
    endloop
  endfacet
  facet normal -0.595682 -0.80322 -0
    outer loop
      vertex 2.22214 0.842651 1.2
      vertex 1.82803 1.13493 0
      vertex 2.22214 0.842651 0
    endloop
  endfacet
  facet normal -0.5141 -0.85773 0
    outer loop
      vertex 2.22214 0.842651 0
      vertex 2.64301 0.590393 1.2
      vertex 2.22214 0.842651 1.2
    endloop
  endfacet
  facet normal -0.5141 -0.85773 -0
    outer loop
      vertex 2.64301 0.590393 1.2
      vertex 2.22214 0.842651 0
      vertex 2.64301 0.590393 0
    endloop
  endfacet
  facet normal -0.427555 -0.903989 0
    outer loop
      vertex 2.64301 0.590393 0
      vertex 3.08658 0.3806 1.2
      vertex 2.64301 0.590393 1.2
    endloop
  endfacet
  facet normal -0.427555 -0.903989 -0
    outer loop
      vertex 3.08658 0.3806 1.2
      vertex 2.64301 0.590393 0
      vertex 3.08658 0.3806 0
    endloop
  endfacet
  facet normal -0.33691 -0.941537 0
    outer loop
      vertex 3.08658 0.3806 0
      vertex 3.54857 0.215286 1.2
      vertex 3.08658 0.3806 1.2
    endloop
  endfacet
  facet normal -0.33691 -0.941537 -0
    outer loop
      vertex 3.54857 0.215286 1.2
      vertex 3.08658 0.3806 0
      vertex 3.54857 0.215286 0
    endloop
  endfacet
  facet normal -0.242966 -0.970035 0
    outer loop
      vertex 3.54857 0.215286 0
      vertex 4.02454 0.0960693 1.2
      vertex 3.54857 0.215286 1.2
    endloop
  endfacet
  facet normal -0.242966 -0.970035 -0
    outer loop
      vertex 4.02454 0.0960693 1.2
      vertex 3.54857 0.215286 0
      vertex 4.02454 0.0960693 0
    endloop
  endfacet
  facet normal -0.14675 -0.989174 0
    outer loop
      vertex 4.02454 0.0960693 0
      vertex 4.5099 0.0240631 1.2
      vertex 4.02454 0.0960693 1.2
    endloop
  endfacet
  facet normal -0.14675 -0.989174 -0
    outer loop
      vertex 4.5099 0.0240631 1.2
      vertex 4.02454 0.0960693 0
      vertex 4.5099 0.0240631 0
    endloop
  endfacet
  facet normal -0.0490393 -0.998797 0
    outer loop
      vertex 4.5099 0.0240631 0
      vertex 5 0 1.2
      vertex 4.5099 0.0240631 1.2
    endloop
  endfacet
  facet normal -0.0490393 -0.998797 -0
    outer loop
      vertex 5 0 1.2
      vertex 4.5099 0.0240631 0
      vertex 5 0 0
    endloop
  endfacet
  facet normal 0 -1 0
    outer loop
      vertex 5 0 0
      vertex 198.2 0 1.2
      vertex 5 0 1.2
    endloop
  endfacet
  facet normal 0 -1 -0
    outer loop
      vertex 198.2 0 1.2
      vertex 5 0 0
      vertex 198.2 0 0
    endloop
  endfacet
  facet normal 0.0490493 -0.998796 0
    outer loop
      vertex 198.2 0 0
      vertex 198.69 0.0240631 1.2
      vertex 198.2 0 1.2
    endloop
  endfacet
  facet normal 0.0490493 -0.998796 0
    outer loop
      vertex 198.69 0.0240631 1.2
      vertex 198.2 0 0
      vertex 198.69 0.0240631 0
    endloop
  endfacet
  facet normal 0.0489044 0.998803 -0
    outer loop
      vertex 19.75 16.75 0
      vertex 19.4559 16.7644 1.2
      vertex 19.75 16.75 1.2
    endloop
  endfacet
  facet normal 0.0489044 0.998803 0
    outer loop
      vertex 19.4559 16.7644 1.2
      vertex 19.75 16.75 0
      vertex 19.4559 16.7644 0
    endloop
  endfacet
  facet normal 0.146746 0.989174 -0
    outer loop
      vertex 19.4559 16.7644 0
      vertex 19.1647 16.8076 1.2
      vertex 19.4559 16.7644 1.2
    endloop
  endfacet
  facet normal 0.146746 0.989174 0
    outer loop
      vertex 19.1647 16.8076 1.2
      vertex 19.4559 16.7644 0
      vertex 19.1647 16.8076 0
    endloop
  endfacet
  facet normal 0.243175 0.969982 -0
    outer loop
      vertex 19.1647 16.8076 0
      vertex 18.8791 16.8792 1.2
      vertex 19.1647 16.8076 1.2
    endloop
  endfacet
  facet normal 0.243175 0.969982 0
    outer loop
      vertex 18.8791 16.8792 1.2
      vertex 19.1647 16.8076 0
      vertex 18.8791 16.8792 0
    endloop
  endfacet
  facet normal 0.336638 0.941634 -0
    outer loop
      vertex 18.8791 16.8792 0
      vertex 18.6019 16.9783 1.2
      vertex 18.8791 16.8792 1.2
    endloop
  endfacet
  facet normal 0.336638 0.941634 0
    outer loop
      vertex 18.6019 16.9783 1.2
      vertex 18.8791 16.8792 0
      vertex 18.6019 16.9783 0
    endloop
  endfacet
  facet normal 0.427677 0.903931 -0
    outer loop
      vertex 18.6019 16.9783 0
      vertex 18.3358 17.1042 1.2
      vertex 18.6019 16.9783 1.2
    endloop
  endfacet
  facet normal 0.427677 0.903931 0
    outer loop
      vertex 18.3358 17.1042 1.2
      vertex 18.6019 16.9783 0
      vertex 18.3358 17.1042 0
    endloop
  endfacet
  facet normal 0.514246 0.857643 -0
    outer loop
      vertex 18.3358 17.1042 0
      vertex 18.0833 17.2556 1.2
      vertex 18.3358 17.1042 1.2
    endloop
  endfacet
  facet normal 0.514246 0.857643 0
    outer loop
      vertex 18.0833 17.2556 1.2
      vertex 18.3358 17.1042 0
      vertex 18.0833 17.2556 0
    endloop
  endfacet
  facet normal 0.595699 0.803208 -0
    outer loop
      vertex 18.0833 17.2556 0
      vertex 17.8468 17.431 1.2
      vertex 18.0833 17.2556 1.2
    endloop
  endfacet
  facet normal 0.595699 0.803208 0
    outer loop
      vertex 17.8468 17.431 1.2
      vertex 18.0833 17.2556 0
      vertex 17.8468 17.431 0
    endloop
  endfacet
  facet normal 0.671607 0.740908 -0
    outer loop
      vertex 17.8468 17.431 0
      vertex 17.6287 17.6287 1.2
      vertex 17.8468 17.431 1.2
    endloop
  endfacet
  facet normal 0.671607 0.740908 0
    outer loop
      vertex 17.6287 17.6287 1.2
      vertex 17.8468 17.431 0
      vertex 17.6287 17.6287 0
    endloop
  endfacet
  facet normal 0.740908 0.671607 0
    outer loop
      vertex 17.6287 17.6287 1.2
      vertex 17.431 17.8468 0
      vertex 17.431 17.8468 1.2
    endloop
  endfacet
  facet normal 0.740908 0.671607 0
    outer loop
      vertex 17.431 17.8468 0
      vertex 17.6287 17.6287 1.2
      vertex 17.6287 17.6287 0
    endloop
  endfacet
  facet normal 0.803208 0.595699 0
    outer loop
      vertex 17.431 17.8468 1.2
      vertex 17.2556 18.0833 0
      vertex 17.2556 18.0833 1.2
    endloop
  endfacet
  facet normal 0.803208 0.595699 0
    outer loop
      vertex 17.2556 18.0833 0
      vertex 17.431 17.8468 1.2
      vertex 17.431 17.8468 0
    endloop
  endfacet
  facet normal 0.857643 0.514246 0
    outer loop
      vertex 17.2556 18.0833 1.2
      vertex 17.1042 18.3358 0
      vertex 17.1042 18.3358 1.2
    endloop
  endfacet
  facet normal 0.857643 0.514246 0
    outer loop
      vertex 17.1042 18.3358 0
      vertex 17.2556 18.0833 1.2
      vertex 17.2556 18.0833 0
    endloop
  endfacet
  facet normal 0.903931 0.427677 0
    outer loop
      vertex 17.1042 18.3358 1.2
      vertex 16.9783 18.6019 0
      vertex 16.9783 18.6019 1.2
    endloop
  endfacet
  facet normal 0.903931 0.427677 0
    outer loop
      vertex 16.9783 18.6019 0
      vertex 17.1042 18.3358 1.2
      vertex 17.1042 18.3358 0
    endloop
  endfacet
  facet normal 0.941634 0.336638 0
    outer loop
      vertex 16.9783 18.6019 1.2
      vertex 16.8792 18.8791 0
      vertex 16.8792 18.8791 1.2
    endloop
  endfacet
  facet normal 0.941634 0.336638 0
    outer loop
      vertex 16.8792 18.8791 0
      vertex 16.9783 18.6019 1.2
      vertex 16.9783 18.6019 0
    endloop
  endfacet
  facet normal 0.969982 0.243175 0
    outer loop
      vertex 16.8792 18.8791 1.2
      vertex 16.8076 19.1647 0
      vertex 16.8076 19.1647 1.2
    endloop
  endfacet
  facet normal 0.969982 0.243175 0
    outer loop
      vertex 16.8076 19.1647 0
      vertex 16.8792 18.8791 1.2
      vertex 16.8792 18.8791 0
    endloop
  endfacet
  facet normal 0.989174 0.146746 0
    outer loop
      vertex 16.8076 19.1647 1.2
      vertex 16.7644 19.4559 0
      vertex 16.7644 19.4559 1.2
    endloop
  endfacet
  facet normal 0.989174 0.146746 0
    outer loop
      vertex 16.7644 19.4559 0
      vertex 16.8076 19.1647 1.2
      vertex 16.8076 19.1647 0
    endloop
  endfacet
  facet normal 0.998803 0.0489044 0
    outer loop
      vertex 16.7644 19.4559 1.2
      vertex 16.75 19.75 0
      vertex 16.75 19.75 1.2
    endloop
  endfacet
  facet normal 0.998803 0.0489044 0
    outer loop
      vertex 16.75 19.75 0
      vertex 16.7644 19.4559 1.2
      vertex 16.7644 19.4559 0
    endloop
  endfacet
  facet normal 1 -0 0
    outer loop
      vertex 16.75 19.75 1.2
      vertex 16.75 183.45 0
      vertex 16.75 183.45 1.2
    endloop
  endfacet
  facet normal 1 0 0
    outer loop
      vertex 16.75 183.45 0
      vertex 16.75 19.75 1.2
      vertex 16.75 19.75 0
    endloop
  endfacet
  facet normal 0.998803 -0.0489209 0
    outer loop
      vertex 16.75 183.45 1.2
      vertex 16.7644 183.744 0
      vertex 16.7644 183.744 1.2
    endloop
  endfacet
  facet normal 0.998803 -0.0489209 0
    outer loop
      vertex 16.7644 183.744 0
      vertex 16.75 183.45 1.2
      vertex 16.75 183.45 0
    endloop
  endfacet
  facet normal 0.98916 -0.146844 0
    outer loop
      vertex 16.7644 183.744 1.2
      vertex 16.8076 184.035 0
      vertex 16.8076 184.035 1.2
    endloop
  endfacet
  facet normal 0.98916 -0.146844 0
    outer loop
      vertex 16.8076 184.035 0
      vertex 16.7644 183.744 1.2
      vertex 16.7644 183.744 0
    endloop
  endfacet
  facet normal 0.970063 -0.242855 0
    outer loop
      vertex 16.8076 184.035 1.2
      vertex 16.8792 184.321 0
      vertex 16.8792 184.321 1.2
    endloop
  endfacet
  facet normal 0.970063 -0.242855 0
    outer loop
      vertex 16.8792 184.321 0
      vertex 16.8076 184.035 1.2
      vertex 16.8076 184.035 0
    endloop
  endfacet
  facet normal 0.941557 -0.336853 0
    outer loop
      vertex 16.8792 184.321 1.2
      vertex 16.9783 184.598 0
      vertex 16.9783 184.598 1.2
    endloop
  endfacet
  facet normal 0.941557 -0.336853 0
    outer loop
      vertex 16.9783 184.598 0
      vertex 16.8792 184.321 1.2
      vertex 16.8792 184.321 0
    endloop
  endfacet
  facet normal 0.903869 -0.427809 0
    outer loop
      vertex 16.9783 184.598 1.2
      vertex 17.1042 184.864 0
      vertex 17.1042 184.864 1.2
    endloop
  endfacet
  facet normal 0.903869 -0.427809 0
    outer loop
      vertex 17.1042 184.864 0
      vertex 16.9783 184.598 1.2
      vertex 16.9783 184.598 0
    endloop
  endfacet
  facet normal 0.858091 -0.513498 0
    outer loop
      vertex 17.1042 184.864 1.2
      vertex 17.2556 185.117 0
      vertex 17.2556 185.117 1.2
    endloop
  endfacet
  facet normal 0.858091 -0.513498 0
    outer loop
      vertex 17.2556 185.117 0
      vertex 17.1042 184.864 1.2
      vertex 17.1042 184.864 0
    endloop
  endfacet
  facet normal 0.802604 -0.596512 0
    outer loop
      vertex 17.2556 185.117 1.2
      vertex 17.431 185.353 0
      vertex 17.431 185.353 1.2
    endloop
  endfacet
  facet normal 0.802604 -0.596512 0
    outer loop
      vertex 17.431 185.353 0
      vertex 17.2556 185.117 1.2
      vertex 17.2556 185.117 0
    endloop
  endfacet
  facet normal 0.740754 -0.671776 0
    outer loop
      vertex 17.431 185.353 1.2
      vertex 17.6287 185.571 0
      vertex 17.6287 185.571 1.2
    endloop
  endfacet
  facet normal 0.740754 -0.671776 0
    outer loop
      vertex 17.6287 185.571 0
      vertex 17.431 185.353 1.2
      vertex 17.431 185.353 0
    endloop
  endfacet
  facet normal 0.672166 -0.740401 0
    outer loop
      vertex 17.6287 185.571 0
      vertex 17.8468 185.769 1.2
      vertex 17.6287 185.571 1.2
    endloop
  endfacet
  facet normal 0.672166 -0.740401 0
    outer loop
      vertex 17.8468 185.769 1.2
      vertex 17.6287 185.571 0
      vertex 17.8468 185.769 0
    endloop
  endfacet
  facet normal 0.594821 -0.803858 0
    outer loop
      vertex 17.8468 185.769 0
      vertex 18.0833 185.944 1.2
      vertex 17.8468 185.769 1.2
    endloop
  endfacet
  facet normal 0.594821 -0.803858 0
    outer loop
      vertex 18.0833 185.944 1.2
      vertex 17.8468 185.769 0
      vertex 18.0833 185.944 0
    endloop
  endfacet
  facet normal 0.515743 -0.856744 0
    outer loop
      vertex 18.0833 185.944 0
      vertex 18.3358 186.096 1.2
      vertex 18.0833 185.944 1.2
    endloop
  endfacet
  facet normal 0.515743 -0.856744 0
    outer loop
      vertex 18.3358 186.096 1.2
      vertex 18.0833 185.944 0
      vertex 18.3358 186.096 0
    endloop
  endfacet
  facet normal 0.427955 -0.9038 0
    outer loop
      vertex 18.3358 186.096 0
      vertex 18.6019 186.222 1.2
      vertex 18.3358 186.096 1.2
    endloop
  endfacet
  facet normal 0.427955 -0.9038 0
    outer loop
      vertex 18.6019 186.222 1.2
      vertex 18.3358 186.096 0
      vertex 18.6019 186.222 0
    endloop
  endfacet
  facet normal 0.336336 -0.941742 0
    outer loop
      vertex 18.6019 186.222 0
      vertex 18.8791 186.321 1.2
      vertex 18.6019 186.222 1.2
    endloop
  endfacet
  facet normal 0.336336 -0.941742 0
    outer loop
      vertex 18.8791 186.321 1.2
      vertex 18.6019 186.222 0
      vertex 18.8791 186.321 0
    endloop
  endfacet
  facet normal 0.241256 -0.970461 0
    outer loop
      vertex 18.8791 186.321 0
      vertex 19.1647 186.392 1.2
      vertex 18.8791 186.321 1.2
    endloop
  endfacet
  facet normal 0.241256 -0.970461 0
    outer loop
      vertex 19.1647 186.392 1.2
      vertex 18.8791 186.321 0
      vertex 19.1647 186.392 0
    endloop
  endfacet
  facet normal 0.149403 -0.988776 0
    outer loop
      vertex 19.1647 186.392 0
      vertex 19.4559 186.436 1.2
      vertex 19.1647 186.392 1.2
    endloop
  endfacet
  facet normal 0.149403 -0.988776 0
    outer loop
      vertex 19.4559 186.436 1.2
      vertex 19.1647 186.392 0
      vertex 19.4559 186.436 0
    endloop
  endfacet
  facet normal 0.047549 -0.998869 0
    outer loop
      vertex 19.4559 186.436 0
      vertex 19.75 186.45 1.2
      vertex 19.4559 186.436 1.2
    endloop
  endfacet
  facet normal 0.047549 -0.998869 0
    outer loop
      vertex 19.75 186.45 1.2
      vertex 19.4559 186.436 0
      vertex 19.75 186.45 0
    endloop
  endfacet
  facet normal 0 -1 0
    outer loop
      vertex 19.75 186.45 0
      vertex 183.45 186.45 1.2
      vertex 19.75 186.45 1.2
    endloop
  endfacet
  facet normal 0 -1 -0
    outer loop
      vertex 183.45 186.45 1.2
      vertex 19.75 186.45 0
      vertex 183.45 186.45 0
    endloop
  endfacet
  facet normal -0.0475651 -0.998868 0
    outer loop
      vertex 183.45 186.45 0
      vertex 183.744 186.436 1.2
      vertex 183.45 186.45 1.2
    endloop
  endfacet
  facet normal -0.0475651 -0.998868 -0
    outer loop
      vertex 183.744 186.436 1.2
      vertex 183.45 186.45 0
      vertex 183.744 186.436 0
    endloop
  endfacet
  facet normal -0.149503 -0.988761 0
    outer loop
      vertex 183.744 186.436 0
      vertex 184.035 186.392 1.2
      vertex 183.744 186.436 1.2
    endloop
  endfacet
  facet normal -0.149503 -0.988761 -0
    outer loop
      vertex 184.035 186.392 1.2
      vertex 183.744 186.436 0
      vertex 184.035 186.392 0
    endloop
  endfacet
  facet normal -0.240938 -0.97054 0
    outer loop
      vertex 184.035 186.392 0
      vertex 184.321 186.321 1.2
      vertex 184.035 186.392 1.2
    endloop
  endfacet
  facet normal -0.240938 -0.97054 -0
    outer loop
      vertex 184.321 186.321 1.2
      vertex 184.035 186.392 0
      vertex 184.321 186.321 0
    endloop
  endfacet
  facet normal -0.336552 -0.941665 0
    outer loop
      vertex 184.321 186.321 0
      vertex 184.598 186.222 1.2
      vertex 184.321 186.321 1.2
    endloop
  endfacet
  facet normal -0.336552 -0.941665 -0
    outer loop
      vertex 184.598 186.222 1.2
      vertex 184.321 186.321 0
      vertex 184.598 186.222 0
    endloop
  endfacet
  facet normal -0.428086 -0.903738 0
    outer loop
      vertex 184.598 186.222 0
      vertex 184.864 186.096 1.2
      vertex 184.598 186.222 1.2
    endloop
  endfacet
  facet normal -0.428086 -0.903738 -0
    outer loop
      vertex 184.864 186.096 1.2
      vertex 184.598 186.222 0
      vertex 184.864 186.096 0
    endloop
  endfacet
  facet normal -0.514994 -0.857194 0
    outer loop
      vertex 184.864 186.096 0
      vertex 185.117 185.944 1.2
      vertex 184.864 186.096 1.2
    endloop
  endfacet
  facet normal -0.514994 -0.857194 -0
    outer loop
      vertex 185.117 185.944 1.2
      vertex 184.864 186.096 0
      vertex 185.117 185.944 0
    endloop
  endfacet
  facet normal -0.595634 -0.803256 0
    outer loop
      vertex 185.117 185.944 0
      vertex 185.353 185.769 1.2
      vertex 185.117 185.944 1.2
    endloop
  endfacet
  facet normal -0.595634 -0.803256 -0
    outer loop
      vertex 185.353 185.769 1.2
      vertex 185.117 185.944 0
      vertex 185.353 185.769 0
    endloop
  endfacet
  facet normal -0.672335 -0.740247 0
    outer loop
      vertex 185.353 185.769 0
      vertex 185.571 185.571 1.2
      vertex 185.353 185.769 1.2
    endloop
  endfacet
  facet normal -0.672335 -0.740247 -0
    outer loop
      vertex 185.571 185.571 1.2
      vertex 185.353 185.769 0
      vertex 185.571 185.571 0
    endloop
  endfacet
  facet normal -0.740247 -0.672335 0
    outer loop
      vertex 185.769 185.353 0
      vertex 185.571 185.571 1.2
      vertex 185.571 185.571 0
    endloop
  endfacet
  facet normal -0.740247 -0.672335 0
    outer loop
      vertex 185.571 185.571 1.2
      vertex 185.769 185.353 0
      vertex 185.769 185.353 1.2
    endloop
  endfacet
  facet normal -0.803256 -0.595634 0
    outer loop
      vertex 185.944 185.117 0
      vertex 185.769 185.353 1.2
      vertex 185.769 185.353 0
    endloop
  endfacet
  facet normal -0.803256 -0.595634 0
    outer loop
      vertex 185.769 185.353 1.2
      vertex 185.944 185.117 0
      vertex 185.944 185.117 1.2
    endloop
  endfacet
  facet normal -0.857194 -0.514994 0
    outer loop
      vertex 186.096 184.864 0
      vertex 185.944 185.117 1.2
      vertex 185.944 185.117 0
    endloop
  endfacet
  facet normal -0.857194 -0.514994 0
    outer loop
      vertex 185.944 185.117 1.2
      vertex 186.096 184.864 0
      vertex 186.096 184.864 1.2
    endloop
  endfacet
  facet normal -0.903738 -0.428086 0
    outer loop
      vertex 186.222 184.598 0
      vertex 186.096 184.864 1.2
      vertex 186.096 184.864 0
    endloop
  endfacet
  facet normal -0.903738 -0.428086 0
    outer loop
      vertex 186.096 184.864 1.2
      vertex 186.222 184.598 0
      vertex 186.222 184.598 1.2
    endloop
  endfacet
  facet normal -0.941665 -0.336552 0
    outer loop
      vertex 186.321 184.321 0
      vertex 186.222 184.598 1.2
      vertex 186.222 184.598 0
    endloop
  endfacet
  facet normal -0.941665 -0.336552 0
    outer loop
      vertex 186.222 184.598 1.2
      vertex 186.321 184.321 0
      vertex 186.321 184.321 1.2
    endloop
  endfacet
  facet normal -0.97054 -0.240938 0
    outer loop
      vertex 186.392 184.035 0
      vertex 186.321 184.321 1.2
      vertex 186.321 184.321 0
    endloop
  endfacet
  facet normal -0.97054 -0.240938 0
    outer loop
      vertex 186.321 184.321 1.2
      vertex 186.392 184.035 0
      vertex 186.392 184.035 1.2
    endloop
  endfacet
  facet normal -0.988761 -0.149503 0
    outer loop
      vertex 186.436 183.744 0
      vertex 186.392 184.035 1.2
      vertex 186.392 184.035 0
    endloop
  endfacet
  facet normal -0.988761 -0.149503 0
    outer loop
      vertex 186.392 184.035 1.2
      vertex 186.436 183.744 0
      vertex 186.436 183.744 1.2
    endloop
  endfacet
  facet normal -0.998868 -0.0475651 0
    outer loop
      vertex 186.45 183.45 0
      vertex 186.436 183.744 1.2
      vertex 186.436 183.744 0
    endloop
  endfacet
  facet normal -0.998868 -0.0475651 0
    outer loop
      vertex 186.436 183.744 1.2
      vertex 186.45 183.45 0
      vertex 186.45 183.45 1.2
    endloop
  endfacet
  facet normal -1 0 0
    outer loop
      vertex 186.45 19.75 0
      vertex 186.45 183.45 1.2
      vertex 186.45 183.45 0
    endloop
  endfacet
  facet normal -1 -0 0
    outer loop
      vertex 186.45 183.45 1.2
      vertex 186.45 19.75 0
      vertex 186.45 19.75 1.2
    endloop
  endfacet
  facet normal -0.998869 0.047549 0
    outer loop
      vertex 186.436 19.4559 0
      vertex 186.45 19.75 1.2
      vertex 186.45 19.75 0
    endloop
  endfacet
  facet normal -0.998869 0.047549 0
    outer loop
      vertex 186.45 19.75 1.2
      vertex 186.436 19.4559 0
      vertex 186.436 19.4559 1.2
    endloop
  endfacet
  facet normal -0.988776 0.149403 0
    outer loop
      vertex 186.392 19.1647 0
      vertex 186.436 19.4559 1.2
      vertex 186.436 19.4559 0
    endloop
  endfacet
  facet normal -0.988776 0.149403 0
    outer loop
      vertex 186.436 19.4559 1.2
      vertex 186.392 19.1647 0
      vertex 186.392 19.1647 1.2
    endloop
  endfacet
  facet normal -0.970461 0.241256 0
    outer loop
      vertex 186.321 18.8791 0
      vertex 186.392 19.1647 1.2
      vertex 186.392 19.1647 0
    endloop
  endfacet
  facet normal -0.970461 0.241256 0
    outer loop
      vertex 186.392 19.1647 1.2
      vertex 186.321 18.8791 0
      vertex 186.321 18.8791 1.2
    endloop
  endfacet
  facet normal -0.941742 0.336336 0
    outer loop
      vertex 186.222 18.6019 0
      vertex 186.321 18.8791 1.2
      vertex 186.321 18.8791 0
    endloop
  endfacet
  facet normal -0.941742 0.336336 0
    outer loop
      vertex 186.321 18.8791 1.2
      vertex 186.222 18.6019 0
      vertex 186.222 18.6019 1.2
    endloop
  endfacet
  facet normal -0.9038 0.427955 0
    outer loop
      vertex 186.096 18.3358 0
      vertex 186.222 18.6019 1.2
      vertex 186.222 18.6019 0
    endloop
  endfacet
  facet normal -0.9038 0.427955 0
    outer loop
      vertex 186.222 18.6019 1.2
      vertex 186.096 18.3358 0
      vertex 186.096 18.3358 1.2
    endloop
  endfacet
  facet normal -0.856744 0.515743 0
    outer loop
      vertex 185.944 18.0833 0
      vertex 186.096 18.3358 1.2
      vertex 186.096 18.3358 0
    endloop
  endfacet
  facet normal -0.856744 0.515743 0
    outer loop
      vertex 186.096 18.3358 1.2
      vertex 185.944 18.0833 0
      vertex 185.944 18.0833 1.2
    endloop
  endfacet
  facet normal -0.803858 0.594821 0
    outer loop
      vertex 185.769 17.8468 0
      vertex 185.944 18.0833 1.2
      vertex 185.944 18.0833 0
    endloop
  endfacet
  facet normal -0.803858 0.594821 0
    outer loop
      vertex 185.944 18.0833 1.2
      vertex 185.769 17.8468 0
      vertex 185.769 17.8468 1.2
    endloop
  endfacet
  facet normal -0.740401 0.672166 0
    outer loop
      vertex 185.571 17.6287 0
      vertex 185.769 17.8468 1.2
      vertex 185.769 17.8468 0
    endloop
  endfacet
  facet normal -0.740401 0.672166 0
    outer loop
      vertex 185.769 17.8468 1.2
      vertex 185.571 17.6287 0
      vertex 185.571 17.6287 1.2
    endloop
  endfacet
  facet normal -0.671776 0.740754 0
    outer loop
      vertex 185.571 17.6287 0
      vertex 185.353 17.431 1.2
      vertex 185.571 17.6287 1.2
    endloop
  endfacet
  facet normal -0.671776 0.740754 0
    outer loop
      vertex 185.353 17.431 1.2
      vertex 185.571 17.6287 0
      vertex 185.353 17.431 0
    endloop
  endfacet
  facet normal -0.596512 0.802604 0
    outer loop
      vertex 185.353 17.431 0
      vertex 185.117 17.2556 1.2
      vertex 185.353 17.431 1.2
    endloop
  endfacet
  facet normal -0.596512 0.802604 0
    outer loop
      vertex 185.117 17.2556 1.2
      vertex 185.353 17.431 0
      vertex 185.117 17.2556 0
    endloop
  endfacet
  facet normal -0.513498 0.858091 0
    outer loop
      vertex 185.117 17.2556 0
      vertex 184.864 17.1042 1.2
      vertex 185.117 17.2556 1.2
    endloop
  endfacet
  facet normal -0.513498 0.858091 0
    outer loop
      vertex 184.864 17.1042 1.2
      vertex 185.117 17.2556 0
      vertex 184.864 17.1042 0
    endloop
  endfacet
  facet normal -0.427809 0.903869 0
    outer loop
      vertex 184.864 17.1042 0
      vertex 184.598 16.9783 1.2
      vertex 184.864 17.1042 1.2
    endloop
  endfacet
  facet normal -0.427809 0.903869 0
    outer loop
      vertex 184.598 16.9783 1.2
      vertex 184.864 17.1042 0
      vertex 184.598 16.9783 0
    endloop
  endfacet
  facet normal -0.336853 0.941557 0
    outer loop
      vertex 184.598 16.9783 0
      vertex 184.321 16.8792 1.2
      vertex 184.598 16.9783 1.2
    endloop
  endfacet
  facet normal -0.336853 0.941557 0
    outer loop
      vertex 184.321 16.8792 1.2
      vertex 184.598 16.9783 0
      vertex 184.321 16.8792 0
    endloop
  endfacet
  facet normal -0.242855 0.970063 0
    outer loop
      vertex 184.321 16.8792 0
      vertex 184.035 16.8076 1.2
      vertex 184.321 16.8792 1.2
    endloop
  endfacet
  facet normal -0.242855 0.970063 0
    outer loop
      vertex 184.035 16.8076 1.2
      vertex 184.321 16.8792 0
      vertex 184.035 16.8076 0
    endloop
  endfacet
  facet normal -0.146844 0.98916 0
    outer loop
      vertex 184.035 16.8076 0
      vertex 183.744 16.7644 1.2
      vertex 184.035 16.8076 1.2
    endloop
  endfacet
  facet normal -0.146844 0.98916 0
    outer loop
      vertex 183.744 16.7644 1.2
      vertex 184.035 16.8076 0
      vertex 183.744 16.7644 0
    endloop
  endfacet
  facet normal -0.0489209 0.998803 0
    outer loop
      vertex 183.744 16.7644 0
      vertex 183.45 16.75 1.2
      vertex 183.744 16.7644 1.2
    endloop
  endfacet
  facet normal -0.0489209 0.998803 0
    outer loop
      vertex 183.45 16.75 1.2
      vertex 183.744 16.7644 0
      vertex 183.45 16.75 0
    endloop
  endfacet
  facet normal 0 1 -0
    outer loop
      vertex 183.45 16.75 0
      vertex 19.75 16.75 1.2
      vertex 183.45 16.75 1.2
    endloop
  endfacet
  facet normal 0 1 0
    outer loop
      vertex 19.75 16.75 1.2
      vertex 183.45 16.75 0
      vertex 19.75 16.75 0
    endloop
  endfacet
endsolid OpenSCAD_Model
