solid OpenSCAD_Model
  facet normal -0.555362 -0.831609 0
    outer loop
      vertex 11.3 19.3856 0
      vertex 11.474 19.2694 0.799999
      vertex 11.3 19.3856 0.799999
    endloop
  endfacet
  facet normal -0.555362 -0.831609 -0
    outer loop
      vertex 11.474 19.2694 0.799999
      vertex 11.3 19.3856 0
      vertex 11.474 19.2694 0
    endloop
  endfacet
  facet normal 0.980791 -0.195059 0
    outer loop
      vertex 8.91369 18.2088 0.799999
      vertex 8.95452 18.4141 0
      vertex 8.95452 18.4141 0.799999
    endloop
  endfacet
  facet normal 0.980791 -0.195059 0
    outer loop
      vertex 8.95452 18.4141 0
      vertex 8.91369 18.2088 0.799999
      vertex 8.91369 18.2088 0
    endloop
  endfacet
  facet normal -0.980819 0.194922 0
    outer loop
      vertex 12.0455 17.5859 0
      vertex 12.0863 17.7912 0.799999
      vertex 12.0863 17.7912 0
    endloop
  endfacet
  facet normal -0.980819 0.194922 0
    outer loop
      vertex 12.0863 17.7912 0.799999
      vertex 12.0455 17.5859 0
      vertex 12.0455 17.5859 0.799999
    endloop
  endfacet
  facet normal 0.194922 0.980819 -0
    outer loop
      vertex 10.2912 16.4137 0
      vertex 10.0859 16.4545 0.799999
      vertex 10.2912 16.4137 0.799999
    endloop
  endfacet
  facet normal 0.194922 0.980819 0
    outer loop
      vertex 10.0859 16.4545 0.799999
      vertex 10.2912 16.4137 0
      vertex 10.0859 16.4545 0
    endloop
  endfacet
  facet normal -0.442429 -0.896803 0
    outer loop
      vertex 11.1123 19.4782 0
      vertex 11.3 19.3856 0.799999
      vertex 11.1123 19.4782 0.799999
    endloop
  endfacet
  facet normal -0.442429 -0.896803 -0
    outer loop
      vertex 11.3 19.3856 0.799999
      vertex 11.1123 19.4782 0
      vertex 11.3 19.3856 0
    endloop
  endfacet
  facet normal 0.44241 -0.896813 0
    outer loop
      vertex 9.7 19.3856 0
      vertex 9.88771 19.4782 0.799999
      vertex 9.7 19.3856 0.799999
    endloop
  endfacet
  facet normal 0.44241 -0.896813 0
    outer loop
      vertex 9.88771 19.4782 0.799999
      vertex 9.7 19.3856 0
      vertex 9.88771 19.4782 0
    endloop
  endfacet
  facet normal 0.946944 -0.321397 0
    outer loop
      vertex 8.95452 18.4141 0.799999
      vertex 9.02179 18.6123 0
      vertex 9.02179 18.6123 0.799999
    endloop
  endfacet
  facet normal 0.946944 -0.321397 0
    outer loop
      vertex 9.02179 18.6123 0
      vertex 8.95452 18.4141 0.799999
      vertex 8.95452 18.4141 0
    endloop
  endfacet
  facet normal 0.831454 0.555593 0
    outer loop
      vertex 9.23063 17.026 0.799999
      vertex 9.11436 17.2 0
      vertex 9.11436 17.2 0.799999
    endloop
  endfacet
  facet normal 0.831454 0.555593 0
    outer loop
      vertex 9.11436 17.2 0
      vertex 9.23063 17.026 0.799999
      vertex 9.23063 17.026 0
    endloop
  endfacet
  facet normal -0.946901 -0.321526 0
    outer loop
      vertex 12.0455 18.4141 0
      vertex 11.9782 18.6123 0.799999
      vertex 11.9782 18.6123 0
    endloop
  endfacet
  facet normal -0.946901 -0.321526 0
    outer loop
      vertex 11.9782 18.6123 0.799999
      vertex 12.0455 18.4141 0
      vertex 12.0455 18.4141 0.799999
    endloop
  endfacet
  facet normal -0.896803 -0.442429 0
    outer loop
      vertex 11.9782 18.6123 0
      vertex 11.8856 18.8 0.799999
      vertex 11.8856 18.8 0
    endloop
  endfacet
  facet normal -0.896803 -0.442429 0
    outer loop
      vertex 11.8856 18.8 0.799999
      vertex 11.9782 18.6123 0
      vertex 11.9782 18.6123 0.799999
    endloop
  endfacet
  facet normal -0.831609 -0.555362 0
    outer loop
      vertex 11.8856 18.8 0
      vertex 11.7694 18.974 0.799999
      vertex 11.7694 18.974 0
    endloop
  endfacet
  facet normal -0.831609 -0.555362 0
    outer loop
      vertex 11.7694 18.974 0.799999
      vertex 11.8856 18.8 0
      vertex 11.8856 18.8 0.799999
    endloop
  endfacet
  facet normal -0.751925 -0.659248 0
    outer loop
      vertex 11.7694 18.974 0
      vertex 11.6314 19.1314 0.799999
      vertex 11.6314 19.1314 0
    endloop
  endfacet
  facet normal -0.751925 -0.659248 0
    outer loop
      vertex 11.6314 19.1314 0.799999
      vertex 11.7694 18.974 0
      vertex 11.7694 18.974 0.799999
    endloop
  endfacet
  facet normal -0.321526 -0.946901 0
    outer loop
      vertex 10.9141 19.5455 0
      vertex 11.1123 19.4782 0.799999
      vertex 10.9141 19.5455 0.799999
    endloop
  endfacet
  facet normal -0.321526 -0.946901 -0
    outer loop
      vertex 11.1123 19.4782 0.799999
      vertex 10.9141 19.5455 0
      vertex 11.1123 19.4782 0
    endloop
  endfacet
  facet normal -0.194922 -0.980819 0
    outer loop
      vertex 10.7088 19.5863 0
      vertex 10.9141 19.5455 0.799999
      vertex 10.7088 19.5863 0.799999
    endloop
  endfacet
  facet normal -0.194922 -0.980819 -0
    outer loop
      vertex 10.9141 19.5455 0.799999
      vertex 10.7088 19.5863 0
      vertex 10.9141 19.5455 0
    endloop
  endfacet
  facet normal 0.997858 0.0654247 0
    outer loop
      vertex 8.91369 17.7912 0.799999
      vertex 8.9 18 0
      vertex 8.9 18 0.799999
    endloop
  endfacet
  facet normal 0.997858 0.0654247 0
    outer loop
      vertex 8.9 18 0
      vertex 8.91369 17.7912 0.799999
      vertex 8.91369 17.7912 0
    endloop
  endfacet
  facet normal 0.831454 -0.555593 0
    outer loop
      vertex 9.11436 18.8 0.799999
      vertex 9.23063 18.974 0
      vertex 9.23063 18.974 0.799999
    endloop
  endfacet
  facet normal 0.831454 -0.555593 0
    outer loop
      vertex 9.23063 18.974 0
      vertex 9.11436 18.8 0.799999
      vertex 9.11436 18.8 0
    endloop
  endfacet
  facet normal 0.555318 -0.831638 0
    outer loop
      vertex 9.52598 19.2694 0
      vertex 9.7 19.3856 0.799999
      vertex 9.52598 19.2694 0.799999
    endloop
  endfacet
  facet normal 0.555318 -0.831638 0
    outer loop
      vertex 9.7 19.3856 0.799999
      vertex 9.52598 19.2694 0
      vertex 9.7 19.3856 0
    endloop
  endfacet
  facet normal 0.659367 -0.751821 0
    outer loop
      vertex 9.36863 19.1314 0
      vertex 9.52598 19.2694 0.799999
      vertex 9.36863 19.1314 0.799999
    endloop
  endfacet
  facet normal 0.659367 -0.751821 0
    outer loop
      vertex 9.52598 19.2694 0.799999
      vertex 9.36863 19.1314 0
      vertex 9.52598 19.2694 0
    endloop
  endfacet
  facet normal -0.997854 0.0654722 0
    outer loop
      vertex 12.0863 17.7912 0
      vertex 12.1 18 0.799999
      vertex 12.1 18 0
    endloop
  endfacet
  facet normal -0.997854 0.0654722 0
    outer loop
      vertex 12.1 18 0.799999
      vertex 12.0863 17.7912 0
      vertex 12.0863 17.7912 0.799999
    endloop
  endfacet
  facet normal -0.442429 0.896803 0
    outer loop
      vertex 11.3 16.6144 0
      vertex 11.1123 16.5218 0.799999
      vertex 11.3 16.6144 0.799999
    endloop
  endfacet
  facet normal -0.442429 0.896803 0
    outer loop
      vertex 11.1123 16.5218 0.799999
      vertex 11.3 16.6144 0
      vertex 11.1123 16.5218 0
    endloop
  endfacet
  facet normal -0.831609 0.555362 0
    outer loop
      vertex 11.7694 17.026 0
      vertex 11.8856 17.2 0.799999
      vertex 11.8856 17.2 0
    endloop
  endfacet
  facet normal -0.831609 0.555362 0
    outer loop
      vertex 11.8856 17.2 0.799999
      vertex 11.7694 17.026 0
      vertex 11.7694 17.026 0.799999
    endloop
  endfacet
  facet normal -0.751925 0.659248 0
    outer loop
      vertex 11.6314 16.8686 0
      vertex 11.7694 17.026 0.799999
      vertex 11.7694 17.026 0
    endloop
  endfacet
  facet normal -0.751925 0.659248 0
    outer loop
      vertex 11.7694 17.026 0.799999
      vertex 11.6314 16.8686 0
      vertex 11.6314 16.8686 0.799999
    endloop
  endfacet
  facet normal -0.555362 0.831609 0
    outer loop
      vertex 11.474 16.7306 0
      vertex 11.3 16.6144 0.799999
      vertex 11.474 16.7306 0.799999
    endloop
  endfacet
  facet normal -0.555362 0.831609 0
    outer loop
      vertex 11.3 16.6144 0.799999
      vertex 11.474 16.7306 0
      vertex 11.3 16.6144 0
    endloop
  endfacet
  facet normal 0.44241 0.896813 -0
    outer loop
      vertex 9.88771 16.5218 0
      vertex 9.7 16.6144 0.799999
      vertex 9.88771 16.5218 0.799999
    endloop
  endfacet
  facet normal 0.44241 0.896813 0
    outer loop
      vertex 9.7 16.6144 0.799999
      vertex 9.88771 16.5218 0
      vertex 9.7 16.6144 0
    endloop
  endfacet
  facet normal 0.32154 0.946896 -0
    outer loop
      vertex 10.0859 16.4545 0
      vertex 9.88771 16.5218 0.799999
      vertex 10.0859 16.4545 0.799999
    endloop
  endfacet
  facet normal 0.32154 0.946896 0
    outer loop
      vertex 9.88771 16.5218 0.799999
      vertex 10.0859 16.4545 0
      vertex 9.88771 16.5218 0
    endloop
  endfacet
  facet normal 0.946944 0.321397 0
    outer loop
      vertex 9.02179 17.3877 0.799999
      vertex 8.95452 17.5859 0
      vertex 8.95452 17.5859 0.799999
    endloop
  endfacet
  facet normal 0.946944 0.321397 0
    outer loop
      vertex 8.95452 17.5859 0
      vertex 9.02179 17.3877 0.799999
      vertex 9.02179 17.3877 0
    endloop
  endfacet
  facet normal -0.980819 -0.194922 0
    outer loop
      vertex 12.0863 18.2088 0
      vertex 12.0455 18.4141 0.799999
      vertex 12.0455 18.4141 0
    endloop
  endfacet
  facet normal -0.980819 -0.194922 0
    outer loop
      vertex 12.0455 18.4141 0.799999
      vertex 12.0863 18.2088 0
      vertex 12.0863 18.2088 0.799999
    endloop
  endfacet
  facet normal -0.659248 -0.751925 0
    outer loop
      vertex 11.474 19.2694 0
      vertex 11.6314 19.1314 0.799999
      vertex 11.474 19.2694 0.799999
    endloop
  endfacet
  facet normal -0.659248 -0.751925 -0
    outer loop
      vertex 11.6314 19.1314 0.799999
      vertex 11.474 19.2694 0
      vertex 11.6314 19.1314 0
    endloop
  endfacet
  facet normal 0.0654722 -0.997854 0
    outer loop
      vertex 10.2912 19.5863 0
      vertex 10.5 19.6 0.799999
      vertex 10.2912 19.5863 0.799999
    endloop
  endfacet
  facet normal 0.0654722 -0.997854 0
    outer loop
      vertex 10.5 19.6 0.799999
      vertex 10.2912 19.5863 0
      vertex 10.5 19.6 0
    endloop
  endfacet
  facet normal 0.89686 -0.442314 0
    outer loop
      vertex 9.02179 18.6123 0.799999
      vertex 9.11436 18.8 0
      vertex 9.11436 18.8 0.799999
    endloop
  endfacet
  facet normal 0.89686 -0.442314 0
    outer loop
      vertex 9.11436 18.8 0
      vertex 9.02179 18.6123 0.799999
      vertex 9.02179 18.6123 0
    endloop
  endfacet
  facet normal 0.194922 -0.980819 0
    outer loop
      vertex 10.0859 19.5455 0
      vertex 10.2912 19.5863 0.799999
      vertex 10.0859 19.5455 0.799999
    endloop
  endfacet
  facet normal 0.194922 -0.980819 0
    outer loop
      vertex 10.2912 19.5863 0.799999
      vertex 10.0859 19.5455 0
      vertex 10.2912 19.5863 0
    endloop
  endfacet
  facet normal 0.32154 -0.946896 0
    outer loop
      vertex 9.88771 19.4782 0
      vertex 10.0859 19.5455 0.799999
      vertex 9.88771 19.4782 0.799999
    endloop
  endfacet
  facet normal 0.32154 -0.946896 0
    outer loop
      vertex 10.0859 19.5455 0.799999
      vertex 9.88771 19.4782 0
      vertex 10.0859 19.5455 0
    endloop
  endfacet
  facet normal 0.751925 -0.659248 0
    outer loop
      vertex 9.23063 18.974 0.799999
      vertex 9.36863 19.1314 0
      vertex 9.36863 19.1314 0.799999
    endloop
  endfacet
  facet normal 0.751925 -0.659248 0
    outer loop
      vertex 9.36863 19.1314 0
      vertex 9.23063 18.974 0.799999
      vertex 9.23063 18.974 0
    endloop
  endfacet
  facet normal -0.997854 -0.0654722 0
    outer loop
      vertex 12.1 18 0
      vertex 12.0863 18.2088 0.799999
      vertex 12.0863 18.2088 0
    endloop
  endfacet
  facet normal -0.997854 -0.0654722 0
    outer loop
      vertex 12.0863 18.2088 0.799999
      vertex 12.1 18 0
      vertex 12.1 18 0.799999
    endloop
  endfacet
  facet normal -0.194922 0.980819 0
    outer loop
      vertex 10.9141 16.4545 0
      vertex 10.7088 16.4137 0.799999
      vertex 10.9141 16.4545 0.799999
    endloop
  endfacet
  facet normal -0.194922 0.980819 0
    outer loop
      vertex 10.7088 16.4137 0.799999
      vertex 10.9141 16.4545 0
      vertex 10.7088 16.4137 0
    endloop
  endfacet
  facet normal -0.321526 0.946901 0
    outer loop
      vertex 11.1123 16.5218 0
      vertex 10.9141 16.4545 0.799999
      vertex 11.1123 16.5218 0.799999
    endloop
  endfacet
  facet normal -0.321526 0.946901 0
    outer loop
      vertex 10.9141 16.4545 0.799999
      vertex 11.1123 16.5218 0
      vertex 10.9141 16.4545 0
    endloop
  endfacet
  facet normal -0.659248 0.751925 0
    outer loop
      vertex 11.6314 16.8686 0
      vertex 11.474 16.7306 0.799999
      vertex 11.6314 16.8686 0.799999
    endloop
  endfacet
  facet normal -0.659248 0.751925 0
    outer loop
      vertex 11.474 16.7306 0.799999
      vertex 11.6314 16.8686 0
      vertex 11.474 16.7306 0
    endloop
  endfacet
  facet normal -0.946901 0.321526 0
    outer loop
      vertex 11.9782 17.3877 0
      vertex 12.0455 17.5859 0.799999
      vertex 12.0455 17.5859 0
    endloop
  endfacet
  facet normal -0.946901 0.321526 0
    outer loop
      vertex 12.0455 17.5859 0.799999
      vertex 11.9782 17.3877 0
      vertex 11.9782 17.3877 0.799999
    endloop
  endfacet
  facet normal -0.896803 0.442429 0
    outer loop
      vertex 11.8856 17.2 0
      vertex 11.9782 17.3877 0.799999
      vertex 11.9782 17.3877 0
    endloop
  endfacet
  facet normal -0.896803 0.442429 0
    outer loop
      vertex 11.9782 17.3877 0.799999
      vertex 11.8856 17.2 0
      vertex 11.8856 17.2 0.799999
    endloop
  endfacet
  facet normal 0.0654722 0.997854 -0
    outer loop
      vertex 10.5 16.4 0
      vertex 10.2912 16.4137 0.799999
      vertex 10.5 16.4 0.799999
    endloop
  endfacet
  facet normal 0.0654722 0.997854 0
    outer loop
      vertex 10.2912 16.4137 0.799999
      vertex 10.5 16.4 0
      vertex 10.2912 16.4137 0
    endloop
  endfacet
  facet normal -0.0654722 0.997854 0
    outer loop
      vertex 10.7088 16.4137 0
      vertex 10.5 16.4 0.799999
      vertex 10.7088 16.4137 0.799999
    endloop
  endfacet
  facet normal -0.0654722 0.997854 0
    outer loop
      vertex 10.5 16.4 0.799999
      vertex 10.7088 16.4137 0
      vertex 10.5 16.4 0
    endloop
  endfacet
  facet normal 0.555318 0.831638 -0
    outer loop
      vertex 9.7 16.6144 0
      vertex 9.52598 16.7306 0.799999
      vertex 9.7 16.6144 0.799999
    endloop
  endfacet
  facet normal 0.555318 0.831638 0
    outer loop
      vertex 9.52598 16.7306 0.799999
      vertex 9.7 16.6144 0
      vertex 9.52598 16.7306 0
    endloop
  endfacet
  facet normal 0.89686 0.442314 0
    outer loop
      vertex 9.11436 17.2 0.799999
      vertex 9.02179 17.3877 0
      vertex 9.02179 17.3877 0.799999
    endloop
  endfacet
  facet normal 0.89686 0.442314 0
    outer loop
      vertex 9.02179 17.3877 0
      vertex 9.11436 17.2 0.799999
      vertex 9.11436 17.2 0
    endloop
  endfacet
  facet normal 0.980791 0.195059 0
    outer loop
      vertex 8.95452 17.5859 0.799999
      vertex 8.91369 17.7912 0
      vertex 8.91369 17.7912 0.799999
    endloop
  endfacet
  facet normal 0.980791 0.195059 0
    outer loop
      vertex 8.91369 17.7912 0
      vertex 8.95452 17.5859 0.799999
      vertex 8.95452 17.5859 0
    endloop
  endfacet
  facet normal 0.751925 0.659248 0
    outer loop
      vertex 9.36863 16.8686 0.799999
      vertex 9.23063 17.026 0
      vertex 9.23063 17.026 0.799999
    endloop
  endfacet
  facet normal 0.751925 0.659248 0
    outer loop
      vertex 9.23063 17.026 0
      vertex 9.36863 16.8686 0.799999
      vertex 9.36863 16.8686 0
    endloop
  endfacet
  facet normal 0.659367 0.751821 -0
    outer loop
      vertex 9.52598 16.7306 0
      vertex 9.36863 16.8686 0.799999
      vertex 9.52598 16.7306 0.799999
    endloop
  endfacet
  facet normal 0.659367 0.751821 0
    outer loop
      vertex 9.36863 16.8686 0.799999
      vertex 9.52598 16.7306 0
      vertex 9.36863 16.8686 0
    endloop
  endfacet
  facet normal -0.0654722 -0.997854 0
    outer loop
      vertex 10.5 19.6 0
      vertex 10.7088 19.5863 0.799999
      vertex 10.5 19.6 0.799999
    endloop
  endfacet
  facet normal -0.0654722 -0.997854 -0
    outer loop
      vertex 10.7088 19.5863 0.799999
      vertex 10.5 19.6 0
      vertex 10.7088 19.5863 0
    endloop
  endfacet
  facet normal 0.997858 -0.0654247 0
    outer loop
      vertex 8.9 18 0.799999
      vertex 8.91369 18.2088 0
      vertex 8.91369 18.2088 0.799999
    endloop
  endfacet
  facet normal 0.997858 -0.0654247 0
    outer loop
      vertex 8.91369 18.2088 0
      vertex 8.9 18 0.799999
      vertex 8.9 18 0
    endloop
  endfacet
  facet normal -0.557998 -0.829843 0
    outer loop
      vertex 11.3 202.586 0
      vertex 11.474 202.469 0.799999
      vertex 11.3 202.586 0.799999
    endloop
  endfacet
  facet normal -0.557998 -0.829843 -0
    outer loop
      vertex 11.474 202.469 0.799999
      vertex 11.3 202.586 0
      vertex 11.474 202.469 0
    endloop
  endfacet
  facet normal 0.980737 -0.195334 0
    outer loop
      vertex 8.91369 201.409 0.799999
      vertex 8.95452 201.614 0
      vertex 8.95452 201.614 0.799999
    endloop
  endfacet
  facet normal 0.980737 -0.195334 0
    outer loop
      vertex 8.95452 201.614 0
      vertex 8.91369 201.409 0.799999
      vertex 8.91369 201.409 0
    endloop
  endfacet
  facet normal -0.980764 0.195196 0
    outer loop
      vertex 12.0455 200.786 0
      vertex 12.0863 200.991 0.799999
      vertex 12.0863 200.991 0
    endloop
  endfacet
  facet normal -0.980764 0.195196 0
    outer loop
      vertex 12.0863 200.991 0.799999
      vertex 12.0455 200.786 0
      vertex 12.0455 200.786 0.799999
    endloop
  endfacet
  facet normal 0.195841 0.980636 -0
    outer loop
      vertex 10.2912 199.614 0
      vertex 10.0859 199.655 0.799999
      vertex 10.2912 199.614 0.799999
    endloop
  endfacet
  facet normal 0.195841 0.980636 0
    outer loop
      vertex 10.0859 199.655 0.799999
      vertex 10.2912 199.614 0
      vertex 10.0859 199.655 0
    endloop
  endfacet
  facet normal 0.4401 -0.897949 0
    outer loop
      vertex 9.7 202.586 0
      vertex 9.88771 202.678 0.799999
      vertex 9.7 202.586 0.799999
    endloop
  endfacet
  facet normal 0.4401 -0.897949 0
    outer loop
      vertex 9.88771 202.678 0.799999
      vertex 9.7 202.586 0
      vertex 9.88771 202.678 0
    endloop
  endfacet
  facet normal 0.946846 -0.321688 0
    outer loop
      vertex 8.95452 201.614 0.799999
      vertex 9.02179 201.812 0
      vertex 9.02179 201.812 0.799999
    endloop
  endfacet
  facet normal 0.946846 -0.321688 0
    outer loop
      vertex 9.02179 201.812 0
      vertex 8.95452 201.614 0.799999
      vertex 8.95452 201.614 0
    endloop
  endfacet
  facet normal -0.897083 -0.441861 0
    outer loop
      vertex 11.9782 201.812 0
      vertex 11.8856 202 0.799999
      vertex 11.8856 202 0
    endloop
  endfacet
  facet normal -0.897083 -0.441861 0
    outer loop
      vertex 11.8856 202 0.799999
      vertex 11.9782 201.812 0
      vertex 11.9782 201.812 0.799999
    endloop
  endfacet
  facet normal -0.980764 -0.195196 0
    outer loop
      vertex 12.0863 201.409 0
      vertex 12.0455 201.614 0.799999
      vertex 12.0455 201.614 0
    endloop
  endfacet
  facet normal -0.980764 -0.195196 0
    outer loop
      vertex 12.0455 201.614 0.799999
      vertex 12.0863 201.409 0
      vertex 12.0863 201.409 0.799999
    endloop
  endfacet
  facet normal -0.831609 -0.555362 0
    outer loop
      vertex 11.8856 202 0
      vertex 11.7694 202.174 0.799999
      vertex 11.7694 202.174 0
    endloop
  endfacet
  facet normal -0.831609 -0.555362 0
    outer loop
      vertex 11.7694 202.174 0.799999
      vertex 11.8856 202 0
      vertex 11.8856 202 0.799999
    endloop
  endfacet
  facet normal -0.32024 -0.947336 0
    outer loop
      vertex 10.9141 202.745 0
      vertex 11.1123 202.678 0.799999
      vertex 10.9141 202.745 0.799999
    endloop
  endfacet
  facet normal -0.32024 -0.947336 -0
    outer loop
      vertex 11.1123 202.678 0.799999
      vertex 10.9141 202.745 0
      vertex 11.1123 202.678 0
    endloop
  endfacet
  facet normal 0.831454 -0.555593 0
    outer loop
      vertex 9.11436 202 0.799999
      vertex 9.23063 202.174 0
      vertex 9.23063 202.174 0.799999
    endloop
  endfacet
  facet normal 0.831454 -0.555593 0
    outer loop
      vertex 9.23063 202.174 0
      vertex 9.11436 202 0.799999
      vertex 9.11436 202 0
    endloop
  endfacet
  facet normal 0.557953 -0.829872 0
    outer loop
      vertex 9.52598 202.469 0
      vertex 9.7 202.586 0.799999
      vertex 9.52598 202.469 0.799999
    endloop
  endfacet
  facet normal 0.557953 -0.829872 0
    outer loop
      vertex 9.7 202.586 0.799999
      vertex 9.52598 202.469 0
      vertex 9.7 202.586 0
    endloop
  endfacet
  facet normal 0.320254 -0.947332 0
    outer loop
      vertex 9.88771 202.678 0
      vertex 10.0859 202.745 0.799999
      vertex 9.88771 202.678 0.799999
    endloop
  endfacet
  facet normal 0.320254 -0.947332 0
    outer loop
      vertex 10.0859 202.745 0.799999
      vertex 9.88771 202.678 0
      vertex 10.0859 202.745 0
    endloop
  endfacet
  facet normal -0.997858 0.0654099 0
    outer loop
      vertex 12.0863 200.991 0
      vertex 12.1 201.2 0.799999
      vertex 12.1 201.2 0
    endloop
  endfacet
  facet normal -0.997858 0.0654099 0
    outer loop
      vertex 12.1 201.2 0.799999
      vertex 12.0863 200.991 0
      vertex 12.0863 200.991 0.799999
    endloop
  endfacet
  facet normal -0.440119 0.897939 0
    outer loop
      vertex 11.3 199.814 0
      vertex 11.1123 199.722 0.799999
      vertex 11.3 199.814 0.799999
    endloop
  endfacet
  facet normal -0.440119 0.897939 0
    outer loop
      vertex 11.1123 199.722 0.799999
      vertex 11.3 199.814 0
      vertex 11.1123 199.722 0
    endloop
  endfacet
  facet normal -0.831609 0.555362 0
    outer loop
      vertex 11.7694 200.226 0
      vertex 11.8856 200.4 0.799999
      vertex 11.8856 200.4 0
    endloop
  endfacet
  facet normal -0.831609 0.555362 0
    outer loop
      vertex 11.8856 200.4 0.799999
      vertex 11.7694 200.226 0
      vertex 11.7694 200.226 0.799999
    endloop
  endfacet
  facet normal 0.0668996 0.99776 -0
    outer loop
      vertex 10.5 199.6 0
      vertex 10.2912 199.614 0.799999
      vertex 10.5 199.6 0.799999
    endloop
  endfacet
  facet normal 0.0668996 0.99776 0
    outer loop
      vertex 10.2912 199.614 0.799999
      vertex 10.5 199.6 0
      vertex 10.2912 199.614 0
    endloop
  endfacet
  facet normal 0.557953 0.829872 -0
    outer loop
      vertex 9.7 199.814 0
      vertex 9.52598 199.931 0.799999
      vertex 9.7 199.814 0.799999
    endloop
  endfacet
  facet normal 0.557953 0.829872 0
    outer loop
      vertex 9.52598 199.931 0.799999
      vertex 9.7 199.814 0
      vertex 9.52598 199.931 0
    endloop
  endfacet
  facet normal -0.946802 -0.321817 0
    outer loop
      vertex 12.0455 201.614 0
      vertex 11.9782 201.812 0.799999
      vertex 11.9782 201.812 0
    endloop
  endfacet
  facet normal -0.946802 -0.321817 0
    outer loop
      vertex 11.9782 201.812 0.799999
      vertex 12.0455 201.614 0
      vertex 12.0455 201.614 0.799999
    endloop
  endfacet
  facet normal -0.751093 -0.660196 0
    outer loop
      vertex 11.7694 202.174 0
      vertex 11.6314 202.331 0.799999
      vertex 11.6314 202.331 0
    endloop
  endfacet
  facet normal -0.751093 -0.660196 0
    outer loop
      vertex 11.6314 202.331 0.799999
      vertex 11.7694 202.174 0
      vertex 11.7694 202.174 0.799999
    endloop
  endfacet
  facet normal -0.659248 -0.751925 0
    outer loop
      vertex 11.474 202.469 0
      vertex 11.6314 202.331 0.799999
      vertex 11.474 202.469 0.799999
    endloop
  endfacet
  facet normal -0.659248 -0.751925 -0
    outer loop
      vertex 11.6314 202.331 0.799999
      vertex 11.474 202.469 0
      vertex 11.6314 202.331 0
    endloop
  endfacet
  facet normal -0.440119 -0.897939 0
    outer loop
      vertex 11.1123 202.678 0
      vertex 11.3 202.586 0.799999
      vertex 11.1123 202.678 0.799999
    endloop
  endfacet
  facet normal -0.440119 -0.897939 -0
    outer loop
      vertex 11.3 202.586 0.799999
      vertex 11.1123 202.678 0
      vertex 11.3 202.586 0
    endloop
  endfacet
  facet normal 0.0668996 -0.99776 0
    outer loop
      vertex 10.2912 202.786 0
      vertex 10.5 202.8 0.799999
      vertex 10.2912 202.786 0.799999
    endloop
  endfacet
  facet normal 0.0668996 -0.99776 0
    outer loop
      vertex 10.5 202.8 0.799999
      vertex 10.2912 202.786 0
      vertex 10.5 202.8 0
    endloop
  endfacet
  facet normal -0.195841 -0.980636 0
    outer loop
      vertex 10.7088 202.786 0
      vertex 10.9141 202.745 0.799999
      vertex 10.7088 202.786 0.799999
    endloop
  endfacet
  facet normal -0.195841 -0.980636 -0
    outer loop
      vertex 10.9141 202.745 0.799999
      vertex 10.7088 202.786 0
      vertex 10.9141 202.745 0
    endloop
  endfacet
  facet normal 0.997862 0.0653623 0
    outer loop
      vertex 8.91369 200.991 0.799999
      vertex 8.9 201.2 0
      vertex 8.9 201.2 0.799999
    endloop
  endfacet
  facet normal 0.997862 0.0653623 0
    outer loop
      vertex 8.9 201.2 0
      vertex 8.91369 200.991 0.799999
      vertex 8.91369 200.991 0
    endloop
  endfacet
  facet normal 0.89714 -0.441746 0
    outer loop
      vertex 9.02179 201.812 0.799999
      vertex 9.11436 202 0
      vertex 9.11436 202 0.799999
    endloop
  endfacet
  facet normal 0.89714 -0.441746 0
    outer loop
      vertex 9.11436 202 0
      vertex 9.02179 201.812 0.799999
      vertex 9.02179 201.812 0
    endloop
  endfacet
  facet normal 0.195841 -0.980636 0
    outer loop
      vertex 10.0859 202.745 0
      vertex 10.2912 202.786 0.799999
      vertex 10.0859 202.745 0.799999
    endloop
  endfacet
  facet normal 0.195841 -0.980636 0
    outer loop
      vertex 10.2912 202.786 0.799999
      vertex 10.0859 202.745 0
      vertex 10.2912 202.786 0
    endloop
  endfacet
  facet normal 0.659367 -0.751821 0
    outer loop
      vertex 9.36863 202.331 0
      vertex 9.52598 202.469 0.799999
      vertex 9.36863 202.331 0.799999
    endloop
  endfacet
  facet normal 0.659367 -0.751821 0
    outer loop
      vertex 9.52598 202.469 0.799999
      vertex 9.36863 202.331 0
      vertex 9.52598 202.469 0
    endloop
  endfacet
  facet normal 0.751093 -0.660196 0
    outer loop
      vertex 9.23063 202.174 0.799999
      vertex 9.36863 202.331 0
      vertex 9.36863 202.331 0.799999
    endloop
  endfacet
  facet normal 0.751093 -0.660196 0
    outer loop
      vertex 9.36863 202.331 0
      vertex 9.23063 202.174 0.799999
      vertex 9.23063 202.174 0
    endloop
  endfacet
  facet normal -0.997858 -0.0654099 0
    outer loop
      vertex 12.1 201.2 0
      vertex 12.0863 201.409 0.799999
      vertex 12.0863 201.409 0
    endloop
  endfacet
  facet normal -0.997858 -0.0654099 0
    outer loop
      vertex 12.0863 201.409 0.799999
      vertex 12.1 201.2 0
      vertex 12.1 201.2 0.799999
    endloop
  endfacet
  facet normal -0.195841 0.980636 0
    outer loop
      vertex 10.9141 199.655 0
      vertex 10.7088 199.614 0.799999
      vertex 10.9141 199.655 0.799999
    endloop
  endfacet
  facet normal -0.195841 0.980636 0
    outer loop
      vertex 10.7088 199.614 0.799999
      vertex 10.9141 199.655 0
      vertex 10.7088 199.614 0
    endloop
  endfacet
  facet normal -0.32024 0.947336 0
    outer loop
      vertex 11.1123 199.722 0
      vertex 10.9141 199.655 0.799999
      vertex 11.1123 199.722 0.799999
    endloop
  endfacet
  facet normal -0.32024 0.947336 0
    outer loop
      vertex 10.9141 199.655 0.799999
      vertex 11.1123 199.722 0
      vertex 10.9141 199.655 0
    endloop
  endfacet
  facet normal -0.751093 0.660196 0
    outer loop
      vertex 11.6314 200.069 0
      vertex 11.7694 200.226 0.799999
      vertex 11.7694 200.226 0
    endloop
  endfacet
  facet normal -0.751093 0.660196 0
    outer loop
      vertex 11.7694 200.226 0.799999
      vertex 11.6314 200.069 0
      vertex 11.6314 200.069 0.799999
    endloop
  endfacet
  facet normal -0.557998 0.829843 0
    outer loop
      vertex 11.474 199.931 0
      vertex 11.3 199.814 0.799999
      vertex 11.474 199.931 0.799999
    endloop
  endfacet
  facet normal -0.557998 0.829843 0
    outer loop
      vertex 11.3 199.814 0.799999
      vertex 11.474 199.931 0
      vertex 11.3 199.814 0
    endloop
  endfacet
  facet normal -0.946802 0.321817 0
    outer loop
      vertex 11.9782 200.588 0
      vertex 12.0455 200.786 0.799999
      vertex 12.0455 200.786 0
    endloop
  endfacet
  facet normal -0.946802 0.321817 0
    outer loop
      vertex 12.0455 200.786 0.799999
      vertex 11.9782 200.588 0
      vertex 11.9782 200.588 0.799999
    endloop
  endfacet
  facet normal -0.0668996 0.99776 0
    outer loop
      vertex 10.7088 199.614 0
      vertex 10.5 199.6 0.799999
      vertex 10.7088 199.614 0.799999
    endloop
  endfacet
  facet normal -0.0668996 0.99776 0
    outer loop
      vertex 10.5 199.6 0.799999
      vertex 10.7088 199.614 0
      vertex 10.5 199.6 0
    endloop
  endfacet
  facet normal 0.320254 0.947332 -0
    outer loop
      vertex 10.0859 199.655 0
      vertex 9.88771 199.722 0.799999
      vertex 10.0859 199.655 0.799999
    endloop
  endfacet
  facet normal 0.320254 0.947332 0
    outer loop
      vertex 9.88771 199.722 0.799999
      vertex 10.0859 199.655 0
      vertex 9.88771 199.722 0
    endloop
  endfacet
  facet normal 0.89714 0.441746 0
    outer loop
      vertex 9.11436 200.4 0.799999
      vertex 9.02179 200.588 0
      vertex 9.02179 200.588 0.799999
    endloop
  endfacet
  facet normal 0.89714 0.441746 0
    outer loop
      vertex 9.02179 200.588 0
      vertex 9.11436 200.4 0.799999
      vertex 9.11436 200.4 0
    endloop
  endfacet
  facet normal 0.980737 0.195334 0
    outer loop
      vertex 8.95452 200.786 0.799999
      vertex 8.91369 200.991 0
      vertex 8.91369 200.991 0.799999
    endloop
  endfacet
  facet normal 0.980737 0.195334 0
    outer loop
      vertex 8.91369 200.991 0
      vertex 8.95452 200.786 0.799999
      vertex 8.95452 200.786 0
    endloop
  endfacet
  facet normal 0.659367 0.751821 -0
    outer loop
      vertex 9.52598 199.931 0
      vertex 9.36863 200.069 0.799999
      vertex 9.52598 199.931 0.799999
    endloop
  endfacet
  facet normal 0.659367 0.751821 0
    outer loop
      vertex 9.36863 200.069 0.799999
      vertex 9.52598 199.931 0
      vertex 9.36863 200.069 0
    endloop
  endfacet
  facet normal 0.831454 0.555593 0
    outer loop
      vertex 9.23063 200.226 0.799999
      vertex 9.11436 200.4 0
      vertex 9.11436 200.4 0.799999
    endloop
  endfacet
  facet normal 0.831454 0.555593 0
    outer loop
      vertex 9.11436 200.4 0
      vertex 9.23063 200.226 0.799999
      vertex 9.23063 200.226 0
    endloop
  endfacet
  facet normal -0.0668996 -0.99776 0
    outer loop
      vertex 10.5 202.8 0
      vertex 10.7088 202.786 0.799999
      vertex 10.5 202.8 0.799999
    endloop
  endfacet
  facet normal -0.0668996 -0.99776 -0
    outer loop
      vertex 10.7088 202.786 0.799999
      vertex 10.5 202.8 0
      vertex 10.7088 202.786 0
    endloop
  endfacet
  facet normal 0.997862 -0.0653623 0
    outer loop
      vertex 8.9 201.2 0.799999
      vertex 8.91369 201.409 0
      vertex 8.91369 201.409 0.799999
    endloop
  endfacet
  facet normal 0.997862 -0.0653623 0
    outer loop
      vertex 8.91369 201.409 0
      vertex 8.9 201.2 0.799999
      vertex 8.9 201.2 0
    endloop
  endfacet
  facet normal -0.659248 0.751925 0
    outer loop
      vertex 11.6314 200.069 0
      vertex 11.474 199.931 0.799999
      vertex 11.6314 200.069 0.799999
    endloop
  endfacet
  facet normal -0.659248 0.751925 0
    outer loop
      vertex 11.474 199.931 0.799999
      vertex 11.6314 200.069 0
      vertex 11.474 199.931 0
    endloop
  endfacet
  facet normal -0.897083 0.441861 0
    outer loop
      vertex 11.8856 200.4 0
      vertex 11.9782 200.588 0.799999
      vertex 11.9782 200.588 0
    endloop
  endfacet
  facet normal -0.897083 0.441861 0
    outer loop
      vertex 11.9782 200.588 0.799999
      vertex 11.8856 200.4 0
      vertex 11.8856 200.4 0.799999
    endloop
  endfacet
  facet normal 0.4401 0.897949 -0
    outer loop
      vertex 9.88771 199.722 0
      vertex 9.7 199.814 0.799999
      vertex 9.88771 199.722 0.799999
    endloop
  endfacet
  facet normal 0.4401 0.897949 0
    outer loop
      vertex 9.7 199.814 0.799999
      vertex 9.88771 199.722 0
      vertex 9.7 199.814 0
    endloop
  endfacet
  facet normal 0.946846 0.321688 0
    outer loop
      vertex 9.02179 200.588 0.799999
      vertex 8.95452 200.786 0
      vertex 8.95452 200.786 0.799999
    endloop
  endfacet
  facet normal 0.946846 0.321688 0
    outer loop
      vertex 8.95452 200.786 0
      vertex 9.02179 200.588 0.799999
      vertex 9.02179 200.588 0
    endloop
  endfacet
  facet normal 0.751093 0.660196 0
    outer loop
      vertex 9.36863 200.069 0.799999
      vertex 9.23063 200.226 0
      vertex 9.23063 200.226 0.799999
    endloop
  endfacet
  facet normal 0.751093 0.660196 0
    outer loop
      vertex 9.23063 200.226 0
      vertex 9.36863 200.069 0.799999
      vertex 9.36863 200.069 0
    endloop
  endfacet
  facet normal -0.99776 -0.0668996 0
    outer loop
      vertex 195.3 18 0
      vertex 195.286 18.2088 0.799999
      vertex 195.286 18.2088 0
    endloop
  endfacet
  facet normal -0.99776 -0.0668996 0
    outer loop
      vertex 195.286 18.2088 0.799999
      vertex 195.3 18 0
      vertex 195.3 18 0.799999
    endloop
  endfacet
  facet normal 0.0654099 -0.997858 0
    outer loop
      vertex 193.491 19.5863 0
      vertex 193.7 19.6 0.799999
      vertex 193.491 19.5863 0.799999
    endloop
  endfacet
  facet normal 0.0654099 -0.997858 0
    outer loop
      vertex 193.7 19.6 0.799999
      vertex 193.491 19.5863 0
      vertex 193.7 19.6 0
    endloop
  endfacet
  facet normal -0.660196 -0.751093 0
    outer loop
      vertex 194.674 19.2694 0
      vertex 194.831 19.1314 0.799999
      vertex 194.674 19.2694 0.799999
    endloop
  endfacet
  facet normal -0.660196 -0.751093 -0
    outer loop
      vertex 194.831 19.1314 0.799999
      vertex 194.674 19.2694 0
      vertex 194.831 19.1314 0
    endloop
  endfacet
  facet normal 0.751925 -0.659248 0
    outer loop
      vertex 192.431 18.974 0.799999
      vertex 192.569 19.1314 0
      vertex 192.569 19.1314 0.799999
    endloop
  endfacet
  facet normal 0.751925 -0.659248 0
    outer loop
      vertex 192.569 19.1314 0
      vertex 192.431 18.974 0.799999
      vertex 192.431 18.974 0
    endloop
  endfacet
  facet normal 0.441861 -0.897083 0
    outer loop
      vertex 192.9 19.3856 0
      vertex 193.088 19.4782 0.799999
      vertex 192.9 19.3856 0.799999
    endloop
  endfacet
  facet normal 0.441861 -0.897083 0
    outer loop
      vertex 193.088 19.4782 0.799999
      vertex 192.9 19.3856 0
      vertex 193.088 19.4782 0
    endloop
  endfacet
  facet normal -0.897939 -0.440119 0
    outer loop
      vertex 195.178 18.6123 0
      vertex 195.086 18.8 0.799999
      vertex 195.086 18.8 0
    endloop
  endfacet
  facet normal -0.897939 -0.440119 0
    outer loop
      vertex 195.086 18.8 0.799999
      vertex 195.178 18.6123 0
      vertex 195.178 18.6123 0.799999
    endloop
  endfacet
  facet normal -0.829843 -0.557998 0
    outer loop
      vertex 195.086 18.8 0
      vertex 194.969 18.974 0.799999
      vertex 194.969 18.974 0
    endloop
  endfacet
  facet normal -0.829843 -0.557998 0
    outer loop
      vertex 194.969 18.974 0.799999
      vertex 195.086 18.8 0
      vertex 195.086 18.8 0.799999
    endloop
  endfacet
  facet normal -0.321817 -0.946802 0
    outer loop
      vertex 194.114 19.5455 0
      vertex 194.312 19.4782 0.799999
      vertex 194.114 19.5455 0.799999
    endloop
  endfacet
  facet normal -0.321817 -0.946802 -0
    outer loop
      vertex 194.312 19.4782 0.799999
      vertex 194.114 19.5455 0
      vertex 194.312 19.4782 0
    endloop
  endfacet
  facet normal -0.195196 -0.980764 0
    outer loop
      vertex 193.909 19.5863 0
      vertex 194.114 19.5455 0.799999
      vertex 193.909 19.5863 0.799999
    endloop
  endfacet
  facet normal -0.195196 -0.980764 -0
    outer loop
      vertex 194.114 19.5455 0.799999
      vertex 193.909 19.5863 0
      vertex 194.114 19.5455 0
    endloop
  endfacet
  facet normal -0.555362 -0.831609 0
    outer loop
      vertex 194.5 19.3856 0
      vertex 194.674 19.2694 0.799999
      vertex 194.5 19.3856 0.799999
    endloop
  endfacet
  facet normal -0.555362 -0.831609 -0
    outer loop
      vertex 194.674 19.2694 0.799999
      vertex 194.5 19.3856 0
      vertex 194.674 19.2694 0
    endloop
  endfacet
  facet normal 0.947336 -0.32024 0
    outer loop
      vertex 192.155 18.4141 0.799999
      vertex 192.222 18.6123 0
      vertex 192.222 18.6123 0.799999
    endloop
  endfacet
  facet normal 0.947336 -0.32024 0
    outer loop
      vertex 192.222 18.6123 0
      vertex 192.155 18.4141 0.799999
      vertex 192.155 18.4141 0
    endloop
  endfacet
  facet normal 0.980636 -0.195841 0
    outer loop
      vertex 192.114 18.2088 0.799999
      vertex 192.155 18.4141 0
      vertex 192.155 18.4141 0.799999
    endloop
  endfacet
  facet normal 0.980636 -0.195841 0
    outer loop
      vertex 192.155 18.4141 0
      vertex 192.114 18.2088 0.799999
      vertex 192.114 18.2088 0
    endloop
  endfacet
  facet normal 0.321817 -0.946802 0
    outer loop
      vertex 193.088 19.4782 0
      vertex 193.286 19.5455 0.799999
      vertex 193.088 19.4782 0.799999
    endloop
  endfacet
  facet normal 0.321817 -0.946802 0
    outer loop
      vertex 193.286 19.5455 0.799999
      vertex 193.088 19.4782 0
      vertex 193.286 19.5455 0
    endloop
  endfacet
  facet normal -0.441861 0.897083 0
    outer loop
      vertex 194.5 16.6144 0
      vertex 194.312 16.5218 0.799999
      vertex 194.5 16.6144 0.799999
    endloop
  endfacet
  facet normal -0.441861 0.897083 0
    outer loop
      vertex 194.312 16.5218 0.799999
      vertex 194.5 16.6144 0
      vertex 194.312 16.5218 0
    endloop
  endfacet
  facet normal -0.195196 0.980764 0
    outer loop
      vertex 194.114 16.4545 0
      vertex 193.909 16.4137 0.799999
      vertex 194.114 16.4545 0.799999
    endloop
  endfacet
  facet normal -0.195196 0.980764 0
    outer loop
      vertex 193.909 16.4137 0.799999
      vertex 194.114 16.4545 0
      vertex 193.909 16.4137 0
    endloop
  endfacet
  facet normal -0.555362 0.831609 0
    outer loop
      vertex 194.674 16.7306 0
      vertex 194.5 16.6144 0.799999
      vertex 194.674 16.7306 0.799999
    endloop
  endfacet
  facet normal -0.555362 0.831609 0
    outer loop
      vertex 194.5 16.6144 0.799999
      vertex 194.674 16.7306 0
      vertex 194.5 16.6144 0
    endloop
  endfacet
  facet normal -0.980636 0.195841 0
    outer loop
      vertex 195.245 17.5859 0
      vertex 195.286 17.7912 0.799999
      vertex 195.286 17.7912 0
    endloop
  endfacet
  facet normal -0.980636 0.195841 0
    outer loop
      vertex 195.286 17.7912 0.799999
      vertex 195.245 17.5859 0
      vertex 195.245 17.5859 0.799999
    endloop
  endfacet
  facet normal 0.195196 0.980764 -0
    outer loop
      vertex 193.491 16.4137 0
      vertex 193.286 16.4545 0.799999
      vertex 193.491 16.4137 0.799999
    endloop
  endfacet
  facet normal 0.195196 0.980764 0
    outer loop
      vertex 193.286 16.4545 0.799999
      vertex 193.491 16.4137 0
      vertex 193.286 16.4545 0
    endloop
  endfacet
  facet normal -0.947336 -0.32024 0
    outer loop
      vertex 195.245 18.4141 0
      vertex 195.178 18.6123 0.799999
      vertex 195.178 18.6123 0
    endloop
  endfacet
  facet normal -0.947336 -0.32024 0
    outer loop
      vertex 195.178 18.6123 0.799999
      vertex 195.245 18.4141 0
      vertex 195.245 18.4141 0.799999
    endloop
  endfacet
  facet normal -0.980636 -0.195841 0
    outer loop
      vertex 195.286 18.2088 0
      vertex 195.245 18.4141 0.799999
      vertex 195.245 18.4141 0
    endloop
  endfacet
  facet normal -0.980636 -0.195841 0
    outer loop
      vertex 195.245 18.4141 0.799999
      vertex 195.286 18.2088 0
      vertex 195.286 18.2088 0.799999
    endloop
  endfacet
  facet normal -0.751925 -0.659248 0
    outer loop
      vertex 194.969 18.974 0
      vertex 194.831 19.1314 0.799999
      vertex 194.831 19.1314 0
    endloop
  endfacet
  facet normal -0.751925 -0.659248 0
    outer loop
      vertex 194.831 19.1314 0.799999
      vertex 194.969 18.974 0
      vertex 194.969 18.974 0.799999
    endloop
  endfacet
  facet normal -0.0654099 -0.997858 0
    outer loop
      vertex 193.7 19.6 0
      vertex 193.909 19.5863 0.799999
      vertex 193.7 19.6 0.799999
    endloop
  endfacet
  facet normal -0.0654099 -0.997858 -0
    outer loop
      vertex 193.909 19.5863 0.799999
      vertex 193.7 19.6 0
      vertex 193.909 19.5863 0
    endloop
  endfacet
  facet normal -0.441861 -0.897083 0
    outer loop
      vertex 194.312 19.4782 0
      vertex 194.5 19.3856 0.799999
      vertex 194.312 19.4782 0.799999
    endloop
  endfacet
  facet normal -0.441861 -0.897083 -0
    outer loop
      vertex 194.5 19.3856 0.799999
      vertex 194.312 19.4782 0
      vertex 194.5 19.3856 0
    endloop
  endfacet
  facet normal 0.897939 -0.440119 0
    outer loop
      vertex 192.222 18.6123 0.799999
      vertex 192.314 18.8 0
      vertex 192.314 18.8 0.799999
    endloop
  endfacet
  facet normal 0.897939 -0.440119 0
    outer loop
      vertex 192.314 18.8 0
      vertex 192.222 18.6123 0.799999
      vertex 192.222 18.6123 0
    endloop
  endfacet
  facet normal 0.829843 -0.557998 0
    outer loop
      vertex 192.314 18.8 0.799999
      vertex 192.431 18.974 0
      vertex 192.431 18.974 0.799999
    endloop
  endfacet
  facet normal 0.829843 -0.557998 0
    outer loop
      vertex 192.431 18.974 0
      vertex 192.314 18.8 0.799999
      vertex 192.314 18.8 0
    endloop
  endfacet
  facet normal 0.99776 -0.0668996 0
    outer loop
      vertex 192.1 18 0.799999
      vertex 192.114 18.2088 0
      vertex 192.114 18.2088 0.799999
    endloop
  endfacet
  facet normal 0.99776 -0.0668996 0
    outer loop
      vertex 192.114 18.2088 0
      vertex 192.1 18 0.799999
      vertex 192.1 18 0
    endloop
  endfacet
  facet normal 0.555362 -0.831609 0
    outer loop
      vertex 192.726 19.2694 0
      vertex 192.9 19.3856 0.799999
      vertex 192.726 19.2694 0.799999
    endloop
  endfacet
  facet normal 0.555362 -0.831609 0
    outer loop
      vertex 192.9 19.3856 0.799999
      vertex 192.726 19.2694 0
      vertex 192.9 19.3856 0
    endloop
  endfacet
  facet normal 0.660196 -0.751093 0
    outer loop
      vertex 192.569 19.1314 0
      vertex 192.726 19.2694 0.799999
      vertex 192.569 19.1314 0.799999
    endloop
  endfacet
  facet normal 0.660196 -0.751093 0
    outer loop
      vertex 192.726 19.2694 0.799999
      vertex 192.569 19.1314 0
      vertex 192.726 19.2694 0
    endloop
  endfacet
  facet normal 0.195196 -0.980764 0
    outer loop
      vertex 193.286 19.5455 0
      vertex 193.491 19.5863 0.799999
      vertex 193.286 19.5455 0.799999
    endloop
  endfacet
  facet normal 0.195196 -0.980764 0
    outer loop
      vertex 193.491 19.5863 0.799999
      vertex 193.286 19.5455 0
      vertex 193.491 19.5863 0
    endloop
  endfacet
  facet normal -0.321817 0.946802 0
    outer loop
      vertex 194.312 16.5218 0
      vertex 194.114 16.4545 0.799999
      vertex 194.312 16.5218 0.799999
    endloop
  endfacet
  facet normal -0.321817 0.946802 0
    outer loop
      vertex 194.114 16.4545 0.799999
      vertex 194.312 16.5218 0
      vertex 194.114 16.4545 0
    endloop
  endfacet
  facet normal -0.660196 0.751093 0
    outer loop
      vertex 194.831 16.8686 0
      vertex 194.674 16.7306 0.799999
      vertex 194.831 16.8686 0.799999
    endloop
  endfacet
  facet normal -0.660196 0.751093 0
    outer loop
      vertex 194.674 16.7306 0.799999
      vertex 194.831 16.8686 0
      vertex 194.674 16.7306 0
    endloop
  endfacet
  facet normal -0.829843 0.557998 0
    outer loop
      vertex 194.969 17.026 0
      vertex 195.086 17.2 0.799999
      vertex 195.086 17.2 0
    endloop
  endfacet
  facet normal -0.829843 0.557998 0
    outer loop
      vertex 195.086 17.2 0.799999
      vertex 194.969 17.026 0
      vertex 194.969 17.026 0.799999
    endloop
  endfacet
  facet normal -0.947336 0.32024 0
    outer loop
      vertex 195.178 17.3877 0
      vertex 195.245 17.5859 0.799999
      vertex 195.245 17.5859 0
    endloop
  endfacet
  facet normal -0.947336 0.32024 0
    outer loop
      vertex 195.245 17.5859 0.799999
      vertex 195.178 17.3877 0
      vertex 195.178 17.3877 0.799999
    endloop
  endfacet
  facet normal -0.99776 0.0668996 0
    outer loop
      vertex 195.286 17.7912 0
      vertex 195.3 18 0.799999
      vertex 195.3 18 0
    endloop
  endfacet
  facet normal -0.99776 0.0668996 0
    outer loop
      vertex 195.3 18 0.799999
      vertex 195.286 17.7912 0
      vertex 195.286 17.7912 0.799999
    endloop
  endfacet
  facet normal 0.555362 0.831609 -0
    outer loop
      vertex 192.9 16.6144 0
      vertex 192.726 16.7306 0.799999
      vertex 192.9 16.6144 0.799999
    endloop
  endfacet
  facet normal 0.555362 0.831609 0
    outer loop
      vertex 192.726 16.7306 0.799999
      vertex 192.9 16.6144 0
      vertex 192.726 16.7306 0
    endloop
  endfacet
  facet normal 0.321817 0.946802 -0
    outer loop
      vertex 193.286 16.4545 0
      vertex 193.088 16.5218 0.799999
      vertex 193.286 16.4545 0.799999
    endloop
  endfacet
  facet normal 0.321817 0.946802 0
    outer loop
      vertex 193.088 16.5218 0.799999
      vertex 193.286 16.4545 0
      vertex 193.088 16.5218 0
    endloop
  endfacet
  facet normal 0.0654099 0.997858 -0
    outer loop
      vertex 193.7 16.4 0
      vertex 193.491 16.4137 0.799999
      vertex 193.7 16.4 0.799999
    endloop
  endfacet
  facet normal 0.0654099 0.997858 0
    outer loop
      vertex 193.491 16.4137 0.799999
      vertex 193.7 16.4 0
      vertex 193.491 16.4137 0
    endloop
  endfacet
  facet normal 0.829843 0.557998 0
    outer loop
      vertex 192.431 17.026 0.799999
      vertex 192.314 17.2 0
      vertex 192.314 17.2 0.799999
    endloop
  endfacet
  facet normal 0.829843 0.557998 0
    outer loop
      vertex 192.314 17.2 0
      vertex 192.431 17.026 0.799999
      vertex 192.431 17.026 0
    endloop
  endfacet
  facet normal 0.660196 0.751093 -0
    outer loop
      vertex 192.726 16.7306 0
      vertex 192.569 16.8686 0.799999
      vertex 192.726 16.7306 0.799999
    endloop
  endfacet
  facet normal 0.660196 0.751093 0
    outer loop
      vertex 192.569 16.8686 0.799999
      vertex 192.726 16.7306 0
      vertex 192.569 16.8686 0
    endloop
  endfacet
  facet normal 0.897939 0.440119 0
    outer loop
      vertex 192.314 17.2 0.799999
      vertex 192.222 17.3877 0
      vertex 192.222 17.3877 0.799999
    endloop
  endfacet
  facet normal 0.897939 0.440119 0
    outer loop
      vertex 192.222 17.3877 0
      vertex 192.314 17.2 0.799999
      vertex 192.314 17.2 0
    endloop
  endfacet
  facet normal 0.980636 0.195841 0
    outer loop
      vertex 192.155 17.5859 0.799999
      vertex 192.114 17.7912 0
      vertex 192.114 17.7912 0.799999
    endloop
  endfacet
  facet normal 0.980636 0.195841 0
    outer loop
      vertex 192.114 17.7912 0
      vertex 192.155 17.5859 0.799999
      vertex 192.155 17.5859 0
    endloop
  endfacet
  facet normal 0.99776 0.0668996 0
    outer loop
      vertex 192.114 17.7912 0.799999
      vertex 192.1 18 0
      vertex 192.1 18 0.799999
    endloop
  endfacet
  facet normal 0.99776 0.0668996 0
    outer loop
      vertex 192.1 18 0
      vertex 192.114 17.7912 0.799999
      vertex 192.114 17.7912 0
    endloop
  endfacet
  facet normal -0.751925 0.659248 0
    outer loop
      vertex 194.831 16.8686 0
      vertex 194.969 17.026 0.799999
      vertex 194.969 17.026 0
    endloop
  endfacet
  facet normal -0.751925 0.659248 0
    outer loop
      vertex 194.969 17.026 0.799999
      vertex 194.831 16.8686 0
      vertex 194.831 16.8686 0.799999
    endloop
  endfacet
  facet normal -0.897939 0.440119 0
    outer loop
      vertex 195.086 17.2 0
      vertex 195.178 17.3877 0.799999
      vertex 195.178 17.3877 0
    endloop
  endfacet
  facet normal -0.897939 0.440119 0
    outer loop
      vertex 195.178 17.3877 0.799999
      vertex 195.086 17.2 0
      vertex 195.086 17.2 0.799999
    endloop
  endfacet
  facet normal 0.441861 0.897083 -0
    outer loop
      vertex 193.088 16.5218 0
      vertex 192.9 16.6144 0.799999
      vertex 193.088 16.5218 0.799999
    endloop
  endfacet
  facet normal 0.441861 0.897083 0
    outer loop
      vertex 192.9 16.6144 0.799999
      vertex 193.088 16.5218 0
      vertex 192.9 16.6144 0
    endloop
  endfacet
  facet normal -0.0654099 0.997858 0
    outer loop
      vertex 193.909 16.4137 0
      vertex 193.7 16.4 0.799999
      vertex 193.909 16.4137 0.799999
    endloop
  endfacet
  facet normal -0.0654099 0.997858 0
    outer loop
      vertex 193.7 16.4 0.799999
      vertex 193.909 16.4137 0
      vertex 193.7 16.4 0
    endloop
  endfacet
  facet normal 0.751925 0.659248 0
    outer loop
      vertex 192.569 16.8686 0.799999
      vertex 192.431 17.026 0
      vertex 192.431 17.026 0.799999
    endloop
  endfacet
  facet normal 0.751925 0.659248 0
    outer loop
      vertex 192.431 17.026 0
      vertex 192.569 16.8686 0.799999
      vertex 192.569 16.8686 0
    endloop
  endfacet
  facet normal 0.947336 0.32024 0
    outer loop
      vertex 192.222 17.3877 0.799999
      vertex 192.155 17.5859 0
      vertex 192.155 17.5859 0.799999
    endloop
  endfacet
  facet normal 0.947336 0.32024 0
    outer loop
      vertex 192.155 17.5859 0
      vertex 192.222 17.3877 0.799999
      vertex 192.222 17.3877 0
    endloop
  endfacet
  facet normal -0.997764 -0.0668359 0
    outer loop
      vertex 195.3 201.2 0
      vertex 195.286 201.409 0.799999
      vertex 195.286 201.409 0
    endloop
  endfacet
  facet normal -0.997764 -0.0668359 0
    outer loop
      vertex 195.286 201.409 0.799999
      vertex 195.3 201.2 0
      vertex 195.3 201.2 0.799999
    endloop
  endfacet
  facet normal 0.0668359 -0.997764 0
    outer loop
      vertex 193.491 202.786 0
      vertex 193.7 202.8 0.799999
      vertex 193.491 202.786 0.799999
    endloop
  endfacet
  facet normal 0.0668359 -0.997764 0
    outer loop
      vertex 193.7 202.8 0.799999
      vertex 193.491 202.786 0
      vertex 193.7 202.8 0
    endloop
  endfacet
  facet normal -0.660196 -0.751093 0
    outer loop
      vertex 194.674 202.469 0
      vertex 194.831 202.331 0.799999
      vertex 194.674 202.469 0.799999
    endloop
  endfacet
  facet normal -0.660196 -0.751093 -0
    outer loop
      vertex 194.831 202.331 0.799999
      vertex 194.674 202.469 0
      vertex 194.831 202.331 0
    endloop
  endfacet
  facet normal 0.751093 -0.660196 0
    outer loop
      vertex 192.431 202.174 0.799999
      vertex 192.569 202.331 0
      vertex 192.569 202.331 0.799999
    endloop
  endfacet
  facet normal 0.751093 -0.660196 0
    outer loop
      vertex 192.569 202.331 0
      vertex 192.431 202.174 0.799999
      vertex 192.431 202.174 0
    endloop
  endfacet
  facet normal 0.439553 -0.898217 0
    outer loop
      vertex 192.9 202.586 0
      vertex 193.088 202.678 0.799999
      vertex 192.9 202.586 0.799999
    endloop
  endfacet
  facet normal 0.439553 -0.898217 0
    outer loop
      vertex 193.088 202.678 0.799999
      vertex 192.9 202.586 0
      vertex 193.088 202.678 0
    endloop
  endfacet
  facet normal 0.660196 0.751093 -0
    outer loop
      vertex 192.726 199.931 0
      vertex 192.569 200.069 0.799999
      vertex 192.726 199.931 0.799999
    endloop
  endfacet
  facet normal 0.660196 0.751093 0
    outer loop
      vertex 192.569 200.069 0.799999
      vertex 192.726 199.931 0
      vertex 192.569 200.069 0
    endloop
  endfacet
  facet normal -0.947238 -0.32053 0
    outer loop
      vertex 195.245 201.614 0
      vertex 195.178 201.812 0.799999
      vertex 195.178 201.812 0
    endloop
  endfacet
  facet normal -0.947238 -0.32053 0
    outer loop
      vertex 195.178 201.812 0.799999
      vertex 195.245 201.614 0
      vertex 195.245 201.614 0.799999
    endloop
  endfacet
  facet normal -0.980581 -0.196116 0
    outer loop
      vertex 195.286 201.409 0
      vertex 195.245 201.614 0.799999
      vertex 195.245 201.614 0
    endloop
  endfacet
  facet normal -0.980581 -0.196116 0
    outer loop
      vertex 195.245 201.614 0.799999
      vertex 195.286 201.409 0
      vertex 195.286 201.409 0.799999
    endloop
  endfacet
  facet normal -0.829843 -0.557998 0
    outer loop
      vertex 195.086 202 0
      vertex 194.969 202.174 0.799999
      vertex 194.969 202.174 0
    endloop
  endfacet
  facet normal -0.829843 -0.557998 0
    outer loop
      vertex 194.969 202.174 0.799999
      vertex 195.086 202 0
      vertex 195.086 202 0.799999
    endloop
  endfacet
  facet normal -0.32053 -0.947238 0
    outer loop
      vertex 194.114 202.745 0
      vertex 194.312 202.678 0.799999
      vertex 194.114 202.745 0.799999
    endloop
  endfacet
  facet normal -0.32053 -0.947238 -0
    outer loop
      vertex 194.312 202.678 0.799999
      vertex 194.114 202.745 0
      vertex 194.312 202.678 0
    endloop
  endfacet
  facet normal -0.196116 -0.980581 0
    outer loop
      vertex 193.909 202.786 0
      vertex 194.114 202.745 0.799999
      vertex 193.909 202.786 0.799999
    endloop
  endfacet
  facet normal -0.196116 -0.980581 -0
    outer loop
      vertex 194.114 202.745 0.799999
      vertex 193.909 202.786 0
      vertex 194.114 202.745 0
    endloop
  endfacet
  facet normal -0.557998 -0.829843 0
    outer loop
      vertex 194.5 202.586 0
      vertex 194.674 202.469 0.799999
      vertex 194.5 202.586 0.799999
    endloop
  endfacet
  facet normal -0.557998 -0.829843 -0
    outer loop
      vertex 194.674 202.469 0.799999
      vertex 194.5 202.586 0
      vertex 194.674 202.469 0
    endloop
  endfacet
  facet normal 0.898217 -0.439553 0
    outer loop
      vertex 192.222 201.812 0.799999
      vertex 192.314 202 0
      vertex 192.314 202 0.799999
    endloop
  endfacet
  facet normal 0.898217 -0.439553 0
    outer loop
      vertex 192.314 202 0
      vertex 192.222 201.812 0.799999
      vertex 192.222 201.812 0
    endloop
  endfacet
  facet normal 0.829843 -0.557998 0
    outer loop
      vertex 192.314 202 0.799999
      vertex 192.431 202.174 0
      vertex 192.431 202.174 0.799999
    endloop
  endfacet
  facet normal 0.829843 -0.557998 0
    outer loop
      vertex 192.431 202.174 0
      vertex 192.314 202 0.799999
      vertex 192.314 202 0
    endloop
  endfacet
  facet normal 0.980581 -0.196116 0
    outer loop
      vertex 192.114 201.409 0.799999
      vertex 192.155 201.614 0
      vertex 192.155 201.614 0.799999
    endloop
  endfacet
  facet normal 0.980581 -0.196116 0
    outer loop
      vertex 192.155 201.614 0
      vertex 192.114 201.409 0.799999
      vertex 192.114 201.409 0
    endloop
  endfacet
  facet normal 0.997764 0.0668359 0
    outer loop
      vertex 192.114 200.991 0.799999
      vertex 192.1 201.2 0
      vertex 192.1 201.2 0.799999
    endloop
  endfacet
  facet normal 0.997764 0.0668359 0
    outer loop
      vertex 192.1 201.2 0
      vertex 192.114 200.991 0.799999
      vertex 192.114 200.991 0
    endloop
  endfacet
  facet normal 0.660196 -0.751093 0
    outer loop
      vertex 192.569 202.331 0
      vertex 192.726 202.469 0.799999
      vertex 192.569 202.331 0.799999
    endloop
  endfacet
  facet normal 0.660196 -0.751093 0
    outer loop
      vertex 192.726 202.469 0.799999
      vertex 192.569 202.331 0
      vertex 192.726 202.469 0
    endloop
  endfacet
  facet normal 0.196116 -0.980581 0
    outer loop
      vertex 193.286 202.745 0
      vertex 193.491 202.786 0.799999
      vertex 193.286 202.745 0.799999
    endloop
  endfacet
  facet normal 0.196116 -0.980581 0
    outer loop
      vertex 193.491 202.786 0.799999
      vertex 193.286 202.745 0
      vertex 193.491 202.786 0
    endloop
  endfacet
  facet normal -0.32053 0.947238 0
    outer loop
      vertex 194.312 199.722 0
      vertex 194.114 199.655 0.799999
      vertex 194.312 199.722 0.799999
    endloop
  endfacet
  facet normal -0.32053 0.947238 0
    outer loop
      vertex 194.114 199.655 0.799999
      vertex 194.312 199.722 0
      vertex 194.114 199.655 0
    endloop
  endfacet
  facet normal -0.196116 0.980581 0
    outer loop
      vertex 194.114 199.655 0
      vertex 193.909 199.614 0.799999
      vertex 194.114 199.655 0.799999
    endloop
  endfacet
  facet normal -0.196116 0.980581 0
    outer loop
      vertex 193.909 199.614 0.799999
      vertex 194.114 199.655 0
      vertex 193.909 199.614 0
    endloop
  endfacet
  facet normal -0.980581 0.196116 0
    outer loop
      vertex 195.245 200.786 0
      vertex 195.286 200.991 0.799999
      vertex 195.286 200.991 0
    endloop
  endfacet
  facet normal -0.980581 0.196116 0
    outer loop
      vertex 195.286 200.991 0.799999
      vertex 195.245 200.786 0
      vertex 195.245 200.786 0.799999
    endloop
  endfacet
  facet normal 0.196116 0.980581 -0
    outer loop
      vertex 193.491 199.614 0
      vertex 193.286 199.655 0.799999
      vertex 193.491 199.614 0.799999
    endloop
  endfacet
  facet normal 0.196116 0.980581 0
    outer loop
      vertex 193.286 199.655 0.799999
      vertex 193.491 199.614 0
      vertex 193.286 199.655 0
    endloop
  endfacet
  facet normal 0.557998 0.829843 -0
    outer loop
      vertex 192.9 199.814 0
      vertex 192.726 199.931 0.799999
      vertex 192.9 199.814 0.799999
    endloop
  endfacet
  facet normal 0.557998 0.829843 0
    outer loop
      vertex 192.726 199.931 0.799999
      vertex 192.9 199.814 0
      vertex 192.726 199.931 0
    endloop
  endfacet
  facet normal 0.439553 0.898217 -0
    outer loop
      vertex 193.088 199.722 0
      vertex 192.9 199.814 0.799999
      vertex 193.088 199.722 0.799999
    endloop
  endfacet
  facet normal 0.439553 0.898217 0
    outer loop
      vertex 192.9 199.814 0.799999
      vertex 193.088 199.722 0
      vertex 192.9 199.814 0
    endloop
  endfacet
  facet normal 0.947238 0.32053 0
    outer loop
      vertex 192.222 200.588 0.799999
      vertex 192.155 200.786 0
      vertex 192.155 200.786 0.799999
    endloop
  endfacet
  facet normal 0.947238 0.32053 0
    outer loop
      vertex 192.155 200.786 0
      vertex 192.222 200.588 0.799999
      vertex 192.222 200.588 0
    endloop
  endfacet
  facet normal -0.898217 -0.439553 0
    outer loop
      vertex 195.178 201.812 0
      vertex 195.086 202 0.799999
      vertex 195.086 202 0
    endloop
  endfacet
  facet normal -0.898217 -0.439553 0
    outer loop
      vertex 195.086 202 0.799999
      vertex 195.178 201.812 0
      vertex 195.178 201.812 0.799999
    endloop
  endfacet
  facet normal -0.751093 -0.660196 0
    outer loop
      vertex 194.969 202.174 0
      vertex 194.831 202.331 0.799999
      vertex 194.831 202.331 0
    endloop
  endfacet
  facet normal -0.751093 -0.660196 0
    outer loop
      vertex 194.831 202.331 0.799999
      vertex 194.969 202.174 0
      vertex 194.969 202.174 0.799999
    endloop
  endfacet
  facet normal -0.0668359 -0.997764 0
    outer loop
      vertex 193.7 202.8 0
      vertex 193.909 202.786 0.799999
      vertex 193.7 202.8 0.799999
    endloop
  endfacet
  facet normal -0.0668359 -0.997764 -0
    outer loop
      vertex 193.909 202.786 0.799999
      vertex 193.7 202.8 0
      vertex 193.909 202.786 0
    endloop
  endfacet
  facet normal -0.439553 -0.898217 0
    outer loop
      vertex 194.312 202.678 0
      vertex 194.5 202.586 0.799999
      vertex 194.312 202.678 0.799999
    endloop
  endfacet
  facet normal -0.439553 -0.898217 -0
    outer loop
      vertex 194.5 202.586 0.799999
      vertex 194.312 202.678 0
      vertex 194.5 202.586 0
    endloop
  endfacet
  facet normal 0.947238 -0.32053 0
    outer loop
      vertex 192.155 201.614 0.799999
      vertex 192.222 201.812 0
      vertex 192.222 201.812 0.799999
    endloop
  endfacet
  facet normal 0.947238 -0.32053 0
    outer loop
      vertex 192.222 201.812 0
      vertex 192.155 201.614 0.799999
      vertex 192.155 201.614 0
    endloop
  endfacet
  facet normal 0.997764 -0.0668359 0
    outer loop
      vertex 192.1 201.2 0.799999
      vertex 192.114 201.409 0
      vertex 192.114 201.409 0.799999
    endloop
  endfacet
  facet normal 0.997764 -0.0668359 0
    outer loop
      vertex 192.114 201.409 0
      vertex 192.1 201.2 0.799999
      vertex 192.1 201.2 0
    endloop
  endfacet
  facet normal 0.557998 -0.829843 0
    outer loop
      vertex 192.726 202.469 0
      vertex 192.9 202.586 0.799999
      vertex 192.726 202.469 0.799999
    endloop
  endfacet
  facet normal 0.557998 -0.829843 0
    outer loop
      vertex 192.9 202.586 0.799999
      vertex 192.726 202.469 0
      vertex 192.9 202.586 0
    endloop
  endfacet
  facet normal 0.32053 -0.947238 0
    outer loop
      vertex 193.088 202.678 0
      vertex 193.286 202.745 0.799999
      vertex 193.088 202.678 0.799999
    endloop
  endfacet
  facet normal 0.32053 -0.947238 0
    outer loop
      vertex 193.286 202.745 0.799999
      vertex 193.088 202.678 0
      vertex 193.286 202.745 0
    endloop
  endfacet
  facet normal -0.557998 0.829843 0
    outer loop
      vertex 194.674 199.931 0
      vertex 194.5 199.814 0.799999
      vertex 194.674 199.931 0.799999
    endloop
  endfacet
  facet normal -0.557998 0.829843 0
    outer loop
      vertex 194.5 199.814 0.799999
      vertex 194.674 199.931 0
      vertex 194.5 199.814 0
    endloop
  endfacet
  facet normal -0.751093 0.660196 0
    outer loop
      vertex 194.831 200.069 0
      vertex 194.969 200.226 0.799999
      vertex 194.969 200.226 0
    endloop
  endfacet
  facet normal -0.751093 0.660196 0
    outer loop
      vertex 194.969 200.226 0.799999
      vertex 194.831 200.069 0
      vertex 194.831 200.069 0.799999
    endloop
  endfacet
  facet normal -0.947238 0.32053 0
    outer loop
      vertex 195.178 200.588 0
      vertex 195.245 200.786 0.799999
      vertex 195.245 200.786 0
    endloop
  endfacet
  facet normal -0.947238 0.32053 0
    outer loop
      vertex 195.245 200.786 0.799999
      vertex 195.178 200.588 0
      vertex 195.178 200.588 0.799999
    endloop
  endfacet
  facet normal -0.829843 0.557998 0
    outer loop
      vertex 194.969 200.226 0
      vertex 195.086 200.4 0.799999
      vertex 195.086 200.4 0
    endloop
  endfacet
  facet normal -0.829843 0.557998 0
    outer loop
      vertex 195.086 200.4 0.799999
      vertex 194.969 200.226 0
      vertex 194.969 200.226 0.799999
    endloop
  endfacet
  facet normal -0.898217 0.439553 0
    outer loop
      vertex 195.086 200.4 0
      vertex 195.178 200.588 0.799999
      vertex 195.178 200.588 0
    endloop
  endfacet
  facet normal -0.898217 0.439553 0
    outer loop
      vertex 195.178 200.588 0.799999
      vertex 195.086 200.4 0
      vertex 195.086 200.4 0.799999
    endloop
  endfacet
  facet normal -0.997764 0.0668359 0
    outer loop
      vertex 195.286 200.991 0
      vertex 195.3 201.2 0.799999
      vertex 195.3 201.2 0
    endloop
  endfacet
  facet normal -0.997764 0.0668359 0
    outer loop
      vertex 195.3 201.2 0.799999
      vertex 195.286 200.991 0
      vertex 195.286 200.991 0.799999
    endloop
  endfacet
  facet normal 0.0668359 0.997764 -0
    outer loop
      vertex 193.7 199.6 0
      vertex 193.491 199.614 0.799999
      vertex 193.7 199.6 0.799999
    endloop
  endfacet
  facet normal 0.0668359 0.997764 0
    outer loop
      vertex 193.491 199.614 0.799999
      vertex 193.7 199.6 0
      vertex 193.491 199.614 0
    endloop
  endfacet
  facet normal -0.0668359 0.997764 0
    outer loop
      vertex 193.909 199.614 0
      vertex 193.7 199.6 0.799999
      vertex 193.909 199.614 0.799999
    endloop
  endfacet
  facet normal -0.0668359 0.997764 0
    outer loop
      vertex 193.7 199.6 0.799999
      vertex 193.909 199.614 0
      vertex 193.7 199.6 0
    endloop
  endfacet
  facet normal 0.829843 0.557998 0
    outer loop
      vertex 192.431 200.226 0.799999
      vertex 192.314 200.4 0
      vertex 192.314 200.4 0.799999
    endloop
  endfacet
  facet normal 0.829843 0.557998 0
    outer loop
      vertex 192.314 200.4 0
      vertex 192.431 200.226 0.799999
      vertex 192.431 200.226 0
    endloop
  endfacet
  facet normal 0.898217 0.439553 0
    outer loop
      vertex 192.314 200.4 0.799999
      vertex 192.222 200.588 0
      vertex 192.222 200.588 0.799999
    endloop
  endfacet
  facet normal 0.898217 0.439553 0
    outer loop
      vertex 192.222 200.588 0
      vertex 192.314 200.4 0.799999
      vertex 192.314 200.4 0
    endloop
  endfacet
  facet normal 0.980581 0.196116 0
    outer loop
      vertex 192.155 200.786 0.799999
      vertex 192.114 200.991 0
      vertex 192.114 200.991 0.799999
    endloop
  endfacet
  facet normal 0.980581 0.196116 0
    outer loop
      vertex 192.114 200.991 0
      vertex 192.155 200.786 0.799999
      vertex 192.155 200.786 0
    endloop
  endfacet
  facet normal -0.439553 0.898217 0
    outer loop
      vertex 194.5 199.814 0
      vertex 194.312 199.722 0.799999
      vertex 194.5 199.814 0.799999
    endloop
  endfacet
  facet normal -0.439553 0.898217 0
    outer loop
      vertex 194.312 199.722 0.799999
      vertex 194.5 199.814 0
      vertex 194.312 199.722 0
    endloop
  endfacet
  facet normal -0.660196 0.751093 0
    outer loop
      vertex 194.831 200.069 0
      vertex 194.674 199.931 0.799999
      vertex 194.831 200.069 0.799999
    endloop
  endfacet
  facet normal -0.660196 0.751093 0
    outer loop
      vertex 194.674 199.931 0.799999
      vertex 194.831 200.069 0
      vertex 194.674 199.931 0
    endloop
  endfacet
  facet normal 0.32053 0.947238 -0
    outer loop
      vertex 193.286 199.655 0
      vertex 193.088 199.722 0.799999
      vertex 193.286 199.655 0.799999
    endloop
  endfacet
  facet normal 0.32053 0.947238 0
    outer loop
      vertex 193.088 199.722 0.799999
      vertex 193.286 199.655 0
      vertex 193.088 199.722 0
    endloop
  endfacet
  facet normal 0.751093 0.660196 0
    outer loop
      vertex 192.569 200.069 0.799999
      vertex 192.431 200.226 0
      vertex 192.431 200.226 0.799999
    endloop
  endfacet
  facet normal 0.751093 0.660196 0
    outer loop
      vertex 192.431 200.226 0
      vertex 192.569 200.069 0.799999
      vertex 192.569 200.069 0
    endloop
  endfacet
  facet normal -0.946941 -0.321408 0
    outer loop
      vertex 12.7216 18.5953 0.799999
      vertex 12.6249 18.8802 5
      vertex 12.6249 18.8802 0.799999
    endloop
  endfacet
  facet normal -0.946941 -0.321408 0
    outer loop
      vertex 12.6249 18.8802 5
      vertex 12.7216 18.5953 0.799999
      vertex 12.7216 18.5953 5
    endloop
  endfacet
  facet normal -0.997854 -0.0654821 0
    outer loop
      vertex 12.8 18 0.799999
      vertex 12.7803 18.3002 5
      vertex 12.7803 18.3002 0.799999
    endloop
  endfacet
  facet normal -0.997854 -0.0654821 0
    outer loop
      vertex 12.7803 18.3002 5
      vertex 12.8 18 0.799999
      vertex 12.8 18 5
    endloop
  endfacet
  facet normal 0.0654821 -0.997854 0
    outer loop
      vertex 10.1998 20.2803 0.799999
      vertex 10.5 20.3 5
      vertex 10.1998 20.2803 5
    endloop
  endfacet
  facet normal 0.0654821 -0.997854 0
    outer loop
      vertex 10.5 20.3 5
      vertex 10.1998 20.2803 0.799999
      vertex 10.5 20.3 0.799999
    endloop
  endfacet
  facet normal -0.659563 -0.751649 0
    outer loop
      vertex 11.9002 19.8247 0.799999
      vertex 12.1263 19.6263 5
      vertex 11.9002 19.8247 5
    endloop
  endfacet
  facet normal -0.659563 -0.751649 -0
    outer loop
      vertex 12.1263 19.6263 5
      vertex 11.9002 19.8247 0.799999
      vertex 12.1263 19.6263 0.799999
    endloop
  endfacet
  facet normal 0.751715 -0.659488 0
    outer loop
      vertex 8.67529 19.4002 5
      vertex 8.87365 19.6263 0.799999
      vertex 8.87365 19.6263 5
    endloop
  endfacet
  facet normal 0.751715 -0.659488 0
    outer loop
      vertex 8.87365 19.6263 0.799999
      vertex 8.67529 19.4002 5
      vertex 8.67529 19.4002 0.799999
    endloop
  endfacet
  facet normal 0.442114 -0.896959 0
    outer loop
      vertex 9.35 19.9919 0.799999
      vertex 9.61983 20.1249 5
      vertex 9.35 19.9919 5
    endloop
  endfacet
  facet normal 0.442114 -0.896959 0
    outer loop
      vertex 9.61983 20.1249 5
      vertex 9.35 19.9919 0.799999
      vertex 9.61983 20.1249 0.799999
    endloop
  endfacet
  facet normal -0.89694 0.442153 0
    outer loop
      vertex 12.4919 16.85 0.799999
      vertex 12.6249 17.1198 5
      vertex 12.6249 17.1198 0.799999
    endloop
  endfacet
  facet normal -0.89694 0.442153 0
    outer loop
      vertex 12.6249 17.1198 5
      vertex 12.4919 16.85 0.799999
      vertex 12.4919 16.85 5
    endloop
  endfacet
  facet normal 0.751715 0.659488 0
    outer loop
      vertex 8.87365 16.3737 5
      vertex 8.67529 16.5998 0.799999
      vertex 8.67529 16.5998 5
    endloop
  endfacet
  facet normal 0.751715 0.659488 0
    outer loop
      vertex 8.67529 16.5998 0.799999
      vertex 8.87365 16.3737 5
      vertex 8.87365 16.3737 0.799999
    endloop
  endfacet
  facet normal -0.89694 -0.442153 0
    outer loop
      vertex 12.6249 18.8802 0.799999
      vertex 12.4919 19.15 5
      vertex 12.4919 19.15 0.799999
    endloop
  endfacet
  facet normal -0.89694 -0.442153 0
    outer loop
      vertex 12.4919 19.15 5
      vertex 12.6249 18.8802 0.799999
      vertex 12.6249 18.8802 5
    endloop
  endfacet
  facet normal -0.831436 -0.55562 0
    outer loop
      vertex 12.4919 19.15 0.799999
      vertex 12.3247 19.4002 5
      vertex 12.3247 19.4002 0.799999
    endloop
  endfacet
  facet normal -0.831436 -0.55562 0
    outer loop
      vertex 12.3247 19.4002 5
      vertex 12.4919 19.15 0.799999
      vertex 12.4919 19.15 5
    endloop
  endfacet
  facet normal -0.321408 -0.946941 0
    outer loop
      vertex 11.0953 20.2216 0.799999
      vertex 11.3802 20.1249 5
      vertex 11.0953 20.2216 5
    endloop
  endfacet
  facet normal -0.321408 -0.946941 -0
    outer loop
      vertex 11.3802 20.1249 5
      vertex 11.0953 20.2216 0.799999
      vertex 11.3802 20.1249 0.799999
    endloop
  endfacet
  facet normal -0.195093 -0.980785 0
    outer loop
      vertex 10.8002 20.2803 0.799999
      vertex 11.0953 20.2216 5
      vertex 10.8002 20.2803 5
    endloop
  endfacet
  facet normal -0.195093 -0.980785 -0
    outer loop
      vertex 11.0953 20.2216 5
      vertex 10.8002 20.2803 0.799999
      vertex 11.0953 20.2216 0.799999
    endloop
  endfacet
  facet normal -0.55562 -0.831436 0
    outer loop
      vertex 11.65 19.9919 0.799999
      vertex 11.9002 19.8247 5
      vertex 11.65 19.9919 5
    endloop
  endfacet
  facet normal -0.55562 -0.831436 -0
    outer loop
      vertex 11.9002 19.8247 5
      vertex 11.65 19.9919 0.799999
      vertex 11.9002 19.8247 0.799999
    endloop
  endfacet
  facet normal 0.946931 -0.321438 0
    outer loop
      vertex 8.27837 18.5953 5
      vertex 8.37508 18.8802 0.799999
      vertex 8.37508 18.8802 5
    endloop
  endfacet
  facet normal 0.946931 -0.321438 0
    outer loop
      vertex 8.37508 18.8802 0.799999
      vertex 8.27837 18.5953 5
      vertex 8.27837 18.5953 0.799999
    endloop
  endfacet
  facet normal 0.89686 -0.442314 0
    outer loop
      vertex 8.37508 18.8802 5
      vertex 8.50814 19.15 0.799999
      vertex 8.50814 19.15 5
    endloop
  endfacet
  facet normal 0.89686 -0.442314 0
    outer loop
      vertex 8.50814 19.15 0.799999
      vertex 8.37508 18.8802 5
      vertex 8.37508 18.8802 0.799999
    endloop
  endfacet
  facet normal 0.980791 -0.195061 0
    outer loop
      vertex 8.21968 18.3002 5
      vertex 8.27837 18.5953 0.799999
      vertex 8.27837 18.5953 5
    endloop
  endfacet
  facet normal 0.980791 -0.195061 0
    outer loop
      vertex 8.27837 18.5953 0.799999
      vertex 8.21968 18.3002 5
      vertex 8.21968 18.3002 0.799999
    endloop
  endfacet
  facet normal 0.997858 0.0654159 0
    outer loop
      vertex 8.21968 17.6998 5
      vertex 8.2 18 0.799999
      vertex 8.2 18 5
    endloop
  endfacet
  facet normal 0.997858 0.0654159 0
    outer loop
      vertex 8.2 18 0.799999
      vertex 8.21968 17.6998 5
      vertex 8.21968 17.6998 0.799999
    endloop
  endfacet
  facet normal 0.555697 -0.831385 0
    outer loop
      vertex 9.09985 19.8247 0.799999
      vertex 9.35 19.9919 5
      vertex 9.09985 19.8247 5
    endloop
  endfacet
  facet normal 0.555697 -0.831385 0
    outer loop
      vertex 9.35 19.9919 5
      vertex 9.09985 19.8247 0.799999
      vertex 9.35 19.9919 0.799999
    endloop
  endfacet
  facet normal 0.195106 -0.980782 0
    outer loop
      vertex 9.90472 20.2216 0.799999
      vertex 10.1998 20.2803 5
      vertex 9.90472 20.2216 5
    endloop
  endfacet
  facet normal 0.195106 -0.980782 0
    outer loop
      vertex 10.1998 20.2803 5
      vertex 9.90472 20.2216 0.799999
      vertex 10.1998 20.2803 0.799999
    endloop
  endfacet
  facet normal -0.751649 0.659563 0
    outer loop
      vertex 12.1263 16.3737 0.799999
      vertex 12.3247 16.5998 5
      vertex 12.3247 16.5998 0.799999
    endloop
  endfacet
  facet normal -0.751649 0.659563 0
    outer loop
      vertex 12.3247 16.5998 5
      vertex 12.1263 16.3737 0.799999
      vertex 12.1263 16.3737 5
    endloop
  endfacet
  facet normal -0.55562 0.831436 0
    outer loop
      vertex 11.9002 16.1753 0.799999
      vertex 11.65 16.0081 5
      vertex 11.9002 16.1753 5
    endloop
  endfacet
  facet normal -0.55562 0.831436 0
    outer loop
      vertex 11.65 16.0081 5
      vertex 11.9002 16.1753 0.799999
      vertex 11.65 16.0081 0.799999
    endloop
  endfacet
  facet normal 0.195106 0.980782 -0
    outer loop
      vertex 10.1998 15.7197 0.799999
      vertex 9.90472 15.7784 5
      vertex 10.1998 15.7197 5
    endloop
  endfacet
  facet normal 0.195106 0.980782 0
    outer loop
      vertex 9.90472 15.7784 5
      vertex 10.1998 15.7197 0.799999
      vertex 9.90472 15.7784 0.799999
    endloop
  endfacet
  facet normal 0.946931 0.321438 0
    outer loop
      vertex 8.37508 17.1198 5
      vertex 8.27837 17.4047 0.799999
      vertex 8.27837 17.4047 5
    endloop
  endfacet
  facet normal 0.946931 0.321438 0
    outer loop
      vertex 8.27837 17.4047 0.799999
      vertex 8.37508 17.1198 5
      vertex 8.37508 17.1198 0.799999
    endloop
  endfacet
  facet normal 0.831513 0.555505 0
    outer loop
      vertex 8.67529 16.5998 5
      vertex 8.50814 16.85 0.799999
      vertex 8.50814 16.85 5
    endloop
  endfacet
  facet normal 0.831513 0.555505 0
    outer loop
      vertex 8.50814 16.85 0.799999
      vertex 8.67529 16.5998 5
      vertex 8.67529 16.5998 0.799999
    endloop
  endfacet
  facet normal 0.89686 0.442314 0
    outer loop
      vertex 8.50814 16.85 5
      vertex 8.37508 17.1198 0.799999
      vertex 8.37508 17.1198 5
    endloop
  endfacet
  facet normal 0.89686 0.442314 0
    outer loop
      vertex 8.37508 17.1198 0.799999
      vertex 8.50814 16.85 5
      vertex 8.50814 16.85 0.799999
    endloop
  endfacet
  facet normal -0.442153 -0.89694 0
    outer loop
      vertex 11.3802 20.1249 0.799999
      vertex 11.65 19.9919 5
      vertex 11.3802 20.1249 5
    endloop
  endfacet
  facet normal -0.442153 -0.89694 -0
    outer loop
      vertex 11.65 19.9919 5
      vertex 11.3802 20.1249 0.799999
      vertex 11.65 19.9919 0.799999
    endloop
  endfacet
  facet normal 0 0 1
    outer loop
      vertex 12.1 18 0.799999
      vertex 12.8 18 0.799999
      vertex 12.7803 18.3002 0.799999
    endloop
  endfacet
  facet normal 0 0 1
    outer loop
      vertex 12.0863 18.2088 0.799999
      vertex 12.7803 18.3002 0.799999
      vertex 12.7216 18.5953 0.799999
    endloop
  endfacet
  facet normal 0 0 1
    outer loop
      vertex 12.8 18 0.799999
      vertex 12.1 18 0.799999
      vertex 12.7803 17.6998 0.799999
    endloop
  endfacet
  facet normal 0 0 1
    outer loop
      vertex 12.0455 18.4141 0.799999
      vertex 12.7216 18.5953 0.799999
      vertex 12.6249 18.8802 0.799999
    endloop
  endfacet
  facet normal -0 0 1
    outer loop
      vertex 12.0863 17.7912 0.799999
      vertex 12.7803 17.6998 0.799999
      vertex 12.1 18 0.799999
    endloop
  endfacet
  facet normal 0 0 1
    outer loop
      vertex 11.9782 18.6123 0.799999
      vertex 12.6249 18.8802 0.799999
      vertex 12.4919 19.15 0.799999
    endloop
  endfacet
  facet normal 0 0 1
    outer loop
      vertex 12.7803 17.6998 0.799999
      vertex 12.0863 17.7912 0.799999
      vertex 12.7216 17.4047 0.799999
    endloop
  endfacet
  facet normal 0 0 1
    outer loop
      vertex 11.8856 18.8 0.799999
      vertex 12.4919 19.15 0.799999
      vertex 12.3247 19.4002 0.799999
    endloop
  endfacet
  facet normal -0 0 1
    outer loop
      vertex 12.0455 17.5859 0.799999
      vertex 12.7216 17.4047 0.799999
      vertex 12.0863 17.7912 0.799999
    endloop
  endfacet
  facet normal 0 0 1
    outer loop
      vertex 11.7694 18.974 0.799999
      vertex 12.3247 19.4002 0.799999
      vertex 12.1263 19.6263 0.799999
    endloop
  endfacet
  facet normal 0 0 1
    outer loop
      vertex 12.7216 17.4047 0.799999
      vertex 12.0455 17.5859 0.799999
      vertex 12.6249 17.1198 0.799999
    endloop
  endfacet
  facet normal -0 0 1
    outer loop
      vertex 11.9782 17.3877 0.799999
      vertex 12.6249 17.1198 0.799999
      vertex 12.0455 17.5859 0.799999
    endloop
  endfacet
  facet normal 0 0 1
    outer loop
      vertex 12.7803 18.3002 0.799999
      vertex 12.0863 18.2088 0.799999
      vertex 12.1 18 0.799999
    endloop
  endfacet
  facet normal 0 0 1
    outer loop
      vertex 12.7216 18.5953 0.799999
      vertex 12.0455 18.4141 0.799999
      vertex 12.0863 18.2088 0.799999
    endloop
  endfacet
  facet normal 0 0 1
    outer loop
      vertex 12.6249 18.8802 0.799999
      vertex 11.9782 18.6123 0.799999
      vertex 12.0455 18.4141 0.799999
    endloop
  endfacet
  facet normal 0 0 1
    outer loop
      vertex 11.6314 19.1314 0.799999
      vertex 12.1263 19.6263 0.799999
      vertex 11.9002 19.8247 0.799999
    endloop
  endfacet
  facet normal 0 0 1
    outer loop
      vertex 12.4919 19.15 0.799999
      vertex 11.8856 18.8 0.799999
      vertex 11.9782 18.6123 0.799999
    endloop
  endfacet
  facet normal 0 0 1
    outer loop
      vertex 12.3247 19.4002 0.799999
      vertex 11.7694 18.974 0.799999
      vertex 11.8856 18.8 0.799999
    endloop
  endfacet
  facet normal 0 0 1
    outer loop
      vertex 11.474 19.2694 0.799999
      vertex 11.9002 19.8247 0.799999
      vertex 11.65 19.9919 0.799999
    endloop
  endfacet
  facet normal 0 0 1
    outer loop
      vertex 12.1263 19.6263 0.799999
      vertex 11.6314 19.1314 0.799999
      vertex 11.7694 18.974 0.799999
    endloop
  endfacet
  facet normal 0 0 1
    outer loop
      vertex 11.9002 19.8247 0.799999
      vertex 11.474 19.2694 0.799999
      vertex 11.6314 19.1314 0.799999
    endloop
  endfacet
  facet normal 0 0 1
    outer loop
      vertex 11.3 19.3856 0.799999
      vertex 11.65 19.9919 0.799999
      vertex 11.3802 20.1249 0.799999
    endloop
  endfacet
  facet normal 0 0 1
    outer loop
      vertex 11.65 19.9919 0.799999
      vertex 11.3 19.3856 0.799999
      vertex 11.474 19.2694 0.799999
    endloop
  endfacet
  facet normal 0 0 1
    outer loop
      vertex 11.3802 20.1249 0.799999
      vertex 11.1123 19.4782 0.799999
      vertex 11.3 19.3856 0.799999
    endloop
  endfacet
  facet normal 0 0 1
    outer loop
      vertex 11.0953 20.2216 0.799999
      vertex 11.1123 19.4782 0.799999
      vertex 11.3802 20.1249 0.799999
    endloop
  endfacet
  facet normal 0 0 1
    outer loop
      vertex 11.0953 20.2216 0.799999
      vertex 10.9141 19.5455 0.799999
      vertex 11.1123 19.4782 0.799999
    endloop
  endfacet
  facet normal 0 0 1
    outer loop
      vertex 10.8002 20.2803 0.799999
      vertex 10.9141 19.5455 0.799999
      vertex 11.0953 20.2216 0.799999
    endloop
  endfacet
  facet normal 0 0 1
    outer loop
      vertex 10.8002 20.2803 0.799999
      vertex 10.7088 19.5863 0.799999
      vertex 10.9141 19.5455 0.799999
    endloop
  endfacet
  facet normal 0 0 1
    outer loop
      vertex 10.5 20.3 0.799999
      vertex 10.7088 19.5863 0.799999
      vertex 10.8002 20.2803 0.799999
    endloop
  endfacet
  facet normal 0 0 1
    outer loop
      vertex 10.5 20.3 0.799999
      vertex 10.5 19.6 0.799999
      vertex 10.7088 19.5863 0.799999
    endloop
  endfacet
  facet normal 0 0 1
    outer loop
      vertex 10.5 20.3 0.799999
      vertex 10.2912 19.5863 0.799999
      vertex 10.5 19.6 0.799999
    endloop
  endfacet
  facet normal -0 0 1
    outer loop
      vertex 10.1998 20.2803 0.799999
      vertex 10.2912 19.5863 0.799999
      vertex 10.5 20.3 0.799999
    endloop
  endfacet
  facet normal 0 0 1
    outer loop
      vertex 10.1998 20.2803 0.799999
      vertex 10.0859 19.5455 0.799999
      vertex 10.2912 19.5863 0.799999
    endloop
  endfacet
  facet normal -0 0 1
    outer loop
      vertex 9.90472 20.2216 0.799999
      vertex 10.0859 19.5455 0.799999
      vertex 10.1998 20.2803 0.799999
    endloop
  endfacet
  facet normal 0 0 1
    outer loop
      vertex 9.90472 20.2216 0.799999
      vertex 9.88771 19.4782 0.799999
      vertex 10.0859 19.5455 0.799999
    endloop
  endfacet
  facet normal -0 0 1
    outer loop
      vertex 9.61983 20.1249 0.799999
      vertex 9.88771 19.4782 0.799999
      vertex 9.90472 20.2216 0.799999
    endloop
  endfacet
  facet normal 0 0 1
    outer loop
      vertex 9.88771 19.4782 0.799999
      vertex 9.61983 20.1249 0.799999
      vertex 9.7 19.3856 0.799999
    endloop
  endfacet
  facet normal -0 0 1
    outer loop
      vertex 9.35 19.9919 0.799999
      vertex 9.7 19.3856 0.799999
      vertex 9.61983 20.1249 0.799999
    endloop
  endfacet
  facet normal 0 0 1
    outer loop
      vertex 9.7 19.3856 0.799999
      vertex 9.35 19.9919 0.799999
      vertex 9.52598 19.2694 0.799999
    endloop
  endfacet
  facet normal -0 0 1
    outer loop
      vertex 9.09985 19.8247 0.799999
      vertex 9.52598 19.2694 0.799999
      vertex 9.35 19.9919 0.799999
    endloop
  endfacet
  facet normal 0 0 1
    outer loop
      vertex 9.52598 19.2694 0.799999
      vertex 9.09985 19.8247 0.799999
      vertex 9.36863 19.1314 0.799999
    endloop
  endfacet
  facet normal -0 0 1
    outer loop
      vertex 8.87365 19.6263 0.799999
      vertex 9.36863 19.1314 0.799999
      vertex 9.09985 19.8247 0.799999
    endloop
  endfacet
  facet normal 0 0 1
    outer loop
      vertex 9.36863 19.1314 0.799999
      vertex 8.87365 19.6263 0.799999
      vertex 9.23063 18.974 0.799999
    endloop
  endfacet
  facet normal -0 0 1
    outer loop
      vertex 8.67529 19.4002 0.799999
      vertex 9.23063 18.974 0.799999
      vertex 8.87365 19.6263 0.799999
    endloop
  endfacet
  facet normal 0 0 1
    outer loop
      vertex 9.23063 18.974 0.799999
      vertex 8.67529 19.4002 0.799999
      vertex 9.11436 18.8 0.799999
    endloop
  endfacet
  facet normal -0 0 1
    outer loop
      vertex 8.50814 19.15 0.799999
      vertex 9.11436 18.8 0.799999
      vertex 8.67529 19.4002 0.799999
    endloop
  endfacet
  facet normal -0 0 1
    outer loop
      vertex 8.37508 18.8802 0.799999
      vertex 9.02179 18.6123 0.799999
      vertex 8.50814 19.15 0.799999
    endloop
  endfacet
  facet normal 0 0 1
    outer loop
      vertex 9.11436 18.8 0.799999
      vertex 8.50814 19.15 0.799999
      vertex 9.02179 18.6123 0.799999
    endloop
  endfacet
  facet normal 0 0 1
    outer loop
      vertex 12.6249 17.1198 0.799999
      vertex 11.9782 17.3877 0.799999
      vertex 12.4919 16.85 0.799999
    endloop
  endfacet
  facet normal -0 0 1
    outer loop
      vertex 11.8856 17.2 0.799999
      vertex 12.4919 16.85 0.799999
      vertex 11.9782 17.3877 0.799999
    endloop
  endfacet
  facet normal 0 0 1
    outer loop
      vertex 12.4919 16.85 0.799999
      vertex 11.8856 17.2 0.799999
      vertex 12.3247 16.5998 0.799999
    endloop
  endfacet
  facet normal -0 0 1
    outer loop
      vertex 11.7694 17.026 0.799999
      vertex 12.3247 16.5998 0.799999
      vertex 11.8856 17.2 0.799999
    endloop
  endfacet
  facet normal 0 0 1
    outer loop
      vertex 12.3247 16.5998 0.799999
      vertex 11.7694 17.026 0.799999
      vertex 12.1263 16.3737 0.799999
    endloop
  endfacet
  facet normal -0 0 1
    outer loop
      vertex 11.6314 16.8686 0.799999
      vertex 12.1263 16.3737 0.799999
      vertex 11.7694 17.026 0.799999
    endloop
  endfacet
  facet normal 0 0 1
    outer loop
      vertex 12.1263 16.3737 0.799999
      vertex 11.6314 16.8686 0.799999
      vertex 11.9002 16.1753 0.799999
    endloop
  endfacet
  facet normal -0 0 1
    outer loop
      vertex 11.474 16.7306 0.799999
      vertex 11.9002 16.1753 0.799999
      vertex 11.6314 16.8686 0.799999
    endloop
  endfacet
  facet normal 0 0 1
    outer loop
      vertex 11.9002 16.1753 0.799999
      vertex 11.474 16.7306 0.799999
      vertex 11.65 16.0081 0.799999
    endloop
  endfacet
  facet normal -0 0 1
    outer loop
      vertex 11.3 16.6144 0.799999
      vertex 11.65 16.0081 0.799999
      vertex 11.474 16.7306 0.799999
    endloop
  endfacet
  facet normal 0 0 1
    outer loop
      vertex 11.65 16.0081 0.799999
      vertex 11.3 16.6144 0.799999
      vertex 11.3802 15.8751 0.799999
    endloop
  endfacet
  facet normal -0 0 1
    outer loop
      vertex 11.1123 16.5218 0.799999
      vertex 11.3802 15.8751 0.799999
      vertex 11.3 16.6144 0.799999
    endloop
  endfacet
  facet normal 0 0 1
    outer loop
      vertex 11.1123 16.5218 0.799999
      vertex 11.0953 15.7784 0.799999
      vertex 11.3802 15.8751 0.799999
    endloop
  endfacet
  facet normal -0 0 1
    outer loop
      vertex 10.9141 16.4545 0.799999
      vertex 11.0953 15.7784 0.799999
      vertex 11.1123 16.5218 0.799999
    endloop
  endfacet
  facet normal 0 0 1
    outer loop
      vertex 10.9141 16.4545 0.799999
      vertex 10.8002 15.7197 0.799999
      vertex 11.0953 15.7784 0.799999
    endloop
  endfacet
  facet normal -0 0 1
    outer loop
      vertex 10.7088 16.4137 0.799999
      vertex 10.8002 15.7197 0.799999
      vertex 10.9141 16.4545 0.799999
    endloop
  endfacet
  facet normal -0 0 1
    outer loop
      vertex 10.5 16.4 0.799999
      vertex 10.8002 15.7197 0.799999
      vertex 10.7088 16.4137 0.799999
    endloop
  endfacet
  facet normal 0 0 1
    outer loop
      vertex 10.5 16.4 0.799999
      vertex 10.5 15.7 0.799999
      vertex 10.8002 15.7197 0.799999
    endloop
  endfacet
  facet normal 0 0 1
    outer loop
      vertex 10.2912 16.4137 0.799999
      vertex 10.5 15.7 0.799999
      vertex 10.5 16.4 0.799999
    endloop
  endfacet
  facet normal 0 0 1
    outer loop
      vertex 10.2912 16.4137 0.799999
      vertex 10.1998 15.7197 0.799999
      vertex 10.5 15.7 0.799999
    endloop
  endfacet
  facet normal 0 0 1
    outer loop
      vertex 10.0859 16.4545 0.799999
      vertex 10.1998 15.7197 0.799999
      vertex 10.2912 16.4137 0.799999
    endloop
  endfacet
  facet normal 0 0 1
    outer loop
      vertex 10.0859 16.4545 0.799999
      vertex 9.90472 15.7784 0.799999
      vertex 10.1998 15.7197 0.799999
    endloop
  endfacet
  facet normal 0 0 1
    outer loop
      vertex 9.88771 16.5218 0.799999
      vertex 9.90472 15.7784 0.799999
      vertex 10.0859 16.4545 0.799999
    endloop
  endfacet
  facet normal 0 0 1
    outer loop
      vertex 9.61983 15.8751 0.799999
      vertex 9.88771 16.5218 0.799999
      vertex 9.7 16.6144 0.799999
    endloop
  endfacet
  facet normal 0 0 1
    outer loop
      vertex 9.88771 16.5218 0.799999
      vertex 9.61983 15.8751 0.799999
      vertex 9.90472 15.7784 0.799999
    endloop
  endfacet
  facet normal 0 0 1
    outer loop
      vertex 9.35 16.0081 0.799999
      vertex 9.7 16.6144 0.799999
      vertex 9.52598 16.7306 0.799999
    endloop
  endfacet
  facet normal 0 0 1
    outer loop
      vertex 9.09985 16.1753 0.799999
      vertex 9.52598 16.7306 0.799999
      vertex 9.36863 16.8686 0.799999
    endloop
  endfacet
  facet normal 0 0 1
    outer loop
      vertex 9.7 16.6144 0.799999
      vertex 9.35 16.0081 0.799999
      vertex 9.61983 15.8751 0.799999
    endloop
  endfacet
  facet normal 0 0 1
    outer loop
      vertex 8.87365 16.3737 0.799999
      vertex 9.36863 16.8686 0.799999
      vertex 9.23063 17.026 0.799999
    endloop
  endfacet
  facet normal 0 0 1
    outer loop
      vertex 8.67529 16.5998 0.799999
      vertex 9.23063 17.026 0.799999
      vertex 9.11436 17.2 0.799999
    endloop
  endfacet
  facet normal 0 0 1
    outer loop
      vertex 9.52598 16.7306 0.799999
      vertex 9.09985 16.1753 0.799999
      vertex 9.35 16.0081 0.799999
    endloop
  endfacet
  facet normal 0 0 1
    outer loop
      vertex 8.50814 16.85 0.799999
      vertex 9.11436 17.2 0.799999
      vertex 9.02179 17.3877 0.799999
    endloop
  endfacet
  facet normal 0 0 1
    outer loop
      vertex 8.37508 17.1198 0.799999
      vertex 9.02179 17.3877 0.799999
      vertex 8.95452 17.5859 0.799999
    endloop
  endfacet
  facet normal 0 0 1
    outer loop
      vertex 8.27837 17.4047 0.799999
      vertex 8.95452 17.5859 0.799999
      vertex 8.91369 17.7912 0.799999
    endloop
  endfacet
  facet normal 0 0 1
    outer loop
      vertex 9.36863 16.8686 0.799999
      vertex 8.87365 16.3737 0.799999
      vertex 9.09985 16.1753 0.799999
    endloop
  endfacet
  facet normal 0 0 1
    outer loop
      vertex 8.21968 17.6998 0.799999
      vertex 8.91369 17.7912 0.799999
      vertex 8.9 18 0.799999
    endloop
  endfacet
  facet normal 0 0 1
    outer loop
      vertex 9.02179 18.6123 0.799999
      vertex 8.37508 18.8802 0.799999
      vertex 8.95452 18.4141 0.799999
    endloop
  endfacet
  facet normal -0 0 1
    outer loop
      vertex 8.27837 18.5953 0.799999
      vertex 8.95452 18.4141 0.799999
      vertex 8.37508 18.8802 0.799999
    endloop
  endfacet
  facet normal 0 0 1
    outer loop
      vertex 9.23063 17.026 0.799999
      vertex 8.67529 16.5998 0.799999
      vertex 8.87365 16.3737 0.799999
    endloop
  endfacet
  facet normal 0 0 1
    outer loop
      vertex 8.95452 18.4141 0.799999
      vertex 8.27837 18.5953 0.799999
      vertex 8.91369 18.2088 0.799999
    endloop
  endfacet
  facet normal 0 0 1
    outer loop
      vertex 9.11436 17.2 0.799999
      vertex 8.50814 16.85 0.799999
      vertex 8.67529 16.5998 0.799999
    endloop
  endfacet
  facet normal -0 0 1
    outer loop
      vertex 8.21968 18.3002 0.799999
      vertex 8.91369 18.2088 0.799999
      vertex 8.27837 18.5953 0.799999
    endloop
  endfacet
  facet normal 0 0 1
    outer loop
      vertex 9.02179 17.3877 0.799999
      vertex 8.37508 17.1198 0.799999
      vertex 8.50814 16.85 0.799999
    endloop
  endfacet
  facet normal 0 0 1
    outer loop
      vertex 8.91369 18.2088 0.799999
      vertex 8.21968 18.3002 0.799999
      vertex 8.9 18 0.799999
    endloop
  endfacet
  facet normal 0 0 1
    outer loop
      vertex 8.95452 17.5859 0.799999
      vertex 8.27837 17.4047 0.799999
      vertex 8.37508 17.1198 0.799999
    endloop
  endfacet
  facet normal 0 0 1
    outer loop
      vertex 8.2 18 0.799999
      vertex 8.9 18 0.799999
      vertex 8.21968 18.3002 0.799999
    endloop
  endfacet
  facet normal 0 0 1
    outer loop
      vertex 8.91369 17.7912 0.799999
      vertex 8.21968 17.6998 0.799999
      vertex 8.27837 17.4047 0.799999
    endloop
  endfacet
  facet normal 0 0 1
    outer loop
      vertex 8.9 18 0.799999
      vertex 8.2 18 0.799999
      vertex 8.21968 17.6998 0.799999
    endloop
  endfacet
  facet normal 0.321418 -0.946937 0
    outer loop
      vertex 9.61983 20.1249 0.799999
      vertex 9.90472 20.2216 5
      vertex 9.61983 20.1249 5
    endloop
  endfacet
  facet normal 0.321418 -0.946937 0
    outer loop
      vertex 9.90472 20.2216 5
      vertex 9.61983 20.1249 0.799999
      vertex 9.90472 20.2216 0.799999
    endloop
  endfacet
  facet normal -0.997854 0.0654821 0
    outer loop
      vertex 12.7803 17.6998 0.799999
      vertex 12.8 18 5
      vertex 12.8 18 0.799999
    endloop
  endfacet
  facet normal -0.997854 0.0654821 0
    outer loop
      vertex 12.8 18 5
      vertex 12.7803 17.6998 0.799999
      vertex 12.7803 17.6998 5
    endloop
  endfacet
  facet normal -0.980785 0.195093 0
    outer loop
      vertex 12.7216 17.4047 0.799999
      vertex 12.7803 17.6998 5
      vertex 12.7803 17.6998 0.799999
    endloop
  endfacet
  facet normal -0.980785 0.195093 0
    outer loop
      vertex 12.7803 17.6998 5
      vertex 12.7216 17.4047 0.799999
      vertex 12.7216 17.4047 5
    endloop
  endfacet
  facet normal -0.442153 0.89694 0
    outer loop
      vertex 11.65 16.0081 0.799999
      vertex 11.3802 15.8751 5
      vertex 11.65 16.0081 5
    endloop
  endfacet
  facet normal -0.442153 0.89694 0
    outer loop
      vertex 11.3802 15.8751 5
      vertex 11.65 16.0081 0.799999
      vertex 11.3802 15.8751 0.799999
    endloop
  endfacet
  facet normal -0.195093 0.980785 0
    outer loop
      vertex 11.0953 15.7784 0.799999
      vertex 10.8002 15.7197 5
      vertex 11.0953 15.7784 5
    endloop
  endfacet
  facet normal -0.195093 0.980785 0
    outer loop
      vertex 10.8002 15.7197 5
      vertex 11.0953 15.7784 0.799999
      vertex 10.8002 15.7197 0.799999
    endloop
  endfacet
  facet normal -0.321408 0.946941 0
    outer loop
      vertex 11.3802 15.8751 0.799999
      vertex 11.0953 15.7784 5
      vertex 11.3802 15.8751 5
    endloop
  endfacet
  facet normal -0.321408 0.946941 0
    outer loop
      vertex 11.0953 15.7784 5
      vertex 11.3802 15.8751 0.799999
      vertex 11.0953 15.7784 0.799999
    endloop
  endfacet
  facet normal -0.659563 0.751649 0
    outer loop
      vertex 12.1263 16.3737 0.799999
      vertex 11.9002 16.1753 5
      vertex 12.1263 16.3737 5
    endloop
  endfacet
  facet normal -0.659563 0.751649 0
    outer loop
      vertex 11.9002 16.1753 5
      vertex 12.1263 16.3737 0.799999
      vertex 11.9002 16.1753 0.799999
    endloop
  endfacet
  facet normal -0.831436 0.55562 0
    outer loop
      vertex 12.3247 16.5998 0.799999
      vertex 12.4919 16.85 5
      vertex 12.4919 16.85 0.799999
    endloop
  endfacet
  facet normal -0.831436 0.55562 0
    outer loop
      vertex 12.4919 16.85 5
      vertex 12.3247 16.5998 0.799999
      vertex 12.3247 16.5998 5
    endloop
  endfacet
  facet normal 0.0654821 0.997854 -0
    outer loop
      vertex 10.5 15.7 0.799999
      vertex 10.1998 15.7197 5
      vertex 10.5 15.7 5
    endloop
  endfacet
  facet normal 0.0654821 0.997854 0
    outer loop
      vertex 10.1998 15.7197 5
      vertex 10.5 15.7 0.799999
      vertex 10.1998 15.7197 0.799999
    endloop
  endfacet
  facet normal 0.442114 0.896959 -0
    outer loop
      vertex 9.61983 15.8751 0.799999
      vertex 9.35 16.0081 5
      vertex 9.61983 15.8751 5
    endloop
  endfacet
  facet normal 0.442114 0.896959 0
    outer loop
      vertex 9.35 16.0081 5
      vertex 9.61983 15.8751 0.799999
      vertex 9.35 16.0081 0.799999
    endloop
  endfacet
  facet normal 0.555697 0.831385 -0
    outer loop
      vertex 9.35 16.0081 0.799999
      vertex 9.09985 16.1753 5
      vertex 9.35 16.0081 5
    endloop
  endfacet
  facet normal 0.555697 0.831385 0
    outer loop
      vertex 9.09985 16.1753 5
      vertex 9.35 16.0081 0.799999
      vertex 9.09985 16.1753 0.799999
    endloop
  endfacet
  facet normal 0.321418 0.946937 -0
    outer loop
      vertex 9.90472 15.7784 0.799999
      vertex 9.61983 15.8751 5
      vertex 9.90472 15.7784 5
    endloop
  endfacet
  facet normal 0.321418 0.946937 0
    outer loop
      vertex 9.61983 15.8751 5
      vertex 9.90472 15.7784 0.799999
      vertex 9.61983 15.8751 0.799999
    endloop
  endfacet
  facet normal -0.0654821 0.997854 0
    outer loop
      vertex 10.8002 15.7197 0.799999
      vertex 10.5 15.7 5
      vertex 10.8002 15.7197 5
    endloop
  endfacet
  facet normal -0.0654821 0.997854 0
    outer loop
      vertex 10.5 15.7 5
      vertex 10.8002 15.7197 0.799999
      vertex 10.5 15.7 0.799999
    endloop
  endfacet
  facet normal 0.659398 0.751794 -0
    outer loop
      vertex 9.09985 16.1753 0.799999
      vertex 8.87365 16.3737 5
      vertex 9.09985 16.1753 5
    endloop
  endfacet
  facet normal 0.659398 0.751794 0
    outer loop
      vertex 8.87365 16.3737 5
      vertex 9.09985 16.1753 0.799999
      vertex 8.87365 16.3737 0.799999
    endloop
  endfacet
  facet normal 0.980791 0.195061 0
    outer loop
      vertex 8.27837 17.4047 5
      vertex 8.21968 17.6998 0.799999
      vertex 8.21968 17.6998 5
    endloop
  endfacet
  facet normal 0.980791 0.195061 0
    outer loop
      vertex 8.21968 17.6998 0.799999
      vertex 8.27837 17.4047 5
      vertex 8.27837 17.4047 0.799999
    endloop
  endfacet
  facet normal -0.980785 -0.195093 0
    outer loop
      vertex 12.7803 18.3002 0.799999
      vertex 12.7216 18.5953 5
      vertex 12.7216 18.5953 0.799999
    endloop
  endfacet
  facet normal -0.980785 -0.195093 0
    outer loop
      vertex 12.7216 18.5953 5
      vertex 12.7803 18.3002 0.799999
      vertex 12.7803 18.3002 5
    endloop
  endfacet
  facet normal -0.751649 -0.659563 0
    outer loop
      vertex 12.3247 19.4002 0.799999
      vertex 12.1263 19.6263 5
      vertex 12.1263 19.6263 0.799999
    endloop
  endfacet
  facet normal -0.751649 -0.659563 0
    outer loop
      vertex 12.1263 19.6263 5
      vertex 12.3247 19.4002 0.799999
      vertex 12.3247 19.4002 5
    endloop
  endfacet
  facet normal -0.0654821 -0.997854 0
    outer loop
      vertex 10.5 20.3 0.799999
      vertex 10.8002 20.2803 5
      vertex 10.5 20.3 5
    endloop
  endfacet
  facet normal -0.0654821 -0.997854 -0
    outer loop
      vertex 10.8002 20.2803 5
      vertex 10.5 20.3 0.799999
      vertex 10.8002 20.2803 0.799999
    endloop
  endfacet
  facet normal 0.831513 -0.555505 0
    outer loop
      vertex 8.50814 19.15 5
      vertex 8.67529 19.4002 0.799999
      vertex 8.67529 19.4002 5
    endloop
  endfacet
  facet normal 0.831513 -0.555505 0
    outer loop
      vertex 8.67529 19.4002 0.799999
      vertex 8.50814 19.15 5
      vertex 8.50814 19.15 0.799999
    endloop
  endfacet
  facet normal 0.997858 -0.0654159 0
    outer loop
      vertex 8.2 18 5
      vertex 8.21968 18.3002 0.799999
      vertex 8.21968 18.3002 5
    endloop
  endfacet
  facet normal 0.997858 -0.0654159 0
    outer loop
      vertex 8.21968 18.3002 0.799999
      vertex 8.2 18 5
      vertex 8.2 18 0.799999
    endloop
  endfacet
  facet normal 0.659398 -0.751794 0
    outer loop
      vertex 8.87365 19.6263 0.799999
      vertex 9.09985 19.8247 5
      vertex 8.87365 19.6263 5
    endloop
  endfacet
  facet normal 0.659398 -0.751794 0
    outer loop
      vertex 9.09985 19.8247 5
      vertex 8.87365 19.6263 0.799999
      vertex 9.09985 19.8247 0.799999
    endloop
  endfacet
  facet normal -0.946941 0.321408 0
    outer loop
      vertex 12.6249 17.1198 0.799999
      vertex 12.7216 17.4047 5
      vertex 12.7216 17.4047 0.799999
    endloop
  endfacet
  facet normal -0.946941 0.321408 0
    outer loop
      vertex 12.7216 17.4047 5
      vertex 12.6249 17.1198 0.799999
      vertex 12.6249 17.1198 5
    endloop
  endfacet
  facet normal -0.997851 -0.0655255 0
    outer loop
      vertex 12.8 201.2 0.799999
      vertex 12.7803 201.5 5
      vertex 12.7803 201.5 0.799999
    endloop
  endfacet
  facet normal -0.997851 -0.0655255 0
    outer loop
      vertex 12.7803 201.5 5
      vertex 12.8 201.2 0.799999
      vertex 12.8 201.2 5
    endloop
  endfacet
  facet normal 0.0664749 -0.997788 0
    outer loop
      vertex 10.1998 203.48 0.799999
      vertex 10.5 203.5 5
      vertex 10.1998 203.48 5
    endloop
  endfacet
  facet normal 0.0664749 -0.997788 0
    outer loop
      vertex 10.5 203.5 5
      vertex 10.1998 203.48 0.799999
      vertex 10.5 203.5 0.799999
    endloop
  endfacet
  facet normal -0.660688 -0.750661 0
    outer loop
      vertex 11.9002 203.025 0.799999
      vertex 12.1263 202.826 5
      vertex 11.9002 203.025 5
    endloop
  endfacet
  facet normal -0.660688 -0.750661 -0
    outer loop
      vertex 12.1263 202.826 5
      vertex 11.9002 203.025 0.799999
      vertex 12.1263 202.826 0.799999
    endloop
  endfacet
  facet normal 0.751571 -0.659653 0
    outer loop
      vertex 8.67529 202.6 5
      vertex 8.87365 202.826 0.799999
      vertex 8.87365 202.826 5
    endloop
  endfacet
  facet normal 0.751571 -0.659653 0
    outer loop
      vertex 8.87365 202.826 0.799999
      vertex 8.67529 202.6 5
      vertex 8.67529 202.6 0.799999
    endloop
  endfacet
  facet normal 0.442114 -0.896959 0
    outer loop
      vertex 9.35 203.192 0.799999
      vertex 9.61983 203.325 5
      vertex 9.35 203.192 5
    endloop
  endfacet
  facet normal 0.442114 -0.896959 0
    outer loop
      vertex 9.61983 203.325 5
      vertex 9.35 203.192 0.799999
      vertex 9.61983 203.325 0.799999
    endloop
  endfacet
  facet normal -0.897069 -0.44189 0
    outer loop
      vertex 12.6249 202.08 0.799999
      vertex 12.4919 202.35 5
      vertex 12.4919 202.35 0.799999
    endloop
  endfacet
  facet normal -0.897069 -0.44189 0
    outer loop
      vertex 12.4919 202.35 5
      vertex 12.6249 202.08 0.799999
      vertex 12.6249 202.08 5
    endloop
  endfacet
  facet normal -0.831231 -0.555927 0
    outer loop
      vertex 12.4919 202.35 0.799999
      vertex 12.3247 202.6 5
      vertex 12.3247 202.6 0.799999
    endloop
  endfacet
  facet normal -0.831231 -0.555927 0
    outer loop
      vertex 12.3247 202.6 5
      vertex 12.4919 202.35 0.799999
      vertex 12.4919 202.35 5
    endloop
  endfacet
  facet normal -0.322302 -0.946637 0
    outer loop
      vertex 11.0953 203.422 0.799999
      vertex 11.3802 203.325 5
      vertex 11.0953 203.422 5
    endloop
  endfacet
  facet normal -0.322302 -0.946637 -0
    outer loop
      vertex 11.3802 203.325 5
      vertex 11.0953 203.422 0.799999
      vertex 11.3802 203.325 0.799999
    endloop
  endfacet
  facet normal -0.55516 -0.831743 0
    outer loop
      vertex 11.65 203.192 0.799999
      vertex 11.9002 203.025 5
      vertex 11.65 203.192 5
    endloop
  endfacet
  facet normal -0.55516 -0.831743 -0
    outer loop
      vertex 11.9002 203.025 5
      vertex 11.65 203.192 0.799999
      vertex 11.9002 203.025 0.799999
    endloop
  endfacet
  facet normal 0.946965 -0.321337 0
    outer loop
      vertex 8.27837 201.795 5
      vertex 8.37508 202.08 0.799999
      vertex 8.37508 202.08 5
    endloop
  endfacet
  facet normal 0.946965 -0.321337 0
    outer loop
      vertex 8.37508 202.08 0.799999
      vertex 8.27837 201.795 5
      vertex 8.27837 201.795 0.799999
    endloop
  endfacet
  facet normal 0.89699 -0.44205 0
    outer loop
      vertex 8.37508 202.08 5
      vertex 8.50814 202.35 0.799999
      vertex 8.50814 202.35 5
    endloop
  endfacet
  facet normal 0.89699 -0.44205 0
    outer loop
      vertex 8.50814 202.35 0.799999
      vertex 8.37508 202.08 5
      vertex 8.37508 202.08 0.799999
    endloop
  endfacet
  facet normal 0.980778 -0.195125 0
    outer loop
      vertex 8.21968 201.5 5
      vertex 8.27837 201.795 0.799999
      vertex 8.27837 201.795 5
    endloop
  endfacet
  facet normal 0.980778 -0.195125 0
    outer loop
      vertex 8.27837 201.795 0.799999
      vertex 8.21968 201.5 5
      vertex 8.21968 201.5 0.799999
    endloop
  endfacet
  facet normal 0.997855 0.0654593 0
    outer loop
      vertex 8.21968 200.9 5
      vertex 8.2 201.2 0.799999
      vertex 8.2 201.2 5
    endloop
  endfacet
  facet normal 0.997855 0.0654593 0
    outer loop
      vertex 8.2 201.2 0.799999
      vertex 8.21968 200.9 5
      vertex 8.21968 200.9 0.799999
    endloop
  endfacet
  facet normal 0.555237 -0.831692 0
    outer loop
      vertex 9.09985 203.025 0.799999
      vertex 9.35 203.192 5
      vertex 9.09985 203.025 5
    endloop
  endfacet
  facet normal 0.555237 -0.831692 0
    outer loop
      vertex 9.35 203.192 5
      vertex 9.09985 203.025 0.799999
      vertex 9.35 203.192 0.799999
    endloop
  endfacet
  facet normal 0.192867 -0.981225 0
    outer loop
      vertex 9.90472 203.422 0.799999
      vertex 10.1998 203.48 5
      vertex 9.90472 203.422 5
    endloop
  endfacet
  facet normal 0.192867 -0.981225 0
    outer loop
      vertex 10.1998 203.48 5
      vertex 9.90472 203.422 0.799999
      vertex 10.1998 203.48 0.799999
    endloop
  endfacet
  facet normal -0.192854 0.981227 0
    outer loop
      vertex 11.0953 198.978 0.799999
      vertex 10.8002 198.92 5
      vertex 11.0953 198.978 5
    endloop
  endfacet
  facet normal -0.192854 0.981227 0
    outer loop
      vertex 10.8002 198.92 5
      vertex 11.0953 198.978 0.799999
      vertex 10.8002 198.92 0.799999
    endloop
  endfacet
  facet normal -0.946975 -0.321307 0
    outer loop
      vertex 12.7216 201.795 0.799999
      vertex 12.6249 202.08 5
      vertex 12.6249 202.08 0.799999
    endloop
  endfacet
  facet normal -0.946975 -0.321307 0
    outer loop
      vertex 12.6249 202.08 5
      vertex 12.7216 201.795 0.799999
      vertex 12.7216 201.795 5
    endloop
  endfacet
  facet normal -0.980772 -0.195157 0
    outer loop
      vertex 12.7803 201.5 0.799999
      vertex 12.7216 201.795 5
      vertex 12.7216 201.795 0.799999
    endloop
  endfacet
  facet normal -0.980772 -0.195157 0
    outer loop
      vertex 12.7216 201.795 5
      vertex 12.7803 201.5 0.799999
      vertex 12.7803 201.5 5
    endloop
  endfacet
  facet normal -0.751505 -0.659728 0
    outer loop
      vertex 12.3247 202.6 0.799999
      vertex 12.1263 202.826 5
      vertex 12.1263 202.826 0.799999
    endloop
  endfacet
  facet normal -0.751505 -0.659728 0
    outer loop
      vertex 12.1263 202.826 5
      vertex 12.3247 202.6 0.799999
      vertex 12.3247 202.6 5
    endloop
  endfacet
  facet normal -0.192854 -0.981227 0
    outer loop
      vertex 10.8002 203.48 0.799999
      vertex 11.0953 203.422 5
      vertex 10.8002 203.48 5
    endloop
  endfacet
  facet normal -0.192854 -0.981227 -0
    outer loop
      vertex 11.0953 203.422 5
      vertex 10.8002 203.48 0.799999
      vertex 11.0953 203.422 0.799999
    endloop
  endfacet
  facet normal -0.0664749 -0.997788 0
    outer loop
      vertex 10.5 203.5 0.799999
      vertex 10.8002 203.48 5
      vertex 10.5 203.5 5
    endloop
  endfacet
  facet normal -0.0664749 -0.997788 -0
    outer loop
      vertex 10.8002 203.48 5
      vertex 10.5 203.5 0.799999
      vertex 10.8002 203.48 0.799999
    endloop
  endfacet
  facet normal -0.442153 -0.89694 0
    outer loop
      vertex 11.3802 203.325 0.799999
      vertex 11.65 203.192 5
      vertex 11.3802 203.325 5
    endloop
  endfacet
  facet normal -0.442153 -0.89694 -0
    outer loop
      vertex 11.65 203.192 5
      vertex 11.3802 203.325 0.799999
      vertex 11.65 203.192 0.799999
    endloop
  endfacet
  facet normal 0 0 1
    outer loop
      vertex 12.1 201.2 0.799999
      vertex 12.8 201.2 0.799999
      vertex 12.7803 201.5 0.799999
    endloop
  endfacet
  facet normal 0 0 1
    outer loop
      vertex 12.0863 201.409 0.799999
      vertex 12.7803 201.5 0.799999
      vertex 12.7216 201.795 0.799999
    endloop
  endfacet
  facet normal 0 0 1
    outer loop
      vertex 12.8 201.2 0.799999
      vertex 12.1 201.2 0.799999
      vertex 12.7803 200.9 0.799999
    endloop
  endfacet
  facet normal 0 0 1
    outer loop
      vertex 12.0455 201.614 0.799999
      vertex 12.7216 201.795 0.799999
      vertex 12.6249 202.08 0.799999
    endloop
  endfacet
  facet normal -0 0 1
    outer loop
      vertex 12.0863 200.991 0.799999
      vertex 12.7803 200.9 0.799999
      vertex 12.1 201.2 0.799999
    endloop
  endfacet
  facet normal 0 0 1
    outer loop
      vertex 11.9782 201.812 0.799999
      vertex 12.6249 202.08 0.799999
      vertex 12.4919 202.35 0.799999
    endloop
  endfacet
  facet normal 0 0 1
    outer loop
      vertex 12.7803 200.9 0.799999
      vertex 12.0863 200.991 0.799999
      vertex 12.7216 200.605 0.799999
    endloop
  endfacet
  facet normal 0 0 1
    outer loop
      vertex 11.8856 202 0.799999
      vertex 12.4919 202.35 0.799999
      vertex 12.3247 202.6 0.799999
    endloop
  endfacet
  facet normal -0 0 1
    outer loop
      vertex 12.0455 200.786 0.799999
      vertex 12.7216 200.605 0.799999
      vertex 12.0863 200.991 0.799999
    endloop
  endfacet
  facet normal 0 0 1
    outer loop
      vertex 11.7694 202.174 0.799999
      vertex 12.3247 202.6 0.799999
      vertex 12.1263 202.826 0.799999
    endloop
  endfacet
  facet normal 0 0 1
    outer loop
      vertex 12.7216 200.605 0.799999
      vertex 12.0455 200.786 0.799999
      vertex 12.6249 200.32 0.799999
    endloop
  endfacet
  facet normal -0 0 1
    outer loop
      vertex 11.9782 200.588 0.799999
      vertex 12.6249 200.32 0.799999
      vertex 12.0455 200.786 0.799999
    endloop
  endfacet
  facet normal 0 0 1
    outer loop
      vertex 12.7803 201.5 0.799999
      vertex 12.0863 201.409 0.799999
      vertex 12.1 201.2 0.799999
    endloop
  endfacet
  facet normal 0 0 1
    outer loop
      vertex 12.7216 201.795 0.799999
      vertex 12.0455 201.614 0.799999
      vertex 12.0863 201.409 0.799999
    endloop
  endfacet
  facet normal 0 0 1
    outer loop
      vertex 12.6249 202.08 0.799999
      vertex 11.9782 201.812 0.799999
      vertex 12.0455 201.614 0.799999
    endloop
  endfacet
  facet normal 0 0 1
    outer loop
      vertex 11.6314 202.331 0.799999
      vertex 12.1263 202.826 0.799999
      vertex 11.9002 203.025 0.799999
    endloop
  endfacet
  facet normal 0 0 1
    outer loop
      vertex 12.4919 202.35 0.799999
      vertex 11.8856 202 0.799999
      vertex 11.9782 201.812 0.799999
    endloop
  endfacet
  facet normal 0 0 1
    outer loop
      vertex 12.3247 202.6 0.799999
      vertex 11.7694 202.174 0.799999
      vertex 11.8856 202 0.799999
    endloop
  endfacet
  facet normal 0 0 1
    outer loop
      vertex 11.474 202.469 0.799999
      vertex 11.9002 203.025 0.799999
      vertex 11.65 203.192 0.799999
    endloop
  endfacet
  facet normal 0 0 1
    outer loop
      vertex 12.1263 202.826 0.799999
      vertex 11.6314 202.331 0.799999
      vertex 11.7694 202.174 0.799999
    endloop
  endfacet
  facet normal 0 0 1
    outer loop
      vertex 11.9002 203.025 0.799999
      vertex 11.474 202.469 0.799999
      vertex 11.6314 202.331 0.799999
    endloop
  endfacet
  facet normal 0 0 1
    outer loop
      vertex 11.3 202.586 0.799999
      vertex 11.65 203.192 0.799999
      vertex 11.3802 203.325 0.799999
    endloop
  endfacet
  facet normal 0 0 1
    outer loop
      vertex 11.65 203.192 0.799999
      vertex 11.3 202.586 0.799999
      vertex 11.474 202.469 0.799999
    endloop
  endfacet
  facet normal 0 0 1
    outer loop
      vertex 11.3802 203.325 0.799999
      vertex 11.1123 202.678 0.799999
      vertex 11.3 202.586 0.799999
    endloop
  endfacet
  facet normal 0 0 1
    outer loop
      vertex 11.0953 203.422 0.799999
      vertex 11.1123 202.678 0.799999
      vertex 11.3802 203.325 0.799999
    endloop
  endfacet
  facet normal 0 0 1
    outer loop
      vertex 11.0953 203.422 0.799999
      vertex 10.9141 202.745 0.799999
      vertex 11.1123 202.678 0.799999
    endloop
  endfacet
  facet normal 0 0 1
    outer loop
      vertex 10.8002 203.48 0.799999
      vertex 10.9141 202.745 0.799999
      vertex 11.0953 203.422 0.799999
    endloop
  endfacet
  facet normal 0 0 1
    outer loop
      vertex 10.8002 203.48 0.799999
      vertex 10.7088 202.786 0.799999
      vertex 10.9141 202.745 0.799999
    endloop
  endfacet
  facet normal 0 0 1
    outer loop
      vertex 10.5 203.5 0.799999
      vertex 10.7088 202.786 0.799999
      vertex 10.8002 203.48 0.799999
    endloop
  endfacet
  facet normal 0 0 1
    outer loop
      vertex 10.5 203.5 0.799999
      vertex 10.5 202.8 0.799999
      vertex 10.7088 202.786 0.799999
    endloop
  endfacet
  facet normal 0 0 1
    outer loop
      vertex 10.5 203.5 0.799999
      vertex 10.2912 202.786 0.799999
      vertex 10.5 202.8 0.799999
    endloop
  endfacet
  facet normal -0 0 1
    outer loop
      vertex 10.1998 203.48 0.799999
      vertex 10.2912 202.786 0.799999
      vertex 10.5 203.5 0.799999
    endloop
  endfacet
  facet normal 0 0 1
    outer loop
      vertex 10.1998 203.48 0.799999
      vertex 10.0859 202.745 0.799999
      vertex 10.2912 202.786 0.799999
    endloop
  endfacet
  facet normal -0 0 1
    outer loop
      vertex 9.90472 203.422 0.799999
      vertex 10.0859 202.745 0.799999
      vertex 10.1998 203.48 0.799999
    endloop
  endfacet
  facet normal 0 0 1
    outer loop
      vertex 9.90472 203.422 0.799999
      vertex 9.88771 202.678 0.799999
      vertex 10.0859 202.745 0.799999
    endloop
  endfacet
  facet normal -0 0 1
    outer loop
      vertex 9.61983 203.325 0.799999
      vertex 9.88771 202.678 0.799999
      vertex 9.90472 203.422 0.799999
    endloop
  endfacet
  facet normal 0 0 1
    outer loop
      vertex 9.88771 202.678 0.799999
      vertex 9.61983 203.325 0.799999
      vertex 9.7 202.586 0.799999
    endloop
  endfacet
  facet normal -0 0 1
    outer loop
      vertex 9.35 203.192 0.799999
      vertex 9.7 202.586 0.799999
      vertex 9.61983 203.325 0.799999
    endloop
  endfacet
  facet normal 0 0 1
    outer loop
      vertex 9.7 202.586 0.799999
      vertex 9.35 203.192 0.799999
      vertex 9.52598 202.469 0.799999
    endloop
  endfacet
  facet normal -0 0 1
    outer loop
      vertex 9.09985 203.025 0.799999
      vertex 9.52598 202.469 0.799999
      vertex 9.35 203.192 0.799999
    endloop
  endfacet
  facet normal 0 0 1
    outer loop
      vertex 9.52598 202.469 0.799999
      vertex 9.09985 203.025 0.799999
      vertex 9.36863 202.331 0.799999
    endloop
  endfacet
  facet normal -0 0 1
    outer loop
      vertex 8.87365 202.826 0.799999
      vertex 9.36863 202.331 0.799999
      vertex 9.09985 203.025 0.799999
    endloop
  endfacet
  facet normal 0 0 1
    outer loop
      vertex 9.36863 202.331 0.799999
      vertex 8.87365 202.826 0.799999
      vertex 9.23063 202.174 0.799999
    endloop
  endfacet
  facet normal -0 0 1
    outer loop
      vertex 8.67529 202.6 0.799999
      vertex 9.23063 202.174 0.799999
      vertex 8.87365 202.826 0.799999
    endloop
  endfacet
  facet normal 0 0 1
    outer loop
      vertex 9.23063 202.174 0.799999
      vertex 8.67529 202.6 0.799999
      vertex 9.11436 202 0.799999
    endloop
  endfacet
  facet normal -0 0 1
    outer loop
      vertex 8.50814 202.35 0.799999
      vertex 9.11436 202 0.799999
      vertex 8.67529 202.6 0.799999
    endloop
  endfacet
  facet normal -0 0 1
    outer loop
      vertex 8.37508 202.08 0.799999
      vertex 9.02179 201.812 0.799999
      vertex 8.50814 202.35 0.799999
    endloop
  endfacet
  facet normal 0 0 1
    outer loop
      vertex 9.11436 202 0.799999
      vertex 8.50814 202.35 0.799999
      vertex 9.02179 201.812 0.799999
    endloop
  endfacet
  facet normal 0 0 1
    outer loop
      vertex 12.6249 200.32 0.799999
      vertex 11.9782 200.588 0.799999
      vertex 12.4919 200.05 0.799999
    endloop
  endfacet
  facet normal -0 0 1
    outer loop
      vertex 11.8856 200.4 0.799999
      vertex 12.4919 200.05 0.799999
      vertex 11.9782 200.588 0.799999
    endloop
  endfacet
  facet normal 0 0 1
    outer loop
      vertex 12.4919 200.05 0.799999
      vertex 11.8856 200.4 0.799999
      vertex 12.3247 199.8 0.799999
    endloop
  endfacet
  facet normal -0 0 1
    outer loop
      vertex 11.7694 200.226 0.799999
      vertex 12.3247 199.8 0.799999
      vertex 11.8856 200.4 0.799999
    endloop
  endfacet
  facet normal 0 0 1
    outer loop
      vertex 12.3247 199.8 0.799999
      vertex 11.7694 200.226 0.799999
      vertex 12.1263 199.574 0.799999
    endloop
  endfacet
  facet normal -0 0 1
    outer loop
      vertex 11.6314 200.069 0.799999
      vertex 12.1263 199.574 0.799999
      vertex 11.7694 200.226 0.799999
    endloop
  endfacet
  facet normal 0 0 1
    outer loop
      vertex 12.1263 199.574 0.799999
      vertex 11.6314 200.069 0.799999
      vertex 11.9002 199.375 0.799999
    endloop
  endfacet
  facet normal -0 0 1
    outer loop
      vertex 11.474 199.931 0.799999
      vertex 11.9002 199.375 0.799999
      vertex 11.6314 200.069 0.799999
    endloop
  endfacet
  facet normal 0 0 1
    outer loop
      vertex 11.9002 199.375 0.799999
      vertex 11.474 199.931 0.799999
      vertex 11.65 199.208 0.799999
    endloop
  endfacet
  facet normal -0 0 1
    outer loop
      vertex 11.3 199.814 0.799999
      vertex 11.65 199.208 0.799999
      vertex 11.474 199.931 0.799999
    endloop
  endfacet
  facet normal 0 0 1
    outer loop
      vertex 11.65 199.208 0.799999
      vertex 11.3 199.814 0.799999
      vertex 11.3802 199.075 0.799999
    endloop
  endfacet
  facet normal -0 0 1
    outer loop
      vertex 11.1123 199.722 0.799999
      vertex 11.3802 199.075 0.799999
      vertex 11.3 199.814 0.799999
    endloop
  endfacet
  facet normal 0 0 1
    outer loop
      vertex 11.1123 199.722 0.799999
      vertex 11.0953 198.978 0.799999
      vertex 11.3802 199.075 0.799999
    endloop
  endfacet
  facet normal -0 0 1
    outer loop
      vertex 10.9141 199.655 0.799999
      vertex 11.0953 198.978 0.799999
      vertex 11.1123 199.722 0.799999
    endloop
  endfacet
  facet normal 0 0 1
    outer loop
      vertex 10.9141 199.655 0.799999
      vertex 10.8002 198.92 0.799999
      vertex 11.0953 198.978 0.799999
    endloop
  endfacet
  facet normal -0 0 1
    outer loop
      vertex 10.7088 199.614 0.799999
      vertex 10.8002 198.92 0.799999
      vertex 10.9141 199.655 0.799999
    endloop
  endfacet
  facet normal -0 0 1
    outer loop
      vertex 10.5 199.6 0.799999
      vertex 10.8002 198.92 0.799999
      vertex 10.7088 199.614 0.799999
    endloop
  endfacet
  facet normal 0 0 1
    outer loop
      vertex 10.5 199.6 0.799999
      vertex 10.5 198.9 0.799999
      vertex 10.8002 198.92 0.799999
    endloop
  endfacet
  facet normal 0 0 1
    outer loop
      vertex 10.2912 199.614 0.799999
      vertex 10.5 198.9 0.799999
      vertex 10.5 199.6 0.799999
    endloop
  endfacet
  facet normal 0 0 1
    outer loop
      vertex 10.2912 199.614 0.799999
      vertex 10.1998 198.92 0.799999
      vertex 10.5 198.9 0.799999
    endloop
  endfacet
  facet normal 0 0 1
    outer loop
      vertex 10.0859 199.655 0.799999
      vertex 10.1998 198.92 0.799999
      vertex 10.2912 199.614 0.799999
    endloop
  endfacet
  facet normal 0 0 1
    outer loop
      vertex 10.0859 199.655 0.799999
      vertex 9.90472 198.978 0.799999
      vertex 10.1998 198.92 0.799999
    endloop
  endfacet
  facet normal 0 0 1
    outer loop
      vertex 9.88771 199.722 0.799999
      vertex 9.90472 198.978 0.799999
      vertex 10.0859 199.655 0.799999
    endloop
  endfacet
  facet normal 0 0 1
    outer loop
      vertex 9.61983 199.075 0.799999
      vertex 9.88771 199.722 0.799999
      vertex 9.7 199.814 0.799999
    endloop
  endfacet
  facet normal 0 0 1
    outer loop
      vertex 9.88771 199.722 0.799999
      vertex 9.61983 199.075 0.799999
      vertex 9.90472 198.978 0.799999
    endloop
  endfacet
  facet normal 0 0 1
    outer loop
      vertex 9.35 199.208 0.799999
      vertex 9.7 199.814 0.799999
      vertex 9.52598 199.931 0.799999
    endloop
  endfacet
  facet normal 0 0 1
    outer loop
      vertex 9.09985 199.375 0.799999
      vertex 9.52598 199.931 0.799999
      vertex 9.36863 200.069 0.799999
    endloop
  endfacet
  facet normal 0 0 1
    outer loop
      vertex 9.7 199.814 0.799999
      vertex 9.35 199.208 0.799999
      vertex 9.61983 199.075 0.799999
    endloop
  endfacet
  facet normal 0 0 1
    outer loop
      vertex 8.87365 199.574 0.799999
      vertex 9.36863 200.069 0.799999
      vertex 9.23063 200.226 0.799999
    endloop
  endfacet
  facet normal 0 0 1
    outer loop
      vertex 8.67529 199.8 0.799999
      vertex 9.23063 200.226 0.799999
      vertex 9.11436 200.4 0.799999
    endloop
  endfacet
  facet normal 0 0 1
    outer loop
      vertex 9.52598 199.931 0.799999
      vertex 9.09985 199.375 0.799999
      vertex 9.35 199.208 0.799999
    endloop
  endfacet
  facet normal 0 0 1
    outer loop
      vertex 8.50814 200.05 0.799999
      vertex 9.11436 200.4 0.799999
      vertex 9.02179 200.588 0.799999
    endloop
  endfacet
  facet normal 0 0 1
    outer loop
      vertex 8.37508 200.32 0.799999
      vertex 9.02179 200.588 0.799999
      vertex 8.95452 200.786 0.799999
    endloop
  endfacet
  facet normal 0 0 1
    outer loop
      vertex 8.27837 200.605 0.799999
      vertex 8.95452 200.786 0.799999
      vertex 8.91369 200.991 0.799999
    endloop
  endfacet
  facet normal 0 0 1
    outer loop
      vertex 9.36863 200.069 0.799999
      vertex 8.87365 199.574 0.799999
      vertex 9.09985 199.375 0.799999
    endloop
  endfacet
  facet normal 0 0 1
    outer loop
      vertex 8.21968 200.9 0.799999
      vertex 8.91369 200.991 0.799999
      vertex 8.9 201.2 0.799999
    endloop
  endfacet
  facet normal 0 0 1
    outer loop
      vertex 9.02179 201.812 0.799999
      vertex 8.37508 202.08 0.799999
      vertex 8.95452 201.614 0.799999
    endloop
  endfacet
  facet normal -0 0 1
    outer loop
      vertex 8.27837 201.795 0.799999
      vertex 8.95452 201.614 0.799999
      vertex 8.37508 202.08 0.799999
    endloop
  endfacet
  facet normal 0 0 1
    outer loop
      vertex 9.23063 200.226 0.799999
      vertex 8.67529 199.8 0.799999
      vertex 8.87365 199.574 0.799999
    endloop
  endfacet
  facet normal 0 0 1
    outer loop
      vertex 8.95452 201.614 0.799999
      vertex 8.27837 201.795 0.799999
      vertex 8.91369 201.409 0.799999
    endloop
  endfacet
  facet normal 0 0 1
    outer loop
      vertex 9.11436 200.4 0.799999
      vertex 8.50814 200.05 0.799999
      vertex 8.67529 199.8 0.799999
    endloop
  endfacet
  facet normal -0 0 1
    outer loop
      vertex 8.21968 201.5 0.799999
      vertex 8.91369 201.409 0.799999
      vertex 8.27837 201.795 0.799999
    endloop
  endfacet
  facet normal 0 0 1
    outer loop
      vertex 9.02179 200.588 0.799999
      vertex 8.37508 200.32 0.799999
      vertex 8.50814 200.05 0.799999
    endloop
  endfacet
  facet normal 0 0 1
    outer loop
      vertex 8.91369 201.409 0.799999
      vertex 8.21968 201.5 0.799999
      vertex 8.9 201.2 0.799999
    endloop
  endfacet
  facet normal 0 0 1
    outer loop
      vertex 8.95452 200.786 0.799999
      vertex 8.27837 200.605 0.799999
      vertex 8.37508 200.32 0.799999
    endloop
  endfacet
  facet normal 0 0 1
    outer loop
      vertex 8.2 201.2 0.799999
      vertex 8.9 201.2 0.799999
      vertex 8.21968 201.5 0.799999
    endloop
  endfacet
  facet normal 0 0 1
    outer loop
      vertex 8.91369 200.991 0.799999
      vertex 8.21968 200.9 0.799999
      vertex 8.27837 200.605 0.799999
    endloop
  endfacet
  facet normal 0 0 1
    outer loop
      vertex 8.9 201.2 0.799999
      vertex 8.2 201.2 0.799999
      vertex 8.21968 200.9 0.799999
    endloop
  endfacet
  facet normal 0.322312 -0.946634 0
    outer loop
      vertex 9.61983 203.325 0.799999
      vertex 9.90472 203.422 5
      vertex 9.61983 203.325 5
    endloop
  endfacet
  facet normal 0.322312 -0.946634 0
    outer loop
      vertex 9.90472 203.422 5
      vertex 9.61983 203.325 0.799999
      vertex 9.90472 203.422 0.799999
    endloop
  endfacet
  facet normal -0.55516 0.831743 0
    outer loop
      vertex 11.9002 199.375 0.799999
      vertex 11.65 199.208 5
      vertex 11.9002 199.375 5
    endloop
  endfacet
  facet normal -0.55516 0.831743 0
    outer loop
      vertex 11.65 199.208 5
      vertex 11.9002 199.375 0.799999
      vertex 11.65 199.208 0.799999
    endloop
  endfacet
  facet normal -0.946975 0.321307 0
    outer loop
      vertex 12.6249 200.32 0.799999
      vertex 12.7216 200.605 5
      vertex 12.7216 200.605 0.799999
    endloop
  endfacet
  facet normal -0.946975 0.321307 0
    outer loop
      vertex 12.7216 200.605 5
      vertex 12.6249 200.32 0.799999
      vertex 12.6249 200.32 5
    endloop
  endfacet
  facet normal -0.897069 0.44189 0
    outer loop
      vertex 12.4919 200.05 0.799999
      vertex 12.6249 200.32 5
      vertex 12.6249 200.32 0.799999
    endloop
  endfacet
  facet normal -0.897069 0.44189 0
    outer loop
      vertex 12.6249 200.32 5
      vertex 12.4919 200.05 0.799999
      vertex 12.4919 200.05 5
    endloop
  endfacet
  facet normal -0.980772 0.195157 0
    outer loop
      vertex 12.7216 200.605 0.799999
      vertex 12.7803 200.9 5
      vertex 12.7803 200.9 0.799999
    endloop
  endfacet
  facet normal -0.980772 0.195157 0
    outer loop
      vertex 12.7803 200.9 5
      vertex 12.7216 200.605 0.799999
      vertex 12.7216 200.605 5
    endloop
  endfacet
  facet normal 0.831308 0.555812 0
    outer loop
      vertex 8.67529 199.8 5
      vertex 8.50814 200.05 0.799999
      vertex 8.50814 200.05 5
    endloop
  endfacet
  facet normal 0.831308 0.555812 0
    outer loop
      vertex 8.50814 200.05 0.799999
      vertex 8.67529 199.8 5
      vertex 8.67529 199.8 0.799999
    endloop
  endfacet
  facet normal 0.89699 0.44205 0
    outer loop
      vertex 8.50814 200.05 5
      vertex 8.37508 200.32 0.799999
      vertex 8.37508 200.32 5
    endloop
  endfacet
  facet normal 0.89699 0.44205 0
    outer loop
      vertex 8.37508 200.32 0.799999
      vertex 8.50814 200.05 5
      vertex 8.50814 200.05 0.799999
    endloop
  endfacet
  facet normal -0.442153 0.89694 0
    outer loop
      vertex 11.65 199.208 0.799999
      vertex 11.3802 199.075 5
      vertex 11.65 199.208 5
    endloop
  endfacet
  facet normal -0.442153 0.89694 0
    outer loop
      vertex 11.3802 199.075 5
      vertex 11.65 199.208 0.799999
      vertex 11.3802 199.075 0.799999
    endloop
  endfacet
  facet normal -0.322302 0.946637 0
    outer loop
      vertex 11.3802 199.075 0.799999
      vertex 11.0953 198.978 5
      vertex 11.3802 199.075 5
    endloop
  endfacet
  facet normal -0.322302 0.946637 0
    outer loop
      vertex 11.0953 198.978 5
      vertex 11.3802 199.075 0.799999
      vertex 11.0953 198.978 0.799999
    endloop
  endfacet
  facet normal 0.831308 -0.555812 0
    outer loop
      vertex 8.50814 202.35 5
      vertex 8.67529 202.6 0.799999
      vertex 8.67529 202.6 5
    endloop
  endfacet
  facet normal 0.831308 -0.555812 0
    outer loop
      vertex 8.67529 202.6 0.799999
      vertex 8.50814 202.35 5
      vertex 8.50814 202.35 0.799999
    endloop
  endfacet
  facet normal 0.997855 -0.0654593 0
    outer loop
      vertex 8.2 201.2 5
      vertex 8.21968 201.5 0.799999
      vertex 8.21968 201.5 5
    endloop
  endfacet
  facet normal 0.997855 -0.0654593 0
    outer loop
      vertex 8.21968 201.5 0.799999
      vertex 8.2 201.2 5
      vertex 8.2 201.2 0.799999
    endloop
  endfacet
  facet normal 0.660523 -0.750806 0
    outer loop
      vertex 8.87365 202.826 0.799999
      vertex 9.09985 203.025 5
      vertex 8.87365 202.826 5
    endloop
  endfacet
  facet normal 0.660523 -0.750806 0
    outer loop
      vertex 9.09985 203.025 5
      vertex 8.87365 202.826 0.799999
      vertex 9.09985 203.025 0.799999
    endloop
  endfacet
  facet normal -0.660688 0.750661 0
    outer loop
      vertex 12.1263 199.574 0.799999
      vertex 11.9002 199.375 5
      vertex 12.1263 199.574 5
    endloop
  endfacet
  facet normal -0.660688 0.750661 0
    outer loop
      vertex 11.9002 199.375 5
      vertex 12.1263 199.574 0.799999
      vertex 11.9002 199.375 0.799999
    endloop
  endfacet
  facet normal -0.997851 0.0655255 0
    outer loop
      vertex 12.7803 200.9 0.799999
      vertex 12.8 201.2 5
      vertex 12.8 201.2 0.799999
    endloop
  endfacet
  facet normal -0.997851 0.0655255 0
    outer loop
      vertex 12.8 201.2 5
      vertex 12.7803 200.9 0.799999
      vertex 12.7803 200.9 5
    endloop
  endfacet
  facet normal -0.0664749 0.997788 0
    outer loop
      vertex 10.8002 198.92 0.799999
      vertex 10.5 198.9 5
      vertex 10.8002 198.92 5
    endloop
  endfacet
  facet normal -0.0664749 0.997788 0
    outer loop
      vertex 10.5 198.9 5
      vertex 10.8002 198.92 0.799999
      vertex 10.5 198.9 0.799999
    endloop
  endfacet
  facet normal 0.555237 0.831692 -0
    outer loop
      vertex 9.35 199.208 0.799999
      vertex 9.09985 199.375 5
      vertex 9.35 199.208 5
    endloop
  endfacet
  facet normal 0.555237 0.831692 0
    outer loop
      vertex 9.09985 199.375 5
      vertex 9.35 199.208 0.799999
      vertex 9.09985 199.375 0.799999
    endloop
  endfacet
  facet normal 0.980778 0.195125 0
    outer loop
      vertex 8.27837 200.605 5
      vertex 8.21968 200.9 0.799999
      vertex 8.21968 200.9 5
    endloop
  endfacet
  facet normal 0.980778 0.195125 0
    outer loop
      vertex 8.21968 200.9 0.799999
      vertex 8.27837 200.605 5
      vertex 8.27837 200.605 0.799999
    endloop
  endfacet
  facet normal -0.831231 0.555927 0
    outer loop
      vertex 12.3247 199.8 0.799999
      vertex 12.4919 200.05 5
      vertex 12.4919 200.05 0.799999
    endloop
  endfacet
  facet normal -0.831231 0.555927 0
    outer loop
      vertex 12.4919 200.05 5
      vertex 12.3247 199.8 0.799999
      vertex 12.3247 199.8 5
    endloop
  endfacet
  facet normal 0.192867 0.981225 -0
    outer loop
      vertex 10.1998 198.92 0.799999
      vertex 9.90472 198.978 5
      vertex 10.1998 198.92 5
    endloop
  endfacet
  facet normal 0.192867 0.981225 0
    outer loop
      vertex 9.90472 198.978 5
      vertex 10.1998 198.92 0.799999
      vertex 9.90472 198.978 0.799999
    endloop
  endfacet
  facet normal 0.442114 0.896959 -0
    outer loop
      vertex 9.61983 199.075 0.799999
      vertex 9.35 199.208 5
      vertex 9.61983 199.075 5
    endloop
  endfacet
  facet normal 0.442114 0.896959 0
    outer loop
      vertex 9.35 199.208 5
      vertex 9.61983 199.075 0.799999
      vertex 9.35 199.208 0.799999
    endloop
  endfacet
  facet normal 0.660523 0.750806 -0
    outer loop
      vertex 9.09985 199.375 0.799999
      vertex 8.87365 199.574 5
      vertex 9.09985 199.375 5
    endloop
  endfacet
  facet normal 0.660523 0.750806 0
    outer loop
      vertex 8.87365 199.574 5
      vertex 9.09985 199.375 0.799999
      vertex 8.87365 199.574 0.799999
    endloop
  endfacet
  facet normal 0.751571 0.659653 0
    outer loop
      vertex 8.87365 199.574 5
      vertex 8.67529 199.8 0.799999
      vertex 8.67529 199.8 5
    endloop
  endfacet
  facet normal 0.751571 0.659653 0
    outer loop
      vertex 8.67529 199.8 0.799999
      vertex 8.87365 199.574 5
      vertex 8.87365 199.574 0.799999
    endloop
  endfacet
  facet normal 0.946965 0.321337 0
    outer loop
      vertex 8.37508 200.32 5
      vertex 8.27837 200.605 0.799999
      vertex 8.27837 200.605 5
    endloop
  endfacet
  facet normal 0.946965 0.321337 0
    outer loop
      vertex 8.27837 200.605 0.799999
      vertex 8.37508 200.32 5
      vertex 8.37508 200.32 0.799999
    endloop
  endfacet
  facet normal -0.751505 0.659728 0
    outer loop
      vertex 12.1263 199.574 0.799999
      vertex 12.3247 199.8 5
      vertex 12.3247 199.8 0.799999
    endloop
  endfacet
  facet normal -0.751505 0.659728 0
    outer loop
      vertex 12.3247 199.8 5
      vertex 12.1263 199.574 0.799999
      vertex 12.1263 199.574 5
    endloop
  endfacet
  facet normal 0.0664749 0.997788 -0
    outer loop
      vertex 10.5 198.9 0.799999
      vertex 10.1998 198.92 5
      vertex 10.5 198.9 5
    endloop
  endfacet
  facet normal 0.0664749 0.997788 0
    outer loop
      vertex 10.1998 198.92 5
      vertex 10.5 198.9 0.799999
      vertex 10.1998 198.92 0.799999
    endloop
  endfacet
  facet normal 0.322312 0.946634 -0
    outer loop
      vertex 9.90472 198.978 0.799999
      vertex 9.61983 199.075 5
      vertex 9.90472 198.978 5
    endloop
  endfacet
  facet normal 0.322312 0.946634 0
    outer loop
      vertex 9.61983 199.075 5
      vertex 9.90472 198.978 0.799999
      vertex 9.61983 199.075 0.799999
    endloop
  endfacet
  facet normal 0 0 1
    outer loop
      vertex 195.3 18 0.799999
      vertex 196 18 0.799999
      vertex 195.98 18.3002 0.799999
    endloop
  endfacet
  facet normal 0 0 1
    outer loop
      vertex 195.286 18.2088 0.799999
      vertex 195.98 18.3002 0.799999
      vertex 195.922 18.5953 0.799999
    endloop
  endfacet
  facet normal 0 0 1
    outer loop
      vertex 196 18 0.799999
      vertex 195.3 18 0.799999
      vertex 195.98 17.6998 0.799999
    endloop
  endfacet
  facet normal 0 0 1
    outer loop
      vertex 195.245 18.4141 0.799999
      vertex 195.922 18.5953 0.799999
      vertex 195.825 18.8802 0.799999
    endloop
  endfacet
  facet normal -0 0 1
    outer loop
      vertex 195.286 17.7912 0.799999
      vertex 195.98 17.6998 0.799999
      vertex 195.3 18 0.799999
    endloop
  endfacet
  facet normal 0 0 1
    outer loop
      vertex 195.178 18.6123 0.799999
      vertex 195.825 18.8802 0.799999
      vertex 195.692 19.15 0.799999
    endloop
  endfacet
  facet normal 0 0 1
    outer loop
      vertex 195.98 17.6998 0.799999
      vertex 195.286 17.7912 0.799999
      vertex 195.922 17.4047 0.799999
    endloop
  endfacet
  facet normal 0 0 1
    outer loop
      vertex 195.086 18.8 0.799999
      vertex 195.692 19.15 0.799999
      vertex 195.525 19.4002 0.799999
    endloop
  endfacet
  facet normal -0 0 1
    outer loop
      vertex 195.245 17.5859 0.799999
      vertex 195.922 17.4047 0.799999
      vertex 195.286 17.7912 0.799999
    endloop
  endfacet
  facet normal 0 0 1
    outer loop
      vertex 194.969 18.974 0.799999
      vertex 195.525 19.4002 0.799999
      vertex 195.326 19.6263 0.799999
    endloop
  endfacet
  facet normal 0 0 1
    outer loop
      vertex 195.922 17.4047 0.799999
      vertex 195.245 17.5859 0.799999
      vertex 195.825 17.1198 0.799999
    endloop
  endfacet
  facet normal -0 0 1
    outer loop
      vertex 195.178 17.3877 0.799999
      vertex 195.825 17.1198 0.799999
      vertex 195.245 17.5859 0.799999
    endloop
  endfacet
  facet normal 0 0 1
    outer loop
      vertex 195.98 18.3002 0.799999
      vertex 195.286 18.2088 0.799999
      vertex 195.3 18 0.799999
    endloop
  endfacet
  facet normal 0 0 1
    outer loop
      vertex 195.922 18.5953 0.799999
      vertex 195.245 18.4141 0.799999
      vertex 195.286 18.2088 0.799999
    endloop
  endfacet
  facet normal 0 0 1
    outer loop
      vertex 195.825 18.8802 0.799999
      vertex 195.178 18.6123 0.799999
      vertex 195.245 18.4141 0.799999
    endloop
  endfacet
  facet normal 0 0 1
    outer loop
      vertex 194.831 19.1314 0.799999
      vertex 195.326 19.6263 0.799999
      vertex 195.1 19.8247 0.799999
    endloop
  endfacet
  facet normal 0 0 1
    outer loop
      vertex 195.692 19.15 0.799999
      vertex 195.086 18.8 0.799999
      vertex 195.178 18.6123 0.799999
    endloop
  endfacet
  facet normal 0 0 1
    outer loop
      vertex 195.525 19.4002 0.799999
      vertex 194.969 18.974 0.799999
      vertex 195.086 18.8 0.799999
    endloop
  endfacet
  facet normal 0 0 1
    outer loop
      vertex 194.674 19.2694 0.799999
      vertex 195.1 19.8247 0.799999
      vertex 194.85 19.9919 0.799999
    endloop
  endfacet
  facet normal 0 0 1
    outer loop
      vertex 195.326 19.6263 0.799999
      vertex 194.831 19.1314 0.799999
      vertex 194.969 18.974 0.799999
    endloop
  endfacet
  facet normal 0 0 1
    outer loop
      vertex 195.1 19.8247 0.799999
      vertex 194.674 19.2694 0.799999
      vertex 194.831 19.1314 0.799999
    endloop
  endfacet
  facet normal 0 0 1
    outer loop
      vertex 194.5 19.3856 0.799999
      vertex 194.85 19.9919 0.799999
      vertex 194.58 20.1249 0.799999
    endloop
  endfacet
  facet normal 0 0 1
    outer loop
      vertex 194.85 19.9919 0.799999
      vertex 194.5 19.3856 0.799999
      vertex 194.674 19.2694 0.799999
    endloop
  endfacet
  facet normal 0 0 1
    outer loop
      vertex 194.58 20.1249 0.799999
      vertex 194.312 19.4782 0.799999
      vertex 194.5 19.3856 0.799999
    endloop
  endfacet
  facet normal 0 0 1
    outer loop
      vertex 194.295 20.2216 0.799999
      vertex 194.312 19.4782 0.799999
      vertex 194.58 20.1249 0.799999
    endloop
  endfacet
  facet normal 0 0 1
    outer loop
      vertex 194.295 20.2216 0.799999
      vertex 194.114 19.5455 0.799999
      vertex 194.312 19.4782 0.799999
    endloop
  endfacet
  facet normal 0 0 1
    outer loop
      vertex 194 20.2803 0.799999
      vertex 194.114 19.5455 0.799999
      vertex 194.295 20.2216 0.799999
    endloop
  endfacet
  facet normal 0 0 1
    outer loop
      vertex 194 20.2803 0.799999
      vertex 193.909 19.5863 0.799999
      vertex 194.114 19.5455 0.799999
    endloop
  endfacet
  facet normal 0 0 1
    outer loop
      vertex 193.7 20.3 0.799999
      vertex 193.909 19.5863 0.799999
      vertex 194 20.2803 0.799999
    endloop
  endfacet
  facet normal 0 0 1
    outer loop
      vertex 193.7 20.3 0.799999
      vertex 193.7 19.6 0.799999
      vertex 193.909 19.5863 0.799999
    endloop
  endfacet
  facet normal 0 0 1
    outer loop
      vertex 193.7 20.3 0.799999
      vertex 193.491 19.5863 0.799999
      vertex 193.7 19.6 0.799999
    endloop
  endfacet
  facet normal -0 0 1
    outer loop
      vertex 193.4 20.2803 0.799999
      vertex 193.491 19.5863 0.799999
      vertex 193.7 20.3 0.799999
    endloop
  endfacet
  facet normal 0 0 1
    outer loop
      vertex 193.4 20.2803 0.799999
      vertex 193.286 19.5455 0.799999
      vertex 193.491 19.5863 0.799999
    endloop
  endfacet
  facet normal -0 0 1
    outer loop
      vertex 193.105 20.2216 0.799999
      vertex 193.286 19.5455 0.799999
      vertex 193.4 20.2803 0.799999
    endloop
  endfacet
  facet normal 0 0 1
    outer loop
      vertex 193.105 20.2216 0.799999
      vertex 193.088 19.4782 0.799999
      vertex 193.286 19.5455 0.799999
    endloop
  endfacet
  facet normal -0 0 1
    outer loop
      vertex 192.82 20.1249 0.799999
      vertex 193.088 19.4782 0.799999
      vertex 193.105 20.2216 0.799999
    endloop
  endfacet
  facet normal 0 0 1
    outer loop
      vertex 193.088 19.4782 0.799999
      vertex 192.82 20.1249 0.799999
      vertex 192.9 19.3856 0.799999
    endloop
  endfacet
  facet normal -0 0 1
    outer loop
      vertex 192.55 19.9919 0.799999
      vertex 192.9 19.3856 0.799999
      vertex 192.82 20.1249 0.799999
    endloop
  endfacet
  facet normal 0 0 1
    outer loop
      vertex 192.9 19.3856 0.799999
      vertex 192.55 19.9919 0.799999
      vertex 192.726 19.2694 0.799999
    endloop
  endfacet
  facet normal -0 0 1
    outer loop
      vertex 192.3 19.8247 0.799999
      vertex 192.726 19.2694 0.799999
      vertex 192.55 19.9919 0.799999
    endloop
  endfacet
  facet normal 0 0 1
    outer loop
      vertex 192.726 19.2694 0.799999
      vertex 192.3 19.8247 0.799999
      vertex 192.569 19.1314 0.799999
    endloop
  endfacet
  facet normal -0 0 1
    outer loop
      vertex 192.074 19.6263 0.799999
      vertex 192.569 19.1314 0.799999
      vertex 192.3 19.8247 0.799999
    endloop
  endfacet
  facet normal 0 0 1
    outer loop
      vertex 192.569 19.1314 0.799999
      vertex 192.074 19.6263 0.799999
      vertex 192.431 18.974 0.799999
    endloop
  endfacet
  facet normal -0 0 1
    outer loop
      vertex 191.875 19.4002 0.799999
      vertex 192.431 18.974 0.799999
      vertex 192.074 19.6263 0.799999
    endloop
  endfacet
  facet normal 0 0 1
    outer loop
      vertex 192.431 18.974 0.799999
      vertex 191.875 19.4002 0.799999
      vertex 192.314 18.8 0.799999
    endloop
  endfacet
  facet normal -0 0 1
    outer loop
      vertex 191.708 19.15 0.799999
      vertex 192.314 18.8 0.799999
      vertex 191.875 19.4002 0.799999
    endloop
  endfacet
  facet normal -0 0 1
    outer loop
      vertex 191.575 18.8802 0.799999
      vertex 192.222 18.6123 0.799999
      vertex 191.708 19.15 0.799999
    endloop
  endfacet
  facet normal 0 0 1
    outer loop
      vertex 192.314 18.8 0.799999
      vertex 191.708 19.15 0.799999
      vertex 192.222 18.6123 0.799999
    endloop
  endfacet
  facet normal 0 0 1
    outer loop
      vertex 195.825 17.1198 0.799999
      vertex 195.178 17.3877 0.799999
      vertex 195.692 16.85 0.799999
    endloop
  endfacet
  facet normal -0 0 1
    outer loop
      vertex 195.086 17.2 0.799999
      vertex 195.692 16.85 0.799999
      vertex 195.178 17.3877 0.799999
    endloop
  endfacet
  facet normal 0 0 1
    outer loop
      vertex 195.692 16.85 0.799999
      vertex 195.086 17.2 0.799999
      vertex 195.525 16.5998 0.799999
    endloop
  endfacet
  facet normal -0 0 1
    outer loop
      vertex 194.969 17.026 0.799999
      vertex 195.525 16.5998 0.799999
      vertex 195.086 17.2 0.799999
    endloop
  endfacet
  facet normal 0 0 1
    outer loop
      vertex 195.525 16.5998 0.799999
      vertex 194.969 17.026 0.799999
      vertex 195.326 16.3737 0.799999
    endloop
  endfacet
  facet normal -0 0 1
    outer loop
      vertex 194.831 16.8686 0.799999
      vertex 195.326 16.3737 0.799999
      vertex 194.969 17.026 0.799999
    endloop
  endfacet
  facet normal 0 0 1
    outer loop
      vertex 195.326 16.3737 0.799999
      vertex 194.831 16.8686 0.799999
      vertex 195.1 16.1753 0.799999
    endloop
  endfacet
  facet normal -0 0 1
    outer loop
      vertex 194.674 16.7306 0.799999
      vertex 195.1 16.1753 0.799999
      vertex 194.831 16.8686 0.799999
    endloop
  endfacet
  facet normal 0 0 1
    outer loop
      vertex 195.1 16.1753 0.799999
      vertex 194.674 16.7306 0.799999
      vertex 194.85 16.0081 0.799999
    endloop
  endfacet
  facet normal -0 0 1
    outer loop
      vertex 194.5 16.6144 0.799999
      vertex 194.85 16.0081 0.799999
      vertex 194.674 16.7306 0.799999
    endloop
  endfacet
  facet normal 0 0 1
    outer loop
      vertex 194.85 16.0081 0.799999
      vertex 194.5 16.6144 0.799999
      vertex 194.58 15.8751 0.799999
    endloop
  endfacet
  facet normal -0 0 1
    outer loop
      vertex 194.312 16.5218 0.799999
      vertex 194.58 15.8751 0.799999
      vertex 194.5 16.6144 0.799999
    endloop
  endfacet
  facet normal 0 0 1
    outer loop
      vertex 194.312 16.5218 0.799999
      vertex 194.295 15.7784 0.799999
      vertex 194.58 15.8751 0.799999
    endloop
  endfacet
  facet normal -0 0 1
    outer loop
      vertex 194.114 16.4545 0.799999
      vertex 194.295 15.7784 0.799999
      vertex 194.312 16.5218 0.799999
    endloop
  endfacet
  facet normal 0 0 1
    outer loop
      vertex 194.114 16.4545 0.799999
      vertex 194 15.7197 0.799999
      vertex 194.295 15.7784 0.799999
    endloop
  endfacet
  facet normal -0 0 1
    outer loop
      vertex 193.909 16.4137 0.799999
      vertex 194 15.7197 0.799999
      vertex 194.114 16.4545 0.799999
    endloop
  endfacet
  facet normal -0 0 1
    outer loop
      vertex 193.7 16.4 0.799999
      vertex 194 15.7197 0.799999
      vertex 193.909 16.4137 0.799999
    endloop
  endfacet
  facet normal 0 0 1
    outer loop
      vertex 193.7 16.4 0.799999
      vertex 193.7 15.7 0.799999
      vertex 194 15.7197 0.799999
    endloop
  endfacet
  facet normal 0 0 1
    outer loop
      vertex 193.491 16.4137 0.799999
      vertex 193.7 15.7 0.799999
      vertex 193.7 16.4 0.799999
    endloop
  endfacet
  facet normal 0 0 1
    outer loop
      vertex 193.491 16.4137 0.799999
      vertex 193.4 15.7197 0.799999
      vertex 193.7 15.7 0.799999
    endloop
  endfacet
  facet normal 0 0 1
    outer loop
      vertex 193.286 16.4545 0.799999
      vertex 193.4 15.7197 0.799999
      vertex 193.491 16.4137 0.799999
    endloop
  endfacet
  facet normal 0 0 1
    outer loop
      vertex 193.286 16.4545 0.799999
      vertex 193.105 15.7784 0.799999
      vertex 193.4 15.7197 0.799999
    endloop
  endfacet
  facet normal 0 0 1
    outer loop
      vertex 193.088 16.5218 0.799999
      vertex 193.105 15.7784 0.799999
      vertex 193.286 16.4545 0.799999
    endloop
  endfacet
  facet normal 0 0 1
    outer loop
      vertex 192.82 15.8751 0.799999
      vertex 193.088 16.5218 0.799999
      vertex 192.9 16.6144 0.799999
    endloop
  endfacet
  facet normal 0 0 1
    outer loop
      vertex 193.088 16.5218 0.799999
      vertex 192.82 15.8751 0.799999
      vertex 193.105 15.7784 0.799999
    endloop
  endfacet
  facet normal 0 0 1
    outer loop
      vertex 192.55 16.0081 0.799999
      vertex 192.9 16.6144 0.799999
      vertex 192.726 16.7306 0.799999
    endloop
  endfacet
  facet normal 0 0 1
    outer loop
      vertex 192.3 16.1753 0.799999
      vertex 192.726 16.7306 0.799999
      vertex 192.569 16.8686 0.799999
    endloop
  endfacet
  facet normal 0 0 1
    outer loop
      vertex 192.9 16.6144 0.799999
      vertex 192.55 16.0081 0.799999
      vertex 192.82 15.8751 0.799999
    endloop
  endfacet
  facet normal 0 0 1
    outer loop
      vertex 192.074 16.3737 0.799999
      vertex 192.569 16.8686 0.799999
      vertex 192.431 17.026 0.799999
    endloop
  endfacet
  facet normal 0 0 1
    outer loop
      vertex 191.875 16.5998 0.799999
      vertex 192.431 17.026 0.799999
      vertex 192.314 17.2 0.799999
    endloop
  endfacet
  facet normal 0 0 1
    outer loop
      vertex 192.726 16.7306 0.799999
      vertex 192.3 16.1753 0.799999
      vertex 192.55 16.0081 0.799999
    endloop
  endfacet
  facet normal 0 0 1
    outer loop
      vertex 191.708 16.85 0.799999
      vertex 192.314 17.2 0.799999
      vertex 192.222 17.3877 0.799999
    endloop
  endfacet
  facet normal 0 0 1
    outer loop
      vertex 191.575 17.1198 0.799999
      vertex 192.222 17.3877 0.799999
      vertex 192.155 17.5859 0.799999
    endloop
  endfacet
  facet normal 0 0 1
    outer loop
      vertex 191.478 17.4047 0.799999
      vertex 192.155 17.5859 0.799999
      vertex 192.114 17.7912 0.799999
    endloop
  endfacet
  facet normal 0 0 1
    outer loop
      vertex 192.569 16.8686 0.799999
      vertex 192.074 16.3737 0.799999
      vertex 192.3 16.1753 0.799999
    endloop
  endfacet
  facet normal 0 0 1
    outer loop
      vertex 191.42 17.6998 0.799999
      vertex 192.114 17.7912 0.799999
      vertex 192.1 18 0.799999
    endloop
  endfacet
  facet normal 0 0 1
    outer loop
      vertex 192.222 18.6123 0.799999
      vertex 191.575 18.8802 0.799999
      vertex 192.155 18.4141 0.799999
    endloop
  endfacet
  facet normal -0 0 1
    outer loop
      vertex 191.478 18.5953 0.799999
      vertex 192.155 18.4141 0.799999
      vertex 191.575 18.8802 0.799999
    endloop
  endfacet
  facet normal 0 0 1
    outer loop
      vertex 192.431 17.026 0.799999
      vertex 191.875 16.5998 0.799999
      vertex 192.074 16.3737 0.799999
    endloop
  endfacet
  facet normal 0 0 1
    outer loop
      vertex 192.155 18.4141 0.799999
      vertex 191.478 18.5953 0.799999
      vertex 192.114 18.2088 0.799999
    endloop
  endfacet
  facet normal 0 0 1
    outer loop
      vertex 192.314 17.2 0.799999
      vertex 191.708 16.85 0.799999
      vertex 191.875 16.5998 0.799999
    endloop
  endfacet
  facet normal -0 0 1
    outer loop
      vertex 191.42 18.3002 0.799999
      vertex 192.114 18.2088 0.799999
      vertex 191.478 18.5953 0.799999
    endloop
  endfacet
  facet normal 0 0 1
    outer loop
      vertex 192.222 17.3877 0.799999
      vertex 191.575 17.1198 0.799999
      vertex 191.708 16.85 0.799999
    endloop
  endfacet
  facet normal 0 0 1
    outer loop
      vertex 192.114 18.2088 0.799999
      vertex 191.42 18.3002 0.799999
      vertex 192.1 18 0.799999
    endloop
  endfacet
  facet normal 0 0 1
    outer loop
      vertex 192.155 17.5859 0.799999
      vertex 191.478 17.4047 0.799999
      vertex 191.575 17.1198 0.799999
    endloop
  endfacet
  facet normal 0 0 1
    outer loop
      vertex 191.4 18 0.799999
      vertex 192.1 18 0.799999
      vertex 191.42 18.3002 0.799999
    endloop
  endfacet
  facet normal 0 0 1
    outer loop
      vertex 192.114 17.7912 0.799999
      vertex 191.42 17.6998 0.799999
      vertex 191.478 17.4047 0.799999
    endloop
  endfacet
  facet normal 0 0 1
    outer loop
      vertex 192.1 18 0.799999
      vertex 191.4 18 0.799999
      vertex 191.42 17.6998 0.799999
    endloop
  endfacet
  facet normal 0.195157 0.980772 -0
    outer loop
      vertex 193.4 15.7197 0.799999
      vertex 193.105 15.7784 5
      vertex 193.4 15.7197 5
    endloop
  endfacet
  facet normal 0.195157 0.980772 0
    outer loop
      vertex 193.105 15.7784 5
      vertex 193.4 15.7197 0.799999
      vertex 193.105 15.7784 0.799999
    endloop
  endfacet
  facet normal -0.44189 -0.897069 0
    outer loop
      vertex 194.58 20.1249 0.799999
      vertex 194.85 19.9919 5
      vertex 194.58 20.1249 5
    endloop
  endfacet
  facet normal -0.44189 -0.897069 -0
    outer loop
      vertex 194.85 19.9919 5
      vertex 194.58 20.1249 0.799999
      vertex 194.85 19.9919 0.799999
    endloop
  endfacet
  facet normal 0.44189 -0.897069 0
    outer loop
      vertex 192.55 19.9919 0.799999
      vertex 192.82 20.1249 5
      vertex 192.55 19.9919 5
    endloop
  endfacet
  facet normal 0.44189 -0.897069 0
    outer loop
      vertex 192.82 20.1249 5
      vertex 192.55 19.9919 0.799999
      vertex 192.82 20.1249 0.799999
    endloop
  endfacet
  facet normal 0.946637 -0.322302 0
    outer loop
      vertex 191.478 18.5953 5
      vertex 191.575 18.8802 0.799999
      vertex 191.575 18.8802 5
    endloop
  endfacet
  facet normal 0.946637 -0.322302 0
    outer loop
      vertex 191.575 18.8802 0.799999
      vertex 191.478 18.5953 5
      vertex 191.478 18.5953 0.799999
    endloop
  endfacet
  facet normal 0.831743 0.55516 0
    outer loop
      vertex 191.875 16.5998 5
      vertex 191.708 16.85 0.799999
      vertex 191.708 16.85 5
    endloop
  endfacet
  facet normal 0.831743 0.55516 0
    outer loop
      vertex 191.708 16.85 0.799999
      vertex 191.875 16.5998 5
      vertex 191.875 16.5998 0.799999
    endloop
  endfacet
  facet normal -0.946637 -0.322302 0
    outer loop
      vertex 195.922 18.5953 0.799999
      vertex 195.825 18.8802 5
      vertex 195.825 18.8802 0.799999
    endloop
  endfacet
  facet normal -0.946637 -0.322302 0
    outer loop
      vertex 195.825 18.8802 5
      vertex 195.922 18.5953 0.799999
      vertex 195.922 18.5953 5
    endloop
  endfacet
  facet normal -0.89694 -0.442153 0
    outer loop
      vertex 195.825 18.8802 0.799999
      vertex 195.692 19.15 5
      vertex 195.692 19.15 0.799999
    endloop
  endfacet
  facet normal -0.89694 -0.442153 0
    outer loop
      vertex 195.692 19.15 5
      vertex 195.825 18.8802 0.799999
      vertex 195.825 18.8802 5
    endloop
  endfacet
  facet normal -0.831743 -0.55516 0
    outer loop
      vertex 195.692 19.15 0.799999
      vertex 195.525 19.4002 5
      vertex 195.525 19.4002 0.799999
    endloop
  endfacet
  facet normal -0.831743 -0.55516 0
    outer loop
      vertex 195.525 19.4002 5
      vertex 195.692 19.15 0.799999
      vertex 195.692 19.15 5
    endloop
  endfacet
  facet normal -0.750661 -0.660688 0
    outer loop
      vertex 195.525 19.4002 0.799999
      vertex 195.326 19.6263 5
      vertex 195.326 19.6263 0.799999
    endloop
  endfacet
  facet normal -0.750661 -0.660688 0
    outer loop
      vertex 195.326 19.6263 5
      vertex 195.525 19.4002 0.799999
      vertex 195.525 19.4002 5
    endloop
  endfacet
  facet normal -0.321307 -0.946975 0
    outer loop
      vertex 194.295 20.2216 0.799999
      vertex 194.58 20.1249 5
      vertex 194.295 20.2216 5
    endloop
  endfacet
  facet normal -0.321307 -0.946975 -0
    outer loop
      vertex 194.58 20.1249 5
      vertex 194.295 20.2216 0.799999
      vertex 194.58 20.1249 0.799999
    endloop
  endfacet
  facet normal -0.195157 -0.980772 0
    outer loop
      vertex 194 20.2803 0.799999
      vertex 194.295 20.2216 5
      vertex 194 20.2803 5
    endloop
  endfacet
  facet normal -0.195157 -0.980772 -0
    outer loop
      vertex 194.295 20.2216 5
      vertex 194 20.2803 0.799999
      vertex 194.295 20.2216 0.799999
    endloop
  endfacet
  facet normal 0.997788 -0.0664749 0
    outer loop
      vertex 191.4 18 5
      vertex 191.42 18.3002 0.799999
      vertex 191.42 18.3002 5
    endloop
  endfacet
  facet normal 0.997788 -0.0664749 0
    outer loop
      vertex 191.42 18.3002 0.799999
      vertex 191.4 18 5
      vertex 191.4 18 0.799999
    endloop
  endfacet
  facet normal 0.831743 -0.55516 0
    outer loop
      vertex 191.708 19.15 5
      vertex 191.875 19.4002 0.799999
      vertex 191.875 19.4002 5
    endloop
  endfacet
  facet normal 0.831743 -0.55516 0
    outer loop
      vertex 191.875 19.4002 0.799999
      vertex 191.708 19.15 5
      vertex 191.708 19.15 0.799999
    endloop
  endfacet
  facet normal 0.555927 -0.831231 0
    outer loop
      vertex 192.3 19.8247 0.799999
      vertex 192.55 19.9919 5
      vertex 192.3 19.8247 5
    endloop
  endfacet
  facet normal 0.555927 -0.831231 0
    outer loop
      vertex 192.55 19.9919 5
      vertex 192.3 19.8247 0.799999
      vertex 192.55 19.9919 0.799999
    endloop
  endfacet
  facet normal 0.659728 -0.751505 0
    outer loop
      vertex 192.074 19.6263 0.799999
      vertex 192.3 19.8247 5
      vertex 192.074 19.6263 5
    endloop
  endfacet
  facet normal 0.659728 -0.751505 0
    outer loop
      vertex 192.3 19.8247 5
      vertex 192.074 19.6263 0.799999
      vertex 192.3 19.8247 0.799999
    endloop
  endfacet
  facet normal -0.997788 -0.0664749 0
    outer loop
      vertex 196 18 0.799999
      vertex 195.98 18.3002 5
      vertex 195.98 18.3002 0.799999
    endloop
  endfacet
  facet normal -0.997788 -0.0664749 0
    outer loop
      vertex 195.98 18.3002 5
      vertex 196 18 0.799999
      vertex 196 18 5
    endloop
  endfacet
  facet normal -0.44189 0.897069 0
    outer loop
      vertex 194.85 16.0081 0.799999
      vertex 194.58 15.8751 5
      vertex 194.85 16.0081 5
    endloop
  endfacet
  facet normal -0.44189 0.897069 0
    outer loop
      vertex 194.58 15.8751 5
      vertex 194.85 16.0081 0.799999
      vertex 194.58 15.8751 0.799999
    endloop
  endfacet
  facet normal -0.831743 0.55516 0
    outer loop
      vertex 195.525 16.5998 0.799999
      vertex 195.692 16.85 5
      vertex 195.692 16.85 0.799999
    endloop
  endfacet
  facet normal -0.831743 0.55516 0
    outer loop
      vertex 195.692 16.85 5
      vertex 195.525 16.5998 0.799999
      vertex 195.525 16.5998 5
    endloop
  endfacet
  facet normal -0.750661 0.660688 0
    outer loop
      vertex 195.326 16.3737 0.799999
      vertex 195.525 16.5998 5
      vertex 195.525 16.5998 0.799999
    endloop
  endfacet
  facet normal -0.750661 0.660688 0
    outer loop
      vertex 195.525 16.5998 5
      vertex 195.326 16.3737 0.799999
      vertex 195.326 16.3737 5
    endloop
  endfacet
  facet normal -0.555927 0.831231 0
    outer loop
      vertex 195.1 16.1753 0.799999
      vertex 194.85 16.0081 5
      vertex 195.1 16.1753 5
    endloop
  endfacet
  facet normal -0.555927 0.831231 0
    outer loop
      vertex 194.85 16.0081 5
      vertex 195.1 16.1753 0.799999
      vertex 194.85 16.0081 0.799999
    endloop
  endfacet
  facet normal -0.0655255 0.997851 0
    outer loop
      vertex 194 15.7197 0.799999
      vertex 193.7 15.7 5
      vertex 194 15.7197 5
    endloop
  endfacet
  facet normal -0.0655255 0.997851 0
    outer loop
      vertex 193.7 15.7 5
      vertex 194 15.7197 0.799999
      vertex 193.7 15.7 0.799999
    endloop
  endfacet
  facet normal 0.321307 0.946975 -0
    outer loop
      vertex 193.105 15.7784 0.799999
      vertex 192.82 15.8751 5
      vertex 193.105 15.7784 5
    endloop
  endfacet
  facet normal 0.321307 0.946975 0
    outer loop
      vertex 192.82 15.8751 5
      vertex 193.105 15.7784 0.799999
      vertex 192.82 15.8751 0.799999
    endloop
  endfacet
  facet normal 0.981227 0.192854 0
    outer loop
      vertex 191.478 17.4047 5
      vertex 191.42 17.6998 0.799999
      vertex 191.42 17.6998 5
    endloop
  endfacet
  facet normal 0.981227 0.192854 0
    outer loop
      vertex 191.42 17.6998 0.799999
      vertex 191.478 17.4047 5
      vertex 191.478 17.4047 0.799999
    endloop
  endfacet
  facet normal -0.659728 -0.751505 0
    outer loop
      vertex 195.1 19.8247 0.799999
      vertex 195.326 19.6263 5
      vertex 195.1 19.8247 5
    endloop
  endfacet
  facet normal -0.659728 -0.751505 -0
    outer loop
      vertex 195.326 19.6263 5
      vertex 195.1 19.8247 0.799999
      vertex 195.326 19.6263 0.799999
    endloop
  endfacet
  facet normal 0.0655255 -0.997851 0
    outer loop
      vertex 193.4 20.2803 0.799999
      vertex 193.7 20.3 5
      vertex 193.4 20.2803 5
    endloop
  endfacet
  facet normal 0.0655255 -0.997851 0
    outer loop
      vertex 193.7 20.3 5
      vertex 193.4 20.2803 0.799999
      vertex 193.7 20.3 0.799999
    endloop
  endfacet
  facet normal 0.997788 0.0664749 0
    outer loop
      vertex 191.42 17.6998 5
      vertex 191.4 18 0.799999
      vertex 191.4 18 5
    endloop
  endfacet
  facet normal 0.997788 0.0664749 0
    outer loop
      vertex 191.4 18 0.799999
      vertex 191.42 17.6998 5
      vertex 191.42 17.6998 0.799999
    endloop
  endfacet
  facet normal 0.195157 -0.980772 0
    outer loop
      vertex 193.105 20.2216 0.799999
      vertex 193.4 20.2803 5
      vertex 193.105 20.2216 5
    endloop
  endfacet
  facet normal 0.195157 -0.980772 0
    outer loop
      vertex 193.4 20.2803 5
      vertex 193.105 20.2216 0.799999
      vertex 193.4 20.2803 0.799999
    endloop
  endfacet
  facet normal 0.321307 -0.946975 0
    outer loop
      vertex 192.82 20.1249 0.799999
      vertex 193.105 20.2216 5
      vertex 192.82 20.1249 5
    endloop
  endfacet
  facet normal 0.321307 -0.946975 0
    outer loop
      vertex 193.105 20.2216 5
      vertex 192.82 20.1249 0.799999
      vertex 193.105 20.2216 0.799999
    endloop
  endfacet
  facet normal 0.750661 -0.660688 0
    outer loop
      vertex 191.875 19.4002 5
      vertex 192.074 19.6263 0.799999
      vertex 192.074 19.6263 5
    endloop
  endfacet
  facet normal 0.750661 -0.660688 0
    outer loop
      vertex 192.074 19.6263 0.799999
      vertex 191.875 19.4002 5
      vertex 191.875 19.4002 0.799999
    endloop
  endfacet
  facet normal -0.997788 0.0664749 0
    outer loop
      vertex 195.98 17.6998 0.799999
      vertex 196 18 5
      vertex 196 18 0.799999
    endloop
  endfacet
  facet normal -0.997788 0.0664749 0
    outer loop
      vertex 196 18 5
      vertex 195.98 17.6998 0.799999
      vertex 195.98 17.6998 5
    endloop
  endfacet
  facet normal -0.195157 0.980772 0
    outer loop
      vertex 194.295 15.7784 0.799999
      vertex 194 15.7197 5
      vertex 194.295 15.7784 5
    endloop
  endfacet
  facet normal -0.195157 0.980772 0
    outer loop
      vertex 194 15.7197 5
      vertex 194.295 15.7784 0.799999
      vertex 194 15.7197 0.799999
    endloop
  endfacet
  facet normal -0.946637 0.322302 0
    outer loop
      vertex 195.825 17.1198 0.799999
      vertex 195.922 17.4047 5
      vertex 195.922 17.4047 0.799999
    endloop
  endfacet
  facet normal -0.946637 0.322302 0
    outer loop
      vertex 195.922 17.4047 5
      vertex 195.825 17.1198 0.799999
      vertex 195.825 17.1198 5
    endloop
  endfacet
  facet normal -0.321307 0.946975 0
    outer loop
      vertex 194.58 15.8751 0.799999
      vertex 194.295 15.7784 5
      vertex 194.58 15.8751 5
    endloop
  endfacet
  facet normal -0.321307 0.946975 0
    outer loop
      vertex 194.295 15.7784 5
      vertex 194.58 15.8751 0.799999
      vertex 194.295 15.7784 0.799999
    endloop
  endfacet
  facet normal -0.659728 0.751505 0
    outer loop
      vertex 195.326 16.3737 0.799999
      vertex 195.1 16.1753 5
      vertex 195.326 16.3737 5
    endloop
  endfacet
  facet normal -0.659728 0.751505 0
    outer loop
      vertex 195.1 16.1753 5
      vertex 195.326 16.3737 0.799999
      vertex 195.1 16.1753 0.799999
    endloop
  endfacet
  facet normal 0.0655255 0.997851 -0
    outer loop
      vertex 193.7 15.7 0.799999
      vertex 193.4 15.7197 5
      vertex 193.7 15.7 5
    endloop
  endfacet
  facet normal 0.0655255 0.997851 0
    outer loop
      vertex 193.4 15.7197 5
      vertex 193.7 15.7 0.799999
      vertex 193.4 15.7197 0.799999
    endloop
  endfacet
  facet normal 0.555927 0.831231 -0
    outer loop
      vertex 192.55 16.0081 0.799999
      vertex 192.3 16.1753 5
      vertex 192.55 16.0081 5
    endloop
  endfacet
  facet normal 0.555927 0.831231 0
    outer loop
      vertex 192.3 16.1753 5
      vertex 192.55 16.0081 0.799999
      vertex 192.3 16.1753 0.799999
    endloop
  endfacet
  facet normal 0.946637 0.322302 0
    outer loop
      vertex 191.575 17.1198 5
      vertex 191.478 17.4047 0.799999
      vertex 191.478 17.4047 5
    endloop
  endfacet
  facet normal 0.946637 0.322302 0
    outer loop
      vertex 191.478 17.4047 0.799999
      vertex 191.575 17.1198 5
      vertex 191.575 17.1198 0.799999
    endloop
  endfacet
  facet normal 0.89694 0.442153 0
    outer loop
      vertex 191.708 16.85 5
      vertex 191.575 17.1198 0.799999
      vertex 191.575 17.1198 5
    endloop
  endfacet
  facet normal 0.89694 0.442153 0
    outer loop
      vertex 191.575 17.1198 0.799999
      vertex 191.708 16.85 5
      vertex 191.708 16.85 0.799999
    endloop
  endfacet
  facet normal 0.750661 0.660688 0
    outer loop
      vertex 192.074 16.3737 5
      vertex 191.875 16.5998 0.799999
      vertex 191.875 16.5998 5
    endloop
  endfacet
  facet normal 0.750661 0.660688 0
    outer loop
      vertex 191.875 16.5998 0.799999
      vertex 192.074 16.3737 5
      vertex 192.074 16.3737 0.799999
    endloop
  endfacet
  facet normal 0.659728 0.751505 -0
    outer loop
      vertex 192.3 16.1753 0.799999
      vertex 192.074 16.3737 5
      vertex 192.3 16.1753 5
    endloop
  endfacet
  facet normal 0.659728 0.751505 0
    outer loop
      vertex 192.074 16.3737 5
      vertex 192.3 16.1753 0.799999
      vertex 192.074 16.3737 0.799999
    endloop
  endfacet
  facet normal -0.981227 -0.192854 0
    outer loop
      vertex 195.98 18.3002 0.799999
      vertex 195.922 18.5953 5
      vertex 195.922 18.5953 0.799999
    endloop
  endfacet
  facet normal -0.981227 -0.192854 0
    outer loop
      vertex 195.922 18.5953 5
      vertex 195.98 18.3002 0.799999
      vertex 195.98 18.3002 5
    endloop
  endfacet
  facet normal -0.555927 -0.831231 0
    outer loop
      vertex 194.85 19.9919 0.799999
      vertex 195.1 19.8247 5
      vertex 194.85 19.9919 5
    endloop
  endfacet
  facet normal -0.555927 -0.831231 -0
    outer loop
      vertex 195.1 19.8247 5
      vertex 194.85 19.9919 0.799999
      vertex 195.1 19.8247 0.799999
    endloop
  endfacet
  facet normal -0.0655255 -0.997851 0
    outer loop
      vertex 193.7 20.3 0.799999
      vertex 194 20.2803 5
      vertex 193.7 20.3 5
    endloop
  endfacet
  facet normal -0.0655255 -0.997851 -0
    outer loop
      vertex 194 20.2803 5
      vertex 193.7 20.3 0.799999
      vertex 194 20.2803 0.799999
    endloop
  endfacet
  facet normal 0.981227 -0.192854 0
    outer loop
      vertex 191.42 18.3002 5
      vertex 191.478 18.5953 0.799999
      vertex 191.478 18.5953 5
    endloop
  endfacet
  facet normal 0.981227 -0.192854 0
    outer loop
      vertex 191.478 18.5953 0.799999
      vertex 191.42 18.3002 5
      vertex 191.42 18.3002 0.799999
    endloop
  endfacet
  facet normal 0.89694 -0.442153 0
    outer loop
      vertex 191.575 18.8802 5
      vertex 191.708 19.15 0.799999
      vertex 191.708 19.15 5
    endloop
  endfacet
  facet normal 0.89694 -0.442153 0
    outer loop
      vertex 191.708 19.15 0.799999
      vertex 191.575 18.8802 5
      vertex 191.575 18.8802 0.799999
    endloop
  endfacet
  facet normal -0.981227 0.192854 0
    outer loop
      vertex 195.922 17.4047 0.799999
      vertex 195.98 17.6998 5
      vertex 195.98 17.6998 0.799999
    endloop
  endfacet
  facet normal -0.981227 0.192854 0
    outer loop
      vertex 195.98 17.6998 5
      vertex 195.922 17.4047 0.799999
      vertex 195.922 17.4047 5
    endloop
  endfacet
  facet normal -0.89694 0.442153 0
    outer loop
      vertex 195.692 16.85 0.799999
      vertex 195.825 17.1198 5
      vertex 195.825 17.1198 0.799999
    endloop
  endfacet
  facet normal -0.89694 0.442153 0
    outer loop
      vertex 195.825 17.1198 5
      vertex 195.692 16.85 0.799999
      vertex 195.692 16.85 5
    endloop
  endfacet
  facet normal 0.44189 0.897069 -0
    outer loop
      vertex 192.82 15.8751 0.799999
      vertex 192.55 16.0081 5
      vertex 192.82 15.8751 5
    endloop
  endfacet
  facet normal 0.44189 0.897069 0
    outer loop
      vertex 192.55 16.0081 5
      vertex 192.82 15.8751 0.799999
      vertex 192.55 16.0081 0.799999
    endloop
  endfacet
  facet normal -0.897069 -0.44189 0
    outer loop
      vertex 195.825 202.08 0.799999
      vertex 195.692 202.35 5
      vertex 195.692 202.35 0.799999
    endloop
  endfacet
  facet normal -0.897069 -0.44189 0
    outer loop
      vertex 195.692 202.35 5
      vertex 195.825 202.08 0.799999
      vertex 195.825 202.08 5
    endloop
  endfacet
  facet normal 0 0 1
    outer loop
      vertex 195.3 201.2 0.799999
      vertex 196 201.2 0.799999
      vertex 195.98 201.5 0.799999
    endloop
  endfacet
  facet normal 0 0 1
    outer loop
      vertex 195.286 201.409 0.799999
      vertex 195.98 201.5 0.799999
      vertex 195.922 201.795 0.799999
    endloop
  endfacet
  facet normal 0 0 1
    outer loop
      vertex 196 201.2 0.799999
      vertex 195.3 201.2 0.799999
      vertex 195.98 200.9 0.799999
    endloop
  endfacet
  facet normal 0 0 1
    outer loop
      vertex 195.245 201.614 0.799999
      vertex 195.922 201.795 0.799999
      vertex 195.825 202.08 0.799999
    endloop
  endfacet
  facet normal -0 0 1
    outer loop
      vertex 195.286 200.991 0.799999
      vertex 195.98 200.9 0.799999
      vertex 195.3 201.2 0.799999
    endloop
  endfacet
  facet normal 0 0 1
    outer loop
      vertex 195.178 201.812 0.799999
      vertex 195.825 202.08 0.799999
      vertex 195.692 202.35 0.799999
    endloop
  endfacet
  facet normal 0 0 1
    outer loop
      vertex 195.98 200.9 0.799999
      vertex 195.286 200.991 0.799999
      vertex 195.922 200.605 0.799999
    endloop
  endfacet
  facet normal 0 0 1
    outer loop
      vertex 195.086 202 0.799999
      vertex 195.692 202.35 0.799999
      vertex 195.525 202.6 0.799999
    endloop
  endfacet
  facet normal -0 0 1
    outer loop
      vertex 195.245 200.786 0.799999
      vertex 195.922 200.605 0.799999
      vertex 195.286 200.991 0.799999
    endloop
  endfacet
  facet normal 0 0 1
    outer loop
      vertex 194.969 202.174 0.799999
      vertex 195.525 202.6 0.799999
      vertex 195.326 202.826 0.799999
    endloop
  endfacet
  facet normal 0 0 1
    outer loop
      vertex 195.922 200.605 0.799999
      vertex 195.245 200.786 0.799999
      vertex 195.825 200.32 0.799999
    endloop
  endfacet
  facet normal -0 0 1
    outer loop
      vertex 195.178 200.588 0.799999
      vertex 195.825 200.32 0.799999
      vertex 195.245 200.786 0.799999
    endloop
  endfacet
  facet normal 0 0 1
    outer loop
      vertex 195.98 201.5 0.799999
      vertex 195.286 201.409 0.799999
      vertex 195.3 201.2 0.799999
    endloop
  endfacet
  facet normal 0 0 1
    outer loop
      vertex 195.922 201.795 0.799999
      vertex 195.245 201.614 0.799999
      vertex 195.286 201.409 0.799999
    endloop
  endfacet
  facet normal 0 0 1
    outer loop
      vertex 195.825 202.08 0.799999
      vertex 195.178 201.812 0.799999
      vertex 195.245 201.614 0.799999
    endloop
  endfacet
  facet normal 0 0 1
    outer loop
      vertex 194.831 202.331 0.799999
      vertex 195.326 202.826 0.799999
      vertex 195.1 203.025 0.799999
    endloop
  endfacet
  facet normal 0 0 1
    outer loop
      vertex 195.692 202.35 0.799999
      vertex 195.086 202 0.799999
      vertex 195.178 201.812 0.799999
    endloop
  endfacet
  facet normal 0 0 1
    outer loop
      vertex 195.525 202.6 0.799999
      vertex 194.969 202.174 0.799999
      vertex 195.086 202 0.799999
    endloop
  endfacet
  facet normal 0 0 1
    outer loop
      vertex 194.674 202.469 0.799999
      vertex 195.1 203.025 0.799999
      vertex 194.85 203.192 0.799999
    endloop
  endfacet
  facet normal 0 0 1
    outer loop
      vertex 195.326 202.826 0.799999
      vertex 194.831 202.331 0.799999
      vertex 194.969 202.174 0.799999
    endloop
  endfacet
  facet normal 0 0 1
    outer loop
      vertex 195.1 203.025 0.799999
      vertex 194.674 202.469 0.799999
      vertex 194.831 202.331 0.799999
    endloop
  endfacet
  facet normal 0 0 1
    outer loop
      vertex 194.5 202.586 0.799999
      vertex 194.85 203.192 0.799999
      vertex 194.58 203.325 0.799999
    endloop
  endfacet
  facet normal 0 0 1
    outer loop
      vertex 194.85 203.192 0.799999
      vertex 194.5 202.586 0.799999
      vertex 194.674 202.469 0.799999
    endloop
  endfacet
  facet normal 0 0 1
    outer loop
      vertex 194.58 203.325 0.799999
      vertex 194.312 202.678 0.799999
      vertex 194.5 202.586 0.799999
    endloop
  endfacet
  facet normal 0 0 1
    outer loop
      vertex 194.295 203.422 0.799999
      vertex 194.312 202.678 0.799999
      vertex 194.58 203.325 0.799999
    endloop
  endfacet
  facet normal 0 0 1
    outer loop
      vertex 194.295 203.422 0.799999
      vertex 194.114 202.745 0.799999
      vertex 194.312 202.678 0.799999
    endloop
  endfacet
  facet normal 0 0 1
    outer loop
      vertex 194 203.48 0.799999
      vertex 194.114 202.745 0.799999
      vertex 194.295 203.422 0.799999
    endloop
  endfacet
  facet normal 0 0 1
    outer loop
      vertex 194 203.48 0.799999
      vertex 193.909 202.786 0.799999
      vertex 194.114 202.745 0.799999
    endloop
  endfacet
  facet normal 0 0 1
    outer loop
      vertex 193.7 203.5 0.799999
      vertex 193.909 202.786 0.799999
      vertex 194 203.48 0.799999
    endloop
  endfacet
  facet normal 0 0 1
    outer loop
      vertex 193.7 203.5 0.799999
      vertex 193.7 202.8 0.799999
      vertex 193.909 202.786 0.799999
    endloop
  endfacet
  facet normal 0 0 1
    outer loop
      vertex 193.7 203.5 0.799999
      vertex 193.491 202.786 0.799999
      vertex 193.7 202.8 0.799999
    endloop
  endfacet
  facet normal -0 0 1
    outer loop
      vertex 193.4 203.48 0.799999
      vertex 193.491 202.786 0.799999
      vertex 193.7 203.5 0.799999
    endloop
  endfacet
  facet normal 0 0 1
    outer loop
      vertex 193.4 203.48 0.799999
      vertex 193.286 202.745 0.799999
      vertex 193.491 202.786 0.799999
    endloop
  endfacet
  facet normal -0 0 1
    outer loop
      vertex 193.105 203.422 0.799999
      vertex 193.286 202.745 0.799999
      vertex 193.4 203.48 0.799999
    endloop
  endfacet
  facet normal 0 0 1
    outer loop
      vertex 193.105 203.422 0.799999
      vertex 193.088 202.678 0.799999
      vertex 193.286 202.745 0.799999
    endloop
  endfacet
  facet normal -0 0 1
    outer loop
      vertex 192.82 203.325 0.799999
      vertex 193.088 202.678 0.799999
      vertex 193.105 203.422 0.799999
    endloop
  endfacet
  facet normal 0 0 1
    outer loop
      vertex 193.088 202.678 0.799999
      vertex 192.82 203.325 0.799999
      vertex 192.9 202.586 0.799999
    endloop
  endfacet
  facet normal -0 0 1
    outer loop
      vertex 192.55 203.192 0.799999
      vertex 192.9 202.586 0.799999
      vertex 192.82 203.325 0.799999
    endloop
  endfacet
  facet normal 0 0 1
    outer loop
      vertex 192.9 202.586 0.799999
      vertex 192.55 203.192 0.799999
      vertex 192.726 202.469 0.799999
    endloop
  endfacet
  facet normal -0 0 1
    outer loop
      vertex 192.3 203.025 0.799999
      vertex 192.726 202.469 0.799999
      vertex 192.55 203.192 0.799999
    endloop
  endfacet
  facet normal 0 0 1
    outer loop
      vertex 192.726 202.469 0.799999
      vertex 192.3 203.025 0.799999
      vertex 192.569 202.331 0.799999
    endloop
  endfacet
  facet normal -0 0 1
    outer loop
      vertex 192.074 202.826 0.799999
      vertex 192.569 202.331 0.799999
      vertex 192.3 203.025 0.799999
    endloop
  endfacet
  facet normal 0 0 1
    outer loop
      vertex 192.569 202.331 0.799999
      vertex 192.074 202.826 0.799999
      vertex 192.431 202.174 0.799999
    endloop
  endfacet
  facet normal -0 0 1
    outer loop
      vertex 191.875 202.6 0.799999
      vertex 192.431 202.174 0.799999
      vertex 192.074 202.826 0.799999
    endloop
  endfacet
  facet normal 0 0 1
    outer loop
      vertex 192.431 202.174 0.799999
      vertex 191.875 202.6 0.799999
      vertex 192.314 202 0.799999
    endloop
  endfacet
  facet normal -0 0 1
    outer loop
      vertex 191.708 202.35 0.799999
      vertex 192.314 202 0.799999
      vertex 191.875 202.6 0.799999
    endloop
  endfacet
  facet normal -0 0 1
    outer loop
      vertex 191.575 202.08 0.799999
      vertex 192.222 201.812 0.799999
      vertex 191.708 202.35 0.799999
    endloop
  endfacet
  facet normal 0 0 1
    outer loop
      vertex 192.314 202 0.799999
      vertex 191.708 202.35 0.799999
      vertex 192.222 201.812 0.799999
    endloop
  endfacet
  facet normal 0 0 1
    outer loop
      vertex 195.825 200.32 0.799999
      vertex 195.178 200.588 0.799999
      vertex 195.692 200.05 0.799999
    endloop
  endfacet
  facet normal -0 0 1
    outer loop
      vertex 195.086 200.4 0.799999
      vertex 195.692 200.05 0.799999
      vertex 195.178 200.588 0.799999
    endloop
  endfacet
  facet normal 0 0 1
    outer loop
      vertex 195.692 200.05 0.799999
      vertex 195.086 200.4 0.799999
      vertex 195.525 199.8 0.799999
    endloop
  endfacet
  facet normal -0 0 1
    outer loop
      vertex 194.969 200.226 0.799999
      vertex 195.525 199.8 0.799999
      vertex 195.086 200.4 0.799999
    endloop
  endfacet
  facet normal 0 0 1
    outer loop
      vertex 195.525 199.8 0.799999
      vertex 194.969 200.226 0.799999
      vertex 195.326 199.574 0.799999
    endloop
  endfacet
  facet normal -0 0 1
    outer loop
      vertex 194.831 200.069 0.799999
      vertex 195.326 199.574 0.799999
      vertex 194.969 200.226 0.799999
    endloop
  endfacet
  facet normal 0 0 1
    outer loop
      vertex 195.326 199.574 0.799999
      vertex 194.831 200.069 0.799999
      vertex 195.1 199.375 0.799999
    endloop
  endfacet
  facet normal -0 0 1
    outer loop
      vertex 194.674 199.931 0.799999
      vertex 195.1 199.375 0.799999
      vertex 194.831 200.069 0.799999
    endloop
  endfacet
  facet normal 0 0 1
    outer loop
      vertex 195.1 199.375 0.799999
      vertex 194.674 199.931 0.799999
      vertex 194.85 199.208 0.799999
    endloop
  endfacet
  facet normal -0 0 1
    outer loop
      vertex 194.5 199.814 0.799999
      vertex 194.85 199.208 0.799999
      vertex 194.674 199.931 0.799999
    endloop
  endfacet
  facet normal 0 0 1
    outer loop
      vertex 194.85 199.208 0.799999
      vertex 194.5 199.814 0.799999
      vertex 194.58 199.075 0.799999
    endloop
  endfacet
  facet normal -0 0 1
    outer loop
      vertex 194.312 199.722 0.799999
      vertex 194.58 199.075 0.799999
      vertex 194.5 199.814 0.799999
    endloop
  endfacet
  facet normal 0 0 1
    outer loop
      vertex 194.312 199.722 0.799999
      vertex 194.295 198.978 0.799999
      vertex 194.58 199.075 0.799999
    endloop
  endfacet
  facet normal -0 0 1
    outer loop
      vertex 194.114 199.655 0.799999
      vertex 194.295 198.978 0.799999
      vertex 194.312 199.722 0.799999
    endloop
  endfacet
  facet normal 0 0 1
    outer loop
      vertex 194.114 199.655 0.799999
      vertex 194 198.92 0.799999
      vertex 194.295 198.978 0.799999
    endloop
  endfacet
  facet normal -0 0 1
    outer loop
      vertex 193.909 199.614 0.799999
      vertex 194 198.92 0.799999
      vertex 194.114 199.655 0.799999
    endloop
  endfacet
  facet normal -0 0 1
    outer loop
      vertex 193.7 199.6 0.799999
      vertex 194 198.92 0.799999
      vertex 193.909 199.614 0.799999
    endloop
  endfacet
  facet normal 0 0 1
    outer loop
      vertex 193.7 199.6 0.799999
      vertex 193.7 198.9 0.799999
      vertex 194 198.92 0.799999
    endloop
  endfacet
  facet normal 0 0 1
    outer loop
      vertex 193.491 199.614 0.799999
      vertex 193.7 198.9 0.799999
      vertex 193.7 199.6 0.799999
    endloop
  endfacet
  facet normal 0 0 1
    outer loop
      vertex 193.491 199.614 0.799999
      vertex 193.4 198.92 0.799999
      vertex 193.7 198.9 0.799999
    endloop
  endfacet
  facet normal 0 0 1
    outer loop
      vertex 193.286 199.655 0.799999
      vertex 193.4 198.92 0.799999
      vertex 193.491 199.614 0.799999
    endloop
  endfacet
  facet normal 0 0 1
    outer loop
      vertex 193.286 199.655 0.799999
      vertex 193.105 198.978 0.799999
      vertex 193.4 198.92 0.799999
    endloop
  endfacet
  facet normal 0 0 1
    outer loop
      vertex 193.088 199.722 0.799999
      vertex 193.105 198.978 0.799999
      vertex 193.286 199.655 0.799999
    endloop
  endfacet
  facet normal 0 0 1
    outer loop
      vertex 192.82 199.075 0.799999
      vertex 193.088 199.722 0.799999
      vertex 192.9 199.814 0.799999
    endloop
  endfacet
  facet normal 0 0 1
    outer loop
      vertex 193.088 199.722 0.799999
      vertex 192.82 199.075 0.799999
      vertex 193.105 198.978 0.799999
    endloop
  endfacet
  facet normal 0 0 1
    outer loop
      vertex 192.55 199.208 0.799999
      vertex 192.9 199.814 0.799999
      vertex 192.726 199.931 0.799999
    endloop
  endfacet
  facet normal 0 0 1
    outer loop
      vertex 192.3 199.375 0.799999
      vertex 192.726 199.931 0.799999
      vertex 192.569 200.069 0.799999
    endloop
  endfacet
  facet normal 0 0 1
    outer loop
      vertex 192.9 199.814 0.799999
      vertex 192.55 199.208 0.799999
      vertex 192.82 199.075 0.799999
    endloop
  endfacet
  facet normal 0 0 1
    outer loop
      vertex 192.074 199.574 0.799999
      vertex 192.569 200.069 0.799999
      vertex 192.431 200.226 0.799999
    endloop
  endfacet
  facet normal 0 0 1
    outer loop
      vertex 191.875 199.8 0.799999
      vertex 192.431 200.226 0.799999
      vertex 192.314 200.4 0.799999
    endloop
  endfacet
  facet normal 0 0 1
    outer loop
      vertex 192.726 199.931 0.799999
      vertex 192.3 199.375 0.799999
      vertex 192.55 199.208 0.799999
    endloop
  endfacet
  facet normal 0 0 1
    outer loop
      vertex 191.708 200.05 0.799999
      vertex 192.314 200.4 0.799999
      vertex 192.222 200.588 0.799999
    endloop
  endfacet
  facet normal 0 0 1
    outer loop
      vertex 191.575 200.32 0.799999
      vertex 192.222 200.588 0.799999
      vertex 192.155 200.786 0.799999
    endloop
  endfacet
  facet normal 0 0 1
    outer loop
      vertex 191.478 200.605 0.799999
      vertex 192.155 200.786 0.799999
      vertex 192.114 200.991 0.799999
    endloop
  endfacet
  facet normal 0 0 1
    outer loop
      vertex 192.569 200.069 0.799999
      vertex 192.074 199.574 0.799999
      vertex 192.3 199.375 0.799999
    endloop
  endfacet
  facet normal 0 0 1
    outer loop
      vertex 191.42 200.9 0.799999
      vertex 192.114 200.991 0.799999
      vertex 192.1 201.2 0.799999
    endloop
  endfacet
  facet normal 0 0 1
    outer loop
      vertex 192.222 201.812 0.799999
      vertex 191.575 202.08 0.799999
      vertex 192.155 201.614 0.799999
    endloop
  endfacet
  facet normal -0 0 1
    outer loop
      vertex 191.478 201.795 0.799999
      vertex 192.155 201.614 0.799999
      vertex 191.575 202.08 0.799999
    endloop
  endfacet
  facet normal 0 0 1
    outer loop
      vertex 192.431 200.226 0.799999
      vertex 191.875 199.8 0.799999
      vertex 192.074 199.574 0.799999
    endloop
  endfacet
  facet normal 0 0 1
    outer loop
      vertex 192.155 201.614 0.799999
      vertex 191.478 201.795 0.799999
      vertex 192.114 201.409 0.799999
    endloop
  endfacet
  facet normal 0 0 1
    outer loop
      vertex 192.314 200.4 0.799999
      vertex 191.708 200.05 0.799999
      vertex 191.875 199.8 0.799999
    endloop
  endfacet
  facet normal -0 0 1
    outer loop
      vertex 191.42 201.5 0.799999
      vertex 192.114 201.409 0.799999
      vertex 191.478 201.795 0.799999
    endloop
  endfacet
  facet normal 0 0 1
    outer loop
      vertex 192.222 200.588 0.799999
      vertex 191.575 200.32 0.799999
      vertex 191.708 200.05 0.799999
    endloop
  endfacet
  facet normal 0 0 1
    outer loop
      vertex 192.114 201.409 0.799999
      vertex 191.42 201.5 0.799999
      vertex 192.1 201.2 0.799999
    endloop
  endfacet
  facet normal 0 0 1
    outer loop
      vertex 192.155 200.786 0.799999
      vertex 191.478 200.605 0.799999
      vertex 191.575 200.32 0.799999
    endloop
  endfacet
  facet normal 0 0 1
    outer loop
      vertex 191.4 201.2 0.799999
      vertex 192.1 201.2 0.799999
      vertex 191.42 201.5 0.799999
    endloop
  endfacet
  facet normal 0 0 1
    outer loop
      vertex 192.114 200.991 0.799999
      vertex 191.42 200.9 0.799999
      vertex 191.478 200.605 0.799999
    endloop
  endfacet
  facet normal 0 0 1
    outer loop
      vertex 192.1 201.2 0.799999
      vertex 191.4 201.2 0.799999
      vertex 191.42 200.9 0.799999
    endloop
  endfacet
  facet normal -0.831538 -0.555468 0
    outer loop
      vertex 195.692 202.35 0.799999
      vertex 195.525 202.6 5
      vertex 195.525 202.6 0.799999
    endloop
  endfacet
  facet normal -0.831538 -0.555468 0
    outer loop
      vertex 195.525 202.6 5
      vertex 195.692 202.35 0.799999
      vertex 195.692 202.35 5
    endloop
  endfacet
  facet normal -0.3222 -0.946671 0
    outer loop
      vertex 194.295 203.422 0.799999
      vertex 194.58 203.325 5
      vertex 194.295 203.422 5
    endloop
  endfacet
  facet normal -0.3222 -0.946671 -0
    outer loop
      vertex 194.58 203.325 5
      vertex 194.295 203.422 0.799999
      vertex 194.58 203.325 0.799999
    endloop
  endfacet
  facet normal 0.44189 -0.897069 0
    outer loop
      vertex 192.55 203.192 0.799999
      vertex 192.82 203.325 5
      vertex 192.55 203.192 5
    endloop
  endfacet
  facet normal 0.44189 -0.897069 0
    outer loop
      vertex 192.82 203.325 5
      vertex 192.55 203.192 0.799999
      vertex 192.82 203.325 0.799999
    endloop
  endfacet
  facet normal 0.946671 -0.3222 0
    outer loop
      vertex 191.478 201.795 5
      vertex 191.575 202.08 0.799999
      vertex 191.575 202.08 5
    endloop
  endfacet
  facet normal 0.946671 -0.3222 0
    outer loop
      vertex 191.575 202.08 0.799999
      vertex 191.478 201.795 5
      vertex 191.478 201.795 0.799999
    endloop
  endfacet
  facet normal -0.981215 0.192917 0
    outer loop
      vertex 195.922 200.605 0.799999
      vertex 195.98 200.9 5
      vertex 195.98 200.9 0.799999
    endloop
  endfacet
  facet normal -0.981215 0.192917 0
    outer loop
      vertex 195.98 200.9 5
      vertex 195.922 200.605 0.799999
      vertex 195.922 200.605 5
    endloop
  endfacet
  facet normal 0.066519 -0.997785 0
    outer loop
      vertex 193.4 203.48 0.799999
      vertex 193.7 203.5 5
      vertex 193.4 203.48 5
    endloop
  endfacet
  facet normal 0.066519 -0.997785 0
    outer loop
      vertex 193.7 203.5 5
      vertex 193.4 203.48 0.799999
      vertex 193.7 203.5 0.799999
    endloop
  endfacet
  facet normal -0.44189 -0.897069 0
    outer loop
      vertex 194.58 203.325 0.799999
      vertex 194.85 203.192 5
      vertex 194.58 203.325 5
    endloop
  endfacet
  facet normal -0.44189 -0.897069 -0
    outer loop
      vertex 194.85 203.192 5
      vertex 194.58 203.325 0.799999
      vertex 194.85 203.192 0.799999
    endloop
  endfacet
  facet normal 0.997785 0.066519 0
    outer loop
      vertex 191.42 200.9 5
      vertex 191.4 201.2 0.799999
      vertex 191.4 201.2 5
    endloop
  endfacet
  facet normal 0.997785 0.066519 0
    outer loop
      vertex 191.4 201.2 0.799999
      vertex 191.42 200.9 5
      vertex 191.42 200.9 0.799999
    endloop
  endfacet
  facet normal 0.831538 -0.555468 0
    outer loop
      vertex 191.708 202.35 5
      vertex 191.875 202.6 0.799999
      vertex 191.875 202.6 5
    endloop
  endfacet
  facet normal 0.831538 -0.555468 0
    outer loop
      vertex 191.875 202.6 0.799999
      vertex 191.708 202.35 5
      vertex 191.708 202.35 0.799999
    endloop
  endfacet
  facet normal 0.192917 -0.981215 0
    outer loop
      vertex 193.105 203.422 0.799999
      vertex 193.4 203.48 5
      vertex 193.105 203.422 5
    endloop
  endfacet
  facet normal 0.192917 -0.981215 0
    outer loop
      vertex 193.4 203.48 5
      vertex 193.105 203.422 0.799999
      vertex 193.4 203.48 0.799999
    endloop
  endfacet
  facet normal 0.750516 -0.660852 0
    outer loop
      vertex 191.875 202.6 5
      vertex 192.074 202.826 0.799999
      vertex 192.074 202.826 5
    endloop
  endfacet
  facet normal 0.750516 -0.660852 0
    outer loop
      vertex 192.074 202.826 0.799999
      vertex 191.875 202.6 5
      vertex 191.875 202.6 0.799999
    endloop
  endfacet
  facet normal -0.997785 -0.066519 0
    outer loop
      vertex 196 201.2 0.799999
      vertex 195.98 201.5 5
      vertex 195.98 201.5 0.799999
    endloop
  endfacet
  facet normal -0.997785 -0.066519 0
    outer loop
      vertex 195.98 201.5 5
      vertex 196 201.2 0.799999
      vertex 196 201.2 5
    endloop
  endfacet
  facet normal -0.555468 0.831538 0
    outer loop
      vertex 195.1 199.375 0.799999
      vertex 194.85 199.208 5
      vertex 195.1 199.375 5
    endloop
  endfacet
  facet normal -0.555468 0.831538 0
    outer loop
      vertex 194.85 199.208 5
      vertex 195.1 199.375 0.799999
      vertex 194.85 199.208 0.799999
    endloop
  endfacet
  facet normal -0.946671 0.3222 0
    outer loop
      vertex 195.825 200.32 0.799999
      vertex 195.922 200.605 5
      vertex 195.922 200.605 0.799999
    endloop
  endfacet
  facet normal -0.946671 0.3222 0
    outer loop
      vertex 195.922 200.605 5
      vertex 195.825 200.32 0.799999
      vertex 195.825 200.32 5
    endloop
  endfacet
  facet normal 0.555468 0.831538 -0
    outer loop
      vertex 192.55 199.208 0.799999
      vertex 192.3 199.375 5
      vertex 192.55 199.208 5
    endloop
  endfacet
  facet normal 0.555468 0.831538 0
    outer loop
      vertex 192.3 199.375 5
      vertex 192.55 199.208 0.799999
      vertex 192.3 199.375 0.799999
    endloop
  endfacet
  facet normal 0.831538 0.555468 0
    outer loop
      vertex 191.875 199.8 5
      vertex 191.708 200.05 0.799999
      vertex 191.708 200.05 5
    endloop
  endfacet
  facet normal 0.831538 0.555468 0
    outer loop
      vertex 191.708 200.05 0.799999
      vertex 191.875 199.8 5
      vertex 191.875 199.8 0.799999
    endloop
  endfacet
  facet normal -0.981215 -0.192917 0
    outer loop
      vertex 195.98 201.5 0.799999
      vertex 195.922 201.795 5
      vertex 195.922 201.795 0.799999
    endloop
  endfacet
  facet normal -0.981215 -0.192917 0
    outer loop
      vertex 195.922 201.795 5
      vertex 195.98 201.5 0.799999
      vertex 195.98 201.5 5
    endloop
  endfacet
  facet normal -0.946671 -0.3222 0
    outer loop
      vertex 195.922 201.795 0.799999
      vertex 195.825 202.08 5
      vertex 195.825 202.08 0.799999
    endloop
  endfacet
  facet normal -0.946671 -0.3222 0
    outer loop
      vertex 195.825 202.08 5
      vertex 195.922 201.795 0.799999
      vertex 195.922 201.795 5
    endloop
  endfacet
  facet normal -0.660852 -0.750516 0
    outer loop
      vertex 195.1 203.025 0.799999
      vertex 195.326 202.826 5
      vertex 195.1 203.025 5
    endloop
  endfacet
  facet normal -0.660852 -0.750516 -0
    outer loop
      vertex 195.326 202.826 5
      vertex 195.1 203.025 0.799999
      vertex 195.326 202.826 0.799999
    endloop
  endfacet
  facet normal -0.192917 -0.981215 0
    outer loop
      vertex 194 203.48 0.799999
      vertex 194.295 203.422 5
      vertex 194 203.48 5
    endloop
  endfacet
  facet normal -0.192917 -0.981215 -0
    outer loop
      vertex 194.295 203.422 5
      vertex 194 203.48 0.799999
      vertex 194.295 203.422 0.799999
    endloop
  endfacet
  facet normal -0.066519 -0.997785 0
    outer loop
      vertex 193.7 203.5 0.799999
      vertex 194 203.48 5
      vertex 193.7 203.5 5
    endloop
  endfacet
  facet normal -0.066519 -0.997785 -0
    outer loop
      vertex 194 203.48 5
      vertex 193.7 203.5 0.799999
      vertex 194 203.48 0.799999
    endloop
  endfacet
  facet normal -0.555468 -0.831538 0
    outer loop
      vertex 194.85 203.192 0.799999
      vertex 195.1 203.025 5
      vertex 194.85 203.192 5
    endloop
  endfacet
  facet normal -0.555468 -0.831538 -0
    outer loop
      vertex 195.1 203.025 5
      vertex 194.85 203.192 0.799999
      vertex 195.1 203.025 0.799999
    endloop
  endfacet
  facet normal 0.981215 -0.192917 0
    outer loop
      vertex 191.42 201.5 5
      vertex 191.478 201.795 0.799999
      vertex 191.478 201.795 5
    endloop
  endfacet
  facet normal 0.981215 -0.192917 0
    outer loop
      vertex 191.478 201.795 0.799999
      vertex 191.42 201.5 5
      vertex 191.42 201.5 0.799999
    endloop
  endfacet
  facet normal 0.997785 -0.066519 0
    outer loop
      vertex 191.4 201.2 5
      vertex 191.42 201.5 0.799999
      vertex 191.42 201.5 5
    endloop
  endfacet
  facet normal 0.997785 -0.066519 0
    outer loop
      vertex 191.42 201.5 0.799999
      vertex 191.4 201.2 5
      vertex 191.4 201.2 0.799999
    endloop
  endfacet
  facet normal 0.897069 -0.44189 0
    outer loop
      vertex 191.575 202.08 5
      vertex 191.708 202.35 0.799999
      vertex 191.708 202.35 5
    endloop
  endfacet
  facet normal 0.897069 -0.44189 0
    outer loop
      vertex 191.708 202.35 0.799999
      vertex 191.575 202.08 5
      vertex 191.575 202.08 0.799999
    endloop
  endfacet
  facet normal 0.3222 -0.946671 0
    outer loop
      vertex 192.82 203.325 0.799999
      vertex 193.105 203.422 5
      vertex 192.82 203.325 5
    endloop
  endfacet
  facet normal 0.3222 -0.946671 0
    outer loop
      vertex 193.105 203.422 5
      vertex 192.82 203.325 0.799999
      vertex 193.105 203.422 0.799999
    endloop
  endfacet
  facet normal 0.660852 -0.750516 0
    outer loop
      vertex 192.074 202.826 0.799999
      vertex 192.3 203.025 5
      vertex 192.074 202.826 5
    endloop
  endfacet
  facet normal 0.660852 -0.750516 0
    outer loop
      vertex 192.3 203.025 5
      vertex 192.074 202.826 0.799999
      vertex 192.3 203.025 0.799999
    endloop
  endfacet
  facet normal 0.555468 -0.831538 0
    outer loop
      vertex 192.3 203.025 0.799999
      vertex 192.55 203.192 5
      vertex 192.3 203.025 5
    endloop
  endfacet
  facet normal 0.555468 -0.831538 0
    outer loop
      vertex 192.55 203.192 5
      vertex 192.3 203.025 0.799999
      vertex 192.55 203.192 0.799999
    endloop
  endfacet
  facet normal -0.997785 0.066519 0
    outer loop
      vertex 195.98 200.9 0.799999
      vertex 196 201.2 5
      vertex 196 201.2 0.799999
    endloop
  endfacet
  facet normal -0.997785 0.066519 0
    outer loop
      vertex 196 201.2 5
      vertex 195.98 200.9 0.799999
      vertex 195.98 200.9 5
    endloop
  endfacet
  facet normal 0.981215 0.192917 0
    outer loop
      vertex 191.478 200.605 5
      vertex 191.42 200.9 0.799999
      vertex 191.42 200.9 5
    endloop
  endfacet
  facet normal 0.981215 0.192917 0
    outer loop
      vertex 191.42 200.9 0.799999
      vertex 191.478 200.605 5
      vertex 191.478 200.605 0.799999
    endloop
  endfacet
  facet normal 0.660852 0.750516 -0
    outer loop
      vertex 192.3 199.375 0.799999
      vertex 192.074 199.574 5
      vertex 192.3 199.375 5
    endloop
  endfacet
  facet normal 0.660852 0.750516 0
    outer loop
      vertex 192.074 199.574 5
      vertex 192.3 199.375 0.799999
      vertex 192.074 199.574 0.799999
    endloop
  endfacet
  facet normal -0.192917 0.981215 0
    outer loop
      vertex 194.295 198.978 0.799999
      vertex 194 198.92 5
      vertex 194.295 198.978 5
    endloop
  endfacet
  facet normal -0.192917 0.981215 0
    outer loop
      vertex 194 198.92 5
      vertex 194.295 198.978 0.799999
      vertex 194 198.92 0.799999
    endloop
  endfacet
  facet normal -0.44189 0.897069 0
    outer loop
      vertex 194.85 199.208 0.799999
      vertex 194.58 199.075 5
      vertex 194.85 199.208 5
    endloop
  endfacet
  facet normal -0.44189 0.897069 0
    outer loop
      vertex 194.58 199.075 5
      vertex 194.85 199.208 0.799999
      vertex 194.58 199.075 0.799999
    endloop
  endfacet
  facet normal -0.750516 -0.660852 0
    outer loop
      vertex 195.525 202.6 0.799999
      vertex 195.326 202.826 5
      vertex 195.326 202.826 0.799999
    endloop
  endfacet
  facet normal -0.750516 -0.660852 0
    outer loop
      vertex 195.326 202.826 5
      vertex 195.525 202.6 0.799999
      vertex 195.525 202.6 5
    endloop
  endfacet
  facet normal -0.897069 0.44189 0
    outer loop
      vertex 195.692 200.05 0.799999
      vertex 195.825 200.32 5
      vertex 195.825 200.32 0.799999
    endloop
  endfacet
  facet normal -0.897069 0.44189 0
    outer loop
      vertex 195.825 200.32 5
      vertex 195.692 200.05 0.799999
      vertex 195.692 200.05 5
    endloop
  endfacet
  facet normal -0.066519 0.997785 0
    outer loop
      vertex 194 198.92 0.799999
      vertex 193.7 198.9 5
      vertex 194 198.92 5
    endloop
  endfacet
  facet normal -0.066519 0.997785 0
    outer loop
      vertex 193.7 198.9 5
      vertex 194 198.92 0.799999
      vertex 193.7 198.9 0.799999
    endloop
  endfacet
  facet normal 0.897069 0.44189 0
    outer loop
      vertex 191.708 200.05 5
      vertex 191.575 200.32 0.799999
      vertex 191.575 200.32 5
    endloop
  endfacet
  facet normal 0.897069 0.44189 0
    outer loop
      vertex 191.575 200.32 0.799999
      vertex 191.708 200.05 5
      vertex 191.708 200.05 0.799999
    endloop
  endfacet
  facet normal 0.946671 0.3222 0
    outer loop
      vertex 191.575 200.32 5
      vertex 191.478 200.605 0.799999
      vertex 191.478 200.605 5
    endloop
  endfacet
  facet normal 0.946671 0.3222 0
    outer loop
      vertex 191.478 200.605 0.799999
      vertex 191.575 200.32 5
      vertex 191.575 200.32 0.799999
    endloop
  endfacet
  facet normal -0.3222 0.946671 0
    outer loop
      vertex 194.58 199.075 0.799999
      vertex 194.295 198.978 5
      vertex 194.58 199.075 5
    endloop
  endfacet
  facet normal -0.3222 0.946671 0
    outer loop
      vertex 194.295 198.978 5
      vertex 194.58 199.075 0.799999
      vertex 194.295 198.978 0.799999
    endloop
  endfacet
  facet normal -0.660852 0.750516 0
    outer loop
      vertex 195.326 199.574 0.799999
      vertex 195.1 199.375 5
      vertex 195.326 199.574 5
    endloop
  endfacet
  facet normal -0.660852 0.750516 0
    outer loop
      vertex 195.1 199.375 5
      vertex 195.326 199.574 0.799999
      vertex 195.1 199.375 0.799999
    endloop
  endfacet
  facet normal -0.831538 0.555468 0
    outer loop
      vertex 195.525 199.8 0.799999
      vertex 195.692 200.05 5
      vertex 195.692 200.05 0.799999
    endloop
  endfacet
  facet normal -0.831538 0.555468 0
    outer loop
      vertex 195.692 200.05 5
      vertex 195.525 199.8 0.799999
      vertex 195.525 199.8 5
    endloop
  endfacet
  facet normal 0.192917 0.981215 -0
    outer loop
      vertex 193.4 198.92 0.799999
      vertex 193.105 198.978 5
      vertex 193.4 198.92 5
    endloop
  endfacet
  facet normal 0.192917 0.981215 0
    outer loop
      vertex 193.105 198.978 5
      vertex 193.4 198.92 0.799999
      vertex 193.105 198.978 0.799999
    endloop
  endfacet
  facet normal 0.3222 0.946671 -0
    outer loop
      vertex 193.105 198.978 0.799999
      vertex 192.82 199.075 5
      vertex 193.105 198.978 5
    endloop
  endfacet
  facet normal 0.3222 0.946671 0
    outer loop
      vertex 192.82 199.075 5
      vertex 193.105 198.978 0.799999
      vertex 192.82 199.075 0.799999
    endloop
  endfacet
  facet normal 0.44189 0.897069 -0
    outer loop
      vertex 192.82 199.075 0.799999
      vertex 192.55 199.208 5
      vertex 192.82 199.075 5
    endloop
  endfacet
  facet normal 0.44189 0.897069 0
    outer loop
      vertex 192.55 199.208 5
      vertex 192.82 199.075 0.799999
      vertex 192.55 199.208 0.799999
    endloop
  endfacet
  facet normal 0.750516 0.660852 0
    outer loop
      vertex 192.074 199.574 5
      vertex 191.875 199.8 0.799999
      vertex 191.875 199.8 5
    endloop
  endfacet
  facet normal 0.750516 0.660852 0
    outer loop
      vertex 191.875 199.8 0.799999
      vertex 192.074 199.574 5
      vertex 192.074 199.574 0.799999
    endloop
  endfacet
  facet normal -0.750516 0.660852 0
    outer loop
      vertex 195.326 199.574 0.799999
      vertex 195.525 199.8 5
      vertex 195.525 199.8 0.799999
    endloop
  endfacet
  facet normal -0.750516 0.660852 0
    outer loop
      vertex 195.525 199.8 5
      vertex 195.326 199.574 0.799999
      vertex 195.326 199.574 5
    endloop
  endfacet
  facet normal 0.066519 0.997785 -0
    outer loop
      vertex 193.7 198.9 0.799999
      vertex 193.4 198.92 5
      vertex 193.7 198.9 5
    endloop
  endfacet
  facet normal 0.066519 0.997785 0
    outer loop
      vertex 193.4 198.92 5
      vertex 193.7 198.9 0.799999
      vertex 193.4 198.92 0.799999
    endloop
  endfacet
  facet normal -0.555362 -0.831609 0
    outer loop
      vertex 12.8 43.3856 0
      vertex 12.974 43.2694 5
      vertex 12.8 43.3856 5
    endloop
  endfacet
  facet normal -0.555362 -0.831609 -0
    outer loop
      vertex 12.974 43.2694 5
      vertex 12.8 43.3856 0
      vertex 12.974 43.2694 0
    endloop
  endfacet
  facet normal -0.980819 0.194922 0
    outer loop
      vertex 13.5455 41.5859 0
      vertex 13.5863 41.7912 5
      vertex 13.5863 41.7912 0
    endloop
  endfacet
  facet normal -0.980819 0.194922 0
    outer loop
      vertex 13.5863 41.7912 5
      vertex 13.5455 41.5859 0
      vertex 13.5455 41.5859 5
    endloop
  endfacet
  facet normal 0.194922 0.980819 -0
    outer loop
      vertex 11.7912 40.4137 0
      vertex 11.5859 40.4545 5
      vertex 11.7912 40.4137 5
    endloop
  endfacet
  facet normal 0.194922 0.980819 0
    outer loop
      vertex 11.5859 40.4545 5
      vertex 11.7912 40.4137 0
      vertex 11.5859 40.4545 0
    endloop
  endfacet
  facet normal 0.442429 -0.896803 0
    outer loop
      vertex 11.2 43.3856 0
      vertex 11.3877 43.4782 5
      vertex 11.2 43.3856 5
    endloop
  endfacet
  facet normal 0.442429 -0.896803 0
    outer loop
      vertex 11.3877 43.4782 5
      vertex 11.2 43.3856 0
      vertex 11.3877 43.4782 0
    endloop
  endfacet
  facet normal 0.946901 -0.321526 0
    outer loop
      vertex 10.4545 42.4141 5
      vertex 10.5218 42.6123 0
      vertex 10.5218 42.6123 5
    endloop
  endfacet
  facet normal 0.946901 -0.321526 0
    outer loop
      vertex 10.5218 42.6123 0
      vertex 10.4545 42.4141 5
      vertex 10.4545 42.4141 0
    endloop
  endfacet
  facet normal -0.896803 -0.442429 0
    outer loop
      vertex 13.4782 42.6123 0
      vertex 13.3856 42.8 5
      vertex 13.3856 42.8 0
    endloop
  endfacet
  facet normal -0.896803 -0.442429 0
    outer loop
      vertex 13.3856 42.8 5
      vertex 13.4782 42.6123 0
      vertex 13.4782 42.6123 5
    endloop
  endfacet
  facet normal -0.831609 -0.555362 0
    outer loop
      vertex 13.3856 42.8 0
      vertex 13.2694 42.974 5
      vertex 13.2694 42.974 0
    endloop
  endfacet
  facet normal -0.831609 -0.555362 0
    outer loop
      vertex 13.2694 42.974 5
      vertex 13.3856 42.8 0
      vertex 13.3856 42.8 5
    endloop
  endfacet
  facet normal -0.321526 -0.946901 0
    outer loop
      vertex 12.4141 43.5455 0
      vertex 12.6123 43.4782 5
      vertex 12.4141 43.5455 5
    endloop
  endfacet
  facet normal -0.321526 -0.946901 -0
    outer loop
      vertex 12.6123 43.4782 5
      vertex 12.4141 43.5455 0
      vertex 12.6123 43.4782 0
    endloop
  endfacet
  facet normal -0.0654722 -0.997854 0
    outer loop
      vertex 12 43.6 0
      vertex 12.2088 43.5863 5
      vertex 12 43.6 5
    endloop
  endfacet
  facet normal -0.0654722 -0.997854 -0
    outer loop
      vertex 12.2088 43.5863 5
      vertex 12 43.6 0
      vertex 12.2088 43.5863 0
    endloop
  endfacet
  facet normal 0.997854 -0.0654722 0
    outer loop
      vertex 10.4 42 5
      vertex 10.4137 42.2088 0
      vertex 10.4137 42.2088 5
    endloop
  endfacet
  facet normal 0.997854 -0.0654722 0
    outer loop
      vertex 10.4137 42.2088 0
      vertex 10.4 42 5
      vertex 10.4 42 0
    endloop
  endfacet
  facet normal 0.831609 -0.555362 0
    outer loop
      vertex 10.6144 42.8 5
      vertex 10.7306 42.974 0
      vertex 10.7306 42.974 5
    endloop
  endfacet
  facet normal 0.831609 -0.555362 0
    outer loop
      vertex 10.7306 42.974 0
      vertex 10.6144 42.8 5
      vertex 10.6144 42.8 0
    endloop
  endfacet
  facet normal 0.555362 -0.831609 0
    outer loop
      vertex 11.026 43.2694 0
      vertex 11.2 43.3856 5
      vertex 11.026 43.2694 5
    endloop
  endfacet
  facet normal 0.555362 -0.831609 0
    outer loop
      vertex 11.2 43.3856 5
      vertex 11.026 43.2694 0
      vertex 11.2 43.3856 0
    endloop
  endfacet
  facet normal 0.321526 -0.946901 0
    outer loop
      vertex 11.3877 43.4782 0
      vertex 11.5859 43.5455 5
      vertex 11.3877 43.4782 5
    endloop
  endfacet
  facet normal 0.321526 -0.946901 0
    outer loop
      vertex 11.5859 43.5455 5
      vertex 11.3877 43.4782 0
      vertex 11.5859 43.5455 0
    endloop
  endfacet
  facet normal -0.997854 0.0654722 0
    outer loop
      vertex 13.5863 41.7912 0
      vertex 13.6 42 5
      vertex 13.6 42 0
    endloop
  endfacet
  facet normal -0.997854 0.0654722 0
    outer loop
      vertex 13.6 42 5
      vertex 13.5863 41.7912 0
      vertex 13.5863 41.7912 5
    endloop
  endfacet
  facet normal -0.442429 0.896803 0
    outer loop
      vertex 12.8 40.6144 0
      vertex 12.6123 40.5218 5
      vertex 12.8 40.6144 5
    endloop
  endfacet
  facet normal -0.442429 0.896803 0
    outer loop
      vertex 12.6123 40.5218 5
      vertex 12.8 40.6144 0
      vertex 12.6123 40.5218 0
    endloop
  endfacet
  facet normal -0.555362 0.831609 0
    outer loop
      vertex 12.974 40.7306 0
      vertex 12.8 40.6144 5
      vertex 12.974 40.7306 5
    endloop
  endfacet
  facet normal -0.555362 0.831609 0
    outer loop
      vertex 12.8 40.6144 5
      vertex 12.974 40.7306 0
      vertex 12.8 40.6144 0
    endloop
  endfacet
  facet normal -0.831609 0.555362 0
    outer loop
      vertex 13.2694 41.026 0
      vertex 13.3856 41.2 5
      vertex 13.3856 41.2 0
    endloop
  endfacet
  facet normal -0.831609 0.555362 0
    outer loop
      vertex 13.3856 41.2 5
      vertex 13.2694 41.026 0
      vertex 13.2694 41.026 5
    endloop
  endfacet
  facet normal 0.0654722 0.997854 -0
    outer loop
      vertex 12 40.4 0
      vertex 11.7912 40.4137 5
      vertex 12 40.4 5
    endloop
  endfacet
  facet normal 0.0654722 0.997854 0
    outer loop
      vertex 11.7912 40.4137 5
      vertex 12 40.4 0
      vertex 11.7912 40.4137 0
    endloop
  endfacet
  facet normal 0.555362 0.831609 -0
    outer loop
      vertex 11.2 40.6144 0
      vertex 11.026 40.7306 5
      vertex 11.2 40.6144 5
    endloop
  endfacet
  facet normal 0.555362 0.831609 0
    outer loop
      vertex 11.026 40.7306 5
      vertex 11.2 40.6144 0
      vertex 11.026 40.7306 0
    endloop
  endfacet
  facet normal 0.831609 0.555362 0
    outer loop
      vertex 10.7306 41.026 5
      vertex 10.6144 41.2 0
      vertex 10.6144 41.2 5
    endloop
  endfacet
  facet normal 0.831609 0.555362 0
    outer loop
      vertex 10.6144 41.2 0
      vertex 10.7306 41.026 5
      vertex 10.7306 41.026 0
    endloop
  endfacet
  facet normal -0.980819 -0.194922 0
    outer loop
      vertex 13.5863 42.2088 0
      vertex 13.5455 42.4141 5
      vertex 13.5455 42.4141 0
    endloop
  endfacet
  facet normal -0.980819 -0.194922 0
    outer loop
      vertex 13.5455 42.4141 5
      vertex 13.5863 42.2088 0
      vertex 13.5863 42.2088 5
    endloop
  endfacet
  facet normal -0.946901 -0.321526 0
    outer loop
      vertex 13.5455 42.4141 0
      vertex 13.4782 42.6123 5
      vertex 13.4782 42.6123 0
    endloop
  endfacet
  facet normal -0.946901 -0.321526 0
    outer loop
      vertex 13.4782 42.6123 5
      vertex 13.5455 42.4141 0
      vertex 13.5455 42.4141 5
    endloop
  endfacet
  facet normal -0.751925 -0.659248 0
    outer loop
      vertex 13.2694 42.974 0
      vertex 13.1314 43.1314 5
      vertex 13.1314 43.1314 0
    endloop
  endfacet
  facet normal -0.751925 -0.659248 0
    outer loop
      vertex 13.1314 43.1314 5
      vertex 13.2694 42.974 0
      vertex 13.2694 42.974 5
    endloop
  endfacet
  facet normal -0.659248 -0.751925 0
    outer loop
      vertex 12.974 43.2694 0
      vertex 13.1314 43.1314 5
      vertex 12.974 43.2694 5
    endloop
  endfacet
  facet normal -0.659248 -0.751925 -0
    outer loop
      vertex 13.1314 43.1314 5
      vertex 12.974 43.2694 0
      vertex 13.1314 43.1314 0
    endloop
  endfacet
  facet normal -0.442429 -0.896803 0
    outer loop
      vertex 12.6123 43.4782 0
      vertex 12.8 43.3856 5
      vertex 12.6123 43.4782 5
    endloop
  endfacet
  facet normal -0.442429 -0.896803 -0
    outer loop
      vertex 12.8 43.3856 5
      vertex 12.6123 43.4782 0
      vertex 12.8 43.3856 0
    endloop
  endfacet
  facet normal 0.0654722 -0.997854 0
    outer loop
      vertex 11.7912 43.5863 0
      vertex 12 43.6 5
      vertex 11.7912 43.5863 5
    endloop
  endfacet
  facet normal 0.0654722 -0.997854 0
    outer loop
      vertex 12 43.6 5
      vertex 11.7912 43.5863 0
      vertex 12 43.6 0
    endloop
  endfacet
  facet normal -0.194922 -0.980819 0
    outer loop
      vertex 12.2088 43.5863 0
      vertex 12.4141 43.5455 5
      vertex 12.2088 43.5863 5
    endloop
  endfacet
  facet normal -0.194922 -0.980819 -0
    outer loop
      vertex 12.4141 43.5455 5
      vertex 12.2088 43.5863 0
      vertex 12.4141 43.5455 0
    endloop
  endfacet
  facet normal 0.980819 -0.194922 0
    outer loop
      vertex 10.4137 42.2088 5
      vertex 10.4545 42.4141 0
      vertex 10.4545 42.4141 5
    endloop
  endfacet
  facet normal 0.980819 -0.194922 0
    outer loop
      vertex 10.4545 42.4141 0
      vertex 10.4137 42.2088 5
      vertex 10.4137 42.2088 0
    endloop
  endfacet
  facet normal 0.896803 -0.442429 0
    outer loop
      vertex 10.5218 42.6123 5
      vertex 10.6144 42.8 0
      vertex 10.6144 42.8 5
    endloop
  endfacet
  facet normal 0.896803 -0.442429 0
    outer loop
      vertex 10.6144 42.8 0
      vertex 10.5218 42.6123 5
      vertex 10.5218 42.6123 0
    endloop
  endfacet
  facet normal 0.194922 -0.980819 0
    outer loop
      vertex 11.5859 43.5455 0
      vertex 11.7912 43.5863 5
      vertex 11.5859 43.5455 5
    endloop
  endfacet
  facet normal 0.194922 -0.980819 0
    outer loop
      vertex 11.7912 43.5863 5
      vertex 11.5859 43.5455 0
      vertex 11.7912 43.5863 0
    endloop
  endfacet
  facet normal 0.659248 -0.751925 0
    outer loop
      vertex 10.8686 43.1314 0
      vertex 11.026 43.2694 5
      vertex 10.8686 43.1314 5
    endloop
  endfacet
  facet normal 0.659248 -0.751925 0
    outer loop
      vertex 11.026 43.2694 5
      vertex 10.8686 43.1314 0
      vertex 11.026 43.2694 0
    endloop
  endfacet
  facet normal 0.751925 -0.659248 0
    outer loop
      vertex 10.7306 42.974 5
      vertex 10.8686 43.1314 0
      vertex 10.8686 43.1314 5
    endloop
  endfacet
  facet normal 0.751925 -0.659248 0
    outer loop
      vertex 10.8686 43.1314 0
      vertex 10.7306 42.974 5
      vertex 10.7306 42.974 0
    endloop
  endfacet
  facet normal -0.997854 -0.0654722 0
    outer loop
      vertex 13.6 42 0
      vertex 13.5863 42.2088 5
      vertex 13.5863 42.2088 0
    endloop
  endfacet
  facet normal -0.997854 -0.0654722 0
    outer loop
      vertex 13.5863 42.2088 5
      vertex 13.6 42 0
      vertex 13.6 42 5
    endloop
  endfacet
  facet normal -0.194922 0.980819 0
    outer loop
      vertex 12.4141 40.4545 0
      vertex 12.2088 40.4137 5
      vertex 12.4141 40.4545 5
    endloop
  endfacet
  facet normal -0.194922 0.980819 0
    outer loop
      vertex 12.2088 40.4137 5
      vertex 12.4141 40.4545 0
      vertex 12.2088 40.4137 0
    endloop
  endfacet
  facet normal -0.659248 0.751925 0
    outer loop
      vertex 13.1314 40.8686 0
      vertex 12.974 40.7306 5
      vertex 13.1314 40.8686 5
    endloop
  endfacet
  facet normal -0.659248 0.751925 0
    outer loop
      vertex 12.974 40.7306 5
      vertex 13.1314 40.8686 0
      vertex 12.974 40.7306 0
    endloop
  endfacet
  facet normal -0.946901 0.321526 0
    outer loop
      vertex 13.4782 41.3877 0
      vertex 13.5455 41.5859 5
      vertex 13.5455 41.5859 0
    endloop
  endfacet
  facet normal -0.946901 0.321526 0
    outer loop
      vertex 13.5455 41.5859 5
      vertex 13.4782 41.3877 0
      vertex 13.4782 41.3877 5
    endloop
  endfacet
  facet normal -0.0654722 0.997854 0
    outer loop
      vertex 12.2088 40.4137 0
      vertex 12 40.4 5
      vertex 12.2088 40.4137 5
    endloop
  endfacet
  facet normal -0.0654722 0.997854 0
    outer loop
      vertex 12 40.4 5
      vertex 12.2088 40.4137 0
      vertex 12 40.4 0
    endloop
  endfacet
  facet normal 0.321526 0.946901 -0
    outer loop
      vertex 11.5859 40.4545 0
      vertex 11.3877 40.5218 5
      vertex 11.5859 40.4545 5
    endloop
  endfacet
  facet normal 0.321526 0.946901 0
    outer loop
      vertex 11.3877 40.5218 5
      vertex 11.5859 40.4545 0
      vertex 11.3877 40.5218 0
    endloop
  endfacet
  facet normal 0.896803 0.442429 0
    outer loop
      vertex 10.6144 41.2 5
      vertex 10.5218 41.3877 0
      vertex 10.5218 41.3877 5
    endloop
  endfacet
  facet normal 0.896803 0.442429 0
    outer loop
      vertex 10.5218 41.3877 0
      vertex 10.6144 41.2 5
      vertex 10.6144 41.2 0
    endloop
  endfacet
  facet normal 0.980819 0.194922 0
    outer loop
      vertex 10.4545 41.5859 5
      vertex 10.4137 41.7912 0
      vertex 10.4137 41.7912 5
    endloop
  endfacet
  facet normal 0.980819 0.194922 0
    outer loop
      vertex 10.4137 41.7912 0
      vertex 10.4545 41.5859 5
      vertex 10.4545 41.5859 0
    endloop
  endfacet
  facet normal 0.751925 0.659248 0
    outer loop
      vertex 10.8686 40.8686 5
      vertex 10.7306 41.026 0
      vertex 10.7306 41.026 5
    endloop
  endfacet
  facet normal 0.751925 0.659248 0
    outer loop
      vertex 10.7306 41.026 0
      vertex 10.8686 40.8686 5
      vertex 10.8686 40.8686 0
    endloop
  endfacet
  facet normal 0.659248 0.751925 -0
    outer loop
      vertex 11.026 40.7306 0
      vertex 10.8686 40.8686 5
      vertex 11.026 40.7306 5
    endloop
  endfacet
  facet normal 0.659248 0.751925 0
    outer loop
      vertex 10.8686 40.8686 5
      vertex 11.026 40.7306 0
      vertex 10.8686 40.8686 0
    endloop
  endfacet
  facet normal 0.997854 0.0654722 0
    outer loop
      vertex 10.4137 41.7912 5
      vertex 10.4 42 0
      vertex 10.4 42 5
    endloop
  endfacet
  facet normal 0.997854 0.0654722 0
    outer loop
      vertex 10.4 42 0
      vertex 10.4137 41.7912 5
      vertex 10.4137 41.7912 0
    endloop
  endfacet
  facet normal -0.321526 0.946901 0
    outer loop
      vertex 12.6123 40.5218 0
      vertex 12.4141 40.4545 5
      vertex 12.6123 40.5218 5
    endloop
  endfacet
  facet normal -0.321526 0.946901 0
    outer loop
      vertex 12.4141 40.4545 5
      vertex 12.6123 40.5218 0
      vertex 12.4141 40.4545 0
    endloop
  endfacet
  facet normal -0.751925 0.659248 0
    outer loop
      vertex 13.1314 40.8686 0
      vertex 13.2694 41.026 5
      vertex 13.2694 41.026 0
    endloop
  endfacet
  facet normal -0.751925 0.659248 0
    outer loop
      vertex 13.2694 41.026 5
      vertex 13.1314 40.8686 0
      vertex 13.1314 40.8686 5
    endloop
  endfacet
  facet normal -0.896803 0.442429 0
    outer loop
      vertex 13.3856 41.2 0
      vertex 13.4782 41.3877 5
      vertex 13.4782 41.3877 0
    endloop
  endfacet
  facet normal -0.896803 0.442429 0
    outer loop
      vertex 13.4782 41.3877 5
      vertex 13.3856 41.2 0
      vertex 13.3856 41.2 5
    endloop
  endfacet
  facet normal 0.442429 0.896803 -0
    outer loop
      vertex 11.3877 40.5218 0
      vertex 11.2 40.6144 5
      vertex 11.3877 40.5218 5
    endloop
  endfacet
  facet normal 0.442429 0.896803 0
    outer loop
      vertex 11.2 40.6144 5
      vertex 11.3877 40.5218 0
      vertex 11.2 40.6144 0
    endloop
  endfacet
  facet normal 0.946901 0.321526 0
    outer loop
      vertex 10.5218 41.3877 5
      vertex 10.4545 41.5859 0
      vertex 10.4545 41.5859 5
    endloop
  endfacet
  facet normal 0.946901 0.321526 0
    outer loop
      vertex 10.4545 41.5859 0
      vertex 10.5218 41.3877 5
      vertex 10.5218 41.3877 0
    endloop
  endfacet
  facet normal -0.557998 -0.829843 0
    outer loop
      vertex 12.8 178.586 0
      vertex 12.974 178.469 5
      vertex 12.8 178.586 5
    endloop
  endfacet
  facet normal -0.557998 -0.829843 -0
    outer loop
      vertex 12.974 178.469 5
      vertex 12.8 178.586 0
      vertex 12.974 178.469 0
    endloop
  endfacet
  facet normal -0.980764 0.195196 0
    outer loop
      vertex 13.5455 176.786 0
      vertex 13.5863 176.991 5
      vertex 13.5863 176.991 0
    endloop
  endfacet
  facet normal -0.980764 0.195196 0
    outer loop
      vertex 13.5863 176.991 5
      vertex 13.5455 176.786 0
      vertex 13.5455 176.786 5
    endloop
  endfacet
  facet normal 0.195841 0.980636 -0
    outer loop
      vertex 11.7912 175.614 0
      vertex 11.5859 175.655 5
      vertex 11.7912 175.614 5
    endloop
  endfacet
  facet normal 0.195841 0.980636 0
    outer loop
      vertex 11.5859 175.655 5
      vertex 11.7912 175.614 0
      vertex 11.5859 175.655 0
    endloop
  endfacet
  facet normal 0.440119 -0.897939 0
    outer loop
      vertex 11.2 178.586 0
      vertex 11.3877 178.678 5
      vertex 11.2 178.586 5
    endloop
  endfacet
  facet normal 0.440119 -0.897939 0
    outer loop
      vertex 11.3877 178.678 5
      vertex 11.2 178.586 0
      vertex 11.3877 178.678 0
    endloop
  endfacet
  facet normal 0.946802 -0.321817 0
    outer loop
      vertex 10.4545 177.614 5
      vertex 10.5218 177.812 0
      vertex 10.5218 177.812 5
    endloop
  endfacet
  facet normal 0.946802 -0.321817 0
    outer loop
      vertex 10.5218 177.812 0
      vertex 10.4545 177.614 5
      vertex 10.4545 177.614 0
    endloop
  endfacet
  facet normal -0.897083 -0.441861 0
    outer loop
      vertex 13.4782 177.812 0
      vertex 13.3856 178 5
      vertex 13.3856 178 0
    endloop
  endfacet
  facet normal -0.897083 -0.441861 0
    outer loop
      vertex 13.3856 178 5
      vertex 13.4782 177.812 0
      vertex 13.4782 177.812 5
    endloop
  endfacet
  facet normal -0.980764 -0.195196 0
    outer loop
      vertex 13.5863 177.409 0
      vertex 13.5455 177.614 5
      vertex 13.5455 177.614 0
    endloop
  endfacet
  facet normal -0.980764 -0.195196 0
    outer loop
      vertex 13.5455 177.614 5
      vertex 13.5863 177.409 0
      vertex 13.5863 177.409 5
    endloop
  endfacet
  facet normal -0.831609 -0.555362 0
    outer loop
      vertex 13.3856 178 0
      vertex 13.2694 178.174 5
      vertex 13.2694 178.174 0
    endloop
  endfacet
  facet normal -0.831609 -0.555362 0
    outer loop
      vertex 13.2694 178.174 5
      vertex 13.3856 178 0
      vertex 13.3856 178 5
    endloop
  endfacet
  facet normal -0.32024 -0.947336 0
    outer loop
      vertex 12.4141 178.745 0
      vertex 12.6123 178.678 5
      vertex 12.4141 178.745 5
    endloop
  endfacet
  facet normal -0.32024 -0.947336 -0
    outer loop
      vertex 12.6123 178.678 5
      vertex 12.4141 178.745 0
      vertex 12.6123 178.678 0
    endloop
  endfacet
  facet normal -0.195841 -0.980636 0
    outer loop
      vertex 12.2088 178.786 0
      vertex 12.4141 178.745 5
      vertex 12.2088 178.786 5
    endloop
  endfacet
  facet normal -0.195841 -0.980636 -0
    outer loop
      vertex 12.4141 178.745 5
      vertex 12.2088 178.786 0
      vertex 12.4141 178.745 0
    endloop
  endfacet
  facet normal -0.0668996 -0.99776 0
    outer loop
      vertex 12 178.8 0
      vertex 12.2088 178.786 5
      vertex 12 178.8 5
    endloop
  endfacet
  facet normal -0.0668996 -0.99776 -0
    outer loop
      vertex 12.2088 178.786 5
      vertex 12 178.8 0
      vertex 12.2088 178.786 0
    endloop
  endfacet
  facet normal 0.997858 -0.0654099 0
    outer loop
      vertex 10.4 177.2 5
      vertex 10.4137 177.409 0
      vertex 10.4137 177.409 5
    endloop
  endfacet
  facet normal 0.997858 -0.0654099 0
    outer loop
      vertex 10.4137 177.409 0
      vertex 10.4 177.2 5
      vertex 10.4 177.2 0
    endloop
  endfacet
  facet normal 0.831609 -0.555362 0
    outer loop
      vertex 10.6144 178 5
      vertex 10.7306 178.174 0
      vertex 10.7306 178.174 5
    endloop
  endfacet
  facet normal 0.831609 -0.555362 0
    outer loop
      vertex 10.7306 178.174 0
      vertex 10.6144 178 5
      vertex 10.6144 178 0
    endloop
  endfacet
  facet normal 0.557998 -0.829843 0
    outer loop
      vertex 11.026 178.469 0
      vertex 11.2 178.586 5
      vertex 11.026 178.469 5
    endloop
  endfacet
  facet normal 0.557998 -0.829843 0
    outer loop
      vertex 11.2 178.586 5
      vertex 11.026 178.469 0
      vertex 11.2 178.586 0
    endloop
  endfacet
  facet normal 0.32024 -0.947336 0
    outer loop
      vertex 11.3877 178.678 0
      vertex 11.5859 178.745 5
      vertex 11.3877 178.678 5
    endloop
  endfacet
  facet normal 0.32024 -0.947336 0
    outer loop
      vertex 11.5859 178.745 5
      vertex 11.3877 178.678 0
      vertex 11.5859 178.745 0
    endloop
  endfacet
  facet normal -0.997858 0.0654099 0
    outer loop
      vertex 13.5863 176.991 0
      vertex 13.6 177.2 5
      vertex 13.6 177.2 0
    endloop
  endfacet
  facet normal -0.997858 0.0654099 0
    outer loop
      vertex 13.6 177.2 5
      vertex 13.5863 176.991 0
      vertex 13.5863 176.991 5
    endloop
  endfacet
  facet normal -0.440119 0.897939 0
    outer loop
      vertex 12.8 175.814 0
      vertex 12.6123 175.722 5
      vertex 12.8 175.814 5
    endloop
  endfacet
  facet normal -0.440119 0.897939 0
    outer loop
      vertex 12.6123 175.722 5
      vertex 12.8 175.814 0
      vertex 12.6123 175.722 0
    endloop
  endfacet
  facet normal -0.831609 0.555362 0
    outer loop
      vertex 13.2694 176.226 0
      vertex 13.3856 176.4 5
      vertex 13.3856 176.4 0
    endloop
  endfacet
  facet normal -0.831609 0.555362 0
    outer loop
      vertex 13.3856 176.4 5
      vertex 13.2694 176.226 0
      vertex 13.2694 176.226 5
    endloop
  endfacet
  facet normal 0.0668996 0.99776 -0
    outer loop
      vertex 12 175.6 0
      vertex 11.7912 175.614 5
      vertex 12 175.6 5
    endloop
  endfacet
  facet normal 0.0668996 0.99776 0
    outer loop
      vertex 11.7912 175.614 5
      vertex 12 175.6 0
      vertex 11.7912 175.614 0
    endloop
  endfacet
  facet normal 0.557998 0.829843 -0
    outer loop
      vertex 11.2 175.814 0
      vertex 11.026 175.931 5
      vertex 11.2 175.814 5
    endloop
  endfacet
  facet normal 0.557998 0.829843 0
    outer loop
      vertex 11.026 175.931 5
      vertex 11.2 175.814 0
      vertex 11.026 175.931 0
    endloop
  endfacet
  facet normal -0.946802 -0.321817 0
    outer loop
      vertex 13.5455 177.614 0
      vertex 13.4782 177.812 5
      vertex 13.4782 177.812 0
    endloop
  endfacet
  facet normal -0.946802 -0.321817 0
    outer loop
      vertex 13.4782 177.812 5
      vertex 13.5455 177.614 0
      vertex 13.5455 177.614 5
    endloop
  endfacet
  facet normal -0.751093 -0.660196 0
    outer loop
      vertex 13.2694 178.174 0
      vertex 13.1314 178.331 5
      vertex 13.1314 178.331 0
    endloop
  endfacet
  facet normal -0.751093 -0.660196 0
    outer loop
      vertex 13.1314 178.331 5
      vertex 13.2694 178.174 0
      vertex 13.2694 178.174 5
    endloop
  endfacet
  facet normal -0.659248 -0.751925 0
    outer loop
      vertex 12.974 178.469 0
      vertex 13.1314 178.331 5
      vertex 12.974 178.469 5
    endloop
  endfacet
  facet normal -0.659248 -0.751925 -0
    outer loop
      vertex 13.1314 178.331 5
      vertex 12.974 178.469 0
      vertex 13.1314 178.331 0
    endloop
  endfacet
  facet normal -0.440119 -0.897939 0
    outer loop
      vertex 12.6123 178.678 0
      vertex 12.8 178.586 5
      vertex 12.6123 178.678 5
    endloop
  endfacet
  facet normal -0.440119 -0.897939 -0
    outer loop
      vertex 12.8 178.586 5
      vertex 12.6123 178.678 0
      vertex 12.8 178.586 0
    endloop
  endfacet
  facet normal 0.0668996 -0.99776 0
    outer loop
      vertex 11.7912 178.786 0
      vertex 12 178.8 5
      vertex 11.7912 178.786 5
    endloop
  endfacet
  facet normal 0.0668996 -0.99776 0
    outer loop
      vertex 12 178.8 5
      vertex 11.7912 178.786 0
      vertex 12 178.8 0
    endloop
  endfacet
  facet normal 0.980764 -0.195196 0
    outer loop
      vertex 10.4137 177.409 5
      vertex 10.4545 177.614 0
      vertex 10.4545 177.614 5
    endloop
  endfacet
  facet normal 0.980764 -0.195196 0
    outer loop
      vertex 10.4545 177.614 0
      vertex 10.4137 177.409 5
      vertex 10.4137 177.409 0
    endloop
  endfacet
  facet normal 0.897083 -0.441861 0
    outer loop
      vertex 10.5218 177.812 5
      vertex 10.6144 178 0
      vertex 10.6144 178 5
    endloop
  endfacet
  facet normal 0.897083 -0.441861 0
    outer loop
      vertex 10.6144 178 0
      vertex 10.5218 177.812 5
      vertex 10.5218 177.812 0
    endloop
  endfacet
  facet normal 0.195841 -0.980636 0
    outer loop
      vertex 11.5859 178.745 0
      vertex 11.7912 178.786 5
      vertex 11.5859 178.745 5
    endloop
  endfacet
  facet normal 0.195841 -0.980636 0
    outer loop
      vertex 11.7912 178.786 5
      vertex 11.5859 178.745 0
      vertex 11.7912 178.786 0
    endloop
  endfacet
  facet normal 0.659248 -0.751925 0
    outer loop
      vertex 10.8686 178.331 0
      vertex 11.026 178.469 5
      vertex 10.8686 178.331 5
    endloop
  endfacet
  facet normal 0.659248 -0.751925 0
    outer loop
      vertex 11.026 178.469 5
      vertex 10.8686 178.331 0
      vertex 11.026 178.469 0
    endloop
  endfacet
  facet normal 0.751093 -0.660196 0
    outer loop
      vertex 10.7306 178.174 5
      vertex 10.8686 178.331 0
      vertex 10.8686 178.331 5
    endloop
  endfacet
  facet normal 0.751093 -0.660196 0
    outer loop
      vertex 10.8686 178.331 0
      vertex 10.7306 178.174 5
      vertex 10.7306 178.174 0
    endloop
  endfacet
  facet normal -0.997858 -0.0654099 0
    outer loop
      vertex 13.6 177.2 0
      vertex 13.5863 177.409 5
      vertex 13.5863 177.409 0
    endloop
  endfacet
  facet normal -0.997858 -0.0654099 0
    outer loop
      vertex 13.5863 177.409 5
      vertex 13.6 177.2 0
      vertex 13.6 177.2 5
    endloop
  endfacet
  facet normal -0.195841 0.980636 0
    outer loop
      vertex 12.4141 175.655 0
      vertex 12.2088 175.614 5
      vertex 12.4141 175.655 5
    endloop
  endfacet
  facet normal -0.195841 0.980636 0
    outer loop
      vertex 12.2088 175.614 5
      vertex 12.4141 175.655 0
      vertex 12.2088 175.614 0
    endloop
  endfacet
  facet normal -0.751093 0.660196 0
    outer loop
      vertex 13.1314 176.069 0
      vertex 13.2694 176.226 5
      vertex 13.2694 176.226 0
    endloop
  endfacet
  facet normal -0.751093 0.660196 0
    outer loop
      vertex 13.2694 176.226 5
      vertex 13.1314 176.069 0
      vertex 13.1314 176.069 5
    endloop
  endfacet
  facet normal -0.557998 0.829843 0
    outer loop
      vertex 12.974 175.931 0
      vertex 12.8 175.814 5
      vertex 12.974 175.931 5
    endloop
  endfacet
  facet normal -0.557998 0.829843 0
    outer loop
      vertex 12.8 175.814 5
      vertex 12.974 175.931 0
      vertex 12.8 175.814 0
    endloop
  endfacet
  facet normal -0.946802 0.321817 0
    outer loop
      vertex 13.4782 176.588 0
      vertex 13.5455 176.786 5
      vertex 13.5455 176.786 0
    endloop
  endfacet
  facet normal -0.946802 0.321817 0
    outer loop
      vertex 13.5455 176.786 5
      vertex 13.4782 176.588 0
      vertex 13.4782 176.588 5
    endloop
  endfacet
  facet normal -0.0668996 0.99776 0
    outer loop
      vertex 12.2088 175.614 0
      vertex 12 175.6 5
      vertex 12.2088 175.614 5
    endloop
  endfacet
  facet normal -0.0668996 0.99776 0
    outer loop
      vertex 12 175.6 5
      vertex 12.2088 175.614 0
      vertex 12 175.6 0
    endloop
  endfacet
  facet normal 0.32024 0.947336 -0
    outer loop
      vertex 11.5859 175.655 0
      vertex 11.3877 175.722 5
      vertex 11.5859 175.655 5
    endloop
  endfacet
  facet normal 0.32024 0.947336 0
    outer loop
      vertex 11.3877 175.722 5
      vertex 11.5859 175.655 0
      vertex 11.3877 175.722 0
    endloop
  endfacet
  facet normal 0.897083 0.441861 0
    outer loop
      vertex 10.6144 176.4 5
      vertex 10.5218 176.588 0
      vertex 10.5218 176.588 5
    endloop
  endfacet
  facet normal 0.897083 0.441861 0
    outer loop
      vertex 10.5218 176.588 0
      vertex 10.6144 176.4 5
      vertex 10.6144 176.4 0
    endloop
  endfacet
  facet normal 0.980764 0.195196 0
    outer loop
      vertex 10.4545 176.786 5
      vertex 10.4137 176.991 0
      vertex 10.4137 176.991 5
    endloop
  endfacet
  facet normal 0.980764 0.195196 0
    outer loop
      vertex 10.4137 176.991 0
      vertex 10.4545 176.786 5
      vertex 10.4545 176.786 0
    endloop
  endfacet
  facet normal 0.659248 0.751925 -0
    outer loop
      vertex 11.026 175.931 0
      vertex 10.8686 176.069 5
      vertex 11.026 175.931 5
    endloop
  endfacet
  facet normal 0.659248 0.751925 0
    outer loop
      vertex 10.8686 176.069 5
      vertex 11.026 175.931 0
      vertex 10.8686 176.069 0
    endloop
  endfacet
  facet normal 0.831609 0.555362 0
    outer loop
      vertex 10.7306 176.226 5
      vertex 10.6144 176.4 0
      vertex 10.6144 176.4 5
    endloop
  endfacet
  facet normal 0.831609 0.555362 0
    outer loop
      vertex 10.6144 176.4 0
      vertex 10.7306 176.226 5
      vertex 10.7306 176.226 0
    endloop
  endfacet
  facet normal 0.997858 0.0654099 0
    outer loop
      vertex 10.4137 176.991 5
      vertex 10.4 177.2 0
      vertex 10.4 177.2 5
    endloop
  endfacet
  facet normal 0.997858 0.0654099 0
    outer loop
      vertex 10.4 177.2 0
      vertex 10.4137 176.991 5
      vertex 10.4137 176.991 0
    endloop
  endfacet
  facet normal -0.32024 0.947336 0
    outer loop
      vertex 12.6123 175.722 0
      vertex 12.4141 175.655 5
      vertex 12.6123 175.722 5
    endloop
  endfacet
  facet normal -0.32024 0.947336 0
    outer loop
      vertex 12.4141 175.655 5
      vertex 12.6123 175.722 0
      vertex 12.4141 175.655 0
    endloop
  endfacet
  facet normal -0.659248 0.751925 0
    outer loop
      vertex 13.1314 176.069 0
      vertex 12.974 175.931 5
      vertex 13.1314 176.069 5
    endloop
  endfacet
  facet normal -0.659248 0.751925 0
    outer loop
      vertex 12.974 175.931 5
      vertex 13.1314 176.069 0
      vertex 12.974 175.931 0
    endloop
  endfacet
  facet normal -0.897083 0.441861 0
    outer loop
      vertex 13.3856 176.4 0
      vertex 13.4782 176.588 5
      vertex 13.4782 176.588 0
    endloop
  endfacet
  facet normal -0.897083 0.441861 0
    outer loop
      vertex 13.4782 176.588 5
      vertex 13.3856 176.4 0
      vertex 13.3856 176.4 5
    endloop
  endfacet
  facet normal 0.440119 0.897939 -0
    outer loop
      vertex 11.3877 175.722 0
      vertex 11.2 175.814 5
      vertex 11.3877 175.722 5
    endloop
  endfacet
  facet normal 0.440119 0.897939 0
    outer loop
      vertex 11.2 175.814 5
      vertex 11.3877 175.722 0
      vertex 11.2 175.814 0
    endloop
  endfacet
  facet normal 0.946802 0.321817 0
    outer loop
      vertex 10.5218 176.588 5
      vertex 10.4545 176.786 0
      vertex 10.4545 176.786 5
    endloop
  endfacet
  facet normal 0.946802 0.321817 0
    outer loop
      vertex 10.4545 176.786 0
      vertex 10.5218 176.588 5
      vertex 10.5218 176.588 0
    endloop
  endfacet
  facet normal 0.751093 0.660196 0
    outer loop
      vertex 10.8686 176.069 5
      vertex 10.7306 176.226 0
      vertex 10.7306 176.226 5
    endloop
  endfacet
  facet normal 0.751093 0.660196 0
    outer loop
      vertex 10.7306 176.226 0
      vertex 10.8686 176.069 5
      vertex 10.8686 176.069 0
    endloop
  endfacet
  facet normal 0.0668996 0.99776 -0
    outer loop
      vertex 80.6 207.6 0
      vertex 80.3912 207.614 5
      vertex 80.6 207.6 5
    endloop
  endfacet
  facet normal 0.0668996 0.99776 0
    outer loop
      vertex 80.3912 207.614 5
      vertex 80.6 207.6 0
      vertex 80.3912 207.614 0
    endloop
  endfacet
  facet normal 0.0668996 -0.99776 0
    outer loop
      vertex 80.3912 210.786 0
      vertex 80.6 210.8 5
      vertex 80.3912 210.786 5
    endloop
  endfacet
  facet normal 0.0668996 -0.99776 0
    outer loop
      vertex 80.6 210.8 5
      vertex 80.3912 210.786 0
      vertex 80.6 210.8 0
    endloop
  endfacet
  facet normal 0.997858 0.0654099 0
    outer loop
      vertex 79.0137 208.991 5
      vertex 79 209.2 0
      vertex 79 209.2 5
    endloop
  endfacet
  facet normal 0.997858 0.0654099 0
    outer loop
      vertex 79 209.2 0
      vertex 79.0137 208.991 5
      vertex 79.0137 208.991 0
    endloop
  endfacet
  facet normal 0.557998 0.829843 -0
    outer loop
      vertex 79.8 207.814 0
      vertex 79.626 207.931 5
      vertex 79.8 207.814 5
    endloop
  endfacet
  facet normal 0.557998 0.829843 0
    outer loop
      vertex 79.626 207.931 5
      vertex 79.8 207.814 0
      vertex 79.626 207.931 0
    endloop
  endfacet
  facet normal 0.32024 0.947336 -0
    outer loop
      vertex 80.1859 207.655 0
      vertex 79.9877 207.722 5
      vertex 80.1859 207.655 5
    endloop
  endfacet
  facet normal 0.32024 0.947336 0
    outer loop
      vertex 79.9877 207.722 5
      vertex 80.1859 207.655 0
      vertex 79.9877 207.722 0
    endloop
  endfacet
  facet normal 0.897083 0.441861 0
    outer loop
      vertex 79.2144 208.4 5
      vertex 79.1218 208.588 0
      vertex 79.1218 208.588 5
    endloop
  endfacet
  facet normal 0.897083 0.441861 0
    outer loop
      vertex 79.1218 208.588 0
      vertex 79.2144 208.4 5
      vertex 79.2144 208.4 0
    endloop
  endfacet
  facet normal 0 1 -0
    outer loop
      vertex 88.6 207.6 0
      vertex 80.6 207.6 5
      vertex 88.6 207.6 5
    endloop
  endfacet
  facet normal 0 1 0
    outer loop
      vertex 80.6 207.6 5
      vertex 88.6 207.6 0
      vertex 80.6 207.6 0
    endloop
  endfacet
  facet normal -0.751093 0.660196 0
    outer loop
      vertex 89.7314 208.069 0
      vertex 89.8694 208.226 5
      vertex 89.8694 208.226 0
    endloop
  endfacet
  facet normal -0.751093 0.660196 0
    outer loop
      vertex 89.8694 208.226 5
      vertex 89.7314 208.069 0
      vertex 89.7314 208.069 5
    endloop
  endfacet
  facet normal -0.32024 0.947336 0
    outer loop
      vertex 89.2123 207.722 0
      vertex 89.0141 207.655 5
      vertex 89.2123 207.722 5
    endloop
  endfacet
  facet normal -0.32024 0.947336 0
    outer loop
      vertex 89.0141 207.655 5
      vertex 89.2123 207.722 0
      vertex 89.0141 207.655 0
    endloop
  endfacet
  facet normal -0.440119 0.897939 0
    outer loop
      vertex 89.4 207.814 0
      vertex 89.2123 207.722 5
      vertex 89.4 207.814 5
    endloop
  endfacet
  facet normal -0.440119 0.897939 0
    outer loop
      vertex 89.2123 207.722 5
      vertex 89.4 207.814 0
      vertex 89.2123 207.722 0
    endloop
  endfacet
  facet normal -0.0668996 0.99776 0
    outer loop
      vertex 88.8088 207.614 0
      vertex 88.6 207.6 5
      vertex 88.8088 207.614 5
    endloop
  endfacet
  facet normal -0.0668996 0.99776 0
    outer loop
      vertex 88.6 207.6 5
      vertex 88.8088 207.614 0
      vertex 88.6 207.6 0
    endloop
  endfacet
  facet normal -0.557998 0.829843 0
    outer loop
      vertex 89.574 207.931 0
      vertex 89.4 207.814 5
      vertex 89.574 207.931 5
    endloop
  endfacet
  facet normal -0.557998 0.829843 0
    outer loop
      vertex 89.4 207.814 5
      vertex 89.574 207.931 0
      vertex 89.4 207.814 0
    endloop
  endfacet
  facet normal 0 -1 0
    outer loop
      vertex 80.6 210.8 0
      vertex 88.6 210.8 5
      vertex 80.6 210.8 5
    endloop
  endfacet
  facet normal 0 -1 -0
    outer loop
      vertex 88.6 210.8 5
      vertex 80.6 210.8 0
      vertex 88.6 210.8 0
    endloop
  endfacet
  facet normal -0.0668996 -0.99776 0
    outer loop
      vertex 88.6 210.8 0
      vertex 88.8088 210.786 5
      vertex 88.6 210.8 5
    endloop
  endfacet
  facet normal -0.0668996 -0.99776 -0
    outer loop
      vertex 88.8088 210.786 5
      vertex 88.6 210.8 0
      vertex 88.8088 210.786 0
    endloop
  endfacet
  facet normal -0.831609 -0.555362 0
    outer loop
      vertex 89.9856 210 0
      vertex 89.8694 210.174 5
      vertex 89.8694 210.174 0
    endloop
  endfacet
  facet normal -0.831609 -0.555362 0
    outer loop
      vertex 89.8694 210.174 5
      vertex 89.9856 210 0
      vertex 89.9856 210 5
    endloop
  endfacet
  facet normal 0.32024 -0.947336 0
    outer loop
      vertex 79.9877 210.678 0
      vertex 80.1859 210.745 5
      vertex 79.9877 210.678 5
    endloop
  endfacet
  facet normal 0.32024 -0.947336 0
    outer loop
      vertex 80.1859 210.745 5
      vertex 79.9877 210.678 0
      vertex 80.1859 210.745 0
    endloop
  endfacet
  facet normal 0.557998 -0.829843 0
    outer loop
      vertex 79.626 210.469 0
      vertex 79.8 210.586 5
      vertex 79.626 210.469 5
    endloop
  endfacet
  facet normal 0.557998 -0.829843 0
    outer loop
      vertex 79.8 210.586 5
      vertex 79.626 210.469 0
      vertex 79.8 210.586 0
    endloop
  endfacet
  facet normal 0.659248 -0.751925 0
    outer loop
      vertex 79.4686 210.331 0
      vertex 79.626 210.469 5
      vertex 79.4686 210.331 5
    endloop
  endfacet
  facet normal 0.659248 -0.751925 0
    outer loop
      vertex 79.626 210.469 5
      vertex 79.4686 210.331 0
      vertex 79.626 210.469 0
    endloop
  endfacet
  facet normal 0.195841 -0.980636 0
    outer loop
      vertex 80.1859 210.745 0
      vertex 80.3912 210.786 5
      vertex 80.1859 210.745 5
    endloop
  endfacet
  facet normal 0.195841 -0.980636 0
    outer loop
      vertex 80.3912 210.786 5
      vertex 80.1859 210.745 0
      vertex 80.3912 210.786 0
    endloop
  endfacet
  facet normal 0.997858 -0.0654099 0
    outer loop
      vertex 79 209.2 5
      vertex 79.0137 209.409 0
      vertex 79.0137 209.409 5
    endloop
  endfacet
  facet normal 0.997858 -0.0654099 0
    outer loop
      vertex 79.0137 209.409 0
      vertex 79 209.2 5
      vertex 79 209.2 0
    endloop
  endfacet
  facet normal 0.946802 -0.321817 0
    outer loop
      vertex 79.0545 209.614 5
      vertex 79.1218 209.812 0
      vertex 79.1218 209.812 5
    endloop
  endfacet
  facet normal 0.946802 -0.321817 0
    outer loop
      vertex 79.1218 209.812 0
      vertex 79.0545 209.614 5
      vertex 79.0545 209.614 0
    endloop
  endfacet
  facet normal 0.897083 -0.441861 0
    outer loop
      vertex 79.1218 209.812 5
      vertex 79.2144 210 0
      vertex 79.2144 210 5
    endloop
  endfacet
  facet normal 0.897083 -0.441861 0
    outer loop
      vertex 79.2144 210 0
      vertex 79.1218 209.812 5
      vertex 79.1218 209.812 0
    endloop
  endfacet
  facet normal 0.980764 0.195196 0
    outer loop
      vertex 79.0545 208.786 5
      vertex 79.0137 208.991 0
      vertex 79.0137 208.991 5
    endloop
  endfacet
  facet normal 0.980764 0.195196 0
    outer loop
      vertex 79.0137 208.991 0
      vertex 79.0545 208.786 5
      vertex 79.0545 208.786 0
    endloop
  endfacet
  facet normal 0.659248 0.751925 -0
    outer loop
      vertex 79.626 207.931 0
      vertex 79.4686 208.069 5
      vertex 79.626 207.931 5
    endloop
  endfacet
  facet normal 0.659248 0.751925 0
    outer loop
      vertex 79.4686 208.069 5
      vertex 79.626 207.931 0
      vertex 79.4686 208.069 0
    endloop
  endfacet
  facet normal 0.440119 0.897939 -0
    outer loop
      vertex 79.9877 207.722 0
      vertex 79.8 207.814 5
      vertex 79.9877 207.722 5
    endloop
  endfacet
  facet normal 0.440119 0.897939 0
    outer loop
      vertex 79.8 207.814 5
      vertex 79.9877 207.722 0
      vertex 79.8 207.814 0
    endloop
  endfacet
  facet normal 0.946802 0.321817 0
    outer loop
      vertex 79.1218 208.588 5
      vertex 79.0545 208.786 0
      vertex 79.0545 208.786 5
    endloop
  endfacet
  facet normal 0.946802 0.321817 0
    outer loop
      vertex 79.0545 208.786 0
      vertex 79.1218 208.588 5
      vertex 79.1218 208.588 0
    endloop
  endfacet
  facet normal -0.997858 0.0654099 0
    outer loop
      vertex 90.1863 208.991 0
      vertex 90.2 209.2 5
      vertex 90.2 209.2 0
    endloop
  endfacet
  facet normal -0.997858 0.0654099 0
    outer loop
      vertex 90.2 209.2 5
      vertex 90.1863 208.991 0
      vertex 90.1863 208.991 5
    endloop
  endfacet
  facet normal -0.946802 0.321817 0
    outer loop
      vertex 90.0782 208.588 0
      vertex 90.1455 208.786 5
      vertex 90.1455 208.786 0
    endloop
  endfacet
  facet normal -0.946802 0.321817 0
    outer loop
      vertex 90.1455 208.786 5
      vertex 90.0782 208.588 0
      vertex 90.0782 208.588 5
    endloop
  endfacet
  facet normal -0.980764 0.195196 0
    outer loop
      vertex 90.1455 208.786 0
      vertex 90.1863 208.991 5
      vertex 90.1863 208.991 0
    endloop
  endfacet
  facet normal -0.980764 0.195196 0
    outer loop
      vertex 90.1863 208.991 5
      vertex 90.1455 208.786 0
      vertex 90.1455 208.786 5
    endloop
  endfacet
  facet normal -0.897083 0.441861 0
    outer loop
      vertex 89.9856 208.4 0
      vertex 90.0782 208.588 5
      vertex 90.0782 208.588 0
    endloop
  endfacet
  facet normal -0.897083 0.441861 0
    outer loop
      vertex 90.0782 208.588 5
      vertex 89.9856 208.4 0
      vertex 89.9856 208.4 5
    endloop
  endfacet
  facet normal -0.195841 0.980636 0
    outer loop
      vertex 89.0141 207.655 0
      vertex 88.8088 207.614 5
      vertex 89.0141 207.655 5
    endloop
  endfacet
  facet normal -0.195841 0.980636 0
    outer loop
      vertex 88.8088 207.614 5
      vertex 89.0141 207.655 0
      vertex 88.8088 207.614 0
    endloop
  endfacet
  facet normal -0.440119 -0.897939 0
    outer loop
      vertex 89.2123 210.678 0
      vertex 89.4 210.586 5
      vertex 89.2123 210.678 5
    endloop
  endfacet
  facet normal -0.440119 -0.897939 -0
    outer loop
      vertex 89.4 210.586 5
      vertex 89.2123 210.678 0
      vertex 89.4 210.586 0
    endloop
  endfacet
  facet normal -0.997858 -0.0654099 0
    outer loop
      vertex 90.2 209.2 0
      vertex 90.1863 209.409 5
      vertex 90.1863 209.409 0
    endloop
  endfacet
  facet normal -0.997858 -0.0654099 0
    outer loop
      vertex 90.1863 209.409 5
      vertex 90.2 209.2 0
      vertex 90.2 209.2 5
    endloop
  endfacet
  facet normal 0.751093 -0.660196 0
    outer loop
      vertex 79.3306 210.174 5
      vertex 79.4686 210.331 0
      vertex 79.4686 210.331 5
    endloop
  endfacet
  facet normal 0.751093 -0.660196 0
    outer loop
      vertex 79.4686 210.331 0
      vertex 79.3306 210.174 5
      vertex 79.3306 210.174 0
    endloop
  endfacet
  facet normal 0.440119 -0.897939 0
    outer loop
      vertex 79.8 210.586 0
      vertex 79.9877 210.678 5
      vertex 79.8 210.586 5
    endloop
  endfacet
  facet normal 0.440119 -0.897939 0
    outer loop
      vertex 79.9877 210.678 5
      vertex 79.8 210.586 0
      vertex 79.9877 210.678 0
    endloop
  endfacet
  facet normal 0.980764 -0.195196 0
    outer loop
      vertex 79.0137 209.409 5
      vertex 79.0545 209.614 0
      vertex 79.0545 209.614 5
    endloop
  endfacet
  facet normal 0.980764 -0.195196 0
    outer loop
      vertex 79.0545 209.614 0
      vertex 79.0137 209.409 5
      vertex 79.0137 209.409 0
    endloop
  endfacet
  facet normal 0.831609 -0.555362 0
    outer loop
      vertex 79.2144 210 5
      vertex 79.3306 210.174 0
      vertex 79.3306 210.174 5
    endloop
  endfacet
  facet normal 0.831609 -0.555362 0
    outer loop
      vertex 79.3306 210.174 0
      vertex 79.2144 210 5
      vertex 79.2144 210 0
    endloop
  endfacet
  facet normal 0.195841 0.980636 -0
    outer loop
      vertex 80.3912 207.614 0
      vertex 80.1859 207.655 5
      vertex 80.3912 207.614 5
    endloop
  endfacet
  facet normal 0.195841 0.980636 0
    outer loop
      vertex 80.1859 207.655 5
      vertex 80.3912 207.614 0
      vertex 80.1859 207.655 0
    endloop
  endfacet
  facet normal 0.751093 0.660196 0
    outer loop
      vertex 79.4686 208.069 5
      vertex 79.3306 208.226 0
      vertex 79.3306 208.226 5
    endloop
  endfacet
  facet normal 0.751093 0.660196 0
    outer loop
      vertex 79.3306 208.226 0
      vertex 79.4686 208.069 5
      vertex 79.4686 208.069 0
    endloop
  endfacet
  facet normal -0.831609 0.555362 0
    outer loop
      vertex 89.8694 208.226 0
      vertex 89.9856 208.4 5
      vertex 89.9856 208.4 0
    endloop
  endfacet
  facet normal -0.831609 0.555362 0
    outer loop
      vertex 89.9856 208.4 5
      vertex 89.8694 208.226 0
      vertex 89.8694 208.226 5
    endloop
  endfacet
  facet normal -0.659248 0.751925 0
    outer loop
      vertex 89.7314 208.069 0
      vertex 89.574 207.931 5
      vertex 89.7314 208.069 5
    endloop
  endfacet
  facet normal -0.659248 0.751925 0
    outer loop
      vertex 89.574 207.931 5
      vertex 89.7314 208.069 0
      vertex 89.574 207.931 0
    endloop
  endfacet
  facet normal -0.32024 -0.947336 0
    outer loop
      vertex 89.0141 210.745 0
      vertex 89.2123 210.678 5
      vertex 89.0141 210.745 5
    endloop
  endfacet
  facet normal -0.32024 -0.947336 -0
    outer loop
      vertex 89.2123 210.678 5
      vertex 89.0141 210.745 0
      vertex 89.2123 210.678 0
    endloop
  endfacet
  facet normal -0.557998 -0.829843 0
    outer loop
      vertex 89.4 210.586 0
      vertex 89.574 210.469 5
      vertex 89.4 210.586 5
    endloop
  endfacet
  facet normal -0.557998 -0.829843 -0
    outer loop
      vertex 89.574 210.469 5
      vertex 89.4 210.586 0
      vertex 89.574 210.469 0
    endloop
  endfacet
  facet normal -0.897083 -0.441861 0
    outer loop
      vertex 90.0782 209.812 0
      vertex 89.9856 210 5
      vertex 89.9856 210 0
    endloop
  endfacet
  facet normal -0.897083 -0.441861 0
    outer loop
      vertex 89.9856 210 5
      vertex 90.0782 209.812 0
      vertex 90.0782 209.812 5
    endloop
  endfacet
  facet normal -0.946802 -0.321817 0
    outer loop
      vertex 90.1455 209.614 0
      vertex 90.0782 209.812 5
      vertex 90.0782 209.812 0
    endloop
  endfacet
  facet normal -0.946802 -0.321817 0
    outer loop
      vertex 90.0782 209.812 5
      vertex 90.1455 209.614 0
      vertex 90.1455 209.614 5
    endloop
  endfacet
  facet normal 0.831609 0.555362 0
    outer loop
      vertex 79.3306 208.226 5
      vertex 79.2144 208.4 0
      vertex 79.2144 208.4 5
    endloop
  endfacet
  facet normal 0.831609 0.555362 0
    outer loop
      vertex 79.2144 208.4 0
      vertex 79.3306 208.226 5
      vertex 79.3306 208.226 0
    endloop
  endfacet
  facet normal -0.195841 -0.980636 0
    outer loop
      vertex 88.8088 210.786 0
      vertex 89.0141 210.745 5
      vertex 88.8088 210.786 5
    endloop
  endfacet
  facet normal -0.195841 -0.980636 -0
    outer loop
      vertex 89.0141 210.745 5
      vertex 88.8088 210.786 0
      vertex 89.0141 210.745 0
    endloop
  endfacet
  facet normal -0.659248 -0.751925 0
    outer loop
      vertex 89.574 210.469 0
      vertex 89.7314 210.331 5
      vertex 89.574 210.469 5
    endloop
  endfacet
  facet normal -0.659248 -0.751925 -0
    outer loop
      vertex 89.7314 210.331 5
      vertex 89.574 210.469 0
      vertex 89.7314 210.331 0
    endloop
  endfacet
  facet normal -0.751093 -0.660196 0
    outer loop
      vertex 89.8694 210.174 0
      vertex 89.7314 210.331 5
      vertex 89.7314 210.331 0
    endloop
  endfacet
  facet normal -0.751093 -0.660196 0
    outer loop
      vertex 89.7314 210.331 5
      vertex 89.8694 210.174 0
      vertex 89.8694 210.174 5
    endloop
  endfacet
  facet normal -0.980764 -0.195196 0
    outer loop
      vertex 90.1863 209.409 0
      vertex 90.1455 209.614 5
      vertex 90.1455 209.614 0
    endloop
  endfacet
  facet normal -0.980764 -0.195196 0
    outer loop
      vertex 90.1455 209.614 5
      vertex 90.1863 209.409 0
      vertex 90.1863 209.409 5
    endloop
  endfacet
  facet normal 0.0668359 0.997764 -0
    outer loop
      vertex 130.6 207.6 0
      vertex 130.391 207.614 5
      vertex 130.6 207.6 5
    endloop
  endfacet
  facet normal 0.0668359 0.997764 0
    outer loop
      vertex 130.391 207.614 5
      vertex 130.6 207.6 0
      vertex 130.391 207.614 0
    endloop
  endfacet
  facet normal 0.751093 -0.660196 0
    outer loop
      vertex 129.331 210.174 5
      vertex 129.469 210.331 0
      vertex 129.469 210.331 5
    endloop
  endfacet
  facet normal 0.751093 -0.660196 0
    outer loop
      vertex 129.469 210.331 0
      vertex 129.331 210.174 5
      vertex 129.331 210.174 0
    endloop
  endfacet
  facet normal -0.32053 0.947238 0
    outer loop
      vertex 139.212 207.722 0
      vertex 139.014 207.655 5
      vertex 139.212 207.722 5
    endloop
  endfacet
  facet normal -0.32053 0.947238 0
    outer loop
      vertex 139.014 207.655 5
      vertex 139.212 207.722 0
      vertex 139.014 207.655 0
    endloop
  endfacet
  facet normal -0.196116 -0.980581 0
    outer loop
      vertex 138.809 210.786 0
      vertex 139.014 210.745 5
      vertex 138.809 210.786 5
    endloop
  endfacet
  facet normal -0.196116 -0.980581 -0
    outer loop
      vertex 139.014 210.745 5
      vertex 138.809 210.786 0
      vertex 139.014 210.745 0
    endloop
  endfacet
  facet normal 0.0668359 -0.997764 0
    outer loop
      vertex 130.391 210.786 0
      vertex 130.6 210.8 5
      vertex 130.391 210.786 5
    endloop
  endfacet
  facet normal 0.0668359 -0.997764 0
    outer loop
      vertex 130.6 210.8 5
      vertex 130.391 210.786 0
      vertex 130.6 210.8 0
    endloop
  endfacet
  facet normal 0.980581 -0.196116 0
    outer loop
      vertex 129.014 209.409 5
      vertex 129.055 209.614 0
      vertex 129.055 209.614 5
    endloop
  endfacet
  facet normal 0.980581 -0.196116 0
    outer loop
      vertex 129.055 209.614 0
      vertex 129.014 209.409 5
      vertex 129.014 209.409 0
    endloop
  endfacet
  facet normal 0.997764 0.0668359 0
    outer loop
      vertex 129.014 208.991 5
      vertex 129 209.2 0
      vertex 129 209.2 5
    endloop
  endfacet
  facet normal 0.997764 0.0668359 0
    outer loop
      vertex 129 209.2 0
      vertex 129.014 208.991 5
      vertex 129.014 208.991 0
    endloop
  endfacet
  facet normal 0 1 -0
    outer loop
      vertex 138.6 207.6 0
      vertex 130.6 207.6 5
      vertex 138.6 207.6 5
    endloop
  endfacet
  facet normal 0 1 0
    outer loop
      vertex 130.6 207.6 5
      vertex 138.6 207.6 0
      vertex 130.6 207.6 0
    endloop
  endfacet
  facet normal -0.997764 0.0668359 0
    outer loop
      vertex 140.186 208.991 0
      vertex 140.2 209.2 5
      vertex 140.2 209.2 0
    endloop
  endfacet
  facet normal -0.997764 0.0668359 0
    outer loop
      vertex 140.2 209.2 5
      vertex 140.186 208.991 0
      vertex 140.186 208.991 5
    endloop
  endfacet
  facet normal -0.751093 0.660196 0
    outer loop
      vertex 139.731 208.069 0
      vertex 139.869 208.226 5
      vertex 139.869 208.226 0
    endloop
  endfacet
  facet normal -0.751093 0.660196 0
    outer loop
      vertex 139.869 208.226 5
      vertex 139.731 208.069 0
      vertex 139.731 208.069 5
    endloop
  endfacet
  facet normal -0.439553 0.898217 0
    outer loop
      vertex 139.4 207.814 0
      vertex 139.212 207.722 5
      vertex 139.4 207.814 5
    endloop
  endfacet
  facet normal -0.439553 0.898217 0
    outer loop
      vertex 139.212 207.722 5
      vertex 139.4 207.814 0
      vertex 139.212 207.722 0
    endloop
  endfacet
  facet normal -0.0668359 0.997764 0
    outer loop
      vertex 138.809 207.614 0
      vertex 138.6 207.6 5
      vertex 138.809 207.614 5
    endloop
  endfacet
  facet normal -0.0668359 0.997764 0
    outer loop
      vertex 138.6 207.6 5
      vertex 138.809 207.614 0
      vertex 138.6 207.6 0
    endloop
  endfacet
  facet normal 0 -1 0
    outer loop
      vertex 130.6 210.8 0
      vertex 138.6 210.8 5
      vertex 130.6 210.8 5
    endloop
  endfacet
  facet normal 0 -1 -0
    outer loop
      vertex 138.6 210.8 5
      vertex 130.6 210.8 0
      vertex 138.6 210.8 0
    endloop
  endfacet
  facet normal -0.0668359 -0.997764 0
    outer loop
      vertex 138.6 210.8 0
      vertex 138.809 210.786 5
      vertex 138.6 210.8 5
    endloop
  endfacet
  facet normal -0.0668359 -0.997764 -0
    outer loop
      vertex 138.809 210.786 5
      vertex 138.6 210.8 0
      vertex 138.809 210.786 0
    endloop
  endfacet
  facet normal 0.557998 -0.829843 0
    outer loop
      vertex 129.626 210.469 0
      vertex 129.8 210.586 5
      vertex 129.626 210.469 5
    endloop
  endfacet
  facet normal 0.557998 -0.829843 0
    outer loop
      vertex 129.8 210.586 5
      vertex 129.626 210.469 0
      vertex 129.8 210.586 0
    endloop
  endfacet
  facet normal 0.439553 -0.898217 0
    outer loop
      vertex 129.8 210.586 0
      vertex 129.988 210.678 5
      vertex 129.8 210.586 5
    endloop
  endfacet
  facet normal 0.439553 -0.898217 0
    outer loop
      vertex 129.988 210.678 5
      vertex 129.8 210.586 0
      vertex 129.988 210.678 0
    endloop
  endfacet
  facet normal 0.997764 -0.0668359 0
    outer loop
      vertex 129 209.2 5
      vertex 129.014 209.409 0
      vertex 129.014 209.409 5
    endloop
  endfacet
  facet normal 0.997764 -0.0668359 0
    outer loop
      vertex 129.014 209.409 0
      vertex 129 209.2 5
      vertex 129 209.2 0
    endloop
  endfacet
  facet normal 0.947238 -0.32053 0
    outer loop
      vertex 129.055 209.614 5
      vertex 129.122 209.812 0
      vertex 129.122 209.812 5
    endloop
  endfacet
  facet normal 0.947238 -0.32053 0
    outer loop
      vertex 129.122 209.812 0
      vertex 129.055 209.614 5
      vertex 129.055 209.614 0
    endloop
  endfacet
  facet normal 0.980581 0.196116 0
    outer loop
      vertex 129.055 208.786 5
      vertex 129.014 208.991 0
      vertex 129.014 208.991 5
    endloop
  endfacet
  facet normal 0.980581 0.196116 0
    outer loop
      vertex 129.014 208.991 0
      vertex 129.055 208.786 5
      vertex 129.055 208.786 0
    endloop
  endfacet
  facet normal 0.660196 0.751093 -0
    outer loop
      vertex 129.626 207.931 0
      vertex 129.469 208.069 5
      vertex 129.626 207.931 5
    endloop
  endfacet
  facet normal 0.660196 0.751093 0
    outer loop
      vertex 129.469 208.069 5
      vertex 129.626 207.931 0
      vertex 129.469 208.069 0
    endloop
  endfacet
  facet normal 0.439553 0.898217 -0
    outer loop
      vertex 129.988 207.722 0
      vertex 129.8 207.814 5
      vertex 129.988 207.722 5
    endloop
  endfacet
  facet normal 0.439553 0.898217 0
    outer loop
      vertex 129.8 207.814 5
      vertex 129.988 207.722 0
      vertex 129.8 207.814 0
    endloop
  endfacet
  facet normal 0.947238 0.32053 0
    outer loop
      vertex 129.122 208.588 5
      vertex 129.055 208.786 0
      vertex 129.055 208.786 5
    endloop
  endfacet
  facet normal 0.947238 0.32053 0
    outer loop
      vertex 129.055 208.786 0
      vertex 129.122 208.588 5
      vertex 129.122 208.588 0
    endloop
  endfacet
  facet normal -0.947238 0.32053 0
    outer loop
      vertex 140.078 208.588 0
      vertex 140.145 208.786 5
      vertex 140.145 208.786 0
    endloop
  endfacet
  facet normal -0.947238 0.32053 0
    outer loop
      vertex 140.145 208.786 5
      vertex 140.078 208.588 0
      vertex 140.078 208.588 5
    endloop
  endfacet
  facet normal -0.898217 0.439553 0
    outer loop
      vertex 139.986 208.4 0
      vertex 140.078 208.588 5
      vertex 140.078 208.588 0
    endloop
  endfacet
  facet normal -0.898217 0.439553 0
    outer loop
      vertex 140.078 208.588 5
      vertex 139.986 208.4 0
      vertex 139.986 208.4 5
    endloop
  endfacet
  facet normal -0.196116 0.980581 0
    outer loop
      vertex 139.014 207.655 0
      vertex 138.809 207.614 5
      vertex 139.014 207.655 5
    endloop
  endfacet
  facet normal -0.196116 0.980581 0
    outer loop
      vertex 138.809 207.614 5
      vertex 139.014 207.655 0
      vertex 138.809 207.614 0
    endloop
  endfacet
  facet normal -0.557998 0.829843 0
    outer loop
      vertex 139.574 207.931 0
      vertex 139.4 207.814 5
      vertex 139.574 207.931 5
    endloop
  endfacet
  facet normal -0.557998 0.829843 0
    outer loop
      vertex 139.4 207.814 5
      vertex 139.574 207.931 0
      vertex 139.4 207.814 0
    endloop
  endfacet
  facet normal -0.660196 0.751093 0
    outer loop
      vertex 139.731 208.069 0
      vertex 139.574 207.931 5
      vertex 139.731 208.069 5
    endloop
  endfacet
  facet normal -0.660196 0.751093 0
    outer loop
      vertex 139.574 207.931 5
      vertex 139.731 208.069 0
      vertex 139.574 207.931 0
    endloop
  endfacet
  facet normal -0.751093 -0.660196 0
    outer loop
      vertex 139.869 210.174 0
      vertex 139.731 210.331 5
      vertex 139.731 210.331 0
    endloop
  endfacet
  facet normal -0.751093 -0.660196 0
    outer loop
      vertex 139.731 210.331 5
      vertex 139.869 210.174 0
      vertex 139.869 210.174 5
    endloop
  endfacet
  facet normal -0.829843 -0.557998 0
    outer loop
      vertex 139.986 210 0
      vertex 139.869 210.174 5
      vertex 139.869 210.174 0
    endloop
  endfacet
  facet normal -0.829843 -0.557998 0
    outer loop
      vertex 139.869 210.174 5
      vertex 139.986 210 0
      vertex 139.986 210 5
    endloop
  endfacet
  facet normal 0.660196 -0.751093 0
    outer loop
      vertex 129.469 210.331 0
      vertex 129.626 210.469 5
      vertex 129.469 210.331 5
    endloop
  endfacet
  facet normal 0.660196 -0.751093 0
    outer loop
      vertex 129.626 210.469 5
      vertex 129.469 210.331 0
      vertex 129.626 210.469 0
    endloop
  endfacet
  facet normal 0.196116 -0.980581 0
    outer loop
      vertex 130.186 210.745 0
      vertex 130.391 210.786 5
      vertex 130.186 210.745 5
    endloop
  endfacet
  facet normal 0.196116 -0.980581 0
    outer loop
      vertex 130.391 210.786 5
      vertex 130.186 210.745 0
      vertex 130.391 210.786 0
    endloop
  endfacet
  facet normal 0.32053 -0.947238 0
    outer loop
      vertex 129.988 210.678 0
      vertex 130.186 210.745 5
      vertex 129.988 210.678 5
    endloop
  endfacet
  facet normal 0.32053 -0.947238 0
    outer loop
      vertex 130.186 210.745 5
      vertex 129.988 210.678 0
      vertex 130.186 210.745 0
    endloop
  endfacet
  facet normal 0.898217 -0.439553 0
    outer loop
      vertex 129.122 209.812 5
      vertex 129.214 210 0
      vertex 129.214 210 5
    endloop
  endfacet
  facet normal 0.898217 -0.439553 0
    outer loop
      vertex 129.214 210 0
      vertex 129.122 209.812 5
      vertex 129.122 209.812 0
    endloop
  endfacet
  facet normal 0.829843 -0.557998 0
    outer loop
      vertex 129.214 210 5
      vertex 129.331 210.174 0
      vertex 129.331 210.174 5
    endloop
  endfacet
  facet normal 0.829843 -0.557998 0
    outer loop
      vertex 129.331 210.174 0
      vertex 129.214 210 5
      vertex 129.214 210 0
    endloop
  endfacet
  facet normal 0.557998 0.829843 -0
    outer loop
      vertex 129.8 207.814 0
      vertex 129.626 207.931 5
      vertex 129.8 207.814 5
    endloop
  endfacet
  facet normal 0.557998 0.829843 0
    outer loop
      vertex 129.626 207.931 5
      vertex 129.8 207.814 0
      vertex 129.626 207.931 0
    endloop
  endfacet
  facet normal 0.32053 0.947238 -0
    outer loop
      vertex 130.186 207.655 0
      vertex 129.988 207.722 5
      vertex 130.186 207.655 5
    endloop
  endfacet
  facet normal 0.32053 0.947238 0
    outer loop
      vertex 129.988 207.722 5
      vertex 130.186 207.655 0
      vertex 129.988 207.722 0
    endloop
  endfacet
  facet normal 0.751093 0.660196 0
    outer loop
      vertex 129.469 208.069 5
      vertex 129.331 208.226 0
      vertex 129.331 208.226 5
    endloop
  endfacet
  facet normal 0.751093 0.660196 0
    outer loop
      vertex 129.331 208.226 0
      vertex 129.469 208.069 5
      vertex 129.469 208.069 0
    endloop
  endfacet
  facet normal 0.898217 0.439553 0
    outer loop
      vertex 129.214 208.4 5
      vertex 129.122 208.588 0
      vertex 129.122 208.588 5
    endloop
  endfacet
  facet normal 0.898217 0.439553 0
    outer loop
      vertex 129.122 208.588 0
      vertex 129.214 208.4 5
      vertex 129.214 208.4 0
    endloop
  endfacet
  facet normal -0.980581 0.196116 0
    outer loop
      vertex 140.145 208.786 0
      vertex 140.186 208.991 5
      vertex 140.186 208.991 0
    endloop
  endfacet
  facet normal -0.980581 0.196116 0
    outer loop
      vertex 140.186 208.991 5
      vertex 140.145 208.786 0
      vertex 140.145 208.786 5
    endloop
  endfacet
  facet normal -0.829843 0.557998 0
    outer loop
      vertex 139.869 208.226 0
      vertex 139.986 208.4 5
      vertex 139.986 208.4 0
    endloop
  endfacet
  facet normal -0.829843 0.557998 0
    outer loop
      vertex 139.986 208.4 5
      vertex 139.869 208.226 0
      vertex 139.869 208.226 5
    endloop
  endfacet
  facet normal -0.439553 -0.898217 0
    outer loop
      vertex 139.212 210.678 0
      vertex 139.4 210.586 5
      vertex 139.212 210.678 5
    endloop
  endfacet
  facet normal -0.439553 -0.898217 -0
    outer loop
      vertex 139.4 210.586 5
      vertex 139.212 210.678 0
      vertex 139.4 210.586 0
    endloop
  endfacet
  facet normal -0.557998 -0.829843 0
    outer loop
      vertex 139.4 210.586 0
      vertex 139.574 210.469 5
      vertex 139.4 210.586 5
    endloop
  endfacet
  facet normal -0.557998 -0.829843 -0
    outer loop
      vertex 139.574 210.469 5
      vertex 139.4 210.586 0
      vertex 139.574 210.469 0
    endloop
  endfacet
  facet normal -0.997764 -0.0668359 0
    outer loop
      vertex 140.2 209.2 0
      vertex 140.186 209.409 5
      vertex 140.186 209.409 0
    endloop
  endfacet
  facet normal -0.997764 -0.0668359 0
    outer loop
      vertex 140.186 209.409 5
      vertex 140.2 209.2 0
      vertex 140.2 209.2 5
    endloop
  endfacet
  facet normal -0.980581 -0.196116 0
    outer loop
      vertex 140.186 209.409 0
      vertex 140.145 209.614 5
      vertex 140.145 209.614 0
    endloop
  endfacet
  facet normal -0.980581 -0.196116 0
    outer loop
      vertex 140.145 209.614 5
      vertex 140.186 209.409 0
      vertex 140.186 209.409 5
    endloop
  endfacet
  facet normal -0.898217 -0.439553 0
    outer loop
      vertex 140.078 209.812 0
      vertex 139.986 210 5
      vertex 139.986 210 0
    endloop
  endfacet
  facet normal -0.898217 -0.439553 0
    outer loop
      vertex 139.986 210 5
      vertex 140.078 209.812 0
      vertex 140.078 209.812 5
    endloop
  endfacet
  facet normal 0.196116 0.980581 -0
    outer loop
      vertex 130.391 207.614 0
      vertex 130.186 207.655 5
      vertex 130.391 207.614 5
    endloop
  endfacet
  facet normal 0.196116 0.980581 0
    outer loop
      vertex 130.186 207.655 5
      vertex 130.391 207.614 0
      vertex 130.186 207.655 0
    endloop
  endfacet
  facet normal 0.829843 0.557998 0
    outer loop
      vertex 129.331 208.226 5
      vertex 129.214 208.4 0
      vertex 129.214 208.4 5
    endloop
  endfacet
  facet normal 0.829843 0.557998 0
    outer loop
      vertex 129.214 208.4 0
      vertex 129.331 208.226 5
      vertex 129.331 208.226 0
    endloop
  endfacet
  facet normal -0.32053 -0.947238 0
    outer loop
      vertex 139.014 210.745 0
      vertex 139.212 210.678 5
      vertex 139.014 210.745 5
    endloop
  endfacet
  facet normal -0.32053 -0.947238 -0
    outer loop
      vertex 139.212 210.678 5
      vertex 139.014 210.745 0
      vertex 139.212 210.678 0
    endloop
  endfacet
  facet normal -0.660196 -0.751093 0
    outer loop
      vertex 139.574 210.469 0
      vertex 139.731 210.331 5
      vertex 139.574 210.469 5
    endloop
  endfacet
  facet normal -0.660196 -0.751093 -0
    outer loop
      vertex 139.731 210.331 5
      vertex 139.574 210.469 0
      vertex 139.731 210.331 0
    endloop
  endfacet
  facet normal -0.947238 -0.32053 0
    outer loop
      vertex 140.145 209.614 0
      vertex 140.078 209.812 5
      vertex 140.078 209.812 0
    endloop
  endfacet
  facet normal -0.947238 -0.32053 0
    outer loop
      vertex 140.078 209.812 5
      vertex 140.145 209.614 0
      vertex 140.145 209.614 5
    endloop
  endfacet
  facet normal 0.0654099 0.997858 -0
    outer loop
      vertex 209.2 32.4 0
      vertex 208.991 32.4137 5
      vertex 209.2 32.4 5
    endloop
  endfacet
  facet normal 0.0654099 0.997858 0
    outer loop
      vertex 208.991 32.4137 5
      vertex 209.2 32.4 0
      vertex 208.991 32.4137 0
    endloop
  endfacet
  facet normal -0.195196 0.980764 0
    outer loop
      vertex 209.614 32.4545 0
      vertex 209.409 32.4137 5
      vertex 209.614 32.4545 5
    endloop
  endfacet
  facet normal -0.195196 0.980764 0
    outer loop
      vertex 209.409 32.4137 5
      vertex 209.614 32.4545 0
      vertex 209.409 32.4137 0
    endloop
  endfacet
  facet normal 1 -0 0
    outer loop
      vertex 207.6 34 5
      vertex 207.6 42 0
      vertex 207.6 42 5
    endloop
  endfacet
  facet normal 1 0 0
    outer loop
      vertex 207.6 42 0
      vertex 207.6 34 5
      vertex 207.6 34 0
    endloop
  endfacet
  facet normal -0.99776 0.0668996 0
    outer loop
      vertex 210.786 33.7912 0
      vertex 210.8 34 5
      vertex 210.8 34 0
    endloop
  endfacet
  facet normal -0.99776 0.0668996 0
    outer loop
      vertex 210.8 34 5
      vertex 210.786 33.7912 0
      vertex 210.786 33.7912 5
    endloop
  endfacet
  facet normal -1 0 0
    outer loop
      vertex 210.8 34 0
      vertex 210.8 42 5
      vertex 210.8 42 0
    endloop
  endfacet
  facet normal -1 -0 0
    outer loop
      vertex 210.8 42 5
      vertex 210.8 34 0
      vertex 210.8 34 5
    endloop
  endfacet
  facet normal 0.660196 0.751093 -0
    outer loop
      vertex 208.226 32.7306 0
      vertex 208.069 32.8686 5
      vertex 208.226 32.7306 5
    endloop
  endfacet
  facet normal 0.660196 0.751093 0
    outer loop
      vertex 208.069 32.8686 5
      vertex 208.226 32.7306 0
      vertex 208.069 32.8686 0
    endloop
  endfacet
  facet normal 0.897939 0.440119 0
    outer loop
      vertex 207.814 33.2 5
      vertex 207.722 33.3877 0
      vertex 207.722 33.3877 5
    endloop
  endfacet
  facet normal 0.897939 0.440119 0
    outer loop
      vertex 207.722 33.3877 0
      vertex 207.814 33.2 5
      vertex 207.814 33.2 0
    endloop
  endfacet
  facet normal 0.829843 0.557998 0
    outer loop
      vertex 207.931 33.026 5
      vertex 207.814 33.2 0
      vertex 207.814 33.2 5
    endloop
  endfacet
  facet normal 0.829843 0.557998 0
    outer loop
      vertex 207.814 33.2 0
      vertex 207.931 33.026 5
      vertex 207.931 33.026 0
    endloop
  endfacet
  facet normal 0.980636 -0.195841 0
    outer loop
      vertex 207.614 42.2088 5
      vertex 207.655 42.4141 0
      vertex 207.655 42.4141 5
    endloop
  endfacet
  facet normal 0.980636 -0.195841 0
    outer loop
      vertex 207.655 42.4141 0
      vertex 207.614 42.2088 5
      vertex 207.614 42.2088 0
    endloop
  endfacet
  facet normal 0.99776 -0.0668996 0
    outer loop
      vertex 207.6 42 5
      vertex 207.614 42.2088 0
      vertex 207.614 42.2088 5
    endloop
  endfacet
  facet normal 0.99776 -0.0668996 0
    outer loop
      vertex 207.614 42.2088 0
      vertex 207.6 42 5
      vertex 207.6 42 0
    endloop
  endfacet
  facet normal -0.751925 0.659248 0
    outer loop
      vertex 210.331 32.8686 0
      vertex 210.469 33.026 5
      vertex 210.469 33.026 0
    endloop
  endfacet
  facet normal -0.751925 0.659248 0
    outer loop
      vertex 210.469 33.026 5
      vertex 210.331 32.8686 0
      vertex 210.331 32.8686 5
    endloop
  endfacet
  facet normal -0.980636 0.195841 0
    outer loop
      vertex 210.745 33.5859 0
      vertex 210.786 33.7912 5
      vertex 210.786 33.7912 0
    endloop
  endfacet
  facet normal -0.980636 0.195841 0
    outer loop
      vertex 210.786 33.7912 5
      vertex 210.745 33.5859 0
      vertex 210.745 33.5859 5
    endloop
  endfacet
  facet normal -0.660196 -0.751093 0
    outer loop
      vertex 210.174 43.2694 0
      vertex 210.331 43.1314 5
      vertex 210.174 43.2694 5
    endloop
  endfacet
  facet normal -0.660196 -0.751093 -0
    outer loop
      vertex 210.331 43.1314 5
      vertex 210.174 43.2694 0
      vertex 210.331 43.1314 0
    endloop
  endfacet
  facet normal -0.0654099 0.997858 0
    outer loop
      vertex 209.409 32.4137 0
      vertex 209.2 32.4 5
      vertex 209.409 32.4137 5
    endloop
  endfacet
  facet normal -0.0654099 0.997858 0
    outer loop
      vertex 209.2 32.4 5
      vertex 209.409 32.4137 0
      vertex 209.2 32.4 0
    endloop
  endfacet
  facet normal 0.321817 0.946802 -0
    outer loop
      vertex 208.786 32.4545 0
      vertex 208.588 32.5218 5
      vertex 208.786 32.4545 5
    endloop
  endfacet
  facet normal 0.321817 0.946802 0
    outer loop
      vertex 208.588 32.5218 5
      vertex 208.786 32.4545 0
      vertex 208.588 32.5218 0
    endloop
  endfacet
  facet normal 0.947336 0.32024 0
    outer loop
      vertex 207.722 33.3877 5
      vertex 207.655 33.5859 0
      vertex 207.655 33.5859 5
    endloop
  endfacet
  facet normal 0.947336 0.32024 0
    outer loop
      vertex 207.655 33.5859 0
      vertex 207.722 33.3877 5
      vertex 207.722 33.3877 0
    endloop
  endfacet
  facet normal 0.980636 0.195841 0
    outer loop
      vertex 207.655 33.5859 5
      vertex 207.614 33.7912 0
      vertex 207.614 33.7912 5
    endloop
  endfacet
  facet normal 0.980636 0.195841 0
    outer loop
      vertex 207.614 33.7912 0
      vertex 207.655 33.5859 5
      vertex 207.655 33.5859 0
    endloop
  endfacet
  facet normal 0.99776 0.0668996 0
    outer loop
      vertex 207.614 33.7912 5
      vertex 207.6 34 0
      vertex 207.6 34 5
    endloop
  endfacet
  facet normal 0.99776 0.0668996 0
    outer loop
      vertex 207.6 34 0
      vertex 207.614 33.7912 5
      vertex 207.614 33.7912 0
    endloop
  endfacet
  facet normal 0.751925 0.659248 0
    outer loop
      vertex 208.069 32.8686 5
      vertex 207.931 33.026 0
      vertex 207.931 33.026 5
    endloop
  endfacet
  facet normal 0.751925 0.659248 0
    outer loop
      vertex 207.931 33.026 0
      vertex 208.069 32.8686 5
      vertex 208.069 32.8686 0
    endloop
  endfacet
  facet normal 0.660196 -0.751093 0
    outer loop
      vertex 208.069 43.1314 0
      vertex 208.226 43.2694 5
      vertex 208.069 43.1314 5
    endloop
  endfacet
  facet normal 0.660196 -0.751093 0
    outer loop
      vertex 208.226 43.2694 5
      vertex 208.069 43.1314 0
      vertex 208.226 43.2694 0
    endloop
  endfacet
  facet normal -0.555362 0.831609 0
    outer loop
      vertex 210.174 32.7306 0
      vertex 210 32.6144 5
      vertex 210.174 32.7306 5
    endloop
  endfacet
  facet normal -0.555362 0.831609 0
    outer loop
      vertex 210 32.6144 5
      vertex 210.174 32.7306 0
      vertex 210 32.6144 0
    endloop
  endfacet
  facet normal -0.947336 0.32024 0
    outer loop
      vertex 210.678 33.3877 0
      vertex 210.745 33.5859 5
      vertex 210.745 33.5859 0
    endloop
  endfacet
  facet normal -0.947336 0.32024 0
    outer loop
      vertex 210.745 33.5859 5
      vertex 210.678 33.3877 0
      vertex 210.678 33.3877 5
    endloop
  endfacet
  facet normal -0.660196 0.751093 0
    outer loop
      vertex 210.331 32.8686 0
      vertex 210.174 32.7306 5
      vertex 210.331 32.8686 5
    endloop
  endfacet
  facet normal -0.660196 0.751093 0
    outer loop
      vertex 210.174 32.7306 5
      vertex 210.331 32.8686 0
      vertex 210.174 32.7306 0
    endloop
  endfacet
  facet normal -0.947336 -0.32024 0
    outer loop
      vertex 210.745 42.4141 0
      vertex 210.678 42.6123 5
      vertex 210.678 42.6123 0
    endloop
  endfacet
  facet normal -0.947336 -0.32024 0
    outer loop
      vertex 210.678 42.6123 5
      vertex 210.745 42.4141 0
      vertex 210.745 42.4141 5
    endloop
  endfacet
  facet normal -0.99776 -0.0668996 0
    outer loop
      vertex 210.8 42 0
      vertex 210.786 42.2088 5
      vertex 210.786 42.2088 0
    endloop
  endfacet
  facet normal -0.99776 -0.0668996 0
    outer loop
      vertex 210.786 42.2088 5
      vertex 210.8 42 0
      vertex 210.8 42 5
    endloop
  endfacet
  facet normal -0.321817 -0.946802 0
    outer loop
      vertex 209.614 43.5455 0
      vertex 209.812 43.4782 5
      vertex 209.614 43.5455 5
    endloop
  endfacet
  facet normal -0.321817 -0.946802 -0
    outer loop
      vertex 209.812 43.4782 5
      vertex 209.614 43.5455 0
      vertex 209.812 43.4782 0
    endloop
  endfacet
  facet normal -0.555362 -0.831609 0
    outer loop
      vertex 210 43.3856 0
      vertex 210.174 43.2694 5
      vertex 210 43.3856 5
    endloop
  endfacet
  facet normal -0.555362 -0.831609 -0
    outer loop
      vertex 210.174 43.2694 5
      vertex 210 43.3856 0
      vertex 210.174 43.2694 0
    endloop
  endfacet
  facet normal -0.195196 -0.980764 0
    outer loop
      vertex 209.409 43.5863 0
      vertex 209.614 43.5455 5
      vertex 209.409 43.5863 5
    endloop
  endfacet
  facet normal -0.195196 -0.980764 -0
    outer loop
      vertex 209.614 43.5455 5
      vertex 209.409 43.5863 0
      vertex 209.614 43.5455 0
    endloop
  endfacet
  facet normal 0.0654099 -0.997858 0
    outer loop
      vertex 208.991 43.5863 0
      vertex 209.2 43.6 5
      vertex 208.991 43.5863 5
    endloop
  endfacet
  facet normal 0.0654099 -0.997858 0
    outer loop
      vertex 209.2 43.6 5
      vertex 208.991 43.5863 0
      vertex 209.2 43.6 0
    endloop
  endfacet
  facet normal 0.195196 0.980764 -0
    outer loop
      vertex 208.991 32.4137 0
      vertex 208.786 32.4545 5
      vertex 208.991 32.4137 5
    endloop
  endfacet
  facet normal 0.195196 0.980764 0
    outer loop
      vertex 208.786 32.4545 5
      vertex 208.991 32.4137 0
      vertex 208.786 32.4545 0
    endloop
  endfacet
  facet normal 0.947336 -0.32024 0
    outer loop
      vertex 207.655 42.4141 5
      vertex 207.722 42.6123 0
      vertex 207.722 42.6123 5
    endloop
  endfacet
  facet normal 0.947336 -0.32024 0
    outer loop
      vertex 207.722 42.6123 0
      vertex 207.655 42.4141 5
      vertex 207.655 42.4141 0
    endloop
  endfacet
  facet normal 0.897939 -0.440119 0
    outer loop
      vertex 207.722 42.6123 5
      vertex 207.814 42.8 0
      vertex 207.814 42.8 5
    endloop
  endfacet
  facet normal 0.897939 -0.440119 0
    outer loop
      vertex 207.814 42.8 0
      vertex 207.722 42.6123 5
      vertex 207.722 42.6123 0
    endloop
  endfacet
  facet normal 0.321817 -0.946802 0
    outer loop
      vertex 208.588 43.4782 0
      vertex 208.786 43.5455 5
      vertex 208.588 43.4782 5
    endloop
  endfacet
  facet normal 0.321817 -0.946802 0
    outer loop
      vertex 208.786 43.5455 5
      vertex 208.588 43.4782 0
      vertex 208.786 43.5455 0
    endloop
  endfacet
  facet normal 0.195196 -0.980764 0
    outer loop
      vertex 208.786 43.5455 0
      vertex 208.991 43.5863 5
      vertex 208.786 43.5455 5
    endloop
  endfacet
  facet normal 0.195196 -0.980764 0
    outer loop
      vertex 208.991 43.5863 5
      vertex 208.786 43.5455 0
      vertex 208.991 43.5863 0
    endloop
  endfacet
  facet normal -0.829843 0.557998 0
    outer loop
      vertex 210.469 33.026 0
      vertex 210.586 33.2 5
      vertex 210.586 33.2 0
    endloop
  endfacet
  facet normal -0.829843 0.557998 0
    outer loop
      vertex 210.586 33.2 5
      vertex 210.469 33.026 0
      vertex 210.469 33.026 5
    endloop
  endfacet
  facet normal -0.897939 0.440119 0
    outer loop
      vertex 210.586 33.2 0
      vertex 210.678 33.3877 5
      vertex 210.678 33.3877 0
    endloop
  endfacet
  facet normal -0.897939 0.440119 0
    outer loop
      vertex 210.678 33.3877 5
      vertex 210.586 33.2 0
      vertex 210.586 33.2 5
    endloop
  endfacet
  facet normal -0.441861 0.897083 0
    outer loop
      vertex 210 32.6144 0
      vertex 209.812 32.5218 5
      vertex 210 32.6144 5
    endloop
  endfacet
  facet normal -0.441861 0.897083 0
    outer loop
      vertex 209.812 32.5218 5
      vertex 210 32.6144 0
      vertex 209.812 32.5218 0
    endloop
  endfacet
  facet normal -0.321817 0.946802 0
    outer loop
      vertex 209.812 32.5218 0
      vertex 209.614 32.4545 5
      vertex 209.812 32.5218 5
    endloop
  endfacet
  facet normal -0.321817 0.946802 0
    outer loop
      vertex 209.614 32.4545 5
      vertex 209.812 32.5218 0
      vertex 209.614 32.4545 0
    endloop
  endfacet
  facet normal -0.751925 -0.659248 0
    outer loop
      vertex 210.469 42.974 0
      vertex 210.331 43.1314 5
      vertex 210.331 43.1314 0
    endloop
  endfacet
  facet normal -0.751925 -0.659248 0
    outer loop
      vertex 210.331 43.1314 5
      vertex 210.469 42.974 0
      vertex 210.469 42.974 5
    endloop
  endfacet
  facet normal -0.829843 -0.557998 0
    outer loop
      vertex 210.586 42.8 0
      vertex 210.469 42.974 5
      vertex 210.469 42.974 0
    endloop
  endfacet
  facet normal -0.829843 -0.557998 0
    outer loop
      vertex 210.469 42.974 5
      vertex 210.586 42.8 0
      vertex 210.586 42.8 5
    endloop
  endfacet
  facet normal -0.897939 -0.440119 0
    outer loop
      vertex 210.678 42.6123 0
      vertex 210.586 42.8 5
      vertex 210.586 42.8 0
    endloop
  endfacet
  facet normal -0.897939 -0.440119 0
    outer loop
      vertex 210.586 42.8 5
      vertex 210.678 42.6123 0
      vertex 210.678 42.6123 5
    endloop
  endfacet
  facet normal -0.980636 -0.195841 0
    outer loop
      vertex 210.786 42.2088 0
      vertex 210.745 42.4141 5
      vertex 210.745 42.4141 0
    endloop
  endfacet
  facet normal -0.980636 -0.195841 0
    outer loop
      vertex 210.745 42.4141 5
      vertex 210.786 42.2088 0
      vertex 210.786 42.2088 5
    endloop
  endfacet
  facet normal -0.441861 -0.897083 0
    outer loop
      vertex 209.812 43.4782 0
      vertex 210 43.3856 5
      vertex 209.812 43.4782 5
    endloop
  endfacet
  facet normal -0.441861 -0.897083 -0
    outer loop
      vertex 210 43.3856 5
      vertex 209.812 43.4782 0
      vertex 210 43.3856 0
    endloop
  endfacet
  facet normal -0.0654099 -0.997858 0
    outer loop
      vertex 209.2 43.6 0
      vertex 209.409 43.5863 5
      vertex 209.2 43.6 5
    endloop
  endfacet
  facet normal -0.0654099 -0.997858 -0
    outer loop
      vertex 209.409 43.5863 5
      vertex 209.2 43.6 0
      vertex 209.409 43.5863 0
    endloop
  endfacet
  facet normal 0.829843 -0.557998 0
    outer loop
      vertex 207.814 42.8 5
      vertex 207.931 42.974 0
      vertex 207.931 42.974 5
    endloop
  endfacet
  facet normal 0.829843 -0.557998 0
    outer loop
      vertex 207.931 42.974 0
      vertex 207.814 42.8 5
      vertex 207.814 42.8 0
    endloop
  endfacet
  facet normal 0.751925 -0.659248 0
    outer loop
      vertex 207.931 42.974 5
      vertex 208.069 43.1314 0
      vertex 208.069 43.1314 5
    endloop
  endfacet
  facet normal 0.751925 -0.659248 0
    outer loop
      vertex 208.069 43.1314 0
      vertex 207.931 42.974 5
      vertex 207.931 42.974 0
    endloop
  endfacet
  facet normal 0.555362 -0.831609 0
    outer loop
      vertex 208.226 43.2694 0
      vertex 208.4 43.3856 5
      vertex 208.226 43.2694 5
    endloop
  endfacet
  facet normal 0.555362 -0.831609 0
    outer loop
      vertex 208.4 43.3856 5
      vertex 208.226 43.2694 0
      vertex 208.4 43.3856 0
    endloop
  endfacet
  facet normal 0.441861 -0.897083 0
    outer loop
      vertex 208.4 43.3856 0
      vertex 208.588 43.4782 5
      vertex 208.4 43.3856 5
    endloop
  endfacet
  facet normal 0.441861 -0.897083 0
    outer loop
      vertex 208.588 43.4782 5
      vertex 208.4 43.3856 0
      vertex 208.588 43.4782 0
    endloop
  endfacet
  facet normal 0.441861 0.897083 -0
    outer loop
      vertex 208.588 32.5218 0
      vertex 208.4 32.6144 5
      vertex 208.588 32.5218 5
    endloop
  endfacet
  facet normal 0.441861 0.897083 0
    outer loop
      vertex 208.4 32.6144 5
      vertex 208.588 32.5218 0
      vertex 208.4 32.6144 0
    endloop
  endfacet
  facet normal 0.555362 0.831609 -0
    outer loop
      vertex 208.4 32.6144 0
      vertex 208.226 32.7306 5
      vertex 208.4 32.6144 5
    endloop
  endfacet
  facet normal 0.555362 0.831609 0
    outer loop
      vertex 208.226 32.7306 5
      vertex 208.4 32.6144 0
      vertex 208.226 32.7306 0
    endloop
  endfacet
  facet normal 0.751093 0.660196 0
    outer loop
      vertex 208.069 176.069 5
      vertex 207.931 176.226 0
      vertex 207.931 176.226 5
    endloop
  endfacet
  facet normal 0.751093 0.660196 0
    outer loop
      vertex 207.931 176.226 0
      vertex 208.069 176.069 5
      vertex 208.069 176.069 0
    endloop
  endfacet
  facet normal -0.997764 0.0668359 0
    outer loop
      vertex 210.786 176.991 0
      vertex 210.8 177.2 5
      vertex 210.8 177.2 0
    endloop
  endfacet
  facet normal -0.997764 0.0668359 0
    outer loop
      vertex 210.8 177.2 5
      vertex 210.786 176.991 0
      vertex 210.786 176.991 5
    endloop
  endfacet
  facet normal -0.751093 0.660196 0
    outer loop
      vertex 210.331 176.069 0
      vertex 210.469 176.226 5
      vertex 210.469 176.226 0
    endloop
  endfacet
  facet normal -0.751093 0.660196 0
    outer loop
      vertex 210.469 176.226 5
      vertex 210.331 176.069 0
      vertex 210.331 176.069 5
    endloop
  endfacet
  facet normal 0.32053 0.947238 -0
    outer loop
      vertex 208.786 175.655 0
      vertex 208.588 175.722 5
      vertex 208.786 175.655 5
    endloop
  endfacet
  facet normal 0.32053 0.947238 0
    outer loop
      vertex 208.588 175.722 5
      vertex 208.786 175.655 0
      vertex 208.588 175.722 0
    endloop
  endfacet
  facet normal 0.898217 0.439553 0
    outer loop
      vertex 207.814 176.4 5
      vertex 207.722 176.588 0
      vertex 207.722 176.588 5
    endloop
  endfacet
  facet normal 0.898217 0.439553 0
    outer loop
      vertex 207.722 176.588 0
      vertex 207.814 176.4 5
      vertex 207.814 176.4 0
    endloop
  endfacet
  facet normal 0.997764 0.0668359 0
    outer loop
      vertex 207.614 176.991 5
      vertex 207.6 177.2 0
      vertex 207.6 177.2 5
    endloop
  endfacet
  facet normal 0.997764 0.0668359 0
    outer loop
      vertex 207.6 177.2 0
      vertex 207.614 176.991 5
      vertex 207.614 176.991 0
    endloop
  endfacet
  facet normal 1 -0 0
    outer loop
      vertex 207.6 177.2 5
      vertex 207.6 185.2 0
      vertex 207.6 185.2 5
    endloop
  endfacet
  facet normal 1 0 0
    outer loop
      vertex 207.6 185.2 0
      vertex 207.6 177.2 5
      vertex 207.6 177.2 0
    endloop
  endfacet
  facet normal 0.997764 -0.0668359 0
    outer loop
      vertex 207.6 185.2 5
      vertex 207.614 185.409 0
      vertex 207.614 185.409 5
    endloop
  endfacet
  facet normal 0.997764 -0.0668359 0
    outer loop
      vertex 207.614 185.409 0
      vertex 207.6 185.2 5
      vertex 207.6 185.2 0
    endloop
  endfacet
  facet normal -1 0 0
    outer loop
      vertex 210.8 177.2 0
      vertex 210.8 185.2 5
      vertex 210.8 185.2 0
    endloop
  endfacet
  facet normal -1 -0 0
    outer loop
      vertex 210.8 185.2 5
      vertex 210.8 177.2 0
      vertex 210.8 177.2 5
    endloop
  endfacet
  facet normal -0.0668359 0.997764 0
    outer loop
      vertex 209.409 175.614 0
      vertex 209.2 175.6 5
      vertex 209.409 175.614 5
    endloop
  endfacet
  facet normal -0.0668359 0.997764 0
    outer loop
      vertex 209.2 175.6 5
      vertex 209.409 175.614 0
      vertex 209.2 175.6 0
    endloop
  endfacet
  facet normal 0.0668359 0.997764 -0
    outer loop
      vertex 209.2 175.6 0
      vertex 208.991 175.614 5
      vertex 209.2 175.6 5
    endloop
  endfacet
  facet normal 0.0668359 0.997764 0
    outer loop
      vertex 208.991 175.614 5
      vertex 209.2 175.6 0
      vertex 208.991 175.614 0
    endloop
  endfacet
  facet normal 0.829843 0.557998 0
    outer loop
      vertex 207.931 176.226 5
      vertex 207.814 176.4 0
      vertex 207.814 176.4 5
    endloop
  endfacet
  facet normal 0.829843 0.557998 0
    outer loop
      vertex 207.814 176.4 0
      vertex 207.931 176.226 5
      vertex 207.931 176.226 0
    endloop
  endfacet
  facet normal 0.947238 0.32053 0
    outer loop
      vertex 207.722 176.588 5
      vertex 207.655 176.786 0
      vertex 207.655 176.786 5
    endloop
  endfacet
  facet normal 0.947238 0.32053 0
    outer loop
      vertex 207.655 176.786 0
      vertex 207.722 176.588 5
      vertex 207.722 176.588 0
    endloop
  endfacet
  facet normal 0.980581 0.196116 0
    outer loop
      vertex 207.655 176.786 5
      vertex 207.614 176.991 0
      vertex 207.614 176.991 5
    endloop
  endfacet
  facet normal 0.980581 0.196116 0
    outer loop
      vertex 207.614 176.991 0
      vertex 207.655 176.786 5
      vertex 207.655 176.786 0
    endloop
  endfacet
  facet normal 0.660196 -0.751093 0
    outer loop
      vertex 208.069 186.331 0
      vertex 208.226 186.469 5
      vertex 208.069 186.331 5
    endloop
  endfacet
  facet normal 0.660196 -0.751093 0
    outer loop
      vertex 208.226 186.469 5
      vertex 208.069 186.331 0
      vertex 208.226 186.469 0
    endloop
  endfacet
  facet normal 0.980581 -0.196116 0
    outer loop
      vertex 207.614 185.409 5
      vertex 207.655 185.614 0
      vertex 207.655 185.614 5
    endloop
  endfacet
  facet normal 0.980581 -0.196116 0
    outer loop
      vertex 207.655 185.614 0
      vertex 207.614 185.409 5
      vertex 207.614 185.409 0
    endloop
  endfacet
  facet normal -0.660196 0.751093 0
    outer loop
      vertex 210.331 176.069 0
      vertex 210.174 175.931 5
      vertex 210.331 176.069 5
    endloop
  endfacet
  facet normal -0.660196 0.751093 0
    outer loop
      vertex 210.174 175.931 5
      vertex 210.331 176.069 0
      vertex 210.174 175.931 0
    endloop
  endfacet
  facet normal -0.557998 0.829843 0
    outer loop
      vertex 210.174 175.931 0
      vertex 210 175.814 5
      vertex 210.174 175.931 5
    endloop
  endfacet
  facet normal -0.557998 0.829843 0
    outer loop
      vertex 210 175.814 5
      vertex 210.174 175.931 0
      vertex 210 175.814 0
    endloop
  endfacet
  facet normal -0.947238 0.32053 0
    outer loop
      vertex 210.678 176.588 0
      vertex 210.745 176.786 5
      vertex 210.745 176.786 0
    endloop
  endfacet
  facet normal -0.947238 0.32053 0
    outer loop
      vertex 210.745 176.786 5
      vertex 210.678 176.588 0
      vertex 210.678 176.588 5
    endloop
  endfacet
  facet normal -0.980581 0.196116 0
    outer loop
      vertex 210.745 176.786 0
      vertex 210.786 176.991 5
      vertex 210.786 176.991 0
    endloop
  endfacet
  facet normal -0.980581 0.196116 0
    outer loop
      vertex 210.786 176.991 5
      vertex 210.745 176.786 0
      vertex 210.745 176.786 5
    endloop
  endfacet
  facet normal -0.898217 -0.439553 0
    outer loop
      vertex 210.678 185.812 0
      vertex 210.586 186 5
      vertex 210.586 186 0
    endloop
  endfacet
  facet normal -0.898217 -0.439553 0
    outer loop
      vertex 210.586 186 5
      vertex 210.678 185.812 0
      vertex 210.678 185.812 5
    endloop
  endfacet
  facet normal -0.829843 -0.557998 0
    outer loop
      vertex 210.586 186 0
      vertex 210.469 186.174 5
      vertex 210.469 186.174 0
    endloop
  endfacet
  facet normal -0.829843 -0.557998 0
    outer loop
      vertex 210.469 186.174 5
      vertex 210.586 186 0
      vertex 210.586 186 5
    endloop
  endfacet
  facet normal -0.660196 -0.751093 0
    outer loop
      vertex 210.174 186.469 0
      vertex 210.331 186.331 5
      vertex 210.174 186.469 5
    endloop
  endfacet
  facet normal -0.660196 -0.751093 -0
    outer loop
      vertex 210.331 186.331 5
      vertex 210.174 186.469 0
      vertex 210.331 186.331 0
    endloop
  endfacet
  facet normal 0.0668359 -0.997764 0
    outer loop
      vertex 208.991 186.786 0
      vertex 209.2 186.8 5
      vertex 208.991 186.786 5
    endloop
  endfacet
  facet normal 0.0668359 -0.997764 0
    outer loop
      vertex 209.2 186.8 5
      vertex 208.991 186.786 0
      vertex 209.2 186.8 0
    endloop
  endfacet
  facet normal -0.196116 -0.980581 0
    outer loop
      vertex 209.409 186.786 0
      vertex 209.614 186.745 5
      vertex 209.409 186.786 5
    endloop
  endfacet
  facet normal -0.196116 -0.980581 -0
    outer loop
      vertex 209.614 186.745 5
      vertex 209.409 186.786 0
      vertex 209.614 186.745 0
    endloop
  endfacet
  facet normal -0.557998 -0.829843 0
    outer loop
      vertex 210 186.586 0
      vertex 210.174 186.469 5
      vertex 210 186.586 5
    endloop
  endfacet
  facet normal -0.557998 -0.829843 -0
    outer loop
      vertex 210.174 186.469 5
      vertex 210 186.586 0
      vertex 210.174 186.469 0
    endloop
  endfacet
  facet normal -0.32053 -0.947238 0
    outer loop
      vertex 209.614 186.745 0
      vertex 209.812 186.678 5
      vertex 209.614 186.745 5
    endloop
  endfacet
  facet normal -0.32053 -0.947238 -0
    outer loop
      vertex 209.812 186.678 5
      vertex 209.614 186.745 0
      vertex 209.812 186.678 0
    endloop
  endfacet
  facet normal 0.196116 0.980581 -0
    outer loop
      vertex 208.991 175.614 0
      vertex 208.786 175.655 5
      vertex 208.991 175.614 5
    endloop
  endfacet
  facet normal 0.196116 0.980581 0
    outer loop
      vertex 208.786 175.655 5
      vertex 208.991 175.614 0
      vertex 208.786 175.655 0
    endloop
  endfacet
  facet normal 0.439553 0.898217 -0
    outer loop
      vertex 208.588 175.722 0
      vertex 208.4 175.814 5
      vertex 208.588 175.722 5
    endloop
  endfacet
  facet normal 0.439553 0.898217 0
    outer loop
      vertex 208.4 175.814 5
      vertex 208.588 175.722 0
      vertex 208.4 175.814 0
    endloop
  endfacet
  facet normal 0.32053 -0.947238 0
    outer loop
      vertex 208.588 186.678 0
      vertex 208.786 186.745 5
      vertex 208.588 186.678 5
    endloop
  endfacet
  facet normal 0.32053 -0.947238 0
    outer loop
      vertex 208.786 186.745 5
      vertex 208.588 186.678 0
      vertex 208.786 186.745 0
    endloop
  endfacet
  facet normal 0.196116 -0.980581 0
    outer loop
      vertex 208.786 186.745 0
      vertex 208.991 186.786 5
      vertex 208.786 186.745 5
    endloop
  endfacet
  facet normal 0.196116 -0.980581 0
    outer loop
      vertex 208.991 186.786 5
      vertex 208.786 186.745 0
      vertex 208.991 186.786 0
    endloop
  endfacet
  facet normal 0.829843 -0.557998 0
    outer loop
      vertex 207.814 186 5
      vertex 207.931 186.174 0
      vertex 207.931 186.174 5
    endloop
  endfacet
  facet normal 0.829843 -0.557998 0
    outer loop
      vertex 207.931 186.174 0
      vertex 207.814 186 5
      vertex 207.814 186 0
    endloop
  endfacet
  facet normal 0.751093 -0.660196 0
    outer loop
      vertex 207.931 186.174 5
      vertex 208.069 186.331 0
      vertex 208.069 186.331 5
    endloop
  endfacet
  facet normal 0.751093 -0.660196 0
    outer loop
      vertex 208.069 186.331 0
      vertex 207.931 186.174 5
      vertex 207.931 186.174 0
    endloop
  endfacet
  facet normal -0.439553 0.898217 0
    outer loop
      vertex 210 175.814 0
      vertex 209.812 175.722 5
      vertex 210 175.814 5
    endloop
  endfacet
  facet normal -0.439553 0.898217 0
    outer loop
      vertex 209.812 175.722 5
      vertex 210 175.814 0
      vertex 209.812 175.722 0
    endloop
  endfacet
  facet normal -0.32053 0.947238 0
    outer loop
      vertex 209.812 175.722 0
      vertex 209.614 175.655 5
      vertex 209.812 175.722 5
    endloop
  endfacet
  facet normal -0.32053 0.947238 0
    outer loop
      vertex 209.614 175.655 5
      vertex 209.812 175.722 0
      vertex 209.614 175.655 0
    endloop
  endfacet
  facet normal -0.196116 0.980581 0
    outer loop
      vertex 209.614 175.655 0
      vertex 209.409 175.614 5
      vertex 209.614 175.655 5
    endloop
  endfacet
  facet normal -0.196116 0.980581 0
    outer loop
      vertex 209.409 175.614 5
      vertex 209.614 175.655 0
      vertex 209.409 175.614 0
    endloop
  endfacet
  facet normal -0.898217 0.439553 0
    outer loop
      vertex 210.586 176.4 0
      vertex 210.678 176.588 5
      vertex 210.678 176.588 0
    endloop
  endfacet
  facet normal -0.898217 0.439553 0
    outer loop
      vertex 210.678 176.588 5
      vertex 210.586 176.4 0
      vertex 210.586 176.4 5
    endloop
  endfacet
  facet normal -0.829843 0.557998 0
    outer loop
      vertex 210.469 176.226 0
      vertex 210.586 176.4 5
      vertex 210.586 176.4 0
    endloop
  endfacet
  facet normal -0.829843 0.557998 0
    outer loop
      vertex 210.586 176.4 5
      vertex 210.469 176.226 0
      vertex 210.469 176.226 5
    endloop
  endfacet
  facet normal -0.980581 -0.196116 0
    outer loop
      vertex 210.786 185.409 0
      vertex 210.745 185.614 5
      vertex 210.745 185.614 0
    endloop
  endfacet
  facet normal -0.980581 -0.196116 0
    outer loop
      vertex 210.745 185.614 5
      vertex 210.786 185.409 0
      vertex 210.786 185.409 5
    endloop
  endfacet
  facet normal -0.997764 -0.0668359 0
    outer loop
      vertex 210.8 185.2 0
      vertex 210.786 185.409 5
      vertex 210.786 185.409 0
    endloop
  endfacet
  facet normal -0.997764 -0.0668359 0
    outer loop
      vertex 210.786 185.409 5
      vertex 210.8 185.2 0
      vertex 210.8 185.2 5
    endloop
  endfacet
  facet normal -0.947238 -0.32053 0
    outer loop
      vertex 210.745 185.614 0
      vertex 210.678 185.812 5
      vertex 210.678 185.812 0
    endloop
  endfacet
  facet normal -0.947238 -0.32053 0
    outer loop
      vertex 210.678 185.812 5
      vertex 210.745 185.614 0
      vertex 210.745 185.614 5
    endloop
  endfacet
  facet normal -0.751093 -0.660196 0
    outer loop
      vertex 210.469 186.174 0
      vertex 210.331 186.331 5
      vertex 210.331 186.331 0
    endloop
  endfacet
  facet normal -0.751093 -0.660196 0
    outer loop
      vertex 210.331 186.331 5
      vertex 210.469 186.174 0
      vertex 210.469 186.174 5
    endloop
  endfacet
  facet normal -0.0668359 -0.997764 0
    outer loop
      vertex 209.2 186.8 0
      vertex 209.409 186.786 5
      vertex 209.2 186.8 5
    endloop
  endfacet
  facet normal -0.0668359 -0.997764 -0
    outer loop
      vertex 209.409 186.786 5
      vertex 209.2 186.8 0
      vertex 209.409 186.786 0
    endloop
  endfacet
  facet normal -0.439553 -0.898217 0
    outer loop
      vertex 209.812 186.678 0
      vertex 210 186.586 5
      vertex 209.812 186.678 5
    endloop
  endfacet
  facet normal -0.439553 -0.898217 -0
    outer loop
      vertex 210 186.586 5
      vertex 209.812 186.678 0
      vertex 210 186.586 0
    endloop
  endfacet
  facet normal 0.557998 0.829843 -0
    outer loop
      vertex 208.4 175.814 0
      vertex 208.226 175.931 5
      vertex 208.4 175.814 5
    endloop
  endfacet
  facet normal 0.557998 0.829843 0
    outer loop
      vertex 208.226 175.931 5
      vertex 208.4 175.814 0
      vertex 208.226 175.931 0
    endloop
  endfacet
  facet normal 0.660196 0.751093 -0
    outer loop
      vertex 208.226 175.931 0
      vertex 208.069 176.069 5
      vertex 208.226 175.931 5
    endloop
  endfacet
  facet normal 0.660196 0.751093 0
    outer loop
      vertex 208.069 176.069 5
      vertex 208.226 175.931 0
      vertex 208.069 176.069 0
    endloop
  endfacet
  facet normal 0.557998 -0.829843 0
    outer loop
      vertex 208.226 186.469 0
      vertex 208.4 186.586 5
      vertex 208.226 186.469 5
    endloop
  endfacet
  facet normal 0.557998 -0.829843 0
    outer loop
      vertex 208.4 186.586 5
      vertex 208.226 186.469 0
      vertex 208.4 186.586 0
    endloop
  endfacet
  facet normal 0.439553 -0.898217 0
    outer loop
      vertex 208.4 186.586 0
      vertex 208.588 186.678 5
      vertex 208.4 186.586 5
    endloop
  endfacet
  facet normal 0.439553 -0.898217 0
    outer loop
      vertex 208.588 186.678 5
      vertex 208.4 186.586 0
      vertex 208.588 186.678 0
    endloop
  endfacet
  facet normal 0.947238 -0.32053 0
    outer loop
      vertex 207.655 185.614 5
      vertex 207.722 185.812 0
      vertex 207.722 185.812 5
    endloop
  endfacet
  facet normal 0.947238 -0.32053 0
    outer loop
      vertex 207.722 185.812 0
      vertex 207.655 185.614 5
      vertex 207.655 185.614 0
    endloop
  endfacet
  facet normal 0.898217 -0.439553 0
    outer loop
      vertex 207.722 185.812 5
      vertex 207.814 186 0
      vertex 207.814 186 5
    endloop
  endfacet
  facet normal 0.898217 -0.439553 0
    outer loop
      vertex 207.814 186 0
      vertex 207.722 185.812 5
      vertex 207.722 185.812 0
    endloop
  endfacet
  facet normal 0.0654099 0.997858 -0
    outer loop
      vertex 209.2 58 0
      vertex 208.991 58.0137 5
      vertex 209.2 58 5
    endloop
  endfacet
  facet normal 0.0654099 0.997858 0
    outer loop
      vertex 208.991 58.0137 5
      vertex 209.2 58 0
      vertex 208.991 58.0137 0
    endloop
  endfacet
  facet normal 0.99776 0.0668996 0
    outer loop
      vertex 207.614 59.3912 5
      vertex 207.6 59.6 0
      vertex 207.6 59.6 5
    endloop
  endfacet
  facet normal 0.99776 0.0668996 0
    outer loop
      vertex 207.6 59.6 0
      vertex 207.614 59.3912 5
      vertex 207.614 59.3912 0
    endloop
  endfacet
  facet normal 0.660196 0.751093 -0
    outer loop
      vertex 208.226 58.3306 0
      vertex 208.069 58.4686 5
      vertex 208.226 58.3306 5
    endloop
  endfacet
  facet normal 0.660196 0.751093 0
    outer loop
      vertex 208.069 58.4686 5
      vertex 208.226 58.3306 0
      vertex 208.069 58.4686 0
    endloop
  endfacet
  facet normal 1 -0 0
    outer loop
      vertex 207.6 59.6 5
      vertex 207.6 69.6 0
      vertex 207.6 69.6 5
    endloop
  endfacet
  facet normal 1 0 0
    outer loop
      vertex 207.6 69.6 0
      vertex 207.6 59.6 5
      vertex 207.6 59.6 0
    endloop
  endfacet
  facet normal -0.99776 0.0668996 0
    outer loop
      vertex 210.786 59.3912 0
      vertex 210.8 59.6 5
      vertex 210.8 59.6 0
    endloop
  endfacet
  facet normal -0.99776 0.0668996 0
    outer loop
      vertex 210.8 59.6 5
      vertex 210.786 59.3912 0
      vertex 210.786 59.3912 5
    endloop
  endfacet
  facet normal -1 0 0
    outer loop
      vertex 210.8 59.6 0
      vertex 210.8 69.6 5
      vertex 210.8 69.6 0
    endloop
  endfacet
  facet normal -1 -0 0
    outer loop
      vertex 210.8 69.6 5
      vertex 210.8 59.6 0
      vertex 210.8 59.6 5
    endloop
  endfacet
  facet normal -0.0654099 0.997858 0
    outer loop
      vertex 209.409 58.0137 0
      vertex 209.2 58 5
      vertex 209.409 58.0137 5
    endloop
  endfacet
  facet normal -0.0654099 0.997858 0
    outer loop
      vertex 209.2 58 5
      vertex 209.409 58.0137 0
      vertex 209.2 58 0
    endloop
  endfacet
  facet normal 0.897939 0.440119 0
    outer loop
      vertex 207.814 58.8 5
      vertex 207.722 58.9877 0
      vertex 207.722 58.9877 5
    endloop
  endfacet
  facet normal 0.897939 0.440119 0
    outer loop
      vertex 207.722 58.9877 0
      vertex 207.814 58.8 5
      vertex 207.814 58.8 0
    endloop
  endfacet
  facet normal 0.829843 0.557998 0
    outer loop
      vertex 207.931 58.626 5
      vertex 207.814 58.8 0
      vertex 207.814 58.8 5
    endloop
  endfacet
  facet normal 0.829843 0.557998 0
    outer loop
      vertex 207.814 58.8 0
      vertex 207.931 58.626 5
      vertex 207.931 58.626 0
    endloop
  endfacet
  facet normal 0.980636 -0.195841 0
    outer loop
      vertex 207.614 69.8088 5
      vertex 207.655 70.0141 0
      vertex 207.655 70.0141 5
    endloop
  endfacet
  facet normal 0.980636 -0.195841 0
    outer loop
      vertex 207.655 70.0141 0
      vertex 207.614 69.8088 5
      vertex 207.614 69.8088 0
    endloop
  endfacet
  facet normal 0.99776 -0.0668996 0
    outer loop
      vertex 207.6 69.6 5
      vertex 207.614 69.8088 0
      vertex 207.614 69.8088 5
    endloop
  endfacet
  facet normal 0.99776 -0.0668996 0
    outer loop
      vertex 207.614 69.8088 0
      vertex 207.6 69.6 5
      vertex 207.6 69.6 0
    endloop
  endfacet
  facet normal -0.751925 0.659248 0
    outer loop
      vertex 210.331 58.4686 0
      vertex 210.469 58.626 5
      vertex 210.469 58.626 0
    endloop
  endfacet
  facet normal -0.751925 0.659248 0
    outer loop
      vertex 210.469 58.626 5
      vertex 210.331 58.4686 0
      vertex 210.331 58.4686 5
    endloop
  endfacet
  facet normal -0.980636 0.195841 0
    outer loop
      vertex 210.745 59.1859 0
      vertex 210.786 59.3912 5
      vertex 210.786 59.3912 0
    endloop
  endfacet
  facet normal -0.980636 0.195841 0
    outer loop
      vertex 210.786 59.3912 5
      vertex 210.745 59.1859 0
      vertex 210.745 59.1859 5
    endloop
  endfacet
  facet normal -0.660196 -0.751093 0
    outer loop
      vertex 210.174 70.8694 0
      vertex 210.331 70.7314 5
      vertex 210.174 70.8694 5
    endloop
  endfacet
  facet normal -0.660196 -0.751093 -0
    outer loop
      vertex 210.331 70.7314 5
      vertex 210.174 70.8694 0
      vertex 210.331 70.7314 0
    endloop
  endfacet
  facet normal 0.195196 0.980764 -0
    outer loop
      vertex 208.991 58.0137 0
      vertex 208.786 58.0545 5
      vertex 208.991 58.0137 5
    endloop
  endfacet
  facet normal 0.195196 0.980764 0
    outer loop
      vertex 208.786 58.0545 5
      vertex 208.991 58.0137 0
      vertex 208.786 58.0545 0
    endloop
  endfacet
  facet normal 0.321817 0.946802 -0
    outer loop
      vertex 208.786 58.0545 0
      vertex 208.588 58.1218 5
      vertex 208.786 58.0545 5
    endloop
  endfacet
  facet normal 0.321817 0.946802 0
    outer loop
      vertex 208.588 58.1218 5
      vertex 208.786 58.0545 0
      vertex 208.588 58.1218 0
    endloop
  endfacet
  facet normal 0.947336 0.32024 0
    outer loop
      vertex 207.722 58.9877 5
      vertex 207.655 59.1859 0
      vertex 207.655 59.1859 5
    endloop
  endfacet
  facet normal 0.947336 0.32024 0
    outer loop
      vertex 207.655 59.1859 0
      vertex 207.722 58.9877 5
      vertex 207.722 58.9877 0
    endloop
  endfacet
  facet normal 0.980636 0.195841 0
    outer loop
      vertex 207.655 59.1859 5
      vertex 207.614 59.3912 0
      vertex 207.614 59.3912 5
    endloop
  endfacet
  facet normal 0.980636 0.195841 0
    outer loop
      vertex 207.614 59.3912 0
      vertex 207.655 59.1859 5
      vertex 207.655 59.1859 0
    endloop
  endfacet
  facet normal 0.751925 0.659248 0
    outer loop
      vertex 208.069 58.4686 5
      vertex 207.931 58.626 0
      vertex 207.931 58.626 5
    endloop
  endfacet
  facet normal 0.751925 0.659248 0
    outer loop
      vertex 207.931 58.626 0
      vertex 208.069 58.4686 5
      vertex 208.069 58.4686 0
    endloop
  endfacet
  facet normal 0.660196 -0.751093 0
    outer loop
      vertex 208.069 70.7314 0
      vertex 208.226 70.8694 5
      vertex 208.069 70.7314 5
    endloop
  endfacet
  facet normal 0.660196 -0.751093 0
    outer loop
      vertex 208.226 70.8694 5
      vertex 208.069 70.7314 0
      vertex 208.226 70.8694 0
    endloop
  endfacet
  facet normal -0.441861 0.897083 0
    outer loop
      vertex 210 58.2144 0
      vertex 209.812 58.1218 5
      vertex 210 58.2144 5
    endloop
  endfacet
  facet normal -0.441861 0.897083 0
    outer loop
      vertex 209.812 58.1218 5
      vertex 210 58.2144 0
      vertex 209.812 58.1218 0
    endloop
  endfacet
  facet normal -0.897939 0.440119 0
    outer loop
      vertex 210.586 58.8 0
      vertex 210.678 58.9877 5
      vertex 210.678 58.9877 0
    endloop
  endfacet
  facet normal -0.897939 0.440119 0
    outer loop
      vertex 210.678 58.9877 5
      vertex 210.586 58.8 0
      vertex 210.586 58.8 5
    endloop
  endfacet
  facet normal -0.660196 0.751093 0
    outer loop
      vertex 210.331 58.4686 0
      vertex 210.174 58.3306 5
      vertex 210.331 58.4686 5
    endloop
  endfacet
  facet normal -0.660196 0.751093 0
    outer loop
      vertex 210.174 58.3306 5
      vertex 210.331 58.4686 0
      vertex 210.174 58.3306 0
    endloop
  endfacet
  facet normal -0.829843 -0.557998 0
    outer loop
      vertex 210.586 70.4 0
      vertex 210.469 70.574 5
      vertex 210.469 70.574 0
    endloop
  endfacet
  facet normal -0.829843 -0.557998 0
    outer loop
      vertex 210.469 70.574 5
      vertex 210.586 70.4 0
      vertex 210.586 70.4 5
    endloop
  endfacet
  facet normal -0.897939 -0.440119 0
    outer loop
      vertex 210.678 70.2123 0
      vertex 210.586 70.4 5
      vertex 210.586 70.4 0
    endloop
  endfacet
  facet normal -0.897939 -0.440119 0
    outer loop
      vertex 210.586 70.4 5
      vertex 210.678 70.2123 0
      vertex 210.678 70.2123 5
    endloop
  endfacet
  facet normal -0.321817 -0.946802 0
    outer loop
      vertex 209.614 71.1455 0
      vertex 209.812 71.0782 5
      vertex 209.614 71.1455 5
    endloop
  endfacet
  facet normal -0.321817 -0.946802 -0
    outer loop
      vertex 209.812 71.0782 5
      vertex 209.614 71.1455 0
      vertex 209.812 71.0782 0
    endloop
  endfacet
  facet normal -0.555362 -0.831609 0
    outer loop
      vertex 210 70.9856 0
      vertex 210.174 70.8694 5
      vertex 210 70.9856 5
    endloop
  endfacet
  facet normal -0.555362 -0.831609 -0
    outer loop
      vertex 210.174 70.8694 5
      vertex 210 70.9856 0
      vertex 210.174 70.8694 0
    endloop
  endfacet
  facet normal -0.195196 -0.980764 0
    outer loop
      vertex 209.409 71.1863 0
      vertex 209.614 71.1455 5
      vertex 209.409 71.1863 5
    endloop
  endfacet
  facet normal -0.195196 -0.980764 -0
    outer loop
      vertex 209.614 71.1455 5
      vertex 209.409 71.1863 0
      vertex 209.614 71.1455 0
    endloop
  endfacet
  facet normal 0.0654099 -0.997858 0
    outer loop
      vertex 208.991 71.1863 0
      vertex 209.2 71.2 5
      vertex 208.991 71.1863 5
    endloop
  endfacet
  facet normal 0.0654099 -0.997858 0
    outer loop
      vertex 209.2 71.2 5
      vertex 208.991 71.1863 0
      vertex 209.2 71.2 0
    endloop
  endfacet
  facet normal 0.441861 -0.897083 0
    outer loop
      vertex 208.4 70.9856 0
      vertex 208.588 71.0782 5
      vertex 208.4 70.9856 5
    endloop
  endfacet
  facet normal 0.441861 -0.897083 0
    outer loop
      vertex 208.588 71.0782 5
      vertex 208.4 70.9856 0
      vertex 208.588 71.0782 0
    endloop
  endfacet
  facet normal 0.897939 -0.440119 0
    outer loop
      vertex 207.722 70.2123 5
      vertex 207.814 70.4 0
      vertex 207.814 70.4 5
    endloop
  endfacet
  facet normal 0.897939 -0.440119 0
    outer loop
      vertex 207.814 70.4 0
      vertex 207.722 70.2123 5
      vertex 207.722 70.2123 0
    endloop
  endfacet
  facet normal 0.829843 -0.557998 0
    outer loop
      vertex 207.814 70.4 5
      vertex 207.931 70.574 0
      vertex 207.931 70.574 5
    endloop
  endfacet
  facet normal 0.829843 -0.557998 0
    outer loop
      vertex 207.931 70.574 0
      vertex 207.814 70.4 5
      vertex 207.814 70.4 0
    endloop
  endfacet
  facet normal 0.751925 -0.659248 0
    outer loop
      vertex 207.931 70.574 5
      vertex 208.069 70.7314 0
      vertex 208.069 70.7314 5
    endloop
  endfacet
  facet normal 0.751925 -0.659248 0
    outer loop
      vertex 208.069 70.7314 0
      vertex 207.931 70.574 5
      vertex 207.931 70.574 0
    endloop
  endfacet
  facet normal 0.555362 -0.831609 0
    outer loop
      vertex 208.226 70.8694 0
      vertex 208.4 70.9856 5
      vertex 208.226 70.8694 5
    endloop
  endfacet
  facet normal 0.555362 -0.831609 0
    outer loop
      vertex 208.4 70.9856 5
      vertex 208.226 70.8694 0
      vertex 208.4 70.9856 0
    endloop
  endfacet
  facet normal -0.947336 0.32024 0
    outer loop
      vertex 210.678 58.9877 0
      vertex 210.745 59.1859 5
      vertex 210.745 59.1859 0
    endloop
  endfacet
  facet normal -0.947336 0.32024 0
    outer loop
      vertex 210.745 59.1859 5
      vertex 210.678 58.9877 0
      vertex 210.678 58.9877 5
    endloop
  endfacet
  facet normal -0.829843 0.557998 0
    outer loop
      vertex 210.469 58.626 0
      vertex 210.586 58.8 5
      vertex 210.586 58.8 0
    endloop
  endfacet
  facet normal -0.829843 0.557998 0
    outer loop
      vertex 210.586 58.8 5
      vertex 210.469 58.626 0
      vertex 210.469 58.626 5
    endloop
  endfacet
  facet normal -0.321817 0.946802 0
    outer loop
      vertex 209.812 58.1218 0
      vertex 209.614 58.0545 5
      vertex 209.812 58.1218 5
    endloop
  endfacet
  facet normal -0.321817 0.946802 0
    outer loop
      vertex 209.614 58.0545 5
      vertex 209.812 58.1218 0
      vertex 209.614 58.0545 0
    endloop
  endfacet
  facet normal -0.195196 0.980764 0
    outer loop
      vertex 209.614 58.0545 0
      vertex 209.409 58.0137 5
      vertex 209.614 58.0545 5
    endloop
  endfacet
  facet normal -0.195196 0.980764 0
    outer loop
      vertex 209.409 58.0137 5
      vertex 209.614 58.0545 0
      vertex 209.409 58.0137 0
    endloop
  endfacet
  facet normal -0.751925 -0.659248 0
    outer loop
      vertex 210.469 70.574 0
      vertex 210.331 70.7314 5
      vertex 210.331 70.7314 0
    endloop
  endfacet
  facet normal -0.751925 -0.659248 0
    outer loop
      vertex 210.331 70.7314 5
      vertex 210.469 70.574 0
      vertex 210.469 70.574 5
    endloop
  endfacet
  facet normal -0.947336 -0.32024 0
    outer loop
      vertex 210.745 70.0141 0
      vertex 210.678 70.2123 5
      vertex 210.678 70.2123 0
    endloop
  endfacet
  facet normal -0.947336 -0.32024 0
    outer loop
      vertex 210.678 70.2123 5
      vertex 210.745 70.0141 0
      vertex 210.745 70.0141 5
    endloop
  endfacet
  facet normal -0.980636 -0.195841 0
    outer loop
      vertex 210.786 69.8088 0
      vertex 210.745 70.0141 5
      vertex 210.745 70.0141 0
    endloop
  endfacet
  facet normal -0.980636 -0.195841 0
    outer loop
      vertex 210.745 70.0141 5
      vertex 210.786 69.8088 0
      vertex 210.786 69.8088 5
    endloop
  endfacet
  facet normal -0.99776 -0.0668996 0
    outer loop
      vertex 210.8 69.6 0
      vertex 210.786 69.8088 5
      vertex 210.786 69.8088 0
    endloop
  endfacet
  facet normal -0.99776 -0.0668996 0
    outer loop
      vertex 210.786 69.8088 5
      vertex 210.8 69.6 0
      vertex 210.8 69.6 5
    endloop
  endfacet
  facet normal -0.441861 -0.897083 0
    outer loop
      vertex 209.812 71.0782 0
      vertex 210 70.9856 5
      vertex 209.812 71.0782 5
    endloop
  endfacet
  facet normal -0.441861 -0.897083 -0
    outer loop
      vertex 210 70.9856 5
      vertex 209.812 71.0782 0
      vertex 210 70.9856 0
    endloop
  endfacet
  facet normal -0.0654099 -0.997858 0
    outer loop
      vertex 209.2 71.2 0
      vertex 209.409 71.1863 5
      vertex 209.2 71.2 5
    endloop
  endfacet
  facet normal -0.0654099 -0.997858 -0
    outer loop
      vertex 209.409 71.1863 5
      vertex 209.2 71.2 0
      vertex 209.409 71.1863 0
    endloop
  endfacet
  facet normal 0.555362 0.831609 -0
    outer loop
      vertex 208.4 58.2144 0
      vertex 208.226 58.3306 5
      vertex 208.4 58.2144 5
    endloop
  endfacet
  facet normal 0.555362 0.831609 0
    outer loop
      vertex 208.226 58.3306 5
      vertex 208.4 58.2144 0
      vertex 208.226 58.3306 0
    endloop
  endfacet
  facet normal 0.947336 -0.32024 0
    outer loop
      vertex 207.655 70.0141 5
      vertex 207.722 70.2123 0
      vertex 207.722 70.2123 5
    endloop
  endfacet
  facet normal 0.947336 -0.32024 0
    outer loop
      vertex 207.722 70.2123 0
      vertex 207.655 70.0141 5
      vertex 207.655 70.0141 0
    endloop
  endfacet
  facet normal 0.321817 -0.946802 0
    outer loop
      vertex 208.588 71.0782 0
      vertex 208.786 71.1455 5
      vertex 208.588 71.0782 5
    endloop
  endfacet
  facet normal 0.321817 -0.946802 0
    outer loop
      vertex 208.786 71.1455 5
      vertex 208.588 71.0782 0
      vertex 208.786 71.1455 0
    endloop
  endfacet
  facet normal 0.195196 -0.980764 0
    outer loop
      vertex 208.786 71.1455 0
      vertex 208.991 71.1863 5
      vertex 208.786 71.1455 5
    endloop
  endfacet
  facet normal 0.195196 -0.980764 0
    outer loop
      vertex 208.991 71.1863 5
      vertex 208.786 71.1455 0
      vertex 208.991 71.1863 0
    endloop
  endfacet
  facet normal -0.555362 0.831609 0
    outer loop
      vertex 210.174 58.3306 0
      vertex 210 58.2144 5
      vertex 210.174 58.3306 5
    endloop
  endfacet
  facet normal -0.555362 0.831609 0
    outer loop
      vertex 210 58.2144 5
      vertex 210.174 58.3306 0
      vertex 210 58.2144 0
    endloop
  endfacet
  facet normal 0.441861 0.897083 -0
    outer loop
      vertex 208.588 58.1218 0
      vertex 208.4 58.2144 5
      vertex 208.588 58.1218 5
    endloop
  endfacet
  facet normal 0.441861 0.897083 0
    outer loop
      vertex 208.4 58.2144 5
      vertex 208.588 58.1218 0
      vertex 208.4 58.2144 0
    endloop
  endfacet
  facet normal 0.0668359 0.997764 -0
    outer loop
      vertex 209.2 103 0
      vertex 208.991 103.014 5
      vertex 209.2 103 5
    endloop
  endfacet
  facet normal 0.0668359 0.997764 0
    outer loop
      vertex 208.991 103.014 5
      vertex 209.2 103 0
      vertex 208.991 103.014 0
    endloop
  endfacet
  facet normal -0.196116 0.980581 0
    outer loop
      vertex 209.614 103.055 0
      vertex 209.409 103.014 5
      vertex 209.614 103.055 5
    endloop
  endfacet
  facet normal -0.196116 0.980581 0
    outer loop
      vertex 209.409 103.014 5
      vertex 209.614 103.055 0
      vertex 209.409 103.014 0
    endloop
  endfacet
  facet normal 0.997764 0.0668359 0
    outer loop
      vertex 207.614 104.391 5
      vertex 207.6 104.6 0
      vertex 207.6 104.6 5
    endloop
  endfacet
  facet normal 0.997764 0.0668359 0
    outer loop
      vertex 207.6 104.6 0
      vertex 207.614 104.391 5
      vertex 207.614 104.391 0
    endloop
  endfacet
  facet normal 0.660196 0.751093 -0
    outer loop
      vertex 208.226 103.331 0
      vertex 208.069 103.469 5
      vertex 208.226 103.331 5
    endloop
  endfacet
  facet normal 0.660196 0.751093 0
    outer loop
      vertex 208.069 103.469 5
      vertex 208.226 103.331 0
      vertex 208.069 103.469 0
    endloop
  endfacet
  facet normal 1 -0 0
    outer loop
      vertex 207.6 104.6 5
      vertex 207.6 114.6 0
      vertex 207.6 114.6 5
    endloop
  endfacet
  facet normal 1 0 0
    outer loop
      vertex 207.6 114.6 0
      vertex 207.6 104.6 5
      vertex 207.6 104.6 0
    endloop
  endfacet
  facet normal -0.997764 0.0668359 0
    outer loop
      vertex 210.786 104.391 0
      vertex 210.8 104.6 5
      vertex 210.8 104.6 0
    endloop
  endfacet
  facet normal -0.997764 0.0668359 0
    outer loop
      vertex 210.8 104.6 5
      vertex 210.786 104.391 0
      vertex 210.786 104.391 5
    endloop
  endfacet
  facet normal -1 0 0
    outer loop
      vertex 210.8 104.6 0
      vertex 210.8 114.6 5
      vertex 210.8 114.6 0
    endloop
  endfacet
  facet normal -1 -0 0
    outer loop
      vertex 210.8 114.6 5
      vertex 210.8 104.6 0
      vertex 210.8 104.6 5
    endloop
  endfacet
  facet normal -0.0668359 0.997764 0
    outer loop
      vertex 209.409 103.014 0
      vertex 209.2 103 5
      vertex 209.409 103.014 5
    endloop
  endfacet
  facet normal -0.0668359 0.997764 0
    outer loop
      vertex 209.2 103 5
      vertex 209.409 103.014 0
      vertex 209.2 103 0
    endloop
  endfacet
  facet normal 0.898217 0.439553 0
    outer loop
      vertex 207.814 103.8 5
      vertex 207.722 103.988 0
      vertex 207.722 103.988 5
    endloop
  endfacet
  facet normal 0.898217 0.439553 0
    outer loop
      vertex 207.722 103.988 0
      vertex 207.814 103.8 5
      vertex 207.814 103.8 0
    endloop
  endfacet
  facet normal 0.829843 0.557998 0
    outer loop
      vertex 207.931 103.626 5
      vertex 207.814 103.8 0
      vertex 207.814 103.8 5
    endloop
  endfacet
  facet normal 0.829843 0.557998 0
    outer loop
      vertex 207.814 103.8 0
      vertex 207.931 103.626 5
      vertex 207.931 103.626 0
    endloop
  endfacet
  facet normal 0.980581 -0.196116 0
    outer loop
      vertex 207.614 114.809 5
      vertex 207.655 115.014 0
      vertex 207.655 115.014 5
    endloop
  endfacet
  facet normal 0.980581 -0.196116 0
    outer loop
      vertex 207.655 115.014 0
      vertex 207.614 114.809 5
      vertex 207.614 114.809 0
    endloop
  endfacet
  facet normal 0.997764 -0.0668359 0
    outer loop
      vertex 207.6 114.6 5
      vertex 207.614 114.809 0
      vertex 207.614 114.809 5
    endloop
  endfacet
  facet normal 0.997764 -0.0668359 0
    outer loop
      vertex 207.614 114.809 0
      vertex 207.6 114.6 5
      vertex 207.6 114.6 0
    endloop
  endfacet
  facet normal -0.751093 0.660196 0
    outer loop
      vertex 210.331 103.469 0
      vertex 210.469 103.626 5
      vertex 210.469 103.626 0
    endloop
  endfacet
  facet normal -0.751093 0.660196 0
    outer loop
      vertex 210.469 103.626 5
      vertex 210.331 103.469 0
      vertex 210.331 103.469 5
    endloop
  endfacet
  facet normal -0.980581 0.196116 0
    outer loop
      vertex 210.745 104.186 0
      vertex 210.786 104.391 5
      vertex 210.786 104.391 0
    endloop
  endfacet
  facet normal -0.980581 0.196116 0
    outer loop
      vertex 210.786 104.391 5
      vertex 210.745 104.186 0
      vertex 210.745 104.186 5
    endloop
  endfacet
  facet normal -0.660196 -0.751093 0
    outer loop
      vertex 210.174 115.869 0
      vertex 210.331 115.731 5
      vertex 210.174 115.869 5
    endloop
  endfacet
  facet normal -0.660196 -0.751093 -0
    outer loop
      vertex 210.331 115.731 5
      vertex 210.174 115.869 0
      vertex 210.331 115.731 0
    endloop
  endfacet
  facet normal 0.196116 0.980581 -0
    outer loop
      vertex 208.991 103.014 0
      vertex 208.786 103.055 5
      vertex 208.991 103.014 5
    endloop
  endfacet
  facet normal 0.196116 0.980581 0
    outer loop
      vertex 208.786 103.055 5
      vertex 208.991 103.014 0
      vertex 208.786 103.055 0
    endloop
  endfacet
  facet normal 0.32053 0.947238 -0
    outer loop
      vertex 208.786 103.055 0
      vertex 208.588 103.122 5
      vertex 208.786 103.055 5
    endloop
  endfacet
  facet normal 0.32053 0.947238 0
    outer loop
      vertex 208.588 103.122 5
      vertex 208.786 103.055 0
      vertex 208.588 103.122 0
    endloop
  endfacet
  facet normal 0.947238 0.32053 0
    outer loop
      vertex 207.722 103.988 5
      vertex 207.655 104.186 0
      vertex 207.655 104.186 5
    endloop
  endfacet
  facet normal 0.947238 0.32053 0
    outer loop
      vertex 207.655 104.186 0
      vertex 207.722 103.988 5
      vertex 207.722 103.988 0
    endloop
  endfacet
  facet normal 0.980581 0.196116 0
    outer loop
      vertex 207.655 104.186 5
      vertex 207.614 104.391 0
      vertex 207.614 104.391 5
    endloop
  endfacet
  facet normal 0.980581 0.196116 0
    outer loop
      vertex 207.614 104.391 0
      vertex 207.655 104.186 5
      vertex 207.655 104.186 0
    endloop
  endfacet
  facet normal 0.751093 0.660196 0
    outer loop
      vertex 208.069 103.469 5
      vertex 207.931 103.626 0
      vertex 207.931 103.626 5
    endloop
  endfacet
  facet normal 0.751093 0.660196 0
    outer loop
      vertex 207.931 103.626 0
      vertex 208.069 103.469 5
      vertex 208.069 103.469 0
    endloop
  endfacet
  facet normal 0.660196 -0.751093 0
    outer loop
      vertex 208.069 115.731 0
      vertex 208.226 115.869 5
      vertex 208.069 115.731 5
    endloop
  endfacet
  facet normal 0.660196 -0.751093 0
    outer loop
      vertex 208.226 115.869 5
      vertex 208.069 115.731 0
      vertex 208.226 115.869 0
    endloop
  endfacet
  facet normal -0.898217 0.439553 0
    outer loop
      vertex 210.586 103.8 0
      vertex 210.678 103.988 5
      vertex 210.678 103.988 0
    endloop
  endfacet
  facet normal -0.898217 0.439553 0
    outer loop
      vertex 210.678 103.988 5
      vertex 210.586 103.8 0
      vertex 210.586 103.8 5
    endloop
  endfacet
  facet normal -0.660196 0.751093 0
    outer loop
      vertex 210.331 103.469 0
      vertex 210.174 103.331 5
      vertex 210.331 103.469 5
    endloop
  endfacet
  facet normal -0.660196 0.751093 0
    outer loop
      vertex 210.174 103.331 5
      vertex 210.331 103.469 0
      vertex 210.174 103.331 0
    endloop
  endfacet
  facet normal -0.829843 -0.557998 0
    outer loop
      vertex 210.586 115.4 0
      vertex 210.469 115.574 5
      vertex 210.469 115.574 0
    endloop
  endfacet
  facet normal -0.829843 -0.557998 0
    outer loop
      vertex 210.469 115.574 5
      vertex 210.586 115.4 0
      vertex 210.586 115.4 5
    endloop
  endfacet
  facet normal -0.898217 -0.439553 0
    outer loop
      vertex 210.678 115.212 0
      vertex 210.586 115.4 5
      vertex 210.586 115.4 0
    endloop
  endfacet
  facet normal -0.898217 -0.439553 0
    outer loop
      vertex 210.586 115.4 5
      vertex 210.678 115.212 0
      vertex 210.678 115.212 5
    endloop
  endfacet
  facet normal -0.32053 -0.947238 0
    outer loop
      vertex 209.614 116.145 0
      vertex 209.812 116.078 5
      vertex 209.614 116.145 5
    endloop
  endfacet
  facet normal -0.32053 -0.947238 -0
    outer loop
      vertex 209.812 116.078 5
      vertex 209.614 116.145 0
      vertex 209.812 116.078 0
    endloop
  endfacet
  facet normal -0.557998 -0.829843 0
    outer loop
      vertex 210 115.986 0
      vertex 210.174 115.869 5
      vertex 210 115.986 5
    endloop
  endfacet
  facet normal -0.557998 -0.829843 -0
    outer loop
      vertex 210.174 115.869 5
      vertex 210 115.986 0
      vertex 210.174 115.869 0
    endloop
  endfacet
  facet normal -0.196116 -0.980581 0
    outer loop
      vertex 209.409 116.186 0
      vertex 209.614 116.145 5
      vertex 209.409 116.186 5
    endloop
  endfacet
  facet normal -0.196116 -0.980581 -0
    outer loop
      vertex 209.614 116.145 5
      vertex 209.409 116.186 0
      vertex 209.614 116.145 0
    endloop
  endfacet
  facet normal 0.0668359 -0.997764 0
    outer loop
      vertex 208.991 116.186 0
      vertex 209.2 116.2 5
      vertex 208.991 116.186 5
    endloop
  endfacet
  facet normal 0.0668359 -0.997764 0
    outer loop
      vertex 209.2 116.2 5
      vertex 208.991 116.186 0
      vertex 209.2 116.2 0
    endloop
  endfacet
  facet normal 0.439553 -0.898217 0
    outer loop
      vertex 208.4 115.986 0
      vertex 208.588 116.078 5
      vertex 208.4 115.986 5
    endloop
  endfacet
  facet normal 0.439553 -0.898217 0
    outer loop
      vertex 208.588 116.078 5
      vertex 208.4 115.986 0
      vertex 208.588 116.078 0
    endloop
  endfacet
  facet normal 0.898217 -0.439553 0
    outer loop
      vertex 207.722 115.212 5
      vertex 207.814 115.4 0
      vertex 207.814 115.4 5
    endloop
  endfacet
  facet normal 0.898217 -0.439553 0
    outer loop
      vertex 207.814 115.4 0
      vertex 207.722 115.212 5
      vertex 207.722 115.212 0
    endloop
  endfacet
  facet normal 0.829843 -0.557998 0
    outer loop
      vertex 207.814 115.4 5
      vertex 207.931 115.574 0
      vertex 207.931 115.574 5
    endloop
  endfacet
  facet normal 0.829843 -0.557998 0
    outer loop
      vertex 207.931 115.574 0
      vertex 207.814 115.4 5
      vertex 207.814 115.4 0
    endloop
  endfacet
  facet normal 0.751093 -0.660196 0
    outer loop
      vertex 207.931 115.574 5
      vertex 208.069 115.731 0
      vertex 208.069 115.731 5
    endloop
  endfacet
  facet normal 0.751093 -0.660196 0
    outer loop
      vertex 208.069 115.731 0
      vertex 207.931 115.574 5
      vertex 207.931 115.574 0
    endloop
  endfacet
  facet normal 0.557998 -0.829843 0
    outer loop
      vertex 208.226 115.869 0
      vertex 208.4 115.986 5
      vertex 208.226 115.869 5
    endloop
  endfacet
  facet normal 0.557998 -0.829843 0
    outer loop
      vertex 208.4 115.986 5
      vertex 208.226 115.869 0
      vertex 208.4 115.986 0
    endloop
  endfacet
  facet normal -0.947238 0.32053 0
    outer loop
      vertex 210.678 103.988 0
      vertex 210.745 104.186 5
      vertex 210.745 104.186 0
    endloop
  endfacet
  facet normal -0.947238 0.32053 0
    outer loop
      vertex 210.745 104.186 5
      vertex 210.678 103.988 0
      vertex 210.678 103.988 5
    endloop
  endfacet
  facet normal -0.829843 0.557998 0
    outer loop
      vertex 210.469 103.626 0
      vertex 210.586 103.8 5
      vertex 210.586 103.8 0
    endloop
  endfacet
  facet normal -0.829843 0.557998 0
    outer loop
      vertex 210.586 103.8 5
      vertex 210.469 103.626 0
      vertex 210.469 103.626 5
    endloop
  endfacet
  facet normal -0.32053 0.947238 0
    outer loop
      vertex 209.812 103.122 0
      vertex 209.614 103.055 5
      vertex 209.812 103.122 5
    endloop
  endfacet
  facet normal -0.32053 0.947238 0
    outer loop
      vertex 209.614 103.055 5
      vertex 209.812 103.122 0
      vertex 209.614 103.055 0
    endloop
  endfacet
  facet normal -0.751093 -0.660196 0
    outer loop
      vertex 210.469 115.574 0
      vertex 210.331 115.731 5
      vertex 210.331 115.731 0
    endloop
  endfacet
  facet normal -0.751093 -0.660196 0
    outer loop
      vertex 210.331 115.731 5
      vertex 210.469 115.574 0
      vertex 210.469 115.574 5
    endloop
  endfacet
  facet normal -0.947238 -0.32053 0
    outer loop
      vertex 210.745 115.014 0
      vertex 210.678 115.212 5
      vertex 210.678 115.212 0
    endloop
  endfacet
  facet normal -0.947238 -0.32053 0
    outer loop
      vertex 210.678 115.212 5
      vertex 210.745 115.014 0
      vertex 210.745 115.014 5
    endloop
  endfacet
  facet normal -0.980581 -0.196116 0
    outer loop
      vertex 210.786 114.809 0
      vertex 210.745 115.014 5
      vertex 210.745 115.014 0
    endloop
  endfacet
  facet normal -0.980581 -0.196116 0
    outer loop
      vertex 210.745 115.014 5
      vertex 210.786 114.809 0
      vertex 210.786 114.809 5
    endloop
  endfacet
  facet normal -0.997764 -0.0668359 0
    outer loop
      vertex 210.8 114.6 0
      vertex 210.786 114.809 5
      vertex 210.786 114.809 0
    endloop
  endfacet
  facet normal -0.997764 -0.0668359 0
    outer loop
      vertex 210.786 114.809 5
      vertex 210.8 114.6 0
      vertex 210.8 114.6 5
    endloop
  endfacet
  facet normal -0.439553 -0.898217 0
    outer loop
      vertex 209.812 116.078 0
      vertex 210 115.986 5
      vertex 209.812 116.078 5
    endloop
  endfacet
  facet normal -0.439553 -0.898217 -0
    outer loop
      vertex 210 115.986 5
      vertex 209.812 116.078 0
      vertex 210 115.986 0
    endloop
  endfacet
  facet normal -0.0668359 -0.997764 0
    outer loop
      vertex 209.2 116.2 0
      vertex 209.409 116.186 5
      vertex 209.2 116.2 5
    endloop
  endfacet
  facet normal -0.0668359 -0.997764 -0
    outer loop
      vertex 209.409 116.186 5
      vertex 209.2 116.2 0
      vertex 209.409 116.186 0
    endloop
  endfacet
  facet normal 0.947238 -0.32053 0
    outer loop
      vertex 207.655 115.014 5
      vertex 207.722 115.212 0
      vertex 207.722 115.212 5
    endloop
  endfacet
  facet normal 0.947238 -0.32053 0
    outer loop
      vertex 207.722 115.212 0
      vertex 207.655 115.014 5
      vertex 207.655 115.014 0
    endloop
  endfacet
  facet normal 0.32053 -0.947238 0
    outer loop
      vertex 208.588 116.078 0
      vertex 208.786 116.145 5
      vertex 208.588 116.078 5
    endloop
  endfacet
  facet normal 0.32053 -0.947238 0
    outer loop
      vertex 208.786 116.145 5
      vertex 208.588 116.078 0
      vertex 208.786 116.145 0
    endloop
  endfacet
  facet normal 0.196116 -0.980581 0
    outer loop
      vertex 208.786 116.145 0
      vertex 208.991 116.186 5
      vertex 208.786 116.145 5
    endloop
  endfacet
  facet normal 0.196116 -0.980581 0
    outer loop
      vertex 208.991 116.186 5
      vertex 208.786 116.145 0
      vertex 208.991 116.186 0
    endloop
  endfacet
  facet normal -0.557998 0.829843 0
    outer loop
      vertex 210.174 103.331 0
      vertex 210 103.214 5
      vertex 210.174 103.331 5
    endloop
  endfacet
  facet normal -0.557998 0.829843 0
    outer loop
      vertex 210 103.214 5
      vertex 210.174 103.331 0
      vertex 210 103.214 0
    endloop
  endfacet
  facet normal -0.439553 0.898217 0
    outer loop
      vertex 210 103.214 0
      vertex 209.812 103.122 5
      vertex 210 103.214 5
    endloop
  endfacet
  facet normal -0.439553 0.898217 0
    outer loop
      vertex 209.812 103.122 5
      vertex 210 103.214 0
      vertex 209.812 103.122 0
    endloop
  endfacet
  facet normal 0.439553 0.898217 -0
    outer loop
      vertex 208.588 103.122 0
      vertex 208.4 103.214 5
      vertex 208.588 103.122 5
    endloop
  endfacet
  facet normal 0.439553 0.898217 0
    outer loop
      vertex 208.4 103.214 5
      vertex 208.588 103.122 0
      vertex 208.4 103.214 0
    endloop
  endfacet
  facet normal 0.557998 0.829843 -0
    outer loop
      vertex 208.4 103.214 0
      vertex 208.226 103.331 5
      vertex 208.4 103.214 5
    endloop
  endfacet
  facet normal 0.557998 0.829843 0
    outer loop
      vertex 208.226 103.331 5
      vertex 208.4 103.214 0
      vertex 208.226 103.331 0
    endloop
  endfacet
  facet normal 0.0668359 0.997764 -0
    outer loop
      vertex 209.2 148 0
      vertex 208.991 148.014 5
      vertex 209.2 148 5
    endloop
  endfacet
  facet normal 0.0668359 0.997764 0
    outer loop
      vertex 208.991 148.014 5
      vertex 209.2 148 0
      vertex 208.991 148.014 0
    endloop
  endfacet
  facet normal 0.660196 0.751093 -0
    outer loop
      vertex 208.226 148.331 0
      vertex 208.069 148.469 5
      vertex 208.226 148.331 5
    endloop
  endfacet
  facet normal 0.660196 0.751093 0
    outer loop
      vertex 208.069 148.469 5
      vertex 208.226 148.331 0
      vertex 208.069 148.469 0
    endloop
  endfacet
  facet normal 1 -0 0
    outer loop
      vertex 207.6 149.6 5
      vertex 207.6 159.6 0
      vertex 207.6 159.6 5
    endloop
  endfacet
  facet normal 1 0 0
    outer loop
      vertex 207.6 159.6 0
      vertex 207.6 149.6 5
      vertex 207.6 149.6 0
    endloop
  endfacet
  facet normal -0.997764 0.0668359 0
    outer loop
      vertex 210.786 149.391 0
      vertex 210.8 149.6 5
      vertex 210.8 149.6 0
    endloop
  endfacet
  facet normal -0.997764 0.0668359 0
    outer loop
      vertex 210.8 149.6 5
      vertex 210.786 149.391 0
      vertex 210.786 149.391 5
    endloop
  endfacet
  facet normal -1 0 0
    outer loop
      vertex 210.8 149.6 0
      vertex 210.8 159.6 5
      vertex 210.8 159.6 0
    endloop
  endfacet
  facet normal -1 -0 0
    outer loop
      vertex 210.8 159.6 5
      vertex 210.8 149.6 0
      vertex 210.8 149.6 5
    endloop
  endfacet
  facet normal -0.0668359 0.997764 0
    outer loop
      vertex 209.409 148.014 0
      vertex 209.2 148 5
      vertex 209.409 148.014 5
    endloop
  endfacet
  facet normal -0.0668359 0.997764 0
    outer loop
      vertex 209.2 148 5
      vertex 209.409 148.014 0
      vertex 209.2 148 0
    endloop
  endfacet
  facet normal 0.557998 0.829843 -0
    outer loop
      vertex 208.4 148.214 0
      vertex 208.226 148.331 5
      vertex 208.4 148.214 5
    endloop
  endfacet
  facet normal 0.557998 0.829843 0
    outer loop
      vertex 208.226 148.331 5
      vertex 208.4 148.214 0
      vertex 208.226 148.331 0
    endloop
  endfacet
  facet normal 0.898217 0.439553 0
    outer loop
      vertex 207.814 148.8 5
      vertex 207.722 148.988 0
      vertex 207.722 148.988 5
    endloop
  endfacet
  facet normal 0.898217 0.439553 0
    outer loop
      vertex 207.722 148.988 0
      vertex 207.814 148.8 5
      vertex 207.814 148.8 0
    endloop
  endfacet
  facet normal 0.997764 -0.0668359 0
    outer loop
      vertex 207.6 159.6 5
      vertex 207.614 159.809 0
      vertex 207.614 159.809 5
    endloop
  endfacet
  facet normal 0.997764 -0.0668359 0
    outer loop
      vertex 207.614 159.809 0
      vertex 207.6 159.6 5
      vertex 207.6 159.6 0
    endloop
  endfacet
  facet normal -0.898217 0.439553 0
    outer loop
      vertex 210.586 148.8 0
      vertex 210.678 148.988 5
      vertex 210.678 148.988 0
    endloop
  endfacet
  facet normal -0.898217 0.439553 0
    outer loop
      vertex 210.678 148.988 5
      vertex 210.586 148.8 0
      vertex 210.586 148.8 5
    endloop
  endfacet
  facet normal 0.196116 0.980581 -0
    outer loop
      vertex 208.991 148.014 0
      vertex 208.786 148.055 5
      vertex 208.991 148.014 5
    endloop
  endfacet
  facet normal 0.196116 0.980581 0
    outer loop
      vertex 208.786 148.055 5
      vertex 208.991 148.014 0
      vertex 208.786 148.055 0
    endloop
  endfacet
  facet normal 0.32053 0.947238 -0
    outer loop
      vertex 208.786 148.055 0
      vertex 208.588 148.122 5
      vertex 208.786 148.055 5
    endloop
  endfacet
  facet normal 0.32053 0.947238 0
    outer loop
      vertex 208.588 148.122 5
      vertex 208.786 148.055 0
      vertex 208.588 148.122 0
    endloop
  endfacet
  facet normal 0.980581 0.196116 0
    outer loop
      vertex 207.655 149.186 5
      vertex 207.614 149.391 0
      vertex 207.614 149.391 5
    endloop
  endfacet
  facet normal 0.980581 0.196116 0
    outer loop
      vertex 207.614 149.391 0
      vertex 207.655 149.186 5
      vertex 207.655 149.186 0
    endloop
  endfacet
  facet normal 0.997764 0.0668359 0
    outer loop
      vertex 207.614 149.391 5
      vertex 207.6 149.6 0
      vertex 207.6 149.6 5
    endloop
  endfacet
  facet normal 0.997764 0.0668359 0
    outer loop
      vertex 207.6 149.6 0
      vertex 207.614 149.391 5
      vertex 207.614 149.391 0
    endloop
  endfacet
  facet normal 0.898217 -0.439553 0
    outer loop
      vertex 207.722 160.212 5
      vertex 207.814 160.4 0
      vertex 207.814 160.4 5
    endloop
  endfacet
  facet normal 0.898217 -0.439553 0
    outer loop
      vertex 207.814 160.4 0
      vertex 207.722 160.212 5
      vertex 207.722 160.212 0
    endloop
  endfacet
  facet normal 0.829843 -0.557998 0
    outer loop
      vertex 207.814 160.4 5
      vertex 207.931 160.574 0
      vertex 207.931 160.574 5
    endloop
  endfacet
  facet normal 0.829843 -0.557998 0
    outer loop
      vertex 207.931 160.574 0
      vertex 207.814 160.4 5
      vertex 207.814 160.4 0
    endloop
  endfacet
  facet normal 0.557998 -0.829843 0
    outer loop
      vertex 208.226 160.869 0
      vertex 208.4 160.986 5
      vertex 208.226 160.869 5
    endloop
  endfacet
  facet normal 0.557998 -0.829843 0
    outer loop
      vertex 208.4 160.986 5
      vertex 208.226 160.869 0
      vertex 208.4 160.986 0
    endloop
  endfacet
  facet normal 0.660196 -0.751093 0
    outer loop
      vertex 208.069 160.731 0
      vertex 208.226 160.869 5
      vertex 208.069 160.731 5
    endloop
  endfacet
  facet normal 0.660196 -0.751093 0
    outer loop
      vertex 208.226 160.869 5
      vertex 208.069 160.731 0
      vertex 208.226 160.869 0
    endloop
  endfacet
  facet normal -0.751093 0.660196 0
    outer loop
      vertex 210.331 148.469 0
      vertex 210.469 148.626 5
      vertex 210.469 148.626 0
    endloop
  endfacet
  facet normal -0.751093 0.660196 0
    outer loop
      vertex 210.469 148.626 5
      vertex 210.331 148.469 0
      vertex 210.331 148.469 5
    endloop
  endfacet
  facet normal -0.829843 0.557998 0
    outer loop
      vertex 210.469 148.626 0
      vertex 210.586 148.8 5
      vertex 210.586 148.8 0
    endloop
  endfacet
  facet normal -0.829843 0.557998 0
    outer loop
      vertex 210.586 148.8 5
      vertex 210.469 148.626 0
      vertex 210.469 148.626 5
    endloop
  endfacet
  facet normal -0.829843 -0.557998 0
    outer loop
      vertex 210.586 160.4 0
      vertex 210.469 160.574 5
      vertex 210.469 160.574 0
    endloop
  endfacet
  facet normal -0.829843 -0.557998 0
    outer loop
      vertex 210.469 160.574 5
      vertex 210.586 160.4 0
      vertex 210.586 160.4 5
    endloop
  endfacet
  facet normal -0.660196 -0.751093 0
    outer loop
      vertex 210.174 160.869 0
      vertex 210.331 160.731 5
      vertex 210.174 160.869 5
    endloop
  endfacet
  facet normal -0.660196 -0.751093 -0
    outer loop
      vertex 210.331 160.731 5
      vertex 210.174 160.869 0
      vertex 210.331 160.731 0
    endloop
  endfacet
  facet normal -0.751093 -0.660196 0
    outer loop
      vertex 210.469 160.574 0
      vertex 210.331 160.731 5
      vertex 210.331 160.731 0
    endloop
  endfacet
  facet normal -0.751093 -0.660196 0
    outer loop
      vertex 210.331 160.731 5
      vertex 210.469 160.574 0
      vertex 210.469 160.574 5
    endloop
  endfacet
  facet normal -0.947238 -0.32053 0
    outer loop
      vertex 210.745 160.014 0
      vertex 210.678 160.212 5
      vertex 210.678 160.212 0
    endloop
  endfacet
  facet normal -0.947238 -0.32053 0
    outer loop
      vertex 210.678 160.212 5
      vertex 210.745 160.014 0
      vertex 210.745 160.014 5
    endloop
  endfacet
  facet normal -0.898217 -0.439553 0
    outer loop
      vertex 210.678 160.212 0
      vertex 210.586 160.4 5
      vertex 210.586 160.4 0
    endloop
  endfacet
  facet normal -0.898217 -0.439553 0
    outer loop
      vertex 210.586 160.4 5
      vertex 210.678 160.212 0
      vertex 210.678 160.212 5
    endloop
  endfacet
  facet normal -0.557998 -0.829843 0
    outer loop
      vertex 210 160.986 0
      vertex 210.174 160.869 5
      vertex 210 160.986 5
    endloop
  endfacet
  facet normal -0.557998 -0.829843 -0
    outer loop
      vertex 210.174 160.869 5
      vertex 210 160.986 0
      vertex 210.174 160.869 0
    endloop
  endfacet
  facet normal -0.32053 -0.947238 0
    outer loop
      vertex 209.614 161.145 0
      vertex 209.812 161.078 5
      vertex 209.614 161.145 5
    endloop
  endfacet
  facet normal -0.32053 -0.947238 -0
    outer loop
      vertex 209.812 161.078 5
      vertex 209.614 161.145 0
      vertex 209.812 161.078 0
    endloop
  endfacet
  facet normal -0.439553 -0.898217 0
    outer loop
      vertex 209.812 161.078 0
      vertex 210 160.986 5
      vertex 209.812 161.078 5
    endloop
  endfacet
  facet normal -0.439553 -0.898217 -0
    outer loop
      vertex 210 160.986 5
      vertex 209.812 161.078 0
      vertex 210 160.986 0
    endloop
  endfacet
  facet normal -0.196116 -0.980581 0
    outer loop
      vertex 209.409 161.186 0
      vertex 209.614 161.145 5
      vertex 209.409 161.186 5
    endloop
  endfacet
  facet normal -0.196116 -0.980581 -0
    outer loop
      vertex 209.614 161.145 5
      vertex 209.409 161.186 0
      vertex 209.614 161.145 0
    endloop
  endfacet
  facet normal 0.0668359 -0.997764 0
    outer loop
      vertex 208.991 161.186 0
      vertex 209.2 161.2 5
      vertex 208.991 161.186 5
    endloop
  endfacet
  facet normal 0.0668359 -0.997764 0
    outer loop
      vertex 209.2 161.2 5
      vertex 208.991 161.186 0
      vertex 209.2 161.2 0
    endloop
  endfacet
  facet normal 0.947238 0.32053 0
    outer loop
      vertex 207.722 148.988 5
      vertex 207.655 149.186 0
      vertex 207.655 149.186 5
    endloop
  endfacet
  facet normal 0.947238 0.32053 0
    outer loop
      vertex 207.655 149.186 0
      vertex 207.722 148.988 5
      vertex 207.722 148.988 0
    endloop
  endfacet
  facet normal 0.751093 0.660196 0
    outer loop
      vertex 208.069 148.469 5
      vertex 207.931 148.626 0
      vertex 207.931 148.626 5
    endloop
  endfacet
  facet normal 0.751093 0.660196 0
    outer loop
      vertex 207.931 148.626 0
      vertex 208.069 148.469 5
      vertex 208.069 148.469 0
    endloop
  endfacet
  facet normal 0.829843 0.557998 0
    outer loop
      vertex 207.931 148.626 5
      vertex 207.814 148.8 0
      vertex 207.814 148.8 5
    endloop
  endfacet
  facet normal 0.829843 0.557998 0
    outer loop
      vertex 207.814 148.8 0
      vertex 207.931 148.626 5
      vertex 207.931 148.626 0
    endloop
  endfacet
  facet normal 0.439553 -0.898217 0
    outer loop
      vertex 208.4 160.986 0
      vertex 208.588 161.078 5
      vertex 208.4 160.986 5
    endloop
  endfacet
  facet normal 0.439553 -0.898217 0
    outer loop
      vertex 208.588 161.078 5
      vertex 208.4 160.986 0
      vertex 208.588 161.078 0
    endloop
  endfacet
  facet normal 0.980581 -0.196116 0
    outer loop
      vertex 207.614 159.809 5
      vertex 207.655 160.014 0
      vertex 207.655 160.014 5
    endloop
  endfacet
  facet normal 0.980581 -0.196116 0
    outer loop
      vertex 207.655 160.014 0
      vertex 207.614 159.809 5
      vertex 207.614 159.809 0
    endloop
  endfacet
  facet normal 0.947238 -0.32053 0
    outer loop
      vertex 207.655 160.014 5
      vertex 207.722 160.212 0
      vertex 207.722 160.212 5
    endloop
  endfacet
  facet normal 0.947238 -0.32053 0
    outer loop
      vertex 207.722 160.212 0
      vertex 207.655 160.014 5
      vertex 207.655 160.014 0
    endloop
  endfacet
  facet normal 0.751093 -0.660196 0
    outer loop
      vertex 207.931 160.574 5
      vertex 208.069 160.731 0
      vertex 208.069 160.731 5
    endloop
  endfacet
  facet normal 0.751093 -0.660196 0
    outer loop
      vertex 208.069 160.731 0
      vertex 207.931 160.574 5
      vertex 207.931 160.574 0
    endloop
  endfacet
  facet normal -0.947238 0.32053 0
    outer loop
      vertex 210.678 148.988 0
      vertex 210.745 149.186 5
      vertex 210.745 149.186 0
    endloop
  endfacet
  facet normal -0.947238 0.32053 0
    outer loop
      vertex 210.745 149.186 5
      vertex 210.678 148.988 0
      vertex 210.678 148.988 5
    endloop
  endfacet
  facet normal -0.660196 0.751093 0
    outer loop
      vertex 210.331 148.469 0
      vertex 210.174 148.331 5
      vertex 210.331 148.469 5
    endloop
  endfacet
  facet normal -0.660196 0.751093 0
    outer loop
      vertex 210.174 148.331 5
      vertex 210.331 148.469 0
      vertex 210.174 148.331 0
    endloop
  endfacet
  facet normal -0.32053 0.947238 0
    outer loop
      vertex 209.812 148.122 0
      vertex 209.614 148.055 5
      vertex 209.812 148.122 5
    endloop
  endfacet
  facet normal -0.32053 0.947238 0
    outer loop
      vertex 209.614 148.055 5
      vertex 209.812 148.122 0
      vertex 209.614 148.055 0
    endloop
  endfacet
  facet normal -0.196116 0.980581 0
    outer loop
      vertex 209.614 148.055 0
      vertex 209.409 148.014 5
      vertex 209.614 148.055 5
    endloop
  endfacet
  facet normal -0.196116 0.980581 0
    outer loop
      vertex 209.409 148.014 5
      vertex 209.614 148.055 0
      vertex 209.409 148.014 0
    endloop
  endfacet
  facet normal -0.980581 -0.196116 0
    outer loop
      vertex 210.786 159.809 0
      vertex 210.745 160.014 5
      vertex 210.745 160.014 0
    endloop
  endfacet
  facet normal -0.980581 -0.196116 0
    outer loop
      vertex 210.745 160.014 5
      vertex 210.786 159.809 0
      vertex 210.786 159.809 5
    endloop
  endfacet
  facet normal -0.997764 -0.0668359 0
    outer loop
      vertex 210.8 159.6 0
      vertex 210.786 159.809 5
      vertex 210.786 159.809 0
    endloop
  endfacet
  facet normal -0.997764 -0.0668359 0
    outer loop
      vertex 210.786 159.809 5
      vertex 210.8 159.6 0
      vertex 210.8 159.6 5
    endloop
  endfacet
  facet normal -0.0668359 -0.997764 0
    outer loop
      vertex 209.2 161.2 0
      vertex 209.409 161.186 5
      vertex 209.2 161.2 5
    endloop
  endfacet
  facet normal -0.0668359 -0.997764 -0
    outer loop
      vertex 209.409 161.186 5
      vertex 209.2 161.2 0
      vertex 209.409 161.186 0
    endloop
  endfacet
  facet normal 0.32053 -0.947238 0
    outer loop
      vertex 208.588 161.078 0
      vertex 208.786 161.145 5
      vertex 208.588 161.078 5
    endloop
  endfacet
  facet normal 0.32053 -0.947238 0
    outer loop
      vertex 208.786 161.145 5
      vertex 208.588 161.078 0
      vertex 208.786 161.145 0
    endloop
  endfacet
  facet normal 0.196116 -0.980581 0
    outer loop
      vertex 208.786 161.145 0
      vertex 208.991 161.186 5
      vertex 208.786 161.145 5
    endloop
  endfacet
  facet normal 0.196116 -0.980581 0
    outer loop
      vertex 208.991 161.186 5
      vertex 208.786 161.145 0
      vertex 208.991 161.186 0
    endloop
  endfacet
  facet normal -0.980581 0.196116 0
    outer loop
      vertex 210.745 149.186 0
      vertex 210.786 149.391 5
      vertex 210.786 149.391 0
    endloop
  endfacet
  facet normal -0.980581 0.196116 0
    outer loop
      vertex 210.786 149.391 5
      vertex 210.745 149.186 0
      vertex 210.745 149.186 5
    endloop
  endfacet
  facet normal -0.557998 0.829843 0
    outer loop
      vertex 210.174 148.331 0
      vertex 210 148.214 5
      vertex 210.174 148.331 5
    endloop
  endfacet
  facet normal -0.557998 0.829843 0
    outer loop
      vertex 210 148.214 5
      vertex 210.174 148.331 0
      vertex 210 148.214 0
    endloop
  endfacet
  facet normal -0.439553 0.898217 0
    outer loop
      vertex 210 148.214 0
      vertex 209.812 148.122 5
      vertex 210 148.214 5
    endloop
  endfacet
  facet normal -0.439553 0.898217 0
    outer loop
      vertex 209.812 148.122 5
      vertex 210 148.214 0
      vertex 209.812 148.122 0
    endloop
  endfacet
  facet normal 0.439553 0.898217 -0
    outer loop
      vertex 208.588 148.122 0
      vertex 208.4 148.214 5
      vertex 208.588 148.122 5
    endloop
  endfacet
  facet normal 0.439553 0.898217 0
    outer loop
      vertex 208.4 148.214 5
      vertex 208.588 148.122 0
      vertex 208.4 148.214 0
    endloop
  endfacet
  facet normal -0.997859 -0.0654009 0
    outer loop
      vertex 0.0342197 3.47789 0
      vertex 0 4 5
      vertex 0 4 0
    endloop
  endfacet
  facet normal -0.997859 -0.0654009 0
    outer loop
      vertex 0 4 5
      vertex 0.0342197 3.47789 0
      vertex 0.0342197 3.47789 5
    endloop
  endfacet
  facet normal 0.997886 0.0649964 0
    outer loop
      vertex 219.2 215.2 5
      vertex 219.166 215.722 0
      vertex 219.166 215.722 5
    endloop
  endfacet
  facet normal 0.997886 0.0649964 0
    outer loop
      vertex 219.166 215.722 0
      vertex 219.2 215.2 5
      vertex 219.2 215.2 0
    endloop
  endfacet
  facet normal 0 1 -0
    outer loop
      vertex 215.2 219.2 0
      vertex 4 219.2 5
      vertex 215.2 219.2 5
    endloop
  endfacet
  facet normal 0 1 0
    outer loop
      vertex 4 219.2 5
      vertex 215.2 219.2 0
      vertex 4 219.2 0
    endloop
  endfacet
  facet normal 0 -1 0
    outer loop
      vertex 4 0 0
      vertex 215.2 0 5
      vertex 4 0 5
    endloop
  endfacet
  facet normal 0 -1 -0
    outer loop
      vertex 215.2 0 5
      vertex 4 0 0
      vertex 215.2 0 0
    endloop
  endfacet
  facet normal -0.659345 -0.751841 0
    outer loop
      vertex 1.17157 1.17157 0
      vertex 1.56495 0.826586 5
      vertex 1.17157 1.17157 5
    endloop
  endfacet
  facet normal -0.659345 -0.751841 -0
    outer loop
      vertex 1.56495 0.826586 5
      vertex 1.17157 1.17157 0
      vertex 1.56495 0.826586 0
    endloop
  endfacet
  facet normal 0 0 1
    outer loop
      vertex 16.75 24.25 5
      vertex 12.7803 18.3002 5
      vertex 12.8 18 5
    endloop
  endfacet
  facet normal 0 0 1
    outer loop
      vertex 16.75 24.25 5
      vertex 12.7216 18.5953 5
      vertex 12.7803 18.3002 5
    endloop
  endfacet
  facet normal 0 0 1
    outer loop
      vertex 16.75 24.25 5
      vertex 12.6249 18.8802 5
      vertex 12.7216 18.5953 5
    endloop
  endfacet
  facet normal -0 0 1
    outer loop
      vertex 12.4141 40.4545 5
      vertex 16.75 24.25 5
      vertex 12.6123 40.5218 5
    endloop
  endfacet
  facet normal 0 0 1
    outer loop
      vertex 16.75 24.25 5
      vertex 12.4919 19.15 5
      vertex 12.6249 18.8802 5
    endloop
  endfacet
  facet normal -0 0 1
    outer loop
      vertex 12.2088 40.4137 5
      vertex 16.75 24.25 5
      vertex 12.4141 40.4545 5
    endloop
  endfacet
  facet normal 0 0 1
    outer loop
      vertex 16.75 24.25 5
      vertex 12.3247 19.4002 5
      vertex 12.4919 19.15 5
    endloop
  endfacet
  facet normal -0 0 1
    outer loop
      vertex 12 40.4 5
      vertex 16.75 24.25 5
      vertex 12.2088 40.4137 5
    endloop
  endfacet
  facet normal 0 0 1
    outer loop
      vertex 16.75 24.25 5
      vertex 12.1263 19.6263 5
      vertex 12.3247 19.4002 5
    endloop
  endfacet
  facet normal 0 0 1
    outer loop
      vertex 11.7912 40.4137 5
      vertex 16.75 24.25 5
      vertex 12 40.4 5
    endloop
  endfacet
  facet normal 0 0 1
    outer loop
      vertex 16.75 24.25 5
      vertex 11.9002 19.8247 5
      vertex 12.1263 19.6263 5
    endloop
  endfacet
  facet normal 0 0 1
    outer loop
      vertex 11.5859 40.4545 5
      vertex 16.75 24.25 5
      vertex 11.7912 40.4137 5
    endloop
  endfacet
  facet normal 0 0 1
    outer loop
      vertex 16.75 24.25 5
      vertex 11.65 19.9919 5
      vertex 11.9002 19.8247 5
    endloop
  endfacet
  facet normal 0 0 1
    outer loop
      vertex 10.1998 20.2803 5
      vertex 16.75 24.25 5
      vertex 11.5859 40.4545 5
    endloop
  endfacet
  facet normal 0 0 1
    outer loop
      vertex 10.1998 20.2803 5
      vertex 11.5859 40.4545 5
      vertex 11.3877 40.5218 5
    endloop
  endfacet
  facet normal 0 0 1
    outer loop
      vertex 16.75 24.25 5
      vertex 11.3802 20.1249 5
      vertex 11.65 19.9919 5
    endloop
  endfacet
  facet normal 0 0 1
    outer loop
      vertex 9.90472 20.2216 5
      vertex 11.3877 40.5218 5
      vertex 11.2 40.6144 5
    endloop
  endfacet
  facet normal 0 0 1
    outer loop
      vertex 16.75 24.25 5
      vertex 11.0953 20.2216 5
      vertex 11.3802 20.1249 5
    endloop
  endfacet
  facet normal 0 0 1
    outer loop
      vertex 9.61983 20.1249 5
      vertex 11.2 40.6144 5
      vertex 11.026 40.7306 5
    endloop
  endfacet
  facet normal 0 0 1
    outer loop
      vertex 9.35 19.9919 5
      vertex 11.026 40.7306 5
      vertex 10.8686 40.8686 5
    endloop
  endfacet
  facet normal 0 0 1
    outer loop
      vertex 16.75 24.25 5
      vertex 10.8002 20.2803 5
      vertex 11.0953 20.2216 5
    endloop
  endfacet
  facet normal 0 0 1
    outer loop
      vertex 9.09985 19.8247 5
      vertex 10.8686 40.8686 5
      vertex 10.7306 41.026 5
    endloop
  endfacet
  facet normal 0 0 1
    outer loop
      vertex 8.87365 19.6263 5
      vertex 10.7306 41.026 5
      vertex 10.6144 41.2 5
    endloop
  endfacet
  facet normal 0 0 1
    outer loop
      vertex 8.67529 19.4002 5
      vertex 10.6144 41.2 5
      vertex 10.5218 41.3877 5
    endloop
  endfacet
  facet normal 0 0 1
    outer loop
      vertex 16.75 24.25 5
      vertex 10.5 20.3 5
      vertex 10.8002 20.2803 5
    endloop
  endfacet
  facet normal 0 0 1
    outer loop
      vertex 8.50814 19.15 5
      vertex 10.5218 41.3877 5
      vertex 10.4545 41.5859 5
    endloop
  endfacet
  facet normal 0 0 1
    outer loop
      vertex 8.37508 18.8802 5
      vertex 10.4545 41.5859 5
      vertex 10.4137 41.7912 5
    endloop
  endfacet
  facet normal 0 0 1
    outer loop
      vertex 0 4 5
      vertex 10.4137 41.7912 5
      vertex 10.4 42 5
    endloop
  endfacet
  facet normal 0 0 1
    outer loop
      vertex 16.75 24.25 5
      vertex 10.1998 20.2803 5
      vertex 10.5 20.3 5
    endloop
  endfacet
  facet normal 0 0 1
    outer loop
      vertex 8.67529 199.8 5
      vertex 10.6144 178 5
      vertex 8.87365 199.574 5
    endloop
  endfacet
  facet normal 0 0 1
    outer loop
      vertex 10.6144 178 5
      vertex 8.67529 199.8 5
      vertex 10.5218 177.812 5
    endloop
  endfacet
  facet normal 0 0 1
    outer loop
      vertex 11.3877 40.5218 5
      vertex 9.90472 20.2216 5
      vertex 10.1998 20.2803 5
    endloop
  endfacet
  facet normal 0 0 1
    outer loop
      vertex 8.50814 200.05 5
      vertex 10.5218 177.812 5
      vertex 8.67529 199.8 5
    endloop
  endfacet
  facet normal 0 0 1
    outer loop
      vertex 11.2 40.6144 5
      vertex 9.61983 20.1249 5
      vertex 9.90472 20.2216 5
    endloop
  endfacet
  facet normal 0 0 1
    outer loop
      vertex 10.5218 177.812 5
      vertex 8.50814 200.05 5
      vertex 10.4545 177.614 5
    endloop
  endfacet
  facet normal 0 0 1
    outer loop
      vertex 11.026 40.7306 5
      vertex 9.35 19.9919 5
      vertex 9.61983 20.1249 5
    endloop
  endfacet
  facet normal 0 0 1
    outer loop
      vertex 8.37508 200.32 5
      vertex 10.4545 177.614 5
      vertex 8.50814 200.05 5
    endloop
  endfacet
  facet normal 0 0 1
    outer loop
      vertex 10.8686 40.8686 5
      vertex 9.09985 19.8247 5
      vertex 9.35 19.9919 5
    endloop
  endfacet
  facet normal 0 0 1
    outer loop
      vertex 10.4545 177.614 5
      vertex 8.37508 200.32 5
      vertex 10.4137 177.409 5
    endloop
  endfacet
  facet normal 0 0 1
    outer loop
      vertex 10.7306 41.026 5
      vertex 8.87365 19.6263 5
      vertex 9.09985 19.8247 5
    endloop
  endfacet
  facet normal 0 0 1
    outer loop
      vertex 0 215.2 5
      vertex 10.4137 177.409 5
      vertex 8.37508 200.32 5
    endloop
  endfacet
  facet normal 0 0 1
    outer loop
      vertex 10.6144 41.2 5
      vertex 8.67529 19.4002 5
      vertex 8.87365 19.6263 5
    endloop
  endfacet
  facet normal 0 0 1
    outer loop
      vertex 10.4 177.2 5
      vertex 0 215.2 5
      vertex 10.4 42 5
    endloop
  endfacet
  facet normal 0 0 1
    outer loop
      vertex 10.5218 41.3877 5
      vertex 8.50814 19.15 5
      vertex 8.67529 19.4002 5
    endloop
  endfacet
  facet normal 0 0 1
    outer loop
      vertex 10.4137 177.409 5
      vertex 0 215.2 5
      vertex 10.4 177.2 5
    endloop
  endfacet
  facet normal 0 0 1
    outer loop
      vertex 0 4 5
      vertex 10.4 42 5
      vertex 0 215.2 5
    endloop
  endfacet
  facet normal 0 0 1
    outer loop
      vertex 0 215.2 5
      vertex 8.37508 200.32 5
      vertex 8.27837 200.605 5
    endloop
  endfacet
  facet normal 0 0 1
    outer loop
      vertex 10.4137 41.7912 5
      vertex 0 4 5
      vertex 8.37508 18.8802 5
    endloop
  endfacet
  facet normal 0 0 1
    outer loop
      vertex 0 215.2 5
      vertex 8.27837 200.605 5
      vertex 8.21968 200.9 5
    endloop
  endfacet
  facet normal 0 0 1
    outer loop
      vertex 10.4545 41.5859 5
      vertex 8.37508 18.8802 5
      vertex 8.50814 19.15 5
    endloop
  endfacet
  facet normal 0 0 1
    outer loop
      vertex 0 215.2 5
      vertex 8.21968 200.9 5
      vertex 8.2 201.2 5
    endloop
  endfacet
  facet normal 0 0 1
    outer loop
      vertex 8.37508 18.8802 5
      vertex 0 4 5
      vertex 8.27837 18.5953 5
    endloop
  endfacet
  facet normal -0 0 1
    outer loop
      vertex 13.5863 42.2088 5
      vertex 16.75 24.25 5
      vertex 13.5863 176.991 5
    endloop
  endfacet
  facet normal 0 0 1
    outer loop
      vertex 16.75 24.25 5
      vertex 13.5863 42.2088 5
      vertex 13.6 42 5
    endloop
  endfacet
  facet normal -0 0 1
    outer loop
      vertex 13.5455 176.786 5
      vertex 13.5863 42.2088 5
      vertex 13.5863 176.991 5
    endloop
  endfacet
  facet normal 0 0 1
    outer loop
      vertex 13.5455 176.786 5
      vertex 13.5455 42.4141 5
      vertex 13.5863 42.2088 5
    endloop
  endfacet
  facet normal -0 0 1
    outer loop
      vertex 13.4782 176.588 5
      vertex 13.5455 42.4141 5
      vertex 13.5455 176.786 5
    endloop
  endfacet
  facet normal 0 0 1
    outer loop
      vertex 13.4782 176.588 5
      vertex 13.4782 42.6123 5
      vertex 13.5455 42.4141 5
    endloop
  endfacet
  facet normal -0 0 1
    outer loop
      vertex 13.3856 176.4 5
      vertex 13.4782 42.6123 5
      vertex 13.4782 176.588 5
    endloop
  endfacet
  facet normal 0 0 1
    outer loop
      vertex 13.3856 176.4 5
      vertex 13.3856 42.8 5
      vertex 13.4782 42.6123 5
    endloop
  endfacet
  facet normal -0 0 1
    outer loop
      vertex 13.2694 176.226 5
      vertex 13.3856 42.8 5
      vertex 13.3856 176.4 5
    endloop
  endfacet
  facet normal 0 0 1
    outer loop
      vertex 13.2694 176.226 5
      vertex 13.2694 42.974 5
      vertex 13.3856 42.8 5
    endloop
  endfacet
  facet normal -0 0 1
    outer loop
      vertex 13.1314 176.069 5
      vertex 13.2694 42.974 5
      vertex 13.2694 176.226 5
    endloop
  endfacet
  facet normal 0 0 1
    outer loop
      vertex 13.1314 176.069 5
      vertex 13.1314 43.1314 5
      vertex 13.2694 42.974 5
    endloop
  endfacet
  facet normal -0 0 1
    outer loop
      vertex 12.974 175.931 5
      vertex 13.1314 43.1314 5
      vertex 13.1314 176.069 5
    endloop
  endfacet
  facet normal 0 0 1
    outer loop
      vertex 12.974 175.931 5
      vertex 12.974 43.2694 5
      vertex 13.1314 43.1314 5
    endloop
  endfacet
  facet normal -0 0 1
    outer loop
      vertex 12.8 175.814 5
      vertex 12.974 43.2694 5
      vertex 12.974 175.931 5
    endloop
  endfacet
  facet normal 0 0 1
    outer loop
      vertex 12.8 175.814 5
      vertex 12.8 43.3856 5
      vertex 12.974 43.2694 5
    endloop
  endfacet
  facet normal -0 0 1
    outer loop
      vertex 12.6123 175.722 5
      vertex 12.8 43.3856 5
      vertex 12.8 175.814 5
    endloop
  endfacet
  facet normal 0 0 1
    outer loop
      vertex 12.6123 175.722 5
      vertex 12.6123 43.4782 5
      vertex 12.8 43.3856 5
    endloop
  endfacet
  facet normal -0 0 1
    outer loop
      vertex 12.4141 175.655 5
      vertex 12.6123 43.4782 5
      vertex 12.6123 175.722 5
    endloop
  endfacet
  facet normal 0 0 1
    outer loop
      vertex 12.4141 175.655 5
      vertex 12.4141 43.5455 5
      vertex 12.6123 43.4782 5
    endloop
  endfacet
  facet normal -0 0 1
    outer loop
      vertex 12.2088 175.614 5
      vertex 12.4141 43.5455 5
      vertex 12.4141 175.655 5
    endloop
  endfacet
  facet normal 0 0 1
    outer loop
      vertex 12.2088 175.614 5
      vertex 12.2088 43.5863 5
      vertex 12.4141 43.5455 5
    endloop
  endfacet
  facet normal -0 0 1
    outer loop
      vertex 12 175.6 5
      vertex 12.2088 43.5863 5
      vertex 12.2088 175.614 5
    endloop
  endfacet
  facet normal 0 0 1
    outer loop
      vertex 12 175.6 5
      vertex 12 43.6 5
      vertex 12.2088 43.5863 5
    endloop
  endfacet
  facet normal 0 0 1
    outer loop
      vertex 11.7912 175.614 5
      vertex 12 43.6 5
      vertex 12 175.6 5
    endloop
  endfacet
  facet normal 0 0 1
    outer loop
      vertex 11.7912 175.614 5
      vertex 11.7912 43.5863 5
      vertex 12 43.6 5
    endloop
  endfacet
  facet normal 0 0 1
    outer loop
      vertex 11.5859 175.655 5
      vertex 11.7912 43.5863 5
      vertex 11.7912 175.614 5
    endloop
  endfacet
  facet normal 0 0 1
    outer loop
      vertex 11.5859 175.655 5
      vertex 11.5859 43.5455 5
      vertex 11.7912 43.5863 5
    endloop
  endfacet
  facet normal 0 0 1
    outer loop
      vertex 11.3877 175.722 5
      vertex 11.5859 43.5455 5
      vertex 11.5859 175.655 5
    endloop
  endfacet
  facet normal 0 0 1
    outer loop
      vertex 11.3877 175.722 5
      vertex 11.3877 43.4782 5
      vertex 11.5859 43.5455 5
    endloop
  endfacet
  facet normal 0 0 1
    outer loop
      vertex 11.2 175.814 5
      vertex 11.3877 43.4782 5
      vertex 11.3877 175.722 5
    endloop
  endfacet
  facet normal 0 0 1
    outer loop
      vertex 11.2 175.814 5
      vertex 11.2 43.3856 5
      vertex 11.3877 43.4782 5
    endloop
  endfacet
  facet normal 0 0 1
    outer loop
      vertex 11.026 175.931 5
      vertex 11.2 43.3856 5
      vertex 11.2 175.814 5
    endloop
  endfacet
  facet normal 0 0 1
    outer loop
      vertex 11.026 175.931 5
      vertex 11.026 43.2694 5
      vertex 11.2 43.3856 5
    endloop
  endfacet
  facet normal 0 0 1
    outer loop
      vertex 10.8686 176.069 5
      vertex 11.026 43.2694 5
      vertex 11.026 175.931 5
    endloop
  endfacet
  facet normal 0 0 1
    outer loop
      vertex 10.8686 176.069 5
      vertex 10.8686 43.1314 5
      vertex 11.026 43.2694 5
    endloop
  endfacet
  facet normal 0 0 1
    outer loop
      vertex 10.7306 176.226 5
      vertex 10.8686 43.1314 5
      vertex 10.8686 176.069 5
    endloop
  endfacet
  facet normal 0 0 1
    outer loop
      vertex 10.7306 176.226 5
      vertex 10.7306 42.974 5
      vertex 10.8686 43.1314 5
    endloop
  endfacet
  facet normal 0 0 1
    outer loop
      vertex 10.6144 176.4 5
      vertex 10.7306 42.974 5
      vertex 10.7306 176.226 5
    endloop
  endfacet
  facet normal 0 0 1
    outer loop
      vertex 10.6144 176.4 5
      vertex 10.6144 42.8 5
      vertex 10.7306 42.974 5
    endloop
  endfacet
  facet normal 0 0 1
    outer loop
      vertex 10.5218 176.588 5
      vertex 10.6144 42.8 5
      vertex 10.6144 176.4 5
    endloop
  endfacet
  facet normal 0 0 1
    outer loop
      vertex 10.5218 176.588 5
      vertex 10.5218 42.6123 5
      vertex 10.6144 42.8 5
    endloop
  endfacet
  facet normal 0 0 1
    outer loop
      vertex 10.4545 176.786 5
      vertex 10.5218 42.6123 5
      vertex 10.5218 176.588 5
    endloop
  endfacet
  facet normal 0 0 1
    outer loop
      vertex 10.4545 176.786 5
      vertex 10.4545 42.4141 5
      vertex 10.5218 42.6123 5
    endloop
  endfacet
  facet normal 0 0 1
    outer loop
      vertex 10.4137 176.991 5
      vertex 10.4545 42.4141 5
      vertex 10.4545 176.786 5
    endloop
  endfacet
  facet normal 0 0 1
    outer loop
      vertex 10.4137 176.991 5
      vertex 10.4137 42.2088 5
      vertex 10.4545 42.4141 5
    endloop
  endfacet
  facet normal 0 0 1
    outer loop
      vertex 10.4 177.2 5
      vertex 10.4137 42.2088 5
      vertex 10.4137 176.991 5
    endloop
  endfacet
  facet normal 0 0 1
    outer loop
      vertex 10.4137 42.2088 5
      vertex 10.4 177.2 5
      vertex 10.4 42 5
    endloop
  endfacet
  facet normal 0 0 1
    outer loop
      vertex 207.614 185.409 5
      vertex 187.45 194.95 5
      vertex 207.6 185.2 5
    endloop
  endfacet
  facet normal 0 0 1
    outer loop
      vertex 207.6 104.6 5
      vertex 195.98 18.3002 5
      vertex 196 18 5
    endloop
  endfacet
  facet normal 0 0 1
    outer loop
      vertex 207.6 185.2 5
      vertex 187.45 194.95 5
      vertex 207.6 177.2 5
    endloop
  endfacet
  facet normal 0 0 1
    outer loop
      vertex 207.6 104.6 5
      vertex 195.922 18.5953 5
      vertex 195.98 18.3002 5
    endloop
  endfacet
  facet normal 0 0 1
    outer loop
      vertex 207.614 176.991 5
      vertex 187.45 194.95 5
      vertex 207.614 159.809 5
    endloop
  endfacet
  facet normal 0 0 1
    outer loop
      vertex 207.6 104.6 5
      vertex 195.825 18.8802 5
      vertex 195.922 18.5953 5
    endloop
  endfacet
  facet normal 0 0 1
    outer loop
      vertex 207.614 159.809 5
      vertex 187.45 194.95 5
      vertex 207.6 159.6 5
    endloop
  endfacet
  facet normal 0 0 1
    outer loop
      vertex 207.6 104.6 5
      vertex 195.692 19.15 5
      vertex 195.825 18.8802 5
    endloop
  endfacet
  facet normal 0 0 1
    outer loop
      vertex 207.6 159.6 5
      vertex 187.45 194.95 5
      vertex 207.6 149.6 5
    endloop
  endfacet
  facet normal 0 0 1
    outer loop
      vertex 207.6 104.6 5
      vertex 195.525 19.4002 5
      vertex 195.692 19.15 5
    endloop
  endfacet
  facet normal 0 0 1
    outer loop
      vertex 207.6 149.6 5
      vertex 187.45 194.95 5
      vertex 207.614 149.391 5
    endloop
  endfacet
  facet normal 0 0 1
    outer loop
      vertex 207.6 104.6 5
      vertex 195.326 19.6263 5
      vertex 195.525 19.4002 5
    endloop
  endfacet
  facet normal 0 0 1
    outer loop
      vertex 207.614 149.391 5
      vertex 187.45 194.95 5
      vertex 207.614 114.809 5
    endloop
  endfacet
  facet normal 0 0 1
    outer loop
      vertex 207.6 104.6 5
      vertex 195.1 19.8247 5
      vertex 195.326 19.6263 5
    endloop
  endfacet
  facet normal 0 0 1
    outer loop
      vertex 207.614 114.809 5
      vertex 187.45 194.95 5
      vertex 207.6 114.6 5
    endloop
  endfacet
  facet normal 0 0 1
    outer loop
      vertex 207.6 104.6 5
      vertex 194.85 19.9919 5
      vertex 195.1 19.8247 5
    endloop
  endfacet
  facet normal 0 0 1
    outer loop
      vertex 207.6 114.6 5
      vertex 187.45 194.95 5
      vertex 207.6 104.6 5
    endloop
  endfacet
  facet normal 0 0 1
    outer loop
      vertex 187.45 24.25 5
      vertex 207.6 104.6 5
      vertex 187.45 194.95 5
    endloop
  endfacet
  facet normal 0 0 1
    outer loop
      vertex 207.6 177.2 5
      vertex 187.45 194.95 5
      vertex 207.614 176.991 5
    endloop
  endfacet
  facet normal 0 -0 1
    outer loop
      vertex 194.58 20.1249 5
      vertex 207.6 104.6 5
      vertex 187.45 24.25 5
    endloop
  endfacet
  facet normal 0 0 1
    outer loop
      vertex 187.45 194.95 5
      vertex 194.295 198.978 5
      vertex 194 198.92 5
    endloop
  endfacet
  facet normal 0 0 1
    outer loop
      vertex 207.6 104.6 5
      vertex 194.58 20.1249 5
      vertex 194.85 19.9919 5
    endloop
  endfacet
  facet normal 0 0 1
    outer loop
      vertex 187.45 194.95 5
      vertex 194 198.92 5
      vertex 193.7 198.9 5
    endloop
  endfacet
  facet normal 0 0 1
    outer loop
      vertex 194.58 20.1249 5
      vertex 187.45 24.25 5
      vertex 194.295 20.2216 5
    endloop
  endfacet
  facet normal 0 0 1
    outer loop
      vertex 187.45 194.95 5
      vertex 193.7 198.9 5
      vertex 193.4 198.92 5
    endloop
  endfacet
  facet normal 0 0 1
    outer loop
      vertex 194.295 20.2216 5
      vertex 187.45 24.25 5
      vertex 194 20.2803 5
    endloop
  endfacet
  facet normal 0 0 1
    outer loop
      vertex 187.45 194.95 5
      vertex 193.4 198.92 5
      vertex 193.105 198.978 5
    endloop
  endfacet
  facet normal 0 0 1
    outer loop
      vertex 194 20.2803 5
      vertex 187.45 24.25 5
      vertex 193.7 20.3 5
    endloop
  endfacet
  facet normal 0 0 1
    outer loop
      vertex 187.45 194.95 5
      vertex 193.105 198.978 5
      vertex 192.82 199.075 5
    endloop
  endfacet
  facet normal 0 0 1
    outer loop
      vertex 193.7 20.3 5
      vertex 187.45 24.25 5
      vertex 193.4 20.2803 5
    endloop
  endfacet
  facet normal 0 0 1
    outer loop
      vertex 187.45 194.95 5
      vertex 192.82 199.075 5
      vertex 192.55 199.208 5
    endloop
  endfacet
  facet normal 0 0 1
    outer loop
      vertex 193.4 20.2803 5
      vertex 187.45 24.25 5
      vertex 193.105 20.2216 5
    endloop
  endfacet
  facet normal 0 0 1
    outer loop
      vertex 187.45 194.95 5
      vertex 192.55 199.208 5
      vertex 192.3 199.375 5
    endloop
  endfacet
  facet normal 0 0 1
    outer loop
      vertex 193.105 20.2216 5
      vertex 187.45 24.25 5
      vertex 192.82 20.1249 5
    endloop
  endfacet
  facet normal 0 0 1
    outer loop
      vertex 187.45 194.95 5
      vertex 192.3 199.375 5
      vertex 192.074 199.574 5
    endloop
  endfacet
  facet normal 0 0 1
    outer loop
      vertex 192.82 20.1249 5
      vertex 187.45 24.25 5
      vertex 192.55 19.9919 5
    endloop
  endfacet
  facet normal 0 0 1
    outer loop
      vertex 187.45 194.95 5
      vertex 192.074 199.574 5
      vertex 191.875 199.8 5
    endloop
  endfacet
  facet normal 0 0 1
    outer loop
      vertex 192.55 19.9919 5
      vertex 187.45 24.25 5
      vertex 192.3 19.8247 5
    endloop
  endfacet
  facet normal 0 0 1
    outer loop
      vertex 187.45 194.95 5
      vertex 191.875 199.8 5
      vertex 191.708 200.05 5
    endloop
  endfacet
  facet normal 0 0 1
    outer loop
      vertex 192.3 19.8247 5
      vertex 187.45 24.25 5
      vertex 192.074 19.6263 5
    endloop
  endfacet
  facet normal 0 0 1
    outer loop
      vertex 187.45 194.95 5
      vertex 191.708 200.05 5
      vertex 191.575 200.32 5
    endloop
  endfacet
  facet normal 0 0 1
    outer loop
      vertex 192.074 19.6263 5
      vertex 187.45 24.25 5
      vertex 191.875 19.4002 5
    endloop
  endfacet
  facet normal 0 0 1
    outer loop
      vertex 187.45 194.95 5
      vertex 191.575 200.32 5
      vertex 191.478 200.605 5
    endloop
  endfacet
  facet normal 0 0 1
    outer loop
      vertex 191.875 19.4002 5
      vertex 187.45 24.25 5
      vertex 191.708 19.15 5
    endloop
  endfacet
  facet normal 0 0 1
    outer loop
      vertex 187.45 194.95 5
      vertex 191.478 200.605 5
      vertex 191.42 200.9 5
    endloop
  endfacet
  facet normal 0 0 1
    outer loop
      vertex 191.708 19.15 5
      vertex 187.45 24.25 5
      vertex 191.575 18.8802 5
    endloop
  endfacet
  facet normal 0 0 1
    outer loop
      vertex 187.45 194.95 5
      vertex 191.42 200.9 5
      vertex 191.4 201.2 5
    endloop
  endfacet
  facet normal 0 0 1
    outer loop
      vertex 191.575 18.8802 5
      vertex 187.45 24.25 5
      vertex 191.478 18.5953 5
    endloop
  endfacet
  facet normal -0 0 1
    outer loop
      vertex 210.786 59.3912 5
      vertex 210.8 42 5
      vertex 210.8 59.6 5
    endloop
  endfacet
  facet normal 0 0 1
    outer loop
      vertex 210.786 59.3912 5
      vertex 210.786 42.2088 5
      vertex 210.8 42 5
    endloop
  endfacet
  facet normal -0 0 1
    outer loop
      vertex 210.745 59.1859 5
      vertex 210.786 42.2088 5
      vertex 210.786 59.3912 5
    endloop
  endfacet
  facet normal 0 0 1
    outer loop
      vertex 210.745 59.1859 5
      vertex 210.745 42.4141 5
      vertex 210.786 42.2088 5
    endloop
  endfacet
  facet normal -0 0 1
    outer loop
      vertex 210.678 58.9877 5
      vertex 210.745 42.4141 5
      vertex 210.745 59.1859 5
    endloop
  endfacet
  facet normal 0 0 1
    outer loop
      vertex 210.678 58.9877 5
      vertex 210.678 42.6123 5
      vertex 210.745 42.4141 5
    endloop
  endfacet
  facet normal -0 0 1
    outer loop
      vertex 210.586 58.8 5
      vertex 210.678 42.6123 5
      vertex 210.678 58.9877 5
    endloop
  endfacet
  facet normal 0 0 1
    outer loop
      vertex 210.586 58.8 5
      vertex 210.586 42.8 5
      vertex 210.678 42.6123 5
    endloop
  endfacet
  facet normal -0 0 1
    outer loop
      vertex 210.469 58.626 5
      vertex 210.586 42.8 5
      vertex 210.586 58.8 5
    endloop
  endfacet
  facet normal 0 0 1
    outer loop
      vertex 210.469 58.626 5
      vertex 210.469 42.974 5
      vertex 210.586 42.8 5
    endloop
  endfacet
  facet normal -0 0 1
    outer loop
      vertex 210.331 58.4686 5
      vertex 210.469 42.974 5
      vertex 210.469 58.626 5
    endloop
  endfacet
  facet normal 0 0 1
    outer loop
      vertex 210.331 58.4686 5
      vertex 210.331 43.1314 5
      vertex 210.469 42.974 5
    endloop
  endfacet
  facet normal -0 0 1
    outer loop
      vertex 210.174 58.3306 5
      vertex 210.331 43.1314 5
      vertex 210.331 58.4686 5
    endloop
  endfacet
  facet normal 0 0 1
    outer loop
      vertex 210.174 58.3306 5
      vertex 210.174 43.2694 5
      vertex 210.331 43.1314 5
    endloop
  endfacet
  facet normal -0 0 1
    outer loop
      vertex 210 58.2144 5
      vertex 210.174 43.2694 5
      vertex 210.174 58.3306 5
    endloop
  endfacet
  facet normal 0 0 1
    outer loop
      vertex 210 58.2144 5
      vertex 210 43.3856 5
      vertex 210.174 43.2694 5
    endloop
  endfacet
  facet normal -0 0 1
    outer loop
      vertex 209.812 58.1218 5
      vertex 210 43.3856 5
      vertex 210 58.2144 5
    endloop
  endfacet
  facet normal 0 0 1
    outer loop
      vertex 209.812 58.1218 5
      vertex 209.812 43.4782 5
      vertex 210 43.3856 5
    endloop
  endfacet
  facet normal -0 0 1
    outer loop
      vertex 209.614 58.0545 5
      vertex 209.812 43.4782 5
      vertex 209.812 58.1218 5
    endloop
  endfacet
  facet normal 0 0 1
    outer loop
      vertex 209.614 58.0545 5
      vertex 209.614 43.5455 5
      vertex 209.812 43.4782 5
    endloop
  endfacet
  facet normal -0 0 1
    outer loop
      vertex 209.409 58.0137 5
      vertex 209.614 43.5455 5
      vertex 209.614 58.0545 5
    endloop
  endfacet
  facet normal 0 0 1
    outer loop
      vertex 209.409 58.0137 5
      vertex 209.409 43.5863 5
      vertex 209.614 43.5455 5
    endloop
  endfacet
  facet normal -0 0 1
    outer loop
      vertex 209.2 58 5
      vertex 209.409 43.5863 5
      vertex 209.409 58.0137 5
    endloop
  endfacet
  facet normal 0 0 1
    outer loop
      vertex 209.2 58 5
      vertex 209.2 43.6 5
      vertex 209.409 43.5863 5
    endloop
  endfacet
  facet normal 0 0 1
    outer loop
      vertex 208.991 58.0137 5
      vertex 209.2 43.6 5
      vertex 209.2 58 5
    endloop
  endfacet
  facet normal 0 0 1
    outer loop
      vertex 208.991 58.0137 5
      vertex 208.991 43.5863 5
      vertex 209.2 43.6 5
    endloop
  endfacet
  facet normal 0 0 1
    outer loop
      vertex 208.786 58.0545 5
      vertex 208.991 43.5863 5
      vertex 208.991 58.0137 5
    endloop
  endfacet
  facet normal 0 0 1
    outer loop
      vertex 208.786 58.0545 5
      vertex 208.786 43.5455 5
      vertex 208.991 43.5863 5
    endloop
  endfacet
  facet normal 0 0 1
    outer loop
      vertex 208.588 58.1218 5
      vertex 208.786 43.5455 5
      vertex 208.786 58.0545 5
    endloop
  endfacet
  facet normal 0 0 1
    outer loop
      vertex 208.588 58.1218 5
      vertex 208.588 43.4782 5
      vertex 208.786 43.5455 5
    endloop
  endfacet
  facet normal 0 0 1
    outer loop
      vertex 208.4 58.2144 5
      vertex 208.588 43.4782 5
      vertex 208.588 58.1218 5
    endloop
  endfacet
  facet normal 0 0 1
    outer loop
      vertex 208.4 58.2144 5
      vertex 208.4 43.3856 5
      vertex 208.588 43.4782 5
    endloop
  endfacet
  facet normal 0 0 1
    outer loop
      vertex 208.226 58.3306 5
      vertex 208.4 43.3856 5
      vertex 208.4 58.2144 5
    endloop
  endfacet
  facet normal 0 0 1
    outer loop
      vertex 208.226 58.3306 5
      vertex 208.226 43.2694 5
      vertex 208.4 43.3856 5
    endloop
  endfacet
  facet normal 0 0 1
    outer loop
      vertex 208.069 58.4686 5
      vertex 208.226 43.2694 5
      vertex 208.226 58.3306 5
    endloop
  endfacet
  facet normal 0 0 1
    outer loop
      vertex 208.069 58.4686 5
      vertex 208.069 43.1314 5
      vertex 208.226 43.2694 5
    endloop
  endfacet
  facet normal 0 0 1
    outer loop
      vertex 207.931 58.626 5
      vertex 208.069 43.1314 5
      vertex 208.069 58.4686 5
    endloop
  endfacet
  facet normal 0 0 1
    outer loop
      vertex 207.931 58.626 5
      vertex 207.931 42.974 5
      vertex 208.069 43.1314 5
    endloop
  endfacet
  facet normal 0 0 1
    outer loop
      vertex 207.814 58.8 5
      vertex 207.931 42.974 5
      vertex 207.931 58.626 5
    endloop
  endfacet
  facet normal 0 0 1
    outer loop
      vertex 207.814 58.8 5
      vertex 207.814 42.8 5
      vertex 207.931 42.974 5
    endloop
  endfacet
  facet normal 0 0 1
    outer loop
      vertex 207.722 58.9877 5
      vertex 207.814 42.8 5
      vertex 207.814 58.8 5
    endloop
  endfacet
  facet normal 0 0 1
    outer loop
      vertex 207.722 58.9877 5
      vertex 207.722 42.6123 5
      vertex 207.814 42.8 5
    endloop
  endfacet
  facet normal 0 0 1
    outer loop
      vertex 207.655 59.1859 5
      vertex 207.722 42.6123 5
      vertex 207.722 58.9877 5
    endloop
  endfacet
  facet normal 0 0 1
    outer loop
      vertex 207.655 59.1859 5
      vertex 207.655 42.4141 5
      vertex 207.722 42.6123 5
    endloop
  endfacet
  facet normal 0 0 1
    outer loop
      vertex 207.614 59.3912 5
      vertex 207.655 42.4141 5
      vertex 207.655 59.1859 5
    endloop
  endfacet
  facet normal 0 0 1
    outer loop
      vertex 207.614 59.3912 5
      vertex 207.614 42.2088 5
      vertex 207.655 42.4141 5
    endloop
  endfacet
  facet normal 0 0 1
    outer loop
      vertex 196 18 5
      vertex 207.614 59.3912 5
      vertex 207.6 59.6 5
    endloop
  endfacet
  facet normal 0 0 1
    outer loop
      vertex 207.614 59.3912 5
      vertex 196 18 5
      vertex 207.614 42.2088 5
    endloop
  endfacet
  facet normal -0 0 1
    outer loop
      vertex 210.786 104.391 5
      vertex 210.8 69.6 5
      vertex 210.8 104.6 5
    endloop
  endfacet
  facet normal 0 0 1
    outer loop
      vertex 210.786 104.391 5
      vertex 210.786 69.8088 5
      vertex 210.8 69.6 5
    endloop
  endfacet
  facet normal -0 0 1
    outer loop
      vertex 210.745 104.186 5
      vertex 210.786 69.8088 5
      vertex 210.786 104.391 5
    endloop
  endfacet
  facet normal 0 0 1
    outer loop
      vertex 210.745 104.186 5
      vertex 210.745 70.0141 5
      vertex 210.786 69.8088 5
    endloop
  endfacet
  facet normal -0 0 1
    outer loop
      vertex 210.678 103.988 5
      vertex 210.745 70.0141 5
      vertex 210.745 104.186 5
    endloop
  endfacet
  facet normal 0 0 1
    outer loop
      vertex 210.678 103.988 5
      vertex 210.678 70.2123 5
      vertex 210.745 70.0141 5
    endloop
  endfacet
  facet normal -0 0 1
    outer loop
      vertex 210.586 103.8 5
      vertex 210.678 70.2123 5
      vertex 210.678 103.988 5
    endloop
  endfacet
  facet normal 0 0 1
    outer loop
      vertex 210.586 103.8 5
      vertex 210.586 70.4 5
      vertex 210.678 70.2123 5
    endloop
  endfacet
  facet normal -0 0 1
    outer loop
      vertex 210.469 103.626 5
      vertex 210.586 70.4 5
      vertex 210.586 103.8 5
    endloop
  endfacet
  facet normal 0 0 1
    outer loop
      vertex 210.469 103.626 5
      vertex 210.469 70.574 5
      vertex 210.586 70.4 5
    endloop
  endfacet
  facet normal -0 0 1
    outer loop
      vertex 210.331 103.469 5
      vertex 210.469 70.574 5
      vertex 210.469 103.626 5
    endloop
  endfacet
  facet normal 0 0 1
    outer loop
      vertex 210.331 103.469 5
      vertex 210.331 70.7314 5
      vertex 210.469 70.574 5
    endloop
  endfacet
  facet normal -0 0 1
    outer loop
      vertex 210.174 103.331 5
      vertex 210.331 70.7314 5
      vertex 210.331 103.469 5
    endloop
  endfacet
  facet normal 0 0 1
    outer loop
      vertex 210.174 103.331 5
      vertex 210.174 70.8694 5
      vertex 210.331 70.7314 5
    endloop
  endfacet
  facet normal -0 0 1
    outer loop
      vertex 210 103.214 5
      vertex 210.174 70.8694 5
      vertex 210.174 103.331 5
    endloop
  endfacet
  facet normal 0 0 1
    outer loop
      vertex 210 103.214 5
      vertex 210 70.9856 5
      vertex 210.174 70.8694 5
    endloop
  endfacet
  facet normal -0 0 1
    outer loop
      vertex 209.812 103.122 5
      vertex 210 70.9856 5
      vertex 210 103.214 5
    endloop
  endfacet
  facet normal 0 0 1
    outer loop
      vertex 209.812 103.122 5
      vertex 209.812 71.0782 5
      vertex 210 70.9856 5
    endloop
  endfacet
  facet normal -0 0 1
    outer loop
      vertex 209.614 103.055 5
      vertex 209.812 71.0782 5
      vertex 209.812 103.122 5
    endloop
  endfacet
  facet normal 0 0 1
    outer loop
      vertex 209.614 103.055 5
      vertex 209.614 71.1455 5
      vertex 209.812 71.0782 5
    endloop
  endfacet
  facet normal -0 0 1
    outer loop
      vertex 209.409 103.014 5
      vertex 209.614 71.1455 5
      vertex 209.614 103.055 5
    endloop
  endfacet
  facet normal 0 0 1
    outer loop
      vertex 209.409 103.014 5
      vertex 209.409 71.1863 5
      vertex 209.614 71.1455 5
    endloop
  endfacet
  facet normal -0 0 1
    outer loop
      vertex 209.2 103 5
      vertex 209.409 71.1863 5
      vertex 209.409 103.014 5
    endloop
  endfacet
  facet normal 0 0 1
    outer loop
      vertex 209.2 103 5
      vertex 209.2 71.2 5
      vertex 209.409 71.1863 5
    endloop
  endfacet
  facet normal 0 0 1
    outer loop
      vertex 208.991 103.014 5
      vertex 209.2 71.2 5
      vertex 209.2 103 5
    endloop
  endfacet
  facet normal 0 0 1
    outer loop
      vertex 208.991 103.014 5
      vertex 208.991 71.1863 5
      vertex 209.2 71.2 5
    endloop
  endfacet
  facet normal 0 0 1
    outer loop
      vertex 208.786 103.055 5
      vertex 208.991 71.1863 5
      vertex 208.991 103.014 5
    endloop
  endfacet
  facet normal 0 0 1
    outer loop
      vertex 208.786 103.055 5
      vertex 208.786 71.1455 5
      vertex 208.991 71.1863 5
    endloop
  endfacet
  facet normal 0 0 1
    outer loop
      vertex 208.588 103.122 5
      vertex 208.786 71.1455 5
      vertex 208.786 103.055 5
    endloop
  endfacet
  facet normal 0 0 1
    outer loop
      vertex 208.588 103.122 5
      vertex 208.588 71.0782 5
      vertex 208.786 71.1455 5
    endloop
  endfacet
  facet normal 0 0 1
    outer loop
      vertex 208.4 103.214 5
      vertex 208.588 71.0782 5
      vertex 208.588 103.122 5
    endloop
  endfacet
  facet normal 0 0 1
    outer loop
      vertex 208.4 103.214 5
      vertex 208.4 70.9856 5
      vertex 208.588 71.0782 5
    endloop
  endfacet
  facet normal 0 0 1
    outer loop
      vertex 208.226 103.331 5
      vertex 208.4 70.9856 5
      vertex 208.4 103.214 5
    endloop
  endfacet
  facet normal 0 0 1
    outer loop
      vertex 208.226 103.331 5
      vertex 208.226 70.8694 5
      vertex 208.4 70.9856 5
    endloop
  endfacet
  facet normal 0 0 1
    outer loop
      vertex 208.069 103.469 5
      vertex 208.226 70.8694 5
      vertex 208.226 103.331 5
    endloop
  endfacet
  facet normal 0 0 1
    outer loop
      vertex 208.069 103.469 5
      vertex 208.069 70.7314 5
      vertex 208.226 70.8694 5
    endloop
  endfacet
  facet normal 0 0 1
    outer loop
      vertex 207.931 103.626 5
      vertex 208.069 70.7314 5
      vertex 208.069 103.469 5
    endloop
  endfacet
  facet normal 0 0 1
    outer loop
      vertex 207.931 103.626 5
      vertex 207.931 70.574 5
      vertex 208.069 70.7314 5
    endloop
  endfacet
  facet normal 0 0 1
    outer loop
      vertex 207.814 103.8 5
      vertex 207.931 70.574 5
      vertex 207.931 103.626 5
    endloop
  endfacet
  facet normal 0 0 1
    outer loop
      vertex 207.814 103.8 5
      vertex 207.814 70.4 5
      vertex 207.931 70.574 5
    endloop
  endfacet
  facet normal 0 0 1
    outer loop
      vertex 207.722 103.988 5
      vertex 207.814 70.4 5
      vertex 207.814 103.8 5
    endloop
  endfacet
  facet normal 0 0 1
    outer loop
      vertex 207.722 103.988 5
      vertex 207.722 70.2123 5
      vertex 207.814 70.4 5
    endloop
  endfacet
  facet normal 0 0 1
    outer loop
      vertex 207.655 104.186 5
      vertex 207.722 70.2123 5
      vertex 207.722 103.988 5
    endloop
  endfacet
  facet normal 0 0 1
    outer loop
      vertex 207.655 104.186 5
      vertex 207.655 70.0141 5
      vertex 207.722 70.2123 5
    endloop
  endfacet
  facet normal 0 0 1
    outer loop
      vertex 207.614 104.391 5
      vertex 207.655 70.0141 5
      vertex 207.655 104.186 5
    endloop
  endfacet
  facet normal 0 0 1
    outer loop
      vertex 207.614 104.391 5
      vertex 207.614 69.8088 5
      vertex 207.655 70.0141 5
    endloop
  endfacet
  facet normal 0 0 1
    outer loop
      vertex 196 18 5
      vertex 207.614 104.391 5
      vertex 207.6 104.6 5
    endloop
  endfacet
  facet normal 0 0 1
    outer loop
      vertex 207.614 104.391 5
      vertex 196 18 5
      vertex 207.614 69.8088 5
    endloop
  endfacet
  facet normal -0 0 1
    outer loop
      vertex 210.786 149.391 5
      vertex 210.8 114.6 5
      vertex 210.8 149.6 5
    endloop
  endfacet
  facet normal 0 0 1
    outer loop
      vertex 210.786 149.391 5
      vertex 210.786 114.809 5
      vertex 210.8 114.6 5
    endloop
  endfacet
  facet normal -0 0 1
    outer loop
      vertex 210.745 149.186 5
      vertex 210.786 114.809 5
      vertex 210.786 149.391 5
    endloop
  endfacet
  facet normal 0 0 1
    outer loop
      vertex 210.745 149.186 5
      vertex 210.745 115.014 5
      vertex 210.786 114.809 5
    endloop
  endfacet
  facet normal -0 0 1
    outer loop
      vertex 210.678 148.988 5
      vertex 210.745 115.014 5
      vertex 210.745 149.186 5
    endloop
  endfacet
  facet normal 0 0 1
    outer loop
      vertex 210.678 148.988 5
      vertex 210.678 115.212 5
      vertex 210.745 115.014 5
    endloop
  endfacet
  facet normal -0 0 1
    outer loop
      vertex 210.586 148.8 5
      vertex 210.678 115.212 5
      vertex 210.678 148.988 5
    endloop
  endfacet
  facet normal 0 0 1
    outer loop
      vertex 210.586 148.8 5
      vertex 210.586 115.4 5
      vertex 210.678 115.212 5
    endloop
  endfacet
  facet normal -0 0 1
    outer loop
      vertex 210.469 148.626 5
      vertex 210.586 115.4 5
      vertex 210.586 148.8 5
    endloop
  endfacet
  facet normal 0 0 1
    outer loop
      vertex 210.469 148.626 5
      vertex 210.469 115.574 5
      vertex 210.586 115.4 5
    endloop
  endfacet
  facet normal -0 0 1
    outer loop
      vertex 210.331 148.469 5
      vertex 210.469 115.574 5
      vertex 210.469 148.626 5
    endloop
  endfacet
  facet normal 0 0 1
    outer loop
      vertex 210.331 148.469 5
      vertex 210.331 115.731 5
      vertex 210.469 115.574 5
    endloop
  endfacet
  facet normal -0 0 1
    outer loop
      vertex 210.174 148.331 5
      vertex 210.331 115.731 5
      vertex 210.331 148.469 5
    endloop
  endfacet
  facet normal 0 0 1
    outer loop
      vertex 210.174 148.331 5
      vertex 210.174 115.869 5
      vertex 210.331 115.731 5
    endloop
  endfacet
  facet normal -0 0 1
    outer loop
      vertex 210 148.214 5
      vertex 210.174 115.869 5
      vertex 210.174 148.331 5
    endloop
  endfacet
  facet normal 0 0 1
    outer loop
      vertex 210 148.214 5
      vertex 210 115.986 5
      vertex 210.174 115.869 5
    endloop
  endfacet
  facet normal -0 0 1
    outer loop
      vertex 209.812 148.122 5
      vertex 210 115.986 5
      vertex 210 148.214 5
    endloop
  endfacet
  facet normal 0 0 1
    outer loop
      vertex 209.812 148.122 5
      vertex 209.812 116.078 5
      vertex 210 115.986 5
    endloop
  endfacet
  facet normal -0 0 1
    outer loop
      vertex 209.614 148.055 5
      vertex 209.812 116.078 5
      vertex 209.812 148.122 5
    endloop
  endfacet
  facet normal 0 0 1
    outer loop
      vertex 209.614 148.055 5
      vertex 209.614 116.145 5
      vertex 209.812 116.078 5
    endloop
  endfacet
  facet normal -0 0 1
    outer loop
      vertex 209.409 148.014 5
      vertex 209.614 116.145 5
      vertex 209.614 148.055 5
    endloop
  endfacet
  facet normal 0 0 1
    outer loop
      vertex 209.409 148.014 5
      vertex 209.409 116.186 5
      vertex 209.614 116.145 5
    endloop
  endfacet
  facet normal -0 0 1
    outer loop
      vertex 209.2 148 5
      vertex 209.409 116.186 5
      vertex 209.409 148.014 5
    endloop
  endfacet
  facet normal 0 0 1
    outer loop
      vertex 209.2 148 5
      vertex 209.2 116.2 5
      vertex 209.409 116.186 5
    endloop
  endfacet
  facet normal 0 0 1
    outer loop
      vertex 208.991 148.014 5
      vertex 209.2 116.2 5
      vertex 209.2 148 5
    endloop
  endfacet
  facet normal 0 0 1
    outer loop
      vertex 208.991 148.014 5
      vertex 208.991 116.186 5
      vertex 209.2 116.2 5
    endloop
  endfacet
  facet normal 0 0 1
    outer loop
      vertex 208.786 148.055 5
      vertex 208.991 116.186 5
      vertex 208.991 148.014 5
    endloop
  endfacet
  facet normal 0 0 1
    outer loop
      vertex 208.786 148.055 5
      vertex 208.786 116.145 5
      vertex 208.991 116.186 5
    endloop
  endfacet
  facet normal 0 0 1
    outer loop
      vertex 208.588 148.122 5
      vertex 208.786 116.145 5
      vertex 208.786 148.055 5
    endloop
  endfacet
  facet normal 0 0 1
    outer loop
      vertex 208.588 148.122 5
      vertex 208.588 116.078 5
      vertex 208.786 116.145 5
    endloop
  endfacet
  facet normal 0 0 1
    outer loop
      vertex 208.4 148.214 5
      vertex 208.588 116.078 5
      vertex 208.588 148.122 5
    endloop
  endfacet
  facet normal 0 0 1
    outer loop
      vertex 208.4 148.214 5
      vertex 208.4 115.986 5
      vertex 208.588 116.078 5
    endloop
  endfacet
  facet normal 0 0 1
    outer loop
      vertex 208.226 148.331 5
      vertex 208.4 115.986 5
      vertex 208.4 148.214 5
    endloop
  endfacet
  facet normal 0 0 1
    outer loop
      vertex 208.226 148.331 5
      vertex 208.226 115.869 5
      vertex 208.4 115.986 5
    endloop
  endfacet
  facet normal 0 0 1
    outer loop
      vertex 208.069 148.469 5
      vertex 208.226 115.869 5
      vertex 208.226 148.331 5
    endloop
  endfacet
  facet normal 0 0 1
    outer loop
      vertex 208.069 148.469 5
      vertex 208.069 115.731 5
      vertex 208.226 115.869 5
    endloop
  endfacet
  facet normal 0 0 1
    outer loop
      vertex 207.931 148.626 5
      vertex 208.069 115.731 5
      vertex 208.069 148.469 5
    endloop
  endfacet
  facet normal 0 0 1
    outer loop
      vertex 207.931 148.626 5
      vertex 207.931 115.574 5
      vertex 208.069 115.731 5
    endloop
  endfacet
  facet normal 0 0 1
    outer loop
      vertex 207.814 148.8 5
      vertex 207.931 115.574 5
      vertex 207.931 148.626 5
    endloop
  endfacet
  facet normal 0 0 1
    outer loop
      vertex 207.814 148.8 5
      vertex 207.814 115.4 5
      vertex 207.931 115.574 5
    endloop
  endfacet
  facet normal 0 0 1
    outer loop
      vertex 207.722 148.988 5
      vertex 207.814 115.4 5
      vertex 207.814 148.8 5
    endloop
  endfacet
  facet normal 0 0 1
    outer loop
      vertex 207.722 148.988 5
      vertex 207.722 115.212 5
      vertex 207.814 115.4 5
    endloop
  endfacet
  facet normal 0 0 1
    outer loop
      vertex 207.655 149.186 5
      vertex 207.722 115.212 5
      vertex 207.722 148.988 5
    endloop
  endfacet
  facet normal 0 0 1
    outer loop
      vertex 207.655 149.186 5
      vertex 207.655 115.014 5
      vertex 207.722 115.212 5
    endloop
  endfacet
  facet normal 0 0 1
    outer loop
      vertex 207.614 149.391 5
      vertex 207.655 115.014 5
      vertex 207.655 149.186 5
    endloop
  endfacet
  facet normal 0 0 1
    outer loop
      vertex 207.614 149.391 5
      vertex 207.614 114.809 5
      vertex 207.655 115.014 5
    endloop
  endfacet
  facet normal 0 0 1
    outer loop
      vertex 207.814 186 5
      vertex 194.58 199.075 5
      vertex 207.722 185.812 5
    endloop
  endfacet
  facet normal 0 0 1
    outer loop
      vertex 207.722 185.812 5
      vertex 194.58 199.075 5
      vertex 207.655 185.614 5
    endloop
  endfacet
  facet normal -0 0 1
    outer loop
      vertex 210.786 176.991 5
      vertex 210.8 159.6 5
      vertex 210.8 177.2 5
    endloop
  endfacet
  facet normal 0 0 1
    outer loop
      vertex 210.786 176.991 5
      vertex 210.786 159.809 5
      vertex 210.8 159.6 5
    endloop
  endfacet
  facet normal -0 0 1
    outer loop
      vertex 210.745 176.786 5
      vertex 210.786 159.809 5
      vertex 210.786 176.991 5
    endloop
  endfacet
  facet normal 0 0 1
    outer loop
      vertex 210.745 176.786 5
      vertex 210.745 160.014 5
      vertex 210.786 159.809 5
    endloop
  endfacet
  facet normal -0 0 1
    outer loop
      vertex 210.678 176.588 5
      vertex 210.745 160.014 5
      vertex 210.745 176.786 5
    endloop
  endfacet
  facet normal 0 0 1
    outer loop
      vertex 210.678 176.588 5
      vertex 210.678 160.212 5
      vertex 210.745 160.014 5
    endloop
  endfacet
  facet normal -0 0 1
    outer loop
      vertex 210.586 176.4 5
      vertex 210.678 160.212 5
      vertex 210.678 176.588 5
    endloop
  endfacet
  facet normal 0 0 1
    outer loop
      vertex 210.586 176.4 5
      vertex 210.586 160.4 5
      vertex 210.678 160.212 5
    endloop
  endfacet
  facet normal -0 0 1
    outer loop
      vertex 210.469 176.226 5
      vertex 210.586 160.4 5
      vertex 210.586 176.4 5
    endloop
  endfacet
  facet normal 0 0 1
    outer loop
      vertex 210.469 176.226 5
      vertex 210.469 160.574 5
      vertex 210.586 160.4 5
    endloop
  endfacet
  facet normal -0 0 1
    outer loop
      vertex 210.331 176.069 5
      vertex 210.469 160.574 5
      vertex 210.469 176.226 5
    endloop
  endfacet
  facet normal 0 0 1
    outer loop
      vertex 210.331 176.069 5
      vertex 210.331 160.731 5
      vertex 210.469 160.574 5
    endloop
  endfacet
  facet normal -0 0 1
    outer loop
      vertex 210.174 175.931 5
      vertex 210.331 160.731 5
      vertex 210.331 176.069 5
    endloop
  endfacet
  facet normal 0 0 1
    outer loop
      vertex 210.174 175.931 5
      vertex 210.174 160.869 5
      vertex 210.331 160.731 5
    endloop
  endfacet
  facet normal -0 0 1
    outer loop
      vertex 210 175.814 5
      vertex 210.174 160.869 5
      vertex 210.174 175.931 5
    endloop
  endfacet
  facet normal 0 0 1
    outer loop
      vertex 210 175.814 5
      vertex 210 160.986 5
      vertex 210.174 160.869 5
    endloop
  endfacet
  facet normal -0 0 1
    outer loop
      vertex 209.812 175.722 5
      vertex 210 160.986 5
      vertex 210 175.814 5
    endloop
  endfacet
  facet normal 0 0 1
    outer loop
      vertex 209.812 175.722 5
      vertex 209.812 161.078 5
      vertex 210 160.986 5
    endloop
  endfacet
  facet normal -0 0 1
    outer loop
      vertex 209.614 175.655 5
      vertex 209.812 161.078 5
      vertex 209.812 175.722 5
    endloop
  endfacet
  facet normal 0 0 1
    outer loop
      vertex 209.614 175.655 5
      vertex 209.614 161.145 5
      vertex 209.812 161.078 5
    endloop
  endfacet
  facet normal -0 0 1
    outer loop
      vertex 209.409 175.614 5
      vertex 209.614 161.145 5
      vertex 209.614 175.655 5
    endloop
  endfacet
  facet normal 0 0 1
    outer loop
      vertex 209.409 175.614 5
      vertex 209.409 161.186 5
      vertex 209.614 161.145 5
    endloop
  endfacet
  facet normal -0 0 1
    outer loop
      vertex 209.2 175.6 5
      vertex 209.409 161.186 5
      vertex 209.409 175.614 5
    endloop
  endfacet
  facet normal 0 0 1
    outer loop
      vertex 209.2 175.6 5
      vertex 209.2 161.2 5
      vertex 209.409 161.186 5
    endloop
  endfacet
  facet normal 0 0 1
    outer loop
      vertex 208.991 175.614 5
      vertex 209.2 161.2 5
      vertex 209.2 175.6 5
    endloop
  endfacet
  facet normal 0 0 1
    outer loop
      vertex 208.991 175.614 5
      vertex 208.991 161.186 5
      vertex 209.2 161.2 5
    endloop
  endfacet
  facet normal 0 0 1
    outer loop
      vertex 208.786 175.655 5
      vertex 208.991 161.186 5
      vertex 208.991 175.614 5
    endloop
  endfacet
  facet normal 0 0 1
    outer loop
      vertex 208.786 175.655 5
      vertex 208.786 161.145 5
      vertex 208.991 161.186 5
    endloop
  endfacet
  facet normal 0 0 1
    outer loop
      vertex 208.588 175.722 5
      vertex 208.786 161.145 5
      vertex 208.786 175.655 5
    endloop
  endfacet
  facet normal 0 0 1
    outer loop
      vertex 208.588 175.722 5
      vertex 208.588 161.078 5
      vertex 208.786 161.145 5
    endloop
  endfacet
  facet normal 0 0 1
    outer loop
      vertex 208.4 175.814 5
      vertex 208.588 161.078 5
      vertex 208.588 175.722 5
    endloop
  endfacet
  facet normal 0 0 1
    outer loop
      vertex 208.4 175.814 5
      vertex 208.4 160.986 5
      vertex 208.588 161.078 5
    endloop
  endfacet
  facet normal 0 0 1
    outer loop
      vertex 208.226 175.931 5
      vertex 208.4 160.986 5
      vertex 208.4 175.814 5
    endloop
  endfacet
  facet normal 0 0 1
    outer loop
      vertex 208.226 175.931 5
      vertex 208.226 160.869 5
      vertex 208.4 160.986 5
    endloop
  endfacet
  facet normal 0 0 1
    outer loop
      vertex 208.069 176.069 5
      vertex 208.226 160.869 5
      vertex 208.226 175.931 5
    endloop
  endfacet
  facet normal 0 0 1
    outer loop
      vertex 208.069 176.069 5
      vertex 208.069 160.731 5
      vertex 208.226 160.869 5
    endloop
  endfacet
  facet normal 0 0 1
    outer loop
      vertex 207.931 176.226 5
      vertex 208.069 160.731 5
      vertex 208.069 176.069 5
    endloop
  endfacet
  facet normal 0 0 1
    outer loop
      vertex 207.931 176.226 5
      vertex 207.931 160.574 5
      vertex 208.069 160.731 5
    endloop
  endfacet
  facet normal 0 0 1
    outer loop
      vertex 207.814 176.4 5
      vertex 207.931 160.574 5
      vertex 207.931 176.226 5
    endloop
  endfacet
  facet normal 0 0 1
    outer loop
      vertex 207.814 176.4 5
      vertex 207.814 160.4 5
      vertex 207.931 160.574 5
    endloop
  endfacet
  facet normal 0 0 1
    outer loop
      vertex 207.722 176.588 5
      vertex 207.814 160.4 5
      vertex 207.814 176.4 5
    endloop
  endfacet
  facet normal 0 0 1
    outer loop
      vertex 207.722 176.588 5
      vertex 207.722 160.212 5
      vertex 207.814 160.4 5
    endloop
  endfacet
  facet normal 0 0 1
    outer loop
      vertex 207.655 176.786 5
      vertex 207.722 160.212 5
      vertex 207.722 176.588 5
    endloop
  endfacet
  facet normal 0 0 1
    outer loop
      vertex 207.655 176.786 5
      vertex 207.655 160.014 5
      vertex 207.722 160.212 5
    endloop
  endfacet
  facet normal 0 0 1
    outer loop
      vertex 207.614 176.991 5
      vertex 207.655 160.014 5
      vertex 207.655 176.786 5
    endloop
  endfacet
  facet normal 0 0 1
    outer loop
      vertex 207.614 176.991 5
      vertex 207.614 159.809 5
      vertex 207.655 160.014 5
    endloop
  endfacet
  facet normal 0 0 1
    outer loop
      vertex 208.069 186.331 5
      vertex 195.1 199.375 5
      vertex 207.931 186.174 5
    endloop
  endfacet
  facet normal -0 0 1
    outer loop
      vertex 194.85 199.208 5
      vertex 207.931 186.174 5
      vertex 195.1 199.375 5
    endloop
  endfacet
  facet normal 0 0 1
    outer loop
      vertex 215.2 219.2 5
      vertex 219.2 215.2 5
      vertex 219.166 215.722 5
    endloop
  endfacet
  facet normal 0 0 1
    outer loop
      vertex 219.2 215.2 5
      vertex 210.8 114.6 5
      vertex 219.2 4 5
    endloop
  endfacet
  facet normal 0 0 1
    outer loop
      vertex 215.2 219.2 5
      vertex 219.166 215.722 5
      vertex 219.064 216.235 5
    endloop
  endfacet
  facet normal -0 0 1
    outer loop
      vertex 210.8 104.6 5
      vertex 219.2 4 5
      vertex 210.8 114.6 5
    endloop
  endfacet
  facet normal 0 0 1
    outer loop
      vertex 215.2 219.2 5
      vertex 219.064 216.235 5
      vertex 218.896 216.731 5
    endloop
  endfacet
  facet normal -0 0 1
    outer loop
      vertex 210.8 69.6 5
      vertex 219.2 4 5
      vertex 210.8 104.6 5
    endloop
  endfacet
  facet normal 0 0 1
    outer loop
      vertex 215.2 219.2 5
      vertex 218.896 216.731 5
      vertex 218.664 217.2 5
    endloop
  endfacet
  facet normal -0 0 1
    outer loop
      vertex 210.8 59.6 5
      vertex 219.2 4 5
      vertex 210.8 69.6 5
    endloop
  endfacet
  facet normal 0 0 1
    outer loop
      vertex 215.2 219.2 5
      vertex 218.664 217.2 5
      vertex 218.373 217.635 5
    endloop
  endfacet
  facet normal -0 0 1
    outer loop
      vertex 210.8 42 5
      vertex 219.2 4 5
      vertex 210.8 59.6 5
    endloop
  endfacet
  facet normal 0 0 1
    outer loop
      vertex 215.2 219.2 5
      vertex 218.373 217.635 5
      vertex 218.028 218.028 5
    endloop
  endfacet
  facet normal -0 0 1
    outer loop
      vertex 210.8 34 5
      vertex 219.2 4 5
      vertex 210.8 42 5
    endloop
  endfacet
  facet normal 0 0 1
    outer loop
      vertex 215.2 219.2 5
      vertex 218.028 218.028 5
      vertex 217.635 218.373 5
    endloop
  endfacet
  facet normal -0 0 1
    outer loop
      vertex 210.786 33.7912 5
      vertex 219.2 4 5
      vertex 210.8 34 5
    endloop
  endfacet
  facet normal 0 0 1
    outer loop
      vertex 215.2 219.2 5
      vertex 217.635 218.373 5
      vertex 217.2 218.664 5
    endloop
  endfacet
  facet normal -0 0 1
    outer loop
      vertex 210.745 33.5859 5
      vertex 219.2 4 5
      vertex 210.786 33.7912 5
    endloop
  endfacet
  facet normal 0 0 1
    outer loop
      vertex 215.2 219.2 5
      vertex 217.2 218.664 5
      vertex 216.731 218.896 5
    endloop
  endfacet
  facet normal -0 0 1
    outer loop
      vertex 210.678 33.3877 5
      vertex 219.2 4 5
      vertex 210.745 33.5859 5
    endloop
  endfacet
  facet normal 0 0 1
    outer loop
      vertex 215.2 219.2 5
      vertex 216.731 218.896 5
      vertex 216.235 219.064 5
    endloop
  endfacet
  facet normal -0 0 1
    outer loop
      vertex 210.586 33.2 5
      vertex 219.2 4 5
      vertex 210.678 33.3877 5
    endloop
  endfacet
  facet normal 0 0 1
    outer loop
      vertex 215.2 219.2 5
      vertex 216.235 219.064 5
      vertex 215.722 219.166 5
    endloop
  endfacet
  facet normal -0 0 1
    outer loop
      vertex 210.469 33.026 5
      vertex 219.2 4 5
      vertex 210.586 33.2 5
    endloop
  endfacet
  facet normal 0 0 1
    outer loop
      vertex 219.2 215.2 5
      vertex 215.2 219.2 5
      vertex 195.825 202.08 5
    endloop
  endfacet
  facet normal -0 0 1
    outer loop
      vertex 210.331 32.8686 5
      vertex 219.2 4 5
      vertex 210.469 33.026 5
    endloop
  endfacet
  facet normal 0 0 1
    outer loop
      vertex 219.2 215.2 5
      vertex 210.8 185.2 5
      vertex 210.8 177.2 5
    endloop
  endfacet
  facet normal 0 0 1
    outer loop
      vertex 219.2 215.2 5
      vertex 210.786 185.409 5
      vertex 210.8 185.2 5
    endloop
  endfacet
  facet normal 0 0 1
    outer loop
      vertex 219.2 215.2 5
      vertex 210.745 185.614 5
      vertex 210.786 185.409 5
    endloop
  endfacet
  facet normal 0 0 1
    outer loop
      vertex 219.2 215.2 5
      vertex 210.678 185.812 5
      vertex 210.745 185.614 5
    endloop
  endfacet
  facet normal 0 0 1
    outer loop
      vertex 219.2 215.2 5
      vertex 210.586 186 5
      vertex 210.678 185.812 5
    endloop
  endfacet
  facet normal 0 0 1
    outer loop
      vertex 219.2 215.2 5
      vertex 210.469 186.174 5
      vertex 210.586 186 5
    endloop
  endfacet
  facet normal 0 0 1
    outer loop
      vertex 219.2 215.2 5
      vertex 210.331 186.331 5
      vertex 210.469 186.174 5
    endloop
  endfacet
  facet normal 0 0 1
    outer loop
      vertex 219.2 215.2 5
      vertex 210.174 186.469 5
      vertex 210.331 186.331 5
    endloop
  endfacet
  facet normal 0 0 1
    outer loop
      vertex 219.2 215.2 5
      vertex 210 186.586 5
      vertex 210.174 186.469 5
    endloop
  endfacet
  facet normal 0 0 1
    outer loop
      vertex 219.2 215.2 5
      vertex 209.812 186.678 5
      vertex 210 186.586 5
    endloop
  endfacet
  facet normal 0 0 1
    outer loop
      vertex 219.2 215.2 5
      vertex 209.614 186.745 5
      vertex 209.812 186.678 5
    endloop
  endfacet
  facet normal 0 0 1
    outer loop
      vertex 219.2 215.2 5
      vertex 209.409 186.786 5
      vertex 209.614 186.745 5
    endloop
  endfacet
  facet normal 0 0 1
    outer loop
      vertex 219.2 215.2 5
      vertex 195.98 201.5 5
      vertex 196 201.2 5
    endloop
  endfacet
  facet normal 0 0 1
    outer loop
      vertex 219.2 215.2 5
      vertex 196 201.2 5
      vertex 209.409 186.786 5
    endloop
  endfacet
  facet normal 0 0 1
    outer loop
      vertex 209.409 186.786 5
      vertex 196 201.2 5
      vertex 209.2 186.8 5
    endloop
  endfacet
  facet normal -0 0 1
    outer loop
      vertex 195.98 200.9 5
      vertex 209.2 186.8 5
      vertex 196 201.2 5
    endloop
  endfacet
  facet normal 0 0 1
    outer loop
      vertex 209.2 186.8 5
      vertex 195.98 200.9 5
      vertex 208.991 186.786 5
    endloop
  endfacet
  facet normal -0 0 1
    outer loop
      vertex 195.922 200.605 5
      vertex 208.991 186.786 5
      vertex 195.98 200.9 5
    endloop
  endfacet
  facet normal 0 0 1
    outer loop
      vertex 208.991 186.786 5
      vertex 195.922 200.605 5
      vertex 208.786 186.745 5
    endloop
  endfacet
  facet normal 0 0 1
    outer loop
      vertex 208.786 186.745 5
      vertex 195.825 200.32 5
      vertex 208.588 186.678 5
    endloop
  endfacet
  facet normal -0 0 1
    outer loop
      vertex 195.692 200.05 5
      vertex 208.588 186.678 5
      vertex 195.825 200.32 5
    endloop
  endfacet
  facet normal 0 0 1
    outer loop
      vertex 208.588 186.678 5
      vertex 195.692 200.05 5
      vertex 208.4 186.586 5
    endloop
  endfacet
  facet normal -0 0 1
    outer loop
      vertex 195.525 199.8 5
      vertex 208.4 186.586 5
      vertex 195.692 200.05 5
    endloop
  endfacet
  facet normal -0 0 1
    outer loop
      vertex 195.1 199.375 5
      vertex 208.069 186.331 5
      vertex 195.326 199.574 5
    endloop
  endfacet
  facet normal 0 0 1
    outer loop
      vertex 207.931 186.174 5
      vertex 194.85 199.208 5
      vertex 207.814 186 5
    endloop
  endfacet
  facet normal -0 0 1
    outer loop
      vertex 194.58 199.075 5
      vertex 207.814 186 5
      vertex 194.85 199.208 5
    endloop
  endfacet
  facet normal -0 0 1
    outer loop
      vertex 194.295 198.978 5
      vertex 207.655 185.614 5
      vertex 194.58 199.075 5
    endloop
  endfacet
  facet normal 0 0 1
    outer loop
      vertex 207.655 185.614 5
      vertex 194.295 198.978 5
      vertex 207.614 185.409 5
    endloop
  endfacet
  facet normal -0 0 1
    outer loop
      vertex 187.45 194.95 5
      vertex 207.614 185.409 5
      vertex 194.295 198.978 5
    endloop
  endfacet
  facet normal 0 0 1
    outer loop
      vertex 207.614 69.8088 5
      vertex 196 18 5
      vertex 207.6 69.6 5
    endloop
  endfacet
  facet normal 0 0 1
    outer loop
      vertex 207.6 69.6 5
      vertex 196 18 5
      vertex 207.6 59.6 5
    endloop
  endfacet
  facet normal 0 0 1
    outer loop
      vertex 207.614 42.2088 5
      vertex 196 18 5
      vertex 207.6 42 5
    endloop
  endfacet
  facet normal 0 0 1
    outer loop
      vertex 208.226 186.469 5
      vertex 195.326 199.574 5
      vertex 208.069 186.331 5
    endloop
  endfacet
  facet normal -0 0 1
    outer loop
      vertex 195.326 199.574 5
      vertex 208.226 186.469 5
      vertex 195.525 199.8 5
    endloop
  endfacet
  facet normal 0 0 1
    outer loop
      vertex 208.4 186.586 5
      vertex 195.525 199.8 5
      vertex 208.226 186.469 5
    endloop
  endfacet
  facet normal -0 0 1
    outer loop
      vertex 195.825 200.32 5
      vertex 208.786 186.745 5
      vertex 195.922 200.605 5
    endloop
  endfacet
  facet normal 0 0 1
    outer loop
      vertex 219.2 215.2 5
      vertex 195.922 201.795 5
      vertex 195.98 201.5 5
    endloop
  endfacet
  facet normal 0 0 1
    outer loop
      vertex 219.2 215.2 5
      vertex 195.825 202.08 5
      vertex 195.922 201.795 5
    endloop
  endfacet
  facet normal 0 0 1
    outer loop
      vertex 215.2 219.2 5
      vertex 195.692 202.35 5
      vertex 195.825 202.08 5
    endloop
  endfacet
  facet normal 0 0 1
    outer loop
      vertex 215.2 219.2 5
      vertex 195.525 202.6 5
      vertex 195.692 202.35 5
    endloop
  endfacet
  facet normal 0 0 1
    outer loop
      vertex 215.2 219.2 5
      vertex 195.326 202.826 5
      vertex 195.525 202.6 5
    endloop
  endfacet
  facet normal 0 0 1
    outer loop
      vertex 215.2 219.2 5
      vertex 195.1 203.025 5
      vertex 195.326 202.826 5
    endloop
  endfacet
  facet normal 0 0 1
    outer loop
      vertex 215.2 219.2 5
      vertex 194.85 203.192 5
      vertex 195.1 203.025 5
    endloop
  endfacet
  facet normal 0 0 1
    outer loop
      vertex 215.2 219.2 5
      vertex 194.58 203.325 5
      vertex 194.85 203.192 5
    endloop
  endfacet
  facet normal 0 0 1
    outer loop
      vertex 215.2 219.2 5
      vertex 194.295 203.422 5
      vertex 194.58 203.325 5
    endloop
  endfacet
  facet normal 0 0 1
    outer loop
      vertex 215.2 219.2 5
      vertex 194 203.48 5
      vertex 194.295 203.422 5
    endloop
  endfacet
  facet normal 0 0 1
    outer loop
      vertex 215.2 219.2 5
      vertex 193.7 203.5 5
      vertex 194 203.48 5
    endloop
  endfacet
  facet normal 0 0 1
    outer loop
      vertex 215.2 219.2 5
      vertex 193.4 203.48 5
      vertex 193.7 203.5 5
    endloop
  endfacet
  facet normal 0 0 1
    outer loop
      vertex 215.2 219.2 5
      vertex 193.105 203.422 5
      vertex 193.4 203.48 5
    endloop
  endfacet
  facet normal 0 0 1
    outer loop
      vertex 215.2 219.2 5
      vertex 192.82 203.325 5
      vertex 193.105 203.422 5
    endloop
  endfacet
  facet normal -0 0 1
    outer loop
      vertex 139.574 210.469 5
      vertex 192.82 203.325 5
      vertex 215.2 219.2 5
    endloop
  endfacet
  facet normal 0 0 1
    outer loop
      vertex 192.82 203.325 5
      vertex 139.574 210.469 5
      vertex 192.55 203.192 5
    endloop
  endfacet
  facet normal 0 0 1
    outer loop
      vertex 191.478 18.5953 5
      vertex 187.45 24.25 5
      vertex 191.42 18.3002 5
    endloop
  endfacet
  facet normal 0 0 1
    outer loop
      vertex 191.42 201.5 5
      vertex 187.45 194.95 5
      vertex 191.4 201.2 5
    endloop
  endfacet
  facet normal 0 0 1
    outer loop
      vertex 191.478 201.795 5
      vertex 187.45 194.95 5
      vertex 191.42 201.5 5
    endloop
  endfacet
  facet normal 0 0 1
    outer loop
      vertex 191.575 202.08 5
      vertex 187.45 194.95 5
      vertex 191.478 201.795 5
    endloop
  endfacet
  facet normal 0 0 1
    outer loop
      vertex 140.186 209.409 5
      vertex 191.575 202.08 5
      vertex 191.708 202.35 5
    endloop
  endfacet
  facet normal 0 0 1
    outer loop
      vertex 191.575 202.08 5
      vertex 140.186 209.409 5
      vertex 187.45 194.95 5
    endloop
  endfacet
  facet normal 0 0 1
    outer loop
      vertex 140.145 209.614 5
      vertex 191.708 202.35 5
      vertex 191.875 202.6 5
    endloop
  endfacet
  facet normal 0 0 1
    outer loop
      vertex 140.078 209.812 5
      vertex 191.875 202.6 5
      vertex 192.074 202.826 5
    endloop
  endfacet
  facet normal 0 0 1
    outer loop
      vertex 139.986 210 5
      vertex 192.074 202.826 5
      vertex 192.3 203.025 5
    endloop
  endfacet
  facet normal -0 -0 1
    outer loop
      vertex 139.731 210.331 5
      vertex 192.55 203.192 5
      vertex 139.574 210.469 5
    endloop
  endfacet
  facet normal 0 0 1
    outer loop
      vertex 187.45 194.95 5
      vertex 140.186 209.409 5
      vertex 140.2 209.2 5
    endloop
  endfacet
  facet normal 0 0 1
    outer loop
      vertex 191.708 202.35 5
      vertex 140.145 209.614 5
      vertex 140.186 209.409 5
    endloop
  endfacet
  facet normal 0 0 1
    outer loop
      vertex 191.875 202.6 5
      vertex 140.078 209.812 5
      vertex 140.145 209.614 5
    endloop
  endfacet
  facet normal 0 0 1
    outer loop
      vertex 192.074 202.826 5
      vertex 139.986 210 5
      vertex 140.078 209.812 5
    endloop
  endfacet
  facet normal 0 0 1
    outer loop
      vertex 192.3 203.025 5
      vertex 139.869 210.174 5
      vertex 139.986 210 5
    endloop
  endfacet
  facet normal 0 0 1
    outer loop
      vertex 192.3 203.025 5
      vertex 139.731 210.331 5
      vertex 139.869 210.174 5
    endloop
  endfacet
  facet normal 0 0 1
    outer loop
      vertex 192.55 203.192 5
      vertex 139.731 210.331 5
      vertex 192.3 203.025 5
    endloop
  endfacet
  facet normal 0 0 1
    outer loop
      vertex 215.2 219.2 5
      vertex 139.4 210.586 5
      vertex 139.574 210.469 5
    endloop
  endfacet
  facet normal 0 0 1
    outer loop
      vertex 215.2 219.2 5
      vertex 139.212 210.678 5
      vertex 139.4 210.586 5
    endloop
  endfacet
  facet normal 0 0 1
    outer loop
      vertex 215.2 219.2 5
      vertex 139.014 210.745 5
      vertex 139.212 210.678 5
    endloop
  endfacet
  facet normal 0 0 1
    outer loop
      vertex 215.2 219.2 5
      vertex 138.809 210.786 5
      vertex 139.014 210.745 5
    endloop
  endfacet
  facet normal 0 0 1
    outer loop
      vertex 215.2 219.2 5
      vertex 138.6 210.8 5
      vertex 138.809 210.786 5
    endloop
  endfacet
  facet normal 0 0 1
    outer loop
      vertex 215.2 219.2 5
      vertex 130.6 210.8 5
      vertex 138.6 210.8 5
    endloop
  endfacet
  facet normal 0 0 1
    outer loop
      vertex 88.6 210.8 5
      vertex 130.6 210.8 5
      vertex 215.2 219.2 5
    endloop
  endfacet
  facet normal 0 0 1
    outer loop
      vertex 129.014 209.409 5
      vertex 90.2 209.2 5
      vertex 129 209.2 5
    endloop
  endfacet
  facet normal 0 0 1
    outer loop
      vertex 90.1863 209.409 5
      vertex 129.014 209.409 5
      vertex 129.055 209.614 5
    endloop
  endfacet
  facet normal 0 0 1
    outer loop
      vertex 90.1455 209.614 5
      vertex 129.055 209.614 5
      vertex 129.122 209.812 5
    endloop
  endfacet
  facet normal 0 0 1
    outer loop
      vertex 90.0782 209.812 5
      vertex 129.122 209.812 5
      vertex 129.214 210 5
    endloop
  endfacet
  facet normal 0 0 1
    outer loop
      vertex 89.9856 210 5
      vertex 129.214 210 5
      vertex 129.331 210.174 5
    endloop
  endfacet
  facet normal 0 0 1
    outer loop
      vertex 89.8694 210.174 5
      vertex 129.331 210.174 5
      vertex 129.469 210.331 5
    endloop
  endfacet
  facet normal 0 0 1
    outer loop
      vertex 89.7314 210.331 5
      vertex 129.469 210.331 5
      vertex 129.626 210.469 5
    endloop
  endfacet
  facet normal 0 0 1
    outer loop
      vertex 89.574 210.469 5
      vertex 129.626 210.469 5
      vertex 129.8 210.586 5
    endloop
  endfacet
  facet normal 0 0 1
    outer loop
      vertex 89.4 210.586 5
      vertex 129.8 210.586 5
      vertex 129.988 210.678 5
    endloop
  endfacet
  facet normal 0 0 1
    outer loop
      vertex 89.2123 210.678 5
      vertex 129.988 210.678 5
      vertex 130.186 210.745 5
    endloop
  endfacet
  facet normal 0 0 1
    outer loop
      vertex 89.0141 210.745 5
      vertex 130.186 210.745 5
      vertex 130.391 210.786 5
    endloop
  endfacet
  facet normal 0 0 1
    outer loop
      vertex 130.6 210.8 5
      vertex 88.6 210.8 5
      vertex 130.391 210.786 5
    endloop
  endfacet
  facet normal 0 0 1
    outer loop
      vertex 129.014 209.409 5
      vertex 90.1863 209.409 5
      vertex 90.2 209.2 5
    endloop
  endfacet
  facet normal 0 0 1
    outer loop
      vertex 129.055 209.614 5
      vertex 90.1455 209.614 5
      vertex 90.1863 209.409 5
    endloop
  endfacet
  facet normal 0 0 1
    outer loop
      vertex 129.122 209.812 5
      vertex 90.0782 209.812 5
      vertex 90.1455 209.614 5
    endloop
  endfacet
  facet normal 0 0 1
    outer loop
      vertex 129.214 210 5
      vertex 89.9856 210 5
      vertex 90.0782 209.812 5
    endloop
  endfacet
  facet normal 0 0 1
    outer loop
      vertex 129.331 210.174 5
      vertex 89.8694 210.174 5
      vertex 89.9856 210 5
    endloop
  endfacet
  facet normal 0 0 1
    outer loop
      vertex 129.469 210.331 5
      vertex 89.7314 210.331 5
      vertex 89.8694 210.174 5
    endloop
  endfacet
  facet normal 0 0 1
    outer loop
      vertex 129.626 210.469 5
      vertex 89.574 210.469 5
      vertex 89.7314 210.331 5
    endloop
  endfacet
  facet normal 0 0 1
    outer loop
      vertex 129.8 210.586 5
      vertex 89.4 210.586 5
      vertex 89.574 210.469 5
    endloop
  endfacet
  facet normal 0 0 1
    outer loop
      vertex 129.988 210.678 5
      vertex 89.2123 210.678 5
      vertex 89.4 210.586 5
    endloop
  endfacet
  facet normal 0 0 1
    outer loop
      vertex 130.186 210.745 5
      vertex 89.0141 210.745 5
      vertex 89.2123 210.678 5
    endloop
  endfacet
  facet normal 0 0 1
    outer loop
      vertex 130.391 210.786 5
      vertex 88.8088 210.786 5
      vertex 89.0141 210.745 5
    endloop
  endfacet
  facet normal 0 0 1
    outer loop
      vertex 130.391 210.786 5
      vertex 88.6 210.8 5
      vertex 88.8088 210.786 5
    endloop
  endfacet
  facet normal -0 0 1
    outer loop
      vertex 4 219.2 5
      vertex 88.6 210.8 5
      vertex 215.2 219.2 5
    endloop
  endfacet
  facet normal 0 0 1
    outer loop
      vertex 79.0137 209.409 5
      vertex 16.75 194.95 5
      vertex 79 209.2 5
    endloop
  endfacet
  facet normal 0 0 1
    outer loop
      vertex 12.6249 202.08 5
      vertex 79.0137 209.409 5
      vertex 79.0545 209.614 5
    endloop
  endfacet
  facet normal 0 0 1
    outer loop
      vertex 12.4919 202.35 5
      vertex 79.0545 209.614 5
      vertex 79.1218 209.812 5
    endloop
  endfacet
  facet normal 0 0 1
    outer loop
      vertex 12.3247 202.6 5
      vertex 79.1218 209.812 5
      vertex 79.2144 210 5
    endloop
  endfacet
  facet normal 0 0 1
    outer loop
      vertex 4 219.2 5
      vertex 79.2144 210 5
      vertex 79.3306 210.174 5
    endloop
  endfacet
  facet normal 0 0 1
    outer loop
      vertex 4 219.2 5
      vertex 79.3306 210.174 5
      vertex 79.4686 210.331 5
    endloop
  endfacet
  facet normal 0 0 1
    outer loop
      vertex 4 219.2 5
      vertex 79.4686 210.331 5
      vertex 79.626 210.469 5
    endloop
  endfacet
  facet normal 0 0 1
    outer loop
      vertex 4 219.2 5
      vertex 79.626 210.469 5
      vertex 79.8 210.586 5
    endloop
  endfacet
  facet normal 0 0 1
    outer loop
      vertex 4 219.2 5
      vertex 79.8 210.586 5
      vertex 79.9877 210.678 5
    endloop
  endfacet
  facet normal 0 0 1
    outer loop
      vertex 4 219.2 5
      vertex 79.9877 210.678 5
      vertex 80.1859 210.745 5
    endloop
  endfacet
  facet normal 0 0 1
    outer loop
      vertex 13.5863 176.991 5
      vertex 16.75 194.95 5
      vertex 13.6 177.2 5
    endloop
  endfacet
  facet normal 0 0 1
    outer loop
      vertex 16.75 194.95 5
      vertex 13.5863 177.409 5
      vertex 13.6 177.2 5
    endloop
  endfacet
  facet normal 0 0 1
    outer loop
      vertex 16.75 194.95 5
      vertex 13.5455 177.614 5
      vertex 13.5863 177.409 5
    endloop
  endfacet
  facet normal 0 0 1
    outer loop
      vertex 16.75 194.95 5
      vertex 13.4782 177.812 5
      vertex 13.5455 177.614 5
    endloop
  endfacet
  facet normal 0 0 1
    outer loop
      vertex 16.75 194.95 5
      vertex 13.3856 178 5
      vertex 13.4782 177.812 5
    endloop
  endfacet
  facet normal 0 0 1
    outer loop
      vertex 16.75 194.95 5
      vertex 13.2694 178.174 5
      vertex 13.3856 178 5
    endloop
  endfacet
  facet normal 0 0 1
    outer loop
      vertex 16.75 194.95 5
      vertex 13.1314 178.331 5
      vertex 13.2694 178.174 5
    endloop
  endfacet
  facet normal 0 0 1
    outer loop
      vertex 16.75 194.95 5
      vertex 12.974 178.469 5
      vertex 13.1314 178.331 5
    endloop
  endfacet
  facet normal -0 0 1
    outer loop
      vertex 12.7803 200.9 5
      vertex 16.75 194.95 5
      vertex 12.8 201.2 5
    endloop
  endfacet
  facet normal 0 0 1
    outer loop
      vertex 79.0137 209.409 5
      vertex 12.6249 202.08 5
      vertex 16.75 194.95 5
    endloop
  endfacet
  facet normal 0 0 1
    outer loop
      vertex 4 219.2 5
      vertex 80.1859 210.745 5
      vertex 80.3912 210.786 5
    endloop
  endfacet
  facet normal 0 0 1
    outer loop
      vertex 16.75 194.95 5
      vertex 12.7803 201.5 5
      vertex 12.8 201.2 5
    endloop
  endfacet
  facet normal 0 0 1
    outer loop
      vertex 16.75 194.95 5
      vertex 12.7216 201.795 5
      vertex 12.7803 201.5 5
    endloop
  endfacet
  facet normal 0 0 1
    outer loop
      vertex 16.75 194.95 5
      vertex 12.6249 202.08 5
      vertex 12.7216 201.795 5
    endloop
  endfacet
  facet normal 0 0 1
    outer loop
      vertex 79.0545 209.614 5
      vertex 12.4919 202.35 5
      vertex 12.6249 202.08 5
    endloop
  endfacet
  facet normal 0 0 1
    outer loop
      vertex 79.1218 209.812 5
      vertex 12.3247 202.6 5
      vertex 12.4919 202.35 5
    endloop
  endfacet
  facet normal 0 0 1
    outer loop
      vertex 79.2144 210 5
      vertex 4 219.2 5
      vertex 12.3247 202.6 5
    endloop
  endfacet
  facet normal 0 0 1
    outer loop
      vertex 12.3247 202.6 5
      vertex 4 219.2 5
      vertex 12.1263 202.826 5
    endloop
  endfacet
  facet normal 0 0 1
    outer loop
      vertex 12.1263 202.826 5
      vertex 4 219.2 5
      vertex 11.9002 203.025 5
    endloop
  endfacet
  facet normal 0 0 1
    outer loop
      vertex 11.9002 203.025 5
      vertex 4 219.2 5
      vertex 11.65 203.192 5
    endloop
  endfacet
  facet normal 0 0 1
    outer loop
      vertex 11.65 203.192 5
      vertex 4 219.2 5
      vertex 11.3802 203.325 5
    endloop
  endfacet
  facet normal 0 0 1
    outer loop
      vertex 11.3802 203.325 5
      vertex 4 219.2 5
      vertex 11.0953 203.422 5
    endloop
  endfacet
  facet normal 0 0 1
    outer loop
      vertex 11.0953 203.422 5
      vertex 4 219.2 5
      vertex 10.8002 203.48 5
    endloop
  endfacet
  facet normal 0 0 1
    outer loop
      vertex 10.8002 203.48 5
      vertex 4 219.2 5
      vertex 10.5 203.5 5
    endloop
  endfacet
  facet normal 0 0 1
    outer loop
      vertex 8.21968 201.5 5
      vertex 0 215.2 5
      vertex 8.2 201.2 5
    endloop
  endfacet
  facet normal 0 0 1
    outer loop
      vertex 8.27837 201.795 5
      vertex 0 215.2 5
      vertex 8.21968 201.5 5
    endloop
  endfacet
  facet normal 0 0 1
    outer loop
      vertex 8.37508 202.08 5
      vertex 0 215.2 5
      vertex 8.27837 201.795 5
    endloop
  endfacet
  facet normal 0 0 1
    outer loop
      vertex 8.50814 202.35 5
      vertex 0 215.2 5
      vertex 8.37508 202.08 5
    endloop
  endfacet
  facet normal 0 0 1
    outer loop
      vertex 8.67529 202.6 5
      vertex 0 215.2 5
      vertex 8.50814 202.35 5
    endloop
  endfacet
  facet normal 0 0 1
    outer loop
      vertex 8.87365 202.826 5
      vertex 0 215.2 5
      vertex 8.67529 202.6 5
    endloop
  endfacet
  facet normal 0 0 1
    outer loop
      vertex 9.09985 203.025 5
      vertex 0 215.2 5
      vertex 8.87365 202.826 5
    endloop
  endfacet
  facet normal 0 0 1
    outer loop
      vertex 9.35 203.192 5
      vertex 0 215.2 5
      vertex 9.09985 203.025 5
    endloop
  endfacet
  facet normal 0 0 1
    outer loop
      vertex 9.61983 203.325 5
      vertex 0 215.2 5
      vertex 9.35 203.192 5
    endloop
  endfacet
  facet normal 0 0 1
    outer loop
      vertex 9.90472 203.422 5
      vertex 0 215.2 5
      vertex 9.61983 203.325 5
    endloop
  endfacet
  facet normal -0 0 1
    outer loop
      vertex 0 215.2 5
      vertex 9.90472 203.422 5
      vertex 4 219.2 5
    endloop
  endfacet
  facet normal 0 0 1
    outer loop
      vertex 10.1998 203.48 5
      vertex 4 219.2 5
      vertex 9.90472 203.422 5
    endloop
  endfacet
  facet normal 0 0 1
    outer loop
      vertex 10.5 203.5 5
      vertex 4 219.2 5
      vertex 10.1998 203.48 5
    endloop
  endfacet
  facet normal 0 0 1
    outer loop
      vertex 80.6 210.8 5
      vertex 4 219.2 5
      vertex 80.3912 210.786 5
    endloop
  endfacet
  facet normal 0 0 1
    outer loop
      vertex 88.6 210.8 5
      vertex 4 219.2 5
      vertex 80.6 210.8 5
    endloop
  endfacet
  facet normal 0 0 1
    outer loop
      vertex 219.2 215.2 5
      vertex 210.8 177.2 5
      vertex 210.8 159.6 5
    endloop
  endfacet
  facet normal 0 0 1
    outer loop
      vertex 219.2 215.2 5
      vertex 210.8 159.6 5
      vertex 210.8 149.6 5
    endloop
  endfacet
  facet normal 0 0 1
    outer loop
      vertex 219.2 215.2 5
      vertex 210.8 149.6 5
      vertex 210.8 114.6 5
    endloop
  endfacet
  facet normal -0 0 1
    outer loop
      vertex 210.174 32.7306 5
      vertex 219.2 4 5
      vertex 210.331 32.8686 5
    endloop
  endfacet
  facet normal -0 0 1
    outer loop
      vertex 210 32.6144 5
      vertex 219.2 4 5
      vertex 210.174 32.7306 5
    endloop
  endfacet
  facet normal -0 0 1
    outer loop
      vertex 209.812 32.5218 5
      vertex 219.2 4 5
      vertex 210 32.6144 5
    endloop
  endfacet
  facet normal -0 0 1
    outer loop
      vertex 209.614 32.4545 5
      vertex 219.2 4 5
      vertex 209.812 32.5218 5
    endloop
  endfacet
  facet normal -0 0 1
    outer loop
      vertex 209.409 32.4137 5
      vertex 219.2 4 5
      vertex 209.614 32.4545 5
    endloop
  endfacet
  facet normal -0 0 1
    outer loop
      vertex 196 18 5
      vertex 219.2 4 5
      vertex 209.409 32.4137 5
    endloop
  endfacet
  facet normal -0 0 1
    outer loop
      vertex 195.98 17.6998 5
      vertex 219.2 4 5
      vertex 196 18 5
    endloop
  endfacet
  facet normal -0 0 1
    outer loop
      vertex 195.825 17.1198 5
      vertex 219.2 4 5
      vertex 195.922 17.4047 5
    endloop
  endfacet
  facet normal 0 -0 1
    outer loop
      vertex 215.2 0 5
      vertex 219.2 4 5
      vertex 195.825 17.1198 5
    endloop
  endfacet
  facet normal 0 0 1
    outer loop
      vertex 219.2 4 5
      vertex 215.2 0 5
      vertex 219.166 3.47789 5
    endloop
  endfacet
  facet normal 0 0 1
    outer loop
      vertex 219.064 2.96472 5
      vertex 215.2 0 5
      vertex 218.896 2.46927 5
    endloop
  endfacet
  facet normal 0 0 1
    outer loop
      vertex 218.896 2.46927 5
      vertex 215.2 0 5
      vertex 218.664 2 5
    endloop
  endfacet
  facet normal 0 0 1
    outer loop
      vertex 218.373 1.56495 5
      vertex 215.2 0 5
      vertex 218.028 1.17157 5
    endloop
  endfacet
  facet normal 0 0 1
    outer loop
      vertex 217.2 0.535898 5
      vertex 215.2 0 5
      vertex 216.731 0.304482 5
    endloop
  endfacet
  facet normal 0 0 1
    outer loop
      vertex 216.731 0.304482 5
      vertex 215.2 0 5
      vertex 216.235 0.136296 5
    endloop
  endfacet
  facet normal 0 0 1
    outer loop
      vertex 216.235 0.136296 5
      vertex 215.2 0 5
      vertex 215.722 0.0342197 5
    endloop
  endfacet
  facet normal 0 0 1
    outer loop
      vertex 218.028 1.17157 5
      vertex 215.2 0 5
      vertex 217.635 0.826586 5
    endloop
  endfacet
  facet normal 0 0 1
    outer loop
      vertex 196 18 5
      vertex 209.409 32.4137 5
      vertex 209.2 32.4 5
    endloop
  endfacet
  facet normal 0 0 1
    outer loop
      vertex 196 18 5
      vertex 209.2 32.4 5
      vertex 208.991 32.4137 5
    endloop
  endfacet
  facet normal 0 0 1
    outer loop
      vertex 196 18 5
      vertex 208.991 32.4137 5
      vertex 208.786 32.4545 5
    endloop
  endfacet
  facet normal 0 0 1
    outer loop
      vertex 196 18 5
      vertex 208.786 32.4545 5
      vertex 208.588 32.5218 5
    endloop
  endfacet
  facet normal 0 0 1
    outer loop
      vertex 196 18 5
      vertex 208.588 32.5218 5
      vertex 208.4 32.6144 5
    endloop
  endfacet
  facet normal 0 0 1
    outer loop
      vertex 196 18 5
      vertex 208.4 32.6144 5
      vertex 208.226 32.7306 5
    endloop
  endfacet
  facet normal 0 0 1
    outer loop
      vertex 196 18 5
      vertex 208.226 32.7306 5
      vertex 208.069 32.8686 5
    endloop
  endfacet
  facet normal 0 0 1
    outer loop
      vertex 196 18 5
      vertex 208.069 32.8686 5
      vertex 207.931 33.026 5
    endloop
  endfacet
  facet normal 0 0 1
    outer loop
      vertex 196 18 5
      vertex 207.931 33.026 5
      vertex 207.814 33.2 5
    endloop
  endfacet
  facet normal 0 0 1
    outer loop
      vertex 196 18 5
      vertex 207.814 33.2 5
      vertex 207.722 33.3877 5
    endloop
  endfacet
  facet normal 0 0 1
    outer loop
      vertex 196 18 5
      vertex 207.722 33.3877 5
      vertex 207.655 33.5859 5
    endloop
  endfacet
  facet normal 0 0 1
    outer loop
      vertex 207.6 42 5
      vertex 196 18 5
      vertex 207.6 34 5
    endloop
  endfacet
  facet normal 0 0 1
    outer loop
      vertex 207.6 34 5
      vertex 196 18 5
      vertex 207.614 33.7912 5
    endloop
  endfacet
  facet normal 0 0 1
    outer loop
      vertex 196 18 5
      vertex 207.655 33.5859 5
      vertex 207.614 33.7912 5
    endloop
  endfacet
  facet normal -0 0 1
    outer loop
      vertex 195.922 17.4047 5
      vertex 219.2 4 5
      vertex 195.98 17.6998 5
    endloop
  endfacet
  facet normal 0 0 1
    outer loop
      vertex 217.635 0.826586 5
      vertex 215.2 0 5
      vertex 217.2 0.535898 5
    endloop
  endfacet
  facet normal 0 0 1
    outer loop
      vertex 218.664 2 5
      vertex 215.2 0 5
      vertex 218.373 1.56495 5
    endloop
  endfacet
  facet normal 0 0 1
    outer loop
      vertex 219.166 3.47789 5
      vertex 215.2 0 5
      vertex 219.064 2.96472 5
    endloop
  endfacet
  facet normal -0 0 1
    outer loop
      vertex 195.692 16.85 5
      vertex 215.2 0 5
      vertex 195.825 17.1198 5
    endloop
  endfacet
  facet normal -0 0 1
    outer loop
      vertex 195.525 16.5998 5
      vertex 215.2 0 5
      vertex 195.692 16.85 5
    endloop
  endfacet
  facet normal -0 0 1
    outer loop
      vertex 195.326 16.3737 5
      vertex 215.2 0 5
      vertex 195.525 16.5998 5
    endloop
  endfacet
  facet normal -0 0 1
    outer loop
      vertex 195.1 16.1753 5
      vertex 215.2 0 5
      vertex 195.326 16.3737 5
    endloop
  endfacet
  facet normal -0 0 1
    outer loop
      vertex 194.85 16.0081 5
      vertex 215.2 0 5
      vertex 195.1 16.1753 5
    endloop
  endfacet
  facet normal -0 0 1
    outer loop
      vertex 194.58 15.8751 5
      vertex 215.2 0 5
      vertex 194.85 16.0081 5
    endloop
  endfacet
  facet normal -0 0 1
    outer loop
      vertex 194.295 15.7784 5
      vertex 215.2 0 5
      vertex 194.58 15.8751 5
    endloop
  endfacet
  facet normal -0 0 1
    outer loop
      vertex 194 15.7197 5
      vertex 215.2 0 5
      vertex 194.295 15.7784 5
    endloop
  endfacet
  facet normal -0 0 1
    outer loop
      vertex 193.7 15.7 5
      vertex 215.2 0 5
      vertex 194 15.7197 5
    endloop
  endfacet
  facet normal 0 0 1
    outer loop
      vertex 193.4 15.7197 5
      vertex 215.2 0 5
      vertex 193.7 15.7 5
    endloop
  endfacet
  facet normal 0 0 1
    outer loop
      vertex 193.105 15.7784 5
      vertex 215.2 0 5
      vertex 193.4 15.7197 5
    endloop
  endfacet
  facet normal 0 0 1
    outer loop
      vertex 192.82 15.8751 5
      vertex 215.2 0 5
      vertex 193.105 15.7784 5
    endloop
  endfacet
  facet normal 0 0 1
    outer loop
      vertex 192.55 16.0081 5
      vertex 215.2 0 5
      vertex 192.82 15.8751 5
    endloop
  endfacet
  facet normal 0 0 1
    outer loop
      vertex 4 0 5
      vertex 192.55 16.0081 5
      vertex 192.3 16.1753 5
    endloop
  endfacet
  facet normal 0 0 1
    outer loop
      vertex 191.42 18.3002 5
      vertex 187.45 24.25 5
      vertex 191.4 18 5
    endloop
  endfacet
  facet normal 0 0 1
    outer loop
      vertex 187.45 24.25 5
      vertex 191.42 17.6998 5
      vertex 191.4 18 5
    endloop
  endfacet
  facet normal 0 0 1
    outer loop
      vertex 187.45 24.25 5
      vertex 191.478 17.4047 5
      vertex 191.42 17.6998 5
    endloop
  endfacet
  facet normal 0 0 1
    outer loop
      vertex 187.45 24.25 5
      vertex 191.575 17.1198 5
      vertex 191.478 17.4047 5
    endloop
  endfacet
  facet normal 0 0 1
    outer loop
      vertex 187.45 24.25 5
      vertex 191.708 16.85 5
      vertex 191.575 17.1198 5
    endloop
  endfacet
  facet normal -0 0 1
    outer loop
      vertex 16.75 24.25 5
      vertex 191.708 16.85 5
      vertex 187.45 24.25 5
    endloop
  endfacet
  facet normal 0 0 1
    outer loop
      vertex 12.4919 16.85 5
      vertex 191.708 16.85 5
      vertex 16.75 24.25 5
    endloop
  endfacet
  facet normal 0 0 1
    outer loop
      vertex 4 0 5
      vertex 191.708 16.85 5
      vertex 12.4919 16.85 5
    endloop
  endfacet
  facet normal 0 0 1
    outer loop
      vertex 191.708 16.85 5
      vertex 4 0 5
      vertex 191.875 16.5998 5
    endloop
  endfacet
  facet normal 0 0 1
    outer loop
      vertex 191.875 16.5998 5
      vertex 4 0 5
      vertex 192.074 16.3737 5
    endloop
  endfacet
  facet normal 0 0 1
    outer loop
      vertex 16.75 194.95 5
      vertex 13.5863 176.991 5
      vertex 16.75 24.25 5
    endloop
  endfacet
  facet normal -0 0 1
    outer loop
      vertex 13.5863 41.7912 5
      vertex 16.75 24.25 5
      vertex 13.6 42 5
    endloop
  endfacet
  facet normal -0 0 1
    outer loop
      vertex 13.5455 41.5859 5
      vertex 16.75 24.25 5
      vertex 13.5863 41.7912 5
    endloop
  endfacet
  facet normal -0 0 1
    outer loop
      vertex 13.4782 41.3877 5
      vertex 16.75 24.25 5
      vertex 13.5455 41.5859 5
    endloop
  endfacet
  facet normal -0 0 1
    outer loop
      vertex 13.3856 41.2 5
      vertex 16.75 24.25 5
      vertex 13.4782 41.3877 5
    endloop
  endfacet
  facet normal -0 0 1
    outer loop
      vertex 13.2694 41.026 5
      vertex 16.75 24.25 5
      vertex 13.3856 41.2 5
    endloop
  endfacet
  facet normal -0 0 1
    outer loop
      vertex 13.1314 40.8686 5
      vertex 16.75 24.25 5
      vertex 13.2694 41.026 5
    endloop
  endfacet
  facet normal -0 0 1
    outer loop
      vertex 12.974 40.7306 5
      vertex 16.75 24.25 5
      vertex 13.1314 40.8686 5
    endloop
  endfacet
  facet normal -0 0 1
    outer loop
      vertex 12.8 40.6144 5
      vertex 16.75 24.25 5
      vertex 12.974 40.7306 5
    endloop
  endfacet
  facet normal -0 0 1
    outer loop
      vertex 12.6123 40.5218 5
      vertex 16.75 24.25 5
      vertex 12.8 40.6144 5
    endloop
  endfacet
  facet normal 0 0 1
    outer loop
      vertex 12.7803 17.6998 5
      vertex 16.75 24.25 5
      vertex 12.8 18 5
    endloop
  endfacet
  facet normal 0 0 1
    outer loop
      vertex 12.7216 17.4047 5
      vertex 16.75 24.25 5
      vertex 12.7803 17.6998 5
    endloop
  endfacet
  facet normal 0 0 1
    outer loop
      vertex 12.6249 17.1198 5
      vertex 16.75 24.25 5
      vertex 12.7216 17.4047 5
    endloop
  endfacet
  facet normal 0 0 1
    outer loop
      vertex 12.4919 16.85 5
      vertex 16.75 24.25 5
      vertex 12.6249 17.1198 5
    endloop
  endfacet
  facet normal 0 0 1
    outer loop
      vertex 192.074 16.3737 5
      vertex 4 0 5
      vertex 192.3 16.1753 5
    endloop
  endfacet
  facet normal 0 0 1
    outer loop
      vertex 4 0 5
      vertex 12.4919 16.85 5
      vertex 12.3247 16.5998 5
    endloop
  endfacet
  facet normal 0 0 1
    outer loop
      vertex 4 0 5
      vertex 12.3247 16.5998 5
      vertex 12.1263 16.3737 5
    endloop
  endfacet
  facet normal 0 0 1
    outer loop
      vertex 4 0 5
      vertex 12.1263 16.3737 5
      vertex 11.9002 16.1753 5
    endloop
  endfacet
  facet normal 0 0 1
    outer loop
      vertex 4 0 5
      vertex 11.9002 16.1753 5
      vertex 11.65 16.0081 5
    endloop
  endfacet
  facet normal 0 0 1
    outer loop
      vertex 4 0 5
      vertex 11.65 16.0081 5
      vertex 11.3802 15.8751 5
    endloop
  endfacet
  facet normal 0 0 1
    outer loop
      vertex 4 0 5
      vertex 11.3802 15.8751 5
      vertex 11.0953 15.7784 5
    endloop
  endfacet
  facet normal 0 0 1
    outer loop
      vertex 4 0 5
      vertex 11.0953 15.7784 5
      vertex 10.8002 15.7197 5
    endloop
  endfacet
  facet normal 0 0 1
    outer loop
      vertex 4 0 5
      vertex 10.8002 15.7197 5
      vertex 10.5 15.7 5
    endloop
  endfacet
  facet normal 0 0 1
    outer loop
      vertex 4 0 5
      vertex 10.5 15.7 5
      vertex 10.1998 15.7197 5
    endloop
  endfacet
  facet normal 0 0 1
    outer loop
      vertex 192.55 16.0081 5
      vertex 4 0 5
      vertex 215.2 0 5
    endloop
  endfacet
  facet normal 0 0 1
    outer loop
      vertex 9.90472 15.7784 5
      vertex 4 0 5
      vertex 10.1998 15.7197 5
    endloop
  endfacet
  facet normal 0 0 1
    outer loop
      vertex 0 4 5
      vertex 9.90472 15.7784 5
      vertex 9.61983 15.8751 5
    endloop
  endfacet
  facet normal 0 0 1
    outer loop
      vertex 0 4 5
      vertex 9.61983 15.8751 5
      vertex 9.35 16.0081 5
    endloop
  endfacet
  facet normal 0 0 1
    outer loop
      vertex 0 4 5
      vertex 9.35 16.0081 5
      vertex 9.09985 16.1753 5
    endloop
  endfacet
  facet normal 0 0 1
    outer loop
      vertex 0 4 5
      vertex 9.09985 16.1753 5
      vertex 8.87365 16.3737 5
    endloop
  endfacet
  facet normal 0 0 1
    outer loop
      vertex 0 4 5
      vertex 8.87365 16.3737 5
      vertex 8.67529 16.5998 5
    endloop
  endfacet
  facet normal 0 0 1
    outer loop
      vertex 0 4 5
      vertex 8.67529 16.5998 5
      vertex 8.50814 16.85 5
    endloop
  endfacet
  facet normal 0 0 1
    outer loop
      vertex 0 4 5
      vertex 8.50814 16.85 5
      vertex 8.37508 17.1198 5
    endloop
  endfacet
  facet normal 0 0 1
    outer loop
      vertex 0 4 5
      vertex 8.37508 17.1198 5
      vertex 8.27837 17.4047 5
    endloop
  endfacet
  facet normal 0 0 1
    outer loop
      vertex 0 4 5
      vertex 8.27837 17.4047 5
      vertex 8.21968 17.6998 5
    endloop
  endfacet
  facet normal 0 0 1
    outer loop
      vertex 0 4 5
      vertex 8.21968 17.6998 5
      vertex 8.2 18 5
    endloop
  endfacet
  facet normal 0 0 1
    outer loop
      vertex 8.27837 18.5953 5
      vertex 0 4 5
      vertex 8.21968 18.3002 5
    endloop
  endfacet
  facet normal 0 0 1
    outer loop
      vertex 0 215.2 5
      vertex 4 219.2 5
      vertex 3.47789 219.166 5
    endloop
  endfacet
  facet normal 0 0 1
    outer loop
      vertex 8.21968 18.3002 5
      vertex 0 4 5
      vertex 8.2 18 5
    endloop
  endfacet
  facet normal 0 0 1
    outer loop
      vertex 0 215.2 5
      vertex 3.47789 219.166 5
      vertex 2.96472 219.064 5
    endloop
  endfacet
  facet normal 0 0 1
    outer loop
      vertex 9.90472 15.7784 5
      vertex 0 4 5
      vertex 4 0 5
    endloop
  endfacet
  facet normal 0 0 1
    outer loop
      vertex 0 215.2 5
      vertex 2.96472 219.064 5
      vertex 2.46927 218.896 5
    endloop
  endfacet
  facet normal 0 0 1
    outer loop
      vertex 4 0 5
      vertex 0 4 5
      vertex 3.47789 0.0342197 5
    endloop
  endfacet
  facet normal 0 0 1
    outer loop
      vertex 0 215.2 5
      vertex 2.46927 218.896 5
      vertex 2 218.664 5
    endloop
  endfacet
  facet normal 0 0 1
    outer loop
      vertex 3.47789 0.0342197 5
      vertex 0 4 5
      vertex 2.96472 0.136296 5
    endloop
  endfacet
  facet normal 0 0 1
    outer loop
      vertex 0 215.2 5
      vertex 2 218.664 5
      vertex 1.56495 218.373 5
    endloop
  endfacet
  facet normal 0 0 1
    outer loop
      vertex 2.96472 0.136296 5
      vertex 0 4 5
      vertex 2.46927 0.304482 5
    endloop
  endfacet
  facet normal 0 0 1
    outer loop
      vertex 0 215.2 5
      vertex 1.56495 218.373 5
      vertex 1.17157 218.028 5
    endloop
  endfacet
  facet normal 0 0 1
    outer loop
      vertex 2.46927 0.304482 5
      vertex 0 4 5
      vertex 2 0.535898 5
    endloop
  endfacet
  facet normal 0 0 1
    outer loop
      vertex 0 215.2 5
      vertex 1.17157 218.028 5
      vertex 0.826586 217.635 5
    endloop
  endfacet
  facet normal 0 0 1
    outer loop
      vertex 2 0.535898 5
      vertex 0 4 5
      vertex 1.56495 0.826586 5
    endloop
  endfacet
  facet normal 0 0 1
    outer loop
      vertex 0 215.2 5
      vertex 0.826586 217.635 5
      vertex 0.535898 217.2 5
    endloop
  endfacet
  facet normal 0 0 1
    outer loop
      vertex 1.56495 0.826586 5
      vertex 0 4 5
      vertex 1.17157 1.17157 5
    endloop
  endfacet
  facet normal 0 0 1
    outer loop
      vertex 0 215.2 5
      vertex 0.535898 217.2 5
      vertex 0.304482 216.731 5
    endloop
  endfacet
  facet normal 0 0 1
    outer loop
      vertex 1.17157 1.17157 5
      vertex 0 4 5
      vertex 0.826586 1.56495 5
    endloop
  endfacet
  facet normal 0 0 1
    outer loop
      vertex 0 215.2 5
      vertex 0.304482 216.731 5
      vertex 0.136296 216.235 5
    endloop
  endfacet
  facet normal 0 0 1
    outer loop
      vertex 0.826586 1.56495 5
      vertex 0 4 5
      vertex 0.535898 2 5
    endloop
  endfacet
  facet normal 0 0 1
    outer loop
      vertex 0 215.2 5
      vertex 0.136296 216.235 5
      vertex 0.0342197 215.722 5
    endloop
  endfacet
  facet normal 0 0 1
    outer loop
      vertex 0.535898 2 5
      vertex 0 4 5
      vertex 0.304482 2.46927 5
    endloop
  endfacet
  facet normal 0 0 1
    outer loop
      vertex 0.304482 2.46927 5
      vertex 0 4 5
      vertex 0.136296 2.96472 5
    endloop
  endfacet
  facet normal 0 0 1
    outer loop
      vertex 0.136296 2.96472 5
      vertex 0 4 5
      vertex 0.0342197 3.47789 5
    endloop
  endfacet
  facet normal -0 0 1
    outer loop
      vertex 140.186 208.991 5
      vertex 187.45 194.95 5
      vertex 140.2 209.2 5
    endloop
  endfacet
  facet normal -0 0 1
    outer loop
      vertex 140.145 208.786 5
      vertex 187.45 194.95 5
      vertex 140.186 208.991 5
    endloop
  endfacet
  facet normal -0 0 1
    outer loop
      vertex 140.078 208.588 5
      vertex 187.45 194.95 5
      vertex 140.145 208.786 5
    endloop
  endfacet
  facet normal -0 0 1
    outer loop
      vertex 139.986 208.4 5
      vertex 187.45 194.95 5
      vertex 140.078 208.588 5
    endloop
  endfacet
  facet normal -0 0 1
    outer loop
      vertex 139.869 208.226 5
      vertex 187.45 194.95 5
      vertex 139.986 208.4 5
    endloop
  endfacet
  facet normal -0 0 1
    outer loop
      vertex 139.731 208.069 5
      vertex 187.45 194.95 5
      vertex 139.869 208.226 5
    endloop
  endfacet
  facet normal -0 0 1
    outer loop
      vertex 139.574 207.931 5
      vertex 187.45 194.95 5
      vertex 139.731 208.069 5
    endloop
  endfacet
  facet normal -0 0 1
    outer loop
      vertex 139.4 207.814 5
      vertex 187.45 194.95 5
      vertex 139.574 207.931 5
    endloop
  endfacet
  facet normal -0 0 1
    outer loop
      vertex 139.212 207.722 5
      vertex 187.45 194.95 5
      vertex 139.4 207.814 5
    endloop
  endfacet
  facet normal -0 0 1
    outer loop
      vertex 139.014 207.655 5
      vertex 187.45 194.95 5
      vertex 139.212 207.722 5
    endloop
  endfacet
  facet normal -0 0 1
    outer loop
      vertex 138.809 207.614 5
      vertex 187.45 194.95 5
      vertex 139.014 207.655 5
    endloop
  endfacet
  facet normal -0 0 1
    outer loop
      vertex 138.6 207.6 5
      vertex 187.45 194.95 5
      vertex 138.809 207.614 5
    endloop
  endfacet
  facet normal -0 0 1
    outer loop
      vertex 130.6 207.6 5
      vertex 187.45 194.95 5
      vertex 138.6 207.6 5
    endloop
  endfacet
  facet normal 0 0 1
    outer loop
      vertex 130.391 207.614 5
      vertex 187.45 194.95 5
      vertex 130.6 207.6 5
    endloop
  endfacet
  facet normal 0 0 1
    outer loop
      vertex 88.8088 207.614 5
      vertex 130.391 207.614 5
      vertex 130.186 207.655 5
    endloop
  endfacet
  facet normal -0 0 1
    outer loop
      vertex 90.2 209.2 5
      vertex 129.014 208.991 5
      vertex 129 209.2 5
    endloop
  endfacet
  facet normal 0 0 1
    outer loop
      vertex 90.1863 208.991 5
      vertex 129.014 208.991 5
      vertex 90.2 209.2 5
    endloop
  endfacet
  facet normal 0 0 1
    outer loop
      vertex 129.014 208.991 5
      vertex 90.1863 208.991 5
      vertex 129.055 208.786 5
    endloop
  endfacet
  facet normal 0 0 1
    outer loop
      vertex 90.1455 208.786 5
      vertex 129.055 208.786 5
      vertex 90.1863 208.991 5
    endloop
  endfacet
  facet normal 0 0 1
    outer loop
      vertex 129.055 208.786 5
      vertex 90.1455 208.786 5
      vertex 129.122 208.588 5
    endloop
  endfacet
  facet normal 0 0 1
    outer loop
      vertex 90.0782 208.588 5
      vertex 129.122 208.588 5
      vertex 90.1455 208.786 5
    endloop
  endfacet
  facet normal 0 0 1
    outer loop
      vertex 129.122 208.588 5
      vertex 90.0782 208.588 5
      vertex 129.214 208.4 5
    endloop
  endfacet
  facet normal 0 0 1
    outer loop
      vertex 89.9856 208.4 5
      vertex 129.214 208.4 5
      vertex 90.0782 208.588 5
    endloop
  endfacet
  facet normal 0 0 1
    outer loop
      vertex 129.214 208.4 5
      vertex 89.9856 208.4 5
      vertex 129.331 208.226 5
    endloop
  endfacet
  facet normal 0 0 1
    outer loop
      vertex 89.8694 208.226 5
      vertex 129.331 208.226 5
      vertex 89.9856 208.4 5
    endloop
  endfacet
  facet normal 0 0 1
    outer loop
      vertex 129.331 208.226 5
      vertex 89.8694 208.226 5
      vertex 129.469 208.069 5
    endloop
  endfacet
  facet normal 0 0 1
    outer loop
      vertex 89.7314 208.069 5
      vertex 129.469 208.069 5
      vertex 89.8694 208.226 5
    endloop
  endfacet
  facet normal 0 0 1
    outer loop
      vertex 129.469 208.069 5
      vertex 89.7314 208.069 5
      vertex 129.626 207.931 5
    endloop
  endfacet
  facet normal 0 0 1
    outer loop
      vertex 89.574 207.931 5
      vertex 129.626 207.931 5
      vertex 89.7314 208.069 5
    endloop
  endfacet
  facet normal 0 0 1
    outer loop
      vertex 129.626 207.931 5
      vertex 89.574 207.931 5
      vertex 129.8 207.814 5
    endloop
  endfacet
  facet normal 0 0 1
    outer loop
      vertex 89.4 207.814 5
      vertex 129.8 207.814 5
      vertex 89.574 207.931 5
    endloop
  endfacet
  facet normal 0 0 1
    outer loop
      vertex 129.8 207.814 5
      vertex 89.4 207.814 5
      vertex 129.988 207.722 5
    endloop
  endfacet
  facet normal 0 0 1
    outer loop
      vertex 89.2123 207.722 5
      vertex 129.988 207.722 5
      vertex 89.4 207.814 5
    endloop
  endfacet
  facet normal 0 0 1
    outer loop
      vertex 129.988 207.722 5
      vertex 89.2123 207.722 5
      vertex 130.186 207.655 5
    endloop
  endfacet
  facet normal 0 0 1
    outer loop
      vertex 89.0141 207.655 5
      vertex 130.186 207.655 5
      vertex 89.2123 207.722 5
    endloop
  endfacet
  facet normal 0 0 1
    outer loop
      vertex 88.8088 207.614 5
      vertex 130.186 207.655 5
      vertex 89.0141 207.655 5
    endloop
  endfacet
  facet normal 0 0 1
    outer loop
      vertex 130.391 207.614 5
      vertex 88.8088 207.614 5
      vertex 187.45 194.95 5
    endloop
  endfacet
  facet normal -0 0 1
    outer loop
      vertex 88.6 207.6 5
      vertex 187.45 194.95 5
      vertex 88.8088 207.614 5
    endloop
  endfacet
  facet normal 0 0 1
    outer loop
      vertex 16.75 194.95 5
      vertex 88.6 207.6 5
      vertex 80.6 207.6 5
    endloop
  endfacet
  facet normal 0 0 1
    outer loop
      vertex 16.75 194.95 5
      vertex 80.6 207.6 5
      vertex 80.3912 207.614 5
    endloop
  endfacet
  facet normal 0 0 1
    outer loop
      vertex 88.6 207.6 5
      vertex 16.75 194.95 5
      vertex 187.45 194.95 5
    endloop
  endfacet
  facet normal 0 0 1
    outer loop
      vertex 80.1859 207.655 5
      vertex 16.75 194.95 5
      vertex 80.3912 207.614 5
    endloop
  endfacet
  facet normal 0 0 1
    outer loop
      vertex 79.9877 207.722 5
      vertex 16.75 194.95 5
      vertex 80.1859 207.655 5
    endloop
  endfacet
  facet normal 0 0 1
    outer loop
      vertex 79.8 207.814 5
      vertex 16.75 194.95 5
      vertex 79.9877 207.722 5
    endloop
  endfacet
  facet normal 0 0 1
    outer loop
      vertex 79.626 207.931 5
      vertex 16.75 194.95 5
      vertex 79.8 207.814 5
    endloop
  endfacet
  facet normal 0 0 1
    outer loop
      vertex 79.4686 208.069 5
      vertex 16.75 194.95 5
      vertex 79.626 207.931 5
    endloop
  endfacet
  facet normal 0 0 1
    outer loop
      vertex 79.3306 208.226 5
      vertex 16.75 194.95 5
      vertex 79.4686 208.069 5
    endloop
  endfacet
  facet normal 0 0 1
    outer loop
      vertex 79.2144 208.4 5
      vertex 16.75 194.95 5
      vertex 79.3306 208.226 5
    endloop
  endfacet
  facet normal 0 0 1
    outer loop
      vertex 79.1218 208.588 5
      vertex 16.75 194.95 5
      vertex 79.2144 208.4 5
    endloop
  endfacet
  facet normal 0 0 1
    outer loop
      vertex 79.0545 208.786 5
      vertex 16.75 194.95 5
      vertex 79.1218 208.588 5
    endloop
  endfacet
  facet normal 0 0 1
    outer loop
      vertex 79.0137 208.991 5
      vertex 16.75 194.95 5
      vertex 79.0545 208.786 5
    endloop
  endfacet
  facet normal 0 0 1
    outer loop
      vertex 16.75 194.95 5
      vertex 79.0137 208.991 5
      vertex 79 209.2 5
    endloop
  endfacet
  facet normal -0 0 1
    outer loop
      vertex 12.7216 200.605 5
      vertex 16.75 194.95 5
      vertex 12.7803 200.9 5
    endloop
  endfacet
  facet normal -0 0 1
    outer loop
      vertex 12.6249 200.32 5
      vertex 16.75 194.95 5
      vertex 12.7216 200.605 5
    endloop
  endfacet
  facet normal -0 0 1
    outer loop
      vertex 12.4919 200.05 5
      vertex 16.75 194.95 5
      vertex 12.6249 200.32 5
    endloop
  endfacet
  facet normal -0 0 1
    outer loop
      vertex 12.3247 199.8 5
      vertex 16.75 194.95 5
      vertex 12.4919 200.05 5
    endloop
  endfacet
  facet normal -0 0 1
    outer loop
      vertex 12.1263 199.574 5
      vertex 16.75 194.95 5
      vertex 12.3247 199.8 5
    endloop
  endfacet
  facet normal -0 0 1
    outer loop
      vertex 11.9002 199.375 5
      vertex 16.75 194.95 5
      vertex 12.1263 199.574 5
    endloop
  endfacet
  facet normal -0 0 1
    outer loop
      vertex 11.65 199.208 5
      vertex 16.75 194.95 5
      vertex 11.9002 199.375 5
    endloop
  endfacet
  facet normal 0 0 1
    outer loop
      vertex 16.75 194.95 5
      vertex 12.8 178.586 5
      vertex 12.974 178.469 5
    endloop
  endfacet
  facet normal -0 0 1
    outer loop
      vertex 11.3802 199.075 5
      vertex 16.75 194.95 5
      vertex 11.65 199.208 5
    endloop
  endfacet
  facet normal 0 0 1
    outer loop
      vertex 16.75 194.95 5
      vertex 12.6123 178.678 5
      vertex 12.8 178.586 5
    endloop
  endfacet
  facet normal -0 0 1
    outer loop
      vertex 11.0953 198.978 5
      vertex 16.75 194.95 5
      vertex 11.3802 199.075 5
    endloop
  endfacet
  facet normal 0 0 1
    outer loop
      vertex 16.75 194.95 5
      vertex 12.4141 178.745 5
      vertex 12.6123 178.678 5
    endloop
  endfacet
  facet normal -0 0 1
    outer loop
      vertex 10.8002 198.92 5
      vertex 16.75 194.95 5
      vertex 11.0953 198.978 5
    endloop
  endfacet
  facet normal 0 0 1
    outer loop
      vertex 16.75 194.95 5
      vertex 12.2088 178.786 5
      vertex 12.4141 178.745 5
    endloop
  endfacet
  facet normal -0 0 1
    outer loop
      vertex 10.5 198.9 5
      vertex 16.75 194.95 5
      vertex 10.8002 198.92 5
    endloop
  endfacet
  facet normal 0 0 1
    outer loop
      vertex 16.75 194.95 5
      vertex 12 178.8 5
      vertex 12.2088 178.786 5
    endloop
  endfacet
  facet normal 0 0 1
    outer loop
      vertex 16.75 194.95 5
      vertex 11.7912 178.786 5
      vertex 12 178.8 5
    endloop
  endfacet
  facet normal 0 0 1
    outer loop
      vertex 10.1998 198.92 5
      vertex 16.75 194.95 5
      vertex 10.5 198.9 5
    endloop
  endfacet
  facet normal 0 0 1
    outer loop
      vertex 16.75 194.95 5
      vertex 11.5859 178.745 5
      vertex 11.7912 178.786 5
    endloop
  endfacet
  facet normal 0 0 1
    outer loop
      vertex 16.75 194.95 5
      vertex 10.1998 198.92 5
      vertex 11.5859 178.745 5
    endloop
  endfacet
  facet normal 0 0 1
    outer loop
      vertex 11.5859 178.745 5
      vertex 10.1998 198.92 5
      vertex 11.3877 178.678 5
    endloop
  endfacet
  facet normal 0 0 1
    outer loop
      vertex 9.90472 198.978 5
      vertex 11.3877 178.678 5
      vertex 10.1998 198.92 5
    endloop
  endfacet
  facet normal 0 0 1
    outer loop
      vertex 11.3877 178.678 5
      vertex 9.90472 198.978 5
      vertex 11.2 178.586 5
    endloop
  endfacet
  facet normal 0 0 1
    outer loop
      vertex 9.61983 199.075 5
      vertex 11.2 178.586 5
      vertex 9.90472 198.978 5
    endloop
  endfacet
  facet normal 0 0 1
    outer loop
      vertex 11.2 178.586 5
      vertex 9.61983 199.075 5
      vertex 11.026 178.469 5
    endloop
  endfacet
  facet normal 0 0 1
    outer loop
      vertex 9.35 199.208 5
      vertex 11.026 178.469 5
      vertex 9.61983 199.075 5
    endloop
  endfacet
  facet normal 0 0 1
    outer loop
      vertex 11.026 178.469 5
      vertex 9.35 199.208 5
      vertex 10.8686 178.331 5
    endloop
  endfacet
  facet normal 0 0 1
    outer loop
      vertex 9.09985 199.375 5
      vertex 10.8686 178.331 5
      vertex 9.35 199.208 5
    endloop
  endfacet
  facet normal 0 0 1
    outer loop
      vertex 10.8686 178.331 5
      vertex 9.09985 199.375 5
      vertex 10.7306 178.174 5
    endloop
  endfacet
  facet normal 0 0 1
    outer loop
      vertex 10.7306 178.174 5
      vertex 8.87365 199.574 5
      vertex 10.6144 178 5
    endloop
  endfacet
  facet normal 0 0 1
    outer loop
      vertex 8.87365 199.574 5
      vertex 10.7306 178.174 5
      vertex 9.09985 199.375 5
    endloop
  endfacet
  facet normal -1 0 0
    outer loop
      vertex 0 4 0
      vertex 0 215.2 5
      vertex 0 215.2 0
    endloop
  endfacet
  facet normal -1 -0 0
    outer loop
      vertex 0 215.2 5
      vertex 0 4 0
      vertex 0 4 5
    endloop
  endfacet
  facet normal 0.0649964 0.997886 -0
    outer loop
      vertex 215.722 219.166 0
      vertex 215.2 219.2 5
      vertex 215.722 219.166 5
    endloop
  endfacet
  facet normal 0.0649964 0.997886 0
    outer loop
      vertex 215.2 219.2 5
      vertex 215.722 219.166 0
      vertex 215.2 219.2 0
    endloop
  endfacet
  facet normal 1 -0 0
    outer loop
      vertex 219.2 4 5
      vertex 219.2 215.2 0
      vertex 219.2 215.2 5
    endloop
  endfacet
  facet normal 1 0 0
    outer loop
      vertex 219.2 215.2 0
      vertex 219.2 4 5
      vertex 219.2 4 0
    endloop
  endfacet
  facet normal -0.751841 -0.659345 0
    outer loop
      vertex 1.17157 1.17157 0
      vertex 0.826586 1.56495 5
      vertex 0.826586 1.56495 0
    endloop
  endfacet
  facet normal -0.751841 -0.659345 0
    outer loop
      vertex 0.826586 1.56495 5
      vertex 1.17157 1.17157 0
      vertex 1.17157 1.17157 5
    endloop
  endfacet
  facet normal -0.997858 0.0654146 0
    outer loop
      vertex 0 215.2 0
      vertex 0.0342197 215.722 5
      vertex 0.0342197 215.722 0
    endloop
  endfacet
  facet normal -0.997858 0.0654146 0
    outer loop
      vertex 0.0342197 215.722 5
      vertex 0 215.2 0
      vertex 0 215.2 5
    endloop
  endfacet
  facet normal -0.555978 0.831197 0
    outer loop
      vertex 2 218.664 0
      vertex 1.56495 218.373 5
      vertex 2 218.664 5
    endloop
  endfacet
  facet normal -0.555978 0.831197 0
    outer loop
      vertex 1.56495 218.373 5
      vertex 2 218.664 0
      vertex 1.56495 218.373 0
    endloop
  endfacet
  facet normal 0.75151 0.659722 0
    outer loop
      vertex 218.373 217.635 5
      vertex 218.028 218.028 0
      vertex 218.028 218.028 5
    endloop
  endfacet
  facet normal 0.75151 0.659722 0
    outer loop
      vertex 218.028 218.028 0
      vertex 218.373 217.635 5
      vertex 218.373 217.635 0
    endloop
  endfacet
  facet normal 0.997886 -0.0649827 0
    outer loop
      vertex 219.166 3.47789 5
      vertex 219.2 4 0
      vertex 219.2 4 5
    endloop
  endfacet
  facet normal 0.997886 -0.0649827 0
    outer loop
      vertex 219.2 4 0
      vertex 219.166 3.47789 5
      vertex 219.166 3.47789 0
    endloop
  endfacet
  facet normal -0.195091 -0.980785 0
    outer loop
      vertex 2.96472 0.136296 0
      vertex 3.47789 0.0342197 5
      vertex 2.96472 0.136296 5
    endloop
  endfacet
  facet normal -0.195091 -0.980785 -0
    outer loop
      vertex 3.47789 0.0342197 5
      vertex 2.96472 0.136296 0
      vertex 3.47789 0.0342197 0
    endloop
  endfacet
  facet normal -0.831472 -0.555566 0
    outer loop
      vertex 0.826586 1.56495 0
      vertex 0.535898 2 5
      vertex 0.535898 2 0
    endloop
  endfacet
  facet normal -0.831472 -0.555566 0
    outer loop
      vertex 0.535898 2 5
      vertex 0.826586 1.56495 0
      vertex 0.826586 1.56495 5
    endloop
  endfacet
  facet normal -0.751525 0.659705 0
    outer loop
      vertex 0.826586 217.635 0
      vertex 1.17157 218.028 5
      vertex 1.17157 218.028 0
    endloop
  endfacet
  facet normal -0.751525 0.659705 0
    outer loop
      vertex 1.17157 218.028 5
      vertex 0.826586 217.635 0
      vertex 0.826586 217.635 5
    endloop
  endfacet
  facet normal -0.831443 0.55561 0
    outer loop
      vertex 0.535898 217.2 0
      vertex 0.826586 217.635 5
      vertex 0.826586 217.635 0
    endloop
  endfacet
  facet normal -0.831443 0.55561 0
    outer loop
      vertex 0.826586 217.635 5
      vertex 0.535898 217.2 0
      vertex 0.535898 217.2 5
    endloop
  endfacet
  facet normal -0.980773 0.195153 0
    outer loop
      vertex 0.0342197 215.722 0
      vertex 0.136296 216.235 5
      vertex 0.136296 216.235 0
    endloop
  endfacet
  facet normal -0.980773 0.195153 0
    outer loop
      vertex 0.136296 216.235 5
      vertex 0.0342197 215.722 0
      vertex 0.0342197 215.722 5
    endloop
  endfacet
  facet normal 0.980801 0.195013 0
    outer loop
      vertex 219.166 215.722 5
      vertex 219.064 216.235 0
      vertex 219.064 216.235 5
    endloop
  endfacet
  facet normal 0.980801 0.195013 0
    outer loop
      vertex 219.064 216.235 0
      vertex 219.166 215.722 5
      vertex 219.166 215.722 0
    endloop
  endfacet
  facet normal -0.321126 0.947036 0
    outer loop
      vertex 2.96472 219.064 0
      vertex 2.46927 218.896 5
      vertex 2.96472 219.064 5
    endloop
  endfacet
  facet normal -0.321126 0.947036 0
    outer loop
      vertex 2.46927 218.896 5
      vertex 2.96472 219.064 0
      vertex 2.46927 218.896 0
    endloop
  endfacet
  facet normal -0.0649827 0.997886 0
    outer loop
      vertex 4 219.2 0
      vertex 3.47789 219.166 5
      vertex 4 219.2 5
    endloop
  endfacet
  facet normal -0.0649827 0.997886 0
    outer loop
      vertex 3.47789 219.166 5
      vertex 4 219.2 0
      vertex 3.47789 219.166 0
    endloop
  endfacet
  facet normal 0.443387 0.89633 -0
    outer loop
      vertex 217.2 218.664 0
      vertex 216.731 218.896 5
      vertex 217.2 218.664 5
    endloop
  endfacet
  facet normal 0.443387 0.89633 0
    outer loop
      vertex 216.731 218.896 5
      vertex 217.2 218.664 0
      vertex 216.731 218.896 0
    endloop
  endfacet
  facet normal 0.0654146 -0.997858 0
    outer loop
      vertex 215.2 0 0
      vertex 215.722 0.0342197 5
      vertex 215.2 0 5
    endloop
  endfacet
  facet normal 0.0654146 -0.997858 0
    outer loop
      vertex 215.722 0.0342197 5
      vertex 215.2 0 0
      vertex 215.722 0.0342197 0
    endloop
  endfacet
  facet normal 0.896432 -0.443182 0
    outer loop
      vertex 218.664 2 5
      vertex 218.896 2.46927 0
      vertex 218.896 2.46927 5
    endloop
  endfacet
  facet normal 0.896432 -0.443182 0
    outer loop
      vertex 218.896 2.46927 0
      vertex 218.664 2 5
      vertex 218.664 2 0
    endloop
  endfacet
  facet normal 0.980813 -0.194951 0
    outer loop
      vertex 219.064 2.96472 5
      vertex 219.166 3.47789 0
      vertex 219.166 3.47789 5
    endloop
  endfacet
  facet normal 0.980813 -0.194951 0
    outer loop
      vertex 219.166 3.47789 0
      vertex 219.064 2.96472 5
      vertex 219.064 2.96472 0
    endloop
  endfacet
  facet normal -0.0654009 -0.997859 0
    outer loop
      vertex 3.47789 0.0342197 0
      vertex 4 0 5
      vertex 3.47789 0.0342197 5
    endloop
  endfacet
  facet normal -0.0654009 -0.997859 -0
    outer loop
      vertex 4 0 5
      vertex 3.47789 0.0342197 0
      vertex 4 0 0
    endloop
  endfacet
  facet normal -0.321445 -0.946928 0
    outer loop
      vertex 2.46927 0.304482 0
      vertex 2.96472 0.136296 5
      vertex 2.46927 0.304482 5
    endloop
  endfacet
  facet normal -0.321445 -0.946928 -0
    outer loop
      vertex 2.96472 0.136296 5
      vertex 2.46927 0.304482 0
      vertex 2.96472 0.136296 0
    endloop
  endfacet
  facet normal -0.555566 -0.831472 0
    outer loop
      vertex 1.56495 0.826586 0
      vertex 2 0.535898 5
      vertex 1.56495 0.826586 5
    endloop
  endfacet
  facet normal -0.555566 -0.831472 -0
    outer loop
      vertex 2 0.535898 5
      vertex 1.56495 0.826586 0
      vertex 2 0.535898 0
    endloop
  endfacet
  facet normal 0 0 -1
    outer loop
      vertex 16.75 194.95 0
      vertex 12.0863 200.991 0
      vertex 12.1 201.2 0
    endloop
  endfacet
  facet normal 0 0 -1
    outer loop
      vertex 16.75 194.95 0
      vertex 12.0455 200.786 0
      vertex 12.0863 200.991 0
    endloop
  endfacet
  facet normal 0 0 -1
    outer loop
      vertex 11.7912 178.786 0
      vertex 16.75 194.95 0
      vertex 12 178.8 0
    endloop
  endfacet
  facet normal 0 0 -1
    outer loop
      vertex 16.75 194.95 0
      vertex 11.9782 200.588 0
      vertex 12.0455 200.786 0
    endloop
  endfacet
  facet normal 0 0 -1
    outer loop
      vertex 16.75 194.95 0
      vertex 11.8856 200.4 0
      vertex 11.9782 200.588 0
    endloop
  endfacet
  facet normal 0 0 -1
    outer loop
      vertex 11.5859 178.745 0
      vertex 16.75 194.95 0
      vertex 11.7912 178.786 0
    endloop
  endfacet
  facet normal 0 0 -1
    outer loop
      vertex 16.75 194.95 0
      vertex 11.7694 200.226 0
      vertex 11.8856 200.4 0
    endloop
  endfacet
  facet normal 0 0 -1
    outer loop
      vertex 16.75 194.95 0
      vertex 11.6314 200.069 0
      vertex 11.7694 200.226 0
    endloop
  endfacet
  facet normal 0 0 -1
    outer loop
      vertex 11.3877 178.678 0
      vertex 16.75 194.95 0
      vertex 11.5859 178.745 0
    endloop
  endfacet
  facet normal 0 0 -1
    outer loop
      vertex 16.75 194.95 0
      vertex 11.474 199.931 0
      vertex 11.6314 200.069 0
    endloop
  endfacet
  facet normal 0 0 -1
    outer loop
      vertex 10.0859 199.655 0
      vertex 16.75 194.95 0
      vertex 11.3877 178.678 0
    endloop
  endfacet
  facet normal 0 0 -1
    outer loop
      vertex 16.75 194.95 0
      vertex 11.3 199.814 0
      vertex 11.474 199.931 0
    endloop
  endfacet
  facet normal 0 0 -1
    outer loop
      vertex 10.0859 199.655 0
      vertex 11.3877 178.678 0
      vertex 11.2 178.586 0
    endloop
  endfacet
  facet normal 0 0 -1
    outer loop
      vertex 16.75 194.95 0
      vertex 11.1123 199.722 0
      vertex 11.3 199.814 0
    endloop
  endfacet
  facet normal 0 0 -1
    outer loop
      vertex 9.88771 199.722 0
      vertex 11.2 178.586 0
      vertex 11.026 178.469 0
    endloop
  endfacet
  facet normal 0 0 -1
    outer loop
      vertex 16.75 194.95 0
      vertex 10.9141 199.655 0
      vertex 11.1123 199.722 0
    endloop
  endfacet
  facet normal 0 0 -1
    outer loop
      vertex 9.7 199.814 0
      vertex 11.026 178.469 0
      vertex 10.8686 178.331 0
    endloop
  endfacet
  facet normal 0 0 -1
    outer loop
      vertex 9.52598 199.931 0
      vertex 10.8686 178.331 0
      vertex 10.7306 178.174 0
    endloop
  endfacet
  facet normal 0 0 -1
    outer loop
      vertex 16.75 194.95 0
      vertex 10.7088 199.614 0
      vertex 10.9141 199.655 0
    endloop
  endfacet
  facet normal 0 0 -1
    outer loop
      vertex 9.36863 200.069 0
      vertex 10.7306 178.174 0
      vertex 10.6144 178 0
    endloop
  endfacet
  facet normal 0 0 -1
    outer loop
      vertex 9.23063 200.226 0
      vertex 10.6144 178 0
      vertex 10.5218 177.812 0
    endloop
  endfacet
  facet normal 0 0 -1
    outer loop
      vertex 16.75 194.95 0
      vertex 10.5 199.6 0
      vertex 10.7088 199.614 0
    endloop
  endfacet
  facet normal 0 0 -1
    outer loop
      vertex 9.11436 200.4 0
      vertex 10.5218 177.812 0
      vertex 10.4545 177.614 0
    endloop
  endfacet
  facet normal 0 0 -1
    outer loop
      vertex 0 215.2 0
      vertex 10.4545 177.614 0
      vertex 10.4137 177.409 0
    endloop
  endfacet
  facet normal 0 0 -1
    outer loop
      vertex 0 215.2 0
      vertex 10.4137 177.409 0
      vertex 10.4 177.2 0
    endloop
  endfacet
  facet normal 0 0 -1
    outer loop
      vertex 16.75 194.95 0
      vertex 10.2912 199.614 0
      vertex 10.5 199.6 0
    endloop
  endfacet
  facet normal 0 0 -1
    outer loop
      vertex 9.23063 18.974 0
      vertex 10.6144 41.2 0
      vertex 9.36863 19.1314 0
    endloop
  endfacet
  facet normal -0 0 -1
    outer loop
      vertex 10.6144 41.2 0
      vertex 9.23063 18.974 0
      vertex 10.5218 41.3877 0
    endloop
  endfacet
  facet normal 0 0 -1
    outer loop
      vertex 16.75 194.95 0
      vertex 10.0859 199.655 0
      vertex 10.2912 199.614 0
    endloop
  endfacet
  facet normal 0 0 -1
    outer loop
      vertex 9.11436 18.8 0
      vertex 10.5218 41.3877 0
      vertex 9.23063 18.974 0
    endloop
  endfacet
  facet normal 0 0 -1
    outer loop
      vertex 11.2 178.586 0
      vertex 9.88771 199.722 0
      vertex 10.0859 199.655 0
    endloop
  endfacet
  facet normal -0 0 -1
    outer loop
      vertex 10.5218 41.3877 0
      vertex 9.11436 18.8 0
      vertex 10.4545 41.5859 0
    endloop
  endfacet
  facet normal 0 0 -1
    outer loop
      vertex 11.026 178.469 0
      vertex 9.7 199.814 0
      vertex 9.88771 199.722 0
    endloop
  endfacet
  facet normal 0 0 -1
    outer loop
      vertex 9.02179 18.6123 0
      vertex 10.4545 41.5859 0
      vertex 9.11436 18.8 0
    endloop
  endfacet
  facet normal 0 0 -1
    outer loop
      vertex 10.8686 178.331 0
      vertex 9.52598 199.931 0
      vertex 9.7 199.814 0
    endloop
  endfacet
  facet normal 0 0 -1
    outer loop
      vertex 0 4 0
      vertex 10.4545 41.5859 0
      vertex 9.02179 18.6123 0
    endloop
  endfacet
  facet normal 0 0 -1
    outer loop
      vertex 10.7306 178.174 0
      vertex 9.36863 200.069 0
      vertex 9.52598 199.931 0
    endloop
  endfacet
  facet normal -0 0 -1
    outer loop
      vertex 10.4545 41.5859 0
      vertex 0 4 0
      vertex 10.4137 41.7912 0
    endloop
  endfacet
  facet normal 0 0 -1
    outer loop
      vertex 10.6144 178 0
      vertex 9.23063 200.226 0
      vertex 9.36863 200.069 0
    endloop
  endfacet
  facet normal -0 0 -1
    outer loop
      vertex 10.4 42 0
      vertex 0 4 0
      vertex 10.4 177.2 0
    endloop
  endfacet
  facet normal 0 0 -1
    outer loop
      vertex 10.5218 177.812 0
      vertex 9.11436 200.4 0
      vertex 9.23063 200.226 0
    endloop
  endfacet
  facet normal -0 0 -1
    outer loop
      vertex 10.4137 41.7912 0
      vertex 0 4 0
      vertex 10.4 42 0
    endloop
  endfacet
  facet normal 0 0 -1
    outer loop
      vertex 0 215.2 0
      vertex 10.4 177.2 0
      vertex 0 4 0
    endloop
  endfacet
  facet normal 0 0 -1
    outer loop
      vertex 0 4 0
      vertex 9.02179 18.6123 0
      vertex 8.95452 18.4141 0
    endloop
  endfacet
  facet normal 0 0 -1
    outer loop
      vertex 10.4545 177.614 0
      vertex 0 215.2 0
      vertex 9.02179 200.588 0
    endloop
  endfacet
  facet normal 0 0 -1
    outer loop
      vertex 0 4 0
      vertex 8.95452 18.4141 0
      vertex 8.91369 18.2088 0
    endloop
  endfacet
  facet normal 0 0 -1
    outer loop
      vertex 10.4545 177.614 0
      vertex 9.02179 200.588 0
      vertex 9.11436 200.4 0
    endloop
  endfacet
  facet normal 0 0 -1
    outer loop
      vertex 0 4 0
      vertex 8.91369 18.2088 0
      vertex 8.9 18 0
    endloop
  endfacet
  facet normal 0 0 -1
    outer loop
      vertex 9.02179 200.588 0
      vertex 0 215.2 0
      vertex 8.95452 200.786 0
    endloop
  endfacet
  facet normal 0 0 -1
    outer loop
      vertex 13.5863 176.991 0
      vertex 16.75 194.95 0
      vertex 13.5863 42.2088 0
    endloop
  endfacet
  facet normal 0 0 -1
    outer loop
      vertex 16.75 194.95 0
      vertex 13.5863 176.991 0
      vertex 13.6 177.2 0
    endloop
  endfacet
  facet normal 0 0 -1
    outer loop
      vertex 13.5455 42.4141 0
      vertex 13.5863 176.991 0
      vertex 13.5863 42.2088 0
    endloop
  endfacet
  facet normal 0 0 -1
    outer loop
      vertex 13.5455 42.4141 0
      vertex 13.5455 176.786 0
      vertex 13.5863 176.991 0
    endloop
  endfacet
  facet normal 0 0 -1
    outer loop
      vertex 13.4782 42.6123 0
      vertex 13.5455 176.786 0
      vertex 13.5455 42.4141 0
    endloop
  endfacet
  facet normal 0 0 -1
    outer loop
      vertex 13.4782 42.6123 0
      vertex 13.4782 176.588 0
      vertex 13.5455 176.786 0
    endloop
  endfacet
  facet normal 0 0 -1
    outer loop
      vertex 13.3856 42.8 0
      vertex 13.4782 176.588 0
      vertex 13.4782 42.6123 0
    endloop
  endfacet
  facet normal 0 0 -1
    outer loop
      vertex 13.3856 42.8 0
      vertex 13.3856 176.4 0
      vertex 13.4782 176.588 0
    endloop
  endfacet
  facet normal 0 0 -1
    outer loop
      vertex 13.2694 42.974 0
      vertex 13.3856 176.4 0
      vertex 13.3856 42.8 0
    endloop
  endfacet
  facet normal 0 0 -1
    outer loop
      vertex 13.2694 42.974 0
      vertex 13.2694 176.226 0
      vertex 13.3856 176.4 0
    endloop
  endfacet
  facet normal 0 0 -1
    outer loop
      vertex 13.1314 43.1314 0
      vertex 13.2694 176.226 0
      vertex 13.2694 42.974 0
    endloop
  endfacet
  facet normal 0 0 -1
    outer loop
      vertex 13.1314 43.1314 0
      vertex 13.1314 176.069 0
      vertex 13.2694 176.226 0
    endloop
  endfacet
  facet normal 0 0 -1
    outer loop
      vertex 12.974 43.2694 0
      vertex 13.1314 176.069 0
      vertex 13.1314 43.1314 0
    endloop
  endfacet
  facet normal 0 0 -1
    outer loop
      vertex 12.974 43.2694 0
      vertex 12.974 175.931 0
      vertex 13.1314 176.069 0
    endloop
  endfacet
  facet normal 0 0 -1
    outer loop
      vertex 12.8 43.3856 0
      vertex 12.974 175.931 0
      vertex 12.974 43.2694 0
    endloop
  endfacet
  facet normal 0 0 -1
    outer loop
      vertex 12.8 43.3856 0
      vertex 12.8 175.814 0
      vertex 12.974 175.931 0
    endloop
  endfacet
  facet normal 0 0 -1
    outer loop
      vertex 12.6123 43.4782 0
      vertex 12.8 175.814 0
      vertex 12.8 43.3856 0
    endloop
  endfacet
  facet normal 0 0 -1
    outer loop
      vertex 12.6123 43.4782 0
      vertex 12.6123 175.722 0
      vertex 12.8 175.814 0
    endloop
  endfacet
  facet normal 0 0 -1
    outer loop
      vertex 12.4141 43.5455 0
      vertex 12.6123 175.722 0
      vertex 12.6123 43.4782 0
    endloop
  endfacet
  facet normal 0 0 -1
    outer loop
      vertex 12.4141 43.5455 0
      vertex 12.4141 175.655 0
      vertex 12.6123 175.722 0
    endloop
  endfacet
  facet normal 0 0 -1
    outer loop
      vertex 12.2088 43.5863 0
      vertex 12.4141 175.655 0
      vertex 12.4141 43.5455 0
    endloop
  endfacet
  facet normal 0 0 -1
    outer loop
      vertex 12.2088 43.5863 0
      vertex 12.2088 175.614 0
      vertex 12.4141 175.655 0
    endloop
  endfacet
  facet normal 0 0 -1
    outer loop
      vertex 12 43.6 0
      vertex 12.2088 175.614 0
      vertex 12.2088 43.5863 0
    endloop
  endfacet
  facet normal 0 0 -1
    outer loop
      vertex 12 43.6 0
      vertex 12 175.6 0
      vertex 12.2088 175.614 0
    endloop
  endfacet
  facet normal 0 0 -1
    outer loop
      vertex 11.7912 43.5863 0
      vertex 12 175.6 0
      vertex 12 43.6 0
    endloop
  endfacet
  facet normal 0 0 -1
    outer loop
      vertex 11.7912 43.5863 0
      vertex 11.7912 175.614 0
      vertex 12 175.6 0
    endloop
  endfacet
  facet normal 0 0 -1
    outer loop
      vertex 11.5859 43.5455 0
      vertex 11.7912 175.614 0
      vertex 11.7912 43.5863 0
    endloop
  endfacet
  facet normal 0 0 -1
    outer loop
      vertex 11.5859 43.5455 0
      vertex 11.5859 175.655 0
      vertex 11.7912 175.614 0
    endloop
  endfacet
  facet normal 0 0 -1
    outer loop
      vertex 11.3877 43.4782 0
      vertex 11.5859 175.655 0
      vertex 11.5859 43.5455 0
    endloop
  endfacet
  facet normal 0 0 -1
    outer loop
      vertex 11.3877 43.4782 0
      vertex 11.3877 175.722 0
      vertex 11.5859 175.655 0
    endloop
  endfacet
  facet normal 0 0 -1
    outer loop
      vertex 11.2 43.3856 0
      vertex 11.3877 175.722 0
      vertex 11.3877 43.4782 0
    endloop
  endfacet
  facet normal 0 0 -1
    outer loop
      vertex 11.2 43.3856 0
      vertex 11.2 175.814 0
      vertex 11.3877 175.722 0
    endloop
  endfacet
  facet normal 0 0 -1
    outer loop
      vertex 11.026 43.2694 0
      vertex 11.2 175.814 0
      vertex 11.2 43.3856 0
    endloop
  endfacet
  facet normal 0 0 -1
    outer loop
      vertex 11.026 43.2694 0
      vertex 11.026 175.931 0
      vertex 11.2 175.814 0
    endloop
  endfacet
  facet normal 0 0 -1
    outer loop
      vertex 10.8686 43.1314 0
      vertex 11.026 175.931 0
      vertex 11.026 43.2694 0
    endloop
  endfacet
  facet normal 0 0 -1
    outer loop
      vertex 10.8686 43.1314 0
      vertex 10.8686 176.069 0
      vertex 11.026 175.931 0
    endloop
  endfacet
  facet normal 0 0 -1
    outer loop
      vertex 10.7306 42.974 0
      vertex 10.8686 176.069 0
      vertex 10.8686 43.1314 0
    endloop
  endfacet
  facet normal 0 0 -1
    outer loop
      vertex 10.7306 42.974 0
      vertex 10.7306 176.226 0
      vertex 10.8686 176.069 0
    endloop
  endfacet
  facet normal 0 0 -1
    outer loop
      vertex 10.6144 42.8 0
      vertex 10.7306 176.226 0
      vertex 10.7306 42.974 0
    endloop
  endfacet
  facet normal 0 0 -1
    outer loop
      vertex 10.6144 42.8 0
      vertex 10.6144 176.4 0
      vertex 10.7306 176.226 0
    endloop
  endfacet
  facet normal 0 0 -1
    outer loop
      vertex 10.5218 42.6123 0
      vertex 10.6144 176.4 0
      vertex 10.6144 42.8 0
    endloop
  endfacet
  facet normal 0 0 -1
    outer loop
      vertex 10.5218 42.6123 0
      vertex 10.5218 176.588 0
      vertex 10.6144 176.4 0
    endloop
  endfacet
  facet normal 0 0 -1
    outer loop
      vertex 10.4545 42.4141 0
      vertex 10.5218 176.588 0
      vertex 10.5218 42.6123 0
    endloop
  endfacet
  facet normal 0 0 -1
    outer loop
      vertex 10.4545 42.4141 0
      vertex 10.4545 176.786 0
      vertex 10.5218 176.588 0
    endloop
  endfacet
  facet normal 0 0 -1
    outer loop
      vertex 10.4137 42.2088 0
      vertex 10.4545 176.786 0
      vertex 10.4545 42.4141 0
    endloop
  endfacet
  facet normal 0 0 -1
    outer loop
      vertex 10.4137 42.2088 0
      vertex 10.4137 176.991 0
      vertex 10.4545 176.786 0
    endloop
  endfacet
  facet normal 0 0 -1
    outer loop
      vertex 10.4 42 0
      vertex 10.4137 176.991 0
      vertex 10.4137 42.2088 0
    endloop
  endfacet
  facet normal -0 0 -1
    outer loop
      vertex 10.4137 176.991 0
      vertex 10.4 42 0
      vertex 10.4 177.2 0
    endloop
  endfacet
  facet normal 0 0 -1
    outer loop
      vertex 12.0455 18.4141 0
      vertex 16.75 24.25 0
      vertex 12.0863 18.2088 0
    endloop
  endfacet
  facet normal 0 0 -1
    outer loop
      vertex 11.9782 18.6123 0
      vertex 16.75 24.25 0
      vertex 12.0455 18.4141 0
    endloop
  endfacet
  facet normal 0 0 -1
    outer loop
      vertex 11.8856 18.8 0
      vertex 16.75 24.25 0
      vertex 11.9782 18.6123 0
    endloop
  endfacet
  facet normal 0 0 -1
    outer loop
      vertex 11.7694 18.974 0
      vertex 16.75 24.25 0
      vertex 11.8856 18.8 0
    endloop
  endfacet
  facet normal 0 0 -1
    outer loop
      vertex 11.6314 19.1314 0
      vertex 16.75 24.25 0
      vertex 11.7694 18.974 0
    endloop
  endfacet
  facet normal 0 0 -1
    outer loop
      vertex 11.474 19.2694 0
      vertex 16.75 24.25 0
      vertex 11.6314 19.1314 0
    endloop
  endfacet
  facet normal 0 0 -1
    outer loop
      vertex 11.3 19.3856 0
      vertex 16.75 24.25 0
      vertex 11.474 19.2694 0
    endloop
  endfacet
  facet normal 0 0 -1
    outer loop
      vertex 11.1123 19.4782 0
      vertex 16.75 24.25 0
      vertex 11.3 19.3856 0
    endloop
  endfacet
  facet normal 0 0 -1
    outer loop
      vertex 10.9141 19.5455 0
      vertex 16.75 24.25 0
      vertex 11.1123 19.4782 0
    endloop
  endfacet
  facet normal 0 0 -1
    outer loop
      vertex 10.7088 19.5863 0
      vertex 16.75 24.25 0
      vertex 10.9141 19.5455 0
    endloop
  endfacet
  facet normal 0 0 -1
    outer loop
      vertex 16.75 24.25 0
      vertex 12 40.4 0
      vertex 12.2088 40.4137 0
    endloop
  endfacet
  facet normal 0 0 -1
    outer loop
      vertex 10.5 19.6 0
      vertex 16.75 24.25 0
      vertex 10.7088 19.5863 0
    endloop
  endfacet
  facet normal 0 0 -1
    outer loop
      vertex 16.75 24.25 0
      vertex 11.7912 40.4137 0
      vertex 12 40.4 0
    endloop
  endfacet
  facet normal 0 0 -1
    outer loop
      vertex 10.2912 19.5863 0
      vertex 16.75 24.25 0
      vertex 10.5 19.6 0
    endloop
  endfacet
  facet normal 0 0 -1
    outer loop
      vertex 16.75 24.25 0
      vertex 11.5859 40.4545 0
      vertex 11.7912 40.4137 0
    endloop
  endfacet
  facet normal 0 0 -1
    outer loop
      vertex 10.0859 19.5455 0
      vertex 16.75 24.25 0
      vertex 10.2912 19.5863 0
    endloop
  endfacet
  facet normal 0 0 -1
    outer loop
      vertex 16.75 24.25 0
      vertex 11.3877 40.5218 0
      vertex 11.5859 40.4545 0
    endloop
  endfacet
  facet normal -0 0 -1
    outer loop
      vertex 16.75 24.25 0
      vertex 10.0859 19.5455 0
      vertex 11.3877 40.5218 0
    endloop
  endfacet
  facet normal -0 0 -1
    outer loop
      vertex 11.3877 40.5218 0
      vertex 10.0859 19.5455 0
      vertex 11.2 40.6144 0
    endloop
  endfacet
  facet normal 0 0 -1
    outer loop
      vertex 9.88771 19.4782 0
      vertex 11.2 40.6144 0
      vertex 10.0859 19.5455 0
    endloop
  endfacet
  facet normal -0 0 -1
    outer loop
      vertex 11.2 40.6144 0
      vertex 9.88771 19.4782 0
      vertex 11.026 40.7306 0
    endloop
  endfacet
  facet normal 0 0 -1
    outer loop
      vertex 9.7 19.3856 0
      vertex 11.026 40.7306 0
      vertex 9.88771 19.4782 0
    endloop
  endfacet
  facet normal -0 0 -1
    outer loop
      vertex 11.026 40.7306 0
      vertex 9.7 19.3856 0
      vertex 10.8686 40.8686 0
    endloop
  endfacet
  facet normal 0 0 -1
    outer loop
      vertex 9.52598 19.2694 0
      vertex 10.8686 40.8686 0
      vertex 9.7 19.3856 0
    endloop
  endfacet
  facet normal -0 0 -1
    outer loop
      vertex 10.8686 40.8686 0
      vertex 9.52598 19.2694 0
      vertex 10.7306 41.026 0
    endloop
  endfacet
  facet normal -0 0 -1
    outer loop
      vertex 10.7306 41.026 0
      vertex 9.36863 19.1314 0
      vertex 10.6144 41.2 0
    endloop
  endfacet
  facet normal 0 0 -1
    outer loop
      vertex 9.36863 19.1314 0
      vertex 10.7306 41.026 0
      vertex 9.52598 19.2694 0
    endloop
  endfacet
  facet normal 0 0 -1
    outer loop
      vertex 187.45 194.95 0
      vertex 140.186 208.991 0
      vertex 140.2 209.2 0
    endloop
  endfacet
  facet normal 0 0 -1
    outer loop
      vertex 187.45 194.95 0
      vertex 140.145 208.786 0
      vertex 140.186 208.991 0
    endloop
  endfacet
  facet normal 0 0 -1
    outer loop
      vertex 187.45 194.95 0
      vertex 140.078 208.588 0
      vertex 140.145 208.786 0
    endloop
  endfacet
  facet normal 0 0 -1
    outer loop
      vertex 187.45 194.95 0
      vertex 139.986 208.4 0
      vertex 140.078 208.588 0
    endloop
  endfacet
  facet normal 0 0 -1
    outer loop
      vertex 187.45 194.95 0
      vertex 139.869 208.226 0
      vertex 139.986 208.4 0
    endloop
  endfacet
  facet normal 0 0 -1
    outer loop
      vertex 187.45 194.95 0
      vertex 139.731 208.069 0
      vertex 139.869 208.226 0
    endloop
  endfacet
  facet normal 0 0 -1
    outer loop
      vertex 187.45 194.95 0
      vertex 139.574 207.931 0
      vertex 139.731 208.069 0
    endloop
  endfacet
  facet normal 0 0 -1
    outer loop
      vertex 187.45 194.95 0
      vertex 139.4 207.814 0
      vertex 139.574 207.931 0
    endloop
  endfacet
  facet normal 0 0 -1
    outer loop
      vertex 187.45 194.95 0
      vertex 139.212 207.722 0
      vertex 139.4 207.814 0
    endloop
  endfacet
  facet normal 0 0 -1
    outer loop
      vertex 187.45 194.95 0
      vertex 139.014 207.655 0
      vertex 139.212 207.722 0
    endloop
  endfacet
  facet normal 0 0 -1
    outer loop
      vertex 187.45 194.95 0
      vertex 138.809 207.614 0
      vertex 139.014 207.655 0
    endloop
  endfacet
  facet normal 0 0 -1
    outer loop
      vertex 187.45 194.95 0
      vertex 138.6 207.6 0
      vertex 138.809 207.614 0
    endloop
  endfacet
  facet normal 0 0 -1
    outer loop
      vertex 187.45 194.95 0
      vertex 130.6 207.6 0
      vertex 138.6 207.6 0
    endloop
  endfacet
  facet normal 0 0 -1
    outer loop
      vertex 187.45 194.95 0
      vertex 130.391 207.614 0
      vertex 130.6 207.6 0
    endloop
  endfacet
  facet normal 0 0 -1
    outer loop
      vertex 88.8088 207.614 0
      vertex 130.391 207.614 0
      vertex 187.45 194.95 0
    endloop
  endfacet
  facet normal 0 0 -1
    outer loop
      vertex 129.014 208.991 0
      vertex 90.2 209.2 0
      vertex 129 209.2 0
    endloop
  endfacet
  facet normal 0 0 -1
    outer loop
      vertex 90.1863 208.991 0
      vertex 129.014 208.991 0
      vertex 129.055 208.786 0
    endloop
  endfacet
  facet normal 0 0 -1
    outer loop
      vertex 90.1455 208.786 0
      vertex 129.055 208.786 0
      vertex 129.122 208.588 0
    endloop
  endfacet
  facet normal 0 0 -1
    outer loop
      vertex 90.0782 208.588 0
      vertex 129.122 208.588 0
      vertex 129.214 208.4 0
    endloop
  endfacet
  facet normal 0 0 -1
    outer loop
      vertex 89.9856 208.4 0
      vertex 129.214 208.4 0
      vertex 129.331 208.226 0
    endloop
  endfacet
  facet normal 0 0 -1
    outer loop
      vertex 89.8694 208.226 0
      vertex 129.331 208.226 0
      vertex 129.469 208.069 0
    endloop
  endfacet
  facet normal 0 0 -1
    outer loop
      vertex 89.7314 208.069 0
      vertex 129.469 208.069 0
      vertex 129.626 207.931 0
    endloop
  endfacet
  facet normal 0 0 -1
    outer loop
      vertex 89.574 207.931 0
      vertex 129.626 207.931 0
      vertex 129.8 207.814 0
    endloop
  endfacet
  facet normal 0 0 -1
    outer loop
      vertex 89.4 207.814 0
      vertex 129.8 207.814 0
      vertex 129.988 207.722 0
    endloop
  endfacet
  facet normal 0 0 -1
    outer loop
      vertex 89.2123 207.722 0
      vertex 129.988 207.722 0
      vertex 130.186 207.655 0
    endloop
  endfacet
  facet normal 0 0 -1
    outer loop
      vertex 130.391 207.614 0
      vertex 88.8088 207.614 0
      vertex 130.186 207.655 0
    endloop
  endfacet
  facet normal 0 0 -1
    outer loop
      vertex 129.014 208.991 0
      vertex 90.1863 208.991 0
      vertex 90.2 209.2 0
    endloop
  endfacet
  facet normal 0 0 -1
    outer loop
      vertex 129.055 208.786 0
      vertex 90.1455 208.786 0
      vertex 90.1863 208.991 0
    endloop
  endfacet
  facet normal 0 0 -1
    outer loop
      vertex 129.122 208.588 0
      vertex 90.0782 208.588 0
      vertex 90.1455 208.786 0
    endloop
  endfacet
  facet normal 0 0 -1
    outer loop
      vertex 129.214 208.4 0
      vertex 89.9856 208.4 0
      vertex 90.0782 208.588 0
    endloop
  endfacet
  facet normal 0 0 -1
    outer loop
      vertex 129.331 208.226 0
      vertex 89.8694 208.226 0
      vertex 89.9856 208.4 0
    endloop
  endfacet
  facet normal 0 0 -1
    outer loop
      vertex 129.469 208.069 0
      vertex 89.7314 208.069 0
      vertex 89.8694 208.226 0
    endloop
  endfacet
  facet normal 0 0 -1
    outer loop
      vertex 129.626 207.931 0
      vertex 89.574 207.931 0
      vertex 89.7314 208.069 0
    endloop
  endfacet
  facet normal 0 0 -1
    outer loop
      vertex 129.8 207.814 0
      vertex 89.4 207.814 0
      vertex 89.574 207.931 0
    endloop
  endfacet
  facet normal 0 0 -1
    outer loop
      vertex 129.988 207.722 0
      vertex 89.2123 207.722 0
      vertex 89.4 207.814 0
    endloop
  endfacet
  facet normal 0 0 -1
    outer loop
      vertex 130.186 207.655 0
      vertex 89.0141 207.655 0
      vertex 89.2123 207.722 0
    endloop
  endfacet
  facet normal -0 0 -1
    outer loop
      vertex 130.186 207.655 0
      vertex 88.8088 207.614 0
      vertex 89.0141 207.655 0
    endloop
  endfacet
  facet normal 0 0 -1
    outer loop
      vertex 187.45 194.95 0
      vertex 88.6 207.6 0
      vertex 88.8088 207.614 0
    endloop
  endfacet
  facet normal 0 0 -1
    outer loop
      vertex 16.75 194.95 0
      vertex 88.6 207.6 0
      vertex 187.45 194.95 0
    endloop
  endfacet
  facet normal -0 0 -1
    outer loop
      vertex 88.6 207.6 0
      vertex 16.75 194.95 0
      vertex 80.6 207.6 0
    endloop
  endfacet
  facet normal -0 0 -1
    outer loop
      vertex 79.0137 208.991 0
      vertex 16.75 194.95 0
      vertex 79 209.2 0
    endloop
  endfacet
  facet normal -0 0 -1
    outer loop
      vertex 79.0545 208.786 0
      vertex 16.75 194.95 0
      vertex 79.0137 208.991 0
    endloop
  endfacet
  facet normal -0 0 -1
    outer loop
      vertex 79.1218 208.588 0
      vertex 16.75 194.95 0
      vertex 79.0545 208.786 0
    endloop
  endfacet
  facet normal -0 0 -1
    outer loop
      vertex 79.2144 208.4 0
      vertex 16.75 194.95 0
      vertex 79.1218 208.588 0
    endloop
  endfacet
  facet normal -0 0 -1
    outer loop
      vertex 79.3306 208.226 0
      vertex 16.75 194.95 0
      vertex 79.2144 208.4 0
    endloop
  endfacet
  facet normal -0 0 -1
    outer loop
      vertex 79.4686 208.069 0
      vertex 16.75 194.95 0
      vertex 79.3306 208.226 0
    endloop
  endfacet
  facet normal -0 0 -1
    outer loop
      vertex 79.626 207.931 0
      vertex 16.75 194.95 0
      vertex 79.4686 208.069 0
    endloop
  endfacet
  facet normal -0 0 -1
    outer loop
      vertex 79.8 207.814 0
      vertex 16.75 194.95 0
      vertex 79.626 207.931 0
    endloop
  endfacet
  facet normal -0 0 -1
    outer loop
      vertex 79.9877 207.722 0
      vertex 16.75 194.95 0
      vertex 79.8 207.814 0
    endloop
  endfacet
  facet normal -0 0 -1
    outer loop
      vertex 80.1859 207.655 0
      vertex 16.75 194.95 0
      vertex 79.9877 207.722 0
    endloop
  endfacet
  facet normal -0 0 -1
    outer loop
      vertex 80.3912 207.614 0
      vertex 16.75 194.95 0
      vertex 80.1859 207.655 0
    endloop
  endfacet
  facet normal -0 0 -1
    outer loop
      vertex 80.6 207.6 0
      vertex 16.75 194.95 0
      vertex 80.3912 207.614 0
    endloop
  endfacet
  facet normal -0 0 -1
    outer loop
      vertex 207.614 33.7912 0
      vertex 187.45 24.25 0
      vertex 207.6 34 0
    endloop
  endfacet
  facet normal 0 0 -1
    outer loop
      vertex 207.6 114.6 0
      vertex 195.286 200.991 0
      vertex 195.3 201.2 0
    endloop
  endfacet
  facet normal -0 0 -1
    outer loop
      vertex 207.6 34 0
      vertex 187.45 24.25 0
      vertex 207.6 42 0
    endloop
  endfacet
  facet normal 0 0 -1
    outer loop
      vertex 207.6 114.6 0
      vertex 195.245 200.786 0
      vertex 195.286 200.991 0
    endloop
  endfacet
  facet normal -0 0 -1
    outer loop
      vertex 207.614 42.2088 0
      vertex 187.45 24.25 0
      vertex 207.614 59.3912 0
    endloop
  endfacet
  facet normal 0 0 -1
    outer loop
      vertex 207.6 114.6 0
      vertex 195.178 200.588 0
      vertex 195.245 200.786 0
    endloop
  endfacet
  facet normal -0 0 -1
    outer loop
      vertex 207.614 59.3912 0
      vertex 187.45 24.25 0
      vertex 207.6 59.6 0
    endloop
  endfacet
  facet normal 0 0 -1
    outer loop
      vertex 207.6 114.6 0
      vertex 195.086 200.4 0
      vertex 195.178 200.588 0
    endloop
  endfacet
  facet normal -0 0 -1
    outer loop
      vertex 207.6 59.6 0
      vertex 187.45 24.25 0
      vertex 207.6 69.6 0
    endloop
  endfacet
  facet normal 0 0 -1
    outer loop
      vertex 207.6 114.6 0
      vertex 194.969 200.226 0
      vertex 195.086 200.4 0
    endloop
  endfacet
  facet normal -0 0 -1
    outer loop
      vertex 207.614 69.8088 0
      vertex 187.45 24.25 0
      vertex 207.614 104.391 0
    endloop
  endfacet
  facet normal 0 0 -1
    outer loop
      vertex 207.6 114.6 0
      vertex 194.831 200.069 0
      vertex 194.969 200.226 0
    endloop
  endfacet
  facet normal -0 0 -1
    outer loop
      vertex 207.614 104.391 0
      vertex 187.45 24.25 0
      vertex 207.6 104.6 0
    endloop
  endfacet
  facet normal 0 0 -1
    outer loop
      vertex 207.6 114.6 0
      vertex 194.674 199.931 0
      vertex 194.831 200.069 0
    endloop
  endfacet
  facet normal -0 0 -1
    outer loop
      vertex 207.6 104.6 0
      vertex 187.45 24.25 0
      vertex 207.6 114.6 0
    endloop
  endfacet
  facet normal 0 0 -1
    outer loop
      vertex 207.6 114.6 0
      vertex 194.5 199.814 0
      vertex 194.674 199.931 0
    endloop
  endfacet
  facet normal -0 0 -1
    outer loop
      vertex 207.6 69.6 0
      vertex 187.45 24.25 0
      vertex 207.614 69.8088 0
    endloop
  endfacet
  facet normal 0 0 -1
    outer loop
      vertex 187.45 194.95 0
      vertex 207.6 114.6 0
      vertex 187.45 24.25 0
    endloop
  endfacet
  facet normal -0 0 -1
    outer loop
      vertex 207.6 42 0
      vertex 187.45 24.25 0
      vertex 207.614 42.2088 0
    endloop
  endfacet
  facet normal 0 0 -1
    outer loop
      vertex 207.6 114.6 0
      vertex 187.45 194.95 0
      vertex 194.5 199.814 0
    endloop
  endfacet
  facet normal 0 0 -1
    outer loop
      vertex 187.45 24.25 0
      vertex 194.114 19.5455 0
      vertex 193.909 19.5863 0
    endloop
  endfacet
  facet normal 0 0 -1
    outer loop
      vertex 194.5 199.814 0
      vertex 187.45 194.95 0
      vertex 194.312 199.722 0
    endloop
  endfacet
  facet normal 0 0 -1
    outer loop
      vertex 187.45 24.25 0
      vertex 193.909 19.5863 0
      vertex 193.7 19.6 0
    endloop
  endfacet
  facet normal 0 0 -1
    outer loop
      vertex 194.312 199.722 0
      vertex 187.45 194.95 0
      vertex 194.114 199.655 0
    endloop
  endfacet
  facet normal 0 0 -1
    outer loop
      vertex 187.45 24.25 0
      vertex 193.7 19.6 0
      vertex 193.491 19.5863 0
    endloop
  endfacet
  facet normal 0 0 -1
    outer loop
      vertex 194.114 199.655 0
      vertex 187.45 194.95 0
      vertex 193.909 199.614 0
    endloop
  endfacet
  facet normal 0 0 -1
    outer loop
      vertex 187.45 24.25 0
      vertex 193.491 19.5863 0
      vertex 193.286 19.5455 0
    endloop
  endfacet
  facet normal 0 0 -1
    outer loop
      vertex 193.909 199.614 0
      vertex 187.45 194.95 0
      vertex 193.7 199.6 0
    endloop
  endfacet
  facet normal 0 0 -1
    outer loop
      vertex 187.45 24.25 0
      vertex 193.286 19.5455 0
      vertex 193.088 19.4782 0
    endloop
  endfacet
  facet normal -0 0 -1
    outer loop
      vertex 193.7 199.6 0
      vertex 187.45 194.95 0
      vertex 193.491 199.614 0
    endloop
  endfacet
  facet normal 0 0 -1
    outer loop
      vertex 187.45 24.25 0
      vertex 193.088 19.4782 0
      vertex 192.9 19.3856 0
    endloop
  endfacet
  facet normal -0 0 -1
    outer loop
      vertex 193.491 199.614 0
      vertex 187.45 194.95 0
      vertex 193.286 199.655 0
    endloop
  endfacet
  facet normal 0 0 -1
    outer loop
      vertex 187.45 24.25 0
      vertex 192.9 19.3856 0
      vertex 192.726 19.2694 0
    endloop
  endfacet
  facet normal -0 0 -1
    outer loop
      vertex 193.286 199.655 0
      vertex 187.45 194.95 0
      vertex 193.088 199.722 0
    endloop
  endfacet
  facet normal 0 0 -1
    outer loop
      vertex 187.45 24.25 0
      vertex 192.726 19.2694 0
      vertex 192.569 19.1314 0
    endloop
  endfacet
  facet normal -0 0 -1
    outer loop
      vertex 193.088 199.722 0
      vertex 187.45 194.95 0
      vertex 192.9 199.814 0
    endloop
  endfacet
  facet normal 0 0 -1
    outer loop
      vertex 187.45 24.25 0
      vertex 192.569 19.1314 0
      vertex 192.431 18.974 0
    endloop
  endfacet
  facet normal -0 0 -1
    outer loop
      vertex 192.9 199.814 0
      vertex 187.45 194.95 0
      vertex 192.726 199.931 0
    endloop
  endfacet
  facet normal 0 0 -1
    outer loop
      vertex 187.45 24.25 0
      vertex 192.431 18.974 0
      vertex 192.314 18.8 0
    endloop
  endfacet
  facet normal -0 0 -1
    outer loop
      vertex 192.726 199.931 0
      vertex 187.45 194.95 0
      vertex 192.569 200.069 0
    endloop
  endfacet
  facet normal 0 0 -1
    outer loop
      vertex 187.45 24.25 0
      vertex 192.314 18.8 0
      vertex 192.222 18.6123 0
    endloop
  endfacet
  facet normal -0 0 -1
    outer loop
      vertex 192.569 200.069 0
      vertex 187.45 194.95 0
      vertex 192.431 200.226 0
    endloop
  endfacet
  facet normal 0 0 -1
    outer loop
      vertex 187.45 24.25 0
      vertex 192.222 18.6123 0
      vertex 192.155 18.4141 0
    endloop
  endfacet
  facet normal -0 0 -1
    outer loop
      vertex 192.431 200.226 0
      vertex 187.45 194.95 0
      vertex 192.314 200.4 0
    endloop
  endfacet
  facet normal 0 0 -1
    outer loop
      vertex 187.45 24.25 0
      vertex 192.155 18.4141 0
      vertex 192.114 18.2088 0
    endloop
  endfacet
  facet normal -0 0 -1
    outer loop
      vertex 192.314 200.4 0
      vertex 187.45 194.95 0
      vertex 192.222 200.588 0
    endloop
  endfacet
  facet normal 0 0 -1
    outer loop
      vertex 187.45 24.25 0
      vertex 192.114 18.2088 0
      vertex 192.1 18 0
    endloop
  endfacet
  facet normal -0 0 -1
    outer loop
      vertex 192.222 200.588 0
      vertex 187.45 194.95 0
      vertex 192.155 200.786 0
    endloop
  endfacet
  facet normal 0 0 -1
    outer loop
      vertex 210.786 159.809 0
      vertex 210.8 177.2 0
      vertex 210.8 159.6 0
    endloop
  endfacet
  facet normal 0 0 -1
    outer loop
      vertex 210.786 159.809 0
      vertex 210.786 176.991 0
      vertex 210.8 177.2 0
    endloop
  endfacet
  facet normal 0 0 -1
    outer loop
      vertex 210.745 160.014 0
      vertex 210.786 176.991 0
      vertex 210.786 159.809 0
    endloop
  endfacet
  facet normal 0 0 -1
    outer loop
      vertex 210.745 160.014 0
      vertex 210.745 176.786 0
      vertex 210.786 176.991 0
    endloop
  endfacet
  facet normal 0 0 -1
    outer loop
      vertex 210.678 160.212 0
      vertex 210.745 176.786 0
      vertex 210.745 160.014 0
    endloop
  endfacet
  facet normal 0 0 -1
    outer loop
      vertex 210.678 160.212 0
      vertex 210.678 176.588 0
      vertex 210.745 176.786 0
    endloop
  endfacet
  facet normal 0 0 -1
    outer loop
      vertex 210.586 160.4 0
      vertex 210.678 176.588 0
      vertex 210.678 160.212 0
    endloop
  endfacet
  facet normal 0 0 -1
    outer loop
      vertex 210.586 160.4 0
      vertex 210.586 176.4 0
      vertex 210.678 176.588 0
    endloop
  endfacet
  facet normal 0 0 -1
    outer loop
      vertex 210.469 160.574 0
      vertex 210.586 176.4 0
      vertex 210.586 160.4 0
    endloop
  endfacet
  facet normal 0 0 -1
    outer loop
      vertex 210.469 160.574 0
      vertex 210.469 176.226 0
      vertex 210.586 176.4 0
    endloop
  endfacet
  facet normal 0 0 -1
    outer loop
      vertex 210.331 160.731 0
      vertex 210.469 176.226 0
      vertex 210.469 160.574 0
    endloop
  endfacet
  facet normal 0 0 -1
    outer loop
      vertex 210.331 160.731 0
      vertex 210.331 176.069 0
      vertex 210.469 176.226 0
    endloop
  endfacet
  facet normal 0 0 -1
    outer loop
      vertex 210.174 160.869 0
      vertex 210.331 176.069 0
      vertex 210.331 160.731 0
    endloop
  endfacet
  facet normal 0 0 -1
    outer loop
      vertex 210.174 160.869 0
      vertex 210.174 175.931 0
      vertex 210.331 176.069 0
    endloop
  endfacet
  facet normal 0 0 -1
    outer loop
      vertex 210 160.986 0
      vertex 210.174 175.931 0
      vertex 210.174 160.869 0
    endloop
  endfacet
  facet normal 0 0 -1
    outer loop
      vertex 210 160.986 0
      vertex 210 175.814 0
      vertex 210.174 175.931 0
    endloop
  endfacet
  facet normal 0 0 -1
    outer loop
      vertex 209.812 161.078 0
      vertex 210 175.814 0
      vertex 210 160.986 0
    endloop
  endfacet
  facet normal 0 0 -1
    outer loop
      vertex 209.812 161.078 0
      vertex 209.812 175.722 0
      vertex 210 175.814 0
    endloop
  endfacet
  facet normal 0 0 -1
    outer loop
      vertex 209.614 161.145 0
      vertex 209.812 175.722 0
      vertex 209.812 161.078 0
    endloop
  endfacet
  facet normal 0 0 -1
    outer loop
      vertex 209.614 161.145 0
      vertex 209.614 175.655 0
      vertex 209.812 175.722 0
    endloop
  endfacet
  facet normal 0 0 -1
    outer loop
      vertex 209.409 161.186 0
      vertex 209.614 175.655 0
      vertex 209.614 161.145 0
    endloop
  endfacet
  facet normal 0 0 -1
    outer loop
      vertex 209.409 161.186 0
      vertex 209.409 175.614 0
      vertex 209.614 175.655 0
    endloop
  endfacet
  facet normal 0 0 -1
    outer loop
      vertex 209.2 161.2 0
      vertex 209.409 175.614 0
      vertex 209.409 161.186 0
    endloop
  endfacet
  facet normal 0 0 -1
    outer loop
      vertex 209.2 161.2 0
      vertex 209.2 175.6 0
      vertex 209.409 175.614 0
    endloop
  endfacet
  facet normal 0 0 -1
    outer loop
      vertex 208.991 161.186 0
      vertex 209.2 175.6 0
      vertex 209.2 161.2 0
    endloop
  endfacet
  facet normal 0 0 -1
    outer loop
      vertex 208.991 161.186 0
      vertex 208.991 175.614 0
      vertex 209.2 175.6 0
    endloop
  endfacet
  facet normal 0 0 -1
    outer loop
      vertex 208.786 161.145 0
      vertex 208.991 175.614 0
      vertex 208.991 161.186 0
    endloop
  endfacet
  facet normal 0 0 -1
    outer loop
      vertex 208.786 161.145 0
      vertex 208.786 175.655 0
      vertex 208.991 175.614 0
    endloop
  endfacet
  facet normal 0 0 -1
    outer loop
      vertex 208.588 161.078 0
      vertex 208.786 175.655 0
      vertex 208.786 161.145 0
    endloop
  endfacet
  facet normal 0 0 -1
    outer loop
      vertex 208.588 161.078 0
      vertex 208.588 175.722 0
      vertex 208.786 175.655 0
    endloop
  endfacet
  facet normal 0 0 -1
    outer loop
      vertex 208.4 160.986 0
      vertex 208.588 175.722 0
      vertex 208.588 161.078 0
    endloop
  endfacet
  facet normal 0 0 -1
    outer loop
      vertex 208.4 160.986 0
      vertex 208.4 175.814 0
      vertex 208.588 175.722 0
    endloop
  endfacet
  facet normal 0 0 -1
    outer loop
      vertex 208.226 160.869 0
      vertex 208.4 175.814 0
      vertex 208.4 160.986 0
    endloop
  endfacet
  facet normal 0 0 -1
    outer loop
      vertex 208.226 160.869 0
      vertex 208.226 175.931 0
      vertex 208.4 175.814 0
    endloop
  endfacet
  facet normal 0 0 -1
    outer loop
      vertex 208.069 160.731 0
      vertex 208.226 175.931 0
      vertex 208.226 160.869 0
    endloop
  endfacet
  facet normal 0 0 -1
    outer loop
      vertex 208.069 160.731 0
      vertex 208.069 176.069 0
      vertex 208.226 175.931 0
    endloop
  endfacet
  facet normal 0 0 -1
    outer loop
      vertex 207.931 160.574 0
      vertex 208.069 176.069 0
      vertex 208.069 160.731 0
    endloop
  endfacet
  facet normal 0 0 -1
    outer loop
      vertex 207.931 160.574 0
      vertex 207.931 176.226 0
      vertex 208.069 176.069 0
    endloop
  endfacet
  facet normal 0 0 -1
    outer loop
      vertex 207.814 160.4 0
      vertex 207.931 176.226 0
      vertex 207.931 160.574 0
    endloop
  endfacet
  facet normal 0 0 -1
    outer loop
      vertex 207.814 160.4 0
      vertex 207.814 176.4 0
      vertex 207.931 176.226 0
    endloop
  endfacet
  facet normal 0 0 -1
    outer loop
      vertex 207.722 160.212 0
      vertex 207.814 176.4 0
      vertex 207.814 160.4 0
    endloop
  endfacet
  facet normal 0 0 -1
    outer loop
      vertex 207.722 160.212 0
      vertex 207.722 176.588 0
      vertex 207.814 176.4 0
    endloop
  endfacet
  facet normal 0 0 -1
    outer loop
      vertex 207.655 160.014 0
      vertex 207.722 176.588 0
      vertex 207.722 160.212 0
    endloop
  endfacet
  facet normal 0 0 -1
    outer loop
      vertex 207.655 160.014 0
      vertex 207.655 176.786 0
      vertex 207.722 176.588 0
    endloop
  endfacet
  facet normal 0 0 -1
    outer loop
      vertex 207.614 159.809 0
      vertex 207.655 176.786 0
      vertex 207.655 160.014 0
    endloop
  endfacet
  facet normal 0 0 -1
    outer loop
      vertex 207.614 159.809 0
      vertex 207.614 176.991 0
      vertex 207.655 176.786 0
    endloop
  endfacet
  facet normal 0 0 -1
    outer loop
      vertex 195.3 201.2 0
      vertex 207.614 159.809 0
      vertex 207.6 159.6 0
    endloop
  endfacet
  facet normal 0 0 -1
    outer loop
      vertex 207.614 159.809 0
      vertex 195.3 201.2 0
      vertex 207.614 176.991 0
    endloop
  endfacet
  facet normal 0 0 -1
    outer loop
      vertex 210.786 114.809 0
      vertex 210.8 149.6 0
      vertex 210.8 114.6 0
    endloop
  endfacet
  facet normal 0 0 -1
    outer loop
      vertex 210.786 114.809 0
      vertex 210.786 149.391 0
      vertex 210.8 149.6 0
    endloop
  endfacet
  facet normal 0 0 -1
    outer loop
      vertex 210.745 115.014 0
      vertex 210.786 149.391 0
      vertex 210.786 114.809 0
    endloop
  endfacet
  facet normal 0 0 -1
    outer loop
      vertex 210.745 115.014 0
      vertex 210.745 149.186 0
      vertex 210.786 149.391 0
    endloop
  endfacet
  facet normal 0 0 -1
    outer loop
      vertex 210.678 115.212 0
      vertex 210.745 149.186 0
      vertex 210.745 115.014 0
    endloop
  endfacet
  facet normal 0 0 -1
    outer loop
      vertex 210.678 115.212 0
      vertex 210.678 148.988 0
      vertex 210.745 149.186 0
    endloop
  endfacet
  facet normal 0 0 -1
    outer loop
      vertex 210.586 115.4 0
      vertex 210.678 148.988 0
      vertex 210.678 115.212 0
    endloop
  endfacet
  facet normal 0 0 -1
    outer loop
      vertex 210.586 115.4 0
      vertex 210.586 148.8 0
      vertex 210.678 148.988 0
    endloop
  endfacet
  facet normal 0 0 -1
    outer loop
      vertex 210.469 115.574 0
      vertex 210.586 148.8 0
      vertex 210.586 115.4 0
    endloop
  endfacet
  facet normal 0 0 -1
    outer loop
      vertex 210.469 115.574 0
      vertex 210.469 148.626 0
      vertex 210.586 148.8 0
    endloop
  endfacet
  facet normal 0 0 -1
    outer loop
      vertex 210.331 115.731 0
      vertex 210.469 148.626 0
      vertex 210.469 115.574 0
    endloop
  endfacet
  facet normal 0 0 -1
    outer loop
      vertex 210.331 115.731 0
      vertex 210.331 148.469 0
      vertex 210.469 148.626 0
    endloop
  endfacet
  facet normal 0 0 -1
    outer loop
      vertex 210.174 115.869 0
      vertex 210.331 148.469 0
      vertex 210.331 115.731 0
    endloop
  endfacet
  facet normal 0 0 -1
    outer loop
      vertex 210.174 115.869 0
      vertex 210.174 148.331 0
      vertex 210.331 148.469 0
    endloop
  endfacet
  facet normal 0 0 -1
    outer loop
      vertex 210 115.986 0
      vertex 210.174 148.331 0
      vertex 210.174 115.869 0
    endloop
  endfacet
  facet normal 0 0 -1
    outer loop
      vertex 210 115.986 0
      vertex 210 148.214 0
      vertex 210.174 148.331 0
    endloop
  endfacet
  facet normal 0 0 -1
    outer loop
      vertex 209.812 116.078 0
      vertex 210 148.214 0
      vertex 210 115.986 0
    endloop
  endfacet
  facet normal 0 0 -1
    outer loop
      vertex 209.812 116.078 0
      vertex 209.812 148.122 0
      vertex 210 148.214 0
    endloop
  endfacet
  facet normal 0 0 -1
    outer loop
      vertex 209.614 116.145 0
      vertex 209.812 148.122 0
      vertex 209.812 116.078 0
    endloop
  endfacet
  facet normal 0 0 -1
    outer loop
      vertex 209.614 116.145 0
      vertex 209.614 148.055 0
      vertex 209.812 148.122 0
    endloop
  endfacet
  facet normal 0 0 -1
    outer loop
      vertex 209.409 116.186 0
      vertex 209.614 148.055 0
      vertex 209.614 116.145 0
    endloop
  endfacet
  facet normal 0 0 -1
    outer loop
      vertex 209.409 116.186 0
      vertex 209.409 148.014 0
      vertex 209.614 148.055 0
    endloop
  endfacet
  facet normal 0 0 -1
    outer loop
      vertex 209.2 116.2 0
      vertex 209.409 148.014 0
      vertex 209.409 116.186 0
    endloop
  endfacet
  facet normal 0 0 -1
    outer loop
      vertex 209.2 116.2 0
      vertex 209.2 148 0
      vertex 209.409 148.014 0
    endloop
  endfacet
  facet normal 0 0 -1
    outer loop
      vertex 208.991 116.186 0
      vertex 209.2 148 0
      vertex 209.2 116.2 0
    endloop
  endfacet
  facet normal 0 0 -1
    outer loop
      vertex 208.991 116.186 0
      vertex 208.991 148.014 0
      vertex 209.2 148 0
    endloop
  endfacet
  facet normal 0 0 -1
    outer loop
      vertex 208.786 116.145 0
      vertex 208.991 148.014 0
      vertex 208.991 116.186 0
    endloop
  endfacet
  facet normal 0 0 -1
    outer loop
      vertex 208.786 116.145 0
      vertex 208.786 148.055 0
      vertex 208.991 148.014 0
    endloop
  endfacet
  facet normal 0 0 -1
    outer loop
      vertex 208.588 116.078 0
      vertex 208.786 148.055 0
      vertex 208.786 116.145 0
    endloop
  endfacet
  facet normal 0 0 -1
    outer loop
      vertex 208.588 116.078 0
      vertex 208.588 148.122 0
      vertex 208.786 148.055 0
    endloop
  endfacet
  facet normal 0 0 -1
    outer loop
      vertex 208.4 115.986 0
      vertex 208.588 148.122 0
      vertex 208.588 116.078 0
    endloop
  endfacet
  facet normal 0 0 -1
    outer loop
      vertex 208.4 115.986 0
      vertex 208.4 148.214 0
      vertex 208.588 148.122 0
    endloop
  endfacet
  facet normal 0 0 -1
    outer loop
      vertex 208.226 115.869 0
      vertex 208.4 148.214 0
      vertex 208.4 115.986 0
    endloop
  endfacet
  facet normal 0 0 -1
    outer loop
      vertex 208.226 115.869 0
      vertex 208.226 148.331 0
      vertex 208.4 148.214 0
    endloop
  endfacet
  facet normal 0 0 -1
    outer loop
      vertex 208.069 115.731 0
      vertex 208.226 148.331 0
      vertex 208.226 115.869 0
    endloop
  endfacet
  facet normal 0 0 -1
    outer loop
      vertex 208.069 115.731 0
      vertex 208.069 148.469 0
      vertex 208.226 148.331 0
    endloop
  endfacet
  facet normal 0 0 -1
    outer loop
      vertex 207.931 115.574 0
      vertex 208.069 148.469 0
      vertex 208.069 115.731 0
    endloop
  endfacet
  facet normal 0 0 -1
    outer loop
      vertex 207.931 115.574 0
      vertex 207.931 148.626 0
      vertex 208.069 148.469 0
    endloop
  endfacet
  facet normal 0 0 -1
    outer loop
      vertex 207.814 115.4 0
      vertex 207.931 148.626 0
      vertex 207.931 115.574 0
    endloop
  endfacet
  facet normal 0 0 -1
    outer loop
      vertex 207.814 115.4 0
      vertex 207.814 148.8 0
      vertex 207.931 148.626 0
    endloop
  endfacet
  facet normal 0 0 -1
    outer loop
      vertex 207.722 115.212 0
      vertex 207.814 148.8 0
      vertex 207.814 115.4 0
    endloop
  endfacet
  facet normal 0 0 -1
    outer loop
      vertex 207.722 115.212 0
      vertex 207.722 148.988 0
      vertex 207.814 148.8 0
    endloop
  endfacet
  facet normal 0 0 -1
    outer loop
      vertex 207.655 115.014 0
      vertex 207.722 148.988 0
      vertex 207.722 115.212 0
    endloop
  endfacet
  facet normal 0 0 -1
    outer loop
      vertex 207.655 115.014 0
      vertex 207.655 149.186 0
      vertex 207.722 148.988 0
    endloop
  endfacet
  facet normal 0 0 -1
    outer loop
      vertex 207.614 114.809 0
      vertex 207.655 149.186 0
      vertex 207.655 115.014 0
    endloop
  endfacet
  facet normal 0 0 -1
    outer loop
      vertex 207.614 114.809 0
      vertex 207.614 149.391 0
      vertex 207.655 149.186 0
    endloop
  endfacet
  facet normal 0 0 -1
    outer loop
      vertex 195.3 201.2 0
      vertex 207.614 114.809 0
      vertex 207.6 114.6 0
    endloop
  endfacet
  facet normal 0 0 -1
    outer loop
      vertex 207.614 114.809 0
      vertex 195.3 201.2 0
      vertex 207.614 149.391 0
    endloop
  endfacet
  facet normal 0 0 -1
    outer loop
      vertex 210.786 69.8088 0
      vertex 210.8 104.6 0
      vertex 210.8 69.6 0
    endloop
  endfacet
  facet normal 0 0 -1
    outer loop
      vertex 210.786 69.8088 0
      vertex 210.786 104.391 0
      vertex 210.8 104.6 0
    endloop
  endfacet
  facet normal 0 0 -1
    outer loop
      vertex 210.745 70.0141 0
      vertex 210.786 104.391 0
      vertex 210.786 69.8088 0
    endloop
  endfacet
  facet normal 0 0 -1
    outer loop
      vertex 210.745 70.0141 0
      vertex 210.745 104.186 0
      vertex 210.786 104.391 0
    endloop
  endfacet
  facet normal 0 0 -1
    outer loop
      vertex 210.678 70.2123 0
      vertex 210.745 104.186 0
      vertex 210.745 70.0141 0
    endloop
  endfacet
  facet normal 0 0 -1
    outer loop
      vertex 210.678 70.2123 0
      vertex 210.678 103.988 0
      vertex 210.745 104.186 0
    endloop
  endfacet
  facet normal 0 0 -1
    outer loop
      vertex 210.586 70.4 0
      vertex 210.678 103.988 0
      vertex 210.678 70.2123 0
    endloop
  endfacet
  facet normal 0 0 -1
    outer loop
      vertex 210.586 70.4 0
      vertex 210.586 103.8 0
      vertex 210.678 103.988 0
    endloop
  endfacet
  facet normal 0 0 -1
    outer loop
      vertex 210.469 70.574 0
      vertex 210.586 103.8 0
      vertex 210.586 70.4 0
    endloop
  endfacet
  facet normal 0 0 -1
    outer loop
      vertex 210.469 70.574 0
      vertex 210.469 103.626 0
      vertex 210.586 103.8 0
    endloop
  endfacet
  facet normal 0 0 -1
    outer loop
      vertex 210.331 70.7314 0
      vertex 210.469 103.626 0
      vertex 210.469 70.574 0
    endloop
  endfacet
  facet normal 0 0 -1
    outer loop
      vertex 210.331 70.7314 0
      vertex 210.331 103.469 0
      vertex 210.469 103.626 0
    endloop
  endfacet
  facet normal 0 0 -1
    outer loop
      vertex 210.174 70.8694 0
      vertex 210.331 103.469 0
      vertex 210.331 70.7314 0
    endloop
  endfacet
  facet normal 0 0 -1
    outer loop
      vertex 210.174 70.8694 0
      vertex 210.174 103.331 0
      vertex 210.331 103.469 0
    endloop
  endfacet
  facet normal 0 0 -1
    outer loop
      vertex 210 70.9856 0
      vertex 210.174 103.331 0
      vertex 210.174 70.8694 0
    endloop
  endfacet
  facet normal 0 0 -1
    outer loop
      vertex 210 70.9856 0
      vertex 210 103.214 0
      vertex 210.174 103.331 0
    endloop
  endfacet
  facet normal 0 0 -1
    outer loop
      vertex 209.812 71.0782 0
      vertex 210 103.214 0
      vertex 210 70.9856 0
    endloop
  endfacet
  facet normal 0 0 -1
    outer loop
      vertex 209.812 71.0782 0
      vertex 209.812 103.122 0
      vertex 210 103.214 0
    endloop
  endfacet
  facet normal 0 0 -1
    outer loop
      vertex 209.614 71.1455 0
      vertex 209.812 103.122 0
      vertex 209.812 71.0782 0
    endloop
  endfacet
  facet normal 0 0 -1
    outer loop
      vertex 209.614 71.1455 0
      vertex 209.614 103.055 0
      vertex 209.812 103.122 0
    endloop
  endfacet
  facet normal 0 0 -1
    outer loop
      vertex 209.409 71.1863 0
      vertex 209.614 103.055 0
      vertex 209.614 71.1455 0
    endloop
  endfacet
  facet normal 0 0 -1
    outer loop
      vertex 209.409 71.1863 0
      vertex 209.409 103.014 0
      vertex 209.614 103.055 0
    endloop
  endfacet
  facet normal 0 0 -1
    outer loop
      vertex 209.2 71.2 0
      vertex 209.409 103.014 0
      vertex 209.409 71.1863 0
    endloop
  endfacet
  facet normal 0 0 -1
    outer loop
      vertex 209.2 71.2 0
      vertex 209.2 103 0
      vertex 209.409 103.014 0
    endloop
  endfacet
  facet normal 0 0 -1
    outer loop
      vertex 208.991 71.1863 0
      vertex 209.2 103 0
      vertex 209.2 71.2 0
    endloop
  endfacet
  facet normal 0 0 -1
    outer loop
      vertex 208.991 71.1863 0
      vertex 208.991 103.014 0
      vertex 209.2 103 0
    endloop
  endfacet
  facet normal 0 0 -1
    outer loop
      vertex 208.786 71.1455 0
      vertex 208.991 103.014 0
      vertex 208.991 71.1863 0
    endloop
  endfacet
  facet normal 0 0 -1
    outer loop
      vertex 208.786 71.1455 0
      vertex 208.786 103.055 0
      vertex 208.991 103.014 0
    endloop
  endfacet
  facet normal 0 0 -1
    outer loop
      vertex 208.588 71.0782 0
      vertex 208.786 103.055 0
      vertex 208.786 71.1455 0
    endloop
  endfacet
  facet normal 0 0 -1
    outer loop
      vertex 208.588 71.0782 0
      vertex 208.588 103.122 0
      vertex 208.786 103.055 0
    endloop
  endfacet
  facet normal 0 0 -1
    outer loop
      vertex 208.4 70.9856 0
      vertex 208.588 103.122 0
      vertex 208.588 71.0782 0
    endloop
  endfacet
  facet normal 0 0 -1
    outer loop
      vertex 208.4 70.9856 0
      vertex 208.4 103.214 0
      vertex 208.588 103.122 0
    endloop
  endfacet
  facet normal 0 0 -1
    outer loop
      vertex 208.226 70.8694 0
      vertex 208.4 103.214 0
      vertex 208.4 70.9856 0
    endloop
  endfacet
  facet normal 0 0 -1
    outer loop
      vertex 208.226 70.8694 0
      vertex 208.226 103.331 0
      vertex 208.4 103.214 0
    endloop
  endfacet
  facet normal 0 0 -1
    outer loop
      vertex 208.069 70.7314 0
      vertex 208.226 103.331 0
      vertex 208.226 70.8694 0
    endloop
  endfacet
  facet normal 0 0 -1
    outer loop
      vertex 208.069 70.7314 0
      vertex 208.069 103.469 0
      vertex 208.226 103.331 0
    endloop
  endfacet
  facet normal 0 0 -1
    outer loop
      vertex 207.931 70.574 0
      vertex 208.069 103.469 0
      vertex 208.069 70.7314 0
    endloop
  endfacet
  facet normal 0 0 -1
    outer loop
      vertex 207.931 70.574 0
      vertex 207.931 103.626 0
      vertex 208.069 103.469 0
    endloop
  endfacet
  facet normal 0 0 -1
    outer loop
      vertex 207.814 70.4 0
      vertex 207.931 103.626 0
      vertex 207.931 70.574 0
    endloop
  endfacet
  facet normal 0 0 -1
    outer loop
      vertex 207.814 70.4 0
      vertex 207.814 103.8 0
      vertex 207.931 103.626 0
    endloop
  endfacet
  facet normal 0 0 -1
    outer loop
      vertex 207.722 70.2123 0
      vertex 207.814 103.8 0
      vertex 207.814 70.4 0
    endloop
  endfacet
  facet normal 0 0 -1
    outer loop
      vertex 207.722 70.2123 0
      vertex 207.722 103.988 0
      vertex 207.814 103.8 0
    endloop
  endfacet
  facet normal 0 0 -1
    outer loop
      vertex 207.655 70.0141 0
      vertex 207.722 103.988 0
      vertex 207.722 70.2123 0
    endloop
  endfacet
  facet normal 0 0 -1
    outer loop
      vertex 207.655 70.0141 0
      vertex 207.655 104.186 0
      vertex 207.722 103.988 0
    endloop
  endfacet
  facet normal 0 0 -1
    outer loop
      vertex 207.614 69.8088 0
      vertex 207.655 104.186 0
      vertex 207.655 70.0141 0
    endloop
  endfacet
  facet normal 0 0 -1
    outer loop
      vertex 207.614 69.8088 0
      vertex 207.614 104.391 0
      vertex 207.655 104.186 0
    endloop
  endfacet
  facet normal -0 0 -1
    outer loop
      vertex 207.814 33.2 0
      vertex 194.312 19.4782 0
      vertex 207.722 33.3877 0
    endloop
  endfacet
  facet normal 0 0 -1
    outer loop
      vertex 194.114 19.5455 0
      vertex 207.722 33.3877 0
      vertex 194.312 19.4782 0
    endloop
  endfacet
  facet normal 0 0 -1
    outer loop
      vertex 210.786 42.2088 0
      vertex 210.8 59.6 0
      vertex 210.8 42 0
    endloop
  endfacet
  facet normal 0 0 -1
    outer loop
      vertex 210.786 42.2088 0
      vertex 210.786 59.3912 0
      vertex 210.8 59.6 0
    endloop
  endfacet
  facet normal 0 0 -1
    outer loop
      vertex 210.745 42.4141 0
      vertex 210.786 59.3912 0
      vertex 210.786 42.2088 0
    endloop
  endfacet
  facet normal 0 0 -1
    outer loop
      vertex 210.745 42.4141 0
      vertex 210.745 59.1859 0
      vertex 210.786 59.3912 0
    endloop
  endfacet
  facet normal 0 0 -1
    outer loop
      vertex 210.678 42.6123 0
      vertex 210.745 59.1859 0
      vertex 210.745 42.4141 0
    endloop
  endfacet
  facet normal 0 0 -1
    outer loop
      vertex 210.678 42.6123 0
      vertex 210.678 58.9877 0
      vertex 210.745 59.1859 0
    endloop
  endfacet
  facet normal 0 0 -1
    outer loop
      vertex 210.586 42.8 0
      vertex 210.678 58.9877 0
      vertex 210.678 42.6123 0
    endloop
  endfacet
  facet normal 0 0 -1
    outer loop
      vertex 210.586 42.8 0
      vertex 210.586 58.8 0
      vertex 210.678 58.9877 0
    endloop
  endfacet
  facet normal 0 0 -1
    outer loop
      vertex 210.469 42.974 0
      vertex 210.586 58.8 0
      vertex 210.586 42.8 0
    endloop
  endfacet
  facet normal 0 0 -1
    outer loop
      vertex 210.469 42.974 0
      vertex 210.469 58.626 0
      vertex 210.586 58.8 0
    endloop
  endfacet
  facet normal 0 0 -1
    outer loop
      vertex 210.331 43.1314 0
      vertex 210.469 58.626 0
      vertex 210.469 42.974 0
    endloop
  endfacet
  facet normal 0 0 -1
    outer loop
      vertex 210.331 43.1314 0
      vertex 210.331 58.4686 0
      vertex 210.469 58.626 0
    endloop
  endfacet
  facet normal 0 0 -1
    outer loop
      vertex 210.174 43.2694 0
      vertex 210.331 58.4686 0
      vertex 210.331 43.1314 0
    endloop
  endfacet
  facet normal 0 0 -1
    outer loop
      vertex 210.174 43.2694 0
      vertex 210.174 58.3306 0
      vertex 210.331 58.4686 0
    endloop
  endfacet
  facet normal 0 0 -1
    outer loop
      vertex 210 43.3856 0
      vertex 210.174 58.3306 0
      vertex 210.174 43.2694 0
    endloop
  endfacet
  facet normal 0 0 -1
    outer loop
      vertex 210 43.3856 0
      vertex 210 58.2144 0
      vertex 210.174 58.3306 0
    endloop
  endfacet
  facet normal 0 0 -1
    outer loop
      vertex 209.812 43.4782 0
      vertex 210 58.2144 0
      vertex 210 43.3856 0
    endloop
  endfacet
  facet normal 0 0 -1
    outer loop
      vertex 209.812 43.4782 0
      vertex 209.812 58.1218 0
      vertex 210 58.2144 0
    endloop
  endfacet
  facet normal 0 0 -1
    outer loop
      vertex 209.614 43.5455 0
      vertex 209.812 58.1218 0
      vertex 209.812 43.4782 0
    endloop
  endfacet
  facet normal 0 0 -1
    outer loop
      vertex 209.614 43.5455 0
      vertex 209.614 58.0545 0
      vertex 209.812 58.1218 0
    endloop
  endfacet
  facet normal 0 0 -1
    outer loop
      vertex 209.409 43.5863 0
      vertex 209.614 58.0545 0
      vertex 209.614 43.5455 0
    endloop
  endfacet
  facet normal 0 0 -1
    outer loop
      vertex 209.409 43.5863 0
      vertex 209.409 58.0137 0
      vertex 209.614 58.0545 0
    endloop
  endfacet
  facet normal 0 0 -1
    outer loop
      vertex 209.2 43.6 0
      vertex 209.409 58.0137 0
      vertex 209.409 43.5863 0
    endloop
  endfacet
  facet normal 0 0 -1
    outer loop
      vertex 209.2 43.6 0
      vertex 209.2 58 0
      vertex 209.409 58.0137 0
    endloop
  endfacet
  facet normal 0 0 -1
    outer loop
      vertex 208.991 43.5863 0
      vertex 209.2 58 0
      vertex 209.2 43.6 0
    endloop
  endfacet
  facet normal 0 0 -1
    outer loop
      vertex 208.991 43.5863 0
      vertex 208.991 58.0137 0
      vertex 209.2 58 0
    endloop
  endfacet
  facet normal 0 0 -1
    outer loop
      vertex 208.786 43.5455 0
      vertex 208.991 58.0137 0
      vertex 208.991 43.5863 0
    endloop
  endfacet
  facet normal 0 0 -1
    outer loop
      vertex 208.786 43.5455 0
      vertex 208.786 58.0545 0
      vertex 208.991 58.0137 0
    endloop
  endfacet
  facet normal 0 0 -1
    outer loop
      vertex 208.588 43.4782 0
      vertex 208.786 58.0545 0
      vertex 208.786 43.5455 0
    endloop
  endfacet
  facet normal 0 0 -1
    outer loop
      vertex 208.588 43.4782 0
      vertex 208.588 58.1218 0
      vertex 208.786 58.0545 0
    endloop
  endfacet
  facet normal 0 0 -1
    outer loop
      vertex 208.4 43.3856 0
      vertex 208.588 58.1218 0
      vertex 208.588 43.4782 0
    endloop
  endfacet
  facet normal 0 0 -1
    outer loop
      vertex 208.4 43.3856 0
      vertex 208.4 58.2144 0
      vertex 208.588 58.1218 0
    endloop
  endfacet
  facet normal 0 0 -1
    outer loop
      vertex 208.226 43.2694 0
      vertex 208.4 58.2144 0
      vertex 208.4 43.3856 0
    endloop
  endfacet
  facet normal 0 0 -1
    outer loop
      vertex 208.226 43.2694 0
      vertex 208.226 58.3306 0
      vertex 208.4 58.2144 0
    endloop
  endfacet
  facet normal 0 0 -1
    outer loop
      vertex 208.069 43.1314 0
      vertex 208.226 58.3306 0
      vertex 208.226 43.2694 0
    endloop
  endfacet
  facet normal 0 0 -1
    outer loop
      vertex 208.069 43.1314 0
      vertex 208.069 58.4686 0
      vertex 208.226 58.3306 0
    endloop
  endfacet
  facet normal 0 0 -1
    outer loop
      vertex 207.931 42.974 0
      vertex 208.069 58.4686 0
      vertex 208.069 43.1314 0
    endloop
  endfacet
  facet normal 0 0 -1
    outer loop
      vertex 207.931 42.974 0
      vertex 207.931 58.626 0
      vertex 208.069 58.4686 0
    endloop
  endfacet
  facet normal 0 0 -1
    outer loop
      vertex 207.814 42.8 0
      vertex 207.931 58.626 0
      vertex 207.931 42.974 0
    endloop
  endfacet
  facet normal 0 0 -1
    outer loop
      vertex 207.814 42.8 0
      vertex 207.814 58.8 0
      vertex 207.931 58.626 0
    endloop
  endfacet
  facet normal 0 0 -1
    outer loop
      vertex 207.722 42.6123 0
      vertex 207.814 58.8 0
      vertex 207.814 42.8 0
    endloop
  endfacet
  facet normal 0 0 -1
    outer loop
      vertex 207.722 42.6123 0
      vertex 207.722 58.9877 0
      vertex 207.814 58.8 0
    endloop
  endfacet
  facet normal 0 0 -1
    outer loop
      vertex 207.655 42.4141 0
      vertex 207.722 58.9877 0
      vertex 207.722 42.6123 0
    endloop
  endfacet
  facet normal 0 0 -1
    outer loop
      vertex 207.655 42.4141 0
      vertex 207.655 59.1859 0
      vertex 207.722 58.9877 0
    endloop
  endfacet
  facet normal 0 0 -1
    outer loop
      vertex 207.614 42.2088 0
      vertex 207.655 59.1859 0
      vertex 207.655 42.4141 0
    endloop
  endfacet
  facet normal 0 0 -1
    outer loop
      vertex 207.614 42.2088 0
      vertex 207.614 59.3912 0
      vertex 207.655 59.1859 0
    endloop
  endfacet
  facet normal -0 0 -1
    outer loop
      vertex 208.069 32.8686 0
      vertex 194.674 19.2694 0
      vertex 207.931 33.026 0
    endloop
  endfacet
  facet normal 0 0 -1
    outer loop
      vertex 194.5 19.3856 0
      vertex 207.931 33.026 0
      vertex 194.674 19.2694 0
    endloop
  endfacet
  facet normal 0 0 -1
    outer loop
      vertex 215.2 0 0
      vertex 219.2 4 0
      vertex 219.166 3.47789 0
    endloop
  endfacet
  facet normal 0 0 -1
    outer loop
      vertex 219.2 4 0
      vertex 210.8 104.6 0
      vertex 219.2 215.2 0
    endloop
  endfacet
  facet normal 0 0 -1
    outer loop
      vertex 215.2 0 0
      vertex 219.166 3.47789 0
      vertex 219.064 2.96472 0
    endloop
  endfacet
  facet normal 0 0 -1
    outer loop
      vertex 210.8 114.6 0
      vertex 219.2 215.2 0
      vertex 210.8 104.6 0
    endloop
  endfacet
  facet normal 0 0 -1
    outer loop
      vertex 215.2 0 0
      vertex 219.064 2.96472 0
      vertex 218.896 2.46927 0
    endloop
  endfacet
  facet normal 0 0 -1
    outer loop
      vertex 210.8 149.6 0
      vertex 219.2 215.2 0
      vertex 210.8 114.6 0
    endloop
  endfacet
  facet normal 0 0 -1
    outer loop
      vertex 215.2 0 0
      vertex 218.896 2.46927 0
      vertex 218.664 2 0
    endloop
  endfacet
  facet normal 0 0 -1
    outer loop
      vertex 210.8 159.6 0
      vertex 219.2 215.2 0
      vertex 210.8 149.6 0
    endloop
  endfacet
  facet normal 0 0 -1
    outer loop
      vertex 215.2 0 0
      vertex 218.664 2 0
      vertex 218.373 1.56495 0
    endloop
  endfacet
  facet normal 0 0 -1
    outer loop
      vertex 210.8 177.2 0
      vertex 219.2 215.2 0
      vertex 210.8 159.6 0
    endloop
  endfacet
  facet normal 0 0 -1
    outer loop
      vertex 215.2 0 0
      vertex 218.373 1.56495 0
      vertex 218.028 1.17157 0
    endloop
  endfacet
  facet normal 0 0 -1
    outer loop
      vertex 210.8 185.2 0
      vertex 219.2 215.2 0
      vertex 210.8 177.2 0
    endloop
  endfacet
  facet normal 0 0 -1
    outer loop
      vertex 215.2 0 0
      vertex 218.028 1.17157 0
      vertex 217.635 0.826586 0
    endloop
  endfacet
  facet normal 0 0 -1
    outer loop
      vertex 210.786 185.409 0
      vertex 219.2 215.2 0
      vertex 210.8 185.2 0
    endloop
  endfacet
  facet normal 0 0 -1
    outer loop
      vertex 215.2 0 0
      vertex 217.635 0.826586 0
      vertex 217.2 0.535898 0
    endloop
  endfacet
  facet normal 0 0 -1
    outer loop
      vertex 210.745 185.614 0
      vertex 219.2 215.2 0
      vertex 210.786 185.409 0
    endloop
  endfacet
  facet normal 0 0 -1
    outer loop
      vertex 215.2 0 0
      vertex 217.2 0.535898 0
      vertex 216.731 0.304482 0
    endloop
  endfacet
  facet normal 0 0 -1
    outer loop
      vertex 210.678 185.812 0
      vertex 219.2 215.2 0
      vertex 210.745 185.614 0
    endloop
  endfacet
  facet normal 0 0 -1
    outer loop
      vertex 215.2 0 0
      vertex 216.731 0.304482 0
      vertex 216.235 0.136296 0
    endloop
  endfacet
  facet normal 0 0 -1
    outer loop
      vertex 210.586 186 0
      vertex 219.2 215.2 0
      vertex 210.678 185.812 0
    endloop
  endfacet
  facet normal 0 0 -1
    outer loop
      vertex 215.2 0 0
      vertex 216.235 0.136296 0
      vertex 215.722 0.0342197 0
    endloop
  endfacet
  facet normal 0 0 -1
    outer loop
      vertex 210.469 186.174 0
      vertex 219.2 215.2 0
      vertex 210.586 186 0
    endloop
  endfacet
  facet normal -0 0 -1
    outer loop
      vertex 219.2 4 0
      vertex 215.2 0 0
      vertex 195.178 17.3877 0
    endloop
  endfacet
  facet normal 0 0 -1
    outer loop
      vertex 210.331 186.331 0
      vertex 219.2 215.2 0
      vertex 210.469 186.174 0
    endloop
  endfacet
  facet normal 0 0 -1
    outer loop
      vertex 219.2 4 0
      vertex 210.8 34 0
      vertex 210.8 42 0
    endloop
  endfacet
  facet normal 0 0 -1
    outer loop
      vertex 219.2 4 0
      vertex 210.786 33.7912 0
      vertex 210.8 34 0
    endloop
  endfacet
  facet normal 0 0 -1
    outer loop
      vertex 219.2 4 0
      vertex 210.745 33.5859 0
      vertex 210.786 33.7912 0
    endloop
  endfacet
  facet normal 0 0 -1
    outer loop
      vertex 219.2 4 0
      vertex 210.678 33.3877 0
      vertex 210.745 33.5859 0
    endloop
  endfacet
  facet normal 0 0 -1
    outer loop
      vertex 219.2 4 0
      vertex 210.586 33.2 0
      vertex 210.678 33.3877 0
    endloop
  endfacet
  facet normal 0 0 -1
    outer loop
      vertex 219.2 4 0
      vertex 210.469 33.026 0
      vertex 210.586 33.2 0
    endloop
  endfacet
  facet normal 0 0 -1
    outer loop
      vertex 219.2 4 0
      vertex 210.331 32.8686 0
      vertex 210.469 33.026 0
    endloop
  endfacet
  facet normal 0 0 -1
    outer loop
      vertex 219.2 4 0
      vertex 210.174 32.7306 0
      vertex 210.331 32.8686 0
    endloop
  endfacet
  facet normal 0 0 -1
    outer loop
      vertex 219.2 4 0
      vertex 210 32.6144 0
      vertex 210.174 32.7306 0
    endloop
  endfacet
  facet normal 0 0 -1
    outer loop
      vertex 219.2 4 0
      vertex 209.812 32.5218 0
      vertex 210 32.6144 0
    endloop
  endfacet
  facet normal 0 0 -1
    outer loop
      vertex 219.2 4 0
      vertex 209.614 32.4545 0
      vertex 209.812 32.5218 0
    endloop
  endfacet
  facet normal 0 0 -1
    outer loop
      vertex 219.2 4 0
      vertex 209.409 32.4137 0
      vertex 209.614 32.4545 0
    endloop
  endfacet
  facet normal 0 0 -1
    outer loop
      vertex 219.2 4 0
      vertex 195.286 17.7912 0
      vertex 209.409 32.4137 0
    endloop
  endfacet
  facet normal 0 -0 -1
    outer loop
      vertex 195.3 18 0
      vertex 209.409 32.4137 0
      vertex 195.286 17.7912 0
    endloop
  endfacet
  facet normal 0 0 -1
    outer loop
      vertex 209.409 32.4137 0
      vertex 195.3 18 0
      vertex 209.2 32.4 0
    endloop
  endfacet
  facet normal 0 0 -1
    outer loop
      vertex 195.286 18.2088 0
      vertex 209.2 32.4 0
      vertex 195.3 18 0
    endloop
  endfacet
  facet normal -0 0 -1
    outer loop
      vertex 209.2 32.4 0
      vertex 195.286 18.2088 0
      vertex 208.991 32.4137 0
    endloop
  endfacet
  facet normal 0 0 -1
    outer loop
      vertex 195.245 18.4141 0
      vertex 208.991 32.4137 0
      vertex 195.286 18.2088 0
    endloop
  endfacet
  facet normal -0 0 -1
    outer loop
      vertex 208.991 32.4137 0
      vertex 195.245 18.4141 0
      vertex 208.786 32.4545 0
    endloop
  endfacet
  facet normal 0 0 -1
    outer loop
      vertex 195.178 18.6123 0
      vertex 208.786 32.4545 0
      vertex 195.245 18.4141 0
    endloop
  endfacet
  facet normal 0 0 -1
    outer loop
      vertex 195.086 18.8 0
      vertex 208.588 32.5218 0
      vertex 195.178 18.6123 0
    endloop
  endfacet
  facet normal -0 0 -1
    outer loop
      vertex 208.588 32.5218 0
      vertex 195.086 18.8 0
      vertex 208.4 32.6144 0
    endloop
  endfacet
  facet normal 0 0 -1
    outer loop
      vertex 194.969 18.974 0
      vertex 208.4 32.6144 0
      vertex 195.086 18.8 0
    endloop
  endfacet
  facet normal 0 0 -1
    outer loop
      vertex 194.674 19.2694 0
      vertex 208.069 32.8686 0
      vertex 194.831 19.1314 0
    endloop
  endfacet
  facet normal -0 0 -1
    outer loop
      vertex 207.931 33.026 0
      vertex 194.5 19.3856 0
      vertex 207.814 33.2 0
    endloop
  endfacet
  facet normal 0 0 -1
    outer loop
      vertex 194.312 19.4782 0
      vertex 207.814 33.2 0
      vertex 194.5 19.3856 0
    endloop
  endfacet
  facet normal -0 0 -1
    outer loop
      vertex 207.722 33.3877 0
      vertex 194.114 19.5455 0
      vertex 207.655 33.5859 0
    endloop
  endfacet
  facet normal 0 0 -1
    outer loop
      vertex 187.45 24.25 0
      vertex 207.655 33.5859 0
      vertex 194.114 19.5455 0
    endloop
  endfacet
  facet normal -0 0 -1
    outer loop
      vertex 207.655 33.5859 0
      vertex 187.45 24.25 0
      vertex 207.614 33.7912 0
    endloop
  endfacet
  facet normal 0 0 -1
    outer loop
      vertex 207.614 149.391 0
      vertex 195.3 201.2 0
      vertex 207.6 149.6 0
    endloop
  endfacet
  facet normal 0 0 -1
    outer loop
      vertex 207.6 149.6 0
      vertex 195.3 201.2 0
      vertex 207.6 159.6 0
    endloop
  endfacet
  facet normal 0 0 -1
    outer loop
      vertex 207.614 176.991 0
      vertex 195.3 201.2 0
      vertex 207.6 177.2 0
    endloop
  endfacet
  facet normal -0 0 -1
    outer loop
      vertex 208.226 32.7306 0
      vertex 194.831 19.1314 0
      vertex 208.069 32.8686 0
    endloop
  endfacet
  facet normal 0 0 -1
    outer loop
      vertex 194.831 19.1314 0
      vertex 208.226 32.7306 0
      vertex 194.969 18.974 0
    endloop
  endfacet
  facet normal -0 0 -1
    outer loop
      vertex 208.4 32.6144 0
      vertex 194.969 18.974 0
      vertex 208.226 32.7306 0
    endloop
  endfacet
  facet normal -0 0 -1
    outer loop
      vertex 208.786 32.4545 0
      vertex 195.178 18.6123 0
      vertex 208.588 32.5218 0
    endloop
  endfacet
  facet normal 0 0 -1
    outer loop
      vertex 219.2 4 0
      vertex 195.245 17.5859 0
      vertex 195.286 17.7912 0
    endloop
  endfacet
  facet normal 0 0 -1
    outer loop
      vertex 219.2 4 0
      vertex 195.178 17.3877 0
      vertex 195.245 17.5859 0
    endloop
  endfacet
  facet normal 0 0 -1
    outer loop
      vertex 215.2 0 0
      vertex 195.086 17.2 0
      vertex 195.178 17.3877 0
    endloop
  endfacet
  facet normal 0 0 -1
    outer loop
      vertex 215.2 0 0
      vertex 194.969 17.026 0
      vertex 195.086 17.2 0
    endloop
  endfacet
  facet normal 0 0 -1
    outer loop
      vertex 215.2 0 0
      vertex 194.831 16.8686 0
      vertex 194.969 17.026 0
    endloop
  endfacet
  facet normal 0 0 -1
    outer loop
      vertex 215.2 0 0
      vertex 194.674 16.7306 0
      vertex 194.831 16.8686 0
    endloop
  endfacet
  facet normal 0 0 -1
    outer loop
      vertex 215.2 0 0
      vertex 194.5 16.6144 0
      vertex 194.674 16.7306 0
    endloop
  endfacet
  facet normal 0 0 -1
    outer loop
      vertex 215.2 0 0
      vertex 194.312 16.5218 0
      vertex 194.5 16.6144 0
    endloop
  endfacet
  facet normal 0 0 -1
    outer loop
      vertex 215.2 0 0
      vertex 194.114 16.4545 0
      vertex 194.312 16.5218 0
    endloop
  endfacet
  facet normal 0 0 -1
    outer loop
      vertex 215.2 0 0
      vertex 193.909 16.4137 0
      vertex 194.114 16.4545 0
    endloop
  endfacet
  facet normal 0 0 -1
    outer loop
      vertex 215.2 0 0
      vertex 193.7 16.4 0
      vertex 193.909 16.4137 0
    endloop
  endfacet
  facet normal 0 0 -1
    outer loop
      vertex 215.2 0 0
      vertex 193.491 16.4137 0
      vertex 193.7 16.4 0
    endloop
  endfacet
  facet normal 0 0 -1
    outer loop
      vertex 215.2 0 0
      vertex 193.286 16.4545 0
      vertex 193.491 16.4137 0
    endloop
  endfacet
  facet normal 0 0 -1
    outer loop
      vertex 215.2 0 0
      vertex 193.088 16.5218 0
      vertex 193.286 16.4545 0
    endloop
  endfacet
  facet normal 0 0 -1
    outer loop
      vertex 215.2 0 0
      vertex 192.9 16.6144 0
      vertex 193.088 16.5218 0
    endloop
  endfacet
  facet normal 0 0 -1
    outer loop
      vertex 4 0 0
      vertex 192.9 16.6144 0
      vertex 215.2 0 0
    endloop
  endfacet
  facet normal -0 0 -1
    outer loop
      vertex 192.155 200.786 0
      vertex 187.45 194.95 0
      vertex 192.114 200.991 0
    endloop
  endfacet
  facet normal 0 0 -1
    outer loop
      vertex 192.114 17.7912 0
      vertex 187.45 24.25 0
      vertex 192.1 18 0
    endloop
  endfacet
  facet normal 0 0 -1
    outer loop
      vertex 192.155 17.5859 0
      vertex 187.45 24.25 0
      vertex 192.114 17.7912 0
    endloop
  endfacet
  facet normal 0 0 -1
    outer loop
      vertex 192.222 17.3877 0
      vertex 187.45 24.25 0
      vertex 192.155 17.5859 0
    endloop
  endfacet
  facet normal 0 0 -1
    outer loop
      vertex 192.314 17.2 0
      vertex 187.45 24.25 0
      vertex 192.222 17.3877 0
    endloop
  endfacet
  facet normal 0 0 -1
    outer loop
      vertex 4 0 0
      vertex 192.314 17.2 0
      vertex 192.431 17.026 0
    endloop
  endfacet
  facet normal -0 0 -1
    outer loop
      vertex 192.314 17.2 0
      vertex 4 0 0
      vertex 187.45 24.25 0
    endloop
  endfacet
  facet normal 0 0 -1
    outer loop
      vertex 4 0 0
      vertex 192.431 17.026 0
      vertex 192.569 16.8686 0
    endloop
  endfacet
  facet normal 0 0 -1
    outer loop
      vertex 4 0 0
      vertex 192.569 16.8686 0
      vertex 192.726 16.7306 0
    endloop
  endfacet
  facet normal -0 0 -1
    outer loop
      vertex 192.9 16.6144 0
      vertex 4 0 0
      vertex 192.726 16.7306 0
    endloop
  endfacet
  facet normal 0 0 -1
    outer loop
      vertex 13.5863 42.2088 0
      vertex 16.75 24.25 0
      vertex 13.6 42 0
    endloop
  endfacet
  facet normal 0 0 -1
    outer loop
      vertex 16.75 24.25 0
      vertex 13.5863 41.7912 0
      vertex 13.6 42 0
    endloop
  endfacet
  facet normal 0 0 -1
    outer loop
      vertex 16.75 24.25 0
      vertex 13.5455 41.5859 0
      vertex 13.5863 41.7912 0
    endloop
  endfacet
  facet normal 0 0 -1
    outer loop
      vertex 16.75 24.25 0
      vertex 13.4782 41.3877 0
      vertex 13.5455 41.5859 0
    endloop
  endfacet
  facet normal 0 0 -1
    outer loop
      vertex 16.75 24.25 0
      vertex 13.3856 41.2 0
      vertex 13.4782 41.3877 0
    endloop
  endfacet
  facet normal 0 0 -1
    outer loop
      vertex 16.75 24.25 0
      vertex 13.2694 41.026 0
      vertex 13.3856 41.2 0
    endloop
  endfacet
  facet normal 0 0 -1
    outer loop
      vertex 16.75 24.25 0
      vertex 13.1314 40.8686 0
      vertex 13.2694 41.026 0
    endloop
  endfacet
  facet normal 0 0 -1
    outer loop
      vertex 16.75 24.25 0
      vertex 12.974 40.7306 0
      vertex 13.1314 40.8686 0
    endloop
  endfacet
  facet normal 0 0 -1
    outer loop
      vertex 16.75 24.25 0
      vertex 12.8 40.6144 0
      vertex 12.974 40.7306 0
    endloop
  endfacet
  facet normal 0 0 -1
    outer loop
      vertex 16.75 24.25 0
      vertex 12.6123 40.5218 0
      vertex 12.8 40.6144 0
    endloop
  endfacet
  facet normal 0 0 -1
    outer loop
      vertex 16.75 24.25 0
      vertex 12.4141 40.4545 0
      vertex 12.6123 40.5218 0
    endloop
  endfacet
  facet normal 0 0 -1
    outer loop
      vertex 16.75 24.25 0
      vertex 12.2088 40.4137 0
      vertex 12.4141 40.4545 0
    endloop
  endfacet
  facet normal 0 0 -1
    outer loop
      vertex 12.0863 18.2088 0
      vertex 16.75 24.25 0
      vertex 12.1 18 0
    endloop
  endfacet
  facet normal -0 0 -1
    outer loop
      vertex 187.45 24.25 0
      vertex 4 0 0
      vertex 16.75 24.25 0
    endloop
  endfacet
  facet normal 0 0 -1
    outer loop
      vertex 16.75 24.25 0
      vertex 12.0863 17.7912 0
      vertex 12.1 18 0
    endloop
  endfacet
  facet normal 0 0 -1
    outer loop
      vertex 16.75 24.25 0
      vertex 12.0455 17.5859 0
      vertex 12.0863 17.7912 0
    endloop
  endfacet
  facet normal 0 0 -1
    outer loop
      vertex 16.75 24.25 0
      vertex 11.9782 17.3877 0
      vertex 12.0455 17.5859 0
    endloop
  endfacet
  facet normal 0 0 -1
    outer loop
      vertex 16.75 24.25 0
      vertex 11.8856 17.2 0
      vertex 11.9782 17.3877 0
    endloop
  endfacet
  facet normal 0 0 -1
    outer loop
      vertex 16.75 24.25 0
      vertex 4 0 0
      vertex 11.8856 17.2 0
    endloop
  endfacet
  facet normal 0 0 -1
    outer loop
      vertex 11.8856 17.2 0
      vertex 4 0 0
      vertex 11.7694 17.026 0
    endloop
  endfacet
  facet normal 0 0 -1
    outer loop
      vertex 11.7694 17.026 0
      vertex 4 0 0
      vertex 11.6314 16.8686 0
    endloop
  endfacet
  facet normal 0 0 -1
    outer loop
      vertex 11.6314 16.8686 0
      vertex 4 0 0
      vertex 11.474 16.7306 0
    endloop
  endfacet
  facet normal 0 0 -1
    outer loop
      vertex 11.474 16.7306 0
      vertex 4 0 0
      vertex 11.3 16.6144 0
    endloop
  endfacet
  facet normal 0 0 -1
    outer loop
      vertex 11.3 16.6144 0
      vertex 4 0 0
      vertex 11.1123 16.5218 0
    endloop
  endfacet
  facet normal 0 0 -1
    outer loop
      vertex 11.1123 16.5218 0
      vertex 4 0 0
      vertex 10.9141 16.4545 0
    endloop
  endfacet
  facet normal 0 0 -1
    outer loop
      vertex 10.9141 16.4545 0
      vertex 4 0 0
      vertex 10.7088 16.4137 0
    endloop
  endfacet
  facet normal 0 0 -1
    outer loop
      vertex 10.7088 16.4137 0
      vertex 4 0 0
      vertex 10.5 16.4 0
    endloop
  endfacet
  facet normal -0 0 -1
    outer loop
      vertex 8.91369 17.7912 0
      vertex 0 4 0
      vertex 8.9 18 0
    endloop
  endfacet
  facet normal -0 0 -1
    outer loop
      vertex 8.95452 17.5859 0
      vertex 0 4 0
      vertex 8.91369 17.7912 0
    endloop
  endfacet
  facet normal -0 0 -1
    outer loop
      vertex 9.02179 17.3877 0
      vertex 0 4 0
      vertex 8.95452 17.5859 0
    endloop
  endfacet
  facet normal -0 0 -1
    outer loop
      vertex 9.11436 17.2 0
      vertex 0 4 0
      vertex 9.02179 17.3877 0
    endloop
  endfacet
  facet normal -0 0 -1
    outer loop
      vertex 9.23063 17.026 0
      vertex 0 4 0
      vertex 9.11436 17.2 0
    endloop
  endfacet
  facet normal -0 0 -1
    outer loop
      vertex 9.36863 16.8686 0
      vertex 0 4 0
      vertex 9.23063 17.026 0
    endloop
  endfacet
  facet normal -0 0 -1
    outer loop
      vertex 9.52598 16.7306 0
      vertex 0 4 0
      vertex 9.36863 16.8686 0
    endloop
  endfacet
  facet normal -0 0 -1
    outer loop
      vertex 9.7 16.6144 0
      vertex 0 4 0
      vertex 9.52598 16.7306 0
    endloop
  endfacet
  facet normal -0 0 -1
    outer loop
      vertex 9.88771 16.5218 0
      vertex 0 4 0
      vertex 9.7 16.6144 0
    endloop
  endfacet
  facet normal -0 0 -1
    outer loop
      vertex 10.0859 16.4545 0
      vertex 0 4 0
      vertex 9.88771 16.5218 0
    endloop
  endfacet
  facet normal 0 0 -1
    outer loop
      vertex 0 4 0
      vertex 10.0859 16.4545 0
      vertex 4 0 0
    endloop
  endfacet
  facet normal -0 0 -1
    outer loop
      vertex 10.2912 16.4137 0
      vertex 4 0 0
      vertex 10.0859 16.4545 0
    endloop
  endfacet
  facet normal -0 0 -1
    outer loop
      vertex 10.5 16.4 0
      vertex 4 0 0
      vertex 10.2912 16.4137 0
    endloop
  endfacet
  facet normal 0 0 -1
    outer loop
      vertex 219.2 4 0
      vertex 210.8 42 0
      vertex 210.8 59.6 0
    endloop
  endfacet
  facet normal 0 0 -1
    outer loop
      vertex 219.2 4 0
      vertex 210.8 59.6 0
      vertex 210.8 69.6 0
    endloop
  endfacet
  facet normal 0 0 -1
    outer loop
      vertex 219.2 4 0
      vertex 210.8 69.6 0
      vertex 210.8 104.6 0
    endloop
  endfacet
  facet normal 0 0 -1
    outer loop
      vertex 210.174 186.469 0
      vertex 219.2 215.2 0
      vertex 210.331 186.331 0
    endloop
  endfacet
  facet normal 0 0 -1
    outer loop
      vertex 210 186.586 0
      vertex 219.2 215.2 0
      vertex 210.174 186.469 0
    endloop
  endfacet
  facet normal 0 0 -1
    outer loop
      vertex 209.812 186.678 0
      vertex 219.2 215.2 0
      vertex 210 186.586 0
    endloop
  endfacet
  facet normal 0 0 -1
    outer loop
      vertex 209.614 186.745 0
      vertex 219.2 215.2 0
      vertex 209.812 186.678 0
    endloop
  endfacet
  facet normal 0 0 -1
    outer loop
      vertex 209.409 186.786 0
      vertex 219.2 215.2 0
      vertex 209.614 186.745 0
    endloop
  endfacet
  facet normal 0 0 -1
    outer loop
      vertex 195.286 201.409 0
      vertex 219.2 215.2 0
      vertex 209.409 186.786 0
    endloop
  endfacet
  facet normal 0 0 -1
    outer loop
      vertex 195.245 201.614 0
      vertex 219.2 215.2 0
      vertex 195.286 201.409 0
    endloop
  endfacet
  facet normal 0 0 -1
    outer loop
      vertex 195.178 201.812 0
      vertex 219.2 215.2 0
      vertex 195.245 201.614 0
    endloop
  endfacet
  facet normal 0 -0 -1
    outer loop
      vertex 215.2 219.2 0
      vertex 219.2 215.2 0
      vertex 195.178 201.812 0
    endloop
  endfacet
  facet normal 0 0 -1
    outer loop
      vertex 219.2 215.2 0
      vertex 215.2 219.2 0
      vertex 219.166 215.722 0
    endloop
  endfacet
  facet normal 0 0 -1
    outer loop
      vertex 219.064 216.235 0
      vertex 215.2 219.2 0
      vertex 218.896 216.731 0
    endloop
  endfacet
  facet normal 0 0 -1
    outer loop
      vertex 218.896 216.731 0
      vertex 215.2 219.2 0
      vertex 218.664 217.2 0
    endloop
  endfacet
  facet normal 0 0 -1
    outer loop
      vertex 218.373 217.635 0
      vertex 215.2 219.2 0
      vertex 218.028 218.028 0
    endloop
  endfacet
  facet normal 0 0 -1
    outer loop
      vertex 217.2 218.664 0
      vertex 215.2 219.2 0
      vertex 216.731 218.896 0
    endloop
  endfacet
  facet normal 0 0 -1
    outer loop
      vertex 216.731 218.896 0
      vertex 215.2 219.2 0
      vertex 216.235 219.064 0
    endloop
  endfacet
  facet normal 0 0 -1
    outer loop
      vertex 216.235 219.064 0
      vertex 215.2 219.2 0
      vertex 215.722 219.166 0
    endloop
  endfacet
  facet normal 0 0 -1
    outer loop
      vertex 217.635 218.373 0
      vertex 215.2 219.2 0
      vertex 217.2 218.664 0
    endloop
  endfacet
  facet normal 0 0 -1
    outer loop
      vertex 195.3 201.2 0
      vertex 209.409 186.786 0
      vertex 209.2 186.8 0
    endloop
  endfacet
  facet normal 0 0 -1
    outer loop
      vertex 195.3 201.2 0
      vertex 209.2 186.8 0
      vertex 208.991 186.786 0
    endloop
  endfacet
  facet normal 0 0 -1
    outer loop
      vertex 195.3 201.2 0
      vertex 208.991 186.786 0
      vertex 208.786 186.745 0
    endloop
  endfacet
  facet normal 0 0 -1
    outer loop
      vertex 195.3 201.2 0
      vertex 208.786 186.745 0
      vertex 208.588 186.678 0
    endloop
  endfacet
  facet normal 0 0 -1
    outer loop
      vertex 195.3 201.2 0
      vertex 208.588 186.678 0
      vertex 208.4 186.586 0
    endloop
  endfacet
  facet normal 0 0 -1
    outer loop
      vertex 195.3 201.2 0
      vertex 208.4 186.586 0
      vertex 208.226 186.469 0
    endloop
  endfacet
  facet normal 0 0 -1
    outer loop
      vertex 195.3 201.2 0
      vertex 208.226 186.469 0
      vertex 208.069 186.331 0
    endloop
  endfacet
  facet normal 0 0 -1
    outer loop
      vertex 195.3 201.2 0
      vertex 208.069 186.331 0
      vertex 207.931 186.174 0
    endloop
  endfacet
  facet normal 0 0 -1
    outer loop
      vertex 195.3 201.2 0
      vertex 207.931 186.174 0
      vertex 207.814 186 0
    endloop
  endfacet
  facet normal 0 0 -1
    outer loop
      vertex 195.3 201.2 0
      vertex 207.814 186 0
      vertex 207.722 185.812 0
    endloop
  endfacet
  facet normal 0 0 -1
    outer loop
      vertex 195.3 201.2 0
      vertex 207.722 185.812 0
      vertex 207.655 185.614 0
    endloop
  endfacet
  facet normal 0 0 -1
    outer loop
      vertex 207.6 177.2 0
      vertex 195.3 201.2 0
      vertex 207.6 185.2 0
    endloop
  endfacet
  facet normal 0 0 -1
    outer loop
      vertex 207.6 185.2 0
      vertex 195.3 201.2 0
      vertex 207.614 185.409 0
    endloop
  endfacet
  facet normal 0 0 -1
    outer loop
      vertex 195.3 201.2 0
      vertex 207.655 185.614 0
      vertex 207.614 185.409 0
    endloop
  endfacet
  facet normal 0 0 -1
    outer loop
      vertex 209.409 186.786 0
      vertex 195.3 201.2 0
      vertex 195.286 201.409 0
    endloop
  endfacet
  facet normal 0 0 -1
    outer loop
      vertex 218.028 218.028 0
      vertex 215.2 219.2 0
      vertex 217.635 218.373 0
    endloop
  endfacet
  facet normal 0 0 -1
    outer loop
      vertex 218.664 217.2 0
      vertex 215.2 219.2 0
      vertex 218.373 217.635 0
    endloop
  endfacet
  facet normal 0 0 -1
    outer loop
      vertex 219.166 215.722 0
      vertex 215.2 219.2 0
      vertex 219.064 216.235 0
    endloop
  endfacet
  facet normal 0 0 -1
    outer loop
      vertex 195.086 202 0
      vertex 215.2 219.2 0
      vertex 195.178 201.812 0
    endloop
  endfacet
  facet normal 0 0 -1
    outer loop
      vertex 194.969 202.174 0
      vertex 215.2 219.2 0
      vertex 195.086 202 0
    endloop
  endfacet
  facet normal 0 0 -1
    outer loop
      vertex 194.831 202.331 0
      vertex 215.2 219.2 0
      vertex 194.969 202.174 0
    endloop
  endfacet
  facet normal 0 0 -1
    outer loop
      vertex 194.674 202.469 0
      vertex 215.2 219.2 0
      vertex 194.831 202.331 0
    endloop
  endfacet
  facet normal 0 0 -1
    outer loop
      vertex 194.5 202.586 0
      vertex 215.2 219.2 0
      vertex 194.674 202.469 0
    endloop
  endfacet
  facet normal 0 0 -1
    outer loop
      vertex 194.312 202.678 0
      vertex 215.2 219.2 0
      vertex 194.5 202.586 0
    endloop
  endfacet
  facet normal 0 0 -1
    outer loop
      vertex 194.114 202.745 0
      vertex 215.2 219.2 0
      vertex 194.312 202.678 0
    endloop
  endfacet
  facet normal 0 0 -1
    outer loop
      vertex 193.909 202.786 0
      vertex 215.2 219.2 0
      vertex 194.114 202.745 0
    endloop
  endfacet
  facet normal 0 0 -1
    outer loop
      vertex 193.7 202.8 0
      vertex 215.2 219.2 0
      vertex 193.909 202.786 0
    endloop
  endfacet
  facet normal 0 0 -1
    outer loop
      vertex 193.491 202.786 0
      vertex 215.2 219.2 0
      vertex 193.7 202.8 0
    endloop
  endfacet
  facet normal 0 0 -1
    outer loop
      vertex 193.286 202.745 0
      vertex 215.2 219.2 0
      vertex 193.491 202.786 0
    endloop
  endfacet
  facet normal 0 0 -1
    outer loop
      vertex 193.088 202.678 0
      vertex 215.2 219.2 0
      vertex 193.286 202.745 0
    endloop
  endfacet
  facet normal 0 0 -1
    outer loop
      vertex 139.731 210.331 0
      vertex 193.088 202.678 0
      vertex 192.9 202.586 0
    endloop
  endfacet
  facet normal 0 0 -1
    outer loop
      vertex 139.869 210.174 0
      vertex 192.9 202.586 0
      vertex 192.726 202.469 0
    endloop
  endfacet
  facet normal -0 0 -1
    outer loop
      vertex 192.114 200.991 0
      vertex 187.45 194.95 0
      vertex 192.1 201.2 0
    endloop
  endfacet
  facet normal 0 0 -1
    outer loop
      vertex 187.45 194.95 0
      vertex 192.114 201.409 0
      vertex 192.1 201.2 0
    endloop
  endfacet
  facet normal 0 0 -1
    outer loop
      vertex 187.45 194.95 0
      vertex 192.155 201.614 0
      vertex 192.114 201.409 0
    endloop
  endfacet
  facet normal 0 0 -1
    outer loop
      vertex 187.45 194.95 0
      vertex 192.222 201.812 0
      vertex 192.155 201.614 0
    endloop
  endfacet
  facet normal 0 0 -1
    outer loop
      vertex 187.45 194.95 0
      vertex 192.314 202 0
      vertex 192.222 201.812 0
    endloop
  endfacet
  facet normal 0 0 -1
    outer loop
      vertex 140.186 209.409 0
      vertex 192.314 202 0
      vertex 187.45 194.95 0
    endloop
  endfacet
  facet normal 0 0 -1
    outer loop
      vertex 140.186 209.409 0
      vertex 187.45 194.95 0
      vertex 140.2 209.2 0
    endloop
  endfacet
  facet normal 0 0 -1
    outer loop
      vertex 140.145 209.614 0
      vertex 192.314 202 0
      vertex 140.186 209.409 0
    endloop
  endfacet
  facet normal 0 0 -1
    outer loop
      vertex 192.314 202 0
      vertex 140.145 209.614 0
      vertex 192.431 202.174 0
    endloop
  endfacet
  facet normal 0 0 -1
    outer loop
      vertex 140.078 209.812 0
      vertex 192.431 202.174 0
      vertex 140.145 209.614 0
    endloop
  endfacet
  facet normal 0 0 -1
    outer loop
      vertex 192.431 202.174 0
      vertex 140.078 209.812 0
      vertex 192.569 202.331 0
    endloop
  endfacet
  facet normal 0 0 -1
    outer loop
      vertex 139.986 210 0
      vertex 192.569 202.331 0
      vertex 140.078 209.812 0
    endloop
  endfacet
  facet normal 0 0 -1
    outer loop
      vertex 192.569 202.331 0
      vertex 139.986 210 0
      vertex 192.726 202.469 0
    endloop
  endfacet
  facet normal 0 0 -1
    outer loop
      vertex 139.869 210.174 0
      vertex 192.726 202.469 0
      vertex 139.986 210 0
    endloop
  endfacet
  facet normal 0 0 -1
    outer loop
      vertex 192.9 202.586 0
      vertex 139.869 210.174 0
      vertex 139.731 210.331 0
    endloop
  endfacet
  facet normal 0 0 -1
    outer loop
      vertex 193.088 202.678 0
      vertex 139.731 210.331 0
      vertex 139.574 210.469 0
    endloop
  endfacet
  facet normal 0 0 -1
    outer loop
      vertex 193.088 202.678 0
      vertex 139.574 210.469 0
      vertex 215.2 219.2 0
    endloop
  endfacet
  facet normal 0 0 -1
    outer loop
      vertex 139.4 210.586 0
      vertex 215.2 219.2 0
      vertex 139.574 210.469 0
    endloop
  endfacet
  facet normal 0 0 -1
    outer loop
      vertex 139.212 210.678 0
      vertex 215.2 219.2 0
      vertex 139.4 210.586 0
    endloop
  endfacet
  facet normal 0 0 -1
    outer loop
      vertex 139.014 210.745 0
      vertex 215.2 219.2 0
      vertex 139.212 210.678 0
    endloop
  endfacet
  facet normal 0 0 -1
    outer loop
      vertex 138.809 210.786 0
      vertex 215.2 219.2 0
      vertex 139.014 210.745 0
    endloop
  endfacet
  facet normal 0 0 -1
    outer loop
      vertex 138.6 210.8 0
      vertex 215.2 219.2 0
      vertex 138.809 210.786 0
    endloop
  endfacet
  facet normal 0 0 -1
    outer loop
      vertex 130.6 210.8 0
      vertex 215.2 219.2 0
      vertex 138.6 210.8 0
    endloop
  endfacet
  facet normal 0 0 -1
    outer loop
      vertex 88.6 210.8 0
      vertex 130.6 210.8 0
      vertex 130.391 210.786 0
    endloop
  endfacet
  facet normal 0 0 -1
    outer loop
      vertex 90.2 209.2 0
      vertex 129.014 209.409 0
      vertex 129 209.2 0
    endloop
  endfacet
  facet normal 0 0 -1
    outer loop
      vertex 90.1863 209.409 0
      vertex 129.014 209.409 0
      vertex 90.2 209.2 0
    endloop
  endfacet
  facet normal 0 0 -1
    outer loop
      vertex 129.014 209.409 0
      vertex 90.1863 209.409 0
      vertex 129.055 209.614 0
    endloop
  endfacet
  facet normal 0 0 -1
    outer loop
      vertex 90.1455 209.614 0
      vertex 129.055 209.614 0
      vertex 90.1863 209.409 0
    endloop
  endfacet
  facet normal 0 0 -1
    outer loop
      vertex 129.055 209.614 0
      vertex 90.1455 209.614 0
      vertex 129.122 209.812 0
    endloop
  endfacet
  facet normal 0 0 -1
    outer loop
      vertex 90.0782 209.812 0
      vertex 129.122 209.812 0
      vertex 90.1455 209.614 0
    endloop
  endfacet
  facet normal 0 0 -1
    outer loop
      vertex 129.122 209.812 0
      vertex 90.0782 209.812 0
      vertex 129.214 210 0
    endloop
  endfacet
  facet normal 0 0 -1
    outer loop
      vertex 89.9856 210 0
      vertex 129.214 210 0
      vertex 90.0782 209.812 0
    endloop
  endfacet
  facet normal 0 0 -1
    outer loop
      vertex 129.214 210 0
      vertex 89.9856 210 0
      vertex 129.331 210.174 0
    endloop
  endfacet
  facet normal 0 0 -1
    outer loop
      vertex 89.8694 210.174 0
      vertex 129.331 210.174 0
      vertex 89.9856 210 0
    endloop
  endfacet
  facet normal 0 0 -1
    outer loop
      vertex 129.331 210.174 0
      vertex 89.8694 210.174 0
      vertex 129.469 210.331 0
    endloop
  endfacet
  facet normal 0 0 -1
    outer loop
      vertex 89.7314 210.331 0
      vertex 129.469 210.331 0
      vertex 89.8694 210.174 0
    endloop
  endfacet
  facet normal 0 0 -1
    outer loop
      vertex 129.469 210.331 0
      vertex 89.7314 210.331 0
      vertex 129.626 210.469 0
    endloop
  endfacet
  facet normal 0 0 -1
    outer loop
      vertex 89.574 210.469 0
      vertex 129.626 210.469 0
      vertex 89.7314 210.331 0
    endloop
  endfacet
  facet normal 0 0 -1
    outer loop
      vertex 129.626 210.469 0
      vertex 89.574 210.469 0
      vertex 129.8 210.586 0
    endloop
  endfacet
  facet normal 0 0 -1
    outer loop
      vertex 89.4 210.586 0
      vertex 129.8 210.586 0
      vertex 89.574 210.469 0
    endloop
  endfacet
  facet normal 0 0 -1
    outer loop
      vertex 129.8 210.586 0
      vertex 89.4 210.586 0
      vertex 129.988 210.678 0
    endloop
  endfacet
  facet normal 0 0 -1
    outer loop
      vertex 89.2123 210.678 0
      vertex 129.988 210.678 0
      vertex 89.4 210.586 0
    endloop
  endfacet
  facet normal 0 0 -1
    outer loop
      vertex 129.988 210.678 0
      vertex 89.2123 210.678 0
      vertex 130.186 210.745 0
    endloop
  endfacet
  facet normal 0 0 -1
    outer loop
      vertex 89.0141 210.745 0
      vertex 130.186 210.745 0
      vertex 89.2123 210.678 0
    endloop
  endfacet
  facet normal 0 0 -1
    outer loop
      vertex 130.186 210.745 0
      vertex 89.0141 210.745 0
      vertex 130.391 210.786 0
    endloop
  endfacet
  facet normal 0 0 -1
    outer loop
      vertex 88.8088 210.786 0
      vertex 130.391 210.786 0
      vertex 89.0141 210.745 0
    endloop
  endfacet
  facet normal 0 0 -1
    outer loop
      vertex 88.6 210.8 0
      vertex 130.391 210.786 0
      vertex 88.8088 210.786 0
    endloop
  endfacet
  facet normal 0 0 -1
    outer loop
      vertex 130.6 210.8 0
      vertex 88.6 210.8 0
      vertex 215.2 219.2 0
    endloop
  endfacet
  facet normal 0 0 -1
    outer loop
      vertex 4 219.2 0
      vertex 88.6 210.8 0
      vertex 80.6 210.8 0
    endloop
  endfacet
  facet normal 0 0 -1
    outer loop
      vertex 16.75 194.95 0
      vertex 79.0137 209.409 0
      vertex 79 209.2 0
    endloop
  endfacet
  facet normal 0 0 -1
    outer loop
      vertex 16.75 194.95 0
      vertex 79.0545 209.614 0
      vertex 79.0137 209.409 0
    endloop
  endfacet
  facet normal 0 0 -1
    outer loop
      vertex 11.8856 202 0
      vertex 79.0545 209.614 0
      vertex 16.75 194.95 0
    endloop
  endfacet
  facet normal -0 0 -1
    outer loop
      vertex 79.0545 209.614 0
      vertex 11.8856 202 0
      vertex 79.1218 209.812 0
    endloop
  endfacet
  facet normal 0 0 -1
    outer loop
      vertex 11.7694 202.174 0
      vertex 79.1218 209.812 0
      vertex 11.8856 202 0
    endloop
  endfacet
  facet normal 0 0 -1
    outer loop
      vertex 4 219.2 0
      vertex 79.1218 209.812 0
      vertex 11.7694 202.174 0
    endloop
  endfacet
  facet normal 0 0 -1
    outer loop
      vertex 79.1218 209.812 0
      vertex 4 219.2 0
      vertex 79.2144 210 0
    endloop
  endfacet
  facet normal 0 0 -1
    outer loop
      vertex 79.2144 210 0
      vertex 4 219.2 0
      vertex 79.3306 210.174 0
    endloop
  endfacet
  facet normal 0 0 -1
    outer loop
      vertex 79.3306 210.174 0
      vertex 4 219.2 0
      vertex 79.4686 210.331 0
    endloop
  endfacet
  facet normal 0 0 -1
    outer loop
      vertex 79.4686 210.331 0
      vertex 4 219.2 0
      vertex 79.626 210.469 0
    endloop
  endfacet
  facet normal 0 0 -1
    outer loop
      vertex 16.75 24.25 0
      vertex 13.5863 42.2088 0
      vertex 16.75 194.95 0
    endloop
  endfacet
  facet normal 0 0 -1
    outer loop
      vertex 13.5863 177.409 0
      vertex 16.75 194.95 0
      vertex 13.6 177.2 0
    endloop
  endfacet
  facet normal 0 0 -1
    outer loop
      vertex 13.5455 177.614 0
      vertex 16.75 194.95 0
      vertex 13.5863 177.409 0
    endloop
  endfacet
  facet normal 0 0 -1
    outer loop
      vertex 13.4782 177.812 0
      vertex 16.75 194.95 0
      vertex 13.5455 177.614 0
    endloop
  endfacet
  facet normal 0 0 -1
    outer loop
      vertex 13.3856 178 0
      vertex 16.75 194.95 0
      vertex 13.4782 177.812 0
    endloop
  endfacet
  facet normal 0 0 -1
    outer loop
      vertex 13.2694 178.174 0
      vertex 16.75 194.95 0
      vertex 13.3856 178 0
    endloop
  endfacet
  facet normal 0 0 -1
    outer loop
      vertex 13.1314 178.331 0
      vertex 16.75 194.95 0
      vertex 13.2694 178.174 0
    endloop
  endfacet
  facet normal 0 0 -1
    outer loop
      vertex 12.974 178.469 0
      vertex 16.75 194.95 0
      vertex 13.1314 178.331 0
    endloop
  endfacet
  facet normal 0 0 -1
    outer loop
      vertex 12.8 178.586 0
      vertex 16.75 194.95 0
      vertex 12.974 178.469 0
    endloop
  endfacet
  facet normal 0 0 -1
    outer loop
      vertex 12.6123 178.678 0
      vertex 16.75 194.95 0
      vertex 12.8 178.586 0
    endloop
  endfacet
  facet normal 0 0 -1
    outer loop
      vertex 12.4141 178.745 0
      vertex 16.75 194.95 0
      vertex 12.6123 178.678 0
    endloop
  endfacet
  facet normal 0 0 -1
    outer loop
      vertex 12.2088 178.786 0
      vertex 16.75 194.95 0
      vertex 12.4141 178.745 0
    endloop
  endfacet
  facet normal 0 0 -1
    outer loop
      vertex 12 178.8 0
      vertex 16.75 194.95 0
      vertex 12.2088 178.786 0
    endloop
  endfacet
  facet normal 0 0 -1
    outer loop
      vertex 12.0863 201.409 0
      vertex 16.75 194.95 0
      vertex 12.1 201.2 0
    endloop
  endfacet
  facet normal 0 0 -1
    outer loop
      vertex 12.0455 201.614 0
      vertex 16.75 194.95 0
      vertex 12.0863 201.409 0
    endloop
  endfacet
  facet normal 0 0 -1
    outer loop
      vertex 11.9782 201.812 0
      vertex 16.75 194.95 0
      vertex 12.0455 201.614 0
    endloop
  endfacet
  facet normal 0 0 -1
    outer loop
      vertex 11.8856 202 0
      vertex 16.75 194.95 0
      vertex 11.9782 201.812 0
    endloop
  endfacet
  facet normal 0 0 -1
    outer loop
      vertex 79.626 210.469 0
      vertex 4 219.2 0
      vertex 79.8 210.586 0
    endloop
  endfacet
  facet normal 0 0 -1
    outer loop
      vertex 79.8 210.586 0
      vertex 4 219.2 0
      vertex 79.9877 210.678 0
    endloop
  endfacet
  facet normal 0 0 -1
    outer loop
      vertex 79.9877 210.678 0
      vertex 4 219.2 0
      vertex 80.1859 210.745 0
    endloop
  endfacet
  facet normal 0 0 -1
    outer loop
      vertex 4 219.2 0
      vertex 11.7694 202.174 0
      vertex 11.6314 202.331 0
    endloop
  endfacet
  facet normal 0 0 -1
    outer loop
      vertex 4 219.2 0
      vertex 11.6314 202.331 0
      vertex 11.474 202.469 0
    endloop
  endfacet
  facet normal 0 0 -1
    outer loop
      vertex 4 219.2 0
      vertex 11.474 202.469 0
      vertex 11.3 202.586 0
    endloop
  endfacet
  facet normal 0 0 -1
    outer loop
      vertex 4 219.2 0
      vertex 11.3 202.586 0
      vertex 11.1123 202.678 0
    endloop
  endfacet
  facet normal 0 0 -1
    outer loop
      vertex 4 219.2 0
      vertex 11.1123 202.678 0
      vertex 10.9141 202.745 0
    endloop
  endfacet
  facet normal 0 0 -1
    outer loop
      vertex 4 219.2 0
      vertex 10.9141 202.745 0
      vertex 10.7088 202.786 0
    endloop
  endfacet
  facet normal 0 0 -1
    outer loop
      vertex 4 219.2 0
      vertex 10.7088 202.786 0
      vertex 10.5 202.8 0
    endloop
  endfacet
  facet normal 0 0 -1
    outer loop
      vertex 4 219.2 0
      vertex 10.5 202.8 0
      vertex 10.2912 202.786 0
    endloop
  endfacet
  facet normal 0 0 -1
    outer loop
      vertex 88.6 210.8 0
      vertex 4 219.2 0
      vertex 215.2 219.2 0
    endloop
  endfacet
  facet normal 0 0 -1
    outer loop
      vertex 80.3912 210.786 0
      vertex 4 219.2 0
      vertex 80.6 210.8 0
    endloop
  endfacet
  facet normal 0 0 -1
    outer loop
      vertex 80.1859 210.745 0
      vertex 4 219.2 0
      vertex 80.3912 210.786 0
    endloop
  endfacet
  facet normal 0 0 -1
    outer loop
      vertex 10.0859 202.745 0
      vertex 4 219.2 0
      vertex 10.2912 202.786 0
    endloop
  endfacet
  facet normal 0 0 -1
    outer loop
      vertex 0 215.2 0
      vertex 10.0859 202.745 0
      vertex 9.88771 202.678 0
    endloop
  endfacet
  facet normal 0 0 -1
    outer loop
      vertex 0 215.2 0
      vertex 9.88771 202.678 0
      vertex 9.7 202.586 0
    endloop
  endfacet
  facet normal 0 0 -1
    outer loop
      vertex 0 215.2 0
      vertex 9.7 202.586 0
      vertex 9.52598 202.469 0
    endloop
  endfacet
  facet normal 0 0 -1
    outer loop
      vertex 0 215.2 0
      vertex 9.52598 202.469 0
      vertex 9.36863 202.331 0
    endloop
  endfacet
  facet normal 0 0 -1
    outer loop
      vertex 0 215.2 0
      vertex 9.36863 202.331 0
      vertex 9.23063 202.174 0
    endloop
  endfacet
  facet normal 0 0 -1
    outer loop
      vertex 0 215.2 0
      vertex 9.23063 202.174 0
      vertex 9.11436 202 0
    endloop
  endfacet
  facet normal 0 0 -1
    outer loop
      vertex 0 215.2 0
      vertex 9.11436 202 0
      vertex 9.02179 201.812 0
    endloop
  endfacet
  facet normal 0 0 -1
    outer loop
      vertex 0 215.2 0
      vertex 9.02179 201.812 0
      vertex 8.95452 201.614 0
    endloop
  endfacet
  facet normal 0 0 -1
    outer loop
      vertex 0 215.2 0
      vertex 8.95452 201.614 0
      vertex 8.91369 201.409 0
    endloop
  endfacet
  facet normal 0 0 -1
    outer loop
      vertex 0 215.2 0
      vertex 8.91369 201.409 0
      vertex 8.9 201.2 0
    endloop
  endfacet
  facet normal 0 0 -1
    outer loop
      vertex 8.95452 200.786 0
      vertex 0 215.2 0
      vertex 8.91369 200.991 0
    endloop
  endfacet
  facet normal 0 0 -1
    outer loop
      vertex 0 4 0
      vertex 4 0 0
      vertex 3.47789 0.0342197 0
    endloop
  endfacet
  facet normal 0 0 -1
    outer loop
      vertex 8.91369 200.991 0
      vertex 0 215.2 0
      vertex 8.9 201.2 0
    endloop
  endfacet
  facet normal 0 0 -1
    outer loop
      vertex 0 4 0
      vertex 3.47789 0.0342197 0
      vertex 2.96472 0.136296 0
    endloop
  endfacet
  facet normal 0 0 -1
    outer loop
      vertex 10.0859 202.745 0
      vertex 0 215.2 0
      vertex 4 219.2 0
    endloop
  endfacet
  facet normal 0 0 -1
    outer loop
      vertex 0 4 0
      vertex 2.96472 0.136296 0
      vertex 2.46927 0.304482 0
    endloop
  endfacet
  facet normal 0 0 -1
    outer loop
      vertex 4 219.2 0
      vertex 0 215.2 0
      vertex 3.47789 219.166 0
    endloop
  endfacet
  facet normal 0 0 -1
    outer loop
      vertex 0 4 0
      vertex 2.46927 0.304482 0
      vertex 2 0.535898 0
    endloop
  endfacet
  facet normal 0 0 -1
    outer loop
      vertex 3.47789 219.166 0
      vertex 0 215.2 0
      vertex 2.96472 219.064 0
    endloop
  endfacet
  facet normal 0 0 -1
    outer loop
      vertex 0 4 0
      vertex 2 0.535898 0
      vertex 1.56495 0.826586 0
    endloop
  endfacet
  facet normal 0 0 -1
    outer loop
      vertex 2.96472 219.064 0
      vertex 0 215.2 0
      vertex 2.46927 218.896 0
    endloop
  endfacet
  facet normal 0 0 -1
    outer loop
      vertex 0 4 0
      vertex 1.56495 0.826586 0
      vertex 1.17157 1.17157 0
    endloop
  endfacet
  facet normal 0 0 -1
    outer loop
      vertex 2.46927 218.896 0
      vertex 0 215.2 0
      vertex 2 218.664 0
    endloop
  endfacet
  facet normal 0 0 -1
    outer loop
      vertex 0 4 0
      vertex 1.17157 1.17157 0
      vertex 0.826586 1.56495 0
    endloop
  endfacet
  facet normal 0 0 -1
    outer loop
      vertex 2 218.664 0
      vertex 0 215.2 0
      vertex 1.56495 218.373 0
    endloop
  endfacet
  facet normal 0 0 -1
    outer loop
      vertex 0 4 0
      vertex 0.826586 1.56495 0
      vertex 0.535898 2 0
    endloop
  endfacet
  facet normal 0 0 -1
    outer loop
      vertex 1.56495 218.373 0
      vertex 0 215.2 0
      vertex 1.17157 218.028 0
    endloop
  endfacet
  facet normal 0 0 -1
    outer loop
      vertex 0 4 0
      vertex 0.535898 2 0
      vertex 0.304482 2.46927 0
    endloop
  endfacet
  facet normal 0 0 -1
    outer loop
      vertex 1.17157 218.028 0
      vertex 0 215.2 0
      vertex 0.826586 217.635 0
    endloop
  endfacet
  facet normal 0 0 -1
    outer loop
      vertex 0 4 0
      vertex 0.304482 2.46927 0
      vertex 0.136296 2.96472 0
    endloop
  endfacet
  facet normal 0 0 -1
    outer loop
      vertex 0.826586 217.635 0
      vertex 0 215.2 0
      vertex 0.535898 217.2 0
    endloop
  endfacet
  facet normal 0 0 -1
    outer loop
      vertex 0 4 0
      vertex 0.136296 2.96472 0
      vertex 0.0342197 3.47789 0
    endloop
  endfacet
  facet normal 0 0 -1
    outer loop
      vertex 0.535898 217.2 0
      vertex 0 215.2 0
      vertex 0.304482 216.731 0
    endloop
  endfacet
  facet normal 0 0 -1
    outer loop
      vertex 0.304482 216.731 0
      vertex 0 215.2 0
      vertex 0.136296 216.235 0
    endloop
  endfacet
  facet normal 0 0 -1
    outer loop
      vertex 0.136296 216.235 0
      vertex 0 215.2 0
      vertex 0.0342197 215.722 0
    endloop
  endfacet
  facet normal -0.980785 -0.195091 0
    outer loop
      vertex 0.136296 2.96472 0
      vertex 0.0342197 3.47789 5
      vertex 0.0342197 3.47789 0
    endloop
  endfacet
  facet normal -0.980785 -0.195091 0
    outer loop
      vertex 0.0342197 3.47789 5
      vertex 0.136296 2.96472 0
      vertex 0.136296 2.96472 5
    endloop
  endfacet
  facet normal -0.946928 -0.321445 0
    outer loop
      vertex 0.304482 2.46927 0
      vertex 0.136296 2.96472 5
      vertex 0.136296 2.96472 0
    endloop
  endfacet
  facet normal -0.946928 -0.321445 0
    outer loop
      vertex 0.136296 2.96472 5
      vertex 0.304482 2.46927 0
      vertex 0.304482 2.46927 5
    endloop
  endfacet
  facet normal -0.896875 -0.442285 0
    outer loop
      vertex 0.535898 2 0
      vertex 0.304482 2.46927 5
      vertex 0.304482 2.46927 0
    endloop
  endfacet
  facet normal -0.896875 -0.442285 0
    outer loop
      vertex 0.304482 2.46927 5
      vertex 0.535898 2 0
      vertex 0.535898 2 5
    endloop
  endfacet
  facet normal -0.896774 0.44249 0
    outer loop
      vertex 0.304482 216.731 0
      vertex 0.535898 217.2 5
      vertex 0.535898 217.2 0
    endloop
  endfacet
  facet normal -0.896774 0.44249 0
    outer loop
      vertex 0.535898 217.2 5
      vertex 0.304482 216.731 0
      vertex 0.304482 216.731 5
    endloop
  endfacet
  facet normal -0.947037 0.321126 0
    outer loop
      vertex 0.136296 216.235 0
      vertex 0.304482 216.731 5
      vertex 0.304482 216.731 0
    endloop
  endfacet
  facet normal -0.947037 0.321126 0
    outer loop
      vertex 0.304482 216.731 5
      vertex 0.136296 216.235 0
      vertex 0.136296 216.235 5
    endloop
  endfacet
  facet normal -0.659362 0.751826 0
    outer loop
      vertex 1.56495 218.373 0
      vertex 1.17157 218.028 5
      vertex 1.56495 218.373 5
    endloop
  endfacet
  facet normal -0.659362 0.751826 0
    outer loop
      vertex 1.17157 218.028 5
      vertex 1.56495 218.373 0
      vertex 1.17157 218.028 0
    endloop
  endfacet
  facet normal -0.443182 0.896432 0
    outer loop
      vertex 2.46927 218.896 0
      vertex 2 218.664 5
      vertex 2.46927 218.896 5
    endloop
  endfacet
  facet normal -0.443182 0.896432 0
    outer loop
      vertex 2 218.664 5
      vertex 2.46927 218.896 0
      vertex 2 218.664 0
    endloop
  endfacet
  facet normal -0.194951 0.980813 0
    outer loop
      vertex 3.47789 219.166 0
      vertex 2.96472 219.064 5
      vertex 3.47789 219.166 5
    endloop
  endfacet
  facet normal -0.194951 0.980813 0
    outer loop
      vertex 2.96472 219.064 5
      vertex 3.47789 219.166 0
      vertex 2.96472 219.064 0
    endloop
  endfacet
  facet normal 0.659722 0.75151 -0
    outer loop
      vertex 218.028 218.028 0
      vertex 217.635 218.373 5
      vertex 218.028 218.028 5
    endloop
  endfacet
  facet normal 0.659722 0.75151 0
    outer loop
      vertex 217.635 218.373 5
      vertex 218.028 218.028 0
      vertex 217.635 218.373 0
    endloop
  endfacet
  facet normal 0.831167 0.556022 0
    outer loop
      vertex 218.664 217.2 5
      vertex 218.373 217.635 0
      vertex 218.373 217.635 5
    endloop
  endfacet
  facet normal 0.831167 0.556022 0
    outer loop
      vertex 218.373 217.635 0
      vertex 218.664 217.2 5
      vertex 218.664 217.2 0
    endloop
  endfacet
  facet normal 0.659705 -0.751525 0
    outer loop
      vertex 217.635 0.826586 0
      vertex 218.028 1.17157 5
      vertex 217.635 0.826586 5
    endloop
  endfacet
  facet normal 0.659705 -0.751525 0
    outer loop
      vertex 218.028 1.17157 5
      vertex 217.635 0.826586 0
      vertex 218.028 1.17157 0
    endloop
  endfacet
  facet normal 0.751826 -0.659362 0
    outer loop
      vertex 218.028 1.17157 5
      vertex 218.373 1.56495 0
      vertex 218.373 1.56495 5
    endloop
  endfacet
  facet normal 0.751826 -0.659362 0
    outer loop
      vertex 218.373 1.56495 0
      vertex 218.028 1.17157 5
      vertex 218.028 1.17157 0
    endloop
  endfacet
  facet normal 0.831197 -0.555978 0
    outer loop
      vertex 218.373 1.56495 5
      vertex 218.664 2 0
      vertex 218.664 2 5
    endloop
  endfacet
  facet normal 0.831197 -0.555978 0
    outer loop
      vertex 218.664 2 0
      vertex 218.373 1.56495 5
      vertex 218.373 1.56495 0
    endloop
  endfacet
  facet normal 0.947036 -0.321126 0
    outer loop
      vertex 218.896 2.46927 5
      vertex 219.064 2.96472 0
      vertex 219.064 2.96472 5
    endloop
  endfacet
  facet normal 0.947036 -0.321126 0
    outer loop
      vertex 219.064 2.96472 0
      vertex 218.896 2.46927 5
      vertex 218.896 2.46927 0
    endloop
  endfacet
  facet normal -0.442285 -0.896875 0
    outer loop
      vertex 2 0.535898 0
      vertex 2.46927 0.304482 5
      vertex 2 0.535898 5
    endloop
  endfacet
  facet normal -0.442285 -0.896875 -0
    outer loop
      vertex 2.46927 0.304482 5
      vertex 2 0.535898 0
      vertex 2.46927 0.304482 0
    endloop
  endfacet
  facet normal 0.89633 0.443387 0
    outer loop
      vertex 218.896 216.731 5
      vertex 218.664 217.2 0
      vertex 218.664 217.2 5
    endloop
  endfacet
  facet normal 0.89633 0.443387 0
    outer loop
      vertex 218.664 217.2 0
      vertex 218.896 216.731 5
      vertex 218.896 216.731 0
    endloop
  endfacet
  facet normal 0.947145 0.320807 0
    outer loop
      vertex 219.064 216.235 5
      vertex 218.896 216.731 0
      vertex 218.896 216.731 5
    endloop
  endfacet
  facet normal 0.947145 0.320807 0
    outer loop
      vertex 218.896 216.731 0
      vertex 219.064 216.235 5
      vertex 219.064 216.235 0
    endloop
  endfacet
  facet normal 0.556022 0.831167 -0
    outer loop
      vertex 217.635 218.373 0
      vertex 217.2 218.664 5
      vertex 217.635 218.373 5
    endloop
  endfacet
  facet normal 0.556022 0.831167 0
    outer loop
      vertex 217.2 218.664 5
      vertex 217.635 218.373 0
      vertex 217.2 218.664 0
    endloop
  endfacet
  facet normal 0.195013 0.980801 -0
    outer loop
      vertex 216.235 219.064 0
      vertex 215.722 219.166 5
      vertex 216.235 219.064 5
    endloop
  endfacet
  facet normal 0.195013 0.980801 0
    outer loop
      vertex 215.722 219.166 5
      vertex 216.235 219.064 0
      vertex 215.722 219.166 0
    endloop
  endfacet
  facet normal 0.320807 0.947145 -0
    outer loop
      vertex 216.731 218.896 0
      vertex 216.235 219.064 5
      vertex 216.731 218.896 5
    endloop
  endfacet
  facet normal 0.320807 0.947145 0
    outer loop
      vertex 216.235 219.064 5
      vertex 216.731 218.896 0
      vertex 216.235 219.064 0
    endloop
  endfacet
  facet normal 0.55561 -0.831443 0
    outer loop
      vertex 217.2 0.535898 0
      vertex 217.635 0.826586 5
      vertex 217.2 0.535898 5
    endloop
  endfacet
  facet normal 0.55561 -0.831443 0
    outer loop
      vertex 217.635 0.826586 5
      vertex 217.2 0.535898 0
      vertex 217.635 0.826586 0
    endloop
  endfacet
  facet normal 0.44249 -0.896774 0
    outer loop
      vertex 216.731 0.304482 0
      vertex 217.2 0.535898 5
      vertex 216.731 0.304482 5
    endloop
  endfacet
  facet normal 0.44249 -0.896774 0
    outer loop
      vertex 217.2 0.535898 5
      vertex 216.731 0.304482 0
      vertex 217.2 0.535898 0
    endloop
  endfacet
  facet normal 0.321126 -0.947037 0
    outer loop
      vertex 216.235 0.136296 0
      vertex 216.731 0.304482 5
      vertex 216.235 0.136296 5
    endloop
  endfacet
  facet normal 0.321126 -0.947037 0
    outer loop
      vertex 216.731 0.304482 5
      vertex 216.235 0.136296 0
      vertex 216.731 0.304482 0
    endloop
  endfacet
  facet normal 0.195153 -0.980773 0
    outer loop
      vertex 215.722 0.0342197 0
      vertex 216.235 0.136296 5
      vertex 215.722 0.0342197 5
    endloop
  endfacet
  facet normal 0.195153 -0.980773 0
    outer loop
      vertex 216.235 0.136296 5
      vertex 215.722 0.0342197 0
      vertex 216.235 0.136296 0
    endloop
  endfacet
  facet normal 1 -0 0
    outer loop
      vertex 16.75 24.25 5
      vertex 16.75 194.95 0
      vertex 16.75 194.95 5
    endloop
  endfacet
  facet normal 1 0 0
    outer loop
      vertex 16.75 194.95 0
      vertex 16.75 24.25 5
      vertex 16.75 24.25 0
    endloop
  endfacet
  facet normal -1 0 0
    outer loop
      vertex 187.45 24.25 0
      vertex 187.45 194.95 5
      vertex 187.45 194.95 0
    endloop
  endfacet
  facet normal -1 -0 0
    outer loop
      vertex 187.45 194.95 5
      vertex 187.45 24.25 0
      vertex 187.45 24.25 5
    endloop
  endfacet
  facet normal 0 1 -0
    outer loop
      vertex 187.45 24.25 0
      vertex 16.75 24.25 5
      vertex 187.45 24.25 5
    endloop
  endfacet
  facet normal 0 1 0
    outer loop
      vertex 16.75 24.25 5
      vertex 187.45 24.25 0
      vertex 16.75 24.25 0
    endloop
  endfacet
  facet normal 0 -1 0
    outer loop
      vertex 16.75 194.95 0
      vertex 187.45 194.95 5
      vertex 16.75 194.95 5
    endloop
  endfacet
  facet normal 0 -1 -0
    outer loop
      vertex 187.45 194.95 5
      vertex 16.75 194.95 0
      vertex 187.45 194.95 0
    endloop
  endfacet
endsolid OpenSCAD_Model
