solid OpenSCAD_Model
  facet normal -0.831566 -0.555426 0
    outer loop
      vertex 19.4722 18.85 0
      vertex 19.3487 19.0349 0.799999
      vertex 19.3487 19.0349 0
    endloop
  endfacet
  facet normal -0.831566 -0.555426 0
    outer loop
      vertex 19.3487 19.0349 0.799999
      vertex 19.4722 18.85 0
      vertex 19.4722 18.85 0.799999
    endloop
  endfacet
  facet normal -0.321484 -0.946915 0
    outer loop
      vertex 18.44 19.6421 0
      vertex 18.6506 19.5706 0.799999
      vertex 18.44 19.6421 0.799999
    endloop
  endfacet
  facet normal -0.321484 -0.946915 -0
    outer loop
      vertex 18.6506 19.5706 0.799999
      vertex 18.44 19.6421 0
      vertex 18.6506 19.5706 0
    endloop
  endfacet
  facet normal 0.44253 -0.896754 0
    outer loop
      vertex 17.15 19.4722 0
      vertex 17.3494 19.5706 0.799999
      vertex 17.15 19.4722 0.799999
    endloop
  endfacet
  facet normal 0.44253 -0.896754 0
    outer loop
      vertex 17.3494 19.5706 0.799999
      vertex 17.15 19.4722 0
      vertex 17.3494 19.5706 0
    endloop
  endfacet
  facet normal 0.946915 -0.321484 0
    outer loop
      vertex 16.3579 18.44 0.799999
      vertex 16.4294 18.6506 0
      vertex 16.4294 18.6506 0.799999
    endloop
  endfacet
  facet normal 0.946915 -0.321484 0
    outer loop
      vertex 16.4294 18.6506 0
      vertex 16.3579 18.44 0.799999
      vertex 16.3579 18.44 0
    endloop
  endfacet
  facet normal -0.997872 0.0652057 0
    outer loop
      vertex 19.6855 17.7781 0
      vertex 19.7 18 0.799999
      vertex 19.7 18 0
    endloop
  endfacet
  facet normal -0.997872 0.0652057 0
    outer loop
      vertex 19.7 18 0.799999
      vertex 19.6855 17.7781 0
      vertex 19.6855 17.7781 0.799999
    endloop
  endfacet
  facet normal -0.44253 0.896754 0
    outer loop
      vertex 18.85 16.5278 0
      vertex 18.6506 16.4294 0.799999
      vertex 18.85 16.5278 0.799999
    endloop
  endfacet
  facet normal -0.44253 0.896754 0
    outer loop
      vertex 18.6506 16.4294 0.799999
      vertex 18.85 16.5278 0
      vertex 18.6506 16.4294 0
    endloop
  endfacet
  facet normal 0.0652057 -0.997872 0
    outer loop
      vertex 17.7781 19.6855 0
      vertex 18 19.7 0.799999
      vertex 17.7781 19.6855 0.799999
    endloop
  endfacet
  facet normal 0.0652057 -0.997872 0
    outer loop
      vertex 18 19.7 0.799999
      vertex 17.7781 19.6855 0
      vertex 18 19.7 0
    endloop
  endfacet
  facet normal 0.997872 -0.0652057 0
    outer loop
      vertex 16.3 18 0.799999
      vertex 16.3145 18.2219 0
      vertex 16.3145 18.2219 0.799999
    endloop
  endfacet
  facet normal 0.997872 -0.0652057 0
    outer loop
      vertex 16.3145 18.2219 0
      vertex 16.3 18 0.799999
      vertex 16.3 18 0
    endloop
  endfacet
  facet normal 0.831566 -0.555426 0
    outer loop
      vertex 16.5278 18.85 0.799999
      vertex 16.6513 19.0349 0
      vertex 16.6513 19.0349 0.799999
    endloop
  endfacet
  facet normal 0.831566 -0.555426 0
    outer loop
      vertex 16.6513 19.0349 0
      vertex 16.5278 18.85 0.799999
      vertex 16.5278 18.85 0
    endloop
  endfacet
  facet normal 0.555426 -0.831566 0
    outer loop
      vertex 16.9651 19.3487 0
      vertex 17.15 19.4722 0.799999
      vertex 16.9651 19.3487 0.799999
    endloop
  endfacet
  facet normal 0.555426 -0.831566 0
    outer loop
      vertex 17.15 19.4722 0.799999
      vertex 16.9651 19.3487 0
      vertex 17.15 19.4722 0
    endloop
  endfacet
  facet normal 0.195165 -0.98077 0
    outer loop
      vertex 17.56 19.6421 0
      vertex 17.7781 19.6855 0.799999
      vertex 17.56 19.6421 0.799999
    endloop
  endfacet
  facet normal 0.195165 -0.98077 0
    outer loop
      vertex 17.7781 19.6855 0.799999
      vertex 17.56 19.6421 0
      vertex 17.7781 19.6855 0
    endloop
  endfacet
  facet normal 0.659268 -0.751908 0
    outer loop
      vertex 16.7979 19.2021 0
      vertex 16.9651 19.3487 0.799999
      vertex 16.7979 19.2021 0.799999
    endloop
  endfacet
  facet normal 0.659268 -0.751908 0
    outer loop
      vertex 16.9651 19.3487 0.799999
      vertex 16.7979 19.2021 0
      vertex 16.9651 19.3487 0
    endloop
  endfacet
  facet normal -0.997872 -0.0652057 0
    outer loop
      vertex 19.7 18 0
      vertex 19.6855 18.2219 0.799999
      vertex 19.6855 18.2219 0
    endloop
  endfacet
  facet normal -0.997872 -0.0652057 0
    outer loop
      vertex 19.6855 18.2219 0.799999
      vertex 19.7 18 0
      vertex 19.7 18 0.799999
    endloop
  endfacet
  facet normal -0.555426 0.831566 0
    outer loop
      vertex 19.0349 16.6513 0
      vertex 18.85 16.5278 0.799999
      vertex 19.0349 16.6513 0.799999
    endloop
  endfacet
  facet normal -0.555426 0.831566 0
    outer loop
      vertex 18.85 16.5278 0.799999
      vertex 19.0349 16.6513 0
      vertex 18.85 16.5278 0
    endloop
  endfacet
  facet normal -0.946915 0.321484 0
    outer loop
      vertex 19.5706 17.3494 0
      vertex 19.6421 17.56 0.799999
      vertex 19.6421 17.56 0
    endloop
  endfacet
  facet normal -0.946915 0.321484 0
    outer loop
      vertex 19.6421 17.56 0.799999
      vertex 19.5706 17.3494 0
      vertex 19.5706 17.3494 0.799999
    endloop
  endfacet
  facet normal -0.321484 0.946915 0
    outer loop
      vertex 18.6506 16.4294 0
      vertex 18.44 16.3579 0.799999
      vertex 18.6506 16.4294 0.799999
    endloop
  endfacet
  facet normal -0.321484 0.946915 0
    outer loop
      vertex 18.44 16.3579 0.799999
      vertex 18.6506 16.4294 0
      vertex 18.44 16.3579 0
    endloop
  endfacet
  facet normal -0.659268 -0.751908 0
    outer loop
      vertex 19.0349 19.3487 0
      vertex 19.2021 19.2021 0.799999
      vertex 19.0349 19.3487 0.799999
    endloop
  endfacet
  facet normal -0.659268 -0.751908 -0
    outer loop
      vertex 19.2021 19.2021 0.799999
      vertex 19.0349 19.3487 0
      vertex 19.2021 19.2021 0
    endloop
  endfacet
  facet normal -0.751908 -0.659268 0
    outer loop
      vertex 19.3487 19.0349 0
      vertex 19.2021 19.2021 0.799999
      vertex 19.2021 19.2021 0
    endloop
  endfacet
  facet normal -0.751908 -0.659268 0
    outer loop
      vertex 19.2021 19.2021 0.799999
      vertex 19.3487 19.0349 0
      vertex 19.3487 19.0349 0.799999
    endloop
  endfacet
  facet normal -0.195165 -0.98077 0
    outer loop
      vertex 18.2219 19.6855 0
      vertex 18.44 19.6421 0.799999
      vertex 18.2219 19.6855 0.799999
    endloop
  endfacet
  facet normal -0.195165 -0.98077 -0
    outer loop
      vertex 18.44 19.6421 0.799999
      vertex 18.2219 19.6855 0
      vertex 18.44 19.6421 0
    endloop
  endfacet
  facet normal -0.0652057 -0.997872 0
    outer loop
      vertex 18 19.7 0
      vertex 18.2219 19.6855 0.799999
      vertex 18 19.7 0.799999
    endloop
  endfacet
  facet normal -0.0652057 -0.997872 -0
    outer loop
      vertex 18.2219 19.6855 0.799999
      vertex 18 19.7 0
      vertex 18.2219 19.6855 0
    endloop
  endfacet
  facet normal -0.555426 -0.831566 0
    outer loop
      vertex 18.85 19.4722 0
      vertex 19.0349 19.3487 0.799999
      vertex 18.85 19.4722 0.799999
    endloop
  endfacet
  facet normal -0.555426 -0.831566 -0
    outer loop
      vertex 19.0349 19.3487 0.799999
      vertex 18.85 19.4722 0
      vertex 19.0349 19.3487 0
    endloop
  endfacet
  facet normal -0.44253 -0.896754 0
    outer loop
      vertex 18.6506 19.5706 0
      vertex 18.85 19.4722 0.799999
      vertex 18.6506 19.5706 0.799999
    endloop
  endfacet
  facet normal -0.44253 -0.896754 -0
    outer loop
      vertex 18.85 19.4722 0.799999
      vertex 18.6506 19.5706 0
      vertex 18.85 19.4722 0
    endloop
  endfacet
  facet normal 0.997872 0.0652057 0
    outer loop
      vertex 16.3145 17.7781 0.799999
      vertex 16.3 18 0
      vertex 16.3 18 0.799999
    endloop
  endfacet
  facet normal 0.997872 0.0652057 0
    outer loop
      vertex 16.3 18 0
      vertex 16.3145 17.7781 0.799999
      vertex 16.3145 17.7781 0
    endloop
  endfacet
  facet normal 0.896754 -0.44253 0
    outer loop
      vertex 16.4294 18.6506 0.799999
      vertex 16.5278 18.85 0
      vertex 16.5278 18.85 0.799999
    endloop
  endfacet
  facet normal 0.896754 -0.44253 0
    outer loop
      vertex 16.5278 18.85 0
      vertex 16.4294 18.6506 0.799999
      vertex 16.4294 18.6506 0
    endloop
  endfacet
  facet normal 0.751908 -0.659268 0
    outer loop
      vertex 16.6513 19.0349 0.799999
      vertex 16.7979 19.2021 0
      vertex 16.7979 19.2021 0.799999
    endloop
  endfacet
  facet normal 0.751908 -0.659268 0
    outer loop
      vertex 16.7979 19.2021 0
      vertex 16.6513 19.0349 0.799999
      vertex 16.6513 19.0349 0
    endloop
  endfacet
  facet normal -0.98077 0.195165 0
    outer loop
      vertex 19.6421 17.56 0
      vertex 19.6855 17.7781 0.799999
      vertex 19.6855 17.7781 0
    endloop
  endfacet
  facet normal -0.98077 0.195165 0
    outer loop
      vertex 19.6855 17.7781 0.799999
      vertex 19.6421 17.56 0
      vertex 19.6421 17.56 0.799999
    endloop
  endfacet
  facet normal -0.831566 0.555426 0
    outer loop
      vertex 19.3487 16.9651 0
      vertex 19.4722 17.15 0.799999
      vertex 19.4722 17.15 0
    endloop
  endfacet
  facet normal -0.831566 0.555426 0
    outer loop
      vertex 19.4722 17.15 0.799999
      vertex 19.3487 16.9651 0
      vertex 19.3487 16.9651 0.799999
    endloop
  endfacet
  facet normal -0.896754 0.44253 0
    outer loop
      vertex 19.4722 17.15 0
      vertex 19.5706 17.3494 0.799999
      vertex 19.5706 17.3494 0
    endloop
  endfacet
  facet normal -0.896754 0.44253 0
    outer loop
      vertex 19.5706 17.3494 0.799999
      vertex 19.4722 17.15 0
      vertex 19.4722 17.15 0.799999
    endloop
  endfacet
  facet normal 0.98077 0.195165 0
    outer loop
      vertex 16.3579 17.56 0.799999
      vertex 16.3145 17.7781 0
      vertex 16.3145 17.7781 0.799999
    endloop
  endfacet
  facet normal 0.98077 0.195165 0
    outer loop
      vertex 16.3145 17.7781 0
      vertex 16.3579 17.56 0.799999
      vertex 16.3579 17.56 0
    endloop
  endfacet
  facet normal 0.946915 0.321484 0
    outer loop
      vertex 16.4294 17.3494 0.799999
      vertex 16.3579 17.56 0
      vertex 16.3579 17.56 0.799999
    endloop
  endfacet
  facet normal 0.946915 0.321484 0
    outer loop
      vertex 16.3579 17.56 0
      vertex 16.4294 17.3494 0.799999
      vertex 16.4294 17.3494 0
    endloop
  endfacet
  facet normal 0.831566 0.555426 0
    outer loop
      vertex 16.6513 16.9651 0.799999
      vertex 16.5278 17.15 0
      vertex 16.5278 17.15 0.799999
    endloop
  endfacet
  facet normal 0.831566 0.555426 0
    outer loop
      vertex 16.5278 17.15 0
      vertex 16.6513 16.9651 0.799999
      vertex 16.6513 16.9651 0
    endloop
  endfacet
  facet normal -0.195165 0.98077 0
    outer loop
      vertex 18.44 16.3579 0
      vertex 18.2219 16.3145 0.799999
      vertex 18.44 16.3579 0.799999
    endloop
  endfacet
  facet normal -0.195165 0.98077 0
    outer loop
      vertex 18.2219 16.3145 0.799999
      vertex 18.44 16.3579 0
      vertex 18.2219 16.3145 0
    endloop
  endfacet
  facet normal -0.896754 -0.44253 0
    outer loop
      vertex 19.5706 18.6506 0
      vertex 19.4722 18.85 0.799999
      vertex 19.4722 18.85 0
    endloop
  endfacet
  facet normal -0.896754 -0.44253 0
    outer loop
      vertex 19.4722 18.85 0.799999
      vertex 19.5706 18.6506 0
      vertex 19.5706 18.6506 0.799999
    endloop
  endfacet
  facet normal -0.946915 -0.321484 0
    outer loop
      vertex 19.6421 18.44 0
      vertex 19.5706 18.6506 0.799999
      vertex 19.5706 18.6506 0
    endloop
  endfacet
  facet normal -0.946915 -0.321484 0
    outer loop
      vertex 19.5706 18.6506 0.799999
      vertex 19.6421 18.44 0
      vertex 19.6421 18.44 0.799999
    endloop
  endfacet
  facet normal -0.98077 -0.195165 0
    outer loop
      vertex 19.6855 18.2219 0
      vertex 19.6421 18.44 0.799999
      vertex 19.6421 18.44 0
    endloop
  endfacet
  facet normal -0.98077 -0.195165 0
    outer loop
      vertex 19.6421 18.44 0.799999
      vertex 19.6855 18.2219 0
      vertex 19.6855 18.2219 0.799999
    endloop
  endfacet
  facet normal 0.98077 -0.195165 0
    outer loop
      vertex 16.3145 18.2219 0.799999
      vertex 16.3579 18.44 0
      vertex 16.3579 18.44 0.799999
    endloop
  endfacet
  facet normal 0.98077 -0.195165 0
    outer loop
      vertex 16.3579 18.44 0
      vertex 16.3145 18.2219 0.799999
      vertex 16.3145 18.2219 0
    endloop
  endfacet
  facet normal 0.321484 -0.946915 0
    outer loop
      vertex 17.3494 19.5706 0
      vertex 17.56 19.6421 0.799999
      vertex 17.3494 19.5706 0.799999
    endloop
  endfacet
  facet normal 0.321484 -0.946915 0
    outer loop
      vertex 17.56 19.6421 0.799999
      vertex 17.3494 19.5706 0
      vertex 17.56 19.6421 0
    endloop
  endfacet
  facet normal -0.0652057 0.997872 0
    outer loop
      vertex 18.2219 16.3145 0
      vertex 18 16.3 0.799999
      vertex 18.2219 16.3145 0.799999
    endloop
  endfacet
  facet normal -0.0652057 0.997872 0
    outer loop
      vertex 18 16.3 0.799999
      vertex 18.2219 16.3145 0
      vertex 18 16.3 0
    endloop
  endfacet
  facet normal 0.321484 0.946915 -0
    outer loop
      vertex 17.56 16.3579 0
      vertex 17.3494 16.4294 0.799999
      vertex 17.56 16.3579 0.799999
    endloop
  endfacet
  facet normal 0.321484 0.946915 0
    outer loop
      vertex 17.3494 16.4294 0.799999
      vertex 17.56 16.3579 0
      vertex 17.3494 16.4294 0
    endloop
  endfacet
  facet normal 0.896754 0.44253 0
    outer loop
      vertex 16.5278 17.15 0.799999
      vertex 16.4294 17.3494 0
      vertex 16.4294 17.3494 0.799999
    endloop
  endfacet
  facet normal 0.896754 0.44253 0
    outer loop
      vertex 16.4294 17.3494 0
      vertex 16.5278 17.15 0.799999
      vertex 16.5278 17.15 0
    endloop
  endfacet
  facet normal -0.659268 0.751908 0
    outer loop
      vertex 19.2021 16.7979 0
      vertex 19.0349 16.6513 0.799999
      vertex 19.2021 16.7979 0.799999
    endloop
  endfacet
  facet normal -0.659268 0.751908 0
    outer loop
      vertex 19.0349 16.6513 0.799999
      vertex 19.2021 16.7979 0
      vertex 19.0349 16.6513 0
    endloop
  endfacet
  facet normal -0.751908 0.659268 0
    outer loop
      vertex 19.2021 16.7979 0
      vertex 19.3487 16.9651 0.799999
      vertex 19.3487 16.9651 0
    endloop
  endfacet
  facet normal -0.751908 0.659268 0
    outer loop
      vertex 19.3487 16.9651 0.799999
      vertex 19.2021 16.7979 0
      vertex 19.2021 16.7979 0.799999
    endloop
  endfacet
  facet normal 0.555426 0.831566 -0
    outer loop
      vertex 17.15 16.5278 0
      vertex 16.9651 16.6513 0.799999
      vertex 17.15 16.5278 0.799999
    endloop
  endfacet
  facet normal 0.555426 0.831566 0
    outer loop
      vertex 16.9651 16.6513 0.799999
      vertex 17.15 16.5278 0
      vertex 16.9651 16.6513 0
    endloop
  endfacet
  facet normal 0.195165 0.98077 -0
    outer loop
      vertex 17.7781 16.3145 0
      vertex 17.56 16.3579 0.799999
      vertex 17.7781 16.3145 0.799999
    endloop
  endfacet
  facet normal 0.195165 0.98077 0
    outer loop
      vertex 17.56 16.3579 0.799999
      vertex 17.7781 16.3145 0
      vertex 17.56 16.3579 0
    endloop
  endfacet
  facet normal 0.44253 0.896754 -0
    outer loop
      vertex 17.3494 16.4294 0
      vertex 17.15 16.5278 0.799999
      vertex 17.3494 16.4294 0.799999
    endloop
  endfacet
  facet normal 0.44253 0.896754 0
    outer loop
      vertex 17.15 16.5278 0.799999
      vertex 17.3494 16.4294 0
      vertex 17.15 16.5278 0
    endloop
  endfacet
  facet normal 0.659268 0.751908 -0
    outer loop
      vertex 16.9651 16.6513 0
      vertex 16.7979 16.7979 0.799999
      vertex 16.9651 16.6513 0.799999
    endloop
  endfacet
  facet normal 0.659268 0.751908 0
    outer loop
      vertex 16.7979 16.7979 0.799999
      vertex 16.9651 16.6513 0
      vertex 16.7979 16.7979 0
    endloop
  endfacet
  facet normal 0.751908 0.659268 0
    outer loop
      vertex 16.7979 16.7979 0.799999
      vertex 16.6513 16.9651 0
      vertex 16.6513 16.9651 0.799999
    endloop
  endfacet
  facet normal 0.751908 0.659268 0
    outer loop
      vertex 16.6513 16.9651 0
      vertex 16.7979 16.7979 0.799999
      vertex 16.7979 16.7979 0
    endloop
  endfacet
  facet normal 0.0652057 0.997872 -0
    outer loop
      vertex 18 16.3 0
      vertex 17.7781 16.3145 0.799999
      vertex 18 16.3 0.799999
    endloop
  endfacet
  facet normal 0.0652057 0.997872 0
    outer loop
      vertex 17.7781 16.3145 0.799999
      vertex 18 16.3 0
      vertex 17.7781 16.3145 0
    endloop
  endfacet
  facet normal -0.553869 -0.832604 0
    outer loop
      vertex 18.85 202.672 0
      vertex 19.0349 202.549 0.799999
      vertex 18.85 202.672 0.799999
    endloop
  endfacet
  facet normal -0.553869 -0.832604 -0
    outer loop
      vertex 19.0349 202.549 0.799999
      vertex 18.85 202.672 0
      vertex 19.0349 202.549 0
    endloop
  endfacet
  facet normal 0.193434 0.981113 -0
    outer loop
      vertex 17.7781 199.515 0
      vertex 17.56 199.558 0.799999
      vertex 17.7781 199.515 0.799999
    endloop
  endfacet
  facet normal 0.193434 0.981113 0
    outer loop
      vertex 17.56 199.558 0.799999
      vertex 17.7781 199.515 0
      vertex 17.56 199.558 0
    endloop
  endfacet
  facet normal 0.444696 -0.895681 0
    outer loop
      vertex 17.15 202.672 0
      vertex 17.3494 202.771 0.799999
      vertex 17.15 202.672 0.799999
    endloop
  endfacet
  facet normal 0.444696 -0.895681 0
    outer loop
      vertex 17.3494 202.771 0.799999
      vertex 17.15 202.672 0
      vertex 17.3494 202.771 0
    endloop
  endfacet
  facet normal 0.947101 -0.320937 0
    outer loop
      vertex 16.3579 201.64 0.799999
      vertex 16.4294 201.851 0
      vertex 16.4294 201.851 0.799999
    endloop
  endfacet
  facet normal 0.947101 -0.320937 0
    outer loop
      vertex 16.4294 201.851 0
      vertex 16.3579 201.64 0.799999
      vertex 16.3579 201.64 0
    endloop
  endfacet
  facet normal 0.831704 0.555219 0
    outer loop
      vertex 16.6513 200.165 0.799999
      vertex 16.5278 200.35 0
      vertex 16.5278 200.35 0.799999
    endloop
  endfacet
  facet normal 0.831704 0.555219 0
    outer loop
      vertex 16.5278 200.35 0
      vertex 16.6513 200.165 0.799999
      vertex 16.6513 200.165 0
    endloop
  endfacet
  facet normal -0.980753 -0.195251 0
    outer loop
      vertex 19.6855 201.422 0
      vertex 19.6421 201.64 0.799999
      vertex 19.6421 201.64 0
    endloop
  endfacet
  facet normal -0.980753 -0.195251 0
    outer loop
      vertex 19.6421 201.64 0.799999
      vertex 19.6855 201.422 0
      vertex 19.6855 201.422 0.799999
    endloop
  endfacet
  facet normal -0.947101 -0.320937 0
    outer loop
      vertex 19.6421 201.64 0
      vertex 19.5706 201.851 0.799999
      vertex 19.5706 201.851 0
    endloop
  endfacet
  facet normal -0.947101 -0.320937 0
    outer loop
      vertex 19.5706 201.851 0.799999
      vertex 19.6421 201.64 0
      vertex 19.6421 201.64 0.799999
    endloop
  endfacet
  facet normal -0.831704 -0.555219 0
    outer loop
      vertex 19.4722 202.05 0
      vertex 19.3487 202.235 0.799999
      vertex 19.3487 202.235 0
    endloop
  endfacet
  facet normal -0.831704 -0.555219 0
    outer loop
      vertex 19.3487 202.235 0.799999
      vertex 19.4722 202.05 0
      vertex 19.4722 202.05 0.799999
    endloop
  endfacet
  facet normal -0.751516 -0.659714 0
    outer loop
      vertex 19.3487 202.235 0
      vertex 19.2021 202.402 0.799999
      vertex 19.2021 202.402 0
    endloop
  endfacet
  facet normal -0.751516 -0.659714 0
    outer loop
      vertex 19.2021 202.402 0.799999
      vertex 19.3487 202.235 0
      vertex 19.3487 202.235 0.799999
    endloop
  endfacet
  facet normal -0.444696 -0.895681 0
    outer loop
      vertex 18.6506 202.771 0
      vertex 18.85 202.672 0.799999
      vertex 18.6506 202.771 0.799999
    endloop
  endfacet
  facet normal -0.444696 -0.895681 -0
    outer loop
      vertex 18.85 202.672 0.799999
      vertex 18.6506 202.771 0
      vertex 18.85 202.672 0
    endloop
  endfacet
  facet normal -0.193434 -0.981113 0
    outer loop
      vertex 18.2219 202.885 0
      vertex 18.44 202.842 0.799999
      vertex 18.2219 202.885 0.799999
    endloop
  endfacet
  facet normal -0.193434 -0.981113 -0
    outer loop
      vertex 18.44 202.842 0.799999
      vertex 18.2219 202.885 0
      vertex 18.44 202.842 0
    endloop
  endfacet
  facet normal 0.997874 -0.0651764 0
    outer loop
      vertex 16.3 201.2 0.799999
      vertex 16.3145 201.422 0
      vertex 16.3145 201.422 0.799999
    endloop
  endfacet
  facet normal 0.997874 -0.0651764 0
    outer loop
      vertex 16.3145 201.422 0
      vertex 16.3 201.2 0.799999
      vertex 16.3 201.2 0
    endloop
  endfacet
  facet normal 0.831704 -0.555219 0
    outer loop
      vertex 16.5278 202.05 0.799999
      vertex 16.6513 202.235 0
      vertex 16.6513 202.235 0.799999
    endloop
  endfacet
  facet normal 0.831704 -0.555219 0
    outer loop
      vertex 16.6513 202.235 0
      vertex 16.5278 202.05 0.799999
      vertex 16.5278 202.05 0
    endloop
  endfacet
  facet normal 0.193434 -0.981113 0
    outer loop
      vertex 17.56 202.842 0
      vertex 17.7781 202.885 0.799999
      vertex 17.56 202.842 0.799999
    endloop
  endfacet
  facet normal 0.193434 -0.981113 0
    outer loop
      vertex 17.7781 202.885 0.799999
      vertex 17.56 202.842 0
      vertex 17.7781 202.885 0
    endloop
  endfacet
  facet normal 0.751516 -0.659714 0
    outer loop
      vertex 16.6513 202.235 0.799999
      vertex 16.7979 202.402 0
      vertex 16.7979 202.402 0.799999
    endloop
  endfacet
  facet normal 0.751516 -0.659714 0
    outer loop
      vertex 16.7979 202.402 0
      vertex 16.6513 202.235 0.799999
      vertex 16.6513 202.235 0
    endloop
  endfacet
  facet normal -0.997874 -0.0651764 0
    outer loop
      vertex 19.7 201.2 0
      vertex 19.6855 201.422 0.799999
      vertex 19.6855 201.422 0
    endloop
  endfacet
  facet normal -0.997874 -0.0651764 0
    outer loop
      vertex 19.6855 201.422 0.799999
      vertex 19.7 201.2 0
      vertex 19.7 201.2 0.799999
    endloop
  endfacet
  facet normal -0.193434 0.981113 0
    outer loop
      vertex 18.44 199.558 0
      vertex 18.2219 199.515 0.799999
      vertex 18.44 199.558 0.799999
    endloop
  endfacet
  facet normal -0.193434 0.981113 0
    outer loop
      vertex 18.2219 199.515 0.799999
      vertex 18.44 199.558 0
      vertex 18.2219 199.515 0
    endloop
  endfacet
  facet normal -0.831704 0.555219 0
    outer loop
      vertex 19.3487 200.165 0
      vertex 19.4722 200.35 0.799999
      vertex 19.4722 200.35 0
    endloop
  endfacet
  facet normal -0.831704 0.555219 0
    outer loop
      vertex 19.4722 200.35 0.799999
      vertex 19.3487 200.165 0
      vertex 19.3487 200.165 0.799999
    endloop
  endfacet
  facet normal -0.319466 0.947598 0
    outer loop
      vertex 18.6506 199.629 0
      vertex 18.44 199.558 0.799999
      vertex 18.6506 199.629 0.799999
    endloop
  endfacet
  facet normal -0.319466 0.947598 0
    outer loop
      vertex 18.44 199.558 0.799999
      vertex 18.6506 199.629 0
      vertex 18.44 199.558 0
    endloop
  endfacet
  facet normal -0.751516 0.659714 0
    outer loop
      vertex 19.2021 199.998 0
      vertex 19.3487 200.165 0.799999
      vertex 19.3487 200.165 0
    endloop
  endfacet
  facet normal -0.751516 0.659714 0
    outer loop
      vertex 19.3487 200.165 0.799999
      vertex 19.2021 199.998 0
      vertex 19.2021 199.998 0.799999
    endloop
  endfacet
  facet normal -0.553869 0.832604 0
    outer loop
      vertex 19.0349 199.851 0
      vertex 18.85 199.728 0.799999
      vertex 19.0349 199.851 0.799999
    endloop
  endfacet
  facet normal -0.553869 0.832604 0
    outer loop
      vertex 18.85 199.728 0.799999
      vertex 19.0349 199.851 0
      vertex 18.85 199.728 0
    endloop
  endfacet
  facet normal 0.319466 0.947598 -0
    outer loop
      vertex 17.56 199.558 0
      vertex 17.3494 199.629 0.799999
      vertex 17.56 199.558 0.799999
    endloop
  endfacet
  facet normal 0.319466 0.947598 0
    outer loop
      vertex 17.3494 199.629 0.799999
      vertex 17.56 199.558 0
      vertex 17.3494 199.629 0
    endloop
  endfacet
  facet normal 0.980753 0.195251 0
    outer loop
      vertex 16.3579 200.76 0.799999
      vertex 16.3145 200.978 0
      vertex 16.3145 200.978 0.799999
    endloop
  endfacet
  facet normal 0.980753 0.195251 0
    outer loop
      vertex 16.3145 200.978 0
      vertex 16.3579 200.76 0.799999
      vertex 16.3579 200.76 0
    endloop
  endfacet
  facet normal -0.8964 -0.443245 0
    outer loop
      vertex 19.5706 201.851 0
      vertex 19.4722 202.05 0.799999
      vertex 19.4722 202.05 0
    endloop
  endfacet
  facet normal -0.8964 -0.443245 0
    outer loop
      vertex 19.4722 202.05 0.799999
      vertex 19.5706 201.851 0
      vertex 19.5706 201.851 0.799999
    endloop
  endfacet
  facet normal -0.660284 -0.751016 0
    outer loop
      vertex 19.0349 202.549 0
      vertex 19.2021 202.402 0.799999
      vertex 19.0349 202.549 0.799999
    endloop
  endfacet
  facet normal -0.660284 -0.751016 -0
    outer loop
      vertex 19.2021 202.402 0.799999
      vertex 19.0349 202.549 0
      vertex 19.2021 202.402 0
    endloop
  endfacet
  facet normal 0.0674441 -0.997723 0
    outer loop
      vertex 17.7781 202.885 0
      vertex 18 202.9 0.799999
      vertex 17.7781 202.885 0.799999
    endloop
  endfacet
  facet normal 0.0674441 -0.997723 0
    outer loop
      vertex 18 202.9 0.799999
      vertex 17.7781 202.885 0
      vertex 18 202.9 0
    endloop
  endfacet
  facet normal -0.319466 -0.947598 0
    outer loop
      vertex 18.44 202.842 0
      vertex 18.6506 202.771 0.799999
      vertex 18.44 202.842 0.799999
    endloop
  endfacet
  facet normal -0.319466 -0.947598 -0
    outer loop
      vertex 18.6506 202.771 0.799999
      vertex 18.44 202.842 0
      vertex 18.6506 202.771 0
    endloop
  endfacet
  facet normal -0.0674441 -0.997723 0
    outer loop
      vertex 18 202.9 0
      vertex 18.2219 202.885 0.799999
      vertex 18 202.9 0.799999
    endloop
  endfacet
  facet normal -0.0674441 -0.997723 -0
    outer loop
      vertex 18.2219 202.885 0.799999
      vertex 18 202.9 0
      vertex 18.2219 202.885 0
    endloop
  endfacet
  facet normal 0.997874 0.0651764 0
    outer loop
      vertex 16.3145 200.978 0.799999
      vertex 16.3 201.2 0
      vertex 16.3 201.2 0.799999
    endloop
  endfacet
  facet normal 0.997874 0.0651764 0
    outer loop
      vertex 16.3 201.2 0
      vertex 16.3145 200.978 0.799999
      vertex 16.3145 200.978 0
    endloop
  endfacet
  facet normal 0.980753 -0.195251 0
    outer loop
      vertex 16.3145 201.422 0.799999
      vertex 16.3579 201.64 0
      vertex 16.3579 201.64 0.799999
    endloop
  endfacet
  facet normal 0.980753 -0.195251 0
    outer loop
      vertex 16.3579 201.64 0
      vertex 16.3145 201.422 0.799999
      vertex 16.3145 201.422 0
    endloop
  endfacet
  facet normal 0.8964 -0.443245 0
    outer loop
      vertex 16.4294 201.851 0.799999
      vertex 16.5278 202.05 0
      vertex 16.5278 202.05 0.799999
    endloop
  endfacet
  facet normal 0.8964 -0.443245 0
    outer loop
      vertex 16.5278 202.05 0
      vertex 16.4294 201.851 0.799999
      vertex 16.4294 201.851 0
    endloop
  endfacet
  facet normal 0.319466 -0.947598 0
    outer loop
      vertex 17.3494 202.771 0
      vertex 17.56 202.842 0.799999
      vertex 17.3494 202.771 0.799999
    endloop
  endfacet
  facet normal 0.319466 -0.947598 0
    outer loop
      vertex 17.56 202.842 0.799999
      vertex 17.3494 202.771 0
      vertex 17.56 202.842 0
    endloop
  endfacet
  facet normal 0.553869 -0.832604 0
    outer loop
      vertex 16.9651 202.549 0
      vertex 17.15 202.672 0.799999
      vertex 16.9651 202.549 0.799999
    endloop
  endfacet
  facet normal 0.553869 -0.832604 0
    outer loop
      vertex 17.15 202.672 0.799999
      vertex 16.9651 202.549 0
      vertex 17.15 202.672 0
    endloop
  endfacet
  facet normal 0.660284 -0.751016 0
    outer loop
      vertex 16.7979 202.402 0
      vertex 16.9651 202.549 0.799999
      vertex 16.7979 202.402 0.799999
    endloop
  endfacet
  facet normal 0.660284 -0.751016 0
    outer loop
      vertex 16.9651 202.549 0.799999
      vertex 16.7979 202.402 0
      vertex 16.9651 202.549 0
    endloop
  endfacet
  facet normal -0.997874 0.0651764 0
    outer loop
      vertex 19.6855 200.978 0
      vertex 19.7 201.2 0.799999
      vertex 19.7 201.2 0
    endloop
  endfacet
  facet normal -0.997874 0.0651764 0
    outer loop
      vertex 19.7 201.2 0.799999
      vertex 19.6855 200.978 0
      vertex 19.6855 200.978 0.799999
    endloop
  endfacet
  facet normal -0.980753 0.195251 0
    outer loop
      vertex 19.6421 200.76 0
      vertex 19.6855 200.978 0.799999
      vertex 19.6855 200.978 0
    endloop
  endfacet
  facet normal -0.980753 0.195251 0
    outer loop
      vertex 19.6855 200.978 0.799999
      vertex 19.6421 200.76 0
      vertex 19.6421 200.76 0.799999
    endloop
  endfacet
  facet normal -0.660284 0.751016 0
    outer loop
      vertex 19.2021 199.998 0
      vertex 19.0349 199.851 0.799999
      vertex 19.2021 199.998 0.799999
    endloop
  endfacet
  facet normal -0.660284 0.751016 0
    outer loop
      vertex 19.0349 199.851 0.799999
      vertex 19.2021 199.998 0
      vertex 19.0349 199.851 0
    endloop
  endfacet
  facet normal -0.947101 0.320937 0
    outer loop
      vertex 19.5706 200.549 0
      vertex 19.6421 200.76 0.799999
      vertex 19.6421 200.76 0
    endloop
  endfacet
  facet normal -0.947101 0.320937 0
    outer loop
      vertex 19.6421 200.76 0.799999
      vertex 19.5706 200.549 0
      vertex 19.5706 200.549 0.799999
    endloop
  endfacet
  facet normal 0.0674441 0.997723 -0
    outer loop
      vertex 18 199.5 0
      vertex 17.7781 199.515 0.799999
      vertex 18 199.5 0.799999
    endloop
  endfacet
  facet normal 0.0674441 0.997723 0
    outer loop
      vertex 17.7781 199.515 0.799999
      vertex 18 199.5 0
      vertex 17.7781 199.515 0
    endloop
  endfacet
  facet normal -0.0674441 0.997723 0
    outer loop
      vertex 18.2219 199.515 0
      vertex 18 199.5 0.799999
      vertex 18.2219 199.515 0.799999
    endloop
  endfacet
  facet normal -0.0674441 0.997723 0
    outer loop
      vertex 18 199.5 0.799999
      vertex 18.2219 199.515 0
      vertex 18 199.5 0
    endloop
  endfacet
  facet normal 0.553869 0.832604 -0
    outer loop
      vertex 17.15 199.728 0
      vertex 16.9651 199.851 0.799999
      vertex 17.15 199.728 0.799999
    endloop
  endfacet
  facet normal 0.553869 0.832604 0
    outer loop
      vertex 16.9651 199.851 0.799999
      vertex 17.15 199.728 0
      vertex 16.9651 199.851 0
    endloop
  endfacet
  facet normal 0.947101 0.320937 0
    outer loop
      vertex 16.4294 200.549 0.799999
      vertex 16.3579 200.76 0
      vertex 16.3579 200.76 0.799999
    endloop
  endfacet
  facet normal 0.947101 0.320937 0
    outer loop
      vertex 16.3579 200.76 0
      vertex 16.4294 200.549 0.799999
      vertex 16.4294 200.549 0
    endloop
  endfacet
  facet normal 0.751516 0.659714 0
    outer loop
      vertex 16.7979 199.998 0.799999
      vertex 16.6513 200.165 0
      vertex 16.6513 200.165 0.799999
    endloop
  endfacet
  facet normal 0.751516 0.659714 0
    outer loop
      vertex 16.6513 200.165 0
      vertex 16.7979 199.998 0.799999
      vertex 16.7979 199.998 0
    endloop
  endfacet
  facet normal 0.660284 0.751016 -0
    outer loop
      vertex 16.9651 199.851 0
      vertex 16.7979 199.998 0.799999
      vertex 16.9651 199.851 0.799999
    endloop
  endfacet
  facet normal 0.660284 0.751016 0
    outer loop
      vertex 16.7979 199.998 0.799999
      vertex 16.9651 199.851 0
      vertex 16.7979 199.998 0
    endloop
  endfacet
  facet normal -0.444696 0.895681 0
    outer loop
      vertex 18.85 199.728 0
      vertex 18.6506 199.629 0.799999
      vertex 18.85 199.728 0.799999
    endloop
  endfacet
  facet normal -0.444696 0.895681 0
    outer loop
      vertex 18.6506 199.629 0.799999
      vertex 18.85 199.728 0
      vertex 18.6506 199.629 0
    endloop
  endfacet
  facet normal -0.8964 0.443245 0
    outer loop
      vertex 19.4722 200.35 0
      vertex 19.5706 200.549 0.799999
      vertex 19.5706 200.549 0
    endloop
  endfacet
  facet normal -0.8964 0.443245 0
    outer loop
      vertex 19.5706 200.549 0.799999
      vertex 19.4722 200.35 0
      vertex 19.4722 200.35 0.799999
    endloop
  endfacet
  facet normal 0.444696 0.895681 -0
    outer loop
      vertex 17.3494 199.629 0
      vertex 17.15 199.728 0.799999
      vertex 17.3494 199.629 0.799999
    endloop
  endfacet
  facet normal 0.444696 0.895681 0
    outer loop
      vertex 17.15 199.728 0.799999
      vertex 17.3494 199.629 0
      vertex 17.15 199.728 0
    endloop
  endfacet
  facet normal 0.8964 0.443245 0
    outer loop
      vertex 16.5278 200.35 0.799999
      vertex 16.4294 200.549 0
      vertex 16.4294 200.549 0.799999
    endloop
  endfacet
  facet normal 0.8964 0.443245 0
    outer loop
      vertex 16.4294 200.549 0
      vertex 16.5278 200.35 0.799999
      vertex 16.5278 200.35 0
    endloop
  endfacet
  facet normal -0.997723 -0.0674441 0
    outer loop
      vertex 202.9 18 0
      vertex 202.885 18.2219 0.799999
      vertex 202.885 18.2219 0
    endloop
  endfacet
  facet normal -0.997723 -0.0674441 0
    outer loop
      vertex 202.885 18.2219 0.799999
      vertex 202.9 18 0
      vertex 202.9 18 0.799999
    endloop
  endfacet
  facet normal 0.0651764 -0.997874 0
    outer loop
      vertex 200.978 19.6855 0
      vertex 201.2 19.7 0.799999
      vertex 200.978 19.6855 0.799999
    endloop
  endfacet
  facet normal 0.0651764 -0.997874 0
    outer loop
      vertex 201.2 19.7 0.799999
      vertex 200.978 19.6855 0
      vertex 201.2 19.7 0
    endloop
  endfacet
  facet normal -0.659714 -0.751516 0
    outer loop
      vertex 202.235 19.3487 0
      vertex 202.402 19.2021 0.799999
      vertex 202.235 19.3487 0.799999
    endloop
  endfacet
  facet normal -0.659714 -0.751516 -0
    outer loop
      vertex 202.402 19.2021 0.799999
      vertex 202.235 19.3487 0
      vertex 202.402 19.2021 0
    endloop
  endfacet
  facet normal 0.751016 -0.660284 0
    outer loop
      vertex 199.851 19.0349 0.799999
      vertex 199.998 19.2021 0
      vertex 199.998 19.2021 0.799999
    endloop
  endfacet
  facet normal 0.751016 -0.660284 0
    outer loop
      vertex 199.998 19.2021 0
      vertex 199.851 19.0349 0.799999
      vertex 199.851 19.0349 0
    endloop
  endfacet
  facet normal 0.443245 -0.8964 0
    outer loop
      vertex 200.35 19.4722 0
      vertex 200.549 19.5706 0.799999
      vertex 200.35 19.4722 0.799999
    endloop
  endfacet
  facet normal 0.443245 -0.8964 0
    outer loop
      vertex 200.549 19.5706 0.799999
      vertex 200.35 19.4722 0
      vertex 200.549 19.5706 0
    endloop
  endfacet
  facet normal -0.895681 -0.444696 0
    outer loop
      vertex 202.771 18.6506 0
      vertex 202.672 18.85 0.799999
      vertex 202.672 18.85 0
    endloop
  endfacet
  facet normal -0.895681 -0.444696 0
    outer loop
      vertex 202.672 18.85 0.799999
      vertex 202.771 18.6506 0
      vertex 202.771 18.6506 0.799999
    endloop
  endfacet
  facet normal -0.981113 -0.193434 0
    outer loop
      vertex 202.885 18.2219 0
      vertex 202.842 18.44 0.799999
      vertex 202.842 18.44 0
    endloop
  endfacet
  facet normal -0.981113 -0.193434 0
    outer loop
      vertex 202.842 18.44 0.799999
      vertex 202.885 18.2219 0
      vertex 202.885 18.2219 0.799999
    endloop
  endfacet
  facet normal -0.320937 -0.947101 0
    outer loop
      vertex 201.64 19.6421 0
      vertex 201.851 19.5706 0.799999
      vertex 201.64 19.6421 0.799999
    endloop
  endfacet
  facet normal -0.320937 -0.947101 -0
    outer loop
      vertex 201.851 19.5706 0.799999
      vertex 201.64 19.6421 0
      vertex 201.851 19.5706 0
    endloop
  endfacet
  facet normal -0.555219 -0.831704 0
    outer loop
      vertex 202.05 19.4722 0
      vertex 202.235 19.3487 0.799999
      vertex 202.05 19.4722 0.799999
    endloop
  endfacet
  facet normal -0.555219 -0.831704 -0
    outer loop
      vertex 202.235 19.3487 0.799999
      vertex 202.05 19.4722 0
      vertex 202.235 19.3487 0
    endloop
  endfacet
  facet normal 0.947598 -0.319466 0
    outer loop
      vertex 199.558 18.44 0.799999
      vertex 199.629 18.6506 0
      vertex 199.629 18.6506 0.799999
    endloop
  endfacet
  facet normal 0.947598 -0.319466 0
    outer loop
      vertex 199.629 18.6506 0
      vertex 199.558 18.44 0.799999
      vertex 199.558 18.44 0
    endloop
  endfacet
  facet normal 0.895681 -0.444696 0
    outer loop
      vertex 199.629 18.6506 0.799999
      vertex 199.728 18.85 0
      vertex 199.728 18.85 0.799999
    endloop
  endfacet
  facet normal 0.895681 -0.444696 0
    outer loop
      vertex 199.728 18.85 0
      vertex 199.629 18.6506 0.799999
      vertex 199.629 18.6506 0
    endloop
  endfacet
  facet normal 0.997723 -0.0674441 0
    outer loop
      vertex 199.5 18 0.799999
      vertex 199.515 18.2219 0
      vertex 199.515 18.2219 0.799999
    endloop
  endfacet
  facet normal 0.997723 -0.0674441 0
    outer loop
      vertex 199.515 18.2219 0
      vertex 199.5 18 0.799999
      vertex 199.5 18 0
    endloop
  endfacet
  facet normal 0.555219 -0.831704 0
    outer loop
      vertex 200.165 19.3487 0
      vertex 200.35 19.4722 0.799999
      vertex 200.165 19.3487 0.799999
    endloop
  endfacet
  facet normal 0.555219 -0.831704 0
    outer loop
      vertex 200.35 19.4722 0.799999
      vertex 200.165 19.3487 0
      vertex 200.35 19.4722 0
    endloop
  endfacet
  facet normal 0.195251 -0.980753 0
    outer loop
      vertex 200.76 19.6421 0
      vertex 200.978 19.6855 0.799999
      vertex 200.76 19.6421 0.799999
    endloop
  endfacet
  facet normal 0.195251 -0.980753 0
    outer loop
      vertex 200.978 19.6855 0.799999
      vertex 200.76 19.6421 0
      vertex 200.978 19.6855 0
    endloop
  endfacet
  facet normal -0.195251 0.980753 0
    outer loop
      vertex 201.64 16.3579 0
      vertex 201.422 16.3145 0.799999
      vertex 201.64 16.3579 0.799999
    endloop
  endfacet
  facet normal -0.195251 0.980753 0
    outer loop
      vertex 201.422 16.3145 0.799999
      vertex 201.64 16.3579 0
      vertex 201.422 16.3145 0
    endloop
  endfacet
  facet normal -0.947598 -0.319466 0
    outer loop
      vertex 202.842 18.44 0
      vertex 202.771 18.6506 0.799999
      vertex 202.771 18.6506 0
    endloop
  endfacet
  facet normal -0.947598 -0.319466 0
    outer loop
      vertex 202.771 18.6506 0.799999
      vertex 202.842 18.44 0
      vertex 202.842 18.44 0.799999
    endloop
  endfacet
  facet normal -0.751016 -0.660284 0
    outer loop
      vertex 202.549 19.0349 0
      vertex 202.402 19.2021 0.799999
      vertex 202.402 19.2021 0
    endloop
  endfacet
  facet normal -0.751016 -0.660284 0
    outer loop
      vertex 202.402 19.2021 0.799999
      vertex 202.549 19.0349 0
      vertex 202.549 19.0349 0.799999
    endloop
  endfacet
  facet normal -0.832604 -0.553869 0
    outer loop
      vertex 202.672 18.85 0
      vertex 202.549 19.0349 0.799999
      vertex 202.549 19.0349 0
    endloop
  endfacet
  facet normal -0.832604 -0.553869 0
    outer loop
      vertex 202.549 19.0349 0.799999
      vertex 202.672 18.85 0
      vertex 202.672 18.85 0.799999
    endloop
  endfacet
  facet normal -0.195251 -0.980753 0
    outer loop
      vertex 201.422 19.6855 0
      vertex 201.64 19.6421 0.799999
      vertex 201.422 19.6855 0.799999
    endloop
  endfacet
  facet normal -0.195251 -0.980753 -0
    outer loop
      vertex 201.64 19.6421 0.799999
      vertex 201.422 19.6855 0
      vertex 201.64 19.6421 0
    endloop
  endfacet
  facet normal -0.0651764 -0.997874 0
    outer loop
      vertex 201.2 19.7 0
      vertex 201.422 19.6855 0.799999
      vertex 201.2 19.7 0.799999
    endloop
  endfacet
  facet normal -0.0651764 -0.997874 -0
    outer loop
      vertex 201.422 19.6855 0.799999
      vertex 201.2 19.7 0
      vertex 201.422 19.6855 0
    endloop
  endfacet
  facet normal -0.443245 -0.8964 0
    outer loop
      vertex 201.851 19.5706 0
      vertex 202.05 19.4722 0.799999
      vertex 201.851 19.5706 0.799999
    endloop
  endfacet
  facet normal -0.443245 -0.8964 -0
    outer loop
      vertex 202.05 19.4722 0.799999
      vertex 201.851 19.5706 0
      vertex 202.05 19.4722 0
    endloop
  endfacet
  facet normal 0.832604 -0.553869 0
    outer loop
      vertex 199.728 18.85 0.799999
      vertex 199.851 19.0349 0
      vertex 199.851 19.0349 0.799999
    endloop
  endfacet
  facet normal 0.832604 -0.553869 0
    outer loop
      vertex 199.851 19.0349 0
      vertex 199.728 18.85 0.799999
      vertex 199.728 18.85 0
    endloop
  endfacet
  facet normal 0.997723 0.0674441 0
    outer loop
      vertex 199.515 17.7781 0.799999
      vertex 199.5 18 0
      vertex 199.5 18 0.799999
    endloop
  endfacet
  facet normal 0.997723 0.0674441 0
    outer loop
      vertex 199.5 18 0
      vertex 199.515 17.7781 0.799999
      vertex 199.515 17.7781 0
    endloop
  endfacet
  facet normal 0.981113 -0.193434 0
    outer loop
      vertex 199.515 18.2219 0.799999
      vertex 199.558 18.44 0
      vertex 199.558 18.44 0.799999
    endloop
  endfacet
  facet normal 0.981113 -0.193434 0
    outer loop
      vertex 199.558 18.44 0
      vertex 199.515 18.2219 0.799999
      vertex 199.515 18.2219 0
    endloop
  endfacet
  facet normal 0.659714 -0.751516 0
    outer loop
      vertex 199.998 19.2021 0
      vertex 200.165 19.3487 0.799999
      vertex 199.998 19.2021 0.799999
    endloop
  endfacet
  facet normal 0.659714 -0.751516 0
    outer loop
      vertex 200.165 19.3487 0.799999
      vertex 199.998 19.2021 0
      vertex 200.165 19.3487 0
    endloop
  endfacet
  facet normal 0.320937 -0.947101 0
    outer loop
      vertex 200.549 19.5706 0
      vertex 200.76 19.6421 0.799999
      vertex 200.549 19.5706 0.799999
    endloop
  endfacet
  facet normal 0.320937 -0.947101 0
    outer loop
      vertex 200.76 19.6421 0.799999
      vertex 200.549 19.5706 0
      vertex 200.76 19.6421 0
    endloop
  endfacet
  facet normal -0.981113 0.193434 0
    outer loop
      vertex 202.842 17.56 0
      vertex 202.885 17.7781 0.799999
      vertex 202.885 17.7781 0
    endloop
  endfacet
  facet normal -0.981113 0.193434 0
    outer loop
      vertex 202.885 17.7781 0.799999
      vertex 202.842 17.56 0
      vertex 202.842 17.56 0.799999
    endloop
  endfacet
  facet normal -0.997723 0.0674441 0
    outer loop
      vertex 202.885 17.7781 0
      vertex 202.9 18 0.799999
      vertex 202.9 18 0
    endloop
  endfacet
  facet normal -0.997723 0.0674441 0
    outer loop
      vertex 202.9 18 0.799999
      vertex 202.885 17.7781 0
      vertex 202.885 17.7781 0.799999
    endloop
  endfacet
  facet normal -0.555219 0.831704 0
    outer loop
      vertex 202.235 16.6513 0
      vertex 202.05 16.5278 0.799999
      vertex 202.235 16.6513 0.799999
    endloop
  endfacet
  facet normal -0.555219 0.831704 0
    outer loop
      vertex 202.05 16.5278 0.799999
      vertex 202.235 16.6513 0
      vertex 202.05 16.5278 0
    endloop
  endfacet
  facet normal 0.751016 0.660284 0
    outer loop
      vertex 199.998 16.7979 0.799999
      vertex 199.851 16.9651 0
      vertex 199.851 16.9651 0.799999
    endloop
  endfacet
  facet normal 0.751016 0.660284 0
    outer loop
      vertex 199.851 16.9651 0
      vertex 199.998 16.7979 0.799999
      vertex 199.998 16.7979 0
    endloop
  endfacet
  facet normal 0.832604 0.553869 0
    outer loop
      vertex 199.851 16.9651 0.799999
      vertex 199.728 17.15 0
      vertex 199.728 17.15 0.799999
    endloop
  endfacet
  facet normal 0.832604 0.553869 0
    outer loop
      vertex 199.728 17.15 0
      vertex 199.851 16.9651 0.799999
      vertex 199.851 16.9651 0
    endloop
  endfacet
  facet normal 0.981113 0.193434 0
    outer loop
      vertex 199.558 17.56 0.799999
      vertex 199.515 17.7781 0
      vertex 199.515 17.7781 0.799999
    endloop
  endfacet
  facet normal 0.981113 0.193434 0
    outer loop
      vertex 199.515 17.7781 0
      vertex 199.558 17.56 0.799999
      vertex 199.558 17.56 0
    endloop
  endfacet
  facet normal 0.895681 0.444696 0
    outer loop
      vertex 199.728 17.15 0.799999
      vertex 199.629 17.3494 0
      vertex 199.629 17.3494 0.799999
    endloop
  endfacet
  facet normal 0.895681 0.444696 0
    outer loop
      vertex 199.629 17.3494 0
      vertex 199.728 17.15 0.799999
      vertex 199.728 17.15 0
    endloop
  endfacet
  facet normal -0.443245 0.8964 0
    outer loop
      vertex 202.05 16.5278 0
      vertex 201.851 16.4294 0.799999
      vertex 202.05 16.5278 0.799999
    endloop
  endfacet
  facet normal -0.443245 0.8964 0
    outer loop
      vertex 201.851 16.4294 0.799999
      vertex 202.05 16.5278 0
      vertex 201.851 16.4294 0
    endloop
  endfacet
  facet normal -0.320937 0.947101 0
    outer loop
      vertex 201.851 16.4294 0
      vertex 201.64 16.3579 0.799999
      vertex 201.851 16.4294 0.799999
    endloop
  endfacet
  facet normal -0.320937 0.947101 0
    outer loop
      vertex 201.64 16.3579 0.799999
      vertex 201.851 16.4294 0
      vertex 201.64 16.3579 0
    endloop
  endfacet
  facet normal -0.947598 0.319466 0
    outer loop
      vertex 202.771 17.3494 0
      vertex 202.842 17.56 0.799999
      vertex 202.842 17.56 0
    endloop
  endfacet
  facet normal -0.947598 0.319466 0
    outer loop
      vertex 202.842 17.56 0.799999
      vertex 202.771 17.3494 0
      vertex 202.771 17.3494 0.799999
    endloop
  endfacet
  facet normal -0.832604 0.553869 0
    outer loop
      vertex 202.549 16.9651 0
      vertex 202.672 17.15 0.799999
      vertex 202.672 17.15 0
    endloop
  endfacet
  facet normal -0.832604 0.553869 0
    outer loop
      vertex 202.672 17.15 0.799999
      vertex 202.549 16.9651 0
      vertex 202.549 16.9651 0.799999
    endloop
  endfacet
  facet normal -0.659714 0.751516 0
    outer loop
      vertex 202.402 16.7979 0
      vertex 202.235 16.6513 0.799999
      vertex 202.402 16.7979 0.799999
    endloop
  endfacet
  facet normal -0.659714 0.751516 0
    outer loop
      vertex 202.235 16.6513 0.799999
      vertex 202.402 16.7979 0
      vertex 202.235 16.6513 0
    endloop
  endfacet
  facet normal -0.895681 0.444696 0
    outer loop
      vertex 202.672 17.15 0
      vertex 202.771 17.3494 0.799999
      vertex 202.771 17.3494 0
    endloop
  endfacet
  facet normal -0.895681 0.444696 0
    outer loop
      vertex 202.771 17.3494 0.799999
      vertex 202.672 17.15 0
      vertex 202.672 17.15 0.799999
    endloop
  endfacet
  facet normal -0.0651764 0.997874 0
    outer loop
      vertex 201.422 16.3145 0
      vertex 201.2 16.3 0.799999
      vertex 201.422 16.3145 0.799999
    endloop
  endfacet
  facet normal -0.0651764 0.997874 0
    outer loop
      vertex 201.2 16.3 0.799999
      vertex 201.422 16.3145 0
      vertex 201.2 16.3 0
    endloop
  endfacet
  facet normal 0.947598 0.319466 0
    outer loop
      vertex 199.629 17.3494 0.799999
      vertex 199.558 17.56 0
      vertex 199.558 17.56 0.799999
    endloop
  endfacet
  facet normal 0.947598 0.319466 0
    outer loop
      vertex 199.558 17.56 0
      vertex 199.629 17.3494 0.799999
      vertex 199.629 17.3494 0
    endloop
  endfacet
  facet normal 0.195251 0.980753 -0
    outer loop
      vertex 200.978 16.3145 0
      vertex 200.76 16.3579 0.799999
      vertex 200.978 16.3145 0.799999
    endloop
  endfacet
  facet normal 0.195251 0.980753 0
    outer loop
      vertex 200.76 16.3579 0.799999
      vertex 200.978 16.3145 0
      vertex 200.76 16.3579 0
    endloop
  endfacet
  facet normal 0.320937 0.947101 -0
    outer loop
      vertex 200.76 16.3579 0
      vertex 200.549 16.4294 0.799999
      vertex 200.76 16.3579 0.799999
    endloop
  endfacet
  facet normal 0.320937 0.947101 0
    outer loop
      vertex 200.549 16.4294 0.799999
      vertex 200.76 16.3579 0
      vertex 200.549 16.4294 0
    endloop
  endfacet
  facet normal 0.555219 0.831704 -0
    outer loop
      vertex 200.35 16.5278 0
      vertex 200.165 16.6513 0.799999
      vertex 200.35 16.5278 0.799999
    endloop
  endfacet
  facet normal 0.555219 0.831704 0
    outer loop
      vertex 200.165 16.6513 0.799999
      vertex 200.35 16.5278 0
      vertex 200.165 16.6513 0
    endloop
  endfacet
  facet normal 0.659714 0.751516 -0
    outer loop
      vertex 200.165 16.6513 0
      vertex 199.998 16.7979 0.799999
      vertex 200.165 16.6513 0.799999
    endloop
  endfacet
  facet normal 0.659714 0.751516 0
    outer loop
      vertex 199.998 16.7979 0.799999
      vertex 200.165 16.6513 0
      vertex 199.998 16.7979 0
    endloop
  endfacet
  facet normal -0.751016 0.660284 0
    outer loop
      vertex 202.402 16.7979 0
      vertex 202.549 16.9651 0.799999
      vertex 202.549 16.9651 0
    endloop
  endfacet
  facet normal -0.751016 0.660284 0
    outer loop
      vertex 202.549 16.9651 0.799999
      vertex 202.402 16.7979 0
      vertex 202.402 16.7979 0.799999
    endloop
  endfacet
  facet normal 0.0651764 0.997874 -0
    outer loop
      vertex 201.2 16.3 0
      vertex 200.978 16.3145 0.799999
      vertex 201.2 16.3 0.799999
    endloop
  endfacet
  facet normal 0.0651764 0.997874 0
    outer loop
      vertex 200.978 16.3145 0.799999
      vertex 201.2 16.3 0
      vertex 200.978 16.3145 0
    endloop
  endfacet
  facet normal 0.443245 0.8964 -0
    outer loop
      vertex 200.549 16.4294 0
      vertex 200.35 16.5278 0.799999
      vertex 200.549 16.4294 0.799999
    endloop
  endfacet
  facet normal 0.443245 0.8964 0
    outer loop
      vertex 200.35 16.5278 0.799999
      vertex 200.549 16.4294 0
      vertex 200.35 16.5278 0
    endloop
  endfacet
  facet normal -0.553661 -0.832742 0
    outer loop
      vertex 202.05 202.672 0
      vertex 202.235 202.549 0.799999
      vertex 202.05 202.672 0.799999
    endloop
  endfacet
  facet normal -0.553661 -0.832742 -0
    outer loop
      vertex 202.235 202.549 0.799999
      vertex 202.05 202.672 0
      vertex 202.235 202.549 0
    endloop
  endfacet
  facet normal -0.981097 0.193519 0
    outer loop
      vertex 202.842 200.76 0
      vertex 202.885 200.978 0.799999
      vertex 202.885 200.978 0
    endloop
  endfacet
  facet normal -0.981097 0.193519 0
    outer loop
      vertex 202.885 200.978 0.799999
      vertex 202.842 200.76 0
      vertex 202.842 200.76 0.799999
    endloop
  endfacet
  facet normal 0.193519 0.981097 -0
    outer loop
      vertex 200.978 199.515 0
      vertex 200.76 199.558 0.799999
      vertex 200.978 199.515 0.799999
    endloop
  endfacet
  facet normal 0.193519 0.981097 0
    outer loop
      vertex 200.76 199.558 0.799999
      vertex 200.978 199.515 0
      vertex 200.76 199.558 0
    endloop
  endfacet
  facet normal 0.445413 -0.895325 0
    outer loop
      vertex 200.35 202.672 0
      vertex 200.549 202.771 0.799999
      vertex 200.35 202.672 0.799999
    endloop
  endfacet
  facet normal 0.445413 -0.895325 0
    outer loop
      vertex 200.549 202.771 0.799999
      vertex 200.35 202.672 0
      vertex 200.549 202.771 0
    endloop
  endfacet
  facet normal 0.947781 -0.318922 0
    outer loop
      vertex 199.558 201.64 0.799999
      vertex 199.629 201.851 0
      vertex 199.629 201.851 0.799999
    endloop
  endfacet
  facet normal 0.947781 -0.318922 0
    outer loop
      vertex 199.629 201.851 0
      vertex 199.558 201.64 0.799999
      vertex 199.558 201.64 0
    endloop
  endfacet
  facet normal -0.895325 -0.445413 0
    outer loop
      vertex 202.771 201.851 0
      vertex 202.672 202.05 0.799999
      vertex 202.672 202.05 0
    endloop
  endfacet
  facet normal -0.895325 -0.445413 0
    outer loop
      vertex 202.672 202.05 0.799999
      vertex 202.771 201.851 0
      vertex 202.771 201.851 0.799999
    endloop
  endfacet
  facet normal -0.981097 -0.193519 0
    outer loop
      vertex 202.885 201.422 0
      vertex 202.842 201.64 0.799999
      vertex 202.842 201.64 0
    endloop
  endfacet
  facet normal -0.981097 -0.193519 0
    outer loop
      vertex 202.842 201.64 0.799999
      vertex 202.885 201.422 0
      vertex 202.885 201.422 0.799999
    endloop
  endfacet
  facet normal -0.832742 -0.553661 0
    outer loop
      vertex 202.672 202.05 0
      vertex 202.549 202.235 0.799999
      vertex 202.549 202.235 0
    endloop
  endfacet
  facet normal -0.832742 -0.553661 0
    outer loop
      vertex 202.549 202.235 0.799999
      vertex 202.672 202.05 0
      vertex 202.672 202.05 0.799999
    endloop
  endfacet
  facet normal -0.660729 -0.750624 0
    outer loop
      vertex 202.235 202.549 0
      vertex 202.402 202.402 0.799999
      vertex 202.235 202.549 0.799999
    endloop
  endfacet
  facet normal -0.660729 -0.750624 -0
    outer loop
      vertex 202.402 202.402 0.799999
      vertex 202.235 202.549 0
      vertex 202.402 202.402 0
    endloop
  endfacet
  facet normal -0.318922 -0.947781 0
    outer loop
      vertex 201.64 202.842 0
      vertex 201.851 202.771 0.799999
      vertex 201.64 202.842 0.799999
    endloop
  endfacet
  facet normal -0.318922 -0.947781 -0
    outer loop
      vertex 201.851 202.771 0.799999
      vertex 201.64 202.842 0
      vertex 201.851 202.771 0
    endloop
  endfacet
  facet normal -0.0674139 -0.997725 0
    outer loop
      vertex 201.2 202.9 0
      vertex 201.422 202.885 0.799999
      vertex 201.2 202.9 0.799999
    endloop
  endfacet
  facet normal -0.0674139 -0.997725 -0
    outer loop
      vertex 201.422 202.885 0.799999
      vertex 201.2 202.9 0
      vertex 201.422 202.885 0
    endloop
  endfacet
  facet normal 0.997725 0.0674139 0
    outer loop
      vertex 199.515 200.978 0.799999
      vertex 199.5 201.2 0
      vertex 199.5 201.2 0.799999
    endloop
  endfacet
  facet normal 0.997725 0.0674139 0
    outer loop
      vertex 199.5 201.2 0
      vertex 199.515 200.978 0.799999
      vertex 199.515 200.978 0
    endloop
  endfacet
  facet normal 0.832742 -0.553661 0
    outer loop
      vertex 199.728 202.05 0.799999
      vertex 199.851 202.235 0
      vertex 199.851 202.235 0.799999
    endloop
  endfacet
  facet normal 0.832742 -0.553661 0
    outer loop
      vertex 199.851 202.235 0
      vertex 199.728 202.05 0.799999
      vertex 199.728 202.05 0
    endloop
  endfacet
  facet normal 0.193519 -0.981097 0
    outer loop
      vertex 200.76 202.842 0
      vertex 200.978 202.885 0.799999
      vertex 200.76 202.842 0.799999
    endloop
  endfacet
  facet normal 0.193519 -0.981097 0
    outer loop
      vertex 200.978 202.885 0.799999
      vertex 200.76 202.842 0
      vertex 200.978 202.885 0
    endloop
  endfacet
  facet normal 0.750624 -0.660729 0
    outer loop
      vertex 199.851 202.235 0.799999
      vertex 199.998 202.402 0
      vertex 199.998 202.402 0.799999
    endloop
  endfacet
  facet normal 0.750624 -0.660729 0
    outer loop
      vertex 199.998 202.402 0
      vertex 199.851 202.235 0.799999
      vertex 199.851 202.235 0
    endloop
  endfacet
  facet normal -0.997725 0.0674139 0
    outer loop
      vertex 202.885 200.978 0
      vertex 202.9 201.2 0.799999
      vertex 202.9 201.2 0
    endloop
  endfacet
  facet normal -0.997725 0.0674139 0
    outer loop
      vertex 202.9 201.2 0.799999
      vertex 202.885 200.978 0
      vertex 202.885 200.978 0.799999
    endloop
  endfacet
  facet normal -0.193519 0.981097 0
    outer loop
      vertex 201.64 199.558 0
      vertex 201.422 199.515 0.799999
      vertex 201.64 199.558 0.799999
    endloop
  endfacet
  facet normal -0.193519 0.981097 0
    outer loop
      vertex 201.422 199.515 0.799999
      vertex 201.64 199.558 0
      vertex 201.422 199.515 0
    endloop
  endfacet
  facet normal -0.832742 0.553661 0
    outer loop
      vertex 202.549 200.165 0
      vertex 202.672 200.35 0.799999
      vertex 202.672 200.35 0
    endloop
  endfacet
  facet normal -0.832742 0.553661 0
    outer loop
      vertex 202.672 200.35 0.799999
      vertex 202.549 200.165 0
      vertex 202.549 200.165 0.799999
    endloop
  endfacet
  facet normal 0.0674139 0.997725 -0
    outer loop
      vertex 201.2 199.5 0
      vertex 200.978 199.515 0.799999
      vertex 201.2 199.5 0.799999
    endloop
  endfacet
  facet normal 0.0674139 0.997725 0
    outer loop
      vertex 200.978 199.515 0.799999
      vertex 201.2 199.5 0
      vertex 200.978 199.515 0
    endloop
  endfacet
  facet normal 0.553661 0.832742 -0
    outer loop
      vertex 200.35 199.728 0
      vertex 200.165 199.851 0.799999
      vertex 200.35 199.728 0.799999
    endloop
  endfacet
  facet normal 0.553661 0.832742 0
    outer loop
      vertex 200.165 199.851 0.799999
      vertex 200.35 199.728 0
      vertex 200.165 199.851 0
    endloop
  endfacet
  facet normal 0.981097 0.193519 0
    outer loop
      vertex 199.558 200.76 0.799999
      vertex 199.515 200.978 0
      vertex 199.515 200.978 0.799999
    endloop
  endfacet
  facet normal 0.981097 0.193519 0
    outer loop
      vertex 199.515 200.978 0
      vertex 199.558 200.76 0.799999
      vertex 199.558 200.76 0
    endloop
  endfacet
  facet normal -0.947781 -0.318922 0
    outer loop
      vertex 202.842 201.64 0
      vertex 202.771 201.851 0.799999
      vertex 202.771 201.851 0
    endloop
  endfacet
  facet normal -0.947781 -0.318922 0
    outer loop
      vertex 202.771 201.851 0.799999
      vertex 202.842 201.64 0
      vertex 202.842 201.64 0.799999
    endloop
  endfacet
  facet normal -0.750624 -0.660729 0
    outer loop
      vertex 202.549 202.235 0
      vertex 202.402 202.402 0.799999
      vertex 202.402 202.402 0
    endloop
  endfacet
  facet normal -0.750624 -0.660729 0
    outer loop
      vertex 202.402 202.402 0.799999
      vertex 202.549 202.235 0
      vertex 202.549 202.235 0.799999
    endloop
  endfacet
  facet normal 0.0674139 -0.997725 0
    outer loop
      vertex 200.978 202.885 0
      vertex 201.2 202.9 0.799999
      vertex 200.978 202.885 0.799999
    endloop
  endfacet
  facet normal 0.0674139 -0.997725 0
    outer loop
      vertex 201.2 202.9 0.799999
      vertex 200.978 202.885 0
      vertex 201.2 202.9 0
    endloop
  endfacet
  facet normal -0.445413 -0.895325 0
    outer loop
      vertex 201.851 202.771 0
      vertex 202.05 202.672 0.799999
      vertex 201.851 202.771 0.799999
    endloop
  endfacet
  facet normal -0.445413 -0.895325 -0
    outer loop
      vertex 202.05 202.672 0.799999
      vertex 201.851 202.771 0
      vertex 202.05 202.672 0
    endloop
  endfacet
  facet normal -0.193519 -0.981097 0
    outer loop
      vertex 201.422 202.885 0
      vertex 201.64 202.842 0.799999
      vertex 201.422 202.885 0.799999
    endloop
  endfacet
  facet normal -0.193519 -0.981097 -0
    outer loop
      vertex 201.64 202.842 0.799999
      vertex 201.422 202.885 0
      vertex 201.64 202.842 0
    endloop
  endfacet
  facet normal 0.981097 -0.193519 0
    outer loop
      vertex 199.515 201.422 0.799999
      vertex 199.558 201.64 0
      vertex 199.558 201.64 0.799999
    endloop
  endfacet
  facet normal 0.981097 -0.193519 0
    outer loop
      vertex 199.558 201.64 0
      vertex 199.515 201.422 0.799999
      vertex 199.515 201.422 0
    endloop
  endfacet
  facet normal 0.997725 -0.0674139 0
    outer loop
      vertex 199.5 201.2 0.799999
      vertex 199.515 201.422 0
      vertex 199.515 201.422 0.799999
    endloop
  endfacet
  facet normal 0.997725 -0.0674139 0
    outer loop
      vertex 199.515 201.422 0
      vertex 199.5 201.2 0.799999
      vertex 199.5 201.2 0
    endloop
  endfacet
  facet normal 0.895325 -0.445413 0
    outer loop
      vertex 199.629 201.851 0.799999
      vertex 199.728 202.05 0
      vertex 199.728 202.05 0.799999
    endloop
  endfacet
  facet normal 0.895325 -0.445413 0
    outer loop
      vertex 199.728 202.05 0
      vertex 199.629 201.851 0.799999
      vertex 199.629 201.851 0
    endloop
  endfacet
  facet normal 0.318922 -0.947781 0
    outer loop
      vertex 200.549 202.771 0
      vertex 200.76 202.842 0.799999
      vertex 200.549 202.771 0.799999
    endloop
  endfacet
  facet normal 0.318922 -0.947781 0
    outer loop
      vertex 200.76 202.842 0.799999
      vertex 200.549 202.771 0
      vertex 200.76 202.842 0
    endloop
  endfacet
  facet normal 0.660729 -0.750624 0
    outer loop
      vertex 199.998 202.402 0
      vertex 200.165 202.549 0.799999
      vertex 199.998 202.402 0.799999
    endloop
  endfacet
  facet normal 0.660729 -0.750624 0
    outer loop
      vertex 200.165 202.549 0.799999
      vertex 199.998 202.402 0
      vertex 200.165 202.549 0
    endloop
  endfacet
  facet normal 0.553661 -0.832742 0
    outer loop
      vertex 200.165 202.549 0
      vertex 200.35 202.672 0.799999
      vertex 200.165 202.549 0.799999
    endloop
  endfacet
  facet normal 0.553661 -0.832742 0
    outer loop
      vertex 200.35 202.672 0.799999
      vertex 200.165 202.549 0
      vertex 200.35 202.672 0
    endloop
  endfacet
  facet normal -0.997725 -0.0674139 0
    outer loop
      vertex 202.9 201.2 0
      vertex 202.885 201.422 0.799999
      vertex 202.885 201.422 0
    endloop
  endfacet
  facet normal -0.997725 -0.0674139 0
    outer loop
      vertex 202.885 201.422 0.799999
      vertex 202.9 201.2 0
      vertex 202.9 201.2 0.799999
    endloop
  endfacet
  facet normal -0.318922 0.947781 0
    outer loop
      vertex 201.851 199.629 0
      vertex 201.64 199.558 0.799999
      vertex 201.851 199.629 0.799999
    endloop
  endfacet
  facet normal -0.318922 0.947781 0
    outer loop
      vertex 201.64 199.558 0.799999
      vertex 201.851 199.629 0
      vertex 201.64 199.558 0
    endloop
  endfacet
  facet normal -0.750624 0.660729 0
    outer loop
      vertex 202.402 199.998 0
      vertex 202.549 200.165 0.799999
      vertex 202.549 200.165 0
    endloop
  endfacet
  facet normal -0.750624 0.660729 0
    outer loop
      vertex 202.549 200.165 0.799999
      vertex 202.402 199.998 0
      vertex 202.402 199.998 0.799999
    endloop
  endfacet
  facet normal -0.553661 0.832742 0
    outer loop
      vertex 202.235 199.851 0
      vertex 202.05 199.728 0.799999
      vertex 202.235 199.851 0.799999
    endloop
  endfacet
  facet normal -0.553661 0.832742 0
    outer loop
      vertex 202.05 199.728 0.799999
      vertex 202.235 199.851 0
      vertex 202.05 199.728 0
    endloop
  endfacet
  facet normal -0.895325 0.445413 0
    outer loop
      vertex 202.672 200.35 0
      vertex 202.771 200.549 0.799999
      vertex 202.771 200.549 0
    endloop
  endfacet
  facet normal -0.895325 0.445413 0
    outer loop
      vertex 202.771 200.549 0.799999
      vertex 202.672 200.35 0
      vertex 202.672 200.35 0.799999
    endloop
  endfacet
  facet normal -0.0674139 0.997725 0
    outer loop
      vertex 201.422 199.515 0
      vertex 201.2 199.5 0.799999
      vertex 201.422 199.515 0.799999
    endloop
  endfacet
  facet normal -0.0674139 0.997725 0
    outer loop
      vertex 201.2 199.5 0.799999
      vertex 201.422 199.515 0
      vertex 201.2 199.5 0
    endloop
  endfacet
  facet normal 0.318922 0.947781 -0
    outer loop
      vertex 200.76 199.558 0
      vertex 200.549 199.629 0.799999
      vertex 200.76 199.558 0.799999
    endloop
  endfacet
  facet normal 0.318922 0.947781 0
    outer loop
      vertex 200.549 199.629 0.799999
      vertex 200.76 199.558 0
      vertex 200.549 199.629 0
    endloop
  endfacet
  facet normal 0.947781 0.318922 0
    outer loop
      vertex 199.629 200.549 0.799999
      vertex 199.558 200.76 0
      vertex 199.558 200.76 0.799999
    endloop
  endfacet
  facet normal 0.947781 0.318922 0
    outer loop
      vertex 199.558 200.76 0
      vertex 199.629 200.549 0.799999
      vertex 199.629 200.549 0
    endloop
  endfacet
  facet normal 0.660729 0.750624 -0
    outer loop
      vertex 200.165 199.851 0
      vertex 199.998 199.998 0.799999
      vertex 200.165 199.851 0.799999
    endloop
  endfacet
  facet normal 0.660729 0.750624 0
    outer loop
      vertex 199.998 199.998 0.799999
      vertex 200.165 199.851 0
      vertex 199.998 199.998 0
    endloop
  endfacet
  facet normal 0.832742 0.553661 0
    outer loop
      vertex 199.851 200.165 0.799999
      vertex 199.728 200.35 0
      vertex 199.728 200.35 0.799999
    endloop
  endfacet
  facet normal 0.832742 0.553661 0
    outer loop
      vertex 199.728 200.35 0
      vertex 199.851 200.165 0.799999
      vertex 199.851 200.165 0
    endloop
  endfacet
  facet normal -0.445413 0.895325 0
    outer loop
      vertex 202.05 199.728 0
      vertex 201.851 199.629 0.799999
      vertex 202.05 199.728 0.799999
    endloop
  endfacet
  facet normal -0.445413 0.895325 0
    outer loop
      vertex 201.851 199.629 0.799999
      vertex 202.05 199.728 0
      vertex 201.851 199.629 0
    endloop
  endfacet
  facet normal -0.660729 0.750624 0
    outer loop
      vertex 202.402 199.998 0
      vertex 202.235 199.851 0.799999
      vertex 202.402 199.998 0.799999
    endloop
  endfacet
  facet normal -0.660729 0.750624 0
    outer loop
      vertex 202.235 199.851 0.799999
      vertex 202.402 199.998 0
      vertex 202.235 199.851 0
    endloop
  endfacet
  facet normal -0.947781 0.318922 0
    outer loop
      vertex 202.771 200.549 0
      vertex 202.842 200.76 0.799999
      vertex 202.842 200.76 0
    endloop
  endfacet
  facet normal -0.947781 0.318922 0
    outer loop
      vertex 202.842 200.76 0.799999
      vertex 202.771 200.549 0
      vertex 202.771 200.549 0.799999
    endloop
  endfacet
  facet normal 0.445413 0.895325 -0
    outer loop
      vertex 200.549 199.629 0
      vertex 200.35 199.728 0.799999
      vertex 200.549 199.629 0.799999
    endloop
  endfacet
  facet normal 0.445413 0.895325 0
    outer loop
      vertex 200.35 199.728 0.799999
      vertex 200.549 199.629 0
      vertex 200.35 199.728 0
    endloop
  endfacet
  facet normal 0.895325 0.445413 0
    outer loop
      vertex 199.728 200.35 0.799999
      vertex 199.629 200.549 0
      vertex 199.629 200.549 0.799999
    endloop
  endfacet
  facet normal 0.895325 0.445413 0
    outer loop
      vertex 199.629 200.549 0
      vertex 199.728 200.35 0.799999
      vertex 199.728 200.35 0
    endloop
  endfacet
  facet normal 0.750624 0.660729 0
    outer loop
      vertex 199.998 199.998 0.799999
      vertex 199.851 200.165 0
      vertex 199.851 200.165 0.799999
    endloop
  endfacet
  facet normal 0.750624 0.660729 0
    outer loop
      vertex 199.851 200.165 0
      vertex 199.998 199.998 0.799999
      vertex 199.998 199.998 0
    endloop
  endfacet
  facet normal -0.55562 -0.831436 0
    outer loop
      vertex 19.15 19.9919 0.799999
      vertex 19.4002 19.8247 5
      vertex 19.15 19.9919 5
    endloop
  endfacet
  facet normal -0.55562 -0.831436 -0
    outer loop
      vertex 19.4002 19.8247 5
      vertex 19.15 19.9919 0.799999
      vertex 19.4002 19.8247 0.799999
    endloop
  endfacet
  facet normal -0.980785 0.195093 0
    outer loop
      vertex 20.2216 17.4047 0.799999
      vertex 20.2803 17.6998 5
      vertex 20.2803 17.6998 0.799999
    endloop
  endfacet
  facet normal -0.980785 0.195093 0
    outer loop
      vertex 20.2803 17.6998 5
      vertex 20.2216 17.4047 0.799999
      vertex 20.2216 17.4047 5
    endloop
  endfacet
  facet normal 0.195093 0.980785 -0
    outer loop
      vertex 17.6998 15.7197 0.799999
      vertex 17.4047 15.7784 5
      vertex 17.6998 15.7197 5
    endloop
  endfacet
  facet normal 0.195093 0.980785 0
    outer loop
      vertex 17.4047 15.7784 5
      vertex 17.6998 15.7197 0.799999
      vertex 17.4047 15.7784 0.799999
    endloop
  endfacet
  facet normal 0.442153 -0.89694 0
    outer loop
      vertex 16.85 19.9919 0.799999
      vertex 17.1198 20.1249 5
      vertex 16.85 19.9919 5
    endloop
  endfacet
  facet normal 0.442153 -0.89694 0
    outer loop
      vertex 17.1198 20.1249 5
      vertex 16.85 19.9919 0.799999
      vertex 17.1198 20.1249 0.799999
    endloop
  endfacet
  facet normal 0.946941 -0.321408 0
    outer loop
      vertex 15.7784 18.5953 5
      vertex 15.8751 18.8802 0.799999
      vertex 15.8751 18.8802 5
    endloop
  endfacet
  facet normal 0.946941 -0.321408 0
    outer loop
      vertex 15.8751 18.8802 0.799999
      vertex 15.7784 18.5953 5
      vertex 15.7784 18.5953 0.799999
    endloop
  endfacet
  facet normal -0.997854 0.0654821 0
    outer loop
      vertex 20.2803 17.6998 0.799999
      vertex 20.3 18 5
      vertex 20.3 18 0.799999
    endloop
  endfacet
  facet normal -0.997854 0.0654821 0
    outer loop
      vertex 20.3 18 5
      vertex 20.2803 17.6998 0.799999
      vertex 20.2803 17.6998 5
    endloop
  endfacet
  facet normal -0.89694 -0.442153 0
    outer loop
      vertex 20.1249 18.8802 0.799999
      vertex 19.9919 19.15 5
      vertex 19.9919 19.15 0.799999
    endloop
  endfacet
  facet normal -0.89694 -0.442153 0
    outer loop
      vertex 19.9919 19.15 5
      vertex 20.1249 18.8802 0.799999
      vertex 20.1249 18.8802 5
    endloop
  endfacet
  facet normal -0.831436 -0.55562 0
    outer loop
      vertex 19.9919 19.15 0.799999
      vertex 19.8247 19.4002 5
      vertex 19.8247 19.4002 0.799999
    endloop
  endfacet
  facet normal -0.831436 -0.55562 0
    outer loop
      vertex 19.8247 19.4002 5
      vertex 19.9919 19.15 0.799999
      vertex 19.9919 19.15 5
    endloop
  endfacet
  facet normal -0.321408 -0.946941 0
    outer loop
      vertex 18.5953 20.2216 0.799999
      vertex 18.8802 20.1249 5
      vertex 18.5953 20.2216 5
    endloop
  endfacet
  facet normal -0.321408 -0.946941 -0
    outer loop
      vertex 18.8802 20.1249 5
      vertex 18.5953 20.2216 0.799999
      vertex 18.8802 20.1249 0.799999
    endloop
  endfacet
  facet normal -0.0654821 -0.997854 0
    outer loop
      vertex 18 20.3 0.799999
      vertex 18.3002 20.2803 5
      vertex 18 20.3 5
    endloop
  endfacet
  facet normal -0.0654821 -0.997854 -0
    outer loop
      vertex 18.3002 20.2803 5
      vertex 18 20.3 0.799999
      vertex 18.3002 20.2803 0.799999
    endloop
  endfacet
  facet normal 0 0 1
    outer loop
      vertex 19.7 18 0.799999
      vertex 20.3 18 0.799999
      vertex 20.2803 18.3002 0.799999
    endloop
  endfacet
  facet normal 0 0 1
    outer loop
      vertex 19.6855 18.2219 0.799999
      vertex 20.2803 18.3002 0.799999
      vertex 20.2216 18.5953 0.799999
    endloop
  endfacet
  facet normal 0 0 1
    outer loop
      vertex 20.3 18 0.799999
      vertex 19.7 18 0.799999
      vertex 20.2803 17.6998 0.799999
    endloop
  endfacet
  facet normal 0 0 1
    outer loop
      vertex 19.6421 18.44 0.799999
      vertex 20.2216 18.5953 0.799999
      vertex 20.1249 18.8802 0.799999
    endloop
  endfacet
  facet normal -0 0 1
    outer loop
      vertex 19.6855 17.7781 0.799999
      vertex 20.2803 17.6998 0.799999
      vertex 19.7 18 0.799999
    endloop
  endfacet
  facet normal 0 0 1
    outer loop
      vertex 19.5706 18.6506 0.799999
      vertex 20.1249 18.8802 0.799999
      vertex 19.9919 19.15 0.799999
    endloop
  endfacet
  facet normal 0 0 1
    outer loop
      vertex 20.2803 17.6998 0.799999
      vertex 19.6855 17.7781 0.799999
      vertex 20.2216 17.4047 0.799999
    endloop
  endfacet
  facet normal 0 0 1
    outer loop
      vertex 19.4722 18.85 0.799999
      vertex 19.9919 19.15 0.799999
      vertex 19.8247 19.4002 0.799999
    endloop
  endfacet
  facet normal -0 0 1
    outer loop
      vertex 19.6421 17.56 0.799999
      vertex 20.2216 17.4047 0.799999
      vertex 19.6855 17.7781 0.799999
    endloop
  endfacet
  facet normal 0 0 1
    outer loop
      vertex 20.2216 17.4047 0.799999
      vertex 19.6421 17.56 0.799999
      vertex 20.1249 17.1198 0.799999
    endloop
  endfacet
  facet normal 0 0 1
    outer loop
      vertex 20.2803 18.3002 0.799999
      vertex 19.6855 18.2219 0.799999
      vertex 19.7 18 0.799999
    endloop
  endfacet
  facet normal 0 0 1
    outer loop
      vertex 20.2216 18.5953 0.799999
      vertex 19.6421 18.44 0.799999
      vertex 19.6855 18.2219 0.799999
    endloop
  endfacet
  facet normal 0 0 1
    outer loop
      vertex 19.3487 19.0349 0.799999
      vertex 19.8247 19.4002 0.799999
      vertex 19.6263 19.6263 0.799999
    endloop
  endfacet
  facet normal 0 0 1
    outer loop
      vertex 20.1249 18.8802 0.799999
      vertex 19.5706 18.6506 0.799999
      vertex 19.6421 18.44 0.799999
    endloop
  endfacet
  facet normal 0 0 1
    outer loop
      vertex 19.9919 19.15 0.799999
      vertex 19.4722 18.85 0.799999
      vertex 19.5706 18.6506 0.799999
    endloop
  endfacet
  facet normal 0 0 1
    outer loop
      vertex 19.2021 19.2021 0.799999
      vertex 19.6263 19.6263 0.799999
      vertex 19.4002 19.8247 0.799999
    endloop
  endfacet
  facet normal 0 0 1
    outer loop
      vertex 19.8247 19.4002 0.799999
      vertex 19.3487 19.0349 0.799999
      vertex 19.4722 18.85 0.799999
    endloop
  endfacet
  facet normal 0 0 1
    outer loop
      vertex 19.6263 19.6263 0.799999
      vertex 19.2021 19.2021 0.799999
      vertex 19.3487 19.0349 0.799999
    endloop
  endfacet
  facet normal 0 0 1
    outer loop
      vertex 19.0349 19.3487 0.799999
      vertex 19.4002 19.8247 0.799999
      vertex 19.15 19.9919 0.799999
    endloop
  endfacet
  facet normal 0 0 1
    outer loop
      vertex 19.4002 19.8247 0.799999
      vertex 19.0349 19.3487 0.799999
      vertex 19.2021 19.2021 0.799999
    endloop
  endfacet
  facet normal 0 0 1
    outer loop
      vertex 18.85 19.4722 0.799999
      vertex 19.15 19.9919 0.799999
      vertex 18.8802 20.1249 0.799999
    endloop
  endfacet
  facet normal 0 0 1
    outer loop
      vertex 19.15 19.9919 0.799999
      vertex 18.85 19.4722 0.799999
      vertex 19.0349 19.3487 0.799999
    endloop
  endfacet
  facet normal 0 0 1
    outer loop
      vertex 18.8802 20.1249 0.799999
      vertex 18.6506 19.5706 0.799999
      vertex 18.85 19.4722 0.799999
    endloop
  endfacet
  facet normal 0 0 1
    outer loop
      vertex 18.5953 20.2216 0.799999
      vertex 18.6506 19.5706 0.799999
      vertex 18.8802 20.1249 0.799999
    endloop
  endfacet
  facet normal 0 0 1
    outer loop
      vertex 18.5953 20.2216 0.799999
      vertex 18.44 19.6421 0.799999
      vertex 18.6506 19.5706 0.799999
    endloop
  endfacet
  facet normal 0 0 1
    outer loop
      vertex 18.3002 20.2803 0.799999
      vertex 18.44 19.6421 0.799999
      vertex 18.5953 20.2216 0.799999
    endloop
  endfacet
  facet normal 0 0 1
    outer loop
      vertex 18.3002 20.2803 0.799999
      vertex 18.2219 19.6855 0.799999
      vertex 18.44 19.6421 0.799999
    endloop
  endfacet
  facet normal 0 0 1
    outer loop
      vertex 18 20.3 0.799999
      vertex 18.2219 19.6855 0.799999
      vertex 18.3002 20.2803 0.799999
    endloop
  endfacet
  facet normal 0 0 1
    outer loop
      vertex 18 20.3 0.799999
      vertex 18 19.7 0.799999
      vertex 18.2219 19.6855 0.799999
    endloop
  endfacet
  facet normal 0 0 1
    outer loop
      vertex 18 20.3 0.799999
      vertex 17.7781 19.6855 0.799999
      vertex 18 19.7 0.799999
    endloop
  endfacet
  facet normal -0 0 1
    outer loop
      vertex 17.6998 20.2803 0.799999
      vertex 17.7781 19.6855 0.799999
      vertex 18 20.3 0.799999
    endloop
  endfacet
  facet normal 0 0 1
    outer loop
      vertex 17.6998 20.2803 0.799999
      vertex 17.56 19.6421 0.799999
      vertex 17.7781 19.6855 0.799999
    endloop
  endfacet
  facet normal -0 0 1
    outer loop
      vertex 17.4047 20.2216 0.799999
      vertex 17.56 19.6421 0.799999
      vertex 17.6998 20.2803 0.799999
    endloop
  endfacet
  facet normal 0 0 1
    outer loop
      vertex 17.4047 20.2216 0.799999
      vertex 17.3494 19.5706 0.799999
      vertex 17.56 19.6421 0.799999
    endloop
  endfacet
  facet normal -0 0 1
    outer loop
      vertex 17.1198 20.1249 0.799999
      vertex 17.3494 19.5706 0.799999
      vertex 17.4047 20.2216 0.799999
    endloop
  endfacet
  facet normal 0 0 1
    outer loop
      vertex 17.3494 19.5706 0.799999
      vertex 17.1198 20.1249 0.799999
      vertex 17.15 19.4722 0.799999
    endloop
  endfacet
  facet normal -0 0 1
    outer loop
      vertex 16.85 19.9919 0.799999
      vertex 17.15 19.4722 0.799999
      vertex 17.1198 20.1249 0.799999
    endloop
  endfacet
  facet normal 0 0 1
    outer loop
      vertex 17.15 19.4722 0.799999
      vertex 16.85 19.9919 0.799999
      vertex 16.9651 19.3487 0.799999
    endloop
  endfacet
  facet normal -0 0 1
    outer loop
      vertex 16.5998 19.8247 0.799999
      vertex 16.9651 19.3487 0.799999
      vertex 16.85 19.9919 0.799999
    endloop
  endfacet
  facet normal 0 0 1
    outer loop
      vertex 16.9651 19.3487 0.799999
      vertex 16.5998 19.8247 0.799999
      vertex 16.7979 19.2021 0.799999
    endloop
  endfacet
  facet normal -0 0 1
    outer loop
      vertex 16.3737 19.6263 0.799999
      vertex 16.7979 19.2021 0.799999
      vertex 16.5998 19.8247 0.799999
    endloop
  endfacet
  facet normal 0 0 1
    outer loop
      vertex 16.7979 19.2021 0.799999
      vertex 16.3737 19.6263 0.799999
      vertex 16.6513 19.0349 0.799999
    endloop
  endfacet
  facet normal -0 0 1
    outer loop
      vertex 16.1753 19.4002 0.799999
      vertex 16.6513 19.0349 0.799999
      vertex 16.3737 19.6263 0.799999
    endloop
  endfacet
  facet normal 0 0 1
    outer loop
      vertex 16.6513 19.0349 0.799999
      vertex 16.1753 19.4002 0.799999
      vertex 16.5278 18.85 0.799999
    endloop
  endfacet
  facet normal -0 0 1
    outer loop
      vertex 16.0081 19.15 0.799999
      vertex 16.5278 18.85 0.799999
      vertex 16.1753 19.4002 0.799999
    endloop
  endfacet
  facet normal 0 0 1
    outer loop
      vertex 16.5278 18.85 0.799999
      vertex 16.0081 19.15 0.799999
      vertex 16.4294 18.6506 0.799999
    endloop
  endfacet
  facet normal -0 0 1
    outer loop
      vertex 15.8751 18.8802 0.799999
      vertex 16.4294 18.6506 0.799999
      vertex 16.0081 19.15 0.799999
    endloop
  endfacet
  facet normal 0 0 1
    outer loop
      vertex 16.4294 18.6506 0.799999
      vertex 15.8751 18.8802 0.799999
      vertex 16.3579 18.44 0.799999
    endloop
  endfacet
  facet normal -0 0 1
    outer loop
      vertex 19.5706 17.3494 0.799999
      vertex 20.1249 17.1198 0.799999
      vertex 19.6421 17.56 0.799999
    endloop
  endfacet
  facet normal 0 0 1
    outer loop
      vertex 20.1249 17.1198 0.799999
      vertex 19.5706 17.3494 0.799999
      vertex 19.9919 16.85 0.799999
    endloop
  endfacet
  facet normal -0 0 1
    outer loop
      vertex 19.4722 17.15 0.799999
      vertex 19.9919 16.85 0.799999
      vertex 19.5706 17.3494 0.799999
    endloop
  endfacet
  facet normal 0 0 1
    outer loop
      vertex 19.9919 16.85 0.799999
      vertex 19.4722 17.15 0.799999
      vertex 19.8247 16.5998 0.799999
    endloop
  endfacet
  facet normal -0 0 1
    outer loop
      vertex 19.3487 16.9651 0.799999
      vertex 19.8247 16.5998 0.799999
      vertex 19.4722 17.15 0.799999
    endloop
  endfacet
  facet normal 0 0 1
    outer loop
      vertex 19.8247 16.5998 0.799999
      vertex 19.3487 16.9651 0.799999
      vertex 19.6263 16.3737 0.799999
    endloop
  endfacet
  facet normal -0 0 1
    outer loop
      vertex 19.2021 16.7979 0.799999
      vertex 19.6263 16.3737 0.799999
      vertex 19.3487 16.9651 0.799999
    endloop
  endfacet
  facet normal 0 0 1
    outer loop
      vertex 19.6263 16.3737 0.799999
      vertex 19.2021 16.7979 0.799999
      vertex 19.4002 16.1753 0.799999
    endloop
  endfacet
  facet normal -0 0 1
    outer loop
      vertex 19.0349 16.6513 0.799999
      vertex 19.4002 16.1753 0.799999
      vertex 19.2021 16.7979 0.799999
    endloop
  endfacet
  facet normal 0 0 1
    outer loop
      vertex 19.4002 16.1753 0.799999
      vertex 19.0349 16.6513 0.799999
      vertex 19.15 16.0081 0.799999
    endloop
  endfacet
  facet normal -0 0 1
    outer loop
      vertex 18.85 16.5278 0.799999
      vertex 19.15 16.0081 0.799999
      vertex 19.0349 16.6513 0.799999
    endloop
  endfacet
  facet normal 0 0 1
    outer loop
      vertex 19.15 16.0081 0.799999
      vertex 18.85 16.5278 0.799999
      vertex 18.8802 15.8751 0.799999
    endloop
  endfacet
  facet normal -0 0 1
    outer loop
      vertex 18.6506 16.4294 0.799999
      vertex 18.8802 15.8751 0.799999
      vertex 18.85 16.5278 0.799999
    endloop
  endfacet
  facet normal 0 0 1
    outer loop
      vertex 18.6506 16.4294 0.799999
      vertex 18.5953 15.7784 0.799999
      vertex 18.8802 15.8751 0.799999
    endloop
  endfacet
  facet normal -0 0 1
    outer loop
      vertex 18.44 16.3579 0.799999
      vertex 18.5953 15.7784 0.799999
      vertex 18.6506 16.4294 0.799999
    endloop
  endfacet
  facet normal 0 0 1
    outer loop
      vertex 18.44 16.3579 0.799999
      vertex 18.3002 15.7197 0.799999
      vertex 18.5953 15.7784 0.799999
    endloop
  endfacet
  facet normal -0 0 1
    outer loop
      vertex 18.2219 16.3145 0.799999
      vertex 18.3002 15.7197 0.799999
      vertex 18.44 16.3579 0.799999
    endloop
  endfacet
  facet normal -0 0 1
    outer loop
      vertex 18 16.3 0.799999
      vertex 18.3002 15.7197 0.799999
      vertex 18.2219 16.3145 0.799999
    endloop
  endfacet
  facet normal 0 0 1
    outer loop
      vertex 18 16.3 0.799999
      vertex 18 15.7 0.799999
      vertex 18.3002 15.7197 0.799999
    endloop
  endfacet
  facet normal 0 0 1
    outer loop
      vertex 17.7781 16.3145 0.799999
      vertex 18 15.7 0.799999
      vertex 18 16.3 0.799999
    endloop
  endfacet
  facet normal 0 0 1
    outer loop
      vertex 17.7781 16.3145 0.799999
      vertex 17.6998 15.7197 0.799999
      vertex 18 15.7 0.799999
    endloop
  endfacet
  facet normal 0 0 1
    outer loop
      vertex 17.56 16.3579 0.799999
      vertex 17.6998 15.7197 0.799999
      vertex 17.7781 16.3145 0.799999
    endloop
  endfacet
  facet normal 0 0 1
    outer loop
      vertex 17.56 16.3579 0.799999
      vertex 17.4047 15.7784 0.799999
      vertex 17.6998 15.7197 0.799999
    endloop
  endfacet
  facet normal 0 0 1
    outer loop
      vertex 17.3494 16.4294 0.799999
      vertex 17.4047 15.7784 0.799999
      vertex 17.56 16.3579 0.799999
    endloop
  endfacet
  facet normal 0 0 1
    outer loop
      vertex 17.1198 15.8751 0.799999
      vertex 17.3494 16.4294 0.799999
      vertex 17.15 16.5278 0.799999
    endloop
  endfacet
  facet normal 0 0 1
    outer loop
      vertex 17.3494 16.4294 0.799999
      vertex 17.1198 15.8751 0.799999
      vertex 17.4047 15.7784 0.799999
    endloop
  endfacet
  facet normal 0 0 1
    outer loop
      vertex 16.85 16.0081 0.799999
      vertex 17.15 16.5278 0.799999
      vertex 16.9651 16.6513 0.799999
    endloop
  endfacet
  facet normal 0 0 1
    outer loop
      vertex 17.15 16.5278 0.799999
      vertex 16.85 16.0081 0.799999
      vertex 17.1198 15.8751 0.799999
    endloop
  endfacet
  facet normal 0 0 1
    outer loop
      vertex 16.5998 16.1753 0.799999
      vertex 16.9651 16.6513 0.799999
      vertex 16.7979 16.7979 0.799999
    endloop
  endfacet
  facet normal 0 0 1
    outer loop
      vertex 16.3737 16.3737 0.799999
      vertex 16.7979 16.7979 0.799999
      vertex 16.6513 16.9651 0.799999
    endloop
  endfacet
  facet normal 0 0 1
    outer loop
      vertex 16.9651 16.6513 0.799999
      vertex 16.5998 16.1753 0.799999
      vertex 16.85 16.0081 0.799999
    endloop
  endfacet
  facet normal 0 0 1
    outer loop
      vertex 16.1753 16.5998 0.799999
      vertex 16.6513 16.9651 0.799999
      vertex 16.5278 17.15 0.799999
    endloop
  endfacet
  facet normal 0 0 1
    outer loop
      vertex 16.0081 16.85 0.799999
      vertex 16.5278 17.15 0.799999
      vertex 16.4294 17.3494 0.799999
    endloop
  endfacet
  facet normal 0 0 1
    outer loop
      vertex 16.7979 16.7979 0.799999
      vertex 16.3737 16.3737 0.799999
      vertex 16.5998 16.1753 0.799999
    endloop
  endfacet
  facet normal 0 0 1
    outer loop
      vertex 15.8751 17.1198 0.799999
      vertex 16.4294 17.3494 0.799999
      vertex 16.3579 17.56 0.799999
    endloop
  endfacet
  facet normal 0 0 1
    outer loop
      vertex 15.7784 17.4047 0.799999
      vertex 16.3579 17.56 0.799999
      vertex 16.3145 17.7781 0.799999
    endloop
  endfacet
  facet normal 0 0 1
    outer loop
      vertex 15.7197 17.6998 0.799999
      vertex 16.3145 17.7781 0.799999
      vertex 16.3 18 0.799999
    endloop
  endfacet
  facet normal -0 0 1
    outer loop
      vertex 15.7784 18.5953 0.799999
      vertex 16.3579 18.44 0.799999
      vertex 15.8751 18.8802 0.799999
    endloop
  endfacet
  facet normal 0 0 1
    outer loop
      vertex 16.6513 16.9651 0.799999
      vertex 16.1753 16.5998 0.799999
      vertex 16.3737 16.3737 0.799999
    endloop
  endfacet
  facet normal 0 0 1
    outer loop
      vertex 16.3579 18.44 0.799999
      vertex 15.7784 18.5953 0.799999
      vertex 16.3145 18.2219 0.799999
    endloop
  endfacet
  facet normal 0 0 1
    outer loop
      vertex 16.5278 17.15 0.799999
      vertex 16.0081 16.85 0.799999
      vertex 16.1753 16.5998 0.799999
    endloop
  endfacet
  facet normal -0 0 1
    outer loop
      vertex 15.7197 18.3002 0.799999
      vertex 16.3145 18.2219 0.799999
      vertex 15.7784 18.5953 0.799999
    endloop
  endfacet
  facet normal 0 0 1
    outer loop
      vertex 16.4294 17.3494 0.799999
      vertex 15.8751 17.1198 0.799999
      vertex 16.0081 16.85 0.799999
    endloop
  endfacet
  facet normal 0 0 1
    outer loop
      vertex 16.3145 18.2219 0.799999
      vertex 15.7197 18.3002 0.799999
      vertex 16.3 18 0.799999
    endloop
  endfacet
  facet normal 0 0 1
    outer loop
      vertex 16.3579 17.56 0.799999
      vertex 15.7784 17.4047 0.799999
      vertex 15.8751 17.1198 0.799999
    endloop
  endfacet
  facet normal 0 0 1
    outer loop
      vertex 15.7 18 0.799999
      vertex 16.3 18 0.799999
      vertex 15.7197 18.3002 0.799999
    endloop
  endfacet
  facet normal 0 0 1
    outer loop
      vertex 16.3145 17.7781 0.799999
      vertex 15.7197 17.6998 0.799999
      vertex 15.7784 17.4047 0.799999
    endloop
  endfacet
  facet normal 0 0 1
    outer loop
      vertex 16.3 18 0.799999
      vertex 15.7 18 0.799999
      vertex 15.7197 17.6998 0.799999
    endloop
  endfacet
  facet normal 0.997854 -0.0654821 0
    outer loop
      vertex 15.7 18 5
      vertex 15.7197 18.3002 0.799999
      vertex 15.7197 18.3002 5
    endloop
  endfacet
  facet normal 0.997854 -0.0654821 0
    outer loop
      vertex 15.7197 18.3002 0.799999
      vertex 15.7 18 5
      vertex 15.7 18 0.799999
    endloop
  endfacet
  facet normal 0.831436 -0.55562 0
    outer loop
      vertex 16.0081 19.15 5
      vertex 16.1753 19.4002 0.799999
      vertex 16.1753 19.4002 5
    endloop
  endfacet
  facet normal 0.831436 -0.55562 0
    outer loop
      vertex 16.1753 19.4002 0.799999
      vertex 16.0081 19.15 5
      vertex 16.0081 19.15 0.799999
    endloop
  endfacet
  facet normal 0.55562 -0.831436 0
    outer loop
      vertex 16.5998 19.8247 0.799999
      vertex 16.85 19.9919 5
      vertex 16.5998 19.8247 5
    endloop
  endfacet
  facet normal 0.55562 -0.831436 0
    outer loop
      vertex 16.85 19.9919 5
      vertex 16.5998 19.8247 0.799999
      vertex 16.85 19.9919 0.799999
    endloop
  endfacet
  facet normal 0.321408 -0.946941 0
    outer loop
      vertex 17.1198 20.1249 0.799999
      vertex 17.4047 20.2216 5
      vertex 17.1198 20.1249 5
    endloop
  endfacet
  facet normal 0.321408 -0.946941 0
    outer loop
      vertex 17.4047 20.2216 5
      vertex 17.1198 20.1249 0.799999
      vertex 17.4047 20.2216 0.799999
    endloop
  endfacet
  facet normal -0.831436 0.55562 0
    outer loop
      vertex 19.8247 16.5998 0.799999
      vertex 19.9919 16.85 5
      vertex 19.9919 16.85 0.799999
    endloop
  endfacet
  facet normal -0.831436 0.55562 0
    outer loop
      vertex 19.9919 16.85 5
      vertex 19.8247 16.5998 0.799999
      vertex 19.8247 16.5998 5
    endloop
  endfacet
  facet normal -0.946941 0.321408 0
    outer loop
      vertex 20.1249 17.1198 0.799999
      vertex 20.2216 17.4047 5
      vertex 20.2216 17.4047 0.799999
    endloop
  endfacet
  facet normal -0.946941 0.321408 0
    outer loop
      vertex 20.2216 17.4047 5
      vertex 20.1249 17.1198 0.799999
      vertex 20.1249 17.1198 5
    endloop
  endfacet
  facet normal -0.442153 0.89694 0
    outer loop
      vertex 19.15 16.0081 0.799999
      vertex 18.8802 15.8751 5
      vertex 19.15 16.0081 5
    endloop
  endfacet
  facet normal -0.442153 0.89694 0
    outer loop
      vertex 18.8802 15.8751 5
      vertex 19.15 16.0081 0.799999
      vertex 18.8802 15.8751 0.799999
    endloop
  endfacet
  facet normal -0.55562 0.831436 0
    outer loop
      vertex 19.4002 16.1753 0.799999
      vertex 19.15 16.0081 5
      vertex 19.4002 16.1753 5
    endloop
  endfacet
  facet normal -0.55562 0.831436 0
    outer loop
      vertex 19.15 16.0081 5
      vertex 19.4002 16.1753 0.799999
      vertex 19.15 16.0081 0.799999
    endloop
  endfacet
  facet normal 0.0654821 0.997854 -0
    outer loop
      vertex 18 15.7 0.799999
      vertex 17.6998 15.7197 5
      vertex 18 15.7 5
    endloop
  endfacet
  facet normal 0.0654821 0.997854 0
    outer loop
      vertex 17.6998 15.7197 5
      vertex 18 15.7 0.799999
      vertex 17.6998 15.7197 0.799999
    endloop
  endfacet
  facet normal 0.55562 0.831436 -0
    outer loop
      vertex 16.85 16.0081 0.799999
      vertex 16.5998 16.1753 5
      vertex 16.85 16.0081 5
    endloop
  endfacet
  facet normal 0.55562 0.831436 0
    outer loop
      vertex 16.5998 16.1753 5
      vertex 16.85 16.0081 0.799999
      vertex 16.5998 16.1753 0.799999
    endloop
  endfacet
  facet normal 0.831436 0.55562 0
    outer loop
      vertex 16.1753 16.5998 5
      vertex 16.0081 16.85 0.799999
      vertex 16.0081 16.85 5
    endloop
  endfacet
  facet normal 0.831436 0.55562 0
    outer loop
      vertex 16.0081 16.85 0.799999
      vertex 16.1753 16.5998 5
      vertex 16.1753 16.5998 0.799999
    endloop
  endfacet
  facet normal -0.980785 -0.195093 0
    outer loop
      vertex 20.2803 18.3002 0.799999
      vertex 20.2216 18.5953 5
      vertex 20.2216 18.5953 0.799999
    endloop
  endfacet
  facet normal -0.980785 -0.195093 0
    outer loop
      vertex 20.2216 18.5953 5
      vertex 20.2803 18.3002 0.799999
      vertex 20.2803 18.3002 5
    endloop
  endfacet
  facet normal -0.946941 -0.321408 0
    outer loop
      vertex 20.2216 18.5953 0.799999
      vertex 20.1249 18.8802 5
      vertex 20.1249 18.8802 0.799999
    endloop
  endfacet
  facet normal -0.946941 -0.321408 0
    outer loop
      vertex 20.1249 18.8802 5
      vertex 20.2216 18.5953 0.799999
      vertex 20.2216 18.5953 5
    endloop
  endfacet
  facet normal -0.751649 -0.659563 0
    outer loop
      vertex 19.8247 19.4002 0.799999
      vertex 19.6263 19.6263 5
      vertex 19.6263 19.6263 0.799999
    endloop
  endfacet
  facet normal -0.751649 -0.659563 0
    outer loop
      vertex 19.6263 19.6263 5
      vertex 19.8247 19.4002 0.799999
      vertex 19.8247 19.4002 5
    endloop
  endfacet
  facet normal -0.659563 -0.751649 0
    outer loop
      vertex 19.4002 19.8247 0.799999
      vertex 19.6263 19.6263 5
      vertex 19.4002 19.8247 5
    endloop
  endfacet
  facet normal -0.659563 -0.751649 -0
    outer loop
      vertex 19.6263 19.6263 5
      vertex 19.4002 19.8247 0.799999
      vertex 19.6263 19.6263 0.799999
    endloop
  endfacet
  facet normal -0.442153 -0.89694 0
    outer loop
      vertex 18.8802 20.1249 0.799999
      vertex 19.15 19.9919 5
      vertex 18.8802 20.1249 5
    endloop
  endfacet
  facet normal -0.442153 -0.89694 -0
    outer loop
      vertex 19.15 19.9919 5
      vertex 18.8802 20.1249 0.799999
      vertex 19.15 19.9919 0.799999
    endloop
  endfacet
  facet normal 0.0654821 -0.997854 0
    outer loop
      vertex 17.6998 20.2803 0.799999
      vertex 18 20.3 5
      vertex 17.6998 20.2803 5
    endloop
  endfacet
  facet normal 0.0654821 -0.997854 0
    outer loop
      vertex 18 20.3 5
      vertex 17.6998 20.2803 0.799999
      vertex 18 20.3 0.799999
    endloop
  endfacet
  facet normal -0.195093 -0.980785 0
    outer loop
      vertex 18.3002 20.2803 0.799999
      vertex 18.5953 20.2216 5
      vertex 18.3002 20.2803 5
    endloop
  endfacet
  facet normal -0.195093 -0.980785 -0
    outer loop
      vertex 18.5953 20.2216 5
      vertex 18.3002 20.2803 0.799999
      vertex 18.5953 20.2216 0.799999
    endloop
  endfacet
  facet normal 0.997854 0.0654821 0
    outer loop
      vertex 15.7197 17.6998 5
      vertex 15.7 18 0.799999
      vertex 15.7 18 5
    endloop
  endfacet
  facet normal 0.997854 0.0654821 0
    outer loop
      vertex 15.7 18 0.799999
      vertex 15.7197 17.6998 5
      vertex 15.7197 17.6998 0.799999
    endloop
  endfacet
  facet normal 0.980785 -0.195093 0
    outer loop
      vertex 15.7197 18.3002 5
      vertex 15.7784 18.5953 0.799999
      vertex 15.7784 18.5953 5
    endloop
  endfacet
  facet normal 0.980785 -0.195093 0
    outer loop
      vertex 15.7784 18.5953 0.799999
      vertex 15.7197 18.3002 5
      vertex 15.7197 18.3002 0.799999
    endloop
  endfacet
  facet normal 0.89694 -0.442153 0
    outer loop
      vertex 15.8751 18.8802 5
      vertex 16.0081 19.15 0.799999
      vertex 16.0081 19.15 5
    endloop
  endfacet
  facet normal 0.89694 -0.442153 0
    outer loop
      vertex 16.0081 19.15 0.799999
      vertex 15.8751 18.8802 5
      vertex 15.8751 18.8802 0.799999
    endloop
  endfacet
  facet normal 0.195093 -0.980785 0
    outer loop
      vertex 17.4047 20.2216 0.799999
      vertex 17.6998 20.2803 5
      vertex 17.4047 20.2216 5
    endloop
  endfacet
  facet normal 0.195093 -0.980785 0
    outer loop
      vertex 17.6998 20.2803 5
      vertex 17.4047 20.2216 0.799999
      vertex 17.6998 20.2803 0.799999
    endloop
  endfacet
  facet normal 0.659563 -0.751649 0
    outer loop
      vertex 16.3737 19.6263 0.799999
      vertex 16.5998 19.8247 5
      vertex 16.3737 19.6263 5
    endloop
  endfacet
  facet normal 0.659563 -0.751649 0
    outer loop
      vertex 16.5998 19.8247 5
      vertex 16.3737 19.6263 0.799999
      vertex 16.5998 19.8247 0.799999
    endloop
  endfacet
  facet normal 0.751649 -0.659563 0
    outer loop
      vertex 16.1753 19.4002 5
      vertex 16.3737 19.6263 0.799999
      vertex 16.3737 19.6263 5
    endloop
  endfacet
  facet normal 0.751649 -0.659563 0
    outer loop
      vertex 16.3737 19.6263 0.799999
      vertex 16.1753 19.4002 5
      vertex 16.1753 19.4002 0.799999
    endloop
  endfacet
  facet normal -0.997854 -0.0654821 0
    outer loop
      vertex 20.3 18 0.799999
      vertex 20.2803 18.3002 5
      vertex 20.2803 18.3002 0.799999
    endloop
  endfacet
  facet normal -0.997854 -0.0654821 0
    outer loop
      vertex 20.2803 18.3002 5
      vertex 20.3 18 0.799999
      vertex 20.3 18 5
    endloop
  endfacet
  facet normal -0.195093 0.980785 0
    outer loop
      vertex 18.5953 15.7784 0.799999
      vertex 18.3002 15.7197 5
      vertex 18.5953 15.7784 5
    endloop
  endfacet
  facet normal -0.195093 0.980785 0
    outer loop
      vertex 18.3002 15.7197 5
      vertex 18.5953 15.7784 0.799999
      vertex 18.3002 15.7197 0.799999
    endloop
  endfacet
  facet normal -0.321408 0.946941 0
    outer loop
      vertex 18.8802 15.8751 0.799999
      vertex 18.5953 15.7784 5
      vertex 18.8802 15.8751 5
    endloop
  endfacet
  facet normal -0.321408 0.946941 0
    outer loop
      vertex 18.5953 15.7784 5
      vertex 18.8802 15.8751 0.799999
      vertex 18.5953 15.7784 0.799999
    endloop
  endfacet
  facet normal -0.659563 0.751649 0
    outer loop
      vertex 19.6263 16.3737 0.799999
      vertex 19.4002 16.1753 5
      vertex 19.6263 16.3737 5
    endloop
  endfacet
  facet normal -0.659563 0.751649 0
    outer loop
      vertex 19.4002 16.1753 5
      vertex 19.6263 16.3737 0.799999
      vertex 19.4002 16.1753 0.799999
    endloop
  endfacet
  facet normal -0.0654821 0.997854 0
    outer loop
      vertex 18.3002 15.7197 0.799999
      vertex 18 15.7 5
      vertex 18.3002 15.7197 5
    endloop
  endfacet
  facet normal -0.0654821 0.997854 0
    outer loop
      vertex 18 15.7 5
      vertex 18.3002 15.7197 0.799999
      vertex 18 15.7 0.799999
    endloop
  endfacet
  facet normal 0.321408 0.946941 -0
    outer loop
      vertex 17.4047 15.7784 0.799999
      vertex 17.1198 15.8751 5
      vertex 17.4047 15.7784 5
    endloop
  endfacet
  facet normal 0.321408 0.946941 0
    outer loop
      vertex 17.1198 15.8751 5
      vertex 17.4047 15.7784 0.799999
      vertex 17.1198 15.8751 0.799999
    endloop
  endfacet
  facet normal 0.89694 0.442153 0
    outer loop
      vertex 16.0081 16.85 5
      vertex 15.8751 17.1198 0.799999
      vertex 15.8751 17.1198 5
    endloop
  endfacet
  facet normal 0.89694 0.442153 0
    outer loop
      vertex 15.8751 17.1198 0.799999
      vertex 16.0081 16.85 5
      vertex 16.0081 16.85 0.799999
    endloop
  endfacet
  facet normal 0.980785 0.195093 0
    outer loop
      vertex 15.7784 17.4047 5
      vertex 15.7197 17.6998 0.799999
      vertex 15.7197 17.6998 5
    endloop
  endfacet
  facet normal 0.980785 0.195093 0
    outer loop
      vertex 15.7197 17.6998 0.799999
      vertex 15.7784 17.4047 5
      vertex 15.7784 17.4047 0.799999
    endloop
  endfacet
  facet normal 0.751649 0.659563 0
    outer loop
      vertex 16.3737 16.3737 5
      vertex 16.1753 16.5998 0.799999
      vertex 16.1753 16.5998 5
    endloop
  endfacet
  facet normal 0.751649 0.659563 0
    outer loop
      vertex 16.1753 16.5998 0.799999
      vertex 16.3737 16.3737 5
      vertex 16.3737 16.3737 0.799999
    endloop
  endfacet
  facet normal 0.659563 0.751649 -0
    outer loop
      vertex 16.5998 16.1753 0.799999
      vertex 16.3737 16.3737 5
      vertex 16.5998 16.1753 5
    endloop
  endfacet
  facet normal 0.659563 0.751649 0
    outer loop
      vertex 16.3737 16.3737 5
      vertex 16.5998 16.1753 0.799999
      vertex 16.3737 16.3737 0.799999
    endloop
  endfacet
  facet normal -0.89694 0.442153 0
    outer loop
      vertex 19.9919 16.85 0.799999
      vertex 20.1249 17.1198 5
      vertex 20.1249 17.1198 0.799999
    endloop
  endfacet
  facet normal -0.89694 0.442153 0
    outer loop
      vertex 20.1249 17.1198 5
      vertex 19.9919 16.85 0.799999
      vertex 19.9919 16.85 5
    endloop
  endfacet
  facet normal -0.751649 0.659563 0
    outer loop
      vertex 19.6263 16.3737 0.799999
      vertex 19.8247 16.5998 5
      vertex 19.8247 16.5998 0.799999
    endloop
  endfacet
  facet normal -0.751649 0.659563 0
    outer loop
      vertex 19.8247 16.5998 5
      vertex 19.6263 16.3737 0.799999
      vertex 19.6263 16.3737 5
    endloop
  endfacet
  facet normal 0.442153 0.89694 -0
    outer loop
      vertex 17.1198 15.8751 0.799999
      vertex 16.85 16.0081 5
      vertex 17.1198 15.8751 5
    endloop
  endfacet
  facet normal 0.442153 0.89694 0
    outer loop
      vertex 16.85 16.0081 5
      vertex 17.1198 15.8751 0.799999
      vertex 16.85 16.0081 0.799999
    endloop
  endfacet
  facet normal 0.946941 0.321408 0
    outer loop
      vertex 15.8751 17.1198 5
      vertex 15.7784 17.4047 0.799999
      vertex 15.7784 17.4047 5
    endloop
  endfacet
  facet normal 0.946941 0.321408 0
    outer loop
      vertex 15.7784 17.4047 0.799999
      vertex 15.8751 17.1198 5
      vertex 15.8751 17.1198 0.799999
    endloop
  endfacet
  facet normal -0.997851 -0.0655255 0
    outer loop
      vertex 20.3 201.2 0.799999
      vertex 20.2803 201.5 5
      vertex 20.2803 201.5 0.799999
    endloop
  endfacet
  facet normal -0.997851 -0.0655255 0
    outer loop
      vertex 20.2803 201.5 5
      vertex 20.3 201.2 0.799999
      vertex 20.3 201.2 5
    endloop
  endfacet
  facet normal 0.0664749 -0.997788 0
    outer loop
      vertex 17.6998 203.48 0.799999
      vertex 18 203.5 5
      vertex 17.6998 203.48 5
    endloop
  endfacet
  facet normal 0.0664749 -0.997788 0
    outer loop
      vertex 18 203.5 5
      vertex 17.6998 203.48 0.799999
      vertex 18 203.5 0.799999
    endloop
  endfacet
  facet normal -0.0664749 0.997788 0
    outer loop
      vertex 18.3002 198.92 0.799999
      vertex 18 198.9 5
      vertex 18.3002 198.92 5
    endloop
  endfacet
  facet normal -0.0664749 0.997788 0
    outer loop
      vertex 18 198.9 5
      vertex 18.3002 198.92 0.799999
      vertex 18 198.9 0.799999
    endloop
  endfacet
  facet normal -0.660688 -0.750661 0
    outer loop
      vertex 19.4002 203.025 0.799999
      vertex 19.6263 202.826 5
      vertex 19.4002 203.025 5
    endloop
  endfacet
  facet normal -0.660688 -0.750661 -0
    outer loop
      vertex 19.6263 202.826 5
      vertex 19.4002 203.025 0.799999
      vertex 19.6263 202.826 0.799999
    endloop
  endfacet
  facet normal 0.751505 -0.659728 0
    outer loop
      vertex 16.1753 202.6 5
      vertex 16.3737 202.826 0.799999
      vertex 16.3737 202.826 5
    endloop
  endfacet
  facet normal 0.751505 -0.659728 0
    outer loop
      vertex 16.3737 202.826 0.799999
      vertex 16.1753 202.6 5
      vertex 16.1753 202.6 0.799999
    endloop
  endfacet
  facet normal 0.442153 -0.89694 0
    outer loop
      vertex 16.85 203.192 0.799999
      vertex 17.1198 203.325 5
      vertex 16.85 203.192 5
    endloop
  endfacet
  facet normal 0.442153 -0.89694 0
    outer loop
      vertex 17.1198 203.325 5
      vertex 16.85 203.192 0.799999
      vertex 17.1198 203.325 0.799999
    endloop
  endfacet
  facet normal -0.897069 -0.44189 0
    outer loop
      vertex 20.1249 202.08 0.799999
      vertex 19.9919 202.35 5
      vertex 19.9919 202.35 0.799999
    endloop
  endfacet
  facet normal -0.897069 -0.44189 0
    outer loop
      vertex 19.9919 202.35 5
      vertex 20.1249 202.08 0.799999
      vertex 20.1249 202.08 5
    endloop
  endfacet
  facet normal -0.831231 -0.555927 0
    outer loop
      vertex 19.9919 202.35 0.799999
      vertex 19.8247 202.6 5
      vertex 19.8247 202.6 0.799999
    endloop
  endfacet
  facet normal -0.831231 -0.555927 0
    outer loop
      vertex 19.8247 202.6 5
      vertex 19.9919 202.35 0.799999
      vertex 19.9919 202.35 5
    endloop
  endfacet
  facet normal -0.322302 -0.946637 0
    outer loop
      vertex 18.5953 203.422 0.799999
      vertex 18.8802 203.325 5
      vertex 18.5953 203.422 5
    endloop
  endfacet
  facet normal -0.322302 -0.946637 -0
    outer loop
      vertex 18.8802 203.325 5
      vertex 18.5953 203.422 0.799999
      vertex 18.8802 203.325 0.799999
    endloop
  endfacet
  facet normal -0.442153 -0.89694 0
    outer loop
      vertex 18.8802 203.325 0.799999
      vertex 19.15 203.192 5
      vertex 18.8802 203.325 5
    endloop
  endfacet
  facet normal -0.442153 -0.89694 -0
    outer loop
      vertex 19.15 203.192 5
      vertex 18.8802 203.325 0.799999
      vertex 19.15 203.192 0.799999
    endloop
  endfacet
  facet normal 0.946975 -0.321307 0
    outer loop
      vertex 15.7784 201.795 5
      vertex 15.8751 202.08 0.799999
      vertex 15.8751 202.08 5
    endloop
  endfacet
  facet normal 0.946975 -0.321307 0
    outer loop
      vertex 15.8751 202.08 0.799999
      vertex 15.7784 201.795 5
      vertex 15.7784 201.795 0.799999
    endloop
  endfacet
  facet normal 0.897069 -0.44189 0
    outer loop
      vertex 15.8751 202.08 5
      vertex 16.0081 202.35 0.799999
      vertex 16.0081 202.35 5
    endloop
  endfacet
  facet normal 0.897069 -0.44189 0
    outer loop
      vertex 16.0081 202.35 0.799999
      vertex 15.8751 202.08 5
      vertex 15.8751 202.08 0.799999
    endloop
  endfacet
  facet normal 0.980772 -0.195157 0
    outer loop
      vertex 15.7197 201.5 5
      vertex 15.7784 201.795 0.799999
      vertex 15.7784 201.795 5
    endloop
  endfacet
  facet normal 0.980772 -0.195157 0
    outer loop
      vertex 15.7784 201.795 0.799999
      vertex 15.7197 201.5 5
      vertex 15.7197 201.5 0.799999
    endloop
  endfacet
  facet normal 0.55516 -0.831743 0
    outer loop
      vertex 16.5998 203.025 0.799999
      vertex 16.85 203.192 5
      vertex 16.5998 203.025 5
    endloop
  endfacet
  facet normal 0.55516 -0.831743 0
    outer loop
      vertex 16.85 203.192 5
      vertex 16.5998 203.025 0.799999
      vertex 16.85 203.192 0.799999
    endloop
  endfacet
  facet normal 0.322302 -0.946637 0
    outer loop
      vertex 17.1198 203.325 0.799999
      vertex 17.4047 203.422 5
      vertex 17.1198 203.325 5
    endloop
  endfacet
  facet normal 0.322302 -0.946637 0
    outer loop
      vertex 17.4047 203.422 5
      vertex 17.1198 203.325 0.799999
      vertex 17.4047 203.422 0.799999
    endloop
  endfacet
  facet normal -0.192854 0.981227 0
    outer loop
      vertex 18.5953 198.978 0.799999
      vertex 18.3002 198.92 5
      vertex 18.5953 198.978 5
    endloop
  endfacet
  facet normal -0.192854 0.981227 0
    outer loop
      vertex 18.3002 198.92 5
      vertex 18.5953 198.978 0.799999
      vertex 18.3002 198.92 0.799999
    endloop
  endfacet
  facet normal -0.946975 -0.321307 0
    outer loop
      vertex 20.2216 201.795 0.799999
      vertex 20.1249 202.08 5
      vertex 20.1249 202.08 0.799999
    endloop
  endfacet
  facet normal -0.946975 -0.321307 0
    outer loop
      vertex 20.1249 202.08 5
      vertex 20.2216 201.795 0.799999
      vertex 20.2216 201.795 5
    endloop
  endfacet
  facet normal -0.980772 -0.195157 0
    outer loop
      vertex 20.2803 201.5 0.799999
      vertex 20.2216 201.795 5
      vertex 20.2216 201.795 0.799999
    endloop
  endfacet
  facet normal -0.980772 -0.195157 0
    outer loop
      vertex 20.2216 201.795 5
      vertex 20.2803 201.5 0.799999
      vertex 20.2803 201.5 5
    endloop
  endfacet
  facet normal -0.751505 -0.659728 0
    outer loop
      vertex 19.8247 202.6 0.799999
      vertex 19.6263 202.826 5
      vertex 19.6263 202.826 0.799999
    endloop
  endfacet
  facet normal -0.751505 -0.659728 0
    outer loop
      vertex 19.6263 202.826 5
      vertex 19.8247 202.6 0.799999
      vertex 19.8247 202.6 5
    endloop
  endfacet
  facet normal -0.192854 -0.981227 0
    outer loop
      vertex 18.3002 203.48 0.799999
      vertex 18.5953 203.422 5
      vertex 18.3002 203.48 5
    endloop
  endfacet
  facet normal -0.192854 -0.981227 -0
    outer loop
      vertex 18.5953 203.422 5
      vertex 18.3002 203.48 0.799999
      vertex 18.5953 203.422 0.799999
    endloop
  endfacet
  facet normal -0.0664749 -0.997788 0
    outer loop
      vertex 18 203.5 0.799999
      vertex 18.3002 203.48 5
      vertex 18 203.5 5
    endloop
  endfacet
  facet normal -0.0664749 -0.997788 -0
    outer loop
      vertex 18.3002 203.48 5
      vertex 18 203.5 0.799999
      vertex 18.3002 203.48 0.799999
    endloop
  endfacet
  facet normal -0.55516 -0.831743 0
    outer loop
      vertex 19.15 203.192 0.799999
      vertex 19.4002 203.025 5
      vertex 19.15 203.192 5
    endloop
  endfacet
  facet normal -0.55516 -0.831743 -0
    outer loop
      vertex 19.4002 203.025 5
      vertex 19.15 203.192 0.799999
      vertex 19.4002 203.025 0.799999
    endloop
  endfacet
  facet normal 0 0 1
    outer loop
      vertex 19.7 201.2 0.799999
      vertex 20.3 201.2 0.799999
      vertex 20.2803 201.5 0.799999
    endloop
  endfacet
  facet normal 0 0 1
    outer loop
      vertex 19.6855 201.422 0.799999
      vertex 20.2803 201.5 0.799999
      vertex 20.2216 201.795 0.799999
    endloop
  endfacet
  facet normal 0 0 1
    outer loop
      vertex 20.3 201.2 0.799999
      vertex 19.7 201.2 0.799999
      vertex 20.2803 200.9 0.799999
    endloop
  endfacet
  facet normal 0 0 1
    outer loop
      vertex 19.6421 201.64 0.799999
      vertex 20.2216 201.795 0.799999
      vertex 20.1249 202.08 0.799999
    endloop
  endfacet
  facet normal -0 0 1
    outer loop
      vertex 19.6855 200.978 0.799999
      vertex 20.2803 200.9 0.799999
      vertex 19.7 201.2 0.799999
    endloop
  endfacet
  facet normal 0 0 1
    outer loop
      vertex 19.5706 201.851 0.799999
      vertex 20.1249 202.08 0.799999
      vertex 19.9919 202.35 0.799999
    endloop
  endfacet
  facet normal 0 0 1
    outer loop
      vertex 20.2803 200.9 0.799999
      vertex 19.6855 200.978 0.799999
      vertex 20.2216 200.605 0.799999
    endloop
  endfacet
  facet normal 0 0 1
    outer loop
      vertex 19.4722 202.05 0.799999
      vertex 19.9919 202.35 0.799999
      vertex 19.8247 202.6 0.799999
    endloop
  endfacet
  facet normal -0 0 1
    outer loop
      vertex 19.6421 200.76 0.799999
      vertex 20.2216 200.605 0.799999
      vertex 19.6855 200.978 0.799999
    endloop
  endfacet
  facet normal 0 0 1
    outer loop
      vertex 20.2216 200.605 0.799999
      vertex 19.6421 200.76 0.799999
      vertex 20.1249 200.32 0.799999
    endloop
  endfacet
  facet normal 0 0 1
    outer loop
      vertex 20.2803 201.5 0.799999
      vertex 19.6855 201.422 0.799999
      vertex 19.7 201.2 0.799999
    endloop
  endfacet
  facet normal 0 0 1
    outer loop
      vertex 20.2216 201.795 0.799999
      vertex 19.6421 201.64 0.799999
      vertex 19.6855 201.422 0.799999
    endloop
  endfacet
  facet normal 0 0 1
    outer loop
      vertex 19.3487 202.235 0.799999
      vertex 19.8247 202.6 0.799999
      vertex 19.6263 202.826 0.799999
    endloop
  endfacet
  facet normal 0 0 1
    outer loop
      vertex 20.1249 202.08 0.799999
      vertex 19.5706 201.851 0.799999
      vertex 19.6421 201.64 0.799999
    endloop
  endfacet
  facet normal 0 0 1
    outer loop
      vertex 19.9919 202.35 0.799999
      vertex 19.4722 202.05 0.799999
      vertex 19.5706 201.851 0.799999
    endloop
  endfacet
  facet normal 0 0 1
    outer loop
      vertex 19.2021 202.402 0.799999
      vertex 19.6263 202.826 0.799999
      vertex 19.4002 203.025 0.799999
    endloop
  endfacet
  facet normal 0 0 1
    outer loop
      vertex 19.8247 202.6 0.799999
      vertex 19.3487 202.235 0.799999
      vertex 19.4722 202.05 0.799999
    endloop
  endfacet
  facet normal 0 0 1
    outer loop
      vertex 19.6263 202.826 0.799999
      vertex 19.2021 202.402 0.799999
      vertex 19.3487 202.235 0.799999
    endloop
  endfacet
  facet normal 0 0 1
    outer loop
      vertex 19.0349 202.549 0.799999
      vertex 19.4002 203.025 0.799999
      vertex 19.15 203.192 0.799999
    endloop
  endfacet
  facet normal 0 0 1
    outer loop
      vertex 19.4002 203.025 0.799999
      vertex 19.0349 202.549 0.799999
      vertex 19.2021 202.402 0.799999
    endloop
  endfacet
  facet normal 0 0 1
    outer loop
      vertex 18.85 202.672 0.799999
      vertex 19.15 203.192 0.799999
      vertex 18.8802 203.325 0.799999
    endloop
  endfacet
  facet normal 0 0 1
    outer loop
      vertex 19.15 203.192 0.799999
      vertex 18.85 202.672 0.799999
      vertex 19.0349 202.549 0.799999
    endloop
  endfacet
  facet normal 0 0 1
    outer loop
      vertex 18.8802 203.325 0.799999
      vertex 18.6506 202.771 0.799999
      vertex 18.85 202.672 0.799999
    endloop
  endfacet
  facet normal 0 0 1
    outer loop
      vertex 18.5953 203.422 0.799999
      vertex 18.6506 202.771 0.799999
      vertex 18.8802 203.325 0.799999
    endloop
  endfacet
  facet normal 0 0 1
    outer loop
      vertex 18.5953 203.422 0.799999
      vertex 18.44 202.842 0.799999
      vertex 18.6506 202.771 0.799999
    endloop
  endfacet
  facet normal 0 0 1
    outer loop
      vertex 18.3002 203.48 0.799999
      vertex 18.44 202.842 0.799999
      vertex 18.5953 203.422 0.799999
    endloop
  endfacet
  facet normal 0 0 1
    outer loop
      vertex 18.3002 203.48 0.799999
      vertex 18.2219 202.885 0.799999
      vertex 18.44 202.842 0.799999
    endloop
  endfacet
  facet normal 0 0 1
    outer loop
      vertex 18 203.5 0.799999
      vertex 18.2219 202.885 0.799999
      vertex 18.3002 203.48 0.799999
    endloop
  endfacet
  facet normal 0 0 1
    outer loop
      vertex 18 203.5 0.799999
      vertex 18 202.9 0.799999
      vertex 18.2219 202.885 0.799999
    endloop
  endfacet
  facet normal 0 0 1
    outer loop
      vertex 18 203.5 0.799999
      vertex 17.7781 202.885 0.799999
      vertex 18 202.9 0.799999
    endloop
  endfacet
  facet normal -0 0 1
    outer loop
      vertex 17.6998 203.48 0.799999
      vertex 17.7781 202.885 0.799999
      vertex 18 203.5 0.799999
    endloop
  endfacet
  facet normal 0 0 1
    outer loop
      vertex 17.6998 203.48 0.799999
      vertex 17.56 202.842 0.799999
      vertex 17.7781 202.885 0.799999
    endloop
  endfacet
  facet normal -0 0 1
    outer loop
      vertex 17.4047 203.422 0.799999
      vertex 17.56 202.842 0.799999
      vertex 17.6998 203.48 0.799999
    endloop
  endfacet
  facet normal 0 0 1
    outer loop
      vertex 17.4047 203.422 0.799999
      vertex 17.3494 202.771 0.799999
      vertex 17.56 202.842 0.799999
    endloop
  endfacet
  facet normal -0 0 1
    outer loop
      vertex 17.1198 203.325 0.799999
      vertex 17.3494 202.771 0.799999
      vertex 17.4047 203.422 0.799999
    endloop
  endfacet
  facet normal 0 0 1
    outer loop
      vertex 17.3494 202.771 0.799999
      vertex 17.1198 203.325 0.799999
      vertex 17.15 202.672 0.799999
    endloop
  endfacet
  facet normal -0 0 1
    outer loop
      vertex 16.85 203.192 0.799999
      vertex 17.15 202.672 0.799999
      vertex 17.1198 203.325 0.799999
    endloop
  endfacet
  facet normal 0 0 1
    outer loop
      vertex 17.15 202.672 0.799999
      vertex 16.85 203.192 0.799999
      vertex 16.9651 202.549 0.799999
    endloop
  endfacet
  facet normal -0 0 1
    outer loop
      vertex 16.5998 203.025 0.799999
      vertex 16.9651 202.549 0.799999
      vertex 16.85 203.192 0.799999
    endloop
  endfacet
  facet normal 0 0 1
    outer loop
      vertex 16.9651 202.549 0.799999
      vertex 16.5998 203.025 0.799999
      vertex 16.7979 202.402 0.799999
    endloop
  endfacet
  facet normal -0 0 1
    outer loop
      vertex 16.3737 202.826 0.799999
      vertex 16.7979 202.402 0.799999
      vertex 16.5998 203.025 0.799999
    endloop
  endfacet
  facet normal 0 0 1
    outer loop
      vertex 16.7979 202.402 0.799999
      vertex 16.3737 202.826 0.799999
      vertex 16.6513 202.235 0.799999
    endloop
  endfacet
  facet normal -0 0 1
    outer loop
      vertex 16.1753 202.6 0.799999
      vertex 16.6513 202.235 0.799999
      vertex 16.3737 202.826 0.799999
    endloop
  endfacet
  facet normal 0 0 1
    outer loop
      vertex 16.6513 202.235 0.799999
      vertex 16.1753 202.6 0.799999
      vertex 16.5278 202.05 0.799999
    endloop
  endfacet
  facet normal -0 0 1
    outer loop
      vertex 16.0081 202.35 0.799999
      vertex 16.5278 202.05 0.799999
      vertex 16.1753 202.6 0.799999
    endloop
  endfacet
  facet normal 0 0 1
    outer loop
      vertex 16.5278 202.05 0.799999
      vertex 16.0081 202.35 0.799999
      vertex 16.4294 201.851 0.799999
    endloop
  endfacet
  facet normal -0 0 1
    outer loop
      vertex 15.8751 202.08 0.799999
      vertex 16.4294 201.851 0.799999
      vertex 16.0081 202.35 0.799999
    endloop
  endfacet
  facet normal 0 0 1
    outer loop
      vertex 16.4294 201.851 0.799999
      vertex 15.8751 202.08 0.799999
      vertex 16.3579 201.64 0.799999
    endloop
  endfacet
  facet normal -0 0 1
    outer loop
      vertex 19.5706 200.549 0.799999
      vertex 20.1249 200.32 0.799999
      vertex 19.6421 200.76 0.799999
    endloop
  endfacet
  facet normal 0 0 1
    outer loop
      vertex 20.1249 200.32 0.799999
      vertex 19.5706 200.549 0.799999
      vertex 19.9919 200.05 0.799999
    endloop
  endfacet
  facet normal -0 0 1
    outer loop
      vertex 19.4722 200.35 0.799999
      vertex 19.9919 200.05 0.799999
      vertex 19.5706 200.549 0.799999
    endloop
  endfacet
  facet normal 0 0 1
    outer loop
      vertex 19.9919 200.05 0.799999
      vertex 19.4722 200.35 0.799999
      vertex 19.8247 199.8 0.799999
    endloop
  endfacet
  facet normal -0 0 1
    outer loop
      vertex 19.3487 200.165 0.799999
      vertex 19.8247 199.8 0.799999
      vertex 19.4722 200.35 0.799999
    endloop
  endfacet
  facet normal 0 0 1
    outer loop
      vertex 19.8247 199.8 0.799999
      vertex 19.3487 200.165 0.799999
      vertex 19.6263 199.574 0.799999
    endloop
  endfacet
  facet normal -0 0 1
    outer loop
      vertex 19.2021 199.998 0.799999
      vertex 19.6263 199.574 0.799999
      vertex 19.3487 200.165 0.799999
    endloop
  endfacet
  facet normal 0 0 1
    outer loop
      vertex 19.6263 199.574 0.799999
      vertex 19.2021 199.998 0.799999
      vertex 19.4002 199.375 0.799999
    endloop
  endfacet
  facet normal -0 0 1
    outer loop
      vertex 19.0349 199.851 0.799999
      vertex 19.4002 199.375 0.799999
      vertex 19.2021 199.998 0.799999
    endloop
  endfacet
  facet normal 0 0 1
    outer loop
      vertex 19.4002 199.375 0.799999
      vertex 19.0349 199.851 0.799999
      vertex 19.15 199.208 0.799999
    endloop
  endfacet
  facet normal -0 0 1
    outer loop
      vertex 18.85 199.728 0.799999
      vertex 19.15 199.208 0.799999
      vertex 19.0349 199.851 0.799999
    endloop
  endfacet
  facet normal 0 0 1
    outer loop
      vertex 19.15 199.208 0.799999
      vertex 18.85 199.728 0.799999
      vertex 18.8802 199.075 0.799999
    endloop
  endfacet
  facet normal -0 0 1
    outer loop
      vertex 18.6506 199.629 0.799999
      vertex 18.8802 199.075 0.799999
      vertex 18.85 199.728 0.799999
    endloop
  endfacet
  facet normal 0 0 1
    outer loop
      vertex 18.6506 199.629 0.799999
      vertex 18.5953 198.978 0.799999
      vertex 18.8802 199.075 0.799999
    endloop
  endfacet
  facet normal -0 0 1
    outer loop
      vertex 18.44 199.558 0.799999
      vertex 18.5953 198.978 0.799999
      vertex 18.6506 199.629 0.799999
    endloop
  endfacet
  facet normal 0 0 1
    outer loop
      vertex 18.44 199.558 0.799999
      vertex 18.3002 198.92 0.799999
      vertex 18.5953 198.978 0.799999
    endloop
  endfacet
  facet normal -0 0 1
    outer loop
      vertex 18.2219 199.515 0.799999
      vertex 18.3002 198.92 0.799999
      vertex 18.44 199.558 0.799999
    endloop
  endfacet
  facet normal -0 0 1
    outer loop
      vertex 18 199.5 0.799999
      vertex 18.3002 198.92 0.799999
      vertex 18.2219 199.515 0.799999
    endloop
  endfacet
  facet normal 0 0 1
    outer loop
      vertex 18 199.5 0.799999
      vertex 18 198.9 0.799999
      vertex 18.3002 198.92 0.799999
    endloop
  endfacet
  facet normal 0 0 1
    outer loop
      vertex 17.7781 199.515 0.799999
      vertex 18 198.9 0.799999
      vertex 18 199.5 0.799999
    endloop
  endfacet
  facet normal 0 0 1
    outer loop
      vertex 17.7781 199.515 0.799999
      vertex 17.6998 198.92 0.799999
      vertex 18 198.9 0.799999
    endloop
  endfacet
  facet normal 0 0 1
    outer loop
      vertex 17.56 199.558 0.799999
      vertex 17.6998 198.92 0.799999
      vertex 17.7781 199.515 0.799999
    endloop
  endfacet
  facet normal 0 0 1
    outer loop
      vertex 17.56 199.558 0.799999
      vertex 17.4047 198.978 0.799999
      vertex 17.6998 198.92 0.799999
    endloop
  endfacet
  facet normal 0 0 1
    outer loop
      vertex 17.3494 199.629 0.799999
      vertex 17.4047 198.978 0.799999
      vertex 17.56 199.558 0.799999
    endloop
  endfacet
  facet normal 0 0 1
    outer loop
      vertex 17.1198 199.075 0.799999
      vertex 17.3494 199.629 0.799999
      vertex 17.15 199.728 0.799999
    endloop
  endfacet
  facet normal 0 0 1
    outer loop
      vertex 17.3494 199.629 0.799999
      vertex 17.1198 199.075 0.799999
      vertex 17.4047 198.978 0.799999
    endloop
  endfacet
  facet normal 0 0 1
    outer loop
      vertex 16.85 199.208 0.799999
      vertex 17.15 199.728 0.799999
      vertex 16.9651 199.851 0.799999
    endloop
  endfacet
  facet normal 0 0 1
    outer loop
      vertex 17.15 199.728 0.799999
      vertex 16.85 199.208 0.799999
      vertex 17.1198 199.075 0.799999
    endloop
  endfacet
  facet normal 0 0 1
    outer loop
      vertex 16.5998 199.375 0.799999
      vertex 16.9651 199.851 0.799999
      vertex 16.7979 199.998 0.799999
    endloop
  endfacet
  facet normal 0 0 1
    outer loop
      vertex 16.3737 199.574 0.799999
      vertex 16.7979 199.998 0.799999
      vertex 16.6513 200.165 0.799999
    endloop
  endfacet
  facet normal 0 0 1
    outer loop
      vertex 16.9651 199.851 0.799999
      vertex 16.5998 199.375 0.799999
      vertex 16.85 199.208 0.799999
    endloop
  endfacet
  facet normal 0 0 1
    outer loop
      vertex 16.1753 199.8 0.799999
      vertex 16.6513 200.165 0.799999
      vertex 16.5278 200.35 0.799999
    endloop
  endfacet
  facet normal 0 0 1
    outer loop
      vertex 16.0081 200.05 0.799999
      vertex 16.5278 200.35 0.799999
      vertex 16.4294 200.549 0.799999
    endloop
  endfacet
  facet normal 0 0 1
    outer loop
      vertex 16.7979 199.998 0.799999
      vertex 16.3737 199.574 0.799999
      vertex 16.5998 199.375 0.799999
    endloop
  endfacet
  facet normal 0 0 1
    outer loop
      vertex 15.8751 200.32 0.799999
      vertex 16.4294 200.549 0.799999
      vertex 16.3579 200.76 0.799999
    endloop
  endfacet
  facet normal 0 0 1
    outer loop
      vertex 15.7784 200.605 0.799999
      vertex 16.3579 200.76 0.799999
      vertex 16.3145 200.978 0.799999
    endloop
  endfacet
  facet normal 0 0 1
    outer loop
      vertex 15.7197 200.9 0.799999
      vertex 16.3145 200.978 0.799999
      vertex 16.3 201.2 0.799999
    endloop
  endfacet
  facet normal -0 0 1
    outer loop
      vertex 15.7784 201.795 0.799999
      vertex 16.3579 201.64 0.799999
      vertex 15.8751 202.08 0.799999
    endloop
  endfacet
  facet normal 0 0 1
    outer loop
      vertex 16.6513 200.165 0.799999
      vertex 16.1753 199.8 0.799999
      vertex 16.3737 199.574 0.799999
    endloop
  endfacet
  facet normal 0 0 1
    outer loop
      vertex 16.3579 201.64 0.799999
      vertex 15.7784 201.795 0.799999
      vertex 16.3145 201.422 0.799999
    endloop
  endfacet
  facet normal 0 0 1
    outer loop
      vertex 16.5278 200.35 0.799999
      vertex 16.0081 200.05 0.799999
      vertex 16.1753 199.8 0.799999
    endloop
  endfacet
  facet normal -0 0 1
    outer loop
      vertex 15.7197 201.5 0.799999
      vertex 16.3145 201.422 0.799999
      vertex 15.7784 201.795 0.799999
    endloop
  endfacet
  facet normal 0 0 1
    outer loop
      vertex 16.4294 200.549 0.799999
      vertex 15.8751 200.32 0.799999
      vertex 16.0081 200.05 0.799999
    endloop
  endfacet
  facet normal 0 0 1
    outer loop
      vertex 16.3145 201.422 0.799999
      vertex 15.7197 201.5 0.799999
      vertex 16.3 201.2 0.799999
    endloop
  endfacet
  facet normal 0 0 1
    outer loop
      vertex 16.3579 200.76 0.799999
      vertex 15.7784 200.605 0.799999
      vertex 15.8751 200.32 0.799999
    endloop
  endfacet
  facet normal 0 0 1
    outer loop
      vertex 15.7 201.2 0.799999
      vertex 16.3 201.2 0.799999
      vertex 15.7197 201.5 0.799999
    endloop
  endfacet
  facet normal 0 0 1
    outer loop
      vertex 16.3145 200.978 0.799999
      vertex 15.7197 200.9 0.799999
      vertex 15.7784 200.605 0.799999
    endloop
  endfacet
  facet normal 0 0 1
    outer loop
      vertex 16.3 201.2 0.799999
      vertex 15.7 201.2 0.799999
      vertex 15.7197 200.9 0.799999
    endloop
  endfacet
  facet normal 0.997851 -0.0655255 0
    outer loop
      vertex 15.7 201.2 5
      vertex 15.7197 201.5 0.799999
      vertex 15.7197 201.5 5
    endloop
  endfacet
  facet normal 0.997851 -0.0655255 0
    outer loop
      vertex 15.7197 201.5 0.799999
      vertex 15.7 201.2 5
      vertex 15.7 201.2 0.799999
    endloop
  endfacet
  facet normal 0.660688 -0.750661 0
    outer loop
      vertex 16.3737 202.826 0.799999
      vertex 16.5998 203.025 5
      vertex 16.3737 202.826 5
    endloop
  endfacet
  facet normal 0.660688 -0.750661 0
    outer loop
      vertex 16.5998 203.025 5
      vertex 16.3737 202.826 0.799999
      vertex 16.5998 203.025 0.799999
    endloop
  endfacet
  facet normal 0.192854 -0.981227 0
    outer loop
      vertex 17.4047 203.422 0.799999
      vertex 17.6998 203.48 5
      vertex 17.4047 203.422 5
    endloop
  endfacet
  facet normal 0.192854 -0.981227 0
    outer loop
      vertex 17.6998 203.48 5
      vertex 17.4047 203.422 0.799999
      vertex 17.6998 203.48 0.799999
    endloop
  endfacet
  facet normal -0.751505 0.659728 0
    outer loop
      vertex 19.6263 199.574 0.799999
      vertex 19.8247 199.8 5
      vertex 19.8247 199.8 0.799999
    endloop
  endfacet
  facet normal -0.751505 0.659728 0
    outer loop
      vertex 19.8247 199.8 5
      vertex 19.6263 199.574 0.799999
      vertex 19.6263 199.574 5
    endloop
  endfacet
  facet normal -0.946975 0.321307 0
    outer loop
      vertex 20.1249 200.32 0.799999
      vertex 20.2216 200.605 5
      vertex 20.2216 200.605 0.799999
    endloop
  endfacet
  facet normal -0.946975 0.321307 0
    outer loop
      vertex 20.2216 200.605 5
      vertex 20.1249 200.32 0.799999
      vertex 20.1249 200.32 5
    endloop
  endfacet
  facet normal -0.980772 0.195157 0
    outer loop
      vertex 20.2216 200.605 0.799999
      vertex 20.2803 200.9 5
      vertex 20.2803 200.9 0.799999
    endloop
  endfacet
  facet normal -0.980772 0.195157 0
    outer loop
      vertex 20.2803 200.9 5
      vertex 20.2216 200.605 0.799999
      vertex 20.2216 200.605 5
    endloop
  endfacet
  facet normal 0.322302 0.946637 -0
    outer loop
      vertex 17.4047 198.978 0.799999
      vertex 17.1198 199.075 5
      vertex 17.4047 198.978 5
    endloop
  endfacet
  facet normal 0.322302 0.946637 0
    outer loop
      vertex 17.1198 199.075 5
      vertex 17.4047 198.978 0.799999
      vertex 17.1198 199.075 0.799999
    endloop
  endfacet
  facet normal 0.831231 0.555927 0
    outer loop
      vertex 16.1753 199.8 5
      vertex 16.0081 200.05 0.799999
      vertex 16.0081 200.05 5
    endloop
  endfacet
  facet normal 0.831231 0.555927 0
    outer loop
      vertex 16.0081 200.05 0.799999
      vertex 16.1753 199.8 5
      vertex 16.1753 199.8 0.799999
    endloop
  endfacet
  facet normal -0.442153 0.89694 0
    outer loop
      vertex 19.15 199.208 0.799999
      vertex 18.8802 199.075 5
      vertex 19.15 199.208 5
    endloop
  endfacet
  facet normal -0.442153 0.89694 0
    outer loop
      vertex 18.8802 199.075 5
      vertex 19.15 199.208 0.799999
      vertex 18.8802 199.075 0.799999
    endloop
  endfacet
  facet normal 0.831231 -0.555927 0
    outer loop
      vertex 16.0081 202.35 5
      vertex 16.1753 202.6 0.799999
      vertex 16.1753 202.6 5
    endloop
  endfacet
  facet normal 0.831231 -0.555927 0
    outer loop
      vertex 16.1753 202.6 0.799999
      vertex 16.0081 202.35 5
      vertex 16.0081 202.35 0.799999
    endloop
  endfacet
  facet normal 0.997851 0.0655255 0
    outer loop
      vertex 15.7197 200.9 5
      vertex 15.7 201.2 0.799999
      vertex 15.7 201.2 5
    endloop
  endfacet
  facet normal 0.997851 0.0655255 0
    outer loop
      vertex 15.7 201.2 0.799999
      vertex 15.7197 200.9 5
      vertex 15.7197 200.9 0.799999
    endloop
  endfacet
  facet normal -0.831231 0.555927 0
    outer loop
      vertex 19.8247 199.8 0.799999
      vertex 19.9919 200.05 5
      vertex 19.9919 200.05 0.799999
    endloop
  endfacet
  facet normal -0.831231 0.555927 0
    outer loop
      vertex 19.9919 200.05 5
      vertex 19.8247 199.8 0.799999
      vertex 19.8247 199.8 5
    endloop
  endfacet
  facet normal -0.55516 0.831743 0
    outer loop
      vertex 19.4002 199.375 0.799999
      vertex 19.15 199.208 5
      vertex 19.4002 199.375 5
    endloop
  endfacet
  facet normal -0.55516 0.831743 0
    outer loop
      vertex 19.15 199.208 5
      vertex 19.4002 199.375 0.799999
      vertex 19.15 199.208 0.799999
    endloop
  endfacet
  facet normal -0.660688 0.750661 0
    outer loop
      vertex 19.6263 199.574 0.799999
      vertex 19.4002 199.375 5
      vertex 19.6263 199.574 5
    endloop
  endfacet
  facet normal -0.660688 0.750661 0
    outer loop
      vertex 19.4002 199.375 5
      vertex 19.6263 199.574 0.799999
      vertex 19.4002 199.375 0.799999
    endloop
  endfacet
  facet normal -0.997851 0.0655255 0
    outer loop
      vertex 20.2803 200.9 0.799999
      vertex 20.3 201.2 5
      vertex 20.3 201.2 0.799999
    endloop
  endfacet
  facet normal -0.997851 0.0655255 0
    outer loop
      vertex 20.3 201.2 5
      vertex 20.2803 200.9 0.799999
      vertex 20.2803 200.9 5
    endloop
  endfacet
  facet normal 0.192854 0.981227 -0
    outer loop
      vertex 17.6998 198.92 0.799999
      vertex 17.4047 198.978 5
      vertex 17.6998 198.92 5
    endloop
  endfacet
  facet normal 0.192854 0.981227 0
    outer loop
      vertex 17.4047 198.978 5
      vertex 17.6998 198.92 0.799999
      vertex 17.4047 198.978 0.799999
    endloop
  endfacet
  facet normal 0.55516 0.831743 -0
    outer loop
      vertex 16.85 199.208 0.799999
      vertex 16.5998 199.375 5
      vertex 16.85 199.208 5
    endloop
  endfacet
  facet normal 0.55516 0.831743 0
    outer loop
      vertex 16.5998 199.375 5
      vertex 16.85 199.208 0.799999
      vertex 16.5998 199.375 0.799999
    endloop
  endfacet
  facet normal 0.897069 0.44189 0
    outer loop
      vertex 16.0081 200.05 5
      vertex 15.8751 200.32 0.799999
      vertex 15.8751 200.32 5
    endloop
  endfacet
  facet normal 0.897069 0.44189 0
    outer loop
      vertex 15.8751 200.32 0.799999
      vertex 16.0081 200.05 5
      vertex 16.0081 200.05 0.799999
    endloop
  endfacet
  facet normal 0.980772 0.195157 0
    outer loop
      vertex 15.7784 200.605 5
      vertex 15.7197 200.9 0.799999
      vertex 15.7197 200.9 5
    endloop
  endfacet
  facet normal 0.980772 0.195157 0
    outer loop
      vertex 15.7197 200.9 0.799999
      vertex 15.7784 200.605 5
      vertex 15.7784 200.605 0.799999
    endloop
  endfacet
  facet normal -0.322302 0.946637 0
    outer loop
      vertex 18.8802 199.075 0.799999
      vertex 18.5953 198.978 5
      vertex 18.8802 199.075 5
    endloop
  endfacet
  facet normal -0.322302 0.946637 0
    outer loop
      vertex 18.5953 198.978 5
      vertex 18.8802 199.075 0.799999
      vertex 18.5953 198.978 0.799999
    endloop
  endfacet
  facet normal -0.897069 0.44189 0
    outer loop
      vertex 19.9919 200.05 0.799999
      vertex 20.1249 200.32 5
      vertex 20.1249 200.32 0.799999
    endloop
  endfacet
  facet normal -0.897069 0.44189 0
    outer loop
      vertex 20.1249 200.32 5
      vertex 19.9919 200.05 0.799999
      vertex 19.9919 200.05 5
    endloop
  endfacet
  facet normal 0.0664749 0.997788 -0
    outer loop
      vertex 18 198.9 0.799999
      vertex 17.6998 198.92 5
      vertex 18 198.9 5
    endloop
  endfacet
  facet normal 0.0664749 0.997788 0
    outer loop
      vertex 17.6998 198.92 5
      vertex 18 198.9 0.799999
      vertex 17.6998 198.92 0.799999
    endloop
  endfacet
  facet normal 0.442153 0.89694 -0
    outer loop
      vertex 17.1198 199.075 0.799999
      vertex 16.85 199.208 5
      vertex 17.1198 199.075 5
    endloop
  endfacet
  facet normal 0.442153 0.89694 0
    outer loop
      vertex 16.85 199.208 5
      vertex 17.1198 199.075 0.799999
      vertex 16.85 199.208 0.799999
    endloop
  endfacet
  facet normal 0.660688 0.750661 -0
    outer loop
      vertex 16.5998 199.375 0.799999
      vertex 16.3737 199.574 5
      vertex 16.5998 199.375 5
    endloop
  endfacet
  facet normal 0.660688 0.750661 0
    outer loop
      vertex 16.3737 199.574 5
      vertex 16.5998 199.375 0.799999
      vertex 16.3737 199.574 0.799999
    endloop
  endfacet
  facet normal 0.751505 0.659728 0
    outer loop
      vertex 16.3737 199.574 5
      vertex 16.1753 199.8 0.799999
      vertex 16.1753 199.8 5
    endloop
  endfacet
  facet normal 0.751505 0.659728 0
    outer loop
      vertex 16.1753 199.8 0.799999
      vertex 16.3737 199.574 5
      vertex 16.3737 199.574 0.799999
    endloop
  endfacet
  facet normal 0.946975 0.321307 0
    outer loop
      vertex 15.8751 200.32 5
      vertex 15.7784 200.605 0.799999
      vertex 15.7784 200.605 5
    endloop
  endfacet
  facet normal 0.946975 0.321307 0
    outer loop
      vertex 15.7784 200.605 0.799999
      vertex 15.8751 200.32 5
      vertex 15.8751 200.32 0.799999
    endloop
  endfacet
  facet normal -0.997788 -0.0664749 0
    outer loop
      vertex 203.5 18 0.799999
      vertex 203.48 18.3002 5
      vertex 203.48 18.3002 0.799999
    endloop
  endfacet
  facet normal -0.997788 -0.0664749 0
    outer loop
      vertex 203.48 18.3002 5
      vertex 203.5 18 0.799999
      vertex 203.5 18 5
    endloop
  endfacet
  facet normal 0.0655255 -0.997851 0
    outer loop
      vertex 200.9 20.2803 0.799999
      vertex 201.2 20.3 5
      vertex 200.9 20.2803 5
    endloop
  endfacet
  facet normal 0.0655255 -0.997851 0
    outer loop
      vertex 201.2 20.3 5
      vertex 200.9 20.2803 0.799999
      vertex 201.2 20.3 0.799999
    endloop
  endfacet
  facet normal -0.0655255 0.997851 0
    outer loop
      vertex 201.5 15.7197 0.799999
      vertex 201.2 15.7 5
      vertex 201.5 15.7197 5
    endloop
  endfacet
  facet normal -0.0655255 0.997851 0
    outer loop
      vertex 201.2 15.7 5
      vertex 201.5 15.7197 0.799999
      vertex 201.2 15.7 0.799999
    endloop
  endfacet
  facet normal -0.659728 -0.751505 0
    outer loop
      vertex 202.6 19.8247 0.799999
      vertex 202.826 19.6263 5
      vertex 202.6 19.8247 5
    endloop
  endfacet
  facet normal -0.659728 -0.751505 -0
    outer loop
      vertex 202.826 19.6263 5
      vertex 202.6 19.8247 0.799999
      vertex 202.826 19.6263 0.799999
    endloop
  endfacet
  facet normal 0.750661 -0.660688 0
    outer loop
      vertex 199.375 19.4002 5
      vertex 199.574 19.6263 0.799999
      vertex 199.574 19.6263 5
    endloop
  endfacet
  facet normal 0.750661 -0.660688 0
    outer loop
      vertex 199.574 19.6263 0.799999
      vertex 199.375 19.4002 5
      vertex 199.375 19.4002 0.799999
    endloop
  endfacet
  facet normal 0.44189 -0.897069 0
    outer loop
      vertex 200.05 19.9919 0.799999
      vertex 200.32 20.1249 5
      vertex 200.05 19.9919 5
    endloop
  endfacet
  facet normal 0.44189 -0.897069 0
    outer loop
      vertex 200.32 20.1249 5
      vertex 200.05 19.9919 0.799999
      vertex 200.32 20.1249 0.799999
    endloop
  endfacet
  facet normal 0.946637 0.322302 0
    outer loop
      vertex 199.075 17.1198 5
      vertex 198.978 17.4047 0.799999
      vertex 198.978 17.4047 5
    endloop
  endfacet
  facet normal 0.946637 0.322302 0
    outer loop
      vertex 198.978 17.4047 0.799999
      vertex 199.075 17.1198 5
      vertex 199.075 17.1198 0.799999
    endloop
  endfacet
  facet normal -0.89694 -0.442153 0
    outer loop
      vertex 203.325 18.8802 0.799999
      vertex 203.192 19.15 5
      vertex 203.192 19.15 0.799999
    endloop
  endfacet
  facet normal -0.89694 -0.442153 0
    outer loop
      vertex 203.192 19.15 5
      vertex 203.325 18.8802 0.799999
      vertex 203.325 18.8802 5
    endloop
  endfacet
  facet normal -0.831743 -0.55516 0
    outer loop
      vertex 203.192 19.15 0.799999
      vertex 203.025 19.4002 5
      vertex 203.025 19.4002 0.799999
    endloop
  endfacet
  facet normal -0.831743 -0.55516 0
    outer loop
      vertex 203.025 19.4002 5
      vertex 203.192 19.15 0.799999
      vertex 203.192 19.15 5
    endloop
  endfacet
  facet normal -0.321307 -0.946975 0
    outer loop
      vertex 201.795 20.2216 0.799999
      vertex 202.08 20.1249 5
      vertex 201.795 20.2216 5
    endloop
  endfacet
  facet normal -0.321307 -0.946975 -0
    outer loop
      vertex 202.08 20.1249 5
      vertex 201.795 20.2216 0.799999
      vertex 202.08 20.1249 0.799999
    endloop
  endfacet
  facet normal -0.195157 -0.980772 0
    outer loop
      vertex 201.5 20.2803 0.799999
      vertex 201.795 20.2216 5
      vertex 201.5 20.2803 5
    endloop
  endfacet
  facet normal -0.195157 -0.980772 -0
    outer loop
      vertex 201.795 20.2216 5
      vertex 201.5 20.2803 0.799999
      vertex 201.795 20.2216 0.799999
    endloop
  endfacet
  facet normal -0.44189 -0.897069 0
    outer loop
      vertex 202.08 20.1249 0.799999
      vertex 202.35 19.9919 5
      vertex 202.08 20.1249 5
    endloop
  endfacet
  facet normal -0.44189 -0.897069 -0
    outer loop
      vertex 202.35 19.9919 5
      vertex 202.08 20.1249 0.799999
      vertex 202.35 19.9919 0.799999
    endloop
  endfacet
  facet normal 0.89694 -0.442153 0
    outer loop
      vertex 199.075 18.8802 5
      vertex 199.208 19.15 0.799999
      vertex 199.208 19.15 5
    endloop
  endfacet
  facet normal 0.89694 -0.442153 0
    outer loop
      vertex 199.208 19.15 0.799999
      vertex 199.075 18.8802 5
      vertex 199.075 18.8802 0.799999
    endloop
  endfacet
  facet normal 0 0 1
    outer loop
      vertex 202.9 18 0.799999
      vertex 203.5 18 0.799999
      vertex 203.48 18.3002 0.799999
    endloop
  endfacet
  facet normal 0 0 1
    outer loop
      vertex 202.885 18.2219 0.799999
      vertex 203.48 18.3002 0.799999
      vertex 203.422 18.5953 0.799999
    endloop
  endfacet
  facet normal 0 0 1
    outer loop
      vertex 203.5 18 0.799999
      vertex 202.9 18 0.799999
      vertex 203.48 17.6998 0.799999
    endloop
  endfacet
  facet normal 0 0 1
    outer loop
      vertex 202.842 18.44 0.799999
      vertex 203.422 18.5953 0.799999
      vertex 203.325 18.8802 0.799999
    endloop
  endfacet
  facet normal -0 0 1
    outer loop
      vertex 202.885 17.7781 0.799999
      vertex 203.48 17.6998 0.799999
      vertex 202.9 18 0.799999
    endloop
  endfacet
  facet normal 0 0 1
    outer loop
      vertex 202.771 18.6506 0.799999
      vertex 203.325 18.8802 0.799999
      vertex 203.192 19.15 0.799999
    endloop
  endfacet
  facet normal 0 0 1
    outer loop
      vertex 203.48 17.6998 0.799999
      vertex 202.885 17.7781 0.799999
      vertex 203.422 17.4047 0.799999
    endloop
  endfacet
  facet normal 0 0 1
    outer loop
      vertex 202.672 18.85 0.799999
      vertex 203.192 19.15 0.799999
      vertex 203.025 19.4002 0.799999
    endloop
  endfacet
  facet normal -0 0 1
    outer loop
      vertex 202.842 17.56 0.799999
      vertex 203.422 17.4047 0.799999
      vertex 202.885 17.7781 0.799999
    endloop
  endfacet
  facet normal 0 0 1
    outer loop
      vertex 203.422 17.4047 0.799999
      vertex 202.842 17.56 0.799999
      vertex 203.325 17.1198 0.799999
    endloop
  endfacet
  facet normal 0 0 1
    outer loop
      vertex 203.48 18.3002 0.799999
      vertex 202.885 18.2219 0.799999
      vertex 202.9 18 0.799999
    endloop
  endfacet
  facet normal 0 0 1
    outer loop
      vertex 203.422 18.5953 0.799999
      vertex 202.842 18.44 0.799999
      vertex 202.885 18.2219 0.799999
    endloop
  endfacet
  facet normal 0 0 1
    outer loop
      vertex 202.549 19.0349 0.799999
      vertex 203.025 19.4002 0.799999
      vertex 202.826 19.6263 0.799999
    endloop
  endfacet
  facet normal 0 0 1
    outer loop
      vertex 203.325 18.8802 0.799999
      vertex 202.771 18.6506 0.799999
      vertex 202.842 18.44 0.799999
    endloop
  endfacet
  facet normal 0 0 1
    outer loop
      vertex 203.192 19.15 0.799999
      vertex 202.672 18.85 0.799999
      vertex 202.771 18.6506 0.799999
    endloop
  endfacet
  facet normal 0 0 1
    outer loop
      vertex 202.402 19.2021 0.799999
      vertex 202.826 19.6263 0.799999
      vertex 202.6 19.8247 0.799999
    endloop
  endfacet
  facet normal 0 0 1
    outer loop
      vertex 203.025 19.4002 0.799999
      vertex 202.549 19.0349 0.799999
      vertex 202.672 18.85 0.799999
    endloop
  endfacet
  facet normal 0 0 1
    outer loop
      vertex 202.826 19.6263 0.799999
      vertex 202.402 19.2021 0.799999
      vertex 202.549 19.0349 0.799999
    endloop
  endfacet
  facet normal 0 0 1
    outer loop
      vertex 202.235 19.3487 0.799999
      vertex 202.6 19.8247 0.799999
      vertex 202.35 19.9919 0.799999
    endloop
  endfacet
  facet normal 0 0 1
    outer loop
      vertex 202.6 19.8247 0.799999
      vertex 202.235 19.3487 0.799999
      vertex 202.402 19.2021 0.799999
    endloop
  endfacet
  facet normal 0 0 1
    outer loop
      vertex 202.05 19.4722 0.799999
      vertex 202.35 19.9919 0.799999
      vertex 202.08 20.1249 0.799999
    endloop
  endfacet
  facet normal 0 0 1
    outer loop
      vertex 202.35 19.9919 0.799999
      vertex 202.05 19.4722 0.799999
      vertex 202.235 19.3487 0.799999
    endloop
  endfacet
  facet normal 0 0 1
    outer loop
      vertex 202.08 20.1249 0.799999
      vertex 201.851 19.5706 0.799999
      vertex 202.05 19.4722 0.799999
    endloop
  endfacet
  facet normal 0 0 1
    outer loop
      vertex 201.795 20.2216 0.799999
      vertex 201.851 19.5706 0.799999
      vertex 202.08 20.1249 0.799999
    endloop
  endfacet
  facet normal 0 0 1
    outer loop
      vertex 201.795 20.2216 0.799999
      vertex 201.64 19.6421 0.799999
      vertex 201.851 19.5706 0.799999
    endloop
  endfacet
  facet normal 0 0 1
    outer loop
      vertex 201.5 20.2803 0.799999
      vertex 201.64 19.6421 0.799999
      vertex 201.795 20.2216 0.799999
    endloop
  endfacet
  facet normal 0 0 1
    outer loop
      vertex 201.5 20.2803 0.799999
      vertex 201.422 19.6855 0.799999
      vertex 201.64 19.6421 0.799999
    endloop
  endfacet
  facet normal 0 0 1
    outer loop
      vertex 201.2 20.3 0.799999
      vertex 201.422 19.6855 0.799999
      vertex 201.5 20.2803 0.799999
    endloop
  endfacet
  facet normal 0 0 1
    outer loop
      vertex 201.2 20.3 0.799999
      vertex 201.2 19.7 0.799999
      vertex 201.422 19.6855 0.799999
    endloop
  endfacet
  facet normal 0 0 1
    outer loop
      vertex 201.2 20.3 0.799999
      vertex 200.978 19.6855 0.799999
      vertex 201.2 19.7 0.799999
    endloop
  endfacet
  facet normal -0 0 1
    outer loop
      vertex 200.9 20.2803 0.799999
      vertex 200.978 19.6855 0.799999
      vertex 201.2 20.3 0.799999
    endloop
  endfacet
  facet normal 0 0 1
    outer loop
      vertex 200.9 20.2803 0.799999
      vertex 200.76 19.6421 0.799999
      vertex 200.978 19.6855 0.799999
    endloop
  endfacet
  facet normal -0 0 1
    outer loop
      vertex 200.605 20.2216 0.799999
      vertex 200.76 19.6421 0.799999
      vertex 200.9 20.2803 0.799999
    endloop
  endfacet
  facet normal 0 0 1
    outer loop
      vertex 200.605 20.2216 0.799999
      vertex 200.549 19.5706 0.799999
      vertex 200.76 19.6421 0.799999
    endloop
  endfacet
  facet normal -0 0 1
    outer loop
      vertex 200.32 20.1249 0.799999
      vertex 200.549 19.5706 0.799999
      vertex 200.605 20.2216 0.799999
    endloop
  endfacet
  facet normal 0 0 1
    outer loop
      vertex 200.549 19.5706 0.799999
      vertex 200.32 20.1249 0.799999
      vertex 200.35 19.4722 0.799999
    endloop
  endfacet
  facet normal -0 0 1
    outer loop
      vertex 200.05 19.9919 0.799999
      vertex 200.35 19.4722 0.799999
      vertex 200.32 20.1249 0.799999
    endloop
  endfacet
  facet normal 0 0 1
    outer loop
      vertex 200.35 19.4722 0.799999
      vertex 200.05 19.9919 0.799999
      vertex 200.165 19.3487 0.799999
    endloop
  endfacet
  facet normal -0 0 1
    outer loop
      vertex 199.8 19.8247 0.799999
      vertex 200.165 19.3487 0.799999
      vertex 200.05 19.9919 0.799999
    endloop
  endfacet
  facet normal 0 0 1
    outer loop
      vertex 200.165 19.3487 0.799999
      vertex 199.8 19.8247 0.799999
      vertex 199.998 19.2021 0.799999
    endloop
  endfacet
  facet normal -0 0 1
    outer loop
      vertex 199.574 19.6263 0.799999
      vertex 199.998 19.2021 0.799999
      vertex 199.8 19.8247 0.799999
    endloop
  endfacet
  facet normal 0 0 1
    outer loop
      vertex 199.998 19.2021 0.799999
      vertex 199.574 19.6263 0.799999
      vertex 199.851 19.0349 0.799999
    endloop
  endfacet
  facet normal -0 0 1
    outer loop
      vertex 199.375 19.4002 0.799999
      vertex 199.851 19.0349 0.799999
      vertex 199.574 19.6263 0.799999
    endloop
  endfacet
  facet normal 0 0 1
    outer loop
      vertex 199.851 19.0349 0.799999
      vertex 199.375 19.4002 0.799999
      vertex 199.728 18.85 0.799999
    endloop
  endfacet
  facet normal -0 0 1
    outer loop
      vertex 199.208 19.15 0.799999
      vertex 199.728 18.85 0.799999
      vertex 199.375 19.4002 0.799999
    endloop
  endfacet
  facet normal 0 0 1
    outer loop
      vertex 199.728 18.85 0.799999
      vertex 199.208 19.15 0.799999
      vertex 199.629 18.6506 0.799999
    endloop
  endfacet
  facet normal -0 0 1
    outer loop
      vertex 199.075 18.8802 0.799999
      vertex 199.629 18.6506 0.799999
      vertex 199.208 19.15 0.799999
    endloop
  endfacet
  facet normal 0 0 1
    outer loop
      vertex 199.629 18.6506 0.799999
      vertex 199.075 18.8802 0.799999
      vertex 199.558 18.44 0.799999
    endloop
  endfacet
  facet normal -0 0 1
    outer loop
      vertex 202.771 17.3494 0.799999
      vertex 203.325 17.1198 0.799999
      vertex 202.842 17.56 0.799999
    endloop
  endfacet
  facet normal 0 0 1
    outer loop
      vertex 203.325 17.1198 0.799999
      vertex 202.771 17.3494 0.799999
      vertex 203.192 16.85 0.799999
    endloop
  endfacet
  facet normal -0 0 1
    outer loop
      vertex 202.672 17.15 0.799999
      vertex 203.192 16.85 0.799999
      vertex 202.771 17.3494 0.799999
    endloop
  endfacet
  facet normal 0 0 1
    outer loop
      vertex 203.192 16.85 0.799999
      vertex 202.672 17.15 0.799999
      vertex 203.025 16.5998 0.799999
    endloop
  endfacet
  facet normal -0 0 1
    outer loop
      vertex 202.549 16.9651 0.799999
      vertex 203.025 16.5998 0.799999
      vertex 202.672 17.15 0.799999
    endloop
  endfacet
  facet normal 0 0 1
    outer loop
      vertex 203.025 16.5998 0.799999
      vertex 202.549 16.9651 0.799999
      vertex 202.826 16.3737 0.799999
    endloop
  endfacet
  facet normal -0 0 1
    outer loop
      vertex 202.402 16.7979 0.799999
      vertex 202.826 16.3737 0.799999
      vertex 202.549 16.9651 0.799999
    endloop
  endfacet
  facet normal 0 0 1
    outer loop
      vertex 202.826 16.3737 0.799999
      vertex 202.402 16.7979 0.799999
      vertex 202.6 16.1753 0.799999
    endloop
  endfacet
  facet normal -0 0 1
    outer loop
      vertex 202.235 16.6513 0.799999
      vertex 202.6 16.1753 0.799999
      vertex 202.402 16.7979 0.799999
    endloop
  endfacet
  facet normal 0 0 1
    outer loop
      vertex 202.6 16.1753 0.799999
      vertex 202.235 16.6513 0.799999
      vertex 202.35 16.0081 0.799999
    endloop
  endfacet
  facet normal -0 0 1
    outer loop
      vertex 202.05 16.5278 0.799999
      vertex 202.35 16.0081 0.799999
      vertex 202.235 16.6513 0.799999
    endloop
  endfacet
  facet normal 0 0 1
    outer loop
      vertex 202.35 16.0081 0.799999
      vertex 202.05 16.5278 0.799999
      vertex 202.08 15.8751 0.799999
    endloop
  endfacet
  facet normal -0 0 1
    outer loop
      vertex 201.851 16.4294 0.799999
      vertex 202.08 15.8751 0.799999
      vertex 202.05 16.5278 0.799999
    endloop
  endfacet
  facet normal 0 0 1
    outer loop
      vertex 201.851 16.4294 0.799999
      vertex 201.795 15.7784 0.799999
      vertex 202.08 15.8751 0.799999
    endloop
  endfacet
  facet normal -0 0 1
    outer loop
      vertex 201.64 16.3579 0.799999
      vertex 201.795 15.7784 0.799999
      vertex 201.851 16.4294 0.799999
    endloop
  endfacet
  facet normal 0 0 1
    outer loop
      vertex 201.64 16.3579 0.799999
      vertex 201.5 15.7197 0.799999
      vertex 201.795 15.7784 0.799999
    endloop
  endfacet
  facet normal -0 0 1
    outer loop
      vertex 201.422 16.3145 0.799999
      vertex 201.5 15.7197 0.799999
      vertex 201.64 16.3579 0.799999
    endloop
  endfacet
  facet normal -0 0 1
    outer loop
      vertex 201.2 16.3 0.799999
      vertex 201.5 15.7197 0.799999
      vertex 201.422 16.3145 0.799999
    endloop
  endfacet
  facet normal 0 0 1
    outer loop
      vertex 201.2 16.3 0.799999
      vertex 201.2 15.7 0.799999
      vertex 201.5 15.7197 0.799999
    endloop
  endfacet
  facet normal 0 0 1
    outer loop
      vertex 200.978 16.3145 0.799999
      vertex 201.2 15.7 0.799999
      vertex 201.2 16.3 0.799999
    endloop
  endfacet
  facet normal 0 0 1
    outer loop
      vertex 200.978 16.3145 0.799999
      vertex 200.9 15.7197 0.799999
      vertex 201.2 15.7 0.799999
    endloop
  endfacet
  facet normal 0 0 1
    outer loop
      vertex 200.76 16.3579 0.799999
      vertex 200.9 15.7197 0.799999
      vertex 200.978 16.3145 0.799999
    endloop
  endfacet
  facet normal 0 0 1
    outer loop
      vertex 200.76 16.3579 0.799999
      vertex 200.605 15.7784 0.799999
      vertex 200.9 15.7197 0.799999
    endloop
  endfacet
  facet normal 0 0 1
    outer loop
      vertex 200.549 16.4294 0.799999
      vertex 200.605 15.7784 0.799999
      vertex 200.76 16.3579 0.799999
    endloop
  endfacet
  facet normal 0 0 1
    outer loop
      vertex 200.32 15.8751 0.799999
      vertex 200.549 16.4294 0.799999
      vertex 200.35 16.5278 0.799999
    endloop
  endfacet
  facet normal 0 0 1
    outer loop
      vertex 200.549 16.4294 0.799999
      vertex 200.32 15.8751 0.799999
      vertex 200.605 15.7784 0.799999
    endloop
  endfacet
  facet normal 0 0 1
    outer loop
      vertex 200.05 16.0081 0.799999
      vertex 200.35 16.5278 0.799999
      vertex 200.165 16.6513 0.799999
    endloop
  endfacet
  facet normal 0 0 1
    outer loop
      vertex 200.35 16.5278 0.799999
      vertex 200.05 16.0081 0.799999
      vertex 200.32 15.8751 0.799999
    endloop
  endfacet
  facet normal 0 0 1
    outer loop
      vertex 199.8 16.1753 0.799999
      vertex 200.165 16.6513 0.799999
      vertex 199.998 16.7979 0.799999
    endloop
  endfacet
  facet normal 0 0 1
    outer loop
      vertex 199.574 16.3737 0.799999
      vertex 199.998 16.7979 0.799999
      vertex 199.851 16.9651 0.799999
    endloop
  endfacet
  facet normal 0 0 1
    outer loop
      vertex 200.165 16.6513 0.799999
      vertex 199.8 16.1753 0.799999
      vertex 200.05 16.0081 0.799999
    endloop
  endfacet
  facet normal 0 0 1
    outer loop
      vertex 199.375 16.5998 0.799999
      vertex 199.851 16.9651 0.799999
      vertex 199.728 17.15 0.799999
    endloop
  endfacet
  facet normal 0 0 1
    outer loop
      vertex 199.208 16.85 0.799999
      vertex 199.728 17.15 0.799999
      vertex 199.629 17.3494 0.799999
    endloop
  endfacet
  facet normal 0 0 1
    outer loop
      vertex 199.998 16.7979 0.799999
      vertex 199.574 16.3737 0.799999
      vertex 199.8 16.1753 0.799999
    endloop
  endfacet
  facet normal 0 0 1
    outer loop
      vertex 199.075 17.1198 0.799999
      vertex 199.629 17.3494 0.799999
      vertex 199.558 17.56 0.799999
    endloop
  endfacet
  facet normal 0 0 1
    outer loop
      vertex 198.978 17.4047 0.799999
      vertex 199.558 17.56 0.799999
      vertex 199.515 17.7781 0.799999
    endloop
  endfacet
  facet normal 0 0 1
    outer loop
      vertex 198.92 17.6998 0.799999
      vertex 199.515 17.7781 0.799999
      vertex 199.5 18 0.799999
    endloop
  endfacet
  facet normal -0 0 1
    outer loop
      vertex 198.978 18.5953 0.799999
      vertex 199.558 18.44 0.799999
      vertex 199.075 18.8802 0.799999
    endloop
  endfacet
  facet normal 0 0 1
    outer loop
      vertex 199.851 16.9651 0.799999
      vertex 199.375 16.5998 0.799999
      vertex 199.574 16.3737 0.799999
    endloop
  endfacet
  facet normal 0 0 1
    outer loop
      vertex 199.558 18.44 0.799999
      vertex 198.978 18.5953 0.799999
      vertex 199.515 18.2219 0.799999
    endloop
  endfacet
  facet normal 0 0 1
    outer loop
      vertex 199.728 17.15 0.799999
      vertex 199.208 16.85 0.799999
      vertex 199.375 16.5998 0.799999
    endloop
  endfacet
  facet normal -0 0 1
    outer loop
      vertex 198.92 18.3002 0.799999
      vertex 199.515 18.2219 0.799999
      vertex 198.978 18.5953 0.799999
    endloop
  endfacet
  facet normal 0 0 1
    outer loop
      vertex 199.629 17.3494 0.799999
      vertex 199.075 17.1198 0.799999
      vertex 199.208 16.85 0.799999
    endloop
  endfacet
  facet normal 0 0 1
    outer loop
      vertex 199.515 18.2219 0.799999
      vertex 198.92 18.3002 0.799999
      vertex 199.5 18 0.799999
    endloop
  endfacet
  facet normal 0 0 1
    outer loop
      vertex 199.558 17.56 0.799999
      vertex 198.978 17.4047 0.799999
      vertex 199.075 17.1198 0.799999
    endloop
  endfacet
  facet normal 0 0 1
    outer loop
      vertex 198.9 18 0.799999
      vertex 199.5 18 0.799999
      vertex 198.92 18.3002 0.799999
    endloop
  endfacet
  facet normal 0 0 1
    outer loop
      vertex 199.515 17.7781 0.799999
      vertex 198.92 17.6998 0.799999
      vertex 198.978 17.4047 0.799999
    endloop
  endfacet
  facet normal 0 0 1
    outer loop
      vertex 199.5 18 0.799999
      vertex 198.9 18 0.799999
      vertex 198.92 17.6998 0.799999
    endloop
  endfacet
  facet normal 0.831743 -0.55516 0
    outer loop
      vertex 199.208 19.15 5
      vertex 199.375 19.4002 0.799999
      vertex 199.375 19.4002 5
    endloop
  endfacet
  facet normal 0.831743 -0.55516 0
    outer loop
      vertex 199.375 19.4002 0.799999
      vertex 199.208 19.15 5
      vertex 199.208 19.15 0.799999
    endloop
  endfacet
  facet normal 0.555927 -0.831231 0
    outer loop
      vertex 199.8 19.8247 0.799999
      vertex 200.05 19.9919 5
      vertex 199.8 19.8247 5
    endloop
  endfacet
  facet normal 0.555927 -0.831231 0
    outer loop
      vertex 200.05 19.9919 5
      vertex 199.8 19.8247 0.799999
      vertex 200.05 19.9919 0.799999
    endloop
  endfacet
  facet normal 0.321307 -0.946975 0
    outer loop
      vertex 200.32 20.1249 0.799999
      vertex 200.605 20.2216 5
      vertex 200.32 20.1249 5
    endloop
  endfacet
  facet normal 0.321307 -0.946975 0
    outer loop
      vertex 200.605 20.2216 5
      vertex 200.32 20.1249 0.799999
      vertex 200.605 20.2216 0.799999
    endloop
  endfacet
  facet normal -0.946637 0.322302 0
    outer loop
      vertex 203.325 17.1198 0.799999
      vertex 203.422 17.4047 5
      vertex 203.422 17.4047 0.799999
    endloop
  endfacet
  facet normal -0.946637 0.322302 0
    outer loop
      vertex 203.422 17.4047 5
      vertex 203.325 17.1198 0.799999
      vertex 203.325 17.1198 5
    endloop
  endfacet
  facet normal -0.750661 0.660688 0
    outer loop
      vertex 202.826 16.3737 0.799999
      vertex 203.025 16.5998 5
      vertex 203.025 16.5998 0.799999
    endloop
  endfacet
  facet normal -0.750661 0.660688 0
    outer loop
      vertex 203.025 16.5998 5
      vertex 202.826 16.3737 0.799999
      vertex 202.826 16.3737 5
    endloop
  endfacet
  facet normal -0.555927 0.831231 0
    outer loop
      vertex 202.6 16.1753 0.799999
      vertex 202.35 16.0081 5
      vertex 202.6 16.1753 5
    endloop
  endfacet
  facet normal -0.555927 0.831231 0
    outer loop
      vertex 202.35 16.0081 5
      vertex 202.6 16.1753 0.799999
      vertex 202.35 16.0081 0.799999
    endloop
  endfacet
  facet normal -0.89694 0.442153 0
    outer loop
      vertex 203.192 16.85 0.799999
      vertex 203.325 17.1198 5
      vertex 203.325 17.1198 0.799999
    endloop
  endfacet
  facet normal -0.89694 0.442153 0
    outer loop
      vertex 203.325 17.1198 5
      vertex 203.192 16.85 0.799999
      vertex 203.192 16.85 5
    endloop
  endfacet
  facet normal 0.321307 0.946975 -0
    outer loop
      vertex 200.605 15.7784 0.799999
      vertex 200.32 15.8751 5
      vertex 200.605 15.7784 5
    endloop
  endfacet
  facet normal 0.321307 0.946975 0
    outer loop
      vertex 200.32 15.8751 5
      vertex 200.605 15.7784 0.799999
      vertex 200.32 15.8751 0.799999
    endloop
  endfacet
  facet normal 0.195157 0.980772 -0
    outer loop
      vertex 200.9 15.7197 0.799999
      vertex 200.605 15.7784 5
      vertex 200.9 15.7197 5
    endloop
  endfacet
  facet normal 0.195157 0.980772 0
    outer loop
      vertex 200.605 15.7784 5
      vertex 200.9 15.7197 0.799999
      vertex 200.605 15.7784 0.799999
    endloop
  endfacet
  facet normal 0.831743 0.55516 0
    outer loop
      vertex 199.375 16.5998 5
      vertex 199.208 16.85 0.799999
      vertex 199.208 16.85 5
    endloop
  endfacet
  facet normal 0.831743 0.55516 0
    outer loop
      vertex 199.208 16.85 0.799999
      vertex 199.375 16.5998 5
      vertex 199.375 16.5998 0.799999
    endloop
  endfacet
  facet normal 0.750661 0.660688 0
    outer loop
      vertex 199.574 16.3737 5
      vertex 199.375 16.5998 0.799999
      vertex 199.375 16.5998 5
    endloop
  endfacet
  facet normal 0.750661 0.660688 0
    outer loop
      vertex 199.375 16.5998 0.799999
      vertex 199.574 16.3737 5
      vertex 199.574 16.3737 0.799999
    endloop
  endfacet
  facet normal 0.981227 0.192854 0
    outer loop
      vertex 198.978 17.4047 5
      vertex 198.92 17.6998 0.799999
      vertex 198.92 17.6998 5
    endloop
  endfacet
  facet normal 0.981227 0.192854 0
    outer loop
      vertex 198.92 17.6998 0.799999
      vertex 198.978 17.4047 5
      vertex 198.978 17.4047 0.799999
    endloop
  endfacet
  facet normal -0.946637 -0.322302 0
    outer loop
      vertex 203.422 18.5953 0.799999
      vertex 203.325 18.8802 5
      vertex 203.325 18.8802 0.799999
    endloop
  endfacet
  facet normal -0.946637 -0.322302 0
    outer loop
      vertex 203.325 18.8802 5
      vertex 203.422 18.5953 0.799999
      vertex 203.422 18.5953 5
    endloop
  endfacet
  facet normal -0.981227 -0.192854 0
    outer loop
      vertex 203.48 18.3002 0.799999
      vertex 203.422 18.5953 5
      vertex 203.422 18.5953 0.799999
    endloop
  endfacet
  facet normal -0.981227 -0.192854 0
    outer loop
      vertex 203.422 18.5953 5
      vertex 203.48 18.3002 0.799999
      vertex 203.48 18.3002 5
    endloop
  endfacet
  facet normal -0.0655255 -0.997851 0
    outer loop
      vertex 201.2 20.3 0.799999
      vertex 201.5 20.2803 5
      vertex 201.2 20.3 5
    endloop
  endfacet
  facet normal -0.0655255 -0.997851 -0
    outer loop
      vertex 201.5 20.2803 5
      vertex 201.2 20.3 0.799999
      vertex 201.5 20.2803 0.799999
    endloop
  endfacet
  facet normal -0.555927 -0.831231 0
    outer loop
      vertex 202.35 19.9919 0.799999
      vertex 202.6 19.8247 5
      vertex 202.35 19.9919 5
    endloop
  endfacet
  facet normal -0.555927 -0.831231 -0
    outer loop
      vertex 202.6 19.8247 5
      vertex 202.35 19.9919 0.799999
      vertex 202.6 19.8247 0.799999
    endloop
  endfacet
  facet normal 0.946637 -0.322302 0
    outer loop
      vertex 198.978 18.5953 5
      vertex 199.075 18.8802 0.799999
      vertex 199.075 18.8802 5
    endloop
  endfacet
  facet normal 0.946637 -0.322302 0
    outer loop
      vertex 199.075 18.8802 0.799999
      vertex 198.978 18.5953 5
      vertex 198.978 18.5953 0.799999
    endloop
  endfacet
  facet normal 0.981227 -0.192854 0
    outer loop
      vertex 198.92 18.3002 5
      vertex 198.978 18.5953 0.799999
      vertex 198.978 18.5953 5
    endloop
  endfacet
  facet normal 0.981227 -0.192854 0
    outer loop
      vertex 198.978 18.5953 0.799999
      vertex 198.92 18.3002 5
      vertex 198.92 18.3002 0.799999
    endloop
  endfacet
  facet normal 0.997788 -0.0664749 0
    outer loop
      vertex 198.9 18 5
      vertex 198.92 18.3002 0.799999
      vertex 198.92 18.3002 5
    endloop
  endfacet
  facet normal 0.997788 -0.0664749 0
    outer loop
      vertex 198.92 18.3002 0.799999
      vertex 198.9 18 5
      vertex 198.9 18 0.799999
    endloop
  endfacet
  facet normal 0.997788 0.0664749 0
    outer loop
      vertex 198.92 17.6998 5
      vertex 198.9 18 0.799999
      vertex 198.9 18 5
    endloop
  endfacet
  facet normal 0.997788 0.0664749 0
    outer loop
      vertex 198.9 18 0.799999
      vertex 198.92 17.6998 5
      vertex 198.92 17.6998 0.799999
    endloop
  endfacet
  facet normal 0.195157 -0.980772 0
    outer loop
      vertex 200.605 20.2216 0.799999
      vertex 200.9 20.2803 5
      vertex 200.605 20.2216 5
    endloop
  endfacet
  facet normal 0.195157 -0.980772 0
    outer loop
      vertex 200.9 20.2803 5
      vertex 200.605 20.2216 0.799999
      vertex 200.9 20.2803 0.799999
    endloop
  endfacet
  facet normal -0.195157 0.980772 0
    outer loop
      vertex 201.795 15.7784 0.799999
      vertex 201.5 15.7197 5
      vertex 201.795 15.7784 5
    endloop
  endfacet
  facet normal -0.195157 0.980772 0
    outer loop
      vertex 201.5 15.7197 5
      vertex 201.795 15.7784 0.799999
      vertex 201.5 15.7197 0.799999
    endloop
  endfacet
  facet normal -0.44189 0.897069 0
    outer loop
      vertex 202.35 16.0081 0.799999
      vertex 202.08 15.8751 5
      vertex 202.35 16.0081 5
    endloop
  endfacet
  facet normal -0.44189 0.897069 0
    outer loop
      vertex 202.08 15.8751 5
      vertex 202.35 16.0081 0.799999
      vertex 202.08 15.8751 0.799999
    endloop
  endfacet
  facet normal -0.659728 0.751505 0
    outer loop
      vertex 202.826 16.3737 0.799999
      vertex 202.6 16.1753 5
      vertex 202.826 16.3737 5
    endloop
  endfacet
  facet normal -0.659728 0.751505 0
    outer loop
      vertex 202.6 16.1753 5
      vertex 202.826 16.3737 0.799999
      vertex 202.6 16.1753 0.799999
    endloop
  endfacet
  facet normal -0.831743 0.55516 0
    outer loop
      vertex 203.025 16.5998 0.799999
      vertex 203.192 16.85 5
      vertex 203.192 16.85 0.799999
    endloop
  endfacet
  facet normal -0.831743 0.55516 0
    outer loop
      vertex 203.192 16.85 5
      vertex 203.025 16.5998 0.799999
      vertex 203.025 16.5998 5
    endloop
  endfacet
  facet normal 0.44189 0.897069 -0
    outer loop
      vertex 200.32 15.8751 0.799999
      vertex 200.05 16.0081 5
      vertex 200.32 15.8751 5
    endloop
  endfacet
  facet normal 0.44189 0.897069 0
    outer loop
      vertex 200.05 16.0081 5
      vertex 200.32 15.8751 0.799999
      vertex 200.05 16.0081 0.799999
    endloop
  endfacet
  facet normal 0.555927 0.831231 -0
    outer loop
      vertex 200.05 16.0081 0.799999
      vertex 199.8 16.1753 5
      vertex 200.05 16.0081 5
    endloop
  endfacet
  facet normal 0.555927 0.831231 0
    outer loop
      vertex 199.8 16.1753 5
      vertex 200.05 16.0081 0.799999
      vertex 199.8 16.1753 0.799999
    endloop
  endfacet
  facet normal 0.0655255 0.997851 -0
    outer loop
      vertex 201.2 15.7 0.799999
      vertex 200.9 15.7197 5
      vertex 201.2 15.7 5
    endloop
  endfacet
  facet normal 0.0655255 0.997851 0
    outer loop
      vertex 200.9 15.7197 5
      vertex 201.2 15.7 0.799999
      vertex 200.9 15.7197 0.799999
    endloop
  endfacet
  facet normal 0.659728 0.751505 -0
    outer loop
      vertex 199.8 16.1753 0.799999
      vertex 199.574 16.3737 5
      vertex 199.8 16.1753 5
    endloop
  endfacet
  facet normal 0.659728 0.751505 0
    outer loop
      vertex 199.574 16.3737 5
      vertex 199.8 16.1753 0.799999
      vertex 199.574 16.3737 0.799999
    endloop
  endfacet
  facet normal 0.89694 0.442153 0
    outer loop
      vertex 199.208 16.85 5
      vertex 199.075 17.1198 0.799999
      vertex 199.075 17.1198 5
    endloop
  endfacet
  facet normal 0.89694 0.442153 0
    outer loop
      vertex 199.075 17.1198 0.799999
      vertex 199.208 16.85 5
      vertex 199.208 16.85 0.799999
    endloop
  endfacet
  facet normal -0.750661 -0.660688 0
    outer loop
      vertex 203.025 19.4002 0.799999
      vertex 202.826 19.6263 5
      vertex 202.826 19.6263 0.799999
    endloop
  endfacet
  facet normal -0.750661 -0.660688 0
    outer loop
      vertex 202.826 19.6263 5
      vertex 203.025 19.4002 0.799999
      vertex 203.025 19.4002 5
    endloop
  endfacet
  facet normal 0.659728 -0.751505 0
    outer loop
      vertex 199.574 19.6263 0.799999
      vertex 199.8 19.8247 5
      vertex 199.574 19.6263 5
    endloop
  endfacet
  facet normal 0.659728 -0.751505 0
    outer loop
      vertex 199.8 19.8247 5
      vertex 199.574 19.6263 0.799999
      vertex 199.8 19.8247 0.799999
    endloop
  endfacet
  facet normal -0.321307 0.946975 0
    outer loop
      vertex 202.08 15.8751 0.799999
      vertex 201.795 15.7784 5
      vertex 202.08 15.8751 5
    endloop
  endfacet
  facet normal -0.321307 0.946975 0
    outer loop
      vertex 201.795 15.7784 5
      vertex 202.08 15.8751 0.799999
      vertex 201.795 15.7784 0.799999
    endloop
  endfacet
  facet normal -0.981227 0.192854 0
    outer loop
      vertex 203.422 17.4047 0.799999
      vertex 203.48 17.6998 5
      vertex 203.48 17.6998 0.799999
    endloop
  endfacet
  facet normal -0.981227 0.192854 0
    outer loop
      vertex 203.48 17.6998 5
      vertex 203.422 17.4047 0.799999
      vertex 203.422 17.4047 5
    endloop
  endfacet
  facet normal -0.997788 0.0664749 0
    outer loop
      vertex 203.48 17.6998 0.799999
      vertex 203.5 18 5
      vertex 203.5 18 0.799999
    endloop
  endfacet
  facet normal -0.997788 0.0664749 0
    outer loop
      vertex 203.5 18 5
      vertex 203.48 17.6998 0.799999
      vertex 203.48 17.6998 5
    endloop
  endfacet
  facet normal -0.897069 -0.44189 0
    outer loop
      vertex 203.325 202.08 0.799999
      vertex 203.192 202.35 5
      vertex 203.192 202.35 0.799999
    endloop
  endfacet
  facet normal -0.897069 -0.44189 0
    outer loop
      vertex 203.192 202.35 5
      vertex 203.325 202.08 0.799999
      vertex 203.325 202.08 5
    endloop
  endfacet
  facet normal 0 0 1
    outer loop
      vertex 202.9 201.2 0.799999
      vertex 203.5 201.2 0.799999
      vertex 203.48 201.5 0.799999
    endloop
  endfacet
  facet normal 0 0 1
    outer loop
      vertex 202.885 201.422 0.799999
      vertex 203.48 201.5 0.799999
      vertex 203.422 201.795 0.799999
    endloop
  endfacet
  facet normal 0 0 1
    outer loop
      vertex 203.5 201.2 0.799999
      vertex 202.9 201.2 0.799999
      vertex 203.48 200.9 0.799999
    endloop
  endfacet
  facet normal 0 0 1
    outer loop
      vertex 202.842 201.64 0.799999
      vertex 203.422 201.795 0.799999
      vertex 203.325 202.08 0.799999
    endloop
  endfacet
  facet normal -0 0 1
    outer loop
      vertex 202.885 200.978 0.799999
      vertex 203.48 200.9 0.799999
      vertex 202.9 201.2 0.799999
    endloop
  endfacet
  facet normal 0 0 1
    outer loop
      vertex 202.771 201.851 0.799999
      vertex 203.325 202.08 0.799999
      vertex 203.192 202.35 0.799999
    endloop
  endfacet
  facet normal 0 0 1
    outer loop
      vertex 203.48 200.9 0.799999
      vertex 202.885 200.978 0.799999
      vertex 203.422 200.605 0.799999
    endloop
  endfacet
  facet normal 0 0 1
    outer loop
      vertex 202.672 202.05 0.799999
      vertex 203.192 202.35 0.799999
      vertex 203.025 202.6 0.799999
    endloop
  endfacet
  facet normal -0 0 1
    outer loop
      vertex 202.842 200.76 0.799999
      vertex 203.422 200.605 0.799999
      vertex 202.885 200.978 0.799999
    endloop
  endfacet
  facet normal 0 0 1
    outer loop
      vertex 203.422 200.605 0.799999
      vertex 202.842 200.76 0.799999
      vertex 203.325 200.32 0.799999
    endloop
  endfacet
  facet normal 0 0 1
    outer loop
      vertex 203.48 201.5 0.799999
      vertex 202.885 201.422 0.799999
      vertex 202.9 201.2 0.799999
    endloop
  endfacet
  facet normal 0 0 1
    outer loop
      vertex 203.422 201.795 0.799999
      vertex 202.842 201.64 0.799999
      vertex 202.885 201.422 0.799999
    endloop
  endfacet
  facet normal 0 0 1
    outer loop
      vertex 202.549 202.235 0.799999
      vertex 203.025 202.6 0.799999
      vertex 202.826 202.826 0.799999
    endloop
  endfacet
  facet normal 0 0 1
    outer loop
      vertex 203.325 202.08 0.799999
      vertex 202.771 201.851 0.799999
      vertex 202.842 201.64 0.799999
    endloop
  endfacet
  facet normal 0 0 1
    outer loop
      vertex 203.192 202.35 0.799999
      vertex 202.672 202.05 0.799999
      vertex 202.771 201.851 0.799999
    endloop
  endfacet
  facet normal 0 0 1
    outer loop
      vertex 202.402 202.402 0.799999
      vertex 202.826 202.826 0.799999
      vertex 202.6 203.025 0.799999
    endloop
  endfacet
  facet normal 0 0 1
    outer loop
      vertex 203.025 202.6 0.799999
      vertex 202.549 202.235 0.799999
      vertex 202.672 202.05 0.799999
    endloop
  endfacet
  facet normal 0 0 1
    outer loop
      vertex 202.826 202.826 0.799999
      vertex 202.402 202.402 0.799999
      vertex 202.549 202.235 0.799999
    endloop
  endfacet
  facet normal 0 0 1
    outer loop
      vertex 202.235 202.549 0.799999
      vertex 202.6 203.025 0.799999
      vertex 202.35 203.192 0.799999
    endloop
  endfacet
  facet normal 0 0 1
    outer loop
      vertex 202.6 203.025 0.799999
      vertex 202.235 202.549 0.799999
      vertex 202.402 202.402 0.799999
    endloop
  endfacet
  facet normal 0 0 1
    outer loop
      vertex 202.05 202.672 0.799999
      vertex 202.35 203.192 0.799999
      vertex 202.08 203.325 0.799999
    endloop
  endfacet
  facet normal 0 0 1
    outer loop
      vertex 202.35 203.192 0.799999
      vertex 202.05 202.672 0.799999
      vertex 202.235 202.549 0.799999
    endloop
  endfacet
  facet normal 0 0 1
    outer loop
      vertex 202.08 203.325 0.799999
      vertex 201.851 202.771 0.799999
      vertex 202.05 202.672 0.799999
    endloop
  endfacet
  facet normal 0 0 1
    outer loop
      vertex 201.795 203.422 0.799999
      vertex 201.851 202.771 0.799999
      vertex 202.08 203.325 0.799999
    endloop
  endfacet
  facet normal 0 0 1
    outer loop
      vertex 201.795 203.422 0.799999
      vertex 201.64 202.842 0.799999
      vertex 201.851 202.771 0.799999
    endloop
  endfacet
  facet normal 0 0 1
    outer loop
      vertex 201.5 203.48 0.799999
      vertex 201.64 202.842 0.799999
      vertex 201.795 203.422 0.799999
    endloop
  endfacet
  facet normal 0 0 1
    outer loop
      vertex 201.5 203.48 0.799999
      vertex 201.422 202.885 0.799999
      vertex 201.64 202.842 0.799999
    endloop
  endfacet
  facet normal 0 0 1
    outer loop
      vertex 201.2 203.5 0.799999
      vertex 201.422 202.885 0.799999
      vertex 201.5 203.48 0.799999
    endloop
  endfacet
  facet normal 0 0 1
    outer loop
      vertex 201.2 203.5 0.799999
      vertex 201.2 202.9 0.799999
      vertex 201.422 202.885 0.799999
    endloop
  endfacet
  facet normal 0 0 1
    outer loop
      vertex 201.2 203.5 0.799999
      vertex 200.978 202.885 0.799999
      vertex 201.2 202.9 0.799999
    endloop
  endfacet
  facet normal -0 0 1
    outer loop
      vertex 200.9 203.48 0.799999
      vertex 200.978 202.885 0.799999
      vertex 201.2 203.5 0.799999
    endloop
  endfacet
  facet normal 0 0 1
    outer loop
      vertex 200.9 203.48 0.799999
      vertex 200.76 202.842 0.799999
      vertex 200.978 202.885 0.799999
    endloop
  endfacet
  facet normal -0 0 1
    outer loop
      vertex 200.605 203.422 0.799999
      vertex 200.76 202.842 0.799999
      vertex 200.9 203.48 0.799999
    endloop
  endfacet
  facet normal 0 0 1
    outer loop
      vertex 200.605 203.422 0.799999
      vertex 200.549 202.771 0.799999
      vertex 200.76 202.842 0.799999
    endloop
  endfacet
  facet normal -0 0 1
    outer loop
      vertex 200.32 203.325 0.799999
      vertex 200.549 202.771 0.799999
      vertex 200.605 203.422 0.799999
    endloop
  endfacet
  facet normal 0 0 1
    outer loop
      vertex 200.549 202.771 0.799999
      vertex 200.32 203.325 0.799999
      vertex 200.35 202.672 0.799999
    endloop
  endfacet
  facet normal -0 0 1
    outer loop
      vertex 200.05 203.192 0.799999
      vertex 200.35 202.672 0.799999
      vertex 200.32 203.325 0.799999
    endloop
  endfacet
  facet normal 0 0 1
    outer loop
      vertex 200.35 202.672 0.799999
      vertex 200.05 203.192 0.799999
      vertex 200.165 202.549 0.799999
    endloop
  endfacet
  facet normal -0 0 1
    outer loop
      vertex 199.8 203.025 0.799999
      vertex 200.165 202.549 0.799999
      vertex 200.05 203.192 0.799999
    endloop
  endfacet
  facet normal 0 0 1
    outer loop
      vertex 200.165 202.549 0.799999
      vertex 199.8 203.025 0.799999
      vertex 199.998 202.402 0.799999
    endloop
  endfacet
  facet normal -0 0 1
    outer loop
      vertex 199.574 202.826 0.799999
      vertex 199.998 202.402 0.799999
      vertex 199.8 203.025 0.799999
    endloop
  endfacet
  facet normal 0 0 1
    outer loop
      vertex 199.998 202.402 0.799999
      vertex 199.574 202.826 0.799999
      vertex 199.851 202.235 0.799999
    endloop
  endfacet
  facet normal -0 0 1
    outer loop
      vertex 199.375 202.6 0.799999
      vertex 199.851 202.235 0.799999
      vertex 199.574 202.826 0.799999
    endloop
  endfacet
  facet normal 0 0 1
    outer loop
      vertex 199.851 202.235 0.799999
      vertex 199.375 202.6 0.799999
      vertex 199.728 202.05 0.799999
    endloop
  endfacet
  facet normal -0 0 1
    outer loop
      vertex 199.208 202.35 0.799999
      vertex 199.728 202.05 0.799999
      vertex 199.375 202.6 0.799999
    endloop
  endfacet
  facet normal 0 0 1
    outer loop
      vertex 199.728 202.05 0.799999
      vertex 199.208 202.35 0.799999
      vertex 199.629 201.851 0.799999
    endloop
  endfacet
  facet normal -0 0 1
    outer loop
      vertex 199.075 202.08 0.799999
      vertex 199.629 201.851 0.799999
      vertex 199.208 202.35 0.799999
    endloop
  endfacet
  facet normal 0 0 1
    outer loop
      vertex 199.629 201.851 0.799999
      vertex 199.075 202.08 0.799999
      vertex 199.558 201.64 0.799999
    endloop
  endfacet
  facet normal -0 0 1
    outer loop
      vertex 202.771 200.549 0.799999
      vertex 203.325 200.32 0.799999
      vertex 202.842 200.76 0.799999
    endloop
  endfacet
  facet normal 0 0 1
    outer loop
      vertex 203.325 200.32 0.799999
      vertex 202.771 200.549 0.799999
      vertex 203.192 200.05 0.799999
    endloop
  endfacet
  facet normal -0 0 1
    outer loop
      vertex 202.672 200.35 0.799999
      vertex 203.192 200.05 0.799999
      vertex 202.771 200.549 0.799999
    endloop
  endfacet
  facet normal 0 0 1
    outer loop
      vertex 203.192 200.05 0.799999
      vertex 202.672 200.35 0.799999
      vertex 203.025 199.8 0.799999
    endloop
  endfacet
  facet normal -0 0 1
    outer loop
      vertex 202.549 200.165 0.799999
      vertex 203.025 199.8 0.799999
      vertex 202.672 200.35 0.799999
    endloop
  endfacet
  facet normal 0 0 1
    outer loop
      vertex 203.025 199.8 0.799999
      vertex 202.549 200.165 0.799999
      vertex 202.826 199.574 0.799999
    endloop
  endfacet
  facet normal -0 0 1
    outer loop
      vertex 202.402 199.998 0.799999
      vertex 202.826 199.574 0.799999
      vertex 202.549 200.165 0.799999
    endloop
  endfacet
  facet normal 0 0 1
    outer loop
      vertex 202.826 199.574 0.799999
      vertex 202.402 199.998 0.799999
      vertex 202.6 199.375 0.799999
    endloop
  endfacet
  facet normal -0 0 1
    outer loop
      vertex 202.235 199.851 0.799999
      vertex 202.6 199.375 0.799999
      vertex 202.402 199.998 0.799999
    endloop
  endfacet
  facet normal 0 0 1
    outer loop
      vertex 202.6 199.375 0.799999
      vertex 202.235 199.851 0.799999
      vertex 202.35 199.208 0.799999
    endloop
  endfacet
  facet normal -0 0 1
    outer loop
      vertex 202.05 199.728 0.799999
      vertex 202.35 199.208 0.799999
      vertex 202.235 199.851 0.799999
    endloop
  endfacet
  facet normal 0 0 1
    outer loop
      vertex 202.35 199.208 0.799999
      vertex 202.05 199.728 0.799999
      vertex 202.08 199.075 0.799999
    endloop
  endfacet
  facet normal -0 0 1
    outer loop
      vertex 201.851 199.629 0.799999
      vertex 202.08 199.075 0.799999
      vertex 202.05 199.728 0.799999
    endloop
  endfacet
  facet normal 0 0 1
    outer loop
      vertex 201.851 199.629 0.799999
      vertex 201.795 198.978 0.799999
      vertex 202.08 199.075 0.799999
    endloop
  endfacet
  facet normal -0 0 1
    outer loop
      vertex 201.64 199.558 0.799999
      vertex 201.795 198.978 0.799999
      vertex 201.851 199.629 0.799999
    endloop
  endfacet
  facet normal 0 0 1
    outer loop
      vertex 201.64 199.558 0.799999
      vertex 201.5 198.92 0.799999
      vertex 201.795 198.978 0.799999
    endloop
  endfacet
  facet normal -0 0 1
    outer loop
      vertex 201.422 199.515 0.799999
      vertex 201.5 198.92 0.799999
      vertex 201.64 199.558 0.799999
    endloop
  endfacet
  facet normal -0 0 1
    outer loop
      vertex 201.2 199.5 0.799999
      vertex 201.5 198.92 0.799999
      vertex 201.422 199.515 0.799999
    endloop
  endfacet
  facet normal 0 0 1
    outer loop
      vertex 201.2 199.5 0.799999
      vertex 201.2 198.9 0.799999
      vertex 201.5 198.92 0.799999
    endloop
  endfacet
  facet normal 0 0 1
    outer loop
      vertex 200.978 199.515 0.799999
      vertex 201.2 198.9 0.799999
      vertex 201.2 199.5 0.799999
    endloop
  endfacet
  facet normal 0 0 1
    outer loop
      vertex 200.978 199.515 0.799999
      vertex 200.9 198.92 0.799999
      vertex 201.2 198.9 0.799999
    endloop
  endfacet
  facet normal 0 0 1
    outer loop
      vertex 200.76 199.558 0.799999
      vertex 200.9 198.92 0.799999
      vertex 200.978 199.515 0.799999
    endloop
  endfacet
  facet normal 0 0 1
    outer loop
      vertex 200.76 199.558 0.799999
      vertex 200.605 198.978 0.799999
      vertex 200.9 198.92 0.799999
    endloop
  endfacet
  facet normal 0 0 1
    outer loop
      vertex 200.549 199.629 0.799999
      vertex 200.605 198.978 0.799999
      vertex 200.76 199.558 0.799999
    endloop
  endfacet
  facet normal 0 0 1
    outer loop
      vertex 200.32 199.075 0.799999
      vertex 200.549 199.629 0.799999
      vertex 200.35 199.728 0.799999
    endloop
  endfacet
  facet normal 0 0 1
    outer loop
      vertex 200.549 199.629 0.799999
      vertex 200.32 199.075 0.799999
      vertex 200.605 198.978 0.799999
    endloop
  endfacet
  facet normal 0 0 1
    outer loop
      vertex 200.05 199.208 0.799999
      vertex 200.35 199.728 0.799999
      vertex 200.165 199.851 0.799999
    endloop
  endfacet
  facet normal 0 0 1
    outer loop
      vertex 200.35 199.728 0.799999
      vertex 200.05 199.208 0.799999
      vertex 200.32 199.075 0.799999
    endloop
  endfacet
  facet normal 0 0 1
    outer loop
      vertex 199.8 199.375 0.799999
      vertex 200.165 199.851 0.799999
      vertex 199.998 199.998 0.799999
    endloop
  endfacet
  facet normal 0 0 1
    outer loop
      vertex 199.574 199.574 0.799999
      vertex 199.998 199.998 0.799999
      vertex 199.851 200.165 0.799999
    endloop
  endfacet
  facet normal 0 0 1
    outer loop
      vertex 200.165 199.851 0.799999
      vertex 199.8 199.375 0.799999
      vertex 200.05 199.208 0.799999
    endloop
  endfacet
  facet normal 0 0 1
    outer loop
      vertex 199.375 199.8 0.799999
      vertex 199.851 200.165 0.799999
      vertex 199.728 200.35 0.799999
    endloop
  endfacet
  facet normal 0 0 1
    outer loop
      vertex 199.208 200.05 0.799999
      vertex 199.728 200.35 0.799999
      vertex 199.629 200.549 0.799999
    endloop
  endfacet
  facet normal 0 0 1
    outer loop
      vertex 199.998 199.998 0.799999
      vertex 199.574 199.574 0.799999
      vertex 199.8 199.375 0.799999
    endloop
  endfacet
  facet normal 0 0 1
    outer loop
      vertex 199.075 200.32 0.799999
      vertex 199.629 200.549 0.799999
      vertex 199.558 200.76 0.799999
    endloop
  endfacet
  facet normal 0 0 1
    outer loop
      vertex 198.978 200.605 0.799999
      vertex 199.558 200.76 0.799999
      vertex 199.515 200.978 0.799999
    endloop
  endfacet
  facet normal 0 0 1
    outer loop
      vertex 198.92 200.9 0.799999
      vertex 199.515 200.978 0.799999
      vertex 199.5 201.2 0.799999
    endloop
  endfacet
  facet normal -0 0 1
    outer loop
      vertex 198.978 201.795 0.799999
      vertex 199.558 201.64 0.799999
      vertex 199.075 202.08 0.799999
    endloop
  endfacet
  facet normal 0 0 1
    outer loop
      vertex 199.851 200.165 0.799999
      vertex 199.375 199.8 0.799999
      vertex 199.574 199.574 0.799999
    endloop
  endfacet
  facet normal 0 0 1
    outer loop
      vertex 199.558 201.64 0.799999
      vertex 198.978 201.795 0.799999
      vertex 199.515 201.422 0.799999
    endloop
  endfacet
  facet normal 0 0 1
    outer loop
      vertex 199.728 200.35 0.799999
      vertex 199.208 200.05 0.799999
      vertex 199.375 199.8 0.799999
    endloop
  endfacet
  facet normal -0 0 1
    outer loop
      vertex 198.92 201.5 0.799999
      vertex 199.515 201.422 0.799999
      vertex 198.978 201.795 0.799999
    endloop
  endfacet
  facet normal 0 0 1
    outer loop
      vertex 199.629 200.549 0.799999
      vertex 199.075 200.32 0.799999
      vertex 199.208 200.05 0.799999
    endloop
  endfacet
  facet normal 0 0 1
    outer loop
      vertex 199.515 201.422 0.799999
      vertex 198.92 201.5 0.799999
      vertex 199.5 201.2 0.799999
    endloop
  endfacet
  facet normal 0 0 1
    outer loop
      vertex 199.558 200.76 0.799999
      vertex 198.978 200.605 0.799999
      vertex 199.075 200.32 0.799999
    endloop
  endfacet
  facet normal 0 0 1
    outer loop
      vertex 198.9 201.2 0.799999
      vertex 199.5 201.2 0.799999
      vertex 198.92 201.5 0.799999
    endloop
  endfacet
  facet normal 0 0 1
    outer loop
      vertex 199.515 200.978 0.799999
      vertex 198.92 200.9 0.799999
      vertex 198.978 200.605 0.799999
    endloop
  endfacet
  facet normal 0 0 1
    outer loop
      vertex 199.5 201.2 0.799999
      vertex 198.9 201.2 0.799999
      vertex 198.92 200.9 0.799999
    endloop
  endfacet
  facet normal -0.831538 -0.555468 0
    outer loop
      vertex 203.192 202.35 0.799999
      vertex 203.025 202.6 5
      vertex 203.025 202.6 0.799999
    endloop
  endfacet
  facet normal -0.831538 -0.555468 0
    outer loop
      vertex 203.025 202.6 5
      vertex 203.192 202.35 0.799999
      vertex 203.192 202.35 5
    endloop
  endfacet
  facet normal -0.3222 -0.946671 0
    outer loop
      vertex 201.795 203.422 0.799999
      vertex 202.08 203.325 5
      vertex 201.795 203.422 5
    endloop
  endfacet
  facet normal -0.3222 -0.946671 -0
    outer loop
      vertex 202.08 203.325 5
      vertex 201.795 203.422 0.799999
      vertex 202.08 203.325 0.799999
    endloop
  endfacet
  facet normal 0.44189 -0.897069 0
    outer loop
      vertex 200.05 203.192 0.799999
      vertex 200.32 203.325 5
      vertex 200.05 203.192 5
    endloop
  endfacet
  facet normal 0.44189 -0.897069 0
    outer loop
      vertex 200.32 203.325 5
      vertex 200.05 203.192 0.799999
      vertex 200.32 203.325 0.799999
    endloop
  endfacet
  facet normal 0.946671 -0.3222 0
    outer loop
      vertex 198.978 201.795 5
      vertex 199.075 202.08 0.799999
      vertex 199.075 202.08 5
    endloop
  endfacet
  facet normal 0.946671 -0.3222 0
    outer loop
      vertex 199.075 202.08 0.799999
      vertex 198.978 201.795 5
      vertex 198.978 201.795 0.799999
    endloop
  endfacet
  facet normal -0.981215 0.192917 0
    outer loop
      vertex 203.422 200.605 0.799999
      vertex 203.48 200.9 5
      vertex 203.48 200.9 0.799999
    endloop
  endfacet
  facet normal -0.981215 0.192917 0
    outer loop
      vertex 203.48 200.9 5
      vertex 203.422 200.605 0.799999
      vertex 203.422 200.605 5
    endloop
  endfacet
  facet normal 0.066519 -0.997785 0
    outer loop
      vertex 200.9 203.48 0.799999
      vertex 201.2 203.5 5
      vertex 200.9 203.48 5
    endloop
  endfacet
  facet normal 0.066519 -0.997785 0
    outer loop
      vertex 201.2 203.5 5
      vertex 200.9 203.48 0.799999
      vertex 201.2 203.5 0.799999
    endloop
  endfacet
  facet normal -0.44189 -0.897069 0
    outer loop
      vertex 202.08 203.325 0.799999
      vertex 202.35 203.192 5
      vertex 202.08 203.325 5
    endloop
  endfacet
  facet normal -0.44189 -0.897069 -0
    outer loop
      vertex 202.35 203.192 5
      vertex 202.08 203.325 0.799999
      vertex 202.35 203.192 0.799999
    endloop
  endfacet
  facet normal 0.997785 0.066519 0
    outer loop
      vertex 198.92 200.9 5
      vertex 198.9 201.2 0.799999
      vertex 198.9 201.2 5
    endloop
  endfacet
  facet normal 0.997785 0.066519 0
    outer loop
      vertex 198.9 201.2 0.799999
      vertex 198.92 200.9 5
      vertex 198.92 200.9 0.799999
    endloop
  endfacet
  facet normal 0.831538 -0.555468 0
    outer loop
      vertex 199.208 202.35 5
      vertex 199.375 202.6 0.799999
      vertex 199.375 202.6 5
    endloop
  endfacet
  facet normal 0.831538 -0.555468 0
    outer loop
      vertex 199.375 202.6 0.799999
      vertex 199.208 202.35 5
      vertex 199.208 202.35 0.799999
    endloop
  endfacet
  facet normal 0.192917 -0.981215 0
    outer loop
      vertex 200.605 203.422 0.799999
      vertex 200.9 203.48 5
      vertex 200.605 203.422 5
    endloop
  endfacet
  facet normal 0.192917 -0.981215 0
    outer loop
      vertex 200.9 203.48 5
      vertex 200.605 203.422 0.799999
      vertex 200.9 203.48 0.799999
    endloop
  endfacet
  facet normal 0.750516 -0.660852 0
    outer loop
      vertex 199.375 202.6 5
      vertex 199.574 202.826 0.799999
      vertex 199.574 202.826 5
    endloop
  endfacet
  facet normal 0.750516 -0.660852 0
    outer loop
      vertex 199.574 202.826 0.799999
      vertex 199.375 202.6 5
      vertex 199.375 202.6 0.799999
    endloop
  endfacet
  facet normal -0.997785 -0.066519 0
    outer loop
      vertex 203.5 201.2 0.799999
      vertex 203.48 201.5 5
      vertex 203.48 201.5 0.799999
    endloop
  endfacet
  facet normal -0.997785 -0.066519 0
    outer loop
      vertex 203.48 201.5 5
      vertex 203.5 201.2 0.799999
      vertex 203.5 201.2 5
    endloop
  endfacet
  facet normal -0.555468 0.831538 0
    outer loop
      vertex 202.6 199.375 0.799999
      vertex 202.35 199.208 5
      vertex 202.6 199.375 5
    endloop
  endfacet
  facet normal -0.555468 0.831538 0
    outer loop
      vertex 202.35 199.208 5
      vertex 202.6 199.375 0.799999
      vertex 202.35 199.208 0.799999
    endloop
  endfacet
  facet normal -0.946671 0.3222 0
    outer loop
      vertex 203.325 200.32 0.799999
      vertex 203.422 200.605 5
      vertex 203.422 200.605 0.799999
    endloop
  endfacet
  facet normal -0.946671 0.3222 0
    outer loop
      vertex 203.422 200.605 5
      vertex 203.325 200.32 0.799999
      vertex 203.325 200.32 5
    endloop
  endfacet
  facet normal 0.555468 0.831538 -0
    outer loop
      vertex 200.05 199.208 0.799999
      vertex 199.8 199.375 5
      vertex 200.05 199.208 5
    endloop
  endfacet
  facet normal 0.555468 0.831538 0
    outer loop
      vertex 199.8 199.375 5
      vertex 200.05 199.208 0.799999
      vertex 199.8 199.375 0.799999
    endloop
  endfacet
  facet normal -0.946671 -0.3222 0
    outer loop
      vertex 203.422 201.795 0.799999
      vertex 203.325 202.08 5
      vertex 203.325 202.08 0.799999
    endloop
  endfacet
  facet normal -0.946671 -0.3222 0
    outer loop
      vertex 203.325 202.08 5
      vertex 203.422 201.795 0.799999
      vertex 203.422 201.795 5
    endloop
  endfacet
  facet normal -0.660852 -0.750516 0
    outer loop
      vertex 202.6 203.025 0.799999
      vertex 202.826 202.826 5
      vertex 202.6 203.025 5
    endloop
  endfacet
  facet normal -0.660852 -0.750516 -0
    outer loop
      vertex 202.826 202.826 5
      vertex 202.6 203.025 0.799999
      vertex 202.826 202.826 0.799999
    endloop
  endfacet
  facet normal -0.192917 -0.981215 0
    outer loop
      vertex 201.5 203.48 0.799999
      vertex 201.795 203.422 5
      vertex 201.5 203.48 5
    endloop
  endfacet
  facet normal -0.192917 -0.981215 -0
    outer loop
      vertex 201.795 203.422 5
      vertex 201.5 203.48 0.799999
      vertex 201.795 203.422 0.799999
    endloop
  endfacet
  facet normal -0.066519 -0.997785 0
    outer loop
      vertex 201.2 203.5 0.799999
      vertex 201.5 203.48 5
      vertex 201.2 203.5 5
    endloop
  endfacet
  facet normal -0.066519 -0.997785 -0
    outer loop
      vertex 201.5 203.48 5
      vertex 201.2 203.5 0.799999
      vertex 201.5 203.48 0.799999
    endloop
  endfacet
  facet normal -0.555468 -0.831538 0
    outer loop
      vertex 202.35 203.192 0.799999
      vertex 202.6 203.025 5
      vertex 202.35 203.192 5
    endloop
  endfacet
  facet normal -0.555468 -0.831538 -0
    outer loop
      vertex 202.6 203.025 5
      vertex 202.35 203.192 0.799999
      vertex 202.6 203.025 0.799999
    endloop
  endfacet
  facet normal 0.981215 -0.192917 0
    outer loop
      vertex 198.92 201.5 5
      vertex 198.978 201.795 0.799999
      vertex 198.978 201.795 5
    endloop
  endfacet
  facet normal 0.981215 -0.192917 0
    outer loop
      vertex 198.978 201.795 0.799999
      vertex 198.92 201.5 5
      vertex 198.92 201.5 0.799999
    endloop
  endfacet
  facet normal 0.997785 -0.066519 0
    outer loop
      vertex 198.9 201.2 5
      vertex 198.92 201.5 0.799999
      vertex 198.92 201.5 5
    endloop
  endfacet
  facet normal 0.997785 -0.066519 0
    outer loop
      vertex 198.92 201.5 0.799999
      vertex 198.9 201.2 5
      vertex 198.9 201.2 0.799999
    endloop
  endfacet
  facet normal 0.897069 -0.44189 0
    outer loop
      vertex 199.075 202.08 5
      vertex 199.208 202.35 0.799999
      vertex 199.208 202.35 5
    endloop
  endfacet
  facet normal 0.897069 -0.44189 0
    outer loop
      vertex 199.208 202.35 0.799999
      vertex 199.075 202.08 5
      vertex 199.075 202.08 0.799999
    endloop
  endfacet
  facet normal 0.3222 -0.946671 0
    outer loop
      vertex 200.32 203.325 0.799999
      vertex 200.605 203.422 5
      vertex 200.32 203.325 5
    endloop
  endfacet
  facet normal 0.3222 -0.946671 0
    outer loop
      vertex 200.605 203.422 5
      vertex 200.32 203.325 0.799999
      vertex 200.605 203.422 0.799999
    endloop
  endfacet
  facet normal 0.660852 -0.750516 0
    outer loop
      vertex 199.574 202.826 0.799999
      vertex 199.8 203.025 5
      vertex 199.574 202.826 5
    endloop
  endfacet
  facet normal 0.660852 -0.750516 0
    outer loop
      vertex 199.8 203.025 5
      vertex 199.574 202.826 0.799999
      vertex 199.8 203.025 0.799999
    endloop
  endfacet
  facet normal 0.555468 -0.831538 0
    outer loop
      vertex 199.8 203.025 0.799999
      vertex 200.05 203.192 5
      vertex 199.8 203.025 5
    endloop
  endfacet
  facet normal 0.555468 -0.831538 0
    outer loop
      vertex 200.05 203.192 5
      vertex 199.8 203.025 0.799999
      vertex 200.05 203.192 0.799999
    endloop
  endfacet
  facet normal -0.997785 0.066519 0
    outer loop
      vertex 203.48 200.9 0.799999
      vertex 203.5 201.2 5
      vertex 203.5 201.2 0.799999
    endloop
  endfacet
  facet normal -0.997785 0.066519 0
    outer loop
      vertex 203.5 201.2 5
      vertex 203.48 200.9 0.799999
      vertex 203.48 200.9 5
    endloop
  endfacet
  facet normal -0.831538 0.555468 0
    outer loop
      vertex 203.025 199.8 0.799999
      vertex 203.192 200.05 5
      vertex 203.192 200.05 0.799999
    endloop
  endfacet
  facet normal -0.831538 0.555468 0
    outer loop
      vertex 203.192 200.05 5
      vertex 203.025 199.8 0.799999
      vertex 203.025 199.8 5
    endloop
  endfacet
  facet normal -0.066519 0.997785 0
    outer loop
      vertex 201.5 198.92 0.799999
      vertex 201.2 198.9 5
      vertex 201.5 198.92 5
    endloop
  endfacet
  facet normal -0.066519 0.997785 0
    outer loop
      vertex 201.2 198.9 5
      vertex 201.5 198.92 0.799999
      vertex 201.2 198.9 0.799999
    endloop
  endfacet
  facet normal 0.981215 0.192917 0
    outer loop
      vertex 198.978 200.605 5
      vertex 198.92 200.9 0.799999
      vertex 198.92 200.9 5
    endloop
  endfacet
  facet normal 0.981215 0.192917 0
    outer loop
      vertex 198.92 200.9 0.799999
      vertex 198.978 200.605 5
      vertex 198.978 200.605 0.799999
    endloop
  endfacet
  facet normal 0.660852 0.750516 -0
    outer loop
      vertex 199.8 199.375 0.799999
      vertex 199.574 199.574 5
      vertex 199.8 199.375 5
    endloop
  endfacet
  facet normal 0.660852 0.750516 0
    outer loop
      vertex 199.574 199.574 5
      vertex 199.8 199.375 0.799999
      vertex 199.574 199.574 0.799999
    endloop
  endfacet
  facet normal -0.192917 0.981215 0
    outer loop
      vertex 201.795 198.978 0.799999
      vertex 201.5 198.92 5
      vertex 201.795 198.978 5
    endloop
  endfacet
  facet normal -0.192917 0.981215 0
    outer loop
      vertex 201.5 198.92 5
      vertex 201.795 198.978 0.799999
      vertex 201.5 198.92 0.799999
    endloop
  endfacet
  facet normal -0.981215 -0.192917 0
    outer loop
      vertex 203.48 201.5 0.799999
      vertex 203.422 201.795 5
      vertex 203.422 201.795 0.799999
    endloop
  endfacet
  facet normal -0.981215 -0.192917 0
    outer loop
      vertex 203.422 201.795 5
      vertex 203.48 201.5 0.799999
      vertex 203.48 201.5 5
    endloop
  endfacet
  facet normal -0.750516 -0.660852 0
    outer loop
      vertex 203.025 202.6 0.799999
      vertex 202.826 202.826 5
      vertex 202.826 202.826 0.799999
    endloop
  endfacet
  facet normal -0.750516 -0.660852 0
    outer loop
      vertex 202.826 202.826 5
      vertex 203.025 202.6 0.799999
      vertex 203.025 202.6 5
    endloop
  endfacet
  facet normal -0.750516 0.660852 0
    outer loop
      vertex 202.826 199.574 0.799999
      vertex 203.025 199.8 5
      vertex 203.025 199.8 0.799999
    endloop
  endfacet
  facet normal -0.750516 0.660852 0
    outer loop
      vertex 203.025 199.8 5
      vertex 202.826 199.574 0.799999
      vertex 202.826 199.574 5
    endloop
  endfacet
  facet normal -0.897069 0.44189 0
    outer loop
      vertex 203.192 200.05 0.799999
      vertex 203.325 200.32 5
      vertex 203.325 200.32 0.799999
    endloop
  endfacet
  facet normal -0.897069 0.44189 0
    outer loop
      vertex 203.325 200.32 5
      vertex 203.192 200.05 0.799999
      vertex 203.192 200.05 5
    endloop
  endfacet
  facet normal 0.3222 0.946671 -0
    outer loop
      vertex 200.605 198.978 0.799999
      vertex 200.32 199.075 5
      vertex 200.605 198.978 5
    endloop
  endfacet
  facet normal 0.3222 0.946671 0
    outer loop
      vertex 200.32 199.075 5
      vertex 200.605 198.978 0.799999
      vertex 200.32 199.075 0.799999
    endloop
  endfacet
  facet normal 0.192917 0.981215 -0
    outer loop
      vertex 200.9 198.92 0.799999
      vertex 200.605 198.978 5
      vertex 200.9 198.92 5
    endloop
  endfacet
  facet normal 0.192917 0.981215 0
    outer loop
      vertex 200.605 198.978 5
      vertex 200.9 198.92 0.799999
      vertex 200.605 198.978 0.799999
    endloop
  endfacet
  facet normal 0.897069 0.44189 0
    outer loop
      vertex 199.208 200.05 5
      vertex 199.075 200.32 0.799999
      vertex 199.075 200.32 5
    endloop
  endfacet
  facet normal 0.897069 0.44189 0
    outer loop
      vertex 199.075 200.32 0.799999
      vertex 199.208 200.05 5
      vertex 199.208 200.05 0.799999
    endloop
  endfacet
  facet normal 0.946671 0.3222 0
    outer loop
      vertex 199.075 200.32 5
      vertex 198.978 200.605 0.799999
      vertex 198.978 200.605 5
    endloop
  endfacet
  facet normal 0.946671 0.3222 0
    outer loop
      vertex 198.978 200.605 0.799999
      vertex 199.075 200.32 5
      vertex 199.075 200.32 0.799999
    endloop
  endfacet
  facet normal -0.44189 0.897069 0
    outer loop
      vertex 202.35 199.208 0.799999
      vertex 202.08 199.075 5
      vertex 202.35 199.208 5
    endloop
  endfacet
  facet normal -0.44189 0.897069 0
    outer loop
      vertex 202.08 199.075 5
      vertex 202.35 199.208 0.799999
      vertex 202.08 199.075 0.799999
    endloop
  endfacet
  facet normal -0.3222 0.946671 0
    outer loop
      vertex 202.08 199.075 0.799999
      vertex 201.795 198.978 5
      vertex 202.08 199.075 5
    endloop
  endfacet
  facet normal -0.3222 0.946671 0
    outer loop
      vertex 201.795 198.978 5
      vertex 202.08 199.075 0.799999
      vertex 201.795 198.978 0.799999
    endloop
  endfacet
  facet normal -0.660852 0.750516 0
    outer loop
      vertex 202.826 199.574 0.799999
      vertex 202.6 199.375 5
      vertex 202.826 199.574 5
    endloop
  endfacet
  facet normal -0.660852 0.750516 0
    outer loop
      vertex 202.6 199.375 5
      vertex 202.826 199.574 0.799999
      vertex 202.6 199.375 0.799999
    endloop
  endfacet
  facet normal 0.44189 0.897069 -0
    outer loop
      vertex 200.32 199.075 0.799999
      vertex 200.05 199.208 5
      vertex 200.32 199.075 5
    endloop
  endfacet
  facet normal 0.44189 0.897069 0
    outer loop
      vertex 200.05 199.208 5
      vertex 200.32 199.075 0.799999
      vertex 200.05 199.208 0.799999
    endloop
  endfacet
  facet normal 0.750516 0.660852 0
    outer loop
      vertex 199.574 199.574 5
      vertex 199.375 199.8 0.799999
      vertex 199.375 199.8 5
    endloop
  endfacet
  facet normal 0.750516 0.660852 0
    outer loop
      vertex 199.375 199.8 0.799999
      vertex 199.574 199.574 5
      vertex 199.574 199.574 0.799999
    endloop
  endfacet
  facet normal 0.831538 0.555468 0
    outer loop
      vertex 199.375 199.8 5
      vertex 199.208 200.05 0.799999
      vertex 199.208 200.05 5
    endloop
  endfacet
  facet normal 0.831538 0.555468 0
    outer loop
      vertex 199.208 200.05 0.799999
      vertex 199.375 199.8 5
      vertex 199.375 199.8 0.799999
    endloop
  endfacet
  facet normal 0.066519 0.997785 -0
    outer loop
      vertex 201.2 198.9 0.799999
      vertex 200.9 198.92 5
      vertex 201.2 198.9 5
    endloop
  endfacet
  facet normal 0.066519 0.997785 0
    outer loop
      vertex 200.9 198.92 5
      vertex 201.2 198.9 0.799999
      vertex 200.9 198.92 0.799999
    endloop
  endfacet
  facet normal -0.997723 -0.0674441 0
    outer loop
      vertex 208.9 42 0
      vertex 208.885 42.2219 5
      vertex 208.885 42.2219 0
    endloop
  endfacet
  facet normal -0.997723 -0.0674441 0
    outer loop
      vertex 208.885 42.2219 5
      vertex 208.9 42 0
      vertex 208.9 42 5
    endloop
  endfacet
  facet normal 0.0651764 -0.997874 0
    outer loop
      vertex 206.978 43.6855 0
      vertex 207.2 43.7 5
      vertex 206.978 43.6855 5
    endloop
  endfacet
  facet normal 0.0651764 -0.997874 0
    outer loop
      vertex 207.2 43.7 5
      vertex 206.978 43.6855 0
      vertex 207.2 43.7 0
    endloop
  endfacet
  facet normal -0.659714 -0.751516 0
    outer loop
      vertex 208.235 43.3487 0
      vertex 208.402 43.2021 5
      vertex 208.235 43.3487 5
    endloop
  endfacet
  facet normal -0.659714 -0.751516 -0
    outer loop
      vertex 208.402 43.2021 5
      vertex 208.235 43.3487 0
      vertex 208.402 43.2021 0
    endloop
  endfacet
  facet normal 0.751016 -0.660284 0
    outer loop
      vertex 205.851 43.0349 5
      vertex 205.998 43.2021 0
      vertex 205.998 43.2021 5
    endloop
  endfacet
  facet normal 0.751016 -0.660284 0
    outer loop
      vertex 205.998 43.2021 0
      vertex 205.851 43.0349 5
      vertex 205.851 43.0349 0
    endloop
  endfacet
  facet normal 0.443245 -0.8964 0
    outer loop
      vertex 206.35 43.4722 0
      vertex 206.549 43.5706 5
      vertex 206.35 43.4722 5
    endloop
  endfacet
  facet normal 0.443245 -0.8964 0
    outer loop
      vertex 206.549 43.5706 5
      vertex 206.35 43.4722 0
      vertex 206.549 43.5706 0
    endloop
  endfacet
  facet normal -0.895681 -0.444696 0
    outer loop
      vertex 208.771 42.6506 0
      vertex 208.672 42.85 5
      vertex 208.672 42.85 0
    endloop
  endfacet
  facet normal -0.895681 -0.444696 0
    outer loop
      vertex 208.672 42.85 5
      vertex 208.771 42.6506 0
      vertex 208.771 42.6506 5
    endloop
  endfacet
  facet normal -0.981113 -0.193434 0
    outer loop
      vertex 208.885 42.2219 0
      vertex 208.842 42.44 5
      vertex 208.842 42.44 0
    endloop
  endfacet
  facet normal -0.981113 -0.193434 0
    outer loop
      vertex 208.842 42.44 5
      vertex 208.885 42.2219 0
      vertex 208.885 42.2219 5
    endloop
  endfacet
  facet normal -0.320937 -0.947101 0
    outer loop
      vertex 207.64 43.6421 0
      vertex 207.851 43.5706 5
      vertex 207.64 43.6421 5
    endloop
  endfacet
  facet normal -0.320937 -0.947101 -0
    outer loop
      vertex 207.851 43.5706 5
      vertex 207.64 43.6421 0
      vertex 207.851 43.5706 0
    endloop
  endfacet
  facet normal -0.555219 -0.831704 0
    outer loop
      vertex 208.05 43.4722 0
      vertex 208.235 43.3487 5
      vertex 208.05 43.4722 5
    endloop
  endfacet
  facet normal -0.555219 -0.831704 -0
    outer loop
      vertex 208.235 43.3487 5
      vertex 208.05 43.4722 0
      vertex 208.235 43.3487 0
    endloop
  endfacet
  facet normal 0.947598 -0.319466 0
    outer loop
      vertex 205.558 42.44 5
      vertex 205.629 42.6506 0
      vertex 205.629 42.6506 5
    endloop
  endfacet
  facet normal 0.947598 -0.319466 0
    outer loop
      vertex 205.629 42.6506 0
      vertex 205.558 42.44 5
      vertex 205.558 42.44 0
    endloop
  endfacet
  facet normal 0.895681 -0.444696 0
    outer loop
      vertex 205.629 42.6506 5
      vertex 205.728 42.85 0
      vertex 205.728 42.85 5
    endloop
  endfacet
  facet normal 0.895681 -0.444696 0
    outer loop
      vertex 205.728 42.85 0
      vertex 205.629 42.6506 5
      vertex 205.629 42.6506 0
    endloop
  endfacet
  facet normal 0.997723 -0.0674441 0
    outer loop
      vertex 205.5 42 5
      vertex 205.515 42.2219 0
      vertex 205.515 42.2219 5
    endloop
  endfacet
  facet normal 0.997723 -0.0674441 0
    outer loop
      vertex 205.515 42.2219 0
      vertex 205.5 42 5
      vertex 205.5 42 0
    endloop
  endfacet
  facet normal 0.555219 -0.831704 0
    outer loop
      vertex 206.165 43.3487 0
      vertex 206.35 43.4722 5
      vertex 206.165 43.3487 5
    endloop
  endfacet
  facet normal 0.555219 -0.831704 0
    outer loop
      vertex 206.35 43.4722 5
      vertex 206.165 43.3487 0
      vertex 206.35 43.4722 0
    endloop
  endfacet
  facet normal 0.195251 -0.980753 0
    outer loop
      vertex 206.76 43.6421 0
      vertex 206.978 43.6855 5
      vertex 206.76 43.6421 5
    endloop
  endfacet
  facet normal 0.195251 -0.980753 0
    outer loop
      vertex 206.978 43.6855 5
      vertex 206.76 43.6421 0
      vertex 206.978 43.6855 0
    endloop
  endfacet
  facet normal -0.195251 0.980753 0
    outer loop
      vertex 207.64 40.3579 0
      vertex 207.422 40.3145 5
      vertex 207.64 40.3579 5
    endloop
  endfacet
  facet normal -0.195251 0.980753 0
    outer loop
      vertex 207.422 40.3145 5
      vertex 207.64 40.3579 0
      vertex 207.422 40.3145 0
    endloop
  endfacet
  facet normal -0.947598 -0.319466 0
    outer loop
      vertex 208.842 42.44 0
      vertex 208.771 42.6506 5
      vertex 208.771 42.6506 0
    endloop
  endfacet
  facet normal -0.947598 -0.319466 0
    outer loop
      vertex 208.771 42.6506 5
      vertex 208.842 42.44 0
      vertex 208.842 42.44 5
    endloop
  endfacet
  facet normal -0.751016 -0.660284 0
    outer loop
      vertex 208.549 43.0349 0
      vertex 208.402 43.2021 5
      vertex 208.402 43.2021 0
    endloop
  endfacet
  facet normal -0.751016 -0.660284 0
    outer loop
      vertex 208.402 43.2021 5
      vertex 208.549 43.0349 0
      vertex 208.549 43.0349 5
    endloop
  endfacet
  facet normal -0.832604 -0.553869 0
    outer loop
      vertex 208.672 42.85 0
      vertex 208.549 43.0349 5
      vertex 208.549 43.0349 0
    endloop
  endfacet
  facet normal -0.832604 -0.553869 0
    outer loop
      vertex 208.549 43.0349 5
      vertex 208.672 42.85 0
      vertex 208.672 42.85 5
    endloop
  endfacet
  facet normal -0.195251 -0.980753 0
    outer loop
      vertex 207.422 43.6855 0
      vertex 207.64 43.6421 5
      vertex 207.422 43.6855 5
    endloop
  endfacet
  facet normal -0.195251 -0.980753 -0
    outer loop
      vertex 207.64 43.6421 5
      vertex 207.422 43.6855 0
      vertex 207.64 43.6421 0
    endloop
  endfacet
  facet normal -0.0651764 -0.997874 0
    outer loop
      vertex 207.2 43.7 0
      vertex 207.422 43.6855 5
      vertex 207.2 43.7 5
    endloop
  endfacet
  facet normal -0.0651764 -0.997874 -0
    outer loop
      vertex 207.422 43.6855 5
      vertex 207.2 43.7 0
      vertex 207.422 43.6855 0
    endloop
  endfacet
  facet normal -0.443245 -0.8964 0
    outer loop
      vertex 207.851 43.5706 0
      vertex 208.05 43.4722 5
      vertex 207.851 43.5706 5
    endloop
  endfacet
  facet normal -0.443245 -0.8964 -0
    outer loop
      vertex 208.05 43.4722 5
      vertex 207.851 43.5706 0
      vertex 208.05 43.4722 0
    endloop
  endfacet
  facet normal 0.832604 -0.553869 0
    outer loop
      vertex 205.728 42.85 5
      vertex 205.851 43.0349 0
      vertex 205.851 43.0349 5
    endloop
  endfacet
  facet normal 0.832604 -0.553869 0
    outer loop
      vertex 205.851 43.0349 0
      vertex 205.728 42.85 5
      vertex 205.728 42.85 0
    endloop
  endfacet
  facet normal 0.997723 0.0674441 0
    outer loop
      vertex 205.515 41.7781 5
      vertex 205.5 42 0
      vertex 205.5 42 5
    endloop
  endfacet
  facet normal 0.997723 0.0674441 0
    outer loop
      vertex 205.5 42 0
      vertex 205.515 41.7781 5
      vertex 205.515 41.7781 0
    endloop
  endfacet
  facet normal 0.659714 -0.751516 0
    outer loop
      vertex 205.998 43.2021 0
      vertex 206.165 43.3487 5
      vertex 205.998 43.2021 5
    endloop
  endfacet
  facet normal 0.659714 -0.751516 0
    outer loop
      vertex 206.165 43.3487 5
      vertex 205.998 43.2021 0
      vertex 206.165 43.3487 0
    endloop
  endfacet
  facet normal 0.320937 -0.947101 0
    outer loop
      vertex 206.549 43.5706 0
      vertex 206.76 43.6421 5
      vertex 206.549 43.5706 5
    endloop
  endfacet
  facet normal 0.320937 -0.947101 0
    outer loop
      vertex 206.76 43.6421 5
      vertex 206.549 43.5706 0
      vertex 206.76 43.6421 0
    endloop
  endfacet
  facet normal -0.997723 0.0674441 0
    outer loop
      vertex 208.885 41.7781 0
      vertex 208.9 42 5
      vertex 208.9 42 0
    endloop
  endfacet
  facet normal -0.997723 0.0674441 0
    outer loop
      vertex 208.9 42 5
      vertex 208.885 41.7781 0
      vertex 208.885 41.7781 5
    endloop
  endfacet
  facet normal -0.555219 0.831704 0
    outer loop
      vertex 208.235 40.6513 0
      vertex 208.05 40.5278 5
      vertex 208.235 40.6513 5
    endloop
  endfacet
  facet normal -0.555219 0.831704 0
    outer loop
      vertex 208.05 40.5278 5
      vertex 208.235 40.6513 0
      vertex 208.05 40.5278 0
    endloop
  endfacet
  facet normal 0.751016 0.660284 0
    outer loop
      vertex 205.998 40.7979 5
      vertex 205.851 40.9651 0
      vertex 205.851 40.9651 5
    endloop
  endfacet
  facet normal 0.751016 0.660284 0
    outer loop
      vertex 205.851 40.9651 0
      vertex 205.998 40.7979 5
      vertex 205.998 40.7979 0
    endloop
  endfacet
  facet normal 0.832604 0.553869 0
    outer loop
      vertex 205.851 40.9651 5
      vertex 205.728 41.15 0
      vertex 205.728 41.15 5
    endloop
  endfacet
  facet normal 0.832604 0.553869 0
    outer loop
      vertex 205.728 41.15 0
      vertex 205.851 40.9651 5
      vertex 205.851 40.9651 0
    endloop
  endfacet
  facet normal 0.981113 0.193434 0
    outer loop
      vertex 205.558 41.56 5
      vertex 205.515 41.7781 0
      vertex 205.515 41.7781 5
    endloop
  endfacet
  facet normal 0.981113 0.193434 0
    outer loop
      vertex 205.515 41.7781 0
      vertex 205.558 41.56 5
      vertex 205.558 41.56 0
    endloop
  endfacet
  facet normal 0.895681 0.444696 0
    outer loop
      vertex 205.728 41.15 5
      vertex 205.629 41.3494 0
      vertex 205.629 41.3494 5
    endloop
  endfacet
  facet normal 0.895681 0.444696 0
    outer loop
      vertex 205.629 41.3494 0
      vertex 205.728 41.15 5
      vertex 205.728 41.15 0
    endloop
  endfacet
  facet normal -0.443245 0.8964 0
    outer loop
      vertex 208.05 40.5278 0
      vertex 207.851 40.4294 5
      vertex 208.05 40.5278 5
    endloop
  endfacet
  facet normal -0.443245 0.8964 0
    outer loop
      vertex 207.851 40.4294 5
      vertex 208.05 40.5278 0
      vertex 207.851 40.4294 0
    endloop
  endfacet
  facet normal -0.320937 0.947101 0
    outer loop
      vertex 207.851 40.4294 0
      vertex 207.64 40.3579 5
      vertex 207.851 40.4294 5
    endloop
  endfacet
  facet normal -0.320937 0.947101 0
    outer loop
      vertex 207.64 40.3579 5
      vertex 207.851 40.4294 0
      vertex 207.64 40.3579 0
    endloop
  endfacet
  facet normal 0.981113 -0.193434 0
    outer loop
      vertex 205.515 42.2219 5
      vertex 205.558 42.44 0
      vertex 205.558 42.44 5
    endloop
  endfacet
  facet normal 0.981113 -0.193434 0
    outer loop
      vertex 205.558 42.44 0
      vertex 205.515 42.2219 5
      vertex 205.515 42.2219 0
    endloop
  endfacet
  facet normal -0.981113 0.193434 0
    outer loop
      vertex 208.842 41.56 0
      vertex 208.885 41.7781 5
      vertex 208.885 41.7781 0
    endloop
  endfacet
  facet normal -0.981113 0.193434 0
    outer loop
      vertex 208.885 41.7781 5
      vertex 208.842 41.56 0
      vertex 208.842 41.56 5
    endloop
  endfacet
  facet normal -0.832604 0.553869 0
    outer loop
      vertex 208.549 40.9651 0
      vertex 208.672 41.15 5
      vertex 208.672 41.15 0
    endloop
  endfacet
  facet normal -0.832604 0.553869 0
    outer loop
      vertex 208.672 41.15 5
      vertex 208.549 40.9651 0
      vertex 208.549 40.9651 5
    endloop
  endfacet
  facet normal -0.659714 0.751516 0
    outer loop
      vertex 208.402 40.7979 0
      vertex 208.235 40.6513 5
      vertex 208.402 40.7979 5
    endloop
  endfacet
  facet normal -0.659714 0.751516 0
    outer loop
      vertex 208.235 40.6513 5
      vertex 208.402 40.7979 0
      vertex 208.235 40.6513 0
    endloop
  endfacet
  facet normal -0.895681 0.444696 0
    outer loop
      vertex 208.672 41.15 0
      vertex 208.771 41.3494 5
      vertex 208.771 41.3494 0
    endloop
  endfacet
  facet normal -0.895681 0.444696 0
    outer loop
      vertex 208.771 41.3494 5
      vertex 208.672 41.15 0
      vertex 208.672 41.15 5
    endloop
  endfacet
  facet normal -0.0651764 0.997874 0
    outer loop
      vertex 207.422 40.3145 0
      vertex 207.2 40.3 5
      vertex 207.422 40.3145 5
    endloop
  endfacet
  facet normal -0.0651764 0.997874 0
    outer loop
      vertex 207.2 40.3 5
      vertex 207.422 40.3145 0
      vertex 207.2 40.3 0
    endloop
  endfacet
  facet normal 0.443245 0.8964 -0
    outer loop
      vertex 206.549 40.4294 0
      vertex 206.35 40.5278 5
      vertex 206.549 40.4294 5
    endloop
  endfacet
  facet normal 0.443245 0.8964 0
    outer loop
      vertex 206.35 40.5278 5
      vertex 206.549 40.4294 0
      vertex 206.35 40.5278 0
    endloop
  endfacet
  facet normal 0.947598 0.319466 0
    outer loop
      vertex 205.629 41.3494 5
      vertex 205.558 41.56 0
      vertex 205.558 41.56 5
    endloop
  endfacet
  facet normal 0.947598 0.319466 0
    outer loop
      vertex 205.558 41.56 0
      vertex 205.629 41.3494 5
      vertex 205.629 41.3494 0
    endloop
  endfacet
  facet normal -0.947598 0.319466 0
    outer loop
      vertex 208.771 41.3494 0
      vertex 208.842 41.56 5
      vertex 208.842 41.56 0
    endloop
  endfacet
  facet normal -0.947598 0.319466 0
    outer loop
      vertex 208.842 41.56 5
      vertex 208.771 41.3494 0
      vertex 208.771 41.3494 5
    endloop
  endfacet
  facet normal 0.195251 0.980753 -0
    outer loop
      vertex 206.978 40.3145 0
      vertex 206.76 40.3579 5
      vertex 206.978 40.3145 5
    endloop
  endfacet
  facet normal 0.195251 0.980753 0
    outer loop
      vertex 206.76 40.3579 5
      vertex 206.978 40.3145 0
      vertex 206.76 40.3579 0
    endloop
  endfacet
  facet normal 0.320937 0.947101 -0
    outer loop
      vertex 206.76 40.3579 0
      vertex 206.549 40.4294 5
      vertex 206.76 40.3579 5
    endloop
  endfacet
  facet normal 0.320937 0.947101 0
    outer loop
      vertex 206.549 40.4294 5
      vertex 206.76 40.3579 0
      vertex 206.549 40.4294 0
    endloop
  endfacet
  facet normal 0.555219 0.831704 -0
    outer loop
      vertex 206.35 40.5278 0
      vertex 206.165 40.6513 5
      vertex 206.35 40.5278 5
    endloop
  endfacet
  facet normal 0.555219 0.831704 0
    outer loop
      vertex 206.165 40.6513 5
      vertex 206.35 40.5278 0
      vertex 206.165 40.6513 0
    endloop
  endfacet
  facet normal 0.659714 0.751516 -0
    outer loop
      vertex 206.165 40.6513 0
      vertex 205.998 40.7979 5
      vertex 206.165 40.6513 5
    endloop
  endfacet
  facet normal 0.659714 0.751516 0
    outer loop
      vertex 205.998 40.7979 5
      vertex 206.165 40.6513 0
      vertex 205.998 40.7979 0
    endloop
  endfacet
  facet normal -0.751016 0.660284 0
    outer loop
      vertex 208.402 40.7979 0
      vertex 208.549 40.9651 5
      vertex 208.549 40.9651 0
    endloop
  endfacet
  facet normal -0.751016 0.660284 0
    outer loop
      vertex 208.549 40.9651 5
      vertex 208.402 40.7979 0
      vertex 208.402 40.7979 5
    endloop
  endfacet
  facet normal 0.0651764 0.997874 -0
    outer loop
      vertex 207.2 40.3 0
      vertex 206.978 40.3145 5
      vertex 207.2 40.3 5
    endloop
  endfacet
  facet normal 0.0651764 0.997874 0
    outer loop
      vertex 206.978 40.3145 5
      vertex 207.2 40.3 0
      vertex 206.978 40.3145 0
    endloop
  endfacet
  facet normal -0.997725 -0.0674139 0
    outer loop
      vertex 208.9 177.2 0
      vertex 208.885 177.422 5
      vertex 208.885 177.422 0
    endloop
  endfacet
  facet normal -0.997725 -0.0674139 0
    outer loop
      vertex 208.885 177.422 5
      vertex 208.9 177.2 0
      vertex 208.9 177.2 5
    endloop
  endfacet
  facet normal 0.0674139 -0.997725 0
    outer loop
      vertex 206.978 178.885 0
      vertex 207.2 178.9 5
      vertex 206.978 178.885 5
    endloop
  endfacet
  facet normal 0.0674139 -0.997725 0
    outer loop
      vertex 207.2 178.9 5
      vertex 206.978 178.885 0
      vertex 207.2 178.9 0
    endloop
  endfacet
  facet normal -0.660729 -0.750624 0
    outer loop
      vertex 208.235 178.549 0
      vertex 208.402 178.402 5
      vertex 208.235 178.549 5
    endloop
  endfacet
  facet normal -0.660729 -0.750624 -0
    outer loop
      vertex 208.402 178.402 5
      vertex 208.235 178.549 0
      vertex 208.402 178.402 0
    endloop
  endfacet
  facet normal 0.750624 -0.660729 0
    outer loop
      vertex 205.851 178.235 5
      vertex 205.998 178.402 0
      vertex 205.998 178.402 5
    endloop
  endfacet
  facet normal 0.750624 -0.660729 0
    outer loop
      vertex 205.998 178.402 0
      vertex 205.851 178.235 5
      vertex 205.851 178.235 0
    endloop
  endfacet
  facet normal 0.445413 -0.895325 0
    outer loop
      vertex 206.35 178.672 0
      vertex 206.549 178.771 5
      vertex 206.35 178.672 5
    endloop
  endfacet
  facet normal 0.445413 -0.895325 0
    outer loop
      vertex 206.549 178.771 5
      vertex 206.35 178.672 0
      vertex 206.549 178.771 0
    endloop
  endfacet
  facet normal 0.660729 0.750624 -0
    outer loop
      vertex 206.165 175.851 0
      vertex 205.998 175.998 5
      vertex 206.165 175.851 5
    endloop
  endfacet
  facet normal 0.660729 0.750624 0
    outer loop
      vertex 205.998 175.998 5
      vertex 206.165 175.851 0
      vertex 205.998 175.998 0
    endloop
  endfacet
  facet normal -0.947781 -0.318922 0
    outer loop
      vertex 208.842 177.64 0
      vertex 208.771 177.851 5
      vertex 208.771 177.851 0
    endloop
  endfacet
  facet normal -0.947781 -0.318922 0
    outer loop
      vertex 208.771 177.851 5
      vertex 208.842 177.64 0
      vertex 208.842 177.64 5
    endloop
  endfacet
  facet normal -0.981097 -0.193519 0
    outer loop
      vertex 208.885 177.422 0
      vertex 208.842 177.64 5
      vertex 208.842 177.64 0
    endloop
  endfacet
  facet normal -0.981097 -0.193519 0
    outer loop
      vertex 208.842 177.64 5
      vertex 208.885 177.422 0
      vertex 208.885 177.422 5
    endloop
  endfacet
  facet normal -0.318922 -0.947781 0
    outer loop
      vertex 207.64 178.842 0
      vertex 207.851 178.771 5
      vertex 207.64 178.842 5
    endloop
  endfacet
  facet normal -0.318922 -0.947781 -0
    outer loop
      vertex 207.851 178.771 5
      vertex 207.64 178.842 0
      vertex 207.851 178.771 0
    endloop
  endfacet
  facet normal -0.193519 -0.981097 0
    outer loop
      vertex 207.422 178.885 0
      vertex 207.64 178.842 5
      vertex 207.422 178.885 5
    endloop
  endfacet
  facet normal -0.193519 -0.981097 -0
    outer loop
      vertex 207.64 178.842 5
      vertex 207.422 178.885 0
      vertex 207.64 178.842 0
    endloop
  endfacet
  facet normal -0.553661 -0.832742 0
    outer loop
      vertex 208.05 178.672 0
      vertex 208.235 178.549 5
      vertex 208.05 178.672 5
    endloop
  endfacet
  facet normal -0.553661 -0.832742 -0
    outer loop
      vertex 208.235 178.549 5
      vertex 208.05 178.672 0
      vertex 208.235 178.549 0
    endloop
  endfacet
  facet normal 0.947781 -0.318922 0
    outer loop
      vertex 205.558 177.64 5
      vertex 205.629 177.851 0
      vertex 205.629 177.851 5
    endloop
  endfacet
  facet normal 0.947781 -0.318922 0
    outer loop
      vertex 205.629 177.851 0
      vertex 205.558 177.64 5
      vertex 205.558 177.64 0
    endloop
  endfacet
  facet normal 0.895325 -0.445413 0
    outer loop
      vertex 205.629 177.851 5
      vertex 205.728 178.05 0
      vertex 205.728 178.05 5
    endloop
  endfacet
  facet normal 0.895325 -0.445413 0
    outer loop
      vertex 205.728 178.05 0
      vertex 205.629 177.851 5
      vertex 205.629 177.851 0
    endloop
  endfacet
  facet normal 0.997725 -0.0674139 0
    outer loop
      vertex 205.5 177.2 5
      vertex 205.515 177.422 0
      vertex 205.515 177.422 5
    endloop
  endfacet
  facet normal 0.997725 -0.0674139 0
    outer loop
      vertex 205.515 177.422 0
      vertex 205.5 177.2 5
      vertex 205.5 177.2 0
    endloop
  endfacet
  facet normal 0.660729 -0.750624 0
    outer loop
      vertex 205.998 178.402 0
      vertex 206.165 178.549 5
      vertex 205.998 178.402 5
    endloop
  endfacet
  facet normal 0.660729 -0.750624 0
    outer loop
      vertex 206.165 178.549 5
      vertex 205.998 178.402 0
      vertex 206.165 178.549 0
    endloop
  endfacet
  facet normal 0.193519 -0.981097 0
    outer loop
      vertex 206.76 178.842 0
      vertex 206.978 178.885 5
      vertex 206.76 178.842 5
    endloop
  endfacet
  facet normal 0.193519 -0.981097 0
    outer loop
      vertex 206.978 178.885 5
      vertex 206.76 178.842 0
      vertex 206.978 178.885 0
    endloop
  endfacet
  facet normal -0.895325 0.445413 0
    outer loop
      vertex 208.672 176.35 0
      vertex 208.771 176.549 5
      vertex 208.771 176.549 0
    endloop
  endfacet
  facet normal -0.895325 0.445413 0
    outer loop
      vertex 208.771 176.549 5
      vertex 208.672 176.35 0
      vertex 208.672 176.35 5
    endloop
  endfacet
  facet normal -0.318922 0.947781 0
    outer loop
      vertex 207.851 175.629 0
      vertex 207.64 175.558 5
      vertex 207.851 175.629 5
    endloop
  endfacet
  facet normal -0.318922 0.947781 0
    outer loop
      vertex 207.64 175.558 5
      vertex 207.851 175.629 0
      vertex 207.64 175.558 0
    endloop
  endfacet
  facet normal -0.193519 0.981097 0
    outer loop
      vertex 207.64 175.558 0
      vertex 207.422 175.515 5
      vertex 207.64 175.558 5
    endloop
  endfacet
  facet normal -0.193519 0.981097 0
    outer loop
      vertex 207.422 175.515 5
      vertex 207.64 175.558 0
      vertex 207.422 175.515 0
    endloop
  endfacet
  facet normal -0.832742 0.553661 0
    outer loop
      vertex 208.549 176.165 0
      vertex 208.672 176.35 5
      vertex 208.672 176.35 0
    endloop
  endfacet
  facet normal -0.832742 0.553661 0
    outer loop
      vertex 208.672 176.35 5
      vertex 208.549 176.165 0
      vertex 208.549 176.165 5
    endloop
  endfacet
  facet normal -0.981097 0.193519 0
    outer loop
      vertex 208.842 176.76 0
      vertex 208.885 176.978 5
      vertex 208.885 176.978 0
    endloop
  endfacet
  facet normal -0.981097 0.193519 0
    outer loop
      vertex 208.885 176.978 5
      vertex 208.842 176.76 0
      vertex 208.842 176.76 5
    endloop
  endfacet
  facet normal 0.193519 0.981097 -0
    outer loop
      vertex 206.978 175.515 0
      vertex 206.76 175.558 5
      vertex 206.978 175.515 5
    endloop
  endfacet
  facet normal 0.193519 0.981097 0
    outer loop
      vertex 206.76 175.558 5
      vertex 206.978 175.515 0
      vertex 206.76 175.558 0
    endloop
  endfacet
  facet normal 0.318922 0.947781 -0
    outer loop
      vertex 206.76 175.558 0
      vertex 206.549 175.629 5
      vertex 206.76 175.558 5
    endloop
  endfacet
  facet normal 0.318922 0.947781 0
    outer loop
      vertex 206.549 175.629 5
      vertex 206.76 175.558 0
      vertex 206.549 175.629 0
    endloop
  endfacet
  facet normal 0.981097 0.193519 0
    outer loop
      vertex 205.558 176.76 5
      vertex 205.515 176.978 0
      vertex 205.515 176.978 5
    endloop
  endfacet
  facet normal 0.981097 0.193519 0
    outer loop
      vertex 205.515 176.978 0
      vertex 205.558 176.76 5
      vertex 205.558 176.76 0
    endloop
  endfacet
  facet normal -0.895325 -0.445413 0
    outer loop
      vertex 208.771 177.851 0
      vertex 208.672 178.05 5
      vertex 208.672 178.05 0
    endloop
  endfacet
  facet normal -0.895325 -0.445413 0
    outer loop
      vertex 208.672 178.05 5
      vertex 208.771 177.851 0
      vertex 208.771 177.851 5
    endloop
  endfacet
  facet normal -0.832742 -0.553661 0
    outer loop
      vertex 208.672 178.05 0
      vertex 208.549 178.235 5
      vertex 208.549 178.235 0
    endloop
  endfacet
  facet normal -0.832742 -0.553661 0
    outer loop
      vertex 208.549 178.235 5
      vertex 208.672 178.05 0
      vertex 208.672 178.05 5
    endloop
  endfacet
  facet normal -0.750624 -0.660729 0
    outer loop
      vertex 208.549 178.235 0
      vertex 208.402 178.402 5
      vertex 208.402 178.402 0
    endloop
  endfacet
  facet normal -0.750624 -0.660729 0
    outer loop
      vertex 208.402 178.402 5
      vertex 208.549 178.235 0
      vertex 208.549 178.235 5
    endloop
  endfacet
  facet normal 0.997725 0.0674139 0
    outer loop
      vertex 205.515 176.978 5
      vertex 205.5 177.2 0
      vertex 205.5 177.2 5
    endloop
  endfacet
  facet normal 0.997725 0.0674139 0
    outer loop
      vertex 205.5 177.2 0
      vertex 205.515 176.978 5
      vertex 205.515 176.978 0
    endloop
  endfacet
  facet normal -0.997725 0.0674139 0
    outer loop
      vertex 208.885 176.978 0
      vertex 208.9 177.2 5
      vertex 208.9 177.2 0
    endloop
  endfacet
  facet normal -0.997725 0.0674139 0
    outer loop
      vertex 208.9 177.2 5
      vertex 208.885 176.978 0
      vertex 208.885 176.978 5
    endloop
  endfacet
  facet normal -0.553661 0.832742 0
    outer loop
      vertex 208.235 175.851 0
      vertex 208.05 175.728 5
      vertex 208.235 175.851 5
    endloop
  endfacet
  facet normal -0.553661 0.832742 0
    outer loop
      vertex 208.05 175.728 5
      vertex 208.235 175.851 0
      vertex 208.05 175.728 0
    endloop
  endfacet
  facet normal -0.750624 0.660729 0
    outer loop
      vertex 208.402 175.998 0
      vertex 208.549 176.165 5
      vertex 208.549 176.165 0
    endloop
  endfacet
  facet normal -0.750624 0.660729 0
    outer loop
      vertex 208.549 176.165 5
      vertex 208.402 175.998 0
      vertex 208.402 175.998 5
    endloop
  endfacet
  facet normal -0.660729 0.750624 0
    outer loop
      vertex 208.402 175.998 0
      vertex 208.235 175.851 5
      vertex 208.402 175.998 5
    endloop
  endfacet
  facet normal -0.660729 0.750624 0
    outer loop
      vertex 208.235 175.851 5
      vertex 208.402 175.998 0
      vertex 208.235 175.851 0
    endloop
  endfacet
  facet normal 0.0674139 0.997725 -0
    outer loop
      vertex 207.2 175.5 0
      vertex 206.978 175.515 5
      vertex 207.2 175.5 5
    endloop
  endfacet
  facet normal 0.0674139 0.997725 0
    outer loop
      vertex 206.978 175.515 5
      vertex 207.2 175.5 0
      vertex 206.978 175.515 0
    endloop
  endfacet
  facet normal 0.553661 0.832742 -0
    outer loop
      vertex 206.35 175.728 0
      vertex 206.165 175.851 5
      vertex 206.35 175.728 5
    endloop
  endfacet
  facet normal 0.553661 0.832742 0
    outer loop
      vertex 206.165 175.851 5
      vertex 206.35 175.728 0
      vertex 206.165 175.851 0
    endloop
  endfacet
  facet normal -0.0674139 0.997725 0
    outer loop
      vertex 207.422 175.515 0
      vertex 207.2 175.5 5
      vertex 207.422 175.515 5
    endloop
  endfacet
  facet normal -0.0674139 0.997725 0
    outer loop
      vertex 207.2 175.5 5
      vertex 207.422 175.515 0
      vertex 207.2 175.5 0
    endloop
  endfacet
  facet normal 0.445413 0.895325 -0
    outer loop
      vertex 206.549 175.629 0
      vertex 206.35 175.728 5
      vertex 206.549 175.629 5
    endloop
  endfacet
  facet normal 0.445413 0.895325 0
    outer loop
      vertex 206.35 175.728 5
      vertex 206.549 175.629 0
      vertex 206.35 175.728 0
    endloop
  endfacet
  facet normal 0.832742 0.553661 0
    outer loop
      vertex 205.851 176.165 5
      vertex 205.728 176.35 0
      vertex 205.728 176.35 5
    endloop
  endfacet
  facet normal 0.832742 0.553661 0
    outer loop
      vertex 205.728 176.35 0
      vertex 205.851 176.165 5
      vertex 205.851 176.165 0
    endloop
  endfacet
  facet normal 0.947781 0.318922 0
    outer loop
      vertex 205.629 176.549 5
      vertex 205.558 176.76 0
      vertex 205.558 176.76 5
    endloop
  endfacet
  facet normal 0.947781 0.318922 0
    outer loop
      vertex 205.558 176.76 0
      vertex 205.629 176.549 5
      vertex 205.629 176.549 0
    endloop
  endfacet
  facet normal 0.895325 0.445413 0
    outer loop
      vertex 205.728 176.35 5
      vertex 205.629 176.549 0
      vertex 205.629 176.549 5
    endloop
  endfacet
  facet normal 0.895325 0.445413 0
    outer loop
      vertex 205.629 176.549 0
      vertex 205.728 176.35 5
      vertex 205.728 176.35 0
    endloop
  endfacet
  facet normal -0.0674139 -0.997725 0
    outer loop
      vertex 207.2 178.9 0
      vertex 207.422 178.885 5
      vertex 207.2 178.9 5
    endloop
  endfacet
  facet normal -0.0674139 -0.997725 -0
    outer loop
      vertex 207.422 178.885 5
      vertex 207.2 178.9 0
      vertex 207.422 178.885 0
    endloop
  endfacet
  facet normal -0.445413 -0.895325 0
    outer loop
      vertex 207.851 178.771 0
      vertex 208.05 178.672 5
      vertex 207.851 178.771 5
    endloop
  endfacet
  facet normal -0.445413 -0.895325 -0
    outer loop
      vertex 208.05 178.672 5
      vertex 207.851 178.771 0
      vertex 208.05 178.672 0
    endloop
  endfacet
  facet normal 0.832742 -0.553661 0
    outer loop
      vertex 205.728 178.05 5
      vertex 205.851 178.235 0
      vertex 205.851 178.235 5
    endloop
  endfacet
  facet normal 0.832742 -0.553661 0
    outer loop
      vertex 205.851 178.235 0
      vertex 205.728 178.05 5
      vertex 205.728 178.05 0
    endloop
  endfacet
  facet normal 0.981097 -0.193519 0
    outer loop
      vertex 205.515 177.422 5
      vertex 205.558 177.64 0
      vertex 205.558 177.64 5
    endloop
  endfacet
  facet normal 0.981097 -0.193519 0
    outer loop
      vertex 205.558 177.64 0
      vertex 205.515 177.422 5
      vertex 205.515 177.422 0
    endloop
  endfacet
  facet normal 0.553661 -0.832742 0
    outer loop
      vertex 206.165 178.549 0
      vertex 206.35 178.672 5
      vertex 206.165 178.549 5
    endloop
  endfacet
  facet normal 0.553661 -0.832742 0
    outer loop
      vertex 206.35 178.672 5
      vertex 206.165 178.549 0
      vertex 206.35 178.672 0
    endloop
  endfacet
  facet normal 0.318922 -0.947781 0
    outer loop
      vertex 206.549 178.771 0
      vertex 206.76 178.842 5
      vertex 206.549 178.771 5
    endloop
  endfacet
  facet normal 0.318922 -0.947781 0
    outer loop
      vertex 206.76 178.842 5
      vertex 206.549 178.771 0
      vertex 206.76 178.842 0
    endloop
  endfacet
  facet normal -0.445413 0.895325 0
    outer loop
      vertex 208.05 175.728 0
      vertex 207.851 175.629 5
      vertex 208.05 175.728 5
    endloop
  endfacet
  facet normal -0.445413 0.895325 0
    outer loop
      vertex 207.851 175.629 5
      vertex 208.05 175.728 0
      vertex 207.851 175.629 0
    endloop
  endfacet
  facet normal -0.947781 0.318922 0
    outer loop
      vertex 208.771 176.549 0
      vertex 208.842 176.76 5
      vertex 208.842 176.76 0
    endloop
  endfacet
  facet normal -0.947781 0.318922 0
    outer loop
      vertex 208.842 176.76 5
      vertex 208.771 176.549 0
      vertex 208.771 176.549 5
    endloop
  endfacet
  facet normal 0.750624 0.660729 0
    outer loop
      vertex 205.998 175.998 5
      vertex 205.851 176.165 0
      vertex 205.851 176.165 5
    endloop
  endfacet
  facet normal 0.750624 0.660729 0
    outer loop
      vertex 205.851 176.165 0
      vertex 205.998 175.998 5
      vertex 205.998 175.998 0
    endloop
  endfacet
  facet normal 0.997874 -0.0651764 0
    outer loop
      vertex 78.9 209.2 5
      vertex 78.9145 209.422 0
      vertex 78.9145 209.422 5
    endloop
  endfacet
  facet normal 0.997874 -0.0651764 0
    outer loop
      vertex 78.9145 209.422 0
      vertex 78.9 209.2 5
      vertex 78.9 209.2 0
    endloop
  endfacet
  facet normal 0.980753 -0.195251 0
    outer loop
      vertex 78.9145 209.422 5
      vertex 78.9579 209.64 0
      vertex 78.9579 209.64 5
    endloop
  endfacet
  facet normal 0.980753 -0.195251 0
    outer loop
      vertex 78.9579 209.64 0
      vertex 78.9145 209.422 5
      vertex 78.9145 209.422 0
    endloop
  endfacet
  facet normal -0.997874 0.0651764 0
    outer loop
      vertex 90.2855 208.978 0
      vertex 90.3 209.2 5
      vertex 90.3 209.2 0
    endloop
  endfacet
  facet normal -0.997874 0.0651764 0
    outer loop
      vertex 90.3 209.2 5
      vertex 90.2855 208.978 0
      vertex 90.2855 208.978 5
    endloop
  endfacet
  facet normal -0.193434 -0.981113 0
    outer loop
      vertex 88.8219 210.885 0
      vertex 89.04 210.842 5
      vertex 88.8219 210.885 5
    endloop
  endfacet
  facet normal -0.193434 -0.981113 -0
    outer loop
      vertex 89.04 210.842 5
      vertex 88.8219 210.885 0
      vertex 89.04 210.842 0
    endloop
  endfacet
  facet normal 0.947101 -0.320937 0
    outer loop
      vertex 78.9579 209.64 5
      vertex 79.0294 209.851 0
      vertex 79.0294 209.851 5
    endloop
  endfacet
  facet normal 0.947101 -0.320937 0
    outer loop
      vertex 79.0294 209.851 0
      vertex 78.9579 209.64 5
      vertex 78.9579 209.64 0
    endloop
  endfacet
  facet normal -0.0674441 0.997723 0
    outer loop
      vertex 88.8219 207.515 0
      vertex 88.6 207.5 5
      vertex 88.8219 207.515 5
    endloop
  endfacet
  facet normal -0.0674441 0.997723 0
    outer loop
      vertex 88.6 207.5 5
      vertex 88.8219 207.515 0
      vertex 88.6 207.5 0
    endloop
  endfacet
  facet normal 0.319466 0.947598 -0
    outer loop
      vertex 80.16 207.558 0
      vertex 79.9494 207.629 5
      vertex 80.16 207.558 5
    endloop
  endfacet
  facet normal 0.319466 0.947598 0
    outer loop
      vertex 79.9494 207.629 5
      vertex 80.16 207.558 0
      vertex 79.9494 207.629 0
    endloop
  endfacet
  facet normal 0 1 -0
    outer loop
      vertex 88.6 207.5 0
      vertex 80.6 207.5 5
      vertex 88.6 207.5 5
    endloop
  endfacet
  facet normal 0 1 0
    outer loop
      vertex 80.6 207.5 5
      vertex 88.6 207.5 0
      vertex 80.6 207.5 0
    endloop
  endfacet
  facet normal 0.8964 -0.443245 0
    outer loop
      vertex 79.0294 209.851 5
      vertex 79.1278 210.05 0
      vertex 79.1278 210.05 5
    endloop
  endfacet
  facet normal 0.8964 -0.443245 0
    outer loop
      vertex 79.1278 210.05 0
      vertex 79.0294 209.851 5
      vertex 79.0294 209.851 0
    endloop
  endfacet
  facet normal 0.831704 -0.555219 0
    outer loop
      vertex 79.1278 210.05 5
      vertex 79.2513 210.235 0
      vertex 79.2513 210.235 5
    endloop
  endfacet
  facet normal 0.831704 -0.555219 0
    outer loop
      vertex 79.2513 210.235 0
      vertex 79.1278 210.05 5
      vertex 79.1278 210.05 0
    endloop
  endfacet
  facet normal 0 -1 0
    outer loop
      vertex 80.6 210.9 0
      vertex 88.6 210.9 5
      vertex 80.6 210.9 5
    endloop
  endfacet
  facet normal 0 -1 -0
    outer loop
      vertex 88.6 210.9 5
      vertex 80.6 210.9 0
      vertex 88.6 210.9 0
    endloop
  endfacet
  facet normal -0.0674441 -0.997723 0
    outer loop
      vertex 88.6 210.9 0
      vertex 88.8219 210.885 5
      vertex 88.6 210.9 5
    endloop
  endfacet
  facet normal -0.0674441 -0.997723 -0
    outer loop
      vertex 88.8219 210.885 5
      vertex 88.6 210.9 0
      vertex 88.8219 210.885 0
    endloop
  endfacet
  facet normal -0.980753 -0.195251 0
    outer loop
      vertex 90.2855 209.422 0
      vertex 90.2421 209.64 5
      vertex 90.2421 209.64 0
    endloop
  endfacet
  facet normal -0.980753 -0.195251 0
    outer loop
      vertex 90.2421 209.64 5
      vertex 90.2855 209.422 0
      vertex 90.2855 209.422 5
    endloop
  endfacet
  facet normal -0.751516 -0.659714 0
    outer loop
      vertex 89.9487 210.235 0
      vertex 89.8021 210.402 5
      vertex 89.8021 210.402 0
    endloop
  endfacet
  facet normal -0.751516 -0.659714 0
    outer loop
      vertex 89.8021 210.402 5
      vertex 89.9487 210.235 0
      vertex 89.9487 210.235 5
    endloop
  endfacet
  facet normal -0.444696 -0.895681 0
    outer loop
      vertex 89.2506 210.771 0
      vertex 89.45 210.672 5
      vertex 89.2506 210.771 5
    endloop
  endfacet
  facet normal -0.444696 -0.895681 -0
    outer loop
      vertex 89.45 210.672 5
      vertex 89.2506 210.771 0
      vertex 89.45 210.672 0
    endloop
  endfacet
  facet normal -0.751516 0.659714 0
    outer loop
      vertex 89.8021 207.998 0
      vertex 89.9487 208.165 5
      vertex 89.9487 208.165 0
    endloop
  endfacet
  facet normal -0.751516 0.659714 0
    outer loop
      vertex 89.9487 208.165 5
      vertex 89.8021 207.998 0
      vertex 89.8021 207.998 5
    endloop
  endfacet
  facet normal -0.8964 0.443245 0
    outer loop
      vertex 90.0722 208.35 0
      vertex 90.1706 208.549 5
      vertex 90.1706 208.549 0
    endloop
  endfacet
  facet normal -0.8964 0.443245 0
    outer loop
      vertex 90.1706 208.549 5
      vertex 90.0722 208.35 0
      vertex 90.0722 208.35 5
    endloop
  endfacet
  facet normal 0.193434 0.981113 -0
    outer loop
      vertex 80.3781 207.515 0
      vertex 80.16 207.558 5
      vertex 80.3781 207.515 5
    endloop
  endfacet
  facet normal 0.193434 0.981113 0
    outer loop
      vertex 80.16 207.558 5
      vertex 80.3781 207.515 0
      vertex 80.16 207.558 0
    endloop
  endfacet
  facet normal -0.947101 0.320937 0
    outer loop
      vertex 90.1706 208.549 0
      vertex 90.2421 208.76 5
      vertex 90.2421 208.76 0
    endloop
  endfacet
  facet normal -0.947101 0.320937 0
    outer loop
      vertex 90.2421 208.76 5
      vertex 90.1706 208.549 0
      vertex 90.1706 208.549 5
    endloop
  endfacet
  facet normal 0.751516 -0.659714 0
    outer loop
      vertex 79.2513 210.235 5
      vertex 79.3979 210.402 0
      vertex 79.3979 210.402 5
    endloop
  endfacet
  facet normal 0.751516 -0.659714 0
    outer loop
      vertex 79.3979 210.402 0
      vertex 79.2513 210.235 5
      vertex 79.2513 210.235 0
    endloop
  endfacet
  facet normal 0.0674441 -0.997723 0
    outer loop
      vertex 80.3781 210.885 0
      vertex 80.6 210.9 5
      vertex 80.3781 210.885 5
    endloop
  endfacet
  facet normal 0.0674441 -0.997723 0
    outer loop
      vertex 80.6 210.9 5
      vertex 80.3781 210.885 0
      vertex 80.6 210.9 0
    endloop
  endfacet
  facet normal 0.444696 -0.895681 0
    outer loop
      vertex 79.75 210.672 0
      vertex 79.9494 210.771 5
      vertex 79.75 210.672 5
    endloop
  endfacet
  facet normal 0.444696 -0.895681 0
    outer loop
      vertex 79.9494 210.771 5
      vertex 79.75 210.672 0
      vertex 79.9494 210.771 0
    endloop
  endfacet
  facet normal -0.947101 -0.320937 0
    outer loop
      vertex 90.2421 209.64 0
      vertex 90.1706 209.851 5
      vertex 90.1706 209.851 0
    endloop
  endfacet
  facet normal -0.947101 -0.320937 0
    outer loop
      vertex 90.1706 209.851 5
      vertex 90.2421 209.64 0
      vertex 90.2421 209.64 5
    endloop
  endfacet
  facet normal -0.660284 -0.751016 0
    outer loop
      vertex 89.6349 210.549 0
      vertex 89.8021 210.402 5
      vertex 89.6349 210.549 5
    endloop
  endfacet
  facet normal -0.660284 -0.751016 -0
    outer loop
      vertex 89.8021 210.402 5
      vertex 89.6349 210.549 0
      vertex 89.8021 210.402 0
    endloop
  endfacet
  facet normal -0.553869 -0.832604 0
    outer loop
      vertex 89.45 210.672 0
      vertex 89.6349 210.549 5
      vertex 89.45 210.672 5
    endloop
  endfacet
  facet normal -0.553869 -0.832604 -0
    outer loop
      vertex 89.6349 210.549 5
      vertex 89.45 210.672 0
      vertex 89.6349 210.549 0
    endloop
  endfacet
  facet normal -0.319466 -0.947598 0
    outer loop
      vertex 89.04 210.842 0
      vertex 89.2506 210.771 5
      vertex 89.04 210.842 5
    endloop
  endfacet
  facet normal -0.319466 -0.947598 -0
    outer loop
      vertex 89.2506 210.771 5
      vertex 89.04 210.842 0
      vertex 89.2506 210.771 0
    endloop
  endfacet
  facet normal -0.831704 0.555219 0
    outer loop
      vertex 89.9487 208.165 0
      vertex 90.0722 208.35 5
      vertex 90.0722 208.35 0
    endloop
  endfacet
  facet normal -0.831704 0.555219 0
    outer loop
      vertex 90.0722 208.35 5
      vertex 89.9487 208.165 0
      vertex 89.9487 208.165 5
    endloop
  endfacet
  facet normal -0.193434 0.981113 0
    outer loop
      vertex 89.04 207.558 0
      vertex 88.8219 207.515 5
      vertex 89.04 207.558 5
    endloop
  endfacet
  facet normal -0.193434 0.981113 0
    outer loop
      vertex 88.8219 207.515 5
      vertex 89.04 207.558 0
      vertex 88.8219 207.515 0
    endloop
  endfacet
  facet normal -0.319466 0.947598 0
    outer loop
      vertex 89.2506 207.629 0
      vertex 89.04 207.558 5
      vertex 89.2506 207.629 5
    endloop
  endfacet
  facet normal -0.319466 0.947598 0
    outer loop
      vertex 89.04 207.558 5
      vertex 89.2506 207.629 0
      vertex 89.04 207.558 0
    endloop
  endfacet
  facet normal -0.660284 0.751016 0
    outer loop
      vertex 89.8021 207.998 0
      vertex 89.6349 207.851 5
      vertex 89.8021 207.998 5
    endloop
  endfacet
  facet normal -0.660284 0.751016 0
    outer loop
      vertex 89.6349 207.851 5
      vertex 89.8021 207.998 0
      vertex 89.6349 207.851 0
    endloop
  endfacet
  facet normal 0.444696 0.895681 -0
    outer loop
      vertex 79.9494 207.629 0
      vertex 79.75 207.728 5
      vertex 79.9494 207.629 5
    endloop
  endfacet
  facet normal 0.444696 0.895681 0
    outer loop
      vertex 79.75 207.728 5
      vertex 79.9494 207.629 0
      vertex 79.75 207.728 0
    endloop
  endfacet
  facet normal -0.980753 0.195251 0
    outer loop
      vertex 90.2421 208.76 0
      vertex 90.2855 208.978 5
      vertex 90.2855 208.978 0
    endloop
  endfacet
  facet normal -0.980753 0.195251 0
    outer loop
      vertex 90.2855 208.978 5
      vertex 90.2421 208.76 0
      vertex 90.2421 208.76 5
    endloop
  endfacet
  facet normal -0.997874 -0.0651764 0
    outer loop
      vertex 90.3 209.2 0
      vertex 90.2855 209.422 5
      vertex 90.2855 209.422 0
    endloop
  endfacet
  facet normal -0.997874 -0.0651764 0
    outer loop
      vertex 90.2855 209.422 5
      vertex 90.3 209.2 0
      vertex 90.3 209.2 5
    endloop
  endfacet
  facet normal 0.319466 -0.947598 0
    outer loop
      vertex 79.9494 210.771 0
      vertex 80.16 210.842 5
      vertex 79.9494 210.771 5
    endloop
  endfacet
  facet normal 0.319466 -0.947598 0
    outer loop
      vertex 80.16 210.842 5
      vertex 79.9494 210.771 0
      vertex 80.16 210.842 0
    endloop
  endfacet
  facet normal 0.193434 -0.981113 0
    outer loop
      vertex 80.16 210.842 0
      vertex 80.3781 210.885 5
      vertex 80.16 210.842 5
    endloop
  endfacet
  facet normal 0.193434 -0.981113 0
    outer loop
      vertex 80.3781 210.885 5
      vertex 80.16 210.842 0
      vertex 80.3781 210.885 0
    endloop
  endfacet
  facet normal 0.660284 -0.751016 0
    outer loop
      vertex 79.3979 210.402 0
      vertex 79.5651 210.549 5
      vertex 79.3979 210.402 5
    endloop
  endfacet
  facet normal 0.660284 -0.751016 0
    outer loop
      vertex 79.5651 210.549 5
      vertex 79.3979 210.402 0
      vertex 79.5651 210.549 0
    endloop
  endfacet
  facet normal 0.553869 -0.832604 0
    outer loop
      vertex 79.5651 210.549 0
      vertex 79.75 210.672 5
      vertex 79.5651 210.549 5
    endloop
  endfacet
  facet normal 0.553869 -0.832604 0
    outer loop
      vertex 79.75 210.672 5
      vertex 79.5651 210.549 0
      vertex 79.75 210.672 0
    endloop
  endfacet
  facet normal -0.831704 -0.555219 0
    outer loop
      vertex 90.0722 210.05 0
      vertex 89.9487 210.235 5
      vertex 89.9487 210.235 0
    endloop
  endfacet
  facet normal -0.831704 -0.555219 0
    outer loop
      vertex 89.9487 210.235 5
      vertex 90.0722 210.05 0
      vertex 90.0722 210.05 5
    endloop
  endfacet
  facet normal -0.8964 -0.443245 0
    outer loop
      vertex 90.1706 209.851 0
      vertex 90.0722 210.05 5
      vertex 90.0722 210.05 0
    endloop
  endfacet
  facet normal -0.8964 -0.443245 0
    outer loop
      vertex 90.0722 210.05 5
      vertex 90.1706 209.851 0
      vertex 90.1706 209.851 5
    endloop
  endfacet
  facet normal -0.553869 0.832604 0
    outer loop
      vertex 89.6349 207.851 0
      vertex 89.45 207.728 5
      vertex 89.6349 207.851 5
    endloop
  endfacet
  facet normal -0.553869 0.832604 0
    outer loop
      vertex 89.45 207.728 5
      vertex 89.6349 207.851 0
      vertex 89.45 207.728 0
    endloop
  endfacet
  facet normal -0.444696 0.895681 0
    outer loop
      vertex 89.45 207.728 0
      vertex 89.2506 207.629 5
      vertex 89.45 207.728 5
    endloop
  endfacet
  facet normal -0.444696 0.895681 0
    outer loop
      vertex 89.2506 207.629 5
      vertex 89.45 207.728 0
      vertex 89.2506 207.629 0
    endloop
  endfacet
  facet normal 0.0674441 0.997723 -0
    outer loop
      vertex 80.6 207.5 0
      vertex 80.3781 207.515 5
      vertex 80.6 207.5 5
    endloop
  endfacet
  facet normal 0.0674441 0.997723 0
    outer loop
      vertex 80.3781 207.515 5
      vertex 80.6 207.5 0
      vertex 80.3781 207.515 0
    endloop
  endfacet
  facet normal 0.660284 0.751016 -0
    outer loop
      vertex 79.5651 207.851 0
      vertex 79.3979 207.998 5
      vertex 79.5651 207.851 5
    endloop
  endfacet
  facet normal 0.660284 0.751016 0
    outer loop
      vertex 79.3979 207.998 5
      vertex 79.5651 207.851 0
      vertex 79.3979 207.998 0
    endloop
  endfacet
  facet normal 0.553869 0.832604 -0
    outer loop
      vertex 79.75 207.728 0
      vertex 79.5651 207.851 5
      vertex 79.75 207.728 5
    endloop
  endfacet
  facet normal 0.553869 0.832604 0
    outer loop
      vertex 79.5651 207.851 5
      vertex 79.75 207.728 0
      vertex 79.5651 207.851 0
    endloop
  endfacet
  facet normal 0.997874 0.0651764 0
    outer loop
      vertex 78.9145 208.978 5
      vertex 78.9 209.2 0
      vertex 78.9 209.2 5
    endloop
  endfacet
  facet normal 0.997874 0.0651764 0
    outer loop
      vertex 78.9 209.2 0
      vertex 78.9145 208.978 5
      vertex 78.9145 208.978 0
    endloop
  endfacet
  facet normal 0.831704 0.555219 0
    outer loop
      vertex 79.2513 208.165 5
      vertex 79.1278 208.35 0
      vertex 79.1278 208.35 5
    endloop
  endfacet
  facet normal 0.831704 0.555219 0
    outer loop
      vertex 79.1278 208.35 0
      vertex 79.2513 208.165 5
      vertex 79.2513 208.165 0
    endloop
  endfacet
  facet normal 0.947101 0.320937 0
    outer loop
      vertex 79.0294 208.549 5
      vertex 78.9579 208.76 0
      vertex 78.9579 208.76 5
    endloop
  endfacet
  facet normal 0.947101 0.320937 0
    outer loop
      vertex 78.9579 208.76 0
      vertex 79.0294 208.549 5
      vertex 79.0294 208.549 0
    endloop
  endfacet
  facet normal 0.8964 0.443245 0
    outer loop
      vertex 79.1278 208.35 5
      vertex 79.0294 208.549 0
      vertex 79.0294 208.549 5
    endloop
  endfacet
  facet normal 0.8964 0.443245 0
    outer loop
      vertex 79.0294 208.549 0
      vertex 79.1278 208.35 5
      vertex 79.1278 208.35 0
    endloop
  endfacet
  facet normal 0.980753 0.195251 0
    outer loop
      vertex 78.9579 208.76 5
      vertex 78.9145 208.978 0
      vertex 78.9145 208.978 5
    endloop
  endfacet
  facet normal 0.980753 0.195251 0
    outer loop
      vertex 78.9145 208.978 0
      vertex 78.9579 208.76 5
      vertex 78.9579 208.76 0
    endloop
  endfacet
  facet normal 0.751516 0.659714 0
    outer loop
      vertex 79.3979 207.998 5
      vertex 79.2513 208.165 0
      vertex 79.2513 208.165 5
    endloop
  endfacet
  facet normal 0.751516 0.659714 0
    outer loop
      vertex 79.2513 208.165 0
      vertex 79.3979 207.998 5
      vertex 79.3979 207.998 0
    endloop
  endfacet
  facet normal 0.997725 -0.0674139 0
    outer loop
      vertex 128.9 209.2 5
      vertex 128.915 209.422 0
      vertex 128.915 209.422 5
    endloop
  endfacet
  facet normal 0.997725 -0.0674139 0
    outer loop
      vertex 128.915 209.422 0
      vertex 128.9 209.2 5
      vertex 128.9 209.2 0
    endloop
  endfacet
  facet normal 0.981097 -0.193519 0
    outer loop
      vertex 128.915 209.422 5
      vertex 128.958 209.64 0
      vertex 128.958 209.64 5
    endloop
  endfacet
  facet normal 0.981097 -0.193519 0
    outer loop
      vertex 128.958 209.64 0
      vertex 128.915 209.422 5
      vertex 128.915 209.422 0
    endloop
  endfacet
  facet normal 0.895325 -0.445413 0
    outer loop
      vertex 129.029 209.851 5
      vertex 129.128 210.05 0
      vertex 129.128 210.05 5
    endloop
  endfacet
  facet normal 0.895325 -0.445413 0
    outer loop
      vertex 129.128 210.05 0
      vertex 129.029 209.851 5
      vertex 129.029 209.851 0
    endloop
  endfacet
  facet normal -0.0674139 0.997725 0
    outer loop
      vertex 138.822 207.515 0
      vertex 138.6 207.5 5
      vertex 138.822 207.515 5
    endloop
  endfacet
  facet normal -0.0674139 0.997725 0
    outer loop
      vertex 138.6 207.5 5
      vertex 138.822 207.515 0
      vertex 138.6 207.5 0
    endloop
  endfacet
  facet normal 0.750624 0.660729 0
    outer loop
      vertex 129.398 207.998 5
      vertex 129.251 208.165 0
      vertex 129.251 208.165 5
    endloop
  endfacet
  facet normal 0.750624 0.660729 0
    outer loop
      vertex 129.251 208.165 0
      vertex 129.398 207.998 5
      vertex 129.398 207.998 0
    endloop
  endfacet
  facet normal -0.750624 0.660729 0
    outer loop
      vertex 139.802 207.998 0
      vertex 139.949 208.165 5
      vertex 139.949 208.165 0
    endloop
  endfacet
  facet normal -0.750624 0.660729 0
    outer loop
      vertex 139.949 208.165 5
      vertex 139.802 207.998 0
      vertex 139.802 207.998 5
    endloop
  endfacet
  facet normal -0.947781 0.318922 0
    outer loop
      vertex 140.171 208.549 0
      vertex 140.242 208.76 5
      vertex 140.242 208.76 0
    endloop
  endfacet
  facet normal -0.947781 0.318922 0
    outer loop
      vertex 140.242 208.76 5
      vertex 140.171 208.549 0
      vertex 140.171 208.549 5
    endloop
  endfacet
  facet normal 0.947781 -0.318922 0
    outer loop
      vertex 128.958 209.64 5
      vertex 129.029 209.851 0
      vertex 129.029 209.851 5
    endloop
  endfacet
  facet normal 0.947781 -0.318922 0
    outer loop
      vertex 129.029 209.851 0
      vertex 128.958 209.64 5
      vertex 128.958 209.64 0
    endloop
  endfacet
  facet normal 0 -1 0
    outer loop
      vertex 130.6 210.9 0
      vertex 138.6 210.9 5
      vertex 130.6 210.9 5
    endloop
  endfacet
  facet normal 0 -1 -0
    outer loop
      vertex 138.6 210.9 5
      vertex 130.6 210.9 0
      vertex 138.6 210.9 0
    endloop
  endfacet
  facet normal -0.981097 -0.193519 0
    outer loop
      vertex 140.285 209.422 0
      vertex 140.242 209.64 5
      vertex 140.242 209.64 0
    endloop
  endfacet
  facet normal -0.981097 -0.193519 0
    outer loop
      vertex 140.242 209.64 5
      vertex 140.285 209.422 0
      vertex 140.285 209.422 5
    endloop
  endfacet
  facet normal 0 1 -0
    outer loop
      vertex 138.6 207.5 0
      vertex 130.6 207.5 5
      vertex 138.6 207.5 5
    endloop
  endfacet
  facet normal 0 1 0
    outer loop
      vertex 130.6 207.5 5
      vertex 138.6 207.5 0
      vertex 130.6 207.5 0
    endloop
  endfacet
  facet normal -0.997725 0.0674139 0
    outer loop
      vertex 140.285 208.978 0
      vertex 140.3 209.2 5
      vertex 140.3 209.2 0
    endloop
  endfacet
  facet normal -0.997725 0.0674139 0
    outer loop
      vertex 140.3 209.2 5
      vertex 140.285 208.978 0
      vertex 140.285 208.978 5
    endloop
  endfacet
  facet normal 0.832742 -0.553661 0
    outer loop
      vertex 129.128 210.05 5
      vertex 129.251 210.235 0
      vertex 129.251 210.235 5
    endloop
  endfacet
  facet normal 0.832742 -0.553661 0
    outer loop
      vertex 129.251 210.235 0
      vertex 129.128 210.05 5
      vertex 129.128 210.05 0
    endloop
  endfacet
  facet normal 0.318922 -0.947781 0
    outer loop
      vertex 129.949 210.771 0
      vertex 130.16 210.842 5
      vertex 129.949 210.771 5
    endloop
  endfacet
  facet normal 0.318922 -0.947781 0
    outer loop
      vertex 130.16 210.842 5
      vertex 129.949 210.771 0
      vertex 130.16 210.842 0
    endloop
  endfacet
  facet normal -0.0674139 -0.997725 0
    outer loop
      vertex 138.6 210.9 0
      vertex 138.822 210.885 5
      vertex 138.6 210.9 5
    endloop
  endfacet
  facet normal -0.0674139 -0.997725 -0
    outer loop
      vertex 138.822 210.885 5
      vertex 138.6 210.9 0
      vertex 138.822 210.885 0
    endloop
  endfacet
  facet normal -0.832742 -0.553661 0
    outer loop
      vertex 140.072 210.05 0
      vertex 139.949 210.235 5
      vertex 139.949 210.235 0
    endloop
  endfacet
  facet normal -0.832742 -0.553661 0
    outer loop
      vertex 139.949 210.235 5
      vertex 140.072 210.05 0
      vertex 140.072 210.05 5
    endloop
  endfacet
  facet normal -0.997725 -0.0674139 0
    outer loop
      vertex 140.3 209.2 0
      vertex 140.285 209.422 5
      vertex 140.285 209.422 0
    endloop
  endfacet
  facet normal -0.997725 -0.0674139 0
    outer loop
      vertex 140.285 209.422 5
      vertex 140.3 209.2 0
      vertex 140.3 209.2 5
    endloop
  endfacet
  facet normal -0.445413 0.895325 0
    outer loop
      vertex 139.45 207.728 0
      vertex 139.251 207.629 5
      vertex 139.45 207.728 5
    endloop
  endfacet
  facet normal -0.445413 0.895325 0
    outer loop
      vertex 139.251 207.629 5
      vertex 139.45 207.728 0
      vertex 139.251 207.629 0
    endloop
  endfacet
  facet normal -0.660729 0.750624 0
    outer loop
      vertex 139.802 207.998 0
      vertex 139.635 207.851 5
      vertex 139.802 207.998 5
    endloop
  endfacet
  facet normal -0.660729 0.750624 0
    outer loop
      vertex 139.635 207.851 5
      vertex 139.802 207.998 0
      vertex 139.635 207.851 0
    endloop
  endfacet
  facet normal -0.193519 0.981097 0
    outer loop
      vertex 139.04 207.558 0
      vertex 138.822 207.515 5
      vertex 139.04 207.558 5
    endloop
  endfacet
  facet normal -0.193519 0.981097 0
    outer loop
      vertex 138.822 207.515 5
      vertex 139.04 207.558 0
      vertex 138.822 207.515 0
    endloop
  endfacet
  facet normal 0.750624 -0.660729 0
    outer loop
      vertex 129.251 210.235 5
      vertex 129.398 210.402 0
      vertex 129.398 210.402 5
    endloop
  endfacet
  facet normal 0.750624 -0.660729 0
    outer loop
      vertex 129.398 210.402 0
      vertex 129.251 210.235 5
      vertex 129.251 210.235 0
    endloop
  endfacet
  facet normal 0.445413 -0.895325 0
    outer loop
      vertex 129.75 210.672 0
      vertex 129.949 210.771 5
      vertex 129.75 210.672 5
    endloop
  endfacet
  facet normal 0.445413 -0.895325 0
    outer loop
      vertex 129.949 210.771 5
      vertex 129.75 210.672 0
      vertex 129.949 210.771 0
    endloop
  endfacet
  facet normal 0.660729 -0.750624 0
    outer loop
      vertex 129.398 210.402 0
      vertex 129.565 210.549 5
      vertex 129.398 210.402 5
    endloop
  endfacet
  facet normal 0.660729 -0.750624 0
    outer loop
      vertex 129.565 210.549 5
      vertex 129.398 210.402 0
      vertex 129.565 210.549 0
    endloop
  endfacet
  facet normal 0.0674139 -0.997725 0
    outer loop
      vertex 130.378 210.885 0
      vertex 130.6 210.9 5
      vertex 130.378 210.885 5
    endloop
  endfacet
  facet normal 0.0674139 -0.997725 0
    outer loop
      vertex 130.6 210.9 5
      vertex 130.378 210.885 0
      vertex 130.6 210.9 0
    endloop
  endfacet
  facet normal -0.553661 -0.832742 0
    outer loop
      vertex 139.45 210.672 0
      vertex 139.635 210.549 5
      vertex 139.45 210.672 5
    endloop
  endfacet
  facet normal -0.553661 -0.832742 -0
    outer loop
      vertex 139.635 210.549 5
      vertex 139.45 210.672 0
      vertex 139.635 210.549 0
    endloop
  endfacet
  facet normal -0.750624 -0.660729 0
    outer loop
      vertex 139.949 210.235 0
      vertex 139.802 210.402 5
      vertex 139.802 210.402 0
    endloop
  endfacet
  facet normal -0.750624 -0.660729 0
    outer loop
      vertex 139.802 210.402 5
      vertex 139.949 210.235 0
      vertex 139.949 210.235 5
    endloop
  endfacet
  facet normal -0.193519 -0.981097 0
    outer loop
      vertex 138.822 210.885 0
      vertex 139.04 210.842 5
      vertex 138.822 210.885 5
    endloop
  endfacet
  facet normal -0.193519 -0.981097 -0
    outer loop
      vertex 139.04 210.842 5
      vertex 138.822 210.885 0
      vertex 139.04 210.842 0
    endloop
  endfacet
  facet normal -0.947781 -0.318922 0
    outer loop
      vertex 140.242 209.64 0
      vertex 140.171 209.851 5
      vertex 140.171 209.851 0
    endloop
  endfacet
  facet normal -0.947781 -0.318922 0
    outer loop
      vertex 140.171 209.851 5
      vertex 140.242 209.64 0
      vertex 140.242 209.64 5
    endloop
  endfacet
  facet normal -0.832742 0.553661 0
    outer loop
      vertex 139.949 208.165 0
      vertex 140.072 208.35 5
      vertex 140.072 208.35 0
    endloop
  endfacet
  facet normal -0.832742 0.553661 0
    outer loop
      vertex 140.072 208.35 5
      vertex 139.949 208.165 0
      vertex 139.949 208.165 5
    endloop
  endfacet
  facet normal -0.895325 0.445413 0
    outer loop
      vertex 140.072 208.35 0
      vertex 140.171 208.549 5
      vertex 140.171 208.549 0
    endloop
  endfacet
  facet normal -0.895325 0.445413 0
    outer loop
      vertex 140.171 208.549 5
      vertex 140.072 208.35 0
      vertex 140.072 208.35 5
    endloop
  endfacet
  facet normal -0.318922 0.947781 0
    outer loop
      vertex 139.251 207.629 0
      vertex 139.04 207.558 5
      vertex 139.251 207.629 5
    endloop
  endfacet
  facet normal -0.318922 0.947781 0
    outer loop
      vertex 139.04 207.558 5
      vertex 139.251 207.629 0
      vertex 139.04 207.558 0
    endloop
  endfacet
  facet normal 0.318922 0.947781 -0
    outer loop
      vertex 130.16 207.558 0
      vertex 129.949 207.629 5
      vertex 130.16 207.558 5
    endloop
  endfacet
  facet normal 0.318922 0.947781 0
    outer loop
      vertex 129.949 207.629 5
      vertex 130.16 207.558 0
      vertex 129.949 207.629 0
    endloop
  endfacet
  facet normal -0.981097 0.193519 0
    outer loop
      vertex 140.242 208.76 0
      vertex 140.285 208.978 5
      vertex 140.285 208.978 0
    endloop
  endfacet
  facet normal -0.981097 0.193519 0
    outer loop
      vertex 140.285 208.978 5
      vertex 140.242 208.76 0
      vertex 140.242 208.76 5
    endloop
  endfacet
  facet normal 0.553661 -0.832742 0
    outer loop
      vertex 129.565 210.549 0
      vertex 129.75 210.672 5
      vertex 129.565 210.549 5
    endloop
  endfacet
  facet normal 0.553661 -0.832742 0
    outer loop
      vertex 129.75 210.672 5
      vertex 129.565 210.549 0
      vertex 129.75 210.672 0
    endloop
  endfacet
  facet normal 0.193519 -0.981097 0
    outer loop
      vertex 130.16 210.842 0
      vertex 130.378 210.885 5
      vertex 130.16 210.842 5
    endloop
  endfacet
  facet normal 0.193519 -0.981097 0
    outer loop
      vertex 130.378 210.885 5
      vertex 130.16 210.842 0
      vertex 130.378 210.885 0
    endloop
  endfacet
  facet normal -0.318922 -0.947781 0
    outer loop
      vertex 139.04 210.842 0
      vertex 139.251 210.771 5
      vertex 139.04 210.842 5
    endloop
  endfacet
  facet normal -0.318922 -0.947781 -0
    outer loop
      vertex 139.251 210.771 5
      vertex 139.04 210.842 0
      vertex 139.251 210.771 0
    endloop
  endfacet
  facet normal -0.445413 -0.895325 0
    outer loop
      vertex 139.251 210.771 0
      vertex 139.45 210.672 5
      vertex 139.251 210.771 5
    endloop
  endfacet
  facet normal -0.445413 -0.895325 -0
    outer loop
      vertex 139.45 210.672 5
      vertex 139.251 210.771 0
      vertex 139.45 210.672 0
    endloop
  endfacet
  facet normal -0.895325 -0.445413 0
    outer loop
      vertex 140.171 209.851 0
      vertex 140.072 210.05 5
      vertex 140.072 210.05 0
    endloop
  endfacet
  facet normal -0.895325 -0.445413 0
    outer loop
      vertex 140.072 210.05 5
      vertex 140.171 209.851 0
      vertex 140.171 209.851 5
    endloop
  endfacet
  facet normal -0.553661 0.832742 0
    outer loop
      vertex 139.635 207.851 0
      vertex 139.45 207.728 5
      vertex 139.635 207.851 5
    endloop
  endfacet
  facet normal -0.553661 0.832742 0
    outer loop
      vertex 139.45 207.728 5
      vertex 139.635 207.851 0
      vertex 139.45 207.728 0
    endloop
  endfacet
  facet normal 0.997725 0.0674139 0
    outer loop
      vertex 128.915 208.978 5
      vertex 128.9 209.2 0
      vertex 128.9 209.2 5
    endloop
  endfacet
  facet normal 0.997725 0.0674139 0
    outer loop
      vertex 128.9 209.2 0
      vertex 128.915 208.978 5
      vertex 128.915 208.978 0
    endloop
  endfacet
  facet normal 0.445413 0.895325 -0
    outer loop
      vertex 129.949 207.629 0
      vertex 129.75 207.728 5
      vertex 129.949 207.629 5
    endloop
  endfacet
  facet normal 0.445413 0.895325 0
    outer loop
      vertex 129.75 207.728 5
      vertex 129.949 207.629 0
      vertex 129.75 207.728 0
    endloop
  endfacet
  facet normal 0.193519 0.981097 -0
    outer loop
      vertex 130.378 207.515 0
      vertex 130.16 207.558 5
      vertex 130.378 207.515 5
    endloop
  endfacet
  facet normal 0.193519 0.981097 0
    outer loop
      vertex 130.16 207.558 5
      vertex 130.378 207.515 0
      vertex 130.16 207.558 0
    endloop
  endfacet
  facet normal 0.0674139 0.997725 -0
    outer loop
      vertex 130.6 207.5 0
      vertex 130.378 207.515 5
      vertex 130.6 207.5 5
    endloop
  endfacet
  facet normal 0.0674139 0.997725 0
    outer loop
      vertex 130.378 207.515 5
      vertex 130.6 207.5 0
      vertex 130.378 207.515 0
    endloop
  endfacet
  facet normal -0.660729 -0.750624 0
    outer loop
      vertex 139.635 210.549 0
      vertex 139.802 210.402 5
      vertex 139.635 210.549 5
    endloop
  endfacet
  facet normal -0.660729 -0.750624 -0
    outer loop
      vertex 139.802 210.402 5
      vertex 139.635 210.549 0
      vertex 139.802 210.402 0
    endloop
  endfacet
  facet normal 0.832742 0.553661 0
    outer loop
      vertex 129.251 208.165 5
      vertex 129.128 208.35 0
      vertex 129.128 208.35 5
    endloop
  endfacet
  facet normal 0.832742 0.553661 0
    outer loop
      vertex 129.128 208.35 0
      vertex 129.251 208.165 5
      vertex 129.251 208.165 0
    endloop
  endfacet
  facet normal 0.981097 0.193519 0
    outer loop
      vertex 128.958 208.76 5
      vertex 128.915 208.978 0
      vertex 128.915 208.978 5
    endloop
  endfacet
  facet normal 0.981097 0.193519 0
    outer loop
      vertex 128.915 208.978 0
      vertex 128.958 208.76 5
      vertex 128.958 208.76 0
    endloop
  endfacet
  facet normal 0.553661 0.832742 -0
    outer loop
      vertex 129.75 207.728 0
      vertex 129.565 207.851 5
      vertex 129.75 207.728 5
    endloop
  endfacet
  facet normal 0.553661 0.832742 0
    outer loop
      vertex 129.565 207.851 5
      vertex 129.75 207.728 0
      vertex 129.565 207.851 0
    endloop
  endfacet
  facet normal 0.660729 0.750624 -0
    outer loop
      vertex 129.565 207.851 0
      vertex 129.398 207.998 5
      vertex 129.565 207.851 5
    endloop
  endfacet
  facet normal 0.660729 0.750624 0
    outer loop
      vertex 129.398 207.998 5
      vertex 129.565 207.851 0
      vertex 129.398 207.998 0
    endloop
  endfacet
  facet normal 0.895325 0.445413 0
    outer loop
      vertex 129.128 208.35 5
      vertex 129.029 208.549 0
      vertex 129.029 208.549 5
    endloop
  endfacet
  facet normal 0.895325 0.445413 0
    outer loop
      vertex 129.029 208.549 0
      vertex 129.128 208.35 5
      vertex 129.128 208.35 0
    endloop
  endfacet
  facet normal 0.947781 0.318922 0
    outer loop
      vertex 129.029 208.549 5
      vertex 128.958 208.76 0
      vertex 128.958 208.76 5
    endloop
  endfacet
  facet normal 0.947781 0.318922 0
    outer loop
      vertex 128.958 208.76 0
      vertex 129.029 208.549 5
      vertex 129.029 208.549 0
    endloop
  endfacet
  facet normal 0.195173 0.980769 -0
    outer loop
      vertex 9.7781 32.3145 0
      vertex 9.56001 32.3579 5
      vertex 9.7781 32.3145 5
    endloop
  endfacet
  facet normal 0.195173 0.980769 0
    outer loop
      vertex 9.56001 32.3579 5
      vertex 9.7781 32.3145 0
      vertex 9.56001 32.3579 0
    endloop
  endfacet
  facet normal 0.0652057 0.997872 -0
    outer loop
      vertex 10 32.3 0
      vertex 9.7781 32.3145 5
      vertex 10 32.3 5
    endloop
  endfacet
  facet normal 0.0652057 0.997872 0
    outer loop
      vertex 9.7781 32.3145 5
      vertex 10 32.3 0
      vertex 9.7781 32.3145 0
    endloop
  endfacet
  facet normal -0.997872 -0.0652057 0
    outer loop
      vertex 11.7 42 0
      vertex 11.6855 42.2219 5
      vertex 11.6855 42.2219 0
    endloop
  endfacet
  facet normal -0.997872 -0.0652057 0
    outer loop
      vertex 11.6855 42.2219 5
      vertex 11.7 42 0
      vertex 11.7 42 5
    endloop
  endfacet
  facet normal -0.659268 0.751908 0
    outer loop
      vertex 11.2021 32.7979 0
      vertex 11.0349 32.6513 5
      vertex 11.2021 32.7979 5
    endloop
  endfacet
  facet normal -0.659268 0.751908 0
    outer loop
      vertex 11.0349 32.6513 5
      vertex 11.2021 32.7979 0
      vertex 11.0349 32.6513 0
    endloop
  endfacet
  facet normal 0.321525 0.946901 -0
    outer loop
      vertex 9.56001 32.3579 0
      vertex 9.34944 32.4294 5
      vertex 9.56001 32.3579 5
    endloop
  endfacet
  facet normal 0.321525 0.946901 0
    outer loop
      vertex 9.34944 32.4294 5
      vertex 9.56001 32.3579 0
      vertex 9.34944 32.4294 0
    endloop
  endfacet
  facet normal 0.555447 0.831552 -0
    outer loop
      vertex 9.15 32.5278 0
      vertex 8.96511 32.6513 5
      vertex 9.15 32.5278 5
    endloop
  endfacet
  facet normal 0.555447 0.831552 0
    outer loop
      vertex 8.96511 32.6513 5
      vertex 9.15 32.5278 0
      vertex 8.96511 32.6513 0
    endloop
  endfacet
  facet normal 1 -0 0
    outer loop
      vertex 8.3 34 5
      vertex 8.3 42 0
      vertex 8.3 42 5
    endloop
  endfacet
  facet normal 1 0 0
    outer loop
      vertex 8.3 42 0
      vertex 8.3 34 5
      vertex 8.3 34 0
    endloop
  endfacet
  facet normal 0.195173 -0.980769 0
    outer loop
      vertex 9.56001 43.6421 0
      vertex 9.7781 43.6855 5
      vertex 9.56001 43.6421 5
    endloop
  endfacet
  facet normal 0.195173 -0.980769 0
    outer loop
      vertex 9.7781 43.6855 5
      vertex 9.56001 43.6421 0
      vertex 9.7781 43.6855 0
    endloop
  endfacet
  facet normal -0.751908 -0.659268 0
    outer loop
      vertex 11.3487 43.0349 0
      vertex 11.2021 43.2021 5
      vertex 11.2021 43.2021 0
    endloop
  endfacet
  facet normal -0.751908 -0.659268 0
    outer loop
      vertex 11.2021 43.2021 5
      vertex 11.3487 43.0349 0
      vertex 11.3487 43.0349 5
    endloop
  endfacet
  facet normal -1 0 0
    outer loop
      vertex 11.7 34 0
      vertex 11.7 42 5
      vertex 11.7 42 0
    endloop
  endfacet
  facet normal -1 -0 0
    outer loop
      vertex 11.7 42 5
      vertex 11.7 34 0
      vertex 11.7 34 5
    endloop
  endfacet
  facet normal 0.442459 0.896789 -0
    outer loop
      vertex 9.34944 32.4294 0
      vertex 9.15 32.5278 5
      vertex 9.34944 32.4294 5
    endloop
  endfacet
  facet normal 0.442459 0.896789 0
    outer loop
      vertex 9.15 32.5278 5
      vertex 9.34944 32.4294 0
      vertex 9.15 32.5278 0
    endloop
  endfacet
  facet normal 0.946956 0.321363 0
    outer loop
      vertex 8.4294 33.3494 5
      vertex 8.35793 33.56 0
      vertex 8.35793 33.56 5
    endloop
  endfacet
  facet normal 0.946956 0.321363 0
    outer loop
      vertex 8.35793 33.56 0
      vertex 8.4294 33.3494 5
      vertex 8.4294 33.3494 0
    endloop
  endfacet
  facet normal 0.99786 0.0653848 0
    outer loop
      vertex 8.31454 33.7781 5
      vertex 8.3 34 0
      vertex 8.3 34 5
    endloop
  endfacet
  facet normal 0.99786 0.0653848 0
    outer loop
      vertex 8.3 34 0
      vertex 8.31454 33.7781 5
      vertex 8.31454 33.7781 0
    endloop
  endfacet
  facet normal 0.980779 0.195122 0
    outer loop
      vertex 8.35793 33.56 5
      vertex 8.31454 33.7781 0
      vertex 8.31454 33.7781 5
    endloop
  endfacet
  facet normal 0.980779 0.195122 0
    outer loop
      vertex 8.31454 33.7781 0
      vertex 8.35793 33.56 5
      vertex 8.35793 33.56 0
    endloop
  endfacet
  facet normal 0.99786 -0.0653848 0
    outer loop
      vertex 8.3 42 5
      vertex 8.31454 42.2219 0
      vertex 8.31454 42.2219 5
    endloop
  endfacet
  facet normal 0.99786 -0.0653848 0
    outer loop
      vertex 8.31454 42.2219 0
      vertex 8.3 42 5
      vertex 8.3 42 0
    endloop
  endfacet
  facet normal 0.751863 0.659319 0
    outer loop
      vertex 8.79792 32.7979 5
      vertex 8.6513 32.9651 0
      vertex 8.6513 32.9651 5
    endloop
  endfacet
  facet normal 0.751863 0.659319 0
    outer loop
      vertex 8.6513 32.9651 0
      vertex 8.79792 32.7979 5
      vertex 8.79792 32.7979 0
    endloop
  endfacet
  facet normal 0.659291 0.751888 -0
    outer loop
      vertex 8.96511 32.6513 0
      vertex 8.79792 32.7979 5
      vertex 8.96511 32.6513 5
    endloop
  endfacet
  facet normal 0.659291 0.751888 0
    outer loop
      vertex 8.79792 32.7979 5
      vertex 8.96511 32.6513 0
      vertex 8.79792 32.7979 0
    endloop
  endfacet
  facet normal 0.896825 0.442386 0
    outer loop
      vertex 8.52776 33.15 5
      vertex 8.4294 33.3494 0
      vertex 8.4294 33.3494 5
    endloop
  endfacet
  facet normal 0.896825 0.442386 0
    outer loop
      vertex 8.4294 33.3494 0
      vertex 8.52776 33.15 5
      vertex 8.52776 33.15 0
    endloop
  endfacet
  facet normal 0.831483 0.555551 0
    outer loop
      vertex 8.6513 32.9651 5
      vertex 8.52776 33.15 0
      vertex 8.52776 33.15 5
    endloop
  endfacet
  facet normal 0.831483 0.555551 0
    outer loop
      vertex 8.52776 33.15 0
      vertex 8.6513 32.9651 5
      vertex 8.6513 32.9651 0
    endloop
  endfacet
  facet normal 0.321525 -0.946901 0
    outer loop
      vertex 9.34944 43.5706 0
      vertex 9.56001 43.6421 5
      vertex 9.34944 43.5706 5
    endloop
  endfacet
  facet normal 0.321525 -0.946901 0
    outer loop
      vertex 9.56001 43.6421 5
      vertex 9.34944 43.5706 0
      vertex 9.56001 43.6421 0
    endloop
  endfacet
  facet normal 0.831483 -0.555551 0
    outer loop
      vertex 8.52776 42.85 5
      vertex 8.6513 43.0349 0
      vertex 8.6513 43.0349 5
    endloop
  endfacet
  facet normal 0.831483 -0.555551 0
    outer loop
      vertex 8.6513 43.0349 0
      vertex 8.52776 42.85 5
      vertex 8.52776 42.85 0
    endloop
  endfacet
  facet normal -0.321484 -0.946915 0
    outer loop
      vertex 10.44 43.6421 0
      vertex 10.6506 43.5706 5
      vertex 10.44 43.6421 5
    endloop
  endfacet
  facet normal -0.321484 -0.946915 -0
    outer loop
      vertex 10.6506 43.5706 5
      vertex 10.44 43.6421 0
      vertex 10.6506 43.5706 0
    endloop
  endfacet
  facet normal -0.659268 -0.751908 0
    outer loop
      vertex 11.0349 43.3487 0
      vertex 11.2021 43.2021 5
      vertex 11.0349 43.3487 5
    endloop
  endfacet
  facet normal -0.659268 -0.751908 -0
    outer loop
      vertex 11.2021 43.2021 5
      vertex 11.0349 43.3487 0
      vertex 11.2021 43.2021 0
    endloop
  endfacet
  facet normal -0.831566 -0.555426 0
    outer loop
      vertex 11.4722 42.85 0
      vertex 11.3487 43.0349 5
      vertex 11.3487 43.0349 0
    endloop
  endfacet
  facet normal -0.831566 -0.555426 0
    outer loop
      vertex 11.3487 43.0349 5
      vertex 11.4722 42.85 0
      vertex 11.4722 42.85 5
    endloop
  endfacet
  facet normal -0.896754 0.44253 0
    outer loop
      vertex 11.4722 33.15 0
      vertex 11.5706 33.3494 5
      vertex 11.5706 33.3494 0
    endloop
  endfacet
  facet normal -0.896754 0.44253 0
    outer loop
      vertex 11.5706 33.3494 5
      vertex 11.4722 33.15 0
      vertex 11.4722 33.15 5
    endloop
  endfacet
  facet normal -0.946915 0.321484 0
    outer loop
      vertex 11.5706 33.3494 0
      vertex 11.6421 33.56 5
      vertex 11.6421 33.56 0
    endloop
  endfacet
  facet normal -0.946915 0.321484 0
    outer loop
      vertex 11.6421 33.56 5
      vertex 11.5706 33.3494 0
      vertex 11.5706 33.3494 5
    endloop
  endfacet
  facet normal 0.0652057 -0.997872 0
    outer loop
      vertex 9.7781 43.6855 0
      vertex 10 43.7 5
      vertex 9.7781 43.6855 5
    endloop
  endfacet
  facet normal 0.0652057 -0.997872 0
    outer loop
      vertex 10 43.7 5
      vertex 9.7781 43.6855 0
      vertex 10 43.7 0
    endloop
  endfacet
  facet normal -0.0652057 -0.997872 0
    outer loop
      vertex 10 43.7 0
      vertex 10.2219 43.6855 5
      vertex 10 43.7 5
    endloop
  endfacet
  facet normal -0.0652057 -0.997872 -0
    outer loop
      vertex 10.2219 43.6855 5
      vertex 10 43.7 0
      vertex 10.2219 43.6855 0
    endloop
  endfacet
  facet normal -0.195165 -0.98077 0
    outer loop
      vertex 10.2219 43.6855 0
      vertex 10.44 43.6421 5
      vertex 10.2219 43.6855 5
    endloop
  endfacet
  facet normal -0.195165 -0.98077 -0
    outer loop
      vertex 10.44 43.6421 5
      vertex 10.2219 43.6855 0
      vertex 10.44 43.6421 0
    endloop
  endfacet
  facet normal 0.555447 -0.831552 0
    outer loop
      vertex 8.96511 43.3487 0
      vertex 9.15 43.4722 5
      vertex 8.96511 43.3487 5
    endloop
  endfacet
  facet normal 0.555447 -0.831552 0
    outer loop
      vertex 9.15 43.4722 5
      vertex 8.96511 43.3487 0
      vertex 9.15 43.4722 0
    endloop
  endfacet
  facet normal 0.980779 -0.195122 0
    outer loop
      vertex 8.31454 42.2219 5
      vertex 8.35793 42.44 0
      vertex 8.35793 42.44 5
    endloop
  endfacet
  facet normal 0.980779 -0.195122 0
    outer loop
      vertex 8.35793 42.44 0
      vertex 8.31454 42.2219 5
      vertex 8.31454 42.2219 0
    endloop
  endfacet
  facet normal 0.751863 -0.659319 0
    outer loop
      vertex 8.6513 43.0349 5
      vertex 8.79792 43.2021 0
      vertex 8.79792 43.2021 5
    endloop
  endfacet
  facet normal 0.751863 -0.659319 0
    outer loop
      vertex 8.79792 43.2021 0
      vertex 8.6513 43.0349 5
      vertex 8.6513 43.0349 0
    endloop
  endfacet
  facet normal 0.659291 -0.751888 0
    outer loop
      vertex 8.79792 43.2021 0
      vertex 8.96511 43.3487 5
      vertex 8.79792 43.2021 5
    endloop
  endfacet
  facet normal 0.659291 -0.751888 0
    outer loop
      vertex 8.96511 43.3487 5
      vertex 8.79792 43.2021 0
      vertex 8.96511 43.3487 0
    endloop
  endfacet
  facet normal -0.44253 -0.896754 0
    outer loop
      vertex 10.6506 43.5706 0
      vertex 10.85 43.4722 5
      vertex 10.6506 43.5706 5
    endloop
  endfacet
  facet normal -0.44253 -0.896754 -0
    outer loop
      vertex 10.85 43.4722 5
      vertex 10.6506 43.5706 0
      vertex 10.85 43.4722 0
    endloop
  endfacet
  facet normal -0.555426 -0.831566 0
    outer loop
      vertex 10.85 43.4722 0
      vertex 11.0349 43.3487 5
      vertex 10.85 43.4722 5
    endloop
  endfacet
  facet normal -0.555426 -0.831566 -0
    outer loop
      vertex 11.0349 43.3487 5
      vertex 10.85 43.4722 0
      vertex 11.0349 43.3487 0
    endloop
  endfacet
  facet normal -0.896754 -0.44253 0
    outer loop
      vertex 11.5706 42.6506 0
      vertex 11.4722 42.85 5
      vertex 11.4722 42.85 0
    endloop
  endfacet
  facet normal -0.896754 -0.44253 0
    outer loop
      vertex 11.4722 42.85 5
      vertex 11.5706 42.6506 0
      vertex 11.5706 42.6506 5
    endloop
  endfacet
  facet normal -0.946915 -0.321484 0
    outer loop
      vertex 11.6421 42.44 0
      vertex 11.5706 42.6506 5
      vertex 11.5706 42.6506 0
    endloop
  endfacet
  facet normal -0.946915 -0.321484 0
    outer loop
      vertex 11.5706 42.6506 5
      vertex 11.6421 42.44 0
      vertex 11.6421 42.44 5
    endloop
  endfacet
  facet normal -0.98077 -0.195165 0
    outer loop
      vertex 11.6855 42.2219 0
      vertex 11.6421 42.44 5
      vertex 11.6421 42.44 0
    endloop
  endfacet
  facet normal -0.98077 -0.195165 0
    outer loop
      vertex 11.6421 42.44 5
      vertex 11.6855 42.2219 0
      vertex 11.6855 42.2219 5
    endloop
  endfacet
  facet normal -0.751908 0.659268 0
    outer loop
      vertex 11.2021 32.7979 0
      vertex 11.3487 32.9651 5
      vertex 11.3487 32.9651 0
    endloop
  endfacet
  facet normal -0.751908 0.659268 0
    outer loop
      vertex 11.3487 32.9651 5
      vertex 11.2021 32.7979 0
      vertex 11.2021 32.7979 5
    endloop
  endfacet
  facet normal -0.98077 0.195165 0
    outer loop
      vertex 11.6421 33.56 0
      vertex 11.6855 33.7781 5
      vertex 11.6855 33.7781 0
    endloop
  endfacet
  facet normal -0.98077 0.195165 0
    outer loop
      vertex 11.6855 33.7781 5
      vertex 11.6421 33.56 0
      vertex 11.6421 33.56 5
    endloop
  endfacet
  facet normal -0.997872 0.0652057 0
    outer loop
      vertex 11.6855 33.7781 0
      vertex 11.7 34 5
      vertex 11.7 34 0
    endloop
  endfacet
  facet normal -0.997872 0.0652057 0
    outer loop
      vertex 11.7 34 5
      vertex 11.6855 33.7781 0
      vertex 11.6855 33.7781 5
    endloop
  endfacet
  facet normal 0.442459 -0.896789 0
    outer loop
      vertex 9.15 43.4722 0
      vertex 9.34944 43.5706 5
      vertex 9.15 43.4722 5
    endloop
  endfacet
  facet normal 0.442459 -0.896789 0
    outer loop
      vertex 9.34944 43.5706 5
      vertex 9.15 43.4722 0
      vertex 9.34944 43.5706 0
    endloop
  endfacet
  facet normal 0.946956 -0.321363 0
    outer loop
      vertex 8.35793 42.44 5
      vertex 8.4294 42.6506 0
      vertex 8.4294 42.6506 5
    endloop
  endfacet
  facet normal 0.946956 -0.321363 0
    outer loop
      vertex 8.4294 42.6506 0
      vertex 8.35793 42.44 5
      vertex 8.35793 42.44 0
    endloop
  endfacet
  facet normal 0.896825 -0.442386 0
    outer loop
      vertex 8.4294 42.6506 5
      vertex 8.52776 42.85 0
      vertex 8.52776 42.85 5
    endloop
  endfacet
  facet normal 0.896825 -0.442386 0
    outer loop
      vertex 8.52776 42.85 0
      vertex 8.4294 42.6506 5
      vertex 8.4294 42.6506 0
    endloop
  endfacet
  facet normal -0.44253 0.896754 0
    outer loop
      vertex 10.85 32.5278 0
      vertex 10.6506 32.4294 5
      vertex 10.85 32.5278 5
    endloop
  endfacet
  facet normal -0.44253 0.896754 0
    outer loop
      vertex 10.6506 32.4294 5
      vertex 10.85 32.5278 0
      vertex 10.6506 32.4294 0
    endloop
  endfacet
  facet normal -0.321484 0.946915 0
    outer loop
      vertex 10.6506 32.4294 0
      vertex 10.44 32.3579 5
      vertex 10.6506 32.4294 5
    endloop
  endfacet
  facet normal -0.321484 0.946915 0
    outer loop
      vertex 10.44 32.3579 5
      vertex 10.6506 32.4294 0
      vertex 10.44 32.3579 0
    endloop
  endfacet
  facet normal -0.831566 0.555426 0
    outer loop
      vertex 11.3487 32.9651 0
      vertex 11.4722 33.15 5
      vertex 11.4722 33.15 0
    endloop
  endfacet
  facet normal -0.831566 0.555426 0
    outer loop
      vertex 11.4722 33.15 5
      vertex 11.3487 32.9651 0
      vertex 11.3487 32.9651 5
    endloop
  endfacet
  facet normal -0.555426 0.831566 0
    outer loop
      vertex 11.0349 32.6513 0
      vertex 10.85 32.5278 5
      vertex 11.0349 32.6513 5
    endloop
  endfacet
  facet normal -0.555426 0.831566 0
    outer loop
      vertex 10.85 32.5278 5
      vertex 11.0349 32.6513 0
      vertex 10.85 32.5278 0
    endloop
  endfacet
  facet normal -0.195165 0.98077 0
    outer loop
      vertex 10.44 32.3579 0
      vertex 10.2219 32.3145 5
      vertex 10.44 32.3579 5
    endloop
  endfacet
  facet normal -0.195165 0.98077 0
    outer loop
      vertex 10.2219 32.3145 5
      vertex 10.44 32.3579 0
      vertex 10.2219 32.3145 0
    endloop
  endfacet
  facet normal -0.0652057 0.997872 0
    outer loop
      vertex 10.2219 32.3145 0
      vertex 10 32.3 5
      vertex 10.2219 32.3145 5
    endloop
  endfacet
  facet normal -0.0652057 0.997872 0
    outer loop
      vertex 10 32.3 5
      vertex 10.2219 32.3145 0
      vertex 10 32.3 0
    endloop
  endfacet
  facet normal 0.193442 0.981112 -0
    outer loop
      vertex 9.7781 175.515 0
      vertex 9.56001 175.558 5
      vertex 9.7781 175.515 5
    endloop
  endfacet
  facet normal 0.193442 0.981112 0
    outer loop
      vertex 9.56001 175.558 5
      vertex 9.7781 175.515 0
      vertex 9.56001 175.558 0
    endloop
  endfacet
  facet normal 0.0674441 0.997723 -0
    outer loop
      vertex 10 175.5 0
      vertex 9.7781 175.515 5
      vertex 10 175.5 5
    endloop
  endfacet
  facet normal 0.0674441 0.997723 0
    outer loop
      vertex 9.7781 175.515 5
      vertex 10 175.5 0
      vertex 9.7781 175.515 0
    endloop
  endfacet
  facet normal 0.997862 0.0653555 0
    outer loop
      vertex 8.31454 176.978 5
      vertex 8.3 177.2 0
      vertex 8.3 177.2 5
    endloop
  endfacet
  facet normal 0.997862 0.0653555 0
    outer loop
      vertex 8.3 177.2 0
      vertex 8.31454 176.978 5
      vertex 8.31454 176.978 0
    endloop
  endfacet
  facet normal 0.444625 0.895717 -0
    outer loop
      vertex 9.34944 175.629 0
      vertex 9.15 175.728 5
      vertex 9.34944 175.629 5
    endloop
  endfacet
  facet normal 0.444625 0.895717 0
    outer loop
      vertex 9.15 175.728 5
      vertex 9.34944 175.629 0
      vertex 9.15 175.728 0
    endloop
  endfacet
  facet normal 0.980762 -0.195208 0
    outer loop
      vertex 8.31454 185.422 5
      vertex 8.35793 185.64 0
      vertex 8.35793 185.64 5
    endloop
  endfacet
  facet normal 0.980762 -0.195208 0
    outer loop
      vertex 8.35793 185.64 0
      vertex 8.31454 185.422 5
      vertex 8.31454 185.422 0
    endloop
  endfacet
  facet normal -0.997874 0.0651764 0
    outer loop
      vertex 11.6855 176.978 0
      vertex 11.7 177.2 5
      vertex 11.7 177.2 0
    endloop
  endfacet
  facet normal -0.997874 0.0651764 0
    outer loop
      vertex 11.7 177.2 5
      vertex 11.6855 176.978 0
      vertex 11.6855 176.978 5
    endloop
  endfacet
  facet normal -0.193434 -0.981113 0
    outer loop
      vertex 10.2219 186.885 0
      vertex 10.44 186.842 5
      vertex 10.2219 186.885 5
    endloop
  endfacet
  facet normal -0.193434 -0.981113 -0
    outer loop
      vertex 10.44 186.842 5
      vertex 10.2219 186.885 0
      vertex 10.44 186.842 0
    endloop
  endfacet
  facet normal 0.319506 0.947584 -0
    outer loop
      vertex 9.56001 175.558 0
      vertex 9.34944 175.629 5
      vertex 9.56001 175.558 5
    endloop
  endfacet
  facet normal 0.319506 0.947584 0
    outer loop
      vertex 9.34944 175.629 5
      vertex 9.56001 175.558 0
      vertex 9.34944 175.629 0
    endloop
  endfacet
  facet normal 0.947141 0.320816 0
    outer loop
      vertex 8.4294 176.549 5
      vertex 8.35793 176.76 0
      vertex 8.35793 176.76 5
    endloop
  endfacet
  facet normal 0.947141 0.320816 0
    outer loop
      vertex 8.35793 176.76 0
      vertex 8.4294 176.549 5
      vertex 8.4294 176.549 0
    endloop
  endfacet
  facet normal 0.980762 0.195208 0
    outer loop
      vertex 8.35793 176.76 5
      vertex 8.31454 176.978 0
      vertex 8.31454 176.978 5
    endloop
  endfacet
  facet normal 0.980762 0.195208 0
    outer loop
      vertex 8.31454 176.978 0
      vertex 8.35793 176.76 5
      vertex 8.35793 176.76 0
    endloop
  endfacet
  facet normal 0.553889 -0.83259 0
    outer loop
      vertex 8.96511 186.549 0
      vertex 9.15 186.672 5
      vertex 8.96511 186.549 5
    endloop
  endfacet
  facet normal 0.553889 -0.83259 0
    outer loop
      vertex 9.15 186.672 5
      vertex 8.96511 186.549 0
      vertex 9.15 186.672 0
    endloop
  endfacet
  facet normal -0.947101 -0.320937 0
    outer loop
      vertex 11.6421 185.64 0
      vertex 11.5706 185.851 5
      vertex 11.5706 185.851 0
    endloop
  endfacet
  facet normal -0.947101 -0.320937 0
    outer loop
      vertex 11.5706 185.851 5
      vertex 11.6421 185.64 0
      vertex 11.6421 185.64 5
    endloop
  endfacet
  facet normal -0.997874 -0.0651764 0
    outer loop
      vertex 11.7 185.2 0
      vertex 11.6855 185.422 5
      vertex 11.6855 185.422 0
    endloop
  endfacet
  facet normal -0.997874 -0.0651764 0
    outer loop
      vertex 11.6855 185.422 5
      vertex 11.7 185.2 0
      vertex 11.7 185.2 5
    endloop
  endfacet
  facet normal -0.980753 0.195251 0
    outer loop
      vertex 11.6421 176.76 0
      vertex 11.6855 176.978 5
      vertex 11.6855 176.978 0
    endloop
  endfacet
  facet normal -0.980753 0.195251 0
    outer loop
      vertex 11.6855 176.978 5
      vertex 11.6421 176.76 0
      vertex 11.6421 176.76 5
    endloop
  endfacet
  facet normal -1 0 0
    outer loop
      vertex 11.7 177.2 0
      vertex 11.7 185.2 5
      vertex 11.7 185.2 0
    endloop
  endfacet
  facet normal -1 -0 0
    outer loop
      vertex 11.7 185.2 5
      vertex 11.7 177.2 0
      vertex 11.7 177.2 5
    endloop
  endfacet
  facet normal -0.660284 -0.751016 0
    outer loop
      vertex 11.0349 186.549 0
      vertex 11.2021 186.402 5
      vertex 11.0349 186.549 5
    endloop
  endfacet
  facet normal -0.660284 -0.751016 -0
    outer loop
      vertex 11.2021 186.402 5
      vertex 11.0349 186.549 0
      vertex 11.2021 186.402 0
    endloop
  endfacet
  facet normal 0.553889 0.83259 -0
    outer loop
      vertex 9.15 175.728 0
      vertex 8.96511 175.851 5
      vertex 9.15 175.728 5
    endloop
  endfacet
  facet normal 0.553889 0.83259 0
    outer loop
      vertex 8.96511 175.851 5
      vertex 9.15 175.728 0
      vertex 8.96511 175.851 0
    endloop
  endfacet
  facet normal 0.751472 0.659765 0
    outer loop
      vertex 8.79792 175.998 5
      vertex 8.6513 176.165 0
      vertex 8.6513 176.165 5
    endloop
  endfacet
  facet normal 0.751472 0.659765 0
    outer loop
      vertex 8.6513 176.165 0
      vertex 8.79792 175.998 5
      vertex 8.79792 175.998 0
    endloop
  endfacet
  facet normal 1 -0 0
    outer loop
      vertex 8.3 177.2 5
      vertex 8.3 185.2 0
      vertex 8.3 185.2 5
    endloop
  endfacet
  facet normal 1 0 0
    outer loop
      vertex 8.3 185.2 0
      vertex 8.3 177.2 5
      vertex 8.3 177.2 0
    endloop
  endfacet
  facet normal 0.997862 -0.0653555 0
    outer loop
      vertex 8.3 185.2 5
      vertex 8.31454 185.422 0
      vertex 8.31454 185.422 5
    endloop
  endfacet
  facet normal 0.997862 -0.0653555 0
    outer loop
      vertex 8.31454 185.422 0
      vertex 8.3 185.2 5
      vertex 8.3 185.2 0
    endloop
  endfacet
  facet normal 0.193442 -0.981112 0
    outer loop
      vertex 9.56001 186.842 0
      vertex 9.7781 186.885 5
      vertex 9.56001 186.842 5
    endloop
  endfacet
  facet normal 0.193442 -0.981112 0
    outer loop
      vertex 9.7781 186.885 5
      vertex 9.56001 186.842 0
      vertex 9.7781 186.885 0
    endloop
  endfacet
  facet normal 0.831621 -0.555343 0
    outer loop
      vertex 8.52776 186.05 5
      vertex 8.6513 186.235 0
      vertex 8.6513 186.235 5
    endloop
  endfacet
  facet normal 0.831621 -0.555343 0
    outer loop
      vertex 8.6513 186.235 0
      vertex 8.52776 186.05 5
      vertex 8.52776 186.05 0
    endloop
  endfacet
  facet normal 0.896472 -0.4431 0
    outer loop
      vertex 8.4294 185.851 5
      vertex 8.52776 186.05 0
      vertex 8.52776 186.05 5
    endloop
  endfacet
  facet normal 0.896472 -0.4431 0
    outer loop
      vertex 8.52776 186.05 0
      vertex 8.4294 185.851 5
      vertex 8.4294 185.851 0
    endloop
  endfacet
  facet normal -0.444696 -0.895681 0
    outer loop
      vertex 10.6506 186.771 0
      vertex 10.85 186.672 5
      vertex 10.6506 186.771 5
    endloop
  endfacet
  facet normal -0.444696 -0.895681 -0
    outer loop
      vertex 10.85 186.672 5
      vertex 10.6506 186.771 0
      vertex 10.85 186.672 0
    endloop
  endfacet
  facet normal 0.660306 0.750997 -0
    outer loop
      vertex 8.96511 175.851 0
      vertex 8.79792 175.998 5
      vertex 8.96511 175.851 5
    endloop
  endfacet
  facet normal 0.660306 0.750997 0
    outer loop
      vertex 8.79792 175.998 5
      vertex 8.96511 175.851 0
      vertex 8.79792 175.998 0
    endloop
  endfacet
  facet normal 0.896472 0.4431 0
    outer loop
      vertex 8.52776 176.35 5
      vertex 8.4294 176.549 0
      vertex 8.4294 176.549 5
    endloop
  endfacet
  facet normal 0.896472 0.4431 0
    outer loop
      vertex 8.4294 176.549 0
      vertex 8.52776 176.35 5
      vertex 8.52776 176.35 0
    endloop
  endfacet
  facet normal 0.444625 -0.895717 0
    outer loop
      vertex 9.15 186.672 0
      vertex 9.34944 186.771 5
      vertex 9.15 186.672 5
    endloop
  endfacet
  facet normal 0.444625 -0.895717 0
    outer loop
      vertex 9.34944 186.771 5
      vertex 9.15 186.672 0
      vertex 9.34944 186.771 0
    endloop
  endfacet
  facet normal 0.751472 -0.659765 0
    outer loop
      vertex 8.6513 186.235 5
      vertex 8.79792 186.402 0
      vertex 8.79792 186.402 5
    endloop
  endfacet
  facet normal 0.751472 -0.659765 0
    outer loop
      vertex 8.79792 186.402 0
      vertex 8.6513 186.235 5
      vertex 8.6513 186.235 0
    endloop
  endfacet
  facet normal 0.947141 -0.320816 0
    outer loop
      vertex 8.35793 185.64 5
      vertex 8.4294 185.851 0
      vertex 8.4294 185.851 5
    endloop
  endfacet
  facet normal 0.947141 -0.320816 0
    outer loop
      vertex 8.4294 185.851 0
      vertex 8.35793 185.64 5
      vertex 8.35793 185.64 0
    endloop
  endfacet
  facet normal -0.980753 -0.195251 0
    outer loop
      vertex 11.6855 185.422 0
      vertex 11.6421 185.64 5
      vertex 11.6421 185.64 0
    endloop
  endfacet
  facet normal -0.980753 -0.195251 0
    outer loop
      vertex 11.6421 185.64 5
      vertex 11.6855 185.422 0
      vertex 11.6855 185.422 5
    endloop
  endfacet
  facet normal -0.553869 0.832604 0
    outer loop
      vertex 11.0349 175.851 0
      vertex 10.85 175.728 5
      vertex 11.0349 175.851 5
    endloop
  endfacet
  facet normal -0.553869 0.832604 0
    outer loop
      vertex 10.85 175.728 5
      vertex 11.0349 175.851 0
      vertex 10.85 175.728 0
    endloop
  endfacet
  facet normal -0.319466 -0.947598 0
    outer loop
      vertex 10.44 186.842 0
      vertex 10.6506 186.771 5
      vertex 10.44 186.842 5
    endloop
  endfacet
  facet normal -0.319466 -0.947598 -0
    outer loop
      vertex 10.6506 186.771 5
      vertex 10.44 186.842 0
      vertex 10.6506 186.771 0
    endloop
  endfacet
  facet normal -0.553869 -0.832604 0
    outer loop
      vertex 10.85 186.672 0
      vertex 11.0349 186.549 5
      vertex 10.85 186.672 5
    endloop
  endfacet
  facet normal -0.553869 -0.832604 -0
    outer loop
      vertex 11.0349 186.549 5
      vertex 10.85 186.672 0
      vertex 11.0349 186.549 0
    endloop
  endfacet
  facet normal 0.0674441 -0.997723 0
    outer loop
      vertex 9.7781 186.885 0
      vertex 10 186.9 5
      vertex 9.7781 186.885 5
    endloop
  endfacet
  facet normal 0.0674441 -0.997723 0
    outer loop
      vertex 10 186.9 5
      vertex 9.7781 186.885 0
      vertex 10 186.9 0
    endloop
  endfacet
  facet normal -0.0674441 -0.997723 0
    outer loop
      vertex 10 186.9 0
      vertex 10.2219 186.885 5
      vertex 10 186.9 5
    endloop
  endfacet
  facet normal -0.0674441 -0.997723 -0
    outer loop
      vertex 10.2219 186.885 5
      vertex 10 186.9 0
      vertex 10.2219 186.885 0
    endloop
  endfacet
  facet normal 0.831621 0.555343 0
    outer loop
      vertex 8.6513 176.165 5
      vertex 8.52776 176.35 0
      vertex 8.52776 176.35 5
    endloop
  endfacet
  facet normal 0.831621 0.555343 0
    outer loop
      vertex 8.52776 176.35 0
      vertex 8.6513 176.165 5
      vertex 8.6513 176.165 0
    endloop
  endfacet
  facet normal 0.319506 -0.947584 0
    outer loop
      vertex 9.34944 186.771 0
      vertex 9.56001 186.842 5
      vertex 9.34944 186.771 5
    endloop
  endfacet
  facet normal 0.319506 -0.947584 0
    outer loop
      vertex 9.56001 186.842 5
      vertex 9.34944 186.771 0
      vertex 9.56001 186.842 0
    endloop
  endfacet
  facet normal 0.660306 -0.750997 0
    outer loop
      vertex 8.79792 186.402 0
      vertex 8.96511 186.549 5
      vertex 8.79792 186.402 5
    endloop
  endfacet
  facet normal 0.660306 -0.750997 0
    outer loop
      vertex 8.96511 186.549 5
      vertex 8.79792 186.402 0
      vertex 8.96511 186.549 0
    endloop
  endfacet
  facet normal -0.751516 -0.659714 0
    outer loop
      vertex 11.3487 186.235 0
      vertex 11.2021 186.402 5
      vertex 11.2021 186.402 0
    endloop
  endfacet
  facet normal -0.751516 -0.659714 0
    outer loop
      vertex 11.2021 186.402 5
      vertex 11.3487 186.235 0
      vertex 11.3487 186.235 5
    endloop
  endfacet
  facet normal -0.947101 0.320937 0
    outer loop
      vertex 11.5706 176.549 0
      vertex 11.6421 176.76 5
      vertex 11.6421 176.76 0
    endloop
  endfacet
  facet normal -0.947101 0.320937 0
    outer loop
      vertex 11.6421 176.76 5
      vertex 11.5706 176.549 0
      vertex 11.5706 176.549 5
    endloop
  endfacet
  facet normal -0.660284 0.751016 0
    outer loop
      vertex 11.2021 175.998 0
      vertex 11.0349 175.851 5
      vertex 11.2021 175.998 5
    endloop
  endfacet
  facet normal -0.660284 0.751016 0
    outer loop
      vertex 11.0349 175.851 5
      vertex 11.2021 175.998 0
      vertex 11.0349 175.851 0
    endloop
  endfacet
  facet normal -0.751516 0.659714 0
    outer loop
      vertex 11.2021 175.998 0
      vertex 11.3487 176.165 5
      vertex 11.3487 176.165 0
    endloop
  endfacet
  facet normal -0.751516 0.659714 0
    outer loop
      vertex 11.3487 176.165 5
      vertex 11.2021 175.998 0
      vertex 11.2021 175.998 5
    endloop
  endfacet
  facet normal -0.831704 -0.555219 0
    outer loop
      vertex 11.4722 186.05 0
      vertex 11.3487 186.235 5
      vertex 11.3487 186.235 0
    endloop
  endfacet
  facet normal -0.831704 -0.555219 0
    outer loop
      vertex 11.3487 186.235 5
      vertex 11.4722 186.05 0
      vertex 11.4722 186.05 5
    endloop
  endfacet
  facet normal -0.8964 -0.443245 0
    outer loop
      vertex 11.5706 185.851 0
      vertex 11.4722 186.05 5
      vertex 11.4722 186.05 0
    endloop
  endfacet
  facet normal -0.8964 -0.443245 0
    outer loop
      vertex 11.4722 186.05 5
      vertex 11.5706 185.851 0
      vertex 11.5706 185.851 5
    endloop
  endfacet
  facet normal -0.831704 0.555219 0
    outer loop
      vertex 11.3487 176.165 0
      vertex 11.4722 176.35 5
      vertex 11.4722 176.35 0
    endloop
  endfacet
  facet normal -0.831704 0.555219 0
    outer loop
      vertex 11.4722 176.35 5
      vertex 11.3487 176.165 0
      vertex 11.3487 176.165 5
    endloop
  endfacet
  facet normal -0.319466 0.947598 0
    outer loop
      vertex 10.6506 175.629 0
      vertex 10.44 175.558 5
      vertex 10.6506 175.629 5
    endloop
  endfacet
  facet normal -0.319466 0.947598 0
    outer loop
      vertex 10.44 175.558 5
      vertex 10.6506 175.629 0
      vertex 10.44 175.558 0
    endloop
  endfacet
  facet normal -0.444696 0.895681 0
    outer loop
      vertex 10.85 175.728 0
      vertex 10.6506 175.629 5
      vertex 10.85 175.728 5
    endloop
  endfacet
  facet normal -0.444696 0.895681 0
    outer loop
      vertex 10.6506 175.629 5
      vertex 10.85 175.728 0
      vertex 10.6506 175.629 0
    endloop
  endfacet
  facet normal -0.8964 0.443245 0
    outer loop
      vertex 11.4722 176.35 0
      vertex 11.5706 176.549 5
      vertex 11.5706 176.549 0
    endloop
  endfacet
  facet normal -0.8964 0.443245 0
    outer loop
      vertex 11.5706 176.549 5
      vertex 11.4722 176.35 0
      vertex 11.4722 176.35 5
    endloop
  endfacet
  facet normal -0.0674441 0.997723 0
    outer loop
      vertex 10.2219 175.515 0
      vertex 10 175.5 5
      vertex 10.2219 175.515 5
    endloop
  endfacet
  facet normal -0.0674441 0.997723 0
    outer loop
      vertex 10 175.5 5
      vertex 10.2219 175.515 0
      vertex 10 175.5 0
    endloop
  endfacet
  facet normal -0.193434 0.981113 0
    outer loop
      vertex 10.44 175.558 0
      vertex 10.2219 175.515 5
      vertex 10.44 175.558 5
    endloop
  endfacet
  facet normal -0.193434 0.981113 0
    outer loop
      vertex 10.2219 175.515 5
      vertex 10.44 175.558 0
      vertex 10.2219 175.515 0
    endloop
  endfacet
  facet normal 0 -1 0
    outer loop
      vertex 4 0 0
      vertex 215.2 0 5
      vertex 4 0 5
    endloop
  endfacet
  facet normal 0 -1 -0
    outer loop
      vertex 215.2 0 5
      vertex 4 0 0
      vertex 215.2 0 0
    endloop
  endfacet
  facet normal -0.0654009 -0.997859 0
    outer loop
      vertex 3.47789 0.0342197 0
      vertex 4 0 5
      vertex 3.47789 0.0342197 5
    endloop
  endfacet
  facet normal -0.0654009 -0.997859 -0
    outer loop
      vertex 4 0 5
      vertex 3.47789 0.0342197 0
      vertex 4 0 0
    endloop
  endfacet
  facet normal 1 -0 0
    outer loop
      vertex 219.2 4 5
      vertex 219.2 215.2 0
      vertex 219.2 215.2 5
    endloop
  endfacet
  facet normal 1 0 0
    outer loop
      vertex 219.2 215.2 0
      vertex 219.2 4 5
      vertex 219.2 4 0
    endloop
  endfacet
  facet normal 0.89633 0.443387 0
    outer loop
      vertex 218.896 216.731 5
      vertex 218.664 217.2 0
      vertex 218.664 217.2 5
    endloop
  endfacet
  facet normal 0.89633 0.443387 0
    outer loop
      vertex 218.664 217.2 0
      vertex 218.896 216.731 5
      vertex 218.896 216.731 0
    endloop
  endfacet
  facet normal 0.997886 -0.0649827 0
    outer loop
      vertex 219.166 3.47789 5
      vertex 219.2 4 0
      vertex 219.2 4 5
    endloop
  endfacet
  facet normal 0.997886 -0.0649827 0
    outer loop
      vertex 219.2 4 0
      vertex 219.166 3.47789 5
      vertex 219.166 3.47789 0
    endloop
  endfacet
  facet normal 0.751826 -0.659362 0
    outer loop
      vertex 218.028 1.17157 5
      vertex 218.373 1.56495 0
      vertex 218.373 1.56495 5
    endloop
  endfacet
  facet normal 0.751826 -0.659362 0
    outer loop
      vertex 218.373 1.56495 0
      vertex 218.028 1.17157 5
      vertex 218.028 1.17157 0
    endloop
  endfacet
  facet normal 0.947036 -0.321126 0
    outer loop
      vertex 218.896 2.46927 5
      vertex 219.064 2.96472 0
      vertex 219.064 2.96472 5
    endloop
  endfacet
  facet normal 0.947036 -0.321126 0
    outer loop
      vertex 219.064 2.96472 0
      vertex 218.896 2.46927 5
      vertex 218.896 2.46927 0
    endloop
  endfacet
  facet normal -0.659362 0.751826 0
    outer loop
      vertex 1.56495 218.373 0
      vertex 1.17157 218.028 5
      vertex 1.56495 218.373 5
    endloop
  endfacet
  facet normal -0.659362 0.751826 0
    outer loop
      vertex 1.17157 218.028 5
      vertex 1.56495 218.373 0
      vertex 1.17157 218.028 0
    endloop
  endfacet
  facet normal -1 0 0
    outer loop
      vertex 0 4 0
      vertex 0 215.2 5
      vertex 0 215.2 0
    endloop
  endfacet
  facet normal -1 -0 0
    outer loop
      vertex 0 215.2 5
      vertex 0 4 0
      vertex 0 4 5
    endloop
  endfacet
  facet normal -0.997858 0.0654146 0
    outer loop
      vertex 0 215.2 0
      vertex 0.0342197 215.722 5
      vertex 0.0342197 215.722 0
    endloop
  endfacet
  facet normal -0.997858 0.0654146 0
    outer loop
      vertex 0.0342197 215.722 5
      vertex 0 215.2 0
      vertex 0 215.2 5
    endloop
  endfacet
  facet normal 0.997886 0.0649964 0
    outer loop
      vertex 219.2 215.2 5
      vertex 219.166 215.722 0
      vertex 219.166 215.722 5
    endloop
  endfacet
  facet normal 0.997886 0.0649964 0
    outer loop
      vertex 219.166 215.722 0
      vertex 219.2 215.2 5
      vertex 219.2 215.2 0
    endloop
  endfacet
  facet normal 0.75151 0.659722 0
    outer loop
      vertex 218.373 217.635 5
      vertex 218.028 218.028 0
      vertex 218.028 218.028 5
    endloop
  endfacet
  facet normal 0.75151 0.659722 0
    outer loop
      vertex 218.028 218.028 0
      vertex 218.373 217.635 5
      vertex 218.373 217.635 0
    endloop
  endfacet
  facet normal 0.321126 -0.947037 0
    outer loop
      vertex 216.235 0.136296 0
      vertex 216.731 0.304482 5
      vertex 216.235 0.136296 5
    endloop
  endfacet
  facet normal 0.321126 -0.947037 0
    outer loop
      vertex 216.731 0.304482 5
      vertex 216.235 0.136296 0
      vertex 216.731 0.304482 0
    endloop
  endfacet
  facet normal 0.0654146 -0.997858 0
    outer loop
      vertex 215.2 0 0
      vertex 215.722 0.0342197 5
      vertex 215.2 0 5
    endloop
  endfacet
  facet normal 0.0654146 -0.997858 0
    outer loop
      vertex 215.722 0.0342197 5
      vertex 215.2 0 0
      vertex 215.722 0.0342197 0
    endloop
  endfacet
  facet normal 0.659705 -0.751525 0
    outer loop
      vertex 217.635 0.826586 0
      vertex 218.028 1.17157 5
      vertex 217.635 0.826586 5
    endloop
  endfacet
  facet normal 0.659705 -0.751525 0
    outer loop
      vertex 218.028 1.17157 5
      vertex 217.635 0.826586 0
      vertex 218.028 1.17157 0
    endloop
  endfacet
  facet normal 0.896432 -0.443182 0
    outer loop
      vertex 218.664 2 5
      vertex 218.896 2.46927 0
      vertex 218.896 2.46927 5
    endloop
  endfacet
  facet normal 0.896432 -0.443182 0
    outer loop
      vertex 218.896 2.46927 0
      vertex 218.664 2 5
      vertex 218.664 2 0
    endloop
  endfacet
  facet normal -0.896875 -0.442285 0
    outer loop
      vertex 0.535898 2 0
      vertex 0.304482 2.46927 5
      vertex 0.304482 2.46927 0
    endloop
  endfacet
  facet normal -0.896875 -0.442285 0
    outer loop
      vertex 0.304482 2.46927 5
      vertex 0.535898 2 0
      vertex 0.535898 2 5
    endloop
  endfacet
  facet normal 0 0 -1
    outer loop
      vertex 11.5706 42.6506 0
      vertex 24.25 24.25 0
      vertex 11.6421 42.44 0
    endloop
  endfacet
  facet normal 0 0 -1
    outer loop
      vertex 24.25 194.95 0
      vertex 11.6855 176.978 0
      vertex 11.7 177.2 0
    endloop
  endfacet
  facet normal 0 0 -1
    outer loop
      vertex 11.4722 42.85 0
      vertex 24.25 24.25 0
      vertex 11.5706 42.6506 0
    endloop
  endfacet
  facet normal 0 0 -1
    outer loop
      vertex 24.25 194.95 0
      vertex 11.6421 176.76 0
      vertex 11.6855 176.978 0
    endloop
  endfacet
  facet normal 0 0 -1
    outer loop
      vertex 24.25 24.25 0
      vertex 11.4722 42.85 0
      vertex 24.25 194.95 0
    endloop
  endfacet
  facet normal 0 0 -1
    outer loop
      vertex 24.25 194.95 0
      vertex 11.5706 176.549 0
      vertex 11.6421 176.76 0
    endloop
  endfacet
  facet normal 0 0 -1
    outer loop
      vertex 11.4722 176.35 0
      vertex 24.25 194.95 0
      vertex 11.4722 42.85 0
    endloop
  endfacet
  facet normal 0 0 -1
    outer loop
      vertex 24.25 194.95 0
      vertex 11.4722 176.35 0
      vertex 11.5706 176.549 0
    endloop
  endfacet
  facet normal 0 0 -1
    outer loop
      vertex 11.3487 43.0349 0
      vertex 11.4722 176.35 0
      vertex 11.4722 42.85 0
    endloop
  endfacet
  facet normal 0 0 -1
    outer loop
      vertex 11.3487 43.0349 0
      vertex 11.3487 176.165 0
      vertex 11.4722 176.35 0
    endloop
  endfacet
  facet normal 0 0 -1
    outer loop
      vertex 11.2021 43.2021 0
      vertex 11.3487 176.165 0
      vertex 11.3487 43.0349 0
    endloop
  endfacet
  facet normal 0 0 -1
    outer loop
      vertex 11.2021 43.2021 0
      vertex 11.2021 175.998 0
      vertex 11.3487 176.165 0
    endloop
  endfacet
  facet normal 0 0 -1
    outer loop
      vertex 11.0349 43.3487 0
      vertex 11.2021 175.998 0
      vertex 11.2021 43.2021 0
    endloop
  endfacet
  facet normal 0 0 -1
    outer loop
      vertex 11.0349 43.3487 0
      vertex 11.0349 175.851 0
      vertex 11.2021 175.998 0
    endloop
  endfacet
  facet normal 0 0 -1
    outer loop
      vertex 10.85 43.4722 0
      vertex 11.0349 175.851 0
      vertex 11.0349 43.3487 0
    endloop
  endfacet
  facet normal 0 0 -1
    outer loop
      vertex 10.85 43.4722 0
      vertex 10.85 175.728 0
      vertex 11.0349 175.851 0
    endloop
  endfacet
  facet normal 0 0 -1
    outer loop
      vertex 10.6506 43.5706 0
      vertex 10.85 175.728 0
      vertex 10.85 43.4722 0
    endloop
  endfacet
  facet normal 0 0 -1
    outer loop
      vertex 10.6506 43.5706 0
      vertex 10.6506 175.629 0
      vertex 10.85 175.728 0
    endloop
  endfacet
  facet normal 0 0 -1
    outer loop
      vertex 10.44 43.6421 0
      vertex 10.6506 175.629 0
      vertex 10.6506 43.5706 0
    endloop
  endfacet
  facet normal 0 0 -1
    outer loop
      vertex 10.44 43.6421 0
      vertex 10.44 175.558 0
      vertex 10.6506 175.629 0
    endloop
  endfacet
  facet normal 0 0 -1
    outer loop
      vertex 10.2219 43.6855 0
      vertex 10.44 175.558 0
      vertex 10.44 43.6421 0
    endloop
  endfacet
  facet normal 0 0 -1
    outer loop
      vertex 10.2219 43.6855 0
      vertex 10.2219 175.515 0
      vertex 10.44 175.558 0
    endloop
  endfacet
  facet normal 0 0 -1
    outer loop
      vertex 10 43.7 0
      vertex 10.2219 175.515 0
      vertex 10.2219 43.6855 0
    endloop
  endfacet
  facet normal 0 0 -1
    outer loop
      vertex 10 43.7 0
      vertex 10 175.5 0
      vertex 10.2219 175.515 0
    endloop
  endfacet
  facet normal 0 0 -1
    outer loop
      vertex 9.7781 43.6855 0
      vertex 10 175.5 0
      vertex 10 43.7 0
    endloop
  endfacet
  facet normal 0 0 -1
    outer loop
      vertex 9.7781 43.6855 0
      vertex 9.7781 175.515 0
      vertex 10 175.5 0
    endloop
  endfacet
  facet normal 0 0 -1
    outer loop
      vertex 9.56001 43.6421 0
      vertex 9.7781 175.515 0
      vertex 9.7781 43.6855 0
    endloop
  endfacet
  facet normal 0 0 -1
    outer loop
      vertex 9.56001 43.6421 0
      vertex 9.56001 175.558 0
      vertex 9.7781 175.515 0
    endloop
  endfacet
  facet normal 0 0 -1
    outer loop
      vertex 9.34944 43.5706 0
      vertex 9.56001 175.558 0
      vertex 9.56001 43.6421 0
    endloop
  endfacet
  facet normal 0 0 -1
    outer loop
      vertex 9.34944 43.5706 0
      vertex 9.34944 175.629 0
      vertex 9.56001 175.558 0
    endloop
  endfacet
  facet normal 0 0 -1
    outer loop
      vertex 9.15 43.4722 0
      vertex 9.34944 175.629 0
      vertex 9.34944 43.5706 0
    endloop
  endfacet
  facet normal 0 0 -1
    outer loop
      vertex 9.15 43.4722 0
      vertex 9.15 175.728 0
      vertex 9.34944 175.629 0
    endloop
  endfacet
  facet normal 0 0 -1
    outer loop
      vertex 8.96511 43.3487 0
      vertex 9.15 175.728 0
      vertex 9.15 43.4722 0
    endloop
  endfacet
  facet normal 0 0 -1
    outer loop
      vertex 8.96511 43.3487 0
      vertex 8.96511 175.851 0
      vertex 9.15 175.728 0
    endloop
  endfacet
  facet normal 0 0 -1
    outer loop
      vertex 8.79792 43.2021 0
      vertex 8.96511 175.851 0
      vertex 8.96511 43.3487 0
    endloop
  endfacet
  facet normal 0 0 -1
    outer loop
      vertex 8.79792 43.2021 0
      vertex 8.79792 175.998 0
      vertex 8.96511 175.851 0
    endloop
  endfacet
  facet normal 0 0 -1
    outer loop
      vertex 8.6513 43.0349 0
      vertex 8.79792 175.998 0
      vertex 8.79792 43.2021 0
    endloop
  endfacet
  facet normal 0 0 -1
    outer loop
      vertex 8.6513 43.0349 0
      vertex 8.6513 176.165 0
      vertex 8.79792 175.998 0
    endloop
  endfacet
  facet normal 0 0 -1
    outer loop
      vertex 8.52776 42.85 0
      vertex 8.6513 176.165 0
      vertex 8.6513 43.0349 0
    endloop
  endfacet
  facet normal 0 0 -1
    outer loop
      vertex 8.52776 42.85 0
      vertex 8.52776 176.35 0
      vertex 8.6513 176.165 0
    endloop
  endfacet
  facet normal 0 0 -1
    outer loop
      vertex 8.4294 42.6506 0
      vertex 8.52776 176.35 0
      vertex 8.52776 42.85 0
    endloop
  endfacet
  facet normal 0 0 -1
    outer loop
      vertex 8.4294 42.6506 0
      vertex 8.4294 176.549 0
      vertex 8.52776 176.35 0
    endloop
  endfacet
  facet normal 0 0 -1
    outer loop
      vertex 8.35793 42.44 0
      vertex 8.4294 176.549 0
      vertex 8.4294 42.6506 0
    endloop
  endfacet
  facet normal 0 0 -1
    outer loop
      vertex 8.35793 42.44 0
      vertex 8.35793 176.76 0
      vertex 8.4294 176.549 0
    endloop
  endfacet
  facet normal 0 0 -1
    outer loop
      vertex 8.31454 42.2219 0
      vertex 8.35793 176.76 0
      vertex 8.35793 42.44 0
    endloop
  endfacet
  facet normal 0 0 -1
    outer loop
      vertex 8.31454 42.2219 0
      vertex 8.31454 176.978 0
      vertex 8.35793 176.76 0
    endloop
  endfacet
  facet normal 0 0 -1
    outer loop
      vertex 0 4 0
      vertex 8.31454 42.2219 0
      vertex 8.3 42 0
    endloop
  endfacet
  facet normal -0 0 -1
    outer loop
      vertex 8.31454 42.2219 0
      vertex 0 4 0
      vertex 8.31454 176.978 0
    endloop
  endfacet
  facet normal 0 0 -1
    outer loop
      vertex 19.5706 18.6506 0
      vertex 24.25 24.25 0
      vertex 19.6421 18.44 0
    endloop
  endfacet
  facet normal 0 0 -1
    outer loop
      vertex 24.25 194.95 0
      vertex 19.6855 200.978 0
      vertex 19.7 201.2 0
    endloop
  endfacet
  facet normal 0 0 -1
    outer loop
      vertex 19.4722 18.85 0
      vertex 24.25 24.25 0
      vertex 19.5706 18.6506 0
    endloop
  endfacet
  facet normal 0 0 -1
    outer loop
      vertex 24.25 194.95 0
      vertex 19.6421 200.76 0
      vertex 19.6855 200.978 0
    endloop
  endfacet
  facet normal 0 0 -1
    outer loop
      vertex 11.6855 42.2219 0
      vertex 24.25 24.25 0
      vertex 11.7 42 0
    endloop
  endfacet
  facet normal 0 0 -1
    outer loop
      vertex 24.25 194.95 0
      vertex 19.5706 200.549 0
      vertex 19.6421 200.76 0
    endloop
  endfacet
  facet normal 0 0 -1
    outer loop
      vertex 19.3487 19.0349 0
      vertex 24.25 24.25 0
      vertex 19.4722 18.85 0
    endloop
  endfacet
  facet normal 0 0 -1
    outer loop
      vertex 11.6421 42.44 0
      vertex 24.25 24.25 0
      vertex 11.6855 42.2219 0
    endloop
  endfacet
  facet normal 0 0 -1
    outer loop
      vertex 19.2021 19.2021 0
      vertex 24.25 24.25 0
      vertex 19.3487 19.0349 0
    endloop
  endfacet
  facet normal 0 0 -1
    outer loop
      vertex 11.7 185.2 0
      vertex 24.25 194.95 0
      vertex 11.7 177.2 0
    endloop
  endfacet
  facet normal 0 0 -1
    outer loop
      vertex 19.0349 19.3487 0
      vertex 24.25 24.25 0
      vertex 19.2021 19.2021 0
    endloop
  endfacet
  facet normal 0 0 -1
    outer loop
      vertex 24.25 194.95 0
      vertex 19.4722 200.35 0
      vertex 19.5706 200.549 0
    endloop
  endfacet
  facet normal 0 0 -1
    outer loop
      vertex 18.85 19.4722 0
      vertex 24.25 24.25 0
      vertex 19.0349 19.3487 0
    endloop
  endfacet
  facet normal 0 0 -1
    outer loop
      vertex 24.25 194.95 0
      vertex 19.3487 200.165 0
      vertex 19.4722 200.35 0
    endloop
  endfacet
  facet normal 0 0 -1
    outer loop
      vertex 18.6506 19.5706 0
      vertex 24.25 24.25 0
      vertex 18.85 19.4722 0
    endloop
  endfacet
  facet normal 0 0 -1
    outer loop
      vertex 24.25 194.95 0
      vertex 19.2021 199.998 0
      vertex 19.3487 200.165 0
    endloop
  endfacet
  facet normal 0 0 -1
    outer loop
      vertex 18.44 19.6421 0
      vertex 24.25 24.25 0
      vertex 18.6506 19.5706 0
    endloop
  endfacet
  facet normal 0 0 -1
    outer loop
      vertex 11.6855 185.422 0
      vertex 24.25 194.95 0
      vertex 11.7 185.2 0
    endloop
  endfacet
  facet normal 0 0 -1
    outer loop
      vertex 18.2219 19.6855 0
      vertex 24.25 24.25 0
      vertex 18.44 19.6421 0
    endloop
  endfacet
  facet normal 0 0 -1
    outer loop
      vertex 24.25 194.95 0
      vertex 19.0349 199.851 0
      vertex 19.2021 199.998 0
    endloop
  endfacet
  facet normal 0 0 -1
    outer loop
      vertex 18 19.7 0
      vertex 24.25 24.25 0
      vertex 18.2219 19.6855 0
    endloop
  endfacet
  facet normal 0 0 -1
    outer loop
      vertex 24.25 194.95 0
      vertex 18.85 199.728 0
      vertex 19.0349 199.851 0
    endloop
  endfacet
  facet normal 0 0 -1
    outer loop
      vertex 17.7781 19.6855 0
      vertex 24.25 24.25 0
      vertex 18 19.7 0
    endloop
  endfacet
  facet normal 0 0 -1
    outer loop
      vertex 11.6421 185.64 0
      vertex 24.25 194.95 0
      vertex 11.6855 185.422 0
    endloop
  endfacet
  facet normal 0 0 -1
    outer loop
      vertex 11.2021 32.7979 0
      vertex 24.25 24.25 0
      vertex 17.7781 19.6855 0
    endloop
  endfacet
  facet normal 0 0 -1
    outer loop
      vertex 24.25 194.95 0
      vertex 18.6506 199.629 0
      vertex 18.85 199.728 0
    endloop
  endfacet
  facet normal 0 0 -1
    outer loop
      vertex 11.2021 32.7979 0
      vertex 17.7781 19.6855 0
      vertex 17.56 19.6421 0
    endloop
  endfacet
  facet normal 0 0 -1
    outer loop
      vertex 11.5706 185.851 0
      vertex 24.25 194.95 0
      vertex 11.6421 185.64 0
    endloop
  endfacet
  facet normal 0 0 -1
    outer loop
      vertex 11.0349 32.6513 0
      vertex 17.56 19.6421 0
      vertex 17.3494 19.5706 0
    endloop
  endfacet
  facet normal 0 0 -1
    outer loop
      vertex 24.25 194.95 0
      vertex 18.44 199.558 0
      vertex 18.6506 199.629 0
    endloop
  endfacet
  facet normal 0 0 -1
    outer loop
      vertex 10.85 32.5278 0
      vertex 17.3494 19.5706 0
      vertex 17.15 19.4722 0
    endloop
  endfacet
  facet normal 0 0 -1
    outer loop
      vertex 11.4722 186.05 0
      vertex 24.25 194.95 0
      vertex 11.5706 185.851 0
    endloop
  endfacet
  facet normal 0 0 -1
    outer loop
      vertex 10.6506 32.4294 0
      vertex 17.15 19.4722 0
      vertex 16.9651 19.3487 0
    endloop
  endfacet
  facet normal 0 0 -1
    outer loop
      vertex 24.25 194.95 0
      vertex 18.2219 199.515 0
      vertex 18.44 199.558 0
    endloop
  endfacet
  facet normal 0 0 -1
    outer loop
      vertex 10.44 32.3579 0
      vertex 16.9651 19.3487 0
      vertex 16.7979 19.2021 0
    endloop
  endfacet
  facet normal 0 0 -1
    outer loop
      vertex 11.3487 186.235 0
      vertex 24.25 194.95 0
      vertex 11.4722 186.05 0
    endloop
  endfacet
  facet normal 0 0 -1
    outer loop
      vertex 10.2219 32.3145 0
      vertex 16.7979 19.2021 0
      vertex 16.6513 19.0349 0
    endloop
  endfacet
  facet normal 0 0 -1
    outer loop
      vertex 24.25 194.95 0
      vertex 18 199.5 0
      vertex 18.2219 199.515 0
    endloop
  endfacet
  facet normal 0 0 -1
    outer loop
      vertex 10 32.3 0
      vertex 16.6513 19.0349 0
      vertex 16.5278 18.85 0
    endloop
  endfacet
  facet normal 0 0 -1
    outer loop
      vertex 11.2021 186.402 0
      vertex 24.25 194.95 0
      vertex 11.3487 186.235 0
    endloop
  endfacet
  facet normal 0 0 -1
    outer loop
      vertex 9.7781 32.3145 0
      vertex 16.5278 18.85 0
      vertex 16.4294 18.6506 0
    endloop
  endfacet
  facet normal 0 0 -1
    outer loop
      vertex 24.25 194.95 0
      vertex 17.7781 199.515 0
      vertex 18 199.5 0
    endloop
  endfacet
  facet normal 0 0 -1
    outer loop
      vertex 9.56001 32.3579 0
      vertex 16.4294 18.6506 0
      vertex 16.3579 18.44 0
    endloop
  endfacet
  facet normal -0 0 -1
    outer loop
      vertex 24.25 194.95 0
      vertex 11.2021 186.402 0
      vertex 17.7781 199.515 0
    endloop
  endfacet
  facet normal 0 0 -1
    outer loop
      vertex 9.34944 32.4294 0
      vertex 16.3579 18.44 0
      vertex 16.3145 18.2219 0
    endloop
  endfacet
  facet normal -0 0 -1
    outer loop
      vertex 17.7781 199.515 0
      vertex 11.2021 186.402 0
      vertex 17.56 199.558 0
    endloop
  endfacet
  facet normal 0 0 -1
    outer loop
      vertex 0 4 0
      vertex 16.3145 18.2219 0
      vertex 16.3 18 0
    endloop
  endfacet
  facet normal 0 0 -1
    outer loop
      vertex 11.0349 186.549 0
      vertex 17.56 199.558 0
      vertex 11.2021 186.402 0
    endloop
  endfacet
  facet normal 0 0 -1
    outer loop
      vertex 194.95 194.95 0
      vertex 140.285 208.978 0
      vertex 140.3 209.2 0
    endloop
  endfacet
  facet normal 0 0 -1
    outer loop
      vertex 194.95 194.95 0
      vertex 140.242 208.76 0
      vertex 140.285 208.978 0
    endloop
  endfacet
  facet normal 0 0 -1
    outer loop
      vertex 194.95 194.95 0
      vertex 140.171 208.549 0
      vertex 140.242 208.76 0
    endloop
  endfacet
  facet normal 0 0 -1
    outer loop
      vertex 194.95 194.95 0
      vertex 140.072 208.35 0
      vertex 140.171 208.549 0
    endloop
  endfacet
  facet normal 0 0 -1
    outer loop
      vertex 194.95 194.95 0
      vertex 139.949 208.165 0
      vertex 140.072 208.35 0
    endloop
  endfacet
  facet normal 0 0 -1
    outer loop
      vertex 194.95 194.95 0
      vertex 139.802 207.998 0
      vertex 139.949 208.165 0
    endloop
  endfacet
  facet normal 0 0 -1
    outer loop
      vertex 194.95 194.95 0
      vertex 139.635 207.851 0
      vertex 139.802 207.998 0
    endloop
  endfacet
  facet normal 0 0 -1
    outer loop
      vertex 194.95 194.95 0
      vertex 139.45 207.728 0
      vertex 139.635 207.851 0
    endloop
  endfacet
  facet normal 0 0 -1
    outer loop
      vertex 194.95 194.95 0
      vertex 139.251 207.629 0
      vertex 139.45 207.728 0
    endloop
  endfacet
  facet normal 0 0 -1
    outer loop
      vertex 194.95 194.95 0
      vertex 139.04 207.558 0
      vertex 139.251 207.629 0
    endloop
  endfacet
  facet normal 0 0 -1
    outer loop
      vertex 194.95 194.95 0
      vertex 138.822 207.515 0
      vertex 139.04 207.558 0
    endloop
  endfacet
  facet normal 0 0 -1
    outer loop
      vertex 194.95 194.95 0
      vertex 138.6 207.5 0
      vertex 138.822 207.515 0
    endloop
  endfacet
  facet normal 0 0 -1
    outer loop
      vertex 194.95 194.95 0
      vertex 130.6 207.5 0
      vertex 138.6 207.5 0
    endloop
  endfacet
  facet normal 0 0 -1
    outer loop
      vertex 194.95 194.95 0
      vertex 130.378 207.515 0
      vertex 130.6 207.5 0
    endloop
  endfacet
  facet normal 0 0 -1
    outer loop
      vertex 128.915 208.978 0
      vertex 90.3 209.2 0
      vertex 128.9 209.2 0
    endloop
  endfacet
  facet normal 0 0 -1
    outer loop
      vertex 90.2855 208.978 0
      vertex 128.915 208.978 0
      vertex 128.958 208.76 0
    endloop
  endfacet
  facet normal 0 0 -1
    outer loop
      vertex 90.2421 208.76 0
      vertex 128.958 208.76 0
      vertex 129.029 208.549 0
    endloop
  endfacet
  facet normal 0 0 -1
    outer loop
      vertex 90.1706 208.549 0
      vertex 129.029 208.549 0
      vertex 129.128 208.35 0
    endloop
  endfacet
  facet normal 0 0 -1
    outer loop
      vertex 90.0722 208.35 0
      vertex 129.128 208.35 0
      vertex 129.251 208.165 0
    endloop
  endfacet
  facet normal 0 0 -1
    outer loop
      vertex 89.9487 208.165 0
      vertex 129.251 208.165 0
      vertex 129.398 207.998 0
    endloop
  endfacet
  facet normal 0 0 -1
    outer loop
      vertex 89.8021 207.998 0
      vertex 129.398 207.998 0
      vertex 129.565 207.851 0
    endloop
  endfacet
  facet normal 0 0 -1
    outer loop
      vertex 89.6349 207.851 0
      vertex 129.565 207.851 0
      vertex 129.75 207.728 0
    endloop
  endfacet
  facet normal 0 0 -1
    outer loop
      vertex 89.45 207.728 0
      vertex 129.75 207.728 0
      vertex 129.949 207.629 0
    endloop
  endfacet
  facet normal 0 0 -1
    outer loop
      vertex 89.2506 207.629 0
      vertex 129.949 207.629 0
      vertex 130.16 207.558 0
    endloop
  endfacet
  facet normal 0 0 -1
    outer loop
      vertex 89.04 207.558 0
      vertex 130.16 207.558 0
      vertex 130.378 207.515 0
    endloop
  endfacet
  facet normal 0 0 -1
    outer loop
      vertex 88.8219 207.515 0
      vertex 130.378 207.515 0
      vertex 194.95 194.95 0
    endloop
  endfacet
  facet normal 0 0 -1
    outer loop
      vertex 128.915 208.978 0
      vertex 90.2855 208.978 0
      vertex 90.3 209.2 0
    endloop
  endfacet
  facet normal 0 0 -1
    outer loop
      vertex 128.958 208.76 0
      vertex 90.2421 208.76 0
      vertex 90.2855 208.978 0
    endloop
  endfacet
  facet normal 0 0 -1
    outer loop
      vertex 129.029 208.549 0
      vertex 90.1706 208.549 0
      vertex 90.2421 208.76 0
    endloop
  endfacet
  facet normal 0 0 -1
    outer loop
      vertex 129.128 208.35 0
      vertex 90.0722 208.35 0
      vertex 90.1706 208.549 0
    endloop
  endfacet
  facet normal 0 0 -1
    outer loop
      vertex 129.251 208.165 0
      vertex 89.9487 208.165 0
      vertex 90.0722 208.35 0
    endloop
  endfacet
  facet normal 0 0 -1
    outer loop
      vertex 129.398 207.998 0
      vertex 89.8021 207.998 0
      vertex 89.9487 208.165 0
    endloop
  endfacet
  facet normal 0 0 -1
    outer loop
      vertex 129.565 207.851 0
      vertex 89.6349 207.851 0
      vertex 89.8021 207.998 0
    endloop
  endfacet
  facet normal 0 0 -1
    outer loop
      vertex 129.75 207.728 0
      vertex 89.45 207.728 0
      vertex 89.6349 207.851 0
    endloop
  endfacet
  facet normal 0 0 -1
    outer loop
      vertex 129.949 207.629 0
      vertex 89.2506 207.629 0
      vertex 89.45 207.728 0
    endloop
  endfacet
  facet normal 0 0 -1
    outer loop
      vertex 130.16 207.558 0
      vertex 89.04 207.558 0
      vertex 89.2506 207.629 0
    endloop
  endfacet
  facet normal 0 0 -1
    outer loop
      vertex 130.378 207.515 0
      vertex 88.8219 207.515 0
      vertex 89.04 207.558 0
    endloop
  endfacet
  facet normal 0 0 -1
    outer loop
      vertex 194.95 194.95 0
      vertex 88.6 207.5 0
      vertex 88.8219 207.515 0
    endloop
  endfacet
  facet normal 0 0 -1
    outer loop
      vertex 24.25 194.95 0
      vertex 88.6 207.5 0
      vertex 194.95 194.95 0
    endloop
  endfacet
  facet normal -0 0 -1
    outer loop
      vertex 88.6 207.5 0
      vertex 24.25 194.95 0
      vertex 80.6 207.5 0
    endloop
  endfacet
  facet normal -0 0 -1
    outer loop
      vertex 78.9145 208.978 0
      vertex 24.25 194.95 0
      vertex 78.9 209.2 0
    endloop
  endfacet
  facet normal -0 0 -1
    outer loop
      vertex 78.9579 208.76 0
      vertex 24.25 194.95 0
      vertex 78.9145 208.978 0
    endloop
  endfacet
  facet normal -0 0 -1
    outer loop
      vertex 79.0294 208.549 0
      vertex 24.25 194.95 0
      vertex 78.9579 208.76 0
    endloop
  endfacet
  facet normal -0 0 -1
    outer loop
      vertex 79.1278 208.35 0
      vertex 24.25 194.95 0
      vertex 79.0294 208.549 0
    endloop
  endfacet
  facet normal -0 0 -1
    outer loop
      vertex 79.2513 208.165 0
      vertex 24.25 194.95 0
      vertex 79.1278 208.35 0
    endloop
  endfacet
  facet normal -0 0 -1
    outer loop
      vertex 79.3979 207.998 0
      vertex 24.25 194.95 0
      vertex 79.2513 208.165 0
    endloop
  endfacet
  facet normal -0 0 -1
    outer loop
      vertex 79.5651 207.851 0
      vertex 24.25 194.95 0
      vertex 79.3979 207.998 0
    endloop
  endfacet
  facet normal -0 0 -1
    outer loop
      vertex 79.75 207.728 0
      vertex 24.25 194.95 0
      vertex 79.5651 207.851 0
    endloop
  endfacet
  facet normal -0 0 -1
    outer loop
      vertex 79.9494 207.629 0
      vertex 24.25 194.95 0
      vertex 79.75 207.728 0
    endloop
  endfacet
  facet normal -0 0 -1
    outer loop
      vertex 80.16 207.558 0
      vertex 24.25 194.95 0
      vertex 79.9494 207.629 0
    endloop
  endfacet
  facet normal -0 0 -1
    outer loop
      vertex 80.3781 207.515 0
      vertex 24.25 194.95 0
      vertex 80.16 207.558 0
    endloop
  endfacet
  facet normal -0 0 -1
    outer loop
      vertex 80.6 207.5 0
      vertex 24.25 194.95 0
      vertex 80.3781 207.515 0
    endloop
  endfacet
  facet normal -0 0 -1
    outer loop
      vertex 206.35 40.5278 0
      vertex 194.95 24.25 0
      vertex 206.165 40.6513 0
    endloop
  endfacet
  facet normal 0 0 -1
    outer loop
      vertex 205.515 176.978 0
      vertex 202.885 200.978 0
      vertex 202.9 201.2 0
    endloop
  endfacet
  facet normal -0 0 -1
    outer loop
      vertex 206.165 40.6513 0
      vertex 194.95 24.25 0
      vertex 205.998 40.7979 0
    endloop
  endfacet
  facet normal 0 0 -1
    outer loop
      vertex 205.515 176.978 0
      vertex 202.842 200.76 0
      vertex 202.885 200.978 0
    endloop
  endfacet
  facet normal -0 0 -1
    outer loop
      vertex 205.998 40.7979 0
      vertex 194.95 24.25 0
      vertex 205.851 40.9651 0
    endloop
  endfacet
  facet normal 0 0 -1
    outer loop
      vertex 205.515 176.978 0
      vertex 202.771 200.549 0
      vertex 202.842 200.76 0
    endloop
  endfacet
  facet normal -0 0 -1
    outer loop
      vertex 205.851 40.9651 0
      vertex 194.95 24.25 0
      vertex 205.728 41.15 0
    endloop
  endfacet
  facet normal 0 0 -1
    outer loop
      vertex 205.515 176.978 0
      vertex 202.672 200.35 0
      vertex 202.771 200.549 0
    endloop
  endfacet
  facet normal -0 0 -1
    outer loop
      vertex 205.728 41.15 0
      vertex 194.95 24.25 0
      vertex 205.629 41.3494 0
    endloop
  endfacet
  facet normal 0 0 -1
    outer loop
      vertex 205.515 176.978 0
      vertex 202.549 200.165 0
      vertex 202.672 200.35 0
    endloop
  endfacet
  facet normal -0 0 -1
    outer loop
      vertex 205.629 41.3494 0
      vertex 194.95 24.25 0
      vertex 205.558 41.56 0
    endloop
  endfacet
  facet normal 0 0 -1
    outer loop
      vertex 205.515 176.978 0
      vertex 202.402 199.998 0
      vertex 202.549 200.165 0
    endloop
  endfacet
  facet normal -0 0 -1
    outer loop
      vertex 205.558 41.56 0
      vertex 194.95 24.25 0
      vertex 205.515 41.7781 0
    endloop
  endfacet
  facet normal 0 0 -1
    outer loop
      vertex 205.515 176.978 0
      vertex 202.235 199.851 0
      vertex 202.402 199.998 0
    endloop
  endfacet
  facet normal -0 0 -1
    outer loop
      vertex 205.515 42.2219 0
      vertex 194.95 24.25 0
      vertex 205.515 176.978 0
    endloop
  endfacet
  facet normal 0 0 -1
    outer loop
      vertex 205.515 176.978 0
      vertex 202.05 199.728 0
      vertex 202.235 199.851 0
    endloop
  endfacet
  facet normal -0 0 -1
    outer loop
      vertex 205.515 41.7781 0
      vertex 194.95 24.25 0
      vertex 205.5 42 0
    endloop
  endfacet
  facet normal 0 0 -1
    outer loop
      vertex 194.95 194.95 0
      vertex 205.515 176.978 0
      vertex 194.95 24.25 0
    endloop
  endfacet
  facet normal -0 0 -1
    outer loop
      vertex 205.5 42 0
      vertex 194.95 24.25 0
      vertex 205.515 42.2219 0
    endloop
  endfacet
  facet normal 0 -0 -1
    outer loop
      vertex 201.64 199.558 0
      vertex 205.515 176.978 0
      vertex 194.95 194.95 0
    endloop
  endfacet
  facet normal 0 0 -1
    outer loop
      vertex 194.95 24.25 0
      vertex 201.64 19.6421 0
      vertex 201.422 19.6855 0
    endloop
  endfacet
  facet normal 0 0 -1
    outer loop
      vertex 205.515 176.978 0
      vertex 201.851 199.629 0
      vertex 202.05 199.728 0
    endloop
  endfacet
  facet normal 0 0 -1
    outer loop
      vertex 194.95 24.25 0
      vertex 201.422 19.6855 0
      vertex 201.2 19.7 0
    endloop
  endfacet
  facet normal 0 0 -1
    outer loop
      vertex 205.515 176.978 0
      vertex 201.64 199.558 0
      vertex 201.851 199.629 0
    endloop
  endfacet
  facet normal 0 0 -1
    outer loop
      vertex 194.95 24.25 0
      vertex 201.2 19.7 0
      vertex 200.978 19.6855 0
    endloop
  endfacet
  facet normal 0 0 -1
    outer loop
      vertex 201.64 199.558 0
      vertex 194.95 194.95 0
      vertex 201.422 199.515 0
    endloop
  endfacet
  facet normal 0 0 -1
    outer loop
      vertex 194.95 24.25 0
      vertex 200.978 19.6855 0
      vertex 200.76 19.6421 0
    endloop
  endfacet
  facet normal 0 0 -1
    outer loop
      vertex 201.422 199.515 0
      vertex 194.95 194.95 0
      vertex 201.2 199.5 0
    endloop
  endfacet
  facet normal 0 0 -1
    outer loop
      vertex 194.95 24.25 0
      vertex 200.76 19.6421 0
      vertex 200.549 19.5706 0
    endloop
  endfacet
  facet normal -0 0 -1
    outer loop
      vertex 201.2 199.5 0
      vertex 194.95 194.95 0
      vertex 200.978 199.515 0
    endloop
  endfacet
  facet normal 0 0 -1
    outer loop
      vertex 194.95 24.25 0
      vertex 200.549 19.5706 0
      vertex 200.35 19.4722 0
    endloop
  endfacet
  facet normal -0 0 -1
    outer loop
      vertex 200.978 199.515 0
      vertex 194.95 194.95 0
      vertex 200.76 199.558 0
    endloop
  endfacet
  facet normal 0 0 -1
    outer loop
      vertex 194.95 24.25 0
      vertex 200.35 19.4722 0
      vertex 200.165 19.3487 0
    endloop
  endfacet
  facet normal -0 0 -1
    outer loop
      vertex 200.76 199.558 0
      vertex 194.95 194.95 0
      vertex 200.549 199.629 0
    endloop
  endfacet
  facet normal 0 0 -1
    outer loop
      vertex 194.95 24.25 0
      vertex 200.165 19.3487 0
      vertex 199.998 19.2021 0
    endloop
  endfacet
  facet normal -0 0 -1
    outer loop
      vertex 200.549 199.629 0
      vertex 194.95 194.95 0
      vertex 200.35 199.728 0
    endloop
  endfacet
  facet normal 0 0 -1
    outer loop
      vertex 194.95 24.25 0
      vertex 199.998 19.2021 0
      vertex 199.851 19.0349 0
    endloop
  endfacet
  facet normal -0 0 -1
    outer loop
      vertex 200.35 199.728 0
      vertex 194.95 194.95 0
      vertex 200.165 199.851 0
    endloop
  endfacet
  facet normal 0 0 -1
    outer loop
      vertex 194.95 24.25 0
      vertex 199.851 19.0349 0
      vertex 199.728 18.85 0
    endloop
  endfacet
  facet normal -0 0 -1
    outer loop
      vertex 200.165 199.851 0
      vertex 194.95 194.95 0
      vertex 199.998 199.998 0
    endloop
  endfacet
  facet normal 0 0 -1
    outer loop
      vertex 194.95 24.25 0
      vertex 199.728 18.85 0
      vertex 199.629 18.6506 0
    endloop
  endfacet
  facet normal -0 0 -1
    outer loop
      vertex 199.998 199.998 0
      vertex 194.95 194.95 0
      vertex 199.851 200.165 0
    endloop
  endfacet
  facet normal 0 0 -1
    outer loop
      vertex 194.95 24.25 0
      vertex 199.629 18.6506 0
      vertex 199.558 18.44 0
    endloop
  endfacet
  facet normal -0 0 -1
    outer loop
      vertex 199.851 200.165 0
      vertex 194.95 194.95 0
      vertex 199.728 200.35 0
    endloop
  endfacet
  facet normal 0 0 -1
    outer loop
      vertex 194.95 24.25 0
      vertex 199.558 18.44 0
      vertex 199.515 18.2219 0
    endloop
  endfacet
  facet normal -0 0 -1
    outer loop
      vertex 199.728 200.35 0
      vertex 194.95 194.95 0
      vertex 199.629 200.549 0
    endloop
  endfacet
  facet normal 0 0 -1
    outer loop
      vertex 194.95 24.25 0
      vertex 199.515 18.2219 0
      vertex 199.5 18 0
    endloop
  endfacet
  facet normal -0 0 -1
    outer loop
      vertex 199.629 200.549 0
      vertex 194.95 194.95 0
      vertex 199.558 200.76 0
    endloop
  endfacet
  facet normal 0 0 -1
    outer loop
      vertex 208.885 176.978 0
      vertex 219.2 215.2 0
      vertex 208.885 42.2219 0
    endloop
  endfacet
  facet normal 0 0 -1
    outer loop
      vertex 219.2 215.2 0
      vertex 208.885 176.978 0
      vertex 208.9 177.2 0
    endloop
  endfacet
  facet normal 0 0 -1
    outer loop
      vertex 208.842 42.44 0
      vertex 208.885 176.978 0
      vertex 208.885 42.2219 0
    endloop
  endfacet
  facet normal 0 0 -1
    outer loop
      vertex 208.842 42.44 0
      vertex 208.842 176.76 0
      vertex 208.885 176.978 0
    endloop
  endfacet
  facet normal 0 0 -1
    outer loop
      vertex 208.771 42.6506 0
      vertex 208.842 176.76 0
      vertex 208.842 42.44 0
    endloop
  endfacet
  facet normal 0 0 -1
    outer loop
      vertex 208.771 42.6506 0
      vertex 208.771 176.549 0
      vertex 208.842 176.76 0
    endloop
  endfacet
  facet normal 0 0 -1
    outer loop
      vertex 208.672 42.85 0
      vertex 208.771 176.549 0
      vertex 208.771 42.6506 0
    endloop
  endfacet
  facet normal 0 0 -1
    outer loop
      vertex 208.672 42.85 0
      vertex 208.672 176.35 0
      vertex 208.771 176.549 0
    endloop
  endfacet
  facet normal 0 0 -1
    outer loop
      vertex 208.549 43.0349 0
      vertex 208.672 176.35 0
      vertex 208.672 42.85 0
    endloop
  endfacet
  facet normal 0 0 -1
    outer loop
      vertex 208.549 43.0349 0
      vertex 208.549 176.165 0
      vertex 208.672 176.35 0
    endloop
  endfacet
  facet normal 0 0 -1
    outer loop
      vertex 208.402 43.2021 0
      vertex 208.549 176.165 0
      vertex 208.549 43.0349 0
    endloop
  endfacet
  facet normal 0 0 -1
    outer loop
      vertex 208.402 43.2021 0
      vertex 208.402 175.998 0
      vertex 208.549 176.165 0
    endloop
  endfacet
  facet normal 0 0 -1
    outer loop
      vertex 208.235 43.3487 0
      vertex 208.402 175.998 0
      vertex 208.402 43.2021 0
    endloop
  endfacet
  facet normal 0 0 -1
    outer loop
      vertex 208.235 43.3487 0
      vertex 208.235 175.851 0
      vertex 208.402 175.998 0
    endloop
  endfacet
  facet normal 0 0 -1
    outer loop
      vertex 208.05 43.4722 0
      vertex 208.235 175.851 0
      vertex 208.235 43.3487 0
    endloop
  endfacet
  facet normal 0 0 -1
    outer loop
      vertex 208.05 43.4722 0
      vertex 208.05 175.728 0
      vertex 208.235 175.851 0
    endloop
  endfacet
  facet normal 0 0 -1
    outer loop
      vertex 207.851 43.5706 0
      vertex 208.05 175.728 0
      vertex 208.05 43.4722 0
    endloop
  endfacet
  facet normal 0 0 -1
    outer loop
      vertex 207.851 43.5706 0
      vertex 207.851 175.629 0
      vertex 208.05 175.728 0
    endloop
  endfacet
  facet normal 0 0 -1
    outer loop
      vertex 207.64 43.6421 0
      vertex 207.851 175.629 0
      vertex 207.851 43.5706 0
    endloop
  endfacet
  facet normal 0 0 -1
    outer loop
      vertex 207.64 43.6421 0
      vertex 207.64 175.558 0
      vertex 207.851 175.629 0
    endloop
  endfacet
  facet normal 0 0 -1
    outer loop
      vertex 207.422 43.6855 0
      vertex 207.64 175.558 0
      vertex 207.64 43.6421 0
    endloop
  endfacet
  facet normal 0 0 -1
    outer loop
      vertex 207.422 43.6855 0
      vertex 207.422 175.515 0
      vertex 207.64 175.558 0
    endloop
  endfacet
  facet normal 0 0 -1
    outer loop
      vertex 207.2 43.7 0
      vertex 207.422 175.515 0
      vertex 207.422 43.6855 0
    endloop
  endfacet
  facet normal 0 0 -1
    outer loop
      vertex 207.2 43.7 0
      vertex 207.2 175.5 0
      vertex 207.422 175.515 0
    endloop
  endfacet
  facet normal 0 0 -1
    outer loop
      vertex 206.978 43.6855 0
      vertex 207.2 175.5 0
      vertex 207.2 43.7 0
    endloop
  endfacet
  facet normal 0 0 -1
    outer loop
      vertex 206.978 43.6855 0
      vertex 206.978 175.515 0
      vertex 207.2 175.5 0
    endloop
  endfacet
  facet normal 0 0 -1
    outer loop
      vertex 206.76 43.6421 0
      vertex 206.978 175.515 0
      vertex 206.978 43.6855 0
    endloop
  endfacet
  facet normal 0 0 -1
    outer loop
      vertex 206.76 43.6421 0
      vertex 206.76 175.558 0
      vertex 206.978 175.515 0
    endloop
  endfacet
  facet normal 0 0 -1
    outer loop
      vertex 206.549 43.5706 0
      vertex 206.76 175.558 0
      vertex 206.76 43.6421 0
    endloop
  endfacet
  facet normal 0 0 -1
    outer loop
      vertex 206.549 43.5706 0
      vertex 206.549 175.629 0
      vertex 206.76 175.558 0
    endloop
  endfacet
  facet normal 0 0 -1
    outer loop
      vertex 206.35 43.4722 0
      vertex 206.549 175.629 0
      vertex 206.549 43.5706 0
    endloop
  endfacet
  facet normal 0 0 -1
    outer loop
      vertex 206.35 43.4722 0
      vertex 206.35 175.728 0
      vertex 206.549 175.629 0
    endloop
  endfacet
  facet normal 0 0 -1
    outer loop
      vertex 206.165 43.3487 0
      vertex 206.35 175.728 0
      vertex 206.35 43.4722 0
    endloop
  endfacet
  facet normal 0 0 -1
    outer loop
      vertex 206.165 43.3487 0
      vertex 206.165 175.851 0
      vertex 206.35 175.728 0
    endloop
  endfacet
  facet normal 0 0 -1
    outer loop
      vertex 205.998 43.2021 0
      vertex 206.165 175.851 0
      vertex 206.165 43.3487 0
    endloop
  endfacet
  facet normal 0 0 -1
    outer loop
      vertex 205.998 43.2021 0
      vertex 205.998 175.998 0
      vertex 206.165 175.851 0
    endloop
  endfacet
  facet normal 0 0 -1
    outer loop
      vertex 205.851 43.0349 0
      vertex 205.998 175.998 0
      vertex 205.998 43.2021 0
    endloop
  endfacet
  facet normal 0 0 -1
    outer loop
      vertex 205.851 43.0349 0
      vertex 205.851 176.165 0
      vertex 205.998 175.998 0
    endloop
  endfacet
  facet normal 0 0 -1
    outer loop
      vertex 205.728 42.85 0
      vertex 205.851 176.165 0
      vertex 205.851 43.0349 0
    endloop
  endfacet
  facet normal 0 0 -1
    outer loop
      vertex 205.728 42.85 0
      vertex 205.728 176.35 0
      vertex 205.851 176.165 0
    endloop
  endfacet
  facet normal 0 0 -1
    outer loop
      vertex 205.629 42.6506 0
      vertex 205.728 176.35 0
      vertex 205.728 42.85 0
    endloop
  endfacet
  facet normal 0 0 -1
    outer loop
      vertex 205.629 42.6506 0
      vertex 205.629 176.549 0
      vertex 205.728 176.35 0
    endloop
  endfacet
  facet normal 0 0 -1
    outer loop
      vertex 205.558 42.44 0
      vertex 205.629 176.549 0
      vertex 205.629 42.6506 0
    endloop
  endfacet
  facet normal 0 0 -1
    outer loop
      vertex 205.558 42.44 0
      vertex 205.558 176.76 0
      vertex 205.629 176.549 0
    endloop
  endfacet
  facet normal 0 0 -1
    outer loop
      vertex 205.515 42.2219 0
      vertex 205.558 176.76 0
      vertex 205.558 42.44 0
    endloop
  endfacet
  facet normal 0 0 -1
    outer loop
      vertex 205.515 42.2219 0
      vertex 205.515 176.978 0
      vertex 205.558 176.76 0
    endloop
  endfacet
  facet normal 0 0 -1
    outer loop
      vertex 194.95 24.25 0
      vertex 206.76 40.3579 0
      vertex 201.64 19.6421 0
    endloop
  endfacet
  facet normal -0 0 -1
    outer loop
      vertex 206.76 40.3579 0
      vertex 194.95 24.25 0
      vertex 206.549 40.4294 0
    endloop
  endfacet
  facet normal 0 0 -1
    outer loop
      vertex 215.2 0 0
      vertex 219.2 4 0
      vertex 219.166 3.47789 0
    endloop
  endfacet
  facet normal 0 0 -1
    outer loop
      vertex 208.885 42.2219 0
      vertex 219.2 4 0
      vertex 208.9 42 0
    endloop
  endfacet
  facet normal 0 0 -1
    outer loop
      vertex 215.2 0 0
      vertex 219.166 3.47789 0
      vertex 219.064 2.96472 0
    endloop
  endfacet
  facet normal 0 0 -1
    outer loop
      vertex 219.2 4 0
      vertex 208.885 42.2219 0
      vertex 219.2 215.2 0
    endloop
  endfacet
  facet normal 0 0 -1
    outer loop
      vertex 215.2 0 0
      vertex 219.064 2.96472 0
      vertex 218.896 2.46927 0
    endloop
  endfacet
  facet normal 0 0 -1
    outer loop
      vertex 208.885 177.422 0
      vertex 219.2 215.2 0
      vertex 208.9 177.2 0
    endloop
  endfacet
  facet normal 0 0 -1
    outer loop
      vertex 215.2 0 0
      vertex 218.896 2.46927 0
      vertex 218.664 2 0
    endloop
  endfacet
  facet normal 0 0 -1
    outer loop
      vertex 208.842 177.64 0
      vertex 219.2 215.2 0
      vertex 208.885 177.422 0
    endloop
  endfacet
  facet normal 0 0 -1
    outer loop
      vertex 215.2 0 0
      vertex 218.664 2 0
      vertex 218.373 1.56495 0
    endloop
  endfacet
  facet normal 0 0 -1
    outer loop
      vertex 208.771 177.851 0
      vertex 219.2 215.2 0
      vertex 208.842 177.64 0
    endloop
  endfacet
  facet normal 0 0 -1
    outer loop
      vertex 215.2 0 0
      vertex 218.373 1.56495 0
      vertex 218.028 1.17157 0
    endloop
  endfacet
  facet normal 0 0 -1
    outer loop
      vertex 208.672 178.05 0
      vertex 219.2 215.2 0
      vertex 208.771 177.851 0
    endloop
  endfacet
  facet normal 0 0 -1
    outer loop
      vertex 215.2 0 0
      vertex 218.028 1.17157 0
      vertex 217.635 0.826586 0
    endloop
  endfacet
  facet normal 0 0 -1
    outer loop
      vertex 208.549 178.235 0
      vertex 219.2 215.2 0
      vertex 208.672 178.05 0
    endloop
  endfacet
  facet normal 0 0 -1
    outer loop
      vertex 215.2 0 0
      vertex 217.635 0.826586 0
      vertex 217.2 0.535898 0
    endloop
  endfacet
  facet normal 0 0 -1
    outer loop
      vertex 208.402 178.402 0
      vertex 219.2 215.2 0
      vertex 208.549 178.235 0
    endloop
  endfacet
  facet normal 0 0 -1
    outer loop
      vertex 215.2 0 0
      vertex 217.2 0.535898 0
      vertex 216.731 0.304482 0
    endloop
  endfacet
  facet normal 0 0 -1
    outer loop
      vertex 202.9 201.2 0
      vertex 219.2 215.2 0
      vertex 208.402 178.402 0
    endloop
  endfacet
  facet normal 0 0 -1
    outer loop
      vertex 215.2 0 0
      vertex 216.731 0.304482 0
      vertex 216.235 0.136296 0
    endloop
  endfacet
  facet normal 0 0 -1
    outer loop
      vertex 202.885 201.422 0
      vertex 219.2 215.2 0
      vertex 202.9 201.2 0
    endloop
  endfacet
  facet normal 0 0 -1
    outer loop
      vertex 215.2 0 0
      vertex 216.235 0.136296 0
      vertex 215.722 0.0342197 0
    endloop
  endfacet
  facet normal 0 0 -1
    outer loop
      vertex 202.842 201.64 0
      vertex 219.2 215.2 0
      vertex 202.885 201.422 0
    endloop
  endfacet
  facet normal -0 0 -1
    outer loop
      vertex 219.2 4 0
      vertex 215.2 0 0
      vertex 202.402 16.7979 0
    endloop
  endfacet
  facet normal 0 0 -1
    outer loop
      vertex 202.771 201.851 0
      vertex 219.2 215.2 0
      vertex 202.842 201.64 0
    endloop
  endfacet
  facet normal 0 0 -1
    outer loop
      vertex 202.672 202.05 0
      vertex 219.2 215.2 0
      vertex 202.771 201.851 0
    endloop
  endfacet
  facet normal 0 0 -1
    outer loop
      vertex 219.2 4 0
      vertex 208.885 41.7781 0
      vertex 208.9 42 0
    endloop
  endfacet
  facet normal 0 0 -1
    outer loop
      vertex 219.2 4 0
      vertex 208.842 41.56 0
      vertex 208.885 41.7781 0
    endloop
  endfacet
  facet normal 0 0 -1
    outer loop
      vertex 219.2 4 0
      vertex 208.771 41.3494 0
      vertex 208.842 41.56 0
    endloop
  endfacet
  facet normal 0 0 -1
    outer loop
      vertex 219.2 4 0
      vertex 208.672 41.15 0
      vertex 208.771 41.3494 0
    endloop
  endfacet
  facet normal 0 0 -1
    outer loop
      vertex 219.2 4 0
      vertex 208.549 40.9651 0
      vertex 208.672 41.15 0
    endloop
  endfacet
  facet normal 0 0 -1
    outer loop
      vertex 202.885 18.2219 0
      vertex 219.2 4 0
      vertex 202.9 18 0
    endloop
  endfacet
  facet normal 0 0 -1
    outer loop
      vertex 219.2 4 0
      vertex 208.402 40.7979 0
      vertex 208.549 40.9651 0
    endloop
  endfacet
  facet normal 0 0 -1
    outer loop
      vertex 202.842 18.44 0
      vertex 219.2 4 0
      vertex 202.885 18.2219 0
    endloop
  endfacet
  facet normal 0 0 -1
    outer loop
      vertex 219.2 4 0
      vertex 202.842 18.44 0
      vertex 208.402 40.7979 0
    endloop
  endfacet
  facet normal 0 0 -1
    outer loop
      vertex 202.771 18.6506 0
      vertex 208.402 40.7979 0
      vertex 202.842 18.44 0
    endloop
  endfacet
  facet normal 0 0 -1
    outer loop
      vertex 208.402 40.7979 0
      vertex 202.771 18.6506 0
      vertex 208.235 40.6513 0
    endloop
  endfacet
  facet normal 0 0 -1
    outer loop
      vertex 202.672 18.85 0
      vertex 208.235 40.6513 0
      vertex 202.771 18.6506 0
    endloop
  endfacet
  facet normal 0 0 -1
    outer loop
      vertex 208.235 40.6513 0
      vertex 202.672 18.85 0
      vertex 208.05 40.5278 0
    endloop
  endfacet
  facet normal 0 0 -1
    outer loop
      vertex 202.549 19.0349 0
      vertex 208.05 40.5278 0
      vertex 202.672 18.85 0
    endloop
  endfacet
  facet normal 0 0 -1
    outer loop
      vertex 208.05 40.5278 0
      vertex 202.549 19.0349 0
      vertex 207.851 40.4294 0
    endloop
  endfacet
  facet normal 0 0 -1
    outer loop
      vertex 202.402 19.2021 0
      vertex 207.851 40.4294 0
      vertex 202.549 19.0349 0
    endloop
  endfacet
  facet normal 0 0 -1
    outer loop
      vertex 207.851 40.4294 0
      vertex 202.402 19.2021 0
      vertex 207.64 40.3579 0
    endloop
  endfacet
  facet normal 0 0 -1
    outer loop
      vertex 202.235 19.3487 0
      vertex 207.64 40.3579 0
      vertex 202.402 19.2021 0
    endloop
  endfacet
  facet normal 0 0 -1
    outer loop
      vertex 207.64 40.3579 0
      vertex 202.235 19.3487 0
      vertex 207.422 40.3145 0
    endloop
  endfacet
  facet normal 0 0 -1
    outer loop
      vertex 202.05 19.4722 0
      vertex 207.422 40.3145 0
      vertex 202.235 19.3487 0
    endloop
  endfacet
  facet normal 0 0 -1
    outer loop
      vertex 207.422 40.3145 0
      vertex 202.05 19.4722 0
      vertex 207.2 40.3 0
    endloop
  endfacet
  facet normal 0 0 -1
    outer loop
      vertex 201.851 19.5706 0
      vertex 207.2 40.3 0
      vertex 202.05 19.4722 0
    endloop
  endfacet
  facet normal -0 0 -1
    outer loop
      vertex 206.549 40.4294 0
      vertex 194.95 24.25 0
      vertex 206.35 40.5278 0
    endloop
  endfacet
  facet normal -0 0 -1
    outer loop
      vertex 206.978 40.3145 0
      vertex 201.64 19.6421 0
      vertex 206.76 40.3579 0
    endloop
  endfacet
  facet normal 0 0 -1
    outer loop
      vertex 201.64 19.6421 0
      vertex 206.978 40.3145 0
      vertex 201.851 19.5706 0
    endloop
  endfacet
  facet normal -0 0 -1
    outer loop
      vertex 207.2 40.3 0
      vertex 201.851 19.5706 0
      vertex 206.978 40.3145 0
    endloop
  endfacet
  facet normal 0 0 -1
    outer loop
      vertex 219.2 4 0
      vertex 202.885 17.7781 0
      vertex 202.9 18 0
    endloop
  endfacet
  facet normal 0 0 -1
    outer loop
      vertex 219.2 4 0
      vertex 202.842 17.56 0
      vertex 202.885 17.7781 0
    endloop
  endfacet
  facet normal 0 0 -1
    outer loop
      vertex 219.2 4 0
      vertex 202.771 17.3494 0
      vertex 202.842 17.56 0
    endloop
  endfacet
  facet normal 0 0 -1
    outer loop
      vertex 219.2 4 0
      vertex 202.672 17.15 0
      vertex 202.771 17.3494 0
    endloop
  endfacet
  facet normal 0 0 -1
    outer loop
      vertex 219.2 4 0
      vertex 202.549 16.9651 0
      vertex 202.672 17.15 0
    endloop
  endfacet
  facet normal 0 0 -1
    outer loop
      vertex 219.2 4 0
      vertex 202.402 16.7979 0
      vertex 202.549 16.9651 0
    endloop
  endfacet
  facet normal 0 0 -1
    outer loop
      vertex 215.2 0 0
      vertex 202.235 16.6513 0
      vertex 202.402 16.7979 0
    endloop
  endfacet
  facet normal 0 0 -1
    outer loop
      vertex 215.2 0 0
      vertex 202.05 16.5278 0
      vertex 202.235 16.6513 0
    endloop
  endfacet
  facet normal 0 0 -1
    outer loop
      vertex 215.2 0 0
      vertex 201.851 16.4294 0
      vertex 202.05 16.5278 0
    endloop
  endfacet
  facet normal 0 0 -1
    outer loop
      vertex 215.2 0 0
      vertex 201.64 16.3579 0
      vertex 201.851 16.4294 0
    endloop
  endfacet
  facet normal 0 0 -1
    outer loop
      vertex 215.2 0 0
      vertex 201.422 16.3145 0
      vertex 201.64 16.3579 0
    endloop
  endfacet
  facet normal 0 0 -1
    outer loop
      vertex 215.2 0 0
      vertex 201.2 16.3 0
      vertex 201.422 16.3145 0
    endloop
  endfacet
  facet normal 0 0 -1
    outer loop
      vertex 215.2 0 0
      vertex 200.978 16.3145 0
      vertex 201.2 16.3 0
    endloop
  endfacet
  facet normal 0 0 -1
    outer loop
      vertex 215.2 0 0
      vertex 200.76 16.3579 0
      vertex 200.978 16.3145 0
    endloop
  endfacet
  facet normal 0 0 -1
    outer loop
      vertex 215.2 0 0
      vertex 200.549 16.4294 0
      vertex 200.76 16.3579 0
    endloop
  endfacet
  facet normal 0 0 -1
    outer loop
      vertex 215.2 0 0
      vertex 200.35 16.5278 0
      vertex 200.549 16.4294 0
    endloop
  endfacet
  facet normal 0 0 -1
    outer loop
      vertex 215.2 0 0
      vertex 200.165 16.6513 0
      vertex 200.35 16.5278 0
    endloop
  endfacet
  facet normal 0 0 -1
    outer loop
      vertex 215.2 0 0
      vertex 199.998 16.7979 0
      vertex 200.165 16.6513 0
    endloop
  endfacet
  facet normal -0 0 -1
    outer loop
      vertex 199.558 200.76 0
      vertex 194.95 194.95 0
      vertex 199.515 200.978 0
    endloop
  endfacet
  facet normal 0 0 -1
    outer loop
      vertex 199.515 17.7781 0
      vertex 194.95 24.25 0
      vertex 199.5 18 0
    endloop
  endfacet
  facet normal 0 0 -1
    outer loop
      vertex 199.558 17.56 0
      vertex 194.95 24.25 0
      vertex 199.515 17.7781 0
    endloop
  endfacet
  facet normal 0 0 -1
    outer loop
      vertex 199.629 17.3494 0
      vertex 194.95 24.25 0
      vertex 199.558 17.56 0
    endloop
  endfacet
  facet normal 0 0 -1
    outer loop
      vertex 199.728 17.15 0
      vertex 194.95 24.25 0
      vertex 199.629 17.3494 0
    endloop
  endfacet
  facet normal 0 0 -1
    outer loop
      vertex 19.4722 17.15 0
      vertex 199.728 17.15 0
      vertex 199.851 16.9651 0
    endloop
  endfacet
  facet normal 0 0 -1
    outer loop
      vertex 199.728 17.15 0
      vertex 24.25 24.25 0
      vertex 194.95 24.25 0
    endloop
  endfacet
  facet normal 0 0 -1
    outer loop
      vertex 19.3487 16.9651 0
      vertex 199.851 16.9651 0
      vertex 199.998 16.7979 0
    endloop
  endfacet
  facet normal 0 0 -1
    outer loop
      vertex 19.2021 16.7979 0
      vertex 199.998 16.7979 0
      vertex 215.2 0 0
    endloop
  endfacet
  facet normal 0 0 -1
    outer loop
      vertex 19.6855 18.2219 0
      vertex 24.25 24.25 0
      vertex 19.7 18 0
    endloop
  endfacet
  facet normal 0 0 -1
    outer loop
      vertex 199.728 17.15 0
      vertex 19.4722 17.15 0
      vertex 24.25 24.25 0
    endloop
  endfacet
  facet normal 0 0 -1
    outer loop
      vertex 24.25 24.25 0
      vertex 19.6855 17.7781 0
      vertex 19.7 18 0
    endloop
  endfacet
  facet normal 0 0 -1
    outer loop
      vertex 24.25 24.25 0
      vertex 19.6421 17.56 0
      vertex 19.6855 17.7781 0
    endloop
  endfacet
  facet normal 0 0 -1
    outer loop
      vertex 24.25 24.25 0
      vertex 19.5706 17.3494 0
      vertex 19.6421 17.56 0
    endloop
  endfacet
  facet normal 0 0 -1
    outer loop
      vertex 24.25 24.25 0
      vertex 19.4722 17.15 0
      vertex 19.5706 17.3494 0
    endloop
  endfacet
  facet normal 0 0 -1
    outer loop
      vertex 199.851 16.9651 0
      vertex 19.3487 16.9651 0
      vertex 19.4722 17.15 0
    endloop
  endfacet
  facet normal 0 0 -1
    outer loop
      vertex 199.998 16.7979 0
      vertex 19.2021 16.7979 0
      vertex 19.3487 16.9651 0
    endloop
  endfacet
  facet normal 0 0 -1
    outer loop
      vertex 4 0 0
      vertex 19.2021 16.7979 0
      vertex 215.2 0 0
    endloop
  endfacet
  facet normal 0 0 -1
    outer loop
      vertex 19.2021 16.7979 0
      vertex 4 0 0
      vertex 19.0349 16.6513 0
    endloop
  endfacet
  facet normal 0 0 -1
    outer loop
      vertex 19.0349 16.6513 0
      vertex 4 0 0
      vertex 18.85 16.5278 0
    endloop
  endfacet
  facet normal 0 0 -1
    outer loop
      vertex 18.85 16.5278 0
      vertex 4 0 0
      vertex 18.6506 16.4294 0
    endloop
  endfacet
  facet normal 0 0 -1
    outer loop
      vertex 18.6506 16.4294 0
      vertex 4 0 0
      vertex 18.44 16.3579 0
    endloop
  endfacet
  facet normal 0 0 -1
    outer loop
      vertex 18.44 16.3579 0
      vertex 4 0 0
      vertex 18.2219 16.3145 0
    endloop
  endfacet
  facet normal 0 0 -1
    outer loop
      vertex 18.2219 16.3145 0
      vertex 4 0 0
      vertex 18 16.3 0
    endloop
  endfacet
  facet normal 0 0 -1
    outer loop
      vertex 24.25 24.25 0
      vertex 11.7 34 0
      vertex 11.7 42 0
    endloop
  endfacet
  facet normal 0 0 -1
    outer loop
      vertex 0 4 0
      vertex 16.3 18 0
      vertex 16.3145 17.7781 0
    endloop
  endfacet
  facet normal 0 0 -1
    outer loop
      vertex 0 4 0
      vertex 16.3145 17.7781 0
      vertex 16.3579 17.56 0
    endloop
  endfacet
  facet normal 0 0 -1
    outer loop
      vertex 24.25 24.25 0
      vertex 11.6855 33.7781 0
      vertex 11.7 34 0
    endloop
  endfacet
  facet normal 0 0 -1
    outer loop
      vertex 24.25 24.25 0
      vertex 11.6421 33.56 0
      vertex 11.6855 33.7781 0
    endloop
  endfacet
  facet normal 0 0 -1
    outer loop
      vertex 24.25 24.25 0
      vertex 11.5706 33.3494 0
      vertex 11.6421 33.56 0
    endloop
  endfacet
  facet normal 0 0 -1
    outer loop
      vertex 24.25 24.25 0
      vertex 11.4722 33.15 0
      vertex 11.5706 33.3494 0
    endloop
  endfacet
  facet normal 0 0 -1
    outer loop
      vertex 24.25 24.25 0
      vertex 11.3487 32.9651 0
      vertex 11.4722 33.15 0
    endloop
  endfacet
  facet normal 0 0 -1
    outer loop
      vertex 24.25 24.25 0
      vertex 11.2021 32.7979 0
      vertex 11.3487 32.9651 0
    endloop
  endfacet
  facet normal 0 0 -1
    outer loop
      vertex 17.56 19.6421 0
      vertex 11.0349 32.6513 0
      vertex 11.2021 32.7979 0
    endloop
  endfacet
  facet normal 0 0 -1
    outer loop
      vertex 0 4 0
      vertex 16.3579 17.56 0
      vertex 16.4294 17.3494 0
    endloop
  endfacet
  facet normal 0 0 -1
    outer loop
      vertex 17.3494 19.5706 0
      vertex 10.85 32.5278 0
      vertex 11.0349 32.6513 0
    endloop
  endfacet
  facet normal 0 0 -1
    outer loop
      vertex 17.15 19.4722 0
      vertex 10.6506 32.4294 0
      vertex 10.85 32.5278 0
    endloop
  endfacet
  facet normal 0 0 -1
    outer loop
      vertex 16.9651 19.3487 0
      vertex 10.44 32.3579 0
      vertex 10.6506 32.4294 0
    endloop
  endfacet
  facet normal 0 0 -1
    outer loop
      vertex 16.7979 19.2021 0
      vertex 10.2219 32.3145 0
      vertex 10.44 32.3579 0
    endloop
  endfacet
  facet normal 0 0 -1
    outer loop
      vertex 16.6513 19.0349 0
      vertex 10 32.3 0
      vertex 10.2219 32.3145 0
    endloop
  endfacet
  facet normal 0 0 -1
    outer loop
      vertex 16.5278 18.85 0
      vertex 9.7781 32.3145 0
      vertex 10 32.3 0
    endloop
  endfacet
  facet normal 0 0 -1
    outer loop
      vertex 16.4294 18.6506 0
      vertex 9.56001 32.3579 0
      vertex 9.7781 32.3145 0
    endloop
  endfacet
  facet normal 0 0 -1
    outer loop
      vertex 16.3579 18.44 0
      vertex 9.34944 32.4294 0
      vertex 9.56001 32.3579 0
    endloop
  endfacet
  facet normal 0 0 -1
    outer loop
      vertex 16.3145 18.2219 0
      vertex 9.15 32.5278 0
      vertex 9.34944 32.4294 0
    endloop
  endfacet
  facet normal -0 0 -1
    outer loop
      vertex 16.3145 18.2219 0
      vertex 0 4 0
      vertex 9.15 32.5278 0
    endloop
  endfacet
  facet normal -0 0 -1
    outer loop
      vertex 9.15 32.5278 0
      vertex 0 4 0
      vertex 8.96511 32.6513 0
    endloop
  endfacet
  facet normal 0 0 -1
    outer loop
      vertex 0 4 0
      vertex 16.4294 17.3494 0
      vertex 16.5278 17.15 0
    endloop
  endfacet
  facet normal -0 0 -1
    outer loop
      vertex 8.96511 32.6513 0
      vertex 0 4 0
      vertex 8.79792 32.7979 0
    endloop
  endfacet
  facet normal -0 0 -1
    outer loop
      vertex 8.79792 32.7979 0
      vertex 0 4 0
      vertex 8.6513 32.9651 0
    endloop
  endfacet
  facet normal 0 0 -1
    outer loop
      vertex 0 4 0
      vertex 8.3 42 0
      vertex 8.3 34 0
    endloop
  endfacet
  facet normal 0 0 -1
    outer loop
      vertex 0 215.2 0
      vertex 8.31454 176.978 0
      vertex 0 4 0
    endloop
  endfacet
  facet normal -0 0 -1
    outer loop
      vertex 8.31454 33.7781 0
      vertex 0 4 0
      vertex 8.3 34 0
    endloop
  endfacet
  facet normal -0 0 -1
    outer loop
      vertex 8.35793 33.56 0
      vertex 0 4 0
      vertex 8.31454 33.7781 0
    endloop
  endfacet
  facet normal -0 0 -1
    outer loop
      vertex 8.4294 33.3494 0
      vertex 0 4 0
      vertex 8.35793 33.56 0
    endloop
  endfacet
  facet normal -0 0 -1
    outer loop
      vertex 8.52776 33.15 0
      vertex 0 4 0
      vertex 8.4294 33.3494 0
    endloop
  endfacet
  facet normal -0 0 -1
    outer loop
      vertex 8.6513 32.9651 0
      vertex 0 4 0
      vertex 8.52776 33.15 0
    endloop
  endfacet
  facet normal -0 0 -1
    outer loop
      vertex 16.6513 16.9651 0
      vertex 0 4 0
      vertex 16.5278 17.15 0
    endloop
  endfacet
  facet normal -0 0 -1
    outer loop
      vertex 16.7979 16.7979 0
      vertex 0 4 0
      vertex 16.6513 16.9651 0
    endloop
  endfacet
  facet normal 0 0 -1
    outer loop
      vertex 0 4 0
      vertex 16.7979 16.7979 0
      vertex 4 0 0
    endloop
  endfacet
  facet normal -0 0 -1
    outer loop
      vertex 16.9651 16.6513 0
      vertex 4 0 0
      vertex 16.7979 16.7979 0
    endloop
  endfacet
  facet normal -0 0 -1
    outer loop
      vertex 17.15 16.5278 0
      vertex 4 0 0
      vertex 16.9651 16.6513 0
    endloop
  endfacet
  facet normal -0 0 -1
    outer loop
      vertex 17.3494 16.4294 0
      vertex 4 0 0
      vertex 17.15 16.5278 0
    endloop
  endfacet
  facet normal -0 0 -1
    outer loop
      vertex 17.56 16.3579 0
      vertex 4 0 0
      vertex 17.3494 16.4294 0
    endloop
  endfacet
  facet normal -0 0 -1
    outer loop
      vertex 17.7781 16.3145 0
      vertex 4 0 0
      vertex 17.56 16.3579 0
    endloop
  endfacet
  facet normal -0 0 -1
    outer loop
      vertex 18 16.3 0
      vertex 4 0 0
      vertex 17.7781 16.3145 0
    endloop
  endfacet
  facet normal 0 0 -1
    outer loop
      vertex 202.549 202.235 0
      vertex 219.2 215.2 0
      vertex 202.672 202.05 0
    endloop
  endfacet
  facet normal 0 -0 -1
    outer loop
      vertex 215.2 219.2 0
      vertex 219.2 215.2 0
      vertex 202.402 202.402 0
    endloop
  endfacet
  facet normal 0 0 -1
    outer loop
      vertex 219.166 215.722 0
      vertex 215.2 219.2 0
      vertex 219.064 216.235 0
    endloop
  endfacet
  facet normal 0 0 -1
    outer loop
      vertex 219.064 216.235 0
      vertex 215.2 219.2 0
      vertex 218.896 216.731 0
    endloop
  endfacet
  facet normal 0 0 -1
    outer loop
      vertex 218.896 216.731 0
      vertex 215.2 219.2 0
      vertex 218.664 217.2 0
    endloop
  endfacet
  facet normal 0 0 -1
    outer loop
      vertex 218.373 217.635 0
      vertex 215.2 219.2 0
      vertex 218.028 218.028 0
    endloop
  endfacet
  facet normal 0 0 -1
    outer loop
      vertex 202.402 202.402 0
      vertex 219.2 215.2 0
      vertex 202.549 202.235 0
    endloop
  endfacet
  facet normal 0 0 -1
    outer loop
      vertex 202.9 201.2 0
      vertex 208.402 178.402 0
      vertex 208.235 178.549 0
    endloop
  endfacet
  facet normal 0 0 -1
    outer loop
      vertex 202.9 201.2 0
      vertex 208.235 178.549 0
      vertex 208.05 178.672 0
    endloop
  endfacet
  facet normal 0 0 -1
    outer loop
      vertex 202.9 201.2 0
      vertex 208.05 178.672 0
      vertex 207.851 178.771 0
    endloop
  endfacet
  facet normal 0 0 -1
    outer loop
      vertex 202.9 201.2 0
      vertex 207.851 178.771 0
      vertex 207.64 178.842 0
    endloop
  endfacet
  facet normal 0 0 -1
    outer loop
      vertex 202.9 201.2 0
      vertex 207.64 178.842 0
      vertex 207.422 178.885 0
    endloop
  endfacet
  facet normal 0 0 -1
    outer loop
      vertex 202.9 201.2 0
      vertex 207.422 178.885 0
      vertex 207.2 178.9 0
    endloop
  endfacet
  facet normal 0 0 -1
    outer loop
      vertex 202.9 201.2 0
      vertex 207.2 178.9 0
      vertex 206.978 178.885 0
    endloop
  endfacet
  facet normal 0 0 -1
    outer loop
      vertex 202.9 201.2 0
      vertex 206.978 178.885 0
      vertex 206.76 178.842 0
    endloop
  endfacet
  facet normal 0 0 -1
    outer loop
      vertex 202.9 201.2 0
      vertex 206.76 178.842 0
      vertex 206.549 178.771 0
    endloop
  endfacet
  facet normal 0 0 -1
    outer loop
      vertex 202.9 201.2 0
      vertex 206.549 178.771 0
      vertex 206.35 178.672 0
    endloop
  endfacet
  facet normal 0 0 -1
    outer loop
      vertex 202.9 201.2 0
      vertex 206.35 178.672 0
      vertex 206.165 178.549 0
    endloop
  endfacet
  facet normal 0 0 -1
    outer loop
      vertex 202.9 201.2 0
      vertex 206.165 178.549 0
      vertex 205.998 178.402 0
    endloop
  endfacet
  facet normal 0 0 -1
    outer loop
      vertex 202.9 201.2 0
      vertex 205.998 178.402 0
      vertex 205.851 178.235 0
    endloop
  endfacet
  facet normal 0 0 -1
    outer loop
      vertex 202.9 201.2 0
      vertex 205.851 178.235 0
      vertex 205.728 178.05 0
    endloop
  endfacet
  facet normal 0 0 -1
    outer loop
      vertex 202.9 201.2 0
      vertex 205.728 178.05 0
      vertex 205.629 177.851 0
    endloop
  endfacet
  facet normal 0 0 -1
    outer loop
      vertex 202.9 201.2 0
      vertex 205.629 177.851 0
      vertex 205.558 177.64 0
    endloop
  endfacet
  facet normal 0 0 -1
    outer loop
      vertex 205.515 176.978 0
      vertex 202.9 201.2 0
      vertex 205.5 177.2 0
    endloop
  endfacet
  facet normal 0 0 -1
    outer loop
      vertex 202.9 201.2 0
      vertex 205.515 177.422 0
      vertex 205.5 177.2 0
    endloop
  endfacet
  facet normal 0 0 -1
    outer loop
      vertex 202.9 201.2 0
      vertex 205.558 177.64 0
      vertex 205.515 177.422 0
    endloop
  endfacet
  facet normal 0 0 -1
    outer loop
      vertex 218.028 218.028 0
      vertex 215.2 219.2 0
      vertex 217.635 218.373 0
    endloop
  endfacet
  facet normal 0 0 -1
    outer loop
      vertex 217.2 218.664 0
      vertex 215.2 219.2 0
      vertex 216.731 218.896 0
    endloop
  endfacet
  facet normal 0 0 -1
    outer loop
      vertex 216.731 218.896 0
      vertex 215.2 219.2 0
      vertex 216.235 219.064 0
    endloop
  endfacet
  facet normal 0 0 -1
    outer loop
      vertex 216.235 219.064 0
      vertex 215.2 219.2 0
      vertex 215.722 219.166 0
    endloop
  endfacet
  facet normal 0 0 -1
    outer loop
      vertex 217.635 218.373 0
      vertex 215.2 219.2 0
      vertex 217.2 218.664 0
    endloop
  endfacet
  facet normal 0 0 -1
    outer loop
      vertex 218.664 217.2 0
      vertex 215.2 219.2 0
      vertex 218.373 217.635 0
    endloop
  endfacet
  facet normal 0 0 -1
    outer loop
      vertex 219.2 215.2 0
      vertex 215.2 219.2 0
      vertex 219.166 215.722 0
    endloop
  endfacet
  facet normal 0 0 -1
    outer loop
      vertex 202.235 202.549 0
      vertex 215.2 219.2 0
      vertex 202.402 202.402 0
    endloop
  endfacet
  facet normal 0 0 -1
    outer loop
      vertex 202.05 202.672 0
      vertex 215.2 219.2 0
      vertex 202.235 202.549 0
    endloop
  endfacet
  facet normal 0 0 -1
    outer loop
      vertex 201.851 202.771 0
      vertex 215.2 219.2 0
      vertex 202.05 202.672 0
    endloop
  endfacet
  facet normal 0 0 -1
    outer loop
      vertex 201.64 202.842 0
      vertex 215.2 219.2 0
      vertex 201.851 202.771 0
    endloop
  endfacet
  facet normal 0 0 -1
    outer loop
      vertex 201.422 202.885 0
      vertex 215.2 219.2 0
      vertex 201.64 202.842 0
    endloop
  endfacet
  facet normal 0 0 -1
    outer loop
      vertex 201.2 202.9 0
      vertex 215.2 219.2 0
      vertex 201.422 202.885 0
    endloop
  endfacet
  facet normal 0 0 -1
    outer loop
      vertex 200.978 202.885 0
      vertex 215.2 219.2 0
      vertex 201.2 202.9 0
    endloop
  endfacet
  facet normal 0 0 -1
    outer loop
      vertex 200.76 202.842 0
      vertex 215.2 219.2 0
      vertex 200.978 202.885 0
    endloop
  endfacet
  facet normal 0 0 -1
    outer loop
      vertex 200.549 202.771 0
      vertex 215.2 219.2 0
      vertex 200.76 202.842 0
    endloop
  endfacet
  facet normal 0 0 -1
    outer loop
      vertex 200.35 202.672 0
      vertex 215.2 219.2 0
      vertex 200.549 202.771 0
    endloop
  endfacet
  facet normal 0 0 -1
    outer loop
      vertex 200.165 202.549 0
      vertex 215.2 219.2 0
      vertex 200.35 202.672 0
    endloop
  endfacet
  facet normal 0 0 -1
    outer loop
      vertex 139.949 210.235 0
      vertex 200.165 202.549 0
      vertex 199.998 202.402 0
    endloop
  endfacet
  facet normal -0 0 -1
    outer loop
      vertex 199.515 200.978 0
      vertex 194.95 194.95 0
      vertex 199.5 201.2 0
    endloop
  endfacet
  facet normal 0 0 -1
    outer loop
      vertex 194.95 194.95 0
      vertex 199.515 201.422 0
      vertex 199.5 201.2 0
    endloop
  endfacet
  facet normal 0 0 -1
    outer loop
      vertex 194.95 194.95 0
      vertex 199.558 201.64 0
      vertex 199.515 201.422 0
    endloop
  endfacet
  facet normal 0 0 -1
    outer loop
      vertex 194.95 194.95 0
      vertex 199.629 201.851 0
      vertex 199.558 201.64 0
    endloop
  endfacet
  facet normal 0 0 -1
    outer loop
      vertex 194.95 194.95 0
      vertex 199.728 202.05 0
      vertex 199.629 201.851 0
    endloop
  endfacet
  facet normal 0 0 -1
    outer loop
      vertex 140.242 209.64 0
      vertex 199.728 202.05 0
      vertex 194.95 194.95 0
    endloop
  endfacet
  facet normal 0 0 -1
    outer loop
      vertex 140.285 209.422 0
      vertex 194.95 194.95 0
      vertex 140.3 209.2 0
    endloop
  endfacet
  facet normal 0 0 -1
    outer loop
      vertex 140.242 209.64 0
      vertex 194.95 194.95 0
      vertex 140.285 209.422 0
    endloop
  endfacet
  facet normal 0 0 -1
    outer loop
      vertex 199.728 202.05 0
      vertex 140.242 209.64 0
      vertex 199.851 202.235 0
    endloop
  endfacet
  facet normal 0 0 -1
    outer loop
      vertex 140.171 209.851 0
      vertex 199.851 202.235 0
      vertex 140.242 209.64 0
    endloop
  endfacet
  facet normal 0 0 -1
    outer loop
      vertex 199.851 202.235 0
      vertex 140.171 209.851 0
      vertex 199.998 202.402 0
    endloop
  endfacet
  facet normal 0 0 -1
    outer loop
      vertex 140.072 210.05 0
      vertex 199.998 202.402 0
      vertex 140.171 209.851 0
    endloop
  endfacet
  facet normal 0 0 -1
    outer loop
      vertex 139.949 210.235 0
      vertex 199.998 202.402 0
      vertex 140.072 210.05 0
    endloop
  endfacet
  facet normal 0 0 -1
    outer loop
      vertex 200.165 202.549 0
      vertex 139.949 210.235 0
      vertex 215.2 219.2 0
    endloop
  endfacet
  facet normal 0 0 -1
    outer loop
      vertex 139.802 210.402 0
      vertex 215.2 219.2 0
      vertex 139.949 210.235 0
    endloop
  endfacet
  facet normal 0 0 -1
    outer loop
      vertex 139.635 210.549 0
      vertex 215.2 219.2 0
      vertex 139.802 210.402 0
    endloop
  endfacet
  facet normal 0 0 -1
    outer loop
      vertex 139.45 210.672 0
      vertex 215.2 219.2 0
      vertex 139.635 210.549 0
    endloop
  endfacet
  facet normal 0 0 -1
    outer loop
      vertex 139.251 210.771 0
      vertex 215.2 219.2 0
      vertex 139.45 210.672 0
    endloop
  endfacet
  facet normal 0 0 -1
    outer loop
      vertex 139.04 210.842 0
      vertex 215.2 219.2 0
      vertex 139.251 210.771 0
    endloop
  endfacet
  facet normal 0 0 -1
    outer loop
      vertex 138.822 210.885 0
      vertex 215.2 219.2 0
      vertex 139.04 210.842 0
    endloop
  endfacet
  facet normal 0 0 -1
    outer loop
      vertex 138.6 210.9 0
      vertex 215.2 219.2 0
      vertex 138.822 210.885 0
    endloop
  endfacet
  facet normal 0 0 -1
    outer loop
      vertex 130.6 210.9 0
      vertex 215.2 219.2 0
      vertex 138.6 210.9 0
    endloop
  endfacet
  facet normal 0 0 -1
    outer loop
      vertex 88.6 210.9 0
      vertex 130.6 210.9 0
      vertex 130.378 210.885 0
    endloop
  endfacet
  facet normal 0 0 -1
    outer loop
      vertex 90.3 209.2 0
      vertex 128.915 209.422 0
      vertex 128.9 209.2 0
    endloop
  endfacet
  facet normal 0 0 -1
    outer loop
      vertex 90.2855 209.422 0
      vertex 128.915 209.422 0
      vertex 90.3 209.2 0
    endloop
  endfacet
  facet normal 0 0 -1
    outer loop
      vertex 128.915 209.422 0
      vertex 90.2855 209.422 0
      vertex 128.958 209.64 0
    endloop
  endfacet
  facet normal 0 0 -1
    outer loop
      vertex 90.2421 209.64 0
      vertex 128.958 209.64 0
      vertex 90.2855 209.422 0
    endloop
  endfacet
  facet normal 0 0 -1
    outer loop
      vertex 128.958 209.64 0
      vertex 90.2421 209.64 0
      vertex 129.029 209.851 0
    endloop
  endfacet
  facet normal 0 0 -1
    outer loop
      vertex 90.1706 209.851 0
      vertex 129.029 209.851 0
      vertex 90.2421 209.64 0
    endloop
  endfacet
  facet normal 0 0 -1
    outer loop
      vertex 129.029 209.851 0
      vertex 90.1706 209.851 0
      vertex 129.128 210.05 0
    endloop
  endfacet
  facet normal 0 0 -1
    outer loop
      vertex 90.0722 210.05 0
      vertex 129.128 210.05 0
      vertex 90.1706 209.851 0
    endloop
  endfacet
  facet normal 0 0 -1
    outer loop
      vertex 129.128 210.05 0
      vertex 90.0722 210.05 0
      vertex 129.251 210.235 0
    endloop
  endfacet
  facet normal 0 0 -1
    outer loop
      vertex 89.9487 210.235 0
      vertex 129.251 210.235 0
      vertex 90.0722 210.05 0
    endloop
  endfacet
  facet normal 0 0 -1
    outer loop
      vertex 129.251 210.235 0
      vertex 89.9487 210.235 0
      vertex 129.398 210.402 0
    endloop
  endfacet
  facet normal 0 0 -1
    outer loop
      vertex 89.8021 210.402 0
      vertex 129.398 210.402 0
      vertex 89.9487 210.235 0
    endloop
  endfacet
  facet normal 0 0 -1
    outer loop
      vertex 129.398 210.402 0
      vertex 89.8021 210.402 0
      vertex 129.565 210.549 0
    endloop
  endfacet
  facet normal 0 0 -1
    outer loop
      vertex 89.6349 210.549 0
      vertex 129.565 210.549 0
      vertex 89.8021 210.402 0
    endloop
  endfacet
  facet normal 0 0 -1
    outer loop
      vertex 129.565 210.549 0
      vertex 89.6349 210.549 0
      vertex 129.75 210.672 0
    endloop
  endfacet
  facet normal 0 0 -1
    outer loop
      vertex 89.45 210.672 0
      vertex 129.75 210.672 0
      vertex 89.6349 210.549 0
    endloop
  endfacet
  facet normal 0 0 -1
    outer loop
      vertex 129.75 210.672 0
      vertex 89.45 210.672 0
      vertex 129.949 210.771 0
    endloop
  endfacet
  facet normal 0 0 -1
    outer loop
      vertex 89.2506 210.771 0
      vertex 129.949 210.771 0
      vertex 89.45 210.672 0
    endloop
  endfacet
  facet normal 0 0 -1
    outer loop
      vertex 129.949 210.771 0
      vertex 89.2506 210.771 0
      vertex 130.16 210.842 0
    endloop
  endfacet
  facet normal 0 0 -1
    outer loop
      vertex 89.04 210.842 0
      vertex 130.16 210.842 0
      vertex 89.2506 210.771 0
    endloop
  endfacet
  facet normal 0 0 -1
    outer loop
      vertex 130.16 210.842 0
      vertex 89.04 210.842 0
      vertex 130.378 210.885 0
    endloop
  endfacet
  facet normal 0 0 -1
    outer loop
      vertex 88.8219 210.885 0
      vertex 130.378 210.885 0
      vertex 89.04 210.842 0
    endloop
  endfacet
  facet normal 0 0 -1
    outer loop
      vertex 88.6 210.9 0
      vertex 130.378 210.885 0
      vertex 88.8219 210.885 0
    endloop
  endfacet
  facet normal 0 0 -1
    outer loop
      vertex 130.6 210.9 0
      vertex 88.6 210.9 0
      vertex 215.2 219.2 0
    endloop
  endfacet
  facet normal 0 0 -1
    outer loop
      vertex 4 219.2 0
      vertex 88.6 210.9 0
      vertex 80.6 210.9 0
    endloop
  endfacet
  facet normal 0 0 -1
    outer loop
      vertex 24.25 194.95 0
      vertex 78.9145 209.422 0
      vertex 78.9 209.2 0
    endloop
  endfacet
  facet normal 0 0 -1
    outer loop
      vertex 24.25 194.95 0
      vertex 78.9579 209.64 0
      vertex 78.9145 209.422 0
    endloop
  endfacet
  facet normal 0 0 -1
    outer loop
      vertex 19.5706 201.851 0
      vertex 78.9579 209.64 0
      vertex 24.25 194.95 0
    endloop
  endfacet
  facet normal 0 0 -1
    outer loop
      vertex 19.4722 202.05 0
      vertex 78.9579 209.64 0
      vertex 19.5706 201.851 0
    endloop
  endfacet
  facet normal -0 0 -1
    outer loop
      vertex 78.9579 209.64 0
      vertex 19.4722 202.05 0
      vertex 79.0294 209.851 0
    endloop
  endfacet
  facet normal 0 0 -1
    outer loop
      vertex 19.3487 202.235 0
      vertex 79.0294 209.851 0
      vertex 19.4722 202.05 0
    endloop
  endfacet
  facet normal -0 0 -1
    outer loop
      vertex 79.0294 209.851 0
      vertex 19.3487 202.235 0
      vertex 79.1278 210.05 0
    endloop
  endfacet
  facet normal 0 0 -1
    outer loop
      vertex 19.2021 202.402 0
      vertex 79.1278 210.05 0
      vertex 19.3487 202.235 0
    endloop
  endfacet
  facet normal -0 0 -1
    outer loop
      vertex 79.1278 210.05 0
      vertex 19.2021 202.402 0
      vertex 79.2513 210.235 0
    endloop
  endfacet
  facet normal 0 0 -1
    outer loop
      vertex 19.0349 202.549 0
      vertex 79.2513 210.235 0
      vertex 19.2021 202.402 0
    endloop
  endfacet
  facet normal 0 0 -1
    outer loop
      vertex 19.6421 18.44 0
      vertex 24.25 24.25 0
      vertex 19.6855 18.2219 0
    endloop
  endfacet
  facet normal 0 0 -1
    outer loop
      vertex 19.6855 201.422 0
      vertex 24.25 194.95 0
      vertex 19.7 201.2 0
    endloop
  endfacet
  facet normal 0 0 -1
    outer loop
      vertex 19.6421 201.64 0
      vertex 24.25 194.95 0
      vertex 19.6855 201.422 0
    endloop
  endfacet
  facet normal 0 0 -1
    outer loop
      vertex 19.5706 201.851 0
      vertex 24.25 194.95 0
      vertex 19.6421 201.64 0
    endloop
  endfacet
  facet normal -0 0 -1
    outer loop
      vertex 79.2513 210.235 0
      vertex 19.0349 202.549 0
      vertex 79.3979 210.402 0
    endloop
  endfacet
  facet normal 0 0 -1
    outer loop
      vertex 18.85 202.672 0
      vertex 79.3979 210.402 0
      vertex 19.0349 202.549 0
    endloop
  endfacet
  facet normal 0 0 -1
    outer loop
      vertex 4 219.2 0
      vertex 79.3979 210.402 0
      vertex 18.85 202.672 0
    endloop
  endfacet
  facet normal 0 0 -1
    outer loop
      vertex 79.3979 210.402 0
      vertex 4 219.2 0
      vertex 79.5651 210.549 0
    endloop
  endfacet
  facet normal 0 0 -1
    outer loop
      vertex 79.5651 210.549 0
      vertex 4 219.2 0
      vertex 79.75 210.672 0
    endloop
  endfacet
  facet normal 0 0 -1
    outer loop
      vertex 79.75 210.672 0
      vertex 4 219.2 0
      vertex 79.9494 210.771 0
    endloop
  endfacet
  facet normal 0 0 -1
    outer loop
      vertex 79.9494 210.771 0
      vertex 4 219.2 0
      vertex 80.16 210.842 0
    endloop
  endfacet
  facet normal 0 0 -1
    outer loop
      vertex 4 219.2 0
      vertex 18.85 202.672 0
      vertex 18.6506 202.771 0
    endloop
  endfacet
  facet normal 0 0 -1
    outer loop
      vertex 4 219.2 0
      vertex 18.6506 202.771 0
      vertex 18.44 202.842 0
    endloop
  endfacet
  facet normal 0 0 -1
    outer loop
      vertex 4 219.2 0
      vertex 18.44 202.842 0
      vertex 18.2219 202.885 0
    endloop
  endfacet
  facet normal 0 0 -1
    outer loop
      vertex 4 219.2 0
      vertex 18.2219 202.885 0
      vertex 18 202.9 0
    endloop
  endfacet
  facet normal 0 0 -1
    outer loop
      vertex 4 219.2 0
      vertex 18 202.9 0
      vertex 17.7781 202.885 0
    endloop
  endfacet
  facet normal -0 0 -1
    outer loop
      vertex 17.56 199.558 0
      vertex 11.0349 186.549 0
      vertex 17.3494 199.629 0
    endloop
  endfacet
  facet normal 0 0 -1
    outer loop
      vertex 10.85 186.672 0
      vertex 17.3494 199.629 0
      vertex 11.0349 186.549 0
    endloop
  endfacet
  facet normal -0 0 -1
    outer loop
      vertex 17.3494 199.629 0
      vertex 10.85 186.672 0
      vertex 17.15 199.728 0
    endloop
  endfacet
  facet normal 0 0 -1
    outer loop
      vertex 10.6506 186.771 0
      vertex 17.15 199.728 0
      vertex 10.85 186.672 0
    endloop
  endfacet
  facet normal -0 0 -1
    outer loop
      vertex 17.15 199.728 0
      vertex 10.6506 186.771 0
      vertex 16.9651 199.851 0
    endloop
  endfacet
  facet normal 0 0 -1
    outer loop
      vertex 10.44 186.842 0
      vertex 16.9651 199.851 0
      vertex 10.6506 186.771 0
    endloop
  endfacet
  facet normal -0 0 -1
    outer loop
      vertex 16.9651 199.851 0
      vertex 10.44 186.842 0
      vertex 16.7979 199.998 0
    endloop
  endfacet
  facet normal 0 0 -1
    outer loop
      vertex 10.2219 186.885 0
      vertex 16.7979 199.998 0
      vertex 10.44 186.842 0
    endloop
  endfacet
  facet normal -0 0 -1
    outer loop
      vertex 16.7979 199.998 0
      vertex 10.2219 186.885 0
      vertex 16.6513 200.165 0
    endloop
  endfacet
  facet normal 0 0 -1
    outer loop
      vertex 10 186.9 0
      vertex 16.6513 200.165 0
      vertex 10.2219 186.885 0
    endloop
  endfacet
  facet normal -0 0 -1
    outer loop
      vertex 16.6513 200.165 0
      vertex 10 186.9 0
      vertex 16.5278 200.35 0
    endloop
  endfacet
  facet normal 0 0 -1
    outer loop
      vertex 9.7781 186.885 0
      vertex 16.5278 200.35 0
      vertex 10 186.9 0
    endloop
  endfacet
  facet normal -0 0 -1
    outer loop
      vertex 16.5278 200.35 0
      vertex 9.7781 186.885 0
      vertex 16.4294 200.549 0
    endloop
  endfacet
  facet normal 0 0 -1
    outer loop
      vertex 9.56001 186.842 0
      vertex 16.4294 200.549 0
      vertex 9.7781 186.885 0
    endloop
  endfacet
  facet normal -0 0 -1
    outer loop
      vertex 16.4294 200.549 0
      vertex 9.56001 186.842 0
      vertex 16.3579 200.76 0
    endloop
  endfacet
  facet normal 0 0 -1
    outer loop
      vertex 9.34944 186.771 0
      vertex 16.3579 200.76 0
      vertex 9.56001 186.842 0
    endloop
  endfacet
  facet normal -0 0 -1
    outer loop
      vertex 16.3579 200.76 0
      vertex 9.34944 186.771 0
      vertex 16.3145 200.978 0
    endloop
  endfacet
  facet normal 0 0 -1
    outer loop
      vertex 9.15 186.672 0
      vertex 16.3145 200.978 0
      vertex 9.34944 186.771 0
    endloop
  endfacet
  facet normal 0 0 -1
    outer loop
      vertex 0 215.2 0
      vertex 16.3145 200.978 0
      vertex 9.15 186.672 0
    endloop
  endfacet
  facet normal 0 0 -1
    outer loop
      vertex 16.3145 200.978 0
      vertex 0 215.2 0
      vertex 16.3 201.2 0
    endloop
  endfacet
  facet normal 0 0 -1
    outer loop
      vertex 16.3 201.2 0
      vertex 0 215.2 0
      vertex 16.3145 201.422 0
    endloop
  endfacet
  facet normal 0 0 -1
    outer loop
      vertex 16.3145 201.422 0
      vertex 0 215.2 0
      vertex 16.3579 201.64 0
    endloop
  endfacet
  facet normal 0 0 -1
    outer loop
      vertex 0 215.2 0
      vertex 9.15 186.672 0
      vertex 8.96511 186.549 0
    endloop
  endfacet
  facet normal 0 0 -1
    outer loop
      vertex 0 215.2 0
      vertex 8.96511 186.549 0
      vertex 8.79792 186.402 0
    endloop
  endfacet
  facet normal 0 0 -1
    outer loop
      vertex 16.3579 201.64 0
      vertex 0 215.2 0
      vertex 16.4294 201.851 0
    endloop
  endfacet
  facet normal 0 0 -1
    outer loop
      vertex 0 215.2 0
      vertex 8.79792 186.402 0
      vertex 8.6513 186.235 0
    endloop
  endfacet
  facet normal 0 0 -1
    outer loop
      vertex 0 215.2 0
      vertex 8.6513 186.235 0
      vertex 8.52776 186.05 0
    endloop
  endfacet
  facet normal 0 0 -1
    outer loop
      vertex 88.6 210.9 0
      vertex 4 219.2 0
      vertex 215.2 219.2 0
    endloop
  endfacet
  facet normal 0 0 -1
    outer loop
      vertex 80.3781 210.885 0
      vertex 4 219.2 0
      vertex 80.6 210.9 0
    endloop
  endfacet
  facet normal 0 0 -1
    outer loop
      vertex 80.16 210.842 0
      vertex 4 219.2 0
      vertex 80.3781 210.885 0
    endloop
  endfacet
  facet normal 0 0 -1
    outer loop
      vertex 17.56 202.842 0
      vertex 4 219.2 0
      vertex 17.7781 202.885 0
    endloop
  endfacet
  facet normal 0 0 -1
    outer loop
      vertex 17.3494 202.771 0
      vertex 4 219.2 0
      vertex 17.56 202.842 0
    endloop
  endfacet
  facet normal 0 0 -1
    outer loop
      vertex 17.15 202.672 0
      vertex 4 219.2 0
      vertex 17.3494 202.771 0
    endloop
  endfacet
  facet normal 0 0 -1
    outer loop
      vertex 16.9651 202.549 0
      vertex 4 219.2 0
      vertex 17.15 202.672 0
    endloop
  endfacet
  facet normal 0 0 -1
    outer loop
      vertex 16.7979 202.402 0
      vertex 4 219.2 0
      vertex 16.9651 202.549 0
    endloop
  endfacet
  facet normal 0 0 -1
    outer loop
      vertex 0 215.2 0
      vertex 16.7979 202.402 0
      vertex 16.6513 202.235 0
    endloop
  endfacet
  facet normal 0 0 -1
    outer loop
      vertex 0 215.2 0
      vertex 16.6513 202.235 0
      vertex 16.5278 202.05 0
    endloop
  endfacet
  facet normal 0 0 -1
    outer loop
      vertex 16.4294 201.851 0
      vertex 0 215.2 0
      vertex 16.5278 202.05 0
    endloop
  endfacet
  facet normal 0 0 -1
    outer loop
      vertex 0 215.2 0
      vertex 8.52776 186.05 0
      vertex 8.4294 185.851 0
    endloop
  endfacet
  facet normal 0 0 -1
    outer loop
      vertex 0 215.2 0
      vertex 8.4294 185.851 0
      vertex 8.35793 185.64 0
    endloop
  endfacet
  facet normal 0 0 -1
    outer loop
      vertex 0 215.2 0
      vertex 8.35793 185.64 0
      vertex 8.31454 185.422 0
    endloop
  endfacet
  facet normal 0 0 -1
    outer loop
      vertex 0 215.2 0
      vertex 8.31454 185.422 0
      vertex 8.3 185.2 0
    endloop
  endfacet
  facet normal 0 0 -1
    outer loop
      vertex 8.31454 176.978 0
      vertex 0 215.2 0
      vertex 8.3 177.2 0
    endloop
  endfacet
  facet normal 0 0 -1
    outer loop
      vertex 0 4 0
      vertex 4 0 0
      vertex 3.47789 0.0342197 0
    endloop
  endfacet
  facet normal 0 0 -1
    outer loop
      vertex 8.3 177.2 0
      vertex 0 215.2 0
      vertex 8.3 185.2 0
    endloop
  endfacet
  facet normal 0 0 -1
    outer loop
      vertex 0 4 0
      vertex 3.47789 0.0342197 0
      vertex 2.96472 0.136296 0
    endloop
  endfacet
  facet normal 0 0 -1
    outer loop
      vertex 16.7979 202.402 0
      vertex 0 215.2 0
      vertex 4 219.2 0
    endloop
  endfacet
  facet normal 0 0 -1
    outer loop
      vertex 0 4 0
      vertex 2.96472 0.136296 0
      vertex 2.46927 0.304482 0
    endloop
  endfacet
  facet normal 0 0 -1
    outer loop
      vertex 4 219.2 0
      vertex 0 215.2 0
      vertex 3.47789 219.166 0
    endloop
  endfacet
  facet normal 0 0 -1
    outer loop
      vertex 0 4 0
      vertex 2.46927 0.304482 0
      vertex 2 0.535898 0
    endloop
  endfacet
  facet normal 0 0 -1
    outer loop
      vertex 3.47789 219.166 0
      vertex 0 215.2 0
      vertex 2.96472 219.064 0
    endloop
  endfacet
  facet normal 0 0 -1
    outer loop
      vertex 0 4 0
      vertex 2 0.535898 0
      vertex 1.56495 0.826586 0
    endloop
  endfacet
  facet normal 0 0 -1
    outer loop
      vertex 2.96472 219.064 0
      vertex 0 215.2 0
      vertex 2.46927 218.896 0
    endloop
  endfacet
  facet normal 0 0 -1
    outer loop
      vertex 0 4 0
      vertex 1.56495 0.826586 0
      vertex 1.17157 1.17157 0
    endloop
  endfacet
  facet normal 0 0 -1
    outer loop
      vertex 2.46927 218.896 0
      vertex 0 215.2 0
      vertex 2 218.664 0
    endloop
  endfacet
  facet normal 0 0 -1
    outer loop
      vertex 0 4 0
      vertex 1.17157 1.17157 0
      vertex 0.826586 1.56495 0
    endloop
  endfacet
  facet normal 0 0 -1
    outer loop
      vertex 2 218.664 0
      vertex 0 215.2 0
      vertex 1.56495 218.373 0
    endloop
  endfacet
  facet normal 0 0 -1
    outer loop
      vertex 0 4 0
      vertex 0.826586 1.56495 0
      vertex 0.535898 2 0
    endloop
  endfacet
  facet normal 0 0 -1
    outer loop
      vertex 1.56495 218.373 0
      vertex 0 215.2 0
      vertex 1.17157 218.028 0
    endloop
  endfacet
  facet normal 0 0 -1
    outer loop
      vertex 0 4 0
      vertex 0.535898 2 0
      vertex 0.304482 2.46927 0
    endloop
  endfacet
  facet normal 0 0 -1
    outer loop
      vertex 1.17157 218.028 0
      vertex 0 215.2 0
      vertex 0.826586 217.635 0
    endloop
  endfacet
  facet normal 0 0 -1
    outer loop
      vertex 0 4 0
      vertex 0.304482 2.46927 0
      vertex 0.136296 2.96472 0
    endloop
  endfacet
  facet normal 0 0 -1
    outer loop
      vertex 0.826586 217.635 0
      vertex 0 215.2 0
      vertex 0.535898 217.2 0
    endloop
  endfacet
  facet normal 0 0 -1
    outer loop
      vertex 0 4 0
      vertex 0.136296 2.96472 0
      vertex 0.0342197 3.47789 0
    endloop
  endfacet
  facet normal 0 0 -1
    outer loop
      vertex 0.535898 217.2 0
      vertex 0 215.2 0
      vertex 0.304482 216.731 0
    endloop
  endfacet
  facet normal 0 0 -1
    outer loop
      vertex 0.304482 216.731 0
      vertex 0 215.2 0
      vertex 0.136296 216.235 0
    endloop
  endfacet
  facet normal 0 0 -1
    outer loop
      vertex 0.136296 216.235 0
      vertex 0 215.2 0
      vertex 0.0342197 215.722 0
    endloop
  endfacet
  facet normal 0 0 1
    outer loop
      vertex 11.5706 176.549 5
      vertex 24.25 194.95 5
      vertex 11.6421 176.76 5
    endloop
  endfacet
  facet normal 0 0 1
    outer loop
      vertex 24.25 24.25 5
      vertex 11.6855 42.2219 5
      vertex 11.7 42 5
    endloop
  endfacet
  facet normal 0 0 1
    outer loop
      vertex 11.4722 176.35 5
      vertex 24.25 194.95 5
      vertex 11.5706 176.549 5
    endloop
  endfacet
  facet normal 0 0 1
    outer loop
      vertex 24.25 24.25 5
      vertex 11.6421 42.44 5
      vertex 11.6855 42.2219 5
    endloop
  endfacet
  facet normal 0 0 1
    outer loop
      vertex 24.25 194.95 5
      vertex 11.4722 176.35 5
      vertex 24.25 24.25 5
    endloop
  endfacet
  facet normal 0 0 1
    outer loop
      vertex 24.25 24.25 5
      vertex 11.5706 42.6506 5
      vertex 11.6421 42.44 5
    endloop
  endfacet
  facet normal -0 0 1
    outer loop
      vertex 11.4722 42.85 5
      vertex 24.25 24.25 5
      vertex 11.4722 176.35 5
    endloop
  endfacet
  facet normal 0 0 1
    outer loop
      vertex 24.25 24.25 5
      vertex 11.4722 42.85 5
      vertex 11.5706 42.6506 5
    endloop
  endfacet
  facet normal -0 0 1
    outer loop
      vertex 11.3487 176.165 5
      vertex 11.4722 42.85 5
      vertex 11.4722 176.35 5
    endloop
  endfacet
  facet normal 0 0 1
    outer loop
      vertex 11.3487 176.165 5
      vertex 11.3487 43.0349 5
      vertex 11.4722 42.85 5
    endloop
  endfacet
  facet normal -0 0 1
    outer loop
      vertex 11.2021 175.998 5
      vertex 11.3487 43.0349 5
      vertex 11.3487 176.165 5
    endloop
  endfacet
  facet normal 0 0 1
    outer loop
      vertex 11.2021 175.998 5
      vertex 11.2021 43.2021 5
      vertex 11.3487 43.0349 5
    endloop
  endfacet
  facet normal -0 0 1
    outer loop
      vertex 11.0349 175.851 5
      vertex 11.2021 43.2021 5
      vertex 11.2021 175.998 5
    endloop
  endfacet
  facet normal 0 0 1
    outer loop
      vertex 11.0349 175.851 5
      vertex 11.0349 43.3487 5
      vertex 11.2021 43.2021 5
    endloop
  endfacet
  facet normal -0 0 1
    outer loop
      vertex 10.85 175.728 5
      vertex 11.0349 43.3487 5
      vertex 11.0349 175.851 5
    endloop
  endfacet
  facet normal 0 0 1
    outer loop
      vertex 10.85 175.728 5
      vertex 10.85 43.4722 5
      vertex 11.0349 43.3487 5
    endloop
  endfacet
  facet normal -0 0 1
    outer loop
      vertex 10.6506 175.629 5
      vertex 10.85 43.4722 5
      vertex 10.85 175.728 5
    endloop
  endfacet
  facet normal 0 0 1
    outer loop
      vertex 10.6506 175.629 5
      vertex 10.6506 43.5706 5
      vertex 10.85 43.4722 5
    endloop
  endfacet
  facet normal -0 0 1
    outer loop
      vertex 10.44 175.558 5
      vertex 10.6506 43.5706 5
      vertex 10.6506 175.629 5
    endloop
  endfacet
  facet normal 0 0 1
    outer loop
      vertex 10.44 175.558 5
      vertex 10.44 43.6421 5
      vertex 10.6506 43.5706 5
    endloop
  endfacet
  facet normal -0 0 1
    outer loop
      vertex 10.2219 175.515 5
      vertex 10.44 43.6421 5
      vertex 10.44 175.558 5
    endloop
  endfacet
  facet normal 0 0 1
    outer loop
      vertex 10.2219 175.515 5
      vertex 10.2219 43.6855 5
      vertex 10.44 43.6421 5
    endloop
  endfacet
  facet normal -0 0 1
    outer loop
      vertex 10 175.5 5
      vertex 10.2219 43.6855 5
      vertex 10.2219 175.515 5
    endloop
  endfacet
  facet normal 0 0 1
    outer loop
      vertex 10 175.5 5
      vertex 10 43.7 5
      vertex 10.2219 43.6855 5
    endloop
  endfacet
  facet normal 0 0 1
    outer loop
      vertex 9.7781 175.515 5
      vertex 10 43.7 5
      vertex 10 175.5 5
    endloop
  endfacet
  facet normal 0 0 1
    outer loop
      vertex 9.7781 175.515 5
      vertex 9.7781 43.6855 5
      vertex 10 43.7 5
    endloop
  endfacet
  facet normal 0 0 1
    outer loop
      vertex 9.56001 175.558 5
      vertex 9.7781 43.6855 5
      vertex 9.7781 175.515 5
    endloop
  endfacet
  facet normal 0 0 1
    outer loop
      vertex 9.56001 175.558 5
      vertex 9.56001 43.6421 5
      vertex 9.7781 43.6855 5
    endloop
  endfacet
  facet normal 0 0 1
    outer loop
      vertex 9.34944 175.629 5
      vertex 9.56001 43.6421 5
      vertex 9.56001 175.558 5
    endloop
  endfacet
  facet normal 0 0 1
    outer loop
      vertex 9.34944 175.629 5
      vertex 9.34944 43.5706 5
      vertex 9.56001 43.6421 5
    endloop
  endfacet
  facet normal 0 0 1
    outer loop
      vertex 9.15 175.728 5
      vertex 9.34944 43.5706 5
      vertex 9.34944 175.629 5
    endloop
  endfacet
  facet normal 0 0 1
    outer loop
      vertex 9.15 175.728 5
      vertex 9.15 43.4722 5
      vertex 9.34944 43.5706 5
    endloop
  endfacet
  facet normal 0 0 1
    outer loop
      vertex 8.96511 175.851 5
      vertex 9.15 43.4722 5
      vertex 9.15 175.728 5
    endloop
  endfacet
  facet normal 0 0 1
    outer loop
      vertex 8.96511 175.851 5
      vertex 8.96511 43.3487 5
      vertex 9.15 43.4722 5
    endloop
  endfacet
  facet normal 0 0 1
    outer loop
      vertex 8.79792 175.998 5
      vertex 8.96511 43.3487 5
      vertex 8.96511 175.851 5
    endloop
  endfacet
  facet normal 0 0 1
    outer loop
      vertex 8.79792 175.998 5
      vertex 8.79792 43.2021 5
      vertex 8.96511 43.3487 5
    endloop
  endfacet
  facet normal 0 0 1
    outer loop
      vertex 8.6513 176.165 5
      vertex 8.79792 43.2021 5
      vertex 8.79792 175.998 5
    endloop
  endfacet
  facet normal 0 0 1
    outer loop
      vertex 8.6513 176.165 5
      vertex 8.6513 43.0349 5
      vertex 8.79792 43.2021 5
    endloop
  endfacet
  facet normal 0 0 1
    outer loop
      vertex 8.52776 176.35 5
      vertex 8.6513 43.0349 5
      vertex 8.6513 176.165 5
    endloop
  endfacet
  facet normal 0 0 1
    outer loop
      vertex 8.52776 176.35 5
      vertex 8.52776 42.85 5
      vertex 8.6513 43.0349 5
    endloop
  endfacet
  facet normal 0 0 1
    outer loop
      vertex 8.4294 176.549 5
      vertex 8.52776 42.85 5
      vertex 8.52776 176.35 5
    endloop
  endfacet
  facet normal 0 0 1
    outer loop
      vertex 8.4294 176.549 5
      vertex 8.4294 42.6506 5
      vertex 8.52776 42.85 5
    endloop
  endfacet
  facet normal 0 0 1
    outer loop
      vertex 8.35793 176.76 5
      vertex 8.4294 42.6506 5
      vertex 8.4294 176.549 5
    endloop
  endfacet
  facet normal 0 0 1
    outer loop
      vertex 8.35793 176.76 5
      vertex 8.35793 42.44 5
      vertex 8.4294 42.6506 5
    endloop
  endfacet
  facet normal 0 0 1
    outer loop
      vertex 8.31454 176.978 5
      vertex 8.35793 42.44 5
      vertex 8.35793 176.76 5
    endloop
  endfacet
  facet normal 0 0 1
    outer loop
      vertex 8.31454 176.978 5
      vertex 8.31454 42.2219 5
      vertex 8.35793 42.44 5
    endloop
  endfacet
  facet normal 0 0 1
    outer loop
      vertex 0 215.2 5
      vertex 8.31454 176.978 5
      vertex 8.3 177.2 5
    endloop
  endfacet
  facet normal 0 0 1
    outer loop
      vertex 8.31454 176.978 5
      vertex 0 215.2 5
      vertex 8.31454 42.2219 5
    endloop
  endfacet
  facet normal -0 0 1
    outer loop
      vertex 20.1249 200.32 5
      vertex 24.25 194.95 5
      vertex 20.2216 200.605 5
    endloop
  endfacet
  facet normal 0 0 1
    outer loop
      vertex 24.25 24.25 5
      vertex 20.2803 18.3002 5
      vertex 20.3 18 5
    endloop
  endfacet
  facet normal -0 0 1
    outer loop
      vertex 19.9919 200.05 5
      vertex 24.25 194.95 5
      vertex 20.1249 200.32 5
    endloop
  endfacet
  facet normal 0 0 1
    outer loop
      vertex 24.25 24.25 5
      vertex 20.2216 18.5953 5
      vertex 20.2803 18.3002 5
    endloop
  endfacet
  facet normal 0 0 1
    outer loop
      vertex 11.6855 176.978 5
      vertex 24.25 194.95 5
      vertex 11.7 177.2 5
    endloop
  endfacet
  facet normal 0 0 1
    outer loop
      vertex 24.25 24.25 5
      vertex 20.1249 18.8802 5
      vertex 20.2216 18.5953 5
    endloop
  endfacet
  facet normal -0 0 1
    outer loop
      vertex 19.8247 199.8 5
      vertex 24.25 194.95 5
      vertex 19.9919 200.05 5
    endloop
  endfacet
  facet normal 0 0 1
    outer loop
      vertex 11.6421 176.76 5
      vertex 24.25 194.95 5
      vertex 11.6855 176.978 5
    endloop
  endfacet
  facet normal -0 0 1
    outer loop
      vertex 19.6263 199.574 5
      vertex 24.25 194.95 5
      vertex 19.8247 199.8 5
    endloop
  endfacet
  facet normal -0 0 1
    outer loop
      vertex 11.7 34 5
      vertex 24.25 24.25 5
      vertex 11.7 42 5
    endloop
  endfacet
  facet normal -0 0 1
    outer loop
      vertex 19.4002 199.375 5
      vertex 24.25 194.95 5
      vertex 19.6263 199.574 5
    endloop
  endfacet
  facet normal 0 0 1
    outer loop
      vertex 24.25 24.25 5
      vertex 19.9919 19.15 5
      vertex 20.1249 18.8802 5
    endloop
  endfacet
  facet normal -0 0 1
    outer loop
      vertex 19.15 199.208 5
      vertex 24.25 194.95 5
      vertex 19.4002 199.375 5
    endloop
  endfacet
  facet normal 0 0 1
    outer loop
      vertex 24.25 24.25 5
      vertex 19.8247 19.4002 5
      vertex 19.9919 19.15 5
    endloop
  endfacet
  facet normal -0 0 1
    outer loop
      vertex 18.8802 199.075 5
      vertex 24.25 194.95 5
      vertex 19.15 199.208 5
    endloop
  endfacet
  facet normal 0 0 1
    outer loop
      vertex 24.25 24.25 5
      vertex 19.6263 19.6263 5
      vertex 19.8247 19.4002 5
    endloop
  endfacet
  facet normal -0 0 1
    outer loop
      vertex 18.5953 198.978 5
      vertex 24.25 194.95 5
      vertex 18.8802 199.075 5
    endloop
  endfacet
  facet normal -0 0 1
    outer loop
      vertex 11.6855 33.7781 5
      vertex 24.25 24.25 5
      vertex 11.7 34 5
    endloop
  endfacet
  facet normal -0 0 1
    outer loop
      vertex 18.3002 198.92 5
      vertex 24.25 194.95 5
      vertex 18.5953 198.978 5
    endloop
  endfacet
  facet normal 0 0 1
    outer loop
      vertex 24.25 24.25 5
      vertex 19.4002 19.8247 5
      vertex 19.6263 19.6263 5
    endloop
  endfacet
  facet normal -0 0 1
    outer loop
      vertex 18 198.9 5
      vertex 24.25 194.95 5
      vertex 18.3002 198.92 5
    endloop
  endfacet
  facet normal 0 0 1
    outer loop
      vertex 24.25 24.25 5
      vertex 19.15 19.9919 5
      vertex 19.4002 19.8247 5
    endloop
  endfacet
  facet normal 0 0 1
    outer loop
      vertex 11.3487 186.235 5
      vertex 24.25 194.95 5
      vertex 18 198.9 5
    endloop
  endfacet
  facet normal -0 0 1
    outer loop
      vertex 11.6421 33.56 5
      vertex 24.25 24.25 5
      vertex 11.6855 33.7781 5
    endloop
  endfacet
  facet normal 0 0 1
    outer loop
      vertex 11.3487 186.235 5
      vertex 18 198.9 5
      vertex 17.6998 198.92 5
    endloop
  endfacet
  facet normal 0 0 1
    outer loop
      vertex 24.25 24.25 5
      vertex 18.8802 20.1249 5
      vertex 19.15 19.9919 5
    endloop
  endfacet
  facet normal 0 0 1
    outer loop
      vertex 11.2021 186.402 5
      vertex 17.6998 198.92 5
      vertex 17.4047 198.978 5
    endloop
  endfacet
  facet normal -0 0 1
    outer loop
      vertex 11.5706 33.3494 5
      vertex 24.25 24.25 5
      vertex 11.6421 33.56 5
    endloop
  endfacet
  facet normal 0 0 1
    outer loop
      vertex 11.0349 186.549 5
      vertex 17.4047 198.978 5
      vertex 17.1198 199.075 5
    endloop
  endfacet
  facet normal 0 0 1
    outer loop
      vertex 24.25 24.25 5
      vertex 18.5953 20.2216 5
      vertex 18.8802 20.1249 5
    endloop
  endfacet
  facet normal 0 0 1
    outer loop
      vertex 10.85 186.672 5
      vertex 17.1198 199.075 5
      vertex 16.85 199.208 5
    endloop
  endfacet
  facet normal -0 0 1
    outer loop
      vertex 11.4722 33.15 5
      vertex 24.25 24.25 5
      vertex 11.5706 33.3494 5
    endloop
  endfacet
  facet normal 0 0 1
    outer loop
      vertex 10.6506 186.771 5
      vertex 16.85 199.208 5
      vertex 16.5998 199.375 5
    endloop
  endfacet
  facet normal 0 0 1
    outer loop
      vertex 24.25 24.25 5
      vertex 18.3002 20.2803 5
      vertex 18.5953 20.2216 5
    endloop
  endfacet
  facet normal 0 0 1
    outer loop
      vertex 10.44 186.842 5
      vertex 16.5998 199.375 5
      vertex 16.3737 199.574 5
    endloop
  endfacet
  facet normal -0 0 1
    outer loop
      vertex 11.3487 32.9651 5
      vertex 24.25 24.25 5
      vertex 11.4722 33.15 5
    endloop
  endfacet
  facet normal 0 0 1
    outer loop
      vertex 10 186.9 5
      vertex 16.3737 199.574 5
      vertex 16.1753 199.8 5
    endloop
  endfacet
  facet normal 0 0 1
    outer loop
      vertex 24.25 24.25 5
      vertex 18 20.3 5
      vertex 18.3002 20.2803 5
    endloop
  endfacet
  facet normal 0 0 1
    outer loop
      vertex 9.7781 186.885 5
      vertex 16.1753 199.8 5
      vertex 16.0081 200.05 5
    endloop
  endfacet
  facet normal 0 0 1
    outer loop
      vertex 24.25 24.25 5
      vertex 11.3487 32.9651 5
      vertex 18 20.3 5
    endloop
  endfacet
  facet normal 0 0 1
    outer loop
      vertex 9.56001 186.842 5
      vertex 16.0081 200.05 5
      vertex 15.8751 200.32 5
    endloop
  endfacet
  facet normal 0 0 1
    outer loop
      vertex 18 20.3 5
      vertex 11.3487 32.9651 5
      vertex 17.6998 20.2803 5
    endloop
  endfacet
  facet normal 0 0 1
    outer loop
      vertex 9.34944 186.771 5
      vertex 15.8751 200.32 5
      vertex 15.7784 200.605 5
    endloop
  endfacet
  facet normal -0 0 1
    outer loop
      vertex 11.2021 32.7979 5
      vertex 17.6998 20.2803 5
      vertex 11.3487 32.9651 5
    endloop
  endfacet
  facet normal 0 0 1
    outer loop
      vertex 9.15 186.672 5
      vertex 15.7784 200.605 5
      vertex 15.7197 200.9 5
    endloop
  endfacet
  facet normal 0 0 1
    outer loop
      vertex 17.6998 20.2803 5
      vertex 11.2021 32.7979 5
      vertex 17.4047 20.2216 5
    endloop
  endfacet
  facet normal 0 0 1
    outer loop
      vertex 0 215.2 5
      vertex 15.7197 200.9 5
      vertex 15.7 201.2 5
    endloop
  endfacet
  facet normal -0 0 1
    outer loop
      vertex 11.0349 32.6513 5
      vertex 17.4047 20.2216 5
      vertex 11.2021 32.7979 5
    endloop
  endfacet
  facet normal -0 0 1
    outer loop
      vertex 194.95 194.95 5
      vertex 206.549 178.771 5
      vertex 201.5 198.92 5
    endloop
  endfacet
  facet normal 0 0 1
    outer loop
      vertex 205.5 42 5
      vertex 203.48 18.3002 5
      vertex 203.5 18 5
    endloop
  endfacet
  facet normal 0 0 1
    outer loop
      vertex 206.549 178.771 5
      vertex 194.95 194.95 5
      vertex 206.35 178.672 5
    endloop
  endfacet
  facet normal 0 0 1
    outer loop
      vertex 205.5 42 5
      vertex 203.422 18.5953 5
      vertex 203.48 18.3002 5
    endloop
  endfacet
  facet normal 0 0 1
    outer loop
      vertex 206.35 178.672 5
      vertex 194.95 194.95 5
      vertex 206.165 178.549 5
    endloop
  endfacet
  facet normal 0 0 1
    outer loop
      vertex 205.5 42 5
      vertex 203.325 18.8802 5
      vertex 203.422 18.5953 5
    endloop
  endfacet
  facet normal 0 0 1
    outer loop
      vertex 206.165 178.549 5
      vertex 194.95 194.95 5
      vertex 205.998 178.402 5
    endloop
  endfacet
  facet normal 0 0 1
    outer loop
      vertex 205.5 42 5
      vertex 203.192 19.15 5
      vertex 203.325 18.8802 5
    endloop
  endfacet
  facet normal 0 0 1
    outer loop
      vertex 205.998 178.402 5
      vertex 194.95 194.95 5
      vertex 205.851 178.235 5
    endloop
  endfacet
  facet normal 0 0 1
    outer loop
      vertex 205.5 42 5
      vertex 203.025 19.4002 5
      vertex 203.192 19.15 5
    endloop
  endfacet
  facet normal 0 0 1
    outer loop
      vertex 205.851 178.235 5
      vertex 194.95 194.95 5
      vertex 205.728 178.05 5
    endloop
  endfacet
  facet normal 0 0 1
    outer loop
      vertex 205.5 42 5
      vertex 202.826 19.6263 5
      vertex 203.025 19.4002 5
    endloop
  endfacet
  facet normal 0 0 1
    outer loop
      vertex 205.728 178.05 5
      vertex 194.95 194.95 5
      vertex 205.629 177.851 5
    endloop
  endfacet
  facet normal 0 0 1
    outer loop
      vertex 205.5 42 5
      vertex 202.6 19.8247 5
      vertex 202.826 19.6263 5
    endloop
  endfacet
  facet normal 0 0 1
    outer loop
      vertex 205.5 177.2 5
      vertex 194.95 194.95 5
      vertex 205.5 42 5
    endloop
  endfacet
  facet normal 0 0 1
    outer loop
      vertex 205.5 42 5
      vertex 202.35 19.9919 5
      vertex 202.6 19.8247 5
    endloop
  endfacet
  facet normal 0 0 1
    outer loop
      vertex 205.629 177.851 5
      vertex 194.95 194.95 5
      vertex 205.558 177.64 5
    endloop
  endfacet
  facet normal 0 0 1
    outer loop
      vertex 194.95 24.25 5
      vertex 205.5 42 5
      vertex 194.95 194.95 5
    endloop
  endfacet
  facet normal 0 0 1
    outer loop
      vertex 205.558 177.64 5
      vertex 194.95 194.95 5
      vertex 205.515 177.422 5
    endloop
  endfacet
  facet normal 0 -0 1
    outer loop
      vertex 201.5 20.2803 5
      vertex 205.5 42 5
      vertex 194.95 24.25 5
    endloop
  endfacet
  facet normal 0 0 1
    outer loop
      vertex 205.515 177.422 5
      vertex 194.95 194.95 5
      vertex 205.5 177.2 5
    endloop
  endfacet
  facet normal 0 0 1
    outer loop
      vertex 205.5 42 5
      vertex 202.08 20.1249 5
      vertex 202.35 19.9919 5
    endloop
  endfacet
  facet normal 0 0 1
    outer loop
      vertex 194.95 194.95 5
      vertex 201.5 198.92 5
      vertex 201.2 198.9 5
    endloop
  endfacet
  facet normal 0 0 1
    outer loop
      vertex 205.5 42 5
      vertex 201.795 20.2216 5
      vertex 202.08 20.1249 5
    endloop
  endfacet
  facet normal 0 0 1
    outer loop
      vertex 194.95 194.95 5
      vertex 201.2 198.9 5
      vertex 200.9 198.92 5
    endloop
  endfacet
  facet normal 0 0 1
    outer loop
      vertex 205.5 42 5
      vertex 201.5 20.2803 5
      vertex 201.795 20.2216 5
    endloop
  endfacet
  facet normal 0 0 1
    outer loop
      vertex 194.95 194.95 5
      vertex 200.9 198.92 5
      vertex 200.605 198.978 5
    endloop
  endfacet
  facet normal 0 0 1
    outer loop
      vertex 201.5 20.2803 5
      vertex 194.95 24.25 5
      vertex 201.2 20.3 5
    endloop
  endfacet
  facet normal 0 0 1
    outer loop
      vertex 194.95 194.95 5
      vertex 200.605 198.978 5
      vertex 200.32 199.075 5
    endloop
  endfacet
  facet normal 0 0 1
    outer loop
      vertex 201.2 20.3 5
      vertex 194.95 24.25 5
      vertex 200.9 20.2803 5
    endloop
  endfacet
  facet normal 0 0 1
    outer loop
      vertex 194.95 194.95 5
      vertex 200.32 199.075 5
      vertex 200.05 199.208 5
    endloop
  endfacet
  facet normal 0 0 1
    outer loop
      vertex 200.9 20.2803 5
      vertex 194.95 24.25 5
      vertex 200.605 20.2216 5
    endloop
  endfacet
  facet normal 0 0 1
    outer loop
      vertex 194.95 194.95 5
      vertex 200.05 199.208 5
      vertex 199.8 199.375 5
    endloop
  endfacet
  facet normal 0 0 1
    outer loop
      vertex 200.605 20.2216 5
      vertex 194.95 24.25 5
      vertex 200.32 20.1249 5
    endloop
  endfacet
  facet normal 0 0 1
    outer loop
      vertex 194.95 194.95 5
      vertex 199.8 199.375 5
      vertex 199.574 199.574 5
    endloop
  endfacet
  facet normal 0 0 1
    outer loop
      vertex 200.32 20.1249 5
      vertex 194.95 24.25 5
      vertex 200.05 19.9919 5
    endloop
  endfacet
  facet normal 0 0 1
    outer loop
      vertex 194.95 194.95 5
      vertex 199.574 199.574 5
      vertex 199.375 199.8 5
    endloop
  endfacet
  facet normal 0 0 1
    outer loop
      vertex 200.05 19.9919 5
      vertex 194.95 24.25 5
      vertex 199.8 19.8247 5
    endloop
  endfacet
  facet normal 0 0 1
    outer loop
      vertex 194.95 194.95 5
      vertex 199.375 199.8 5
      vertex 199.208 200.05 5
    endloop
  endfacet
  facet normal 0 0 1
    outer loop
      vertex 199.8 19.8247 5
      vertex 194.95 24.25 5
      vertex 199.574 19.6263 5
    endloop
  endfacet
  facet normal 0 0 1
    outer loop
      vertex 194.95 194.95 5
      vertex 199.208 200.05 5
      vertex 199.075 200.32 5
    endloop
  endfacet
  facet normal 0 0 1
    outer loop
      vertex 199.574 19.6263 5
      vertex 194.95 24.25 5
      vertex 199.375 19.4002 5
    endloop
  endfacet
  facet normal 0 0 1
    outer loop
      vertex 194.95 194.95 5
      vertex 199.075 200.32 5
      vertex 198.978 200.605 5
    endloop
  endfacet
  facet normal 0 0 1
    outer loop
      vertex 199.375 19.4002 5
      vertex 194.95 24.25 5
      vertex 199.208 19.15 5
    endloop
  endfacet
  facet normal 0 0 1
    outer loop
      vertex 194.95 194.95 5
      vertex 198.978 200.605 5
      vertex 198.92 200.9 5
    endloop
  endfacet
  facet normal 0 0 1
    outer loop
      vertex 199.208 19.15 5
      vertex 194.95 24.25 5
      vertex 199.075 18.8802 5
    endloop
  endfacet
  facet normal 0 0 1
    outer loop
      vertex 194.95 194.95 5
      vertex 198.92 200.9 5
      vertex 198.9 201.2 5
    endloop
  endfacet
  facet normal 0 0 1
    outer loop
      vertex 199.075 18.8802 5
      vertex 194.95 24.25 5
      vertex 198.978 18.5953 5
    endloop
  endfacet
  facet normal -0 0 1
    outer loop
      vertex 208.885 42.2219 5
      vertex 219.2 4 5
      vertex 208.885 176.978 5
    endloop
  endfacet
  facet normal 0 0 1
    outer loop
      vertex 219.2 4 5
      vertex 208.885 42.2219 5
      vertex 208.9 42 5
    endloop
  endfacet
  facet normal -0 0 1
    outer loop
      vertex 208.842 176.76 5
      vertex 208.885 42.2219 5
      vertex 208.885 176.978 5
    endloop
  endfacet
  facet normal 0 0 1
    outer loop
      vertex 208.842 176.76 5
      vertex 208.842 42.44 5
      vertex 208.885 42.2219 5
    endloop
  endfacet
  facet normal -0 0 1
    outer loop
      vertex 208.771 176.549 5
      vertex 208.842 42.44 5
      vertex 208.842 176.76 5
    endloop
  endfacet
  facet normal 0 0 1
    outer loop
      vertex 208.771 176.549 5
      vertex 208.771 42.6506 5
      vertex 208.842 42.44 5
    endloop
  endfacet
  facet normal -0 0 1
    outer loop
      vertex 208.672 176.35 5
      vertex 208.771 42.6506 5
      vertex 208.771 176.549 5
    endloop
  endfacet
  facet normal 0 0 1
    outer loop
      vertex 208.672 176.35 5
      vertex 208.672 42.85 5
      vertex 208.771 42.6506 5
    endloop
  endfacet
  facet normal -0 0 1
    outer loop
      vertex 208.549 176.165 5
      vertex 208.672 42.85 5
      vertex 208.672 176.35 5
    endloop
  endfacet
  facet normal 0 0 1
    outer loop
      vertex 208.549 176.165 5
      vertex 208.549 43.0349 5
      vertex 208.672 42.85 5
    endloop
  endfacet
  facet normal -0 0 1
    outer loop
      vertex 208.402 175.998 5
      vertex 208.549 43.0349 5
      vertex 208.549 176.165 5
    endloop
  endfacet
  facet normal 0 0 1
    outer loop
      vertex 208.402 175.998 5
      vertex 208.402 43.2021 5
      vertex 208.549 43.0349 5
    endloop
  endfacet
  facet normal -0 0 1
    outer loop
      vertex 208.235 175.851 5
      vertex 208.402 43.2021 5
      vertex 208.402 175.998 5
    endloop
  endfacet
  facet normal 0 0 1
    outer loop
      vertex 208.235 175.851 5
      vertex 208.235 43.3487 5
      vertex 208.402 43.2021 5
    endloop
  endfacet
  facet normal -0 0 1
    outer loop
      vertex 208.05 175.728 5
      vertex 208.235 43.3487 5
      vertex 208.235 175.851 5
    endloop
  endfacet
  facet normal 0 0 1
    outer loop
      vertex 208.05 175.728 5
      vertex 208.05 43.4722 5
      vertex 208.235 43.3487 5
    endloop
  endfacet
  facet normal -0 0 1
    outer loop
      vertex 207.851 175.629 5
      vertex 208.05 43.4722 5
      vertex 208.05 175.728 5
    endloop
  endfacet
  facet normal 0 0 1
    outer loop
      vertex 207.851 175.629 5
      vertex 207.851 43.5706 5
      vertex 208.05 43.4722 5
    endloop
  endfacet
  facet normal -0 0 1
    outer loop
      vertex 207.64 175.558 5
      vertex 207.851 43.5706 5
      vertex 207.851 175.629 5
    endloop
  endfacet
  facet normal 0 0 1
    outer loop
      vertex 207.64 175.558 5
      vertex 207.64 43.6421 5
      vertex 207.851 43.5706 5
    endloop
  endfacet
  facet normal -0 0 1
    outer loop
      vertex 207.422 175.515 5
      vertex 207.64 43.6421 5
      vertex 207.64 175.558 5
    endloop
  endfacet
  facet normal 0 0 1
    outer loop
      vertex 207.422 175.515 5
      vertex 207.422 43.6855 5
      vertex 207.64 43.6421 5
    endloop
  endfacet
  facet normal -0 0 1
    outer loop
      vertex 207.2 175.5 5
      vertex 207.422 43.6855 5
      vertex 207.422 175.515 5
    endloop
  endfacet
  facet normal 0 0 1
    outer loop
      vertex 207.2 175.5 5
      vertex 207.2 43.7 5
      vertex 207.422 43.6855 5
    endloop
  endfacet
  facet normal 0 0 1
    outer loop
      vertex 206.978 175.515 5
      vertex 207.2 43.7 5
      vertex 207.2 175.5 5
    endloop
  endfacet
  facet normal 0 0 1
    outer loop
      vertex 206.978 175.515 5
      vertex 206.978 43.6855 5
      vertex 207.2 43.7 5
    endloop
  endfacet
  facet normal 0 0 1
    outer loop
      vertex 206.76 175.558 5
      vertex 206.978 43.6855 5
      vertex 206.978 175.515 5
    endloop
  endfacet
  facet normal 0 0 1
    outer loop
      vertex 206.76 175.558 5
      vertex 206.76 43.6421 5
      vertex 206.978 43.6855 5
    endloop
  endfacet
  facet normal 0 0 1
    outer loop
      vertex 206.549 175.629 5
      vertex 206.76 43.6421 5
      vertex 206.76 175.558 5
    endloop
  endfacet
  facet normal 0 0 1
    outer loop
      vertex 206.549 175.629 5
      vertex 206.549 43.5706 5
      vertex 206.76 43.6421 5
    endloop
  endfacet
  facet normal 0 0 1
    outer loop
      vertex 206.35 175.728 5
      vertex 206.549 43.5706 5
      vertex 206.549 175.629 5
    endloop
  endfacet
  facet normal 0 0 1
    outer loop
      vertex 206.35 175.728 5
      vertex 206.35 43.4722 5
      vertex 206.549 43.5706 5
    endloop
  endfacet
  facet normal 0 0 1
    outer loop
      vertex 206.165 175.851 5
      vertex 206.35 43.4722 5
      vertex 206.35 175.728 5
    endloop
  endfacet
  facet normal 0 0 1
    outer loop
      vertex 206.165 175.851 5
      vertex 206.165 43.3487 5
      vertex 206.35 43.4722 5
    endloop
  endfacet
  facet normal 0 0 1
    outer loop
      vertex 205.998 175.998 5
      vertex 206.165 43.3487 5
      vertex 206.165 175.851 5
    endloop
  endfacet
  facet normal 0 0 1
    outer loop
      vertex 205.998 175.998 5
      vertex 205.998 43.2021 5
      vertex 206.165 43.3487 5
    endloop
  endfacet
  facet normal 0 0 1
    outer loop
      vertex 205.851 176.165 5
      vertex 205.998 43.2021 5
      vertex 205.998 175.998 5
    endloop
  endfacet
  facet normal 0 0 1
    outer loop
      vertex 205.851 176.165 5
      vertex 205.851 43.0349 5
      vertex 205.998 43.2021 5
    endloop
  endfacet
  facet normal 0 0 1
    outer loop
      vertex 205.728 176.35 5
      vertex 205.851 43.0349 5
      vertex 205.851 176.165 5
    endloop
  endfacet
  facet normal 0 0 1
    outer loop
      vertex 205.728 176.35 5
      vertex 205.728 42.85 5
      vertex 205.851 43.0349 5
    endloop
  endfacet
  facet normal 0 0 1
    outer loop
      vertex 205.629 176.549 5
      vertex 205.728 42.85 5
      vertex 205.728 176.35 5
    endloop
  endfacet
  facet normal 0 0 1
    outer loop
      vertex 205.629 176.549 5
      vertex 205.629 42.6506 5
      vertex 205.728 42.85 5
    endloop
  endfacet
  facet normal 0 0 1
    outer loop
      vertex 205.558 176.76 5
      vertex 205.629 42.6506 5
      vertex 205.629 176.549 5
    endloop
  endfacet
  facet normal 0 0 1
    outer loop
      vertex 205.558 176.76 5
      vertex 205.558 42.44 5
      vertex 205.629 42.6506 5
    endloop
  endfacet
  facet normal 0 0 1
    outer loop
      vertex 205.515 176.978 5
      vertex 205.558 42.44 5
      vertex 205.558 176.76 5
    endloop
  endfacet
  facet normal 0 0 1
    outer loop
      vertex 205.515 176.978 5
      vertex 205.515 42.2219 5
      vertex 205.558 42.44 5
    endloop
  endfacet
  facet normal 0 0 1
    outer loop
      vertex 205.5 177.2 5
      vertex 205.515 42.2219 5
      vertex 205.515 176.978 5
    endloop
  endfacet
  facet normal 0 0 1
    outer loop
      vertex 205.515 42.2219 5
      vertex 205.5 177.2 5
      vertex 205.5 42 5
    endloop
  endfacet
  facet normal 0 0 1
    outer loop
      vertex 215.2 219.2 5
      vertex 219.2 215.2 5
      vertex 219.166 215.722 5
    endloop
  endfacet
  facet normal 0 0 1
    outer loop
      vertex 208.885 176.978 5
      vertex 219.2 215.2 5
      vertex 208.9 177.2 5
    endloop
  endfacet
  facet normal 0 0 1
    outer loop
      vertex 215.2 219.2 5
      vertex 219.166 215.722 5
      vertex 219.064 216.235 5
    endloop
  endfacet
  facet normal 0 0 1
    outer loop
      vertex 219.2 215.2 5
      vertex 208.885 176.978 5
      vertex 219.2 4 5
    endloop
  endfacet
  facet normal 0 0 1
    outer loop
      vertex 215.2 219.2 5
      vertex 219.064 216.235 5
      vertex 218.896 216.731 5
    endloop
  endfacet
  facet normal -0 0 1
    outer loop
      vertex 208.885 41.7781 5
      vertex 219.2 4 5
      vertex 208.9 42 5
    endloop
  endfacet
  facet normal 0 0 1
    outer loop
      vertex 215.2 219.2 5
      vertex 218.896 216.731 5
      vertex 218.664 217.2 5
    endloop
  endfacet
  facet normal -0 0 1
    outer loop
      vertex 208.842 41.56 5
      vertex 219.2 4 5
      vertex 208.885 41.7781 5
    endloop
  endfacet
  facet normal 0 0 1
    outer loop
      vertex 215.2 219.2 5
      vertex 218.664 217.2 5
      vertex 218.373 217.635 5
    endloop
  endfacet
  facet normal -0 0 1
    outer loop
      vertex 208.771 41.3494 5
      vertex 219.2 4 5
      vertex 208.842 41.56 5
    endloop
  endfacet
  facet normal 0 0 1
    outer loop
      vertex 215.2 219.2 5
      vertex 218.373 217.635 5
      vertex 218.028 218.028 5
    endloop
  endfacet
  facet normal -0 0 1
    outer loop
      vertex 208.672 41.15 5
      vertex 219.2 4 5
      vertex 208.771 41.3494 5
    endloop
  endfacet
  facet normal 0 0 1
    outer loop
      vertex 215.2 219.2 5
      vertex 218.028 218.028 5
      vertex 217.635 218.373 5
    endloop
  endfacet
  facet normal -0 0 1
    outer loop
      vertex 208.549 40.9651 5
      vertex 219.2 4 5
      vertex 208.672 41.15 5
    endloop
  endfacet
  facet normal 0 0 1
    outer loop
      vertex 215.2 219.2 5
      vertex 217.635 218.373 5
      vertex 217.2 218.664 5
    endloop
  endfacet
  facet normal -0 0 1
    outer loop
      vertex 208.402 40.7979 5
      vertex 219.2 4 5
      vertex 208.549 40.9651 5
    endloop
  endfacet
  facet normal 0 0 1
    outer loop
      vertex 215.2 219.2 5
      vertex 217.2 218.664 5
      vertex 216.731 218.896 5
    endloop
  endfacet
  facet normal -0 0 1
    outer loop
      vertex 203.5 18 5
      vertex 219.2 4 5
      vertex 208.402 40.7979 5
    endloop
  endfacet
  facet normal 0 0 1
    outer loop
      vertex 215.2 219.2 5
      vertex 216.731 218.896 5
      vertex 216.235 219.064 5
    endloop
  endfacet
  facet normal -0 0 1
    outer loop
      vertex 203.48 17.6998 5
      vertex 219.2 4 5
      vertex 203.5 18 5
    endloop
  endfacet
  facet normal 0 0 1
    outer loop
      vertex 215.2 219.2 5
      vertex 216.235 219.064 5
      vertex 215.722 219.166 5
    endloop
  endfacet
  facet normal -0 0 1
    outer loop
      vertex 203.422 17.4047 5
      vertex 219.2 4 5
      vertex 203.48 17.6998 5
    endloop
  endfacet
  facet normal 0 0 1
    outer loop
      vertex 219.2 215.2 5
      vertex 215.2 219.2 5
      vertex 202.826 202.826 5
    endloop
  endfacet
  facet normal -0 0 1
    outer loop
      vertex 203.192 16.85 5
      vertex 219.2 4 5
      vertex 203.325 17.1198 5
    endloop
  endfacet
  facet normal -0 0 1
    outer loop
      vertex 203.025 16.5998 5
      vertex 219.2 4 5
      vertex 203.192 16.85 5
    endloop
  endfacet
  facet normal 0 0 1
    outer loop
      vertex 219.2 215.2 5
      vertex 208.885 177.422 5
      vertex 208.9 177.2 5
    endloop
  endfacet
  facet normal 0 0 1
    outer loop
      vertex 219.2 215.2 5
      vertex 208.842 177.64 5
      vertex 208.885 177.422 5
    endloop
  endfacet
  facet normal 0 0 1
    outer loop
      vertex 219.2 215.2 5
      vertex 208.771 177.851 5
      vertex 208.842 177.64 5
    endloop
  endfacet
  facet normal 0 0 1
    outer loop
      vertex 219.2 215.2 5
      vertex 208.672 178.05 5
      vertex 208.771 177.851 5
    endloop
  endfacet
  facet normal 0 0 1
    outer loop
      vertex 219.2 215.2 5
      vertex 208.549 178.235 5
      vertex 208.672 178.05 5
    endloop
  endfacet
  facet normal 0 0 1
    outer loop
      vertex 203.48 200.9 5
      vertex 219.2 215.2 5
      vertex 203.5 201.2 5
    endloop
  endfacet
  facet normal 0 0 1
    outer loop
      vertex 219.2 215.2 5
      vertex 208.402 178.402 5
      vertex 208.549 178.235 5
    endloop
  endfacet
  facet normal 0 0 1
    outer loop
      vertex 203.422 200.605 5
      vertex 219.2 215.2 5
      vertex 203.48 200.9 5
    endloop
  endfacet
  facet normal 0 0 1
    outer loop
      vertex 219.2 215.2 5
      vertex 203.422 200.605 5
      vertex 208.402 178.402 5
    endloop
  endfacet
  facet normal -0 0 1
    outer loop
      vertex 203.325 200.32 5
      vertex 208.402 178.402 5
      vertex 203.422 200.605 5
    endloop
  endfacet
  facet normal 0 0 1
    outer loop
      vertex 208.402 178.402 5
      vertex 203.325 200.32 5
      vertex 208.235 178.549 5
    endloop
  endfacet
  facet normal -0 0 1
    outer loop
      vertex 203.192 200.05 5
      vertex 208.235 178.549 5
      vertex 203.325 200.32 5
    endloop
  endfacet
  facet normal 0 0 1
    outer loop
      vertex 208.235 178.549 5
      vertex 203.192 200.05 5
      vertex 208.05 178.672 5
    endloop
  endfacet
  facet normal -0 0 1
    outer loop
      vertex 203.025 199.8 5
      vertex 208.05 178.672 5
      vertex 203.192 200.05 5
    endloop
  endfacet
  facet normal 0 0 1
    outer loop
      vertex 208.05 178.672 5
      vertex 203.025 199.8 5
      vertex 207.851 178.771 5
    endloop
  endfacet
  facet normal -0 0 1
    outer loop
      vertex 202.826 199.574 5
      vertex 207.851 178.771 5
      vertex 203.025 199.8 5
    endloop
  endfacet
  facet normal 0 0 1
    outer loop
      vertex 207.851 178.771 5
      vertex 202.826 199.574 5
      vertex 207.64 178.842 5
    endloop
  endfacet
  facet normal -0 0 1
    outer loop
      vertex 202.6 199.375 5
      vertex 207.64 178.842 5
      vertex 202.826 199.574 5
    endloop
  endfacet
  facet normal 0 0 1
    outer loop
      vertex 207.64 178.842 5
      vertex 202.6 199.375 5
      vertex 207.422 178.885 5
    endloop
  endfacet
  facet normal -0 0 1
    outer loop
      vertex 202.35 199.208 5
      vertex 207.422 178.885 5
      vertex 202.6 199.375 5
    endloop
  endfacet
  facet normal 0 0 1
    outer loop
      vertex 207.422 178.885 5
      vertex 202.35 199.208 5
      vertex 207.2 178.9 5
    endloop
  endfacet
  facet normal -0 0 1
    outer loop
      vertex 202.08 199.075 5
      vertex 207.2 178.9 5
      vertex 202.35 199.208 5
    endloop
  endfacet
  facet normal -0 0 1
    outer loop
      vertex 201.5 198.92 5
      vertex 206.76 178.842 5
      vertex 201.795 198.978 5
    endloop
  endfacet
  facet normal 0 0 1
    outer loop
      vertex 206.978 178.885 5
      vertex 201.795 198.978 5
      vertex 206.76 178.842 5
    endloop
  endfacet
  facet normal -0 0 1
    outer loop
      vertex 201.795 198.978 5
      vertex 206.978 178.885 5
      vertex 202.08 199.075 5
    endloop
  endfacet
  facet normal 0 0 1
    outer loop
      vertex 207.2 178.9 5
      vertex 202.08 199.075 5
      vertex 206.978 178.885 5
    endloop
  endfacet
  facet normal 0 0 1
    outer loop
      vertex 219.2 215.2 5
      vertex 203.48 201.5 5
      vertex 203.5 201.2 5
    endloop
  endfacet
  facet normal 0 0 1
    outer loop
      vertex 219.2 215.2 5
      vertex 203.422 201.795 5
      vertex 203.48 201.5 5
    endloop
  endfacet
  facet normal 0 0 1
    outer loop
      vertex 219.2 215.2 5
      vertex 203.325 202.08 5
      vertex 203.422 201.795 5
    endloop
  endfacet
  facet normal 0 0 1
    outer loop
      vertex 219.2 215.2 5
      vertex 203.192 202.35 5
      vertex 203.325 202.08 5
    endloop
  endfacet
  facet normal 0 0 1
    outer loop
      vertex 219.2 215.2 5
      vertex 203.025 202.6 5
      vertex 203.192 202.35 5
    endloop
  endfacet
  facet normal 0 0 1
    outer loop
      vertex 219.2 215.2 5
      vertex 202.826 202.826 5
      vertex 203.025 202.6 5
    endloop
  endfacet
  facet normal 0 0 1
    outer loop
      vertex 215.2 219.2 5
      vertex 202.6 203.025 5
      vertex 202.826 202.826 5
    endloop
  endfacet
  facet normal 0 0 1
    outer loop
      vertex 215.2 219.2 5
      vertex 202.35 203.192 5
      vertex 202.6 203.025 5
    endloop
  endfacet
  facet normal 0 0 1
    outer loop
      vertex 215.2 219.2 5
      vertex 202.08 203.325 5
      vertex 202.35 203.192 5
    endloop
  endfacet
  facet normal 0 0 1
    outer loop
      vertex 215.2 219.2 5
      vertex 201.795 203.422 5
      vertex 202.08 203.325 5
    endloop
  endfacet
  facet normal 0 0 1
    outer loop
      vertex 215.2 219.2 5
      vertex 201.5 203.48 5
      vertex 201.795 203.422 5
    endloop
  endfacet
  facet normal 0 0 1
    outer loop
      vertex 215.2 219.2 5
      vertex 201.2 203.5 5
      vertex 201.5 203.48 5
    endloop
  endfacet
  facet normal 0 0 1
    outer loop
      vertex 215.2 219.2 5
      vertex 200.9 203.48 5
      vertex 201.2 203.5 5
    endloop
  endfacet
  facet normal 0 0 1
    outer loop
      vertex 215.2 219.2 5
      vertex 200.605 203.422 5
      vertex 200.9 203.48 5
    endloop
  endfacet
  facet normal 0 0 1
    outer loop
      vertex 215.2 219.2 5
      vertex 200.32 203.325 5
      vertex 200.605 203.422 5
    endloop
  endfacet
  facet normal 0 0 1
    outer loop
      vertex 215.2 219.2 5
      vertex 200.05 203.192 5
      vertex 200.32 203.325 5
    endloop
  endfacet
  facet normal -0 0 1
    outer loop
      vertex 139.802 210.402 5
      vertex 200.05 203.192 5
      vertex 215.2 219.2 5
    endloop
  endfacet
  facet normal 0 0 1
    outer loop
      vertex 200.05 203.192 5
      vertex 139.802 210.402 5
      vertex 199.8 203.025 5
    endloop
  endfacet
  facet normal 0 0 1
    outer loop
      vertex 198.978 18.5953 5
      vertex 194.95 24.25 5
      vertex 198.92 18.3002 5
    endloop
  endfacet
  facet normal 0 0 1
    outer loop
      vertex 198.92 201.5 5
      vertex 194.95 194.95 5
      vertex 198.9 201.2 5
    endloop
  endfacet
  facet normal 0 0 1
    outer loop
      vertex 198.978 201.795 5
      vertex 194.95 194.95 5
      vertex 198.92 201.5 5
    endloop
  endfacet
  facet normal 0 0 1
    outer loop
      vertex 199.075 202.08 5
      vertex 194.95 194.95 5
      vertex 198.978 201.795 5
    endloop
  endfacet
  facet normal 0 0 1
    outer loop
      vertex 140.242 209.64 5
      vertex 199.075 202.08 5
      vertex 199.208 202.35 5
    endloop
  endfacet
  facet normal 0 0 1
    outer loop
      vertex 199.075 202.08 5
      vertex 140.285 209.422 5
      vertex 194.95 194.95 5
    endloop
  endfacet
  facet normal 0 0 1
    outer loop
      vertex 140.171 209.851 5
      vertex 199.208 202.35 5
      vertex 199.375 202.6 5
    endloop
  endfacet
  facet normal 0 0 1
    outer loop
      vertex 140.072 210.05 5
      vertex 199.375 202.6 5
      vertex 199.574 202.826 5
    endloop
  endfacet
  facet normal -0 -0 1
    outer loop
      vertex 139.949 210.235 5
      vertex 199.8 203.025 5
      vertex 139.802 210.402 5
    endloop
  endfacet
  facet normal 0 0 1
    outer loop
      vertex 194.95 194.95 5
      vertex 140.285 209.422 5
      vertex 140.3 209.2 5
    endloop
  endfacet
  facet normal 0 0 1
    outer loop
      vertex 199.075 202.08 5
      vertex 140.242 209.64 5
      vertex 140.285 209.422 5
    endloop
  endfacet
  facet normal 0 0 1
    outer loop
      vertex 199.208 202.35 5
      vertex 140.171 209.851 5
      vertex 140.242 209.64 5
    endloop
  endfacet
  facet normal 0 0 1
    outer loop
      vertex 199.375 202.6 5
      vertex 140.072 210.05 5
      vertex 140.171 209.851 5
    endloop
  endfacet
  facet normal 0 0 1
    outer loop
      vertex 199.574 202.826 5
      vertex 139.949 210.235 5
      vertex 140.072 210.05 5
    endloop
  endfacet
  facet normal 0 0 1
    outer loop
      vertex 199.8 203.025 5
      vertex 139.949 210.235 5
      vertex 199.574 202.826 5
    endloop
  endfacet
  facet normal 0 0 1
    outer loop
      vertex 215.2 219.2 5
      vertex 139.635 210.549 5
      vertex 139.802 210.402 5
    endloop
  endfacet
  facet normal 0 0 1
    outer loop
      vertex 215.2 219.2 5
      vertex 139.45 210.672 5
      vertex 139.635 210.549 5
    endloop
  endfacet
  facet normal 0 0 1
    outer loop
      vertex 215.2 219.2 5
      vertex 139.251 210.771 5
      vertex 139.45 210.672 5
    endloop
  endfacet
  facet normal 0 0 1
    outer loop
      vertex 215.2 219.2 5
      vertex 139.04 210.842 5
      vertex 139.251 210.771 5
    endloop
  endfacet
  facet normal 0 0 1
    outer loop
      vertex 215.2 219.2 5
      vertex 138.822 210.885 5
      vertex 139.04 210.842 5
    endloop
  endfacet
  facet normal 0 0 1
    outer loop
      vertex 215.2 219.2 5
      vertex 138.6 210.9 5
      vertex 138.822 210.885 5
    endloop
  endfacet
  facet normal 0 0 1
    outer loop
      vertex 215.2 219.2 5
      vertex 130.6 210.9 5
      vertex 138.6 210.9 5
    endloop
  endfacet
  facet normal 0 0 1
    outer loop
      vertex 88.6 210.9 5
      vertex 130.6 210.9 5
      vertex 215.2 219.2 5
    endloop
  endfacet
  facet normal 0 0 1
    outer loop
      vertex 128.915 209.422 5
      vertex 90.3 209.2 5
      vertex 128.9 209.2 5
    endloop
  endfacet
  facet normal 0 0 1
    outer loop
      vertex 90.2855 209.422 5
      vertex 128.915 209.422 5
      vertex 128.958 209.64 5
    endloop
  endfacet
  facet normal 0 0 1
    outer loop
      vertex 90.2421 209.64 5
      vertex 128.958 209.64 5
      vertex 129.029 209.851 5
    endloop
  endfacet
  facet normal 0 0 1
    outer loop
      vertex 90.1706 209.851 5
      vertex 129.029 209.851 5
      vertex 129.128 210.05 5
    endloop
  endfacet
  facet normal 0 0 1
    outer loop
      vertex 90.0722 210.05 5
      vertex 129.128 210.05 5
      vertex 129.251 210.235 5
    endloop
  endfacet
  facet normal 0 0 1
    outer loop
      vertex 89.9487 210.235 5
      vertex 129.251 210.235 5
      vertex 129.398 210.402 5
    endloop
  endfacet
  facet normal 0 0 1
    outer loop
      vertex 89.8021 210.402 5
      vertex 129.398 210.402 5
      vertex 129.565 210.549 5
    endloop
  endfacet
  facet normal 0 0 1
    outer loop
      vertex 89.6349 210.549 5
      vertex 129.565 210.549 5
      vertex 129.75 210.672 5
    endloop
  endfacet
  facet normal 0 0 1
    outer loop
      vertex 89.45 210.672 5
      vertex 129.75 210.672 5
      vertex 129.949 210.771 5
    endloop
  endfacet
  facet normal 0 0 1
    outer loop
      vertex 89.2506 210.771 5
      vertex 129.949 210.771 5
      vertex 130.16 210.842 5
    endloop
  endfacet
  facet normal 0 0 1
    outer loop
      vertex 89.04 210.842 5
      vertex 130.16 210.842 5
      vertex 130.378 210.885 5
    endloop
  endfacet
  facet normal 0 0 1
    outer loop
      vertex 130.6 210.9 5
      vertex 88.6 210.9 5
      vertex 130.378 210.885 5
    endloop
  endfacet
  facet normal 0 0 1
    outer loop
      vertex 128.915 209.422 5
      vertex 90.2855 209.422 5
      vertex 90.3 209.2 5
    endloop
  endfacet
  facet normal 0 0 1
    outer loop
      vertex 128.958 209.64 5
      vertex 90.2421 209.64 5
      vertex 90.2855 209.422 5
    endloop
  endfacet
  facet normal 0 0 1
    outer loop
      vertex 129.029 209.851 5
      vertex 90.1706 209.851 5
      vertex 90.2421 209.64 5
    endloop
  endfacet
  facet normal 0 0 1
    outer loop
      vertex 129.128 210.05 5
      vertex 90.0722 210.05 5
      vertex 90.1706 209.851 5
    endloop
  endfacet
  facet normal 0 0 1
    outer loop
      vertex 129.251 210.235 5
      vertex 89.9487 210.235 5
      vertex 90.0722 210.05 5
    endloop
  endfacet
  facet normal 0 0 1
    outer loop
      vertex 129.398 210.402 5
      vertex 89.8021 210.402 5
      vertex 89.9487 210.235 5
    endloop
  endfacet
  facet normal 0 0 1
    outer loop
      vertex 129.565 210.549 5
      vertex 89.6349 210.549 5
      vertex 89.8021 210.402 5
    endloop
  endfacet
  facet normal 0 0 1
    outer loop
      vertex 129.75 210.672 5
      vertex 89.45 210.672 5
      vertex 89.6349 210.549 5
    endloop
  endfacet
  facet normal 0 0 1
    outer loop
      vertex 129.949 210.771 5
      vertex 89.2506 210.771 5
      vertex 89.45 210.672 5
    endloop
  endfacet
  facet normal 0 0 1
    outer loop
      vertex 130.16 210.842 5
      vertex 89.04 210.842 5
      vertex 89.2506 210.771 5
    endloop
  endfacet
  facet normal 0 0 1
    outer loop
      vertex 130.378 210.885 5
      vertex 88.8219 210.885 5
      vertex 89.04 210.842 5
    endloop
  endfacet
  facet normal 0 0 1
    outer loop
      vertex 130.378 210.885 5
      vertex 88.6 210.9 5
      vertex 88.8219 210.885 5
    endloop
  endfacet
  facet normal -0 0 1
    outer loop
      vertex 4 219.2 5
      vertex 88.6 210.9 5
      vertex 215.2 219.2 5
    endloop
  endfacet
  facet normal 0 0 1
    outer loop
      vertex 78.9145 209.422 5
      vertex 24.25 194.95 5
      vertex 78.9 209.2 5
    endloop
  endfacet
  facet normal 0 0 1
    outer loop
      vertex 20.1249 202.08 5
      vertex 78.9145 209.422 5
      vertex 78.9579 209.64 5
    endloop
  endfacet
  facet normal 0 0 1
    outer loop
      vertex 19.9919 202.35 5
      vertex 78.9579 209.64 5
      vertex 79.0294 209.851 5
    endloop
  endfacet
  facet normal 0 0 1
    outer loop
      vertex 19.8247 202.6 5
      vertex 79.0294 209.851 5
      vertex 79.1278 210.05 5
    endloop
  endfacet
  facet normal 0 0 1
    outer loop
      vertex 19.6263 202.826 5
      vertex 79.1278 210.05 5
      vertex 79.2513 210.235 5
    endloop
  endfacet
  facet normal 0 0 1
    outer loop
      vertex 19.4002 203.025 5
      vertex 79.2513 210.235 5
      vertex 79.3979 210.402 5
    endloop
  endfacet
  facet normal 0 0 1
    outer loop
      vertex 4 219.2 5
      vertex 79.3979 210.402 5
      vertex 79.5651 210.549 5
    endloop
  endfacet
  facet normal 0 0 1
    outer loop
      vertex 4 219.2 5
      vertex 79.5651 210.549 5
      vertex 79.75 210.672 5
    endloop
  endfacet
  facet normal 0 0 1
    outer loop
      vertex 4 219.2 5
      vertex 79.75 210.672 5
      vertex 79.9494 210.771 5
    endloop
  endfacet
  facet normal 0 0 1
    outer loop
      vertex 4 219.2 5
      vertex 79.9494 210.771 5
      vertex 80.16 210.842 5
    endloop
  endfacet
  facet normal -0 0 1
    outer loop
      vertex 20.2803 200.9 5
      vertex 24.25 194.95 5
      vertex 20.3 201.2 5
    endloop
  endfacet
  facet normal 0 0 1
    outer loop
      vertex 78.9145 209.422 5
      vertex 20.1249 202.08 5
      vertex 24.25 194.95 5
    endloop
  endfacet
  facet normal 0 0 1
    outer loop
      vertex 4 219.2 5
      vertex 80.16 210.842 5
      vertex 80.3781 210.885 5
    endloop
  endfacet
  facet normal 0 0 1
    outer loop
      vertex 24.25 194.95 5
      vertex 20.2803 201.5 5
      vertex 20.3 201.2 5
    endloop
  endfacet
  facet normal 0 0 1
    outer loop
      vertex 24.25 194.95 5
      vertex 20.2216 201.795 5
      vertex 20.2803 201.5 5
    endloop
  endfacet
  facet normal 0 0 1
    outer loop
      vertex 24.25 194.95 5
      vertex 20.1249 202.08 5
      vertex 20.2216 201.795 5
    endloop
  endfacet
  facet normal 0 0 1
    outer loop
      vertex 78.9579 209.64 5
      vertex 19.9919 202.35 5
      vertex 20.1249 202.08 5
    endloop
  endfacet
  facet normal 0 0 1
    outer loop
      vertex 79.0294 209.851 5
      vertex 19.8247 202.6 5
      vertex 19.9919 202.35 5
    endloop
  endfacet
  facet normal 0 0 1
    outer loop
      vertex 79.1278 210.05 5
      vertex 19.6263 202.826 5
      vertex 19.8247 202.6 5
    endloop
  endfacet
  facet normal 0 0 1
    outer loop
      vertex 79.2513 210.235 5
      vertex 19.4002 203.025 5
      vertex 19.6263 202.826 5
    endloop
  endfacet
  facet normal 0 0 1
    outer loop
      vertex 79.3979 210.402 5
      vertex 19.15 203.192 5
      vertex 19.4002 203.025 5
    endloop
  endfacet
  facet normal 0 0 1
    outer loop
      vertex 79.3979 210.402 5
      vertex 4 219.2 5
      vertex 19.15 203.192 5
    endloop
  endfacet
  facet normal 0 0 1
    outer loop
      vertex 19.15 203.192 5
      vertex 4 219.2 5
      vertex 18.8802 203.325 5
    endloop
  endfacet
  facet normal 0 0 1
    outer loop
      vertex 18.8802 203.325 5
      vertex 4 219.2 5
      vertex 18.5953 203.422 5
    endloop
  endfacet
  facet normal 0 0 1
    outer loop
      vertex 18.5953 203.422 5
      vertex 4 219.2 5
      vertex 18.3002 203.48 5
    endloop
  endfacet
  facet normal 0 0 1
    outer loop
      vertex 18.3002 203.48 5
      vertex 4 219.2 5
      vertex 18 203.5 5
    endloop
  endfacet
  facet normal 0 0 1
    outer loop
      vertex 24.25 194.95 5
      vertex 11.7 185.2 5
      vertex 11.7 177.2 5
    endloop
  endfacet
  facet normal 0 0 1
    outer loop
      vertex 0 215.2 5
      vertex 15.7 201.2 5
      vertex 15.7197 201.5 5
    endloop
  endfacet
  facet normal 0 0 1
    outer loop
      vertex 0 215.2 5
      vertex 15.7197 201.5 5
      vertex 15.7784 201.795 5
    endloop
  endfacet
  facet normal 0 0 1
    outer loop
      vertex 24.25 194.95 5
      vertex 11.6855 185.422 5
      vertex 11.7 185.2 5
    endloop
  endfacet
  facet normal 0 0 1
    outer loop
      vertex 24.25 194.95 5
      vertex 11.6421 185.64 5
      vertex 11.6855 185.422 5
    endloop
  endfacet
  facet normal 0 0 1
    outer loop
      vertex 24.25 194.95 5
      vertex 11.5706 185.851 5
      vertex 11.6421 185.64 5
    endloop
  endfacet
  facet normal 0 0 1
    outer loop
      vertex 24.25 194.95 5
      vertex 11.4722 186.05 5
      vertex 11.5706 185.851 5
    endloop
  endfacet
  facet normal 0 0 1
    outer loop
      vertex 24.25 194.95 5
      vertex 11.3487 186.235 5
      vertex 11.4722 186.05 5
    endloop
  endfacet
  facet normal 0 0 1
    outer loop
      vertex 17.6998 198.92 5
      vertex 11.2021 186.402 5
      vertex 11.3487 186.235 5
    endloop
  endfacet
  facet normal 0 0 1
    outer loop
      vertex 17.4047 198.978 5
      vertex 11.0349 186.549 5
      vertex 11.2021 186.402 5
    endloop
  endfacet
  facet normal 0 0 1
    outer loop
      vertex 17.1198 199.075 5
      vertex 10.85 186.672 5
      vertex 11.0349 186.549 5
    endloop
  endfacet
  facet normal 0 0 1
    outer loop
      vertex 16.85 199.208 5
      vertex 10.6506 186.771 5
      vertex 10.85 186.672 5
    endloop
  endfacet
  facet normal 0 0 1
    outer loop
      vertex 0 215.2 5
      vertex 15.7784 201.795 5
      vertex 15.8751 202.08 5
    endloop
  endfacet
  facet normal 0 0 1
    outer loop
      vertex 16.5998 199.375 5
      vertex 10.44 186.842 5
      vertex 10.6506 186.771 5
    endloop
  endfacet
  facet normal 0 0 1
    outer loop
      vertex 16.3737 199.574 5
      vertex 10.2219 186.885 5
      vertex 10.44 186.842 5
    endloop
  endfacet
  facet normal 0 0 1
    outer loop
      vertex 16.3737 199.574 5
      vertex 10 186.9 5
      vertex 10.2219 186.885 5
    endloop
  endfacet
  facet normal 0 0 1
    outer loop
      vertex 16.1753 199.8 5
      vertex 9.7781 186.885 5
      vertex 10 186.9 5
    endloop
  endfacet
  facet normal 0 0 1
    outer loop
      vertex 16.0081 200.05 5
      vertex 9.56001 186.842 5
      vertex 9.7781 186.885 5
    endloop
  endfacet
  facet normal 0 0 1
    outer loop
      vertex 15.8751 200.32 5
      vertex 9.34944 186.771 5
      vertex 9.56001 186.842 5
    endloop
  endfacet
  facet normal 0 0 1
    outer loop
      vertex 15.7784 200.605 5
      vertex 9.15 186.672 5
      vertex 9.34944 186.771 5
    endloop
  endfacet
  facet normal 0 0 1
    outer loop
      vertex 15.7197 200.9 5
      vertex 8.96511 186.549 5
      vertex 9.15 186.672 5
    endloop
  endfacet
  facet normal 0 0 1
    outer loop
      vertex 15.7197 200.9 5
      vertex 0 215.2 5
      vertex 8.96511 186.549 5
    endloop
  endfacet
  facet normal 0 0 1
    outer loop
      vertex 8.96511 186.549 5
      vertex 0 215.2 5
      vertex 8.79792 186.402 5
    endloop
  endfacet
  facet normal 0 0 1
    outer loop
      vertex 8.79792 186.402 5
      vertex 0 215.2 5
      vertex 8.6513 186.235 5
    endloop
  endfacet
  facet normal 0 0 1
    outer loop
      vertex 8.6513 186.235 5
      vertex 0 215.2 5
      vertex 8.52776 186.05 5
    endloop
  endfacet
  facet normal 0 0 1
    outer loop
      vertex 0 215.2 5
      vertex 8.3 177.2 5
      vertex 8.3 185.2 5
    endloop
  endfacet
  facet normal 0 0 1
    outer loop
      vertex 0 4 5
      vertex 8.31454 42.2219 5
      vertex 0 215.2 5
    endloop
  endfacet
  facet normal 0 0 1
    outer loop
      vertex 8.31454 185.422 5
      vertex 0 215.2 5
      vertex 8.3 185.2 5
    endloop
  endfacet
  facet normal 0 0 1
    outer loop
      vertex 8.35793 185.64 5
      vertex 0 215.2 5
      vertex 8.31454 185.422 5
    endloop
  endfacet
  facet normal 0 0 1
    outer loop
      vertex 8.4294 185.851 5
      vertex 0 215.2 5
      vertex 8.35793 185.64 5
    endloop
  endfacet
  facet normal 0 0 1
    outer loop
      vertex 8.52776 186.05 5
      vertex 0 215.2 5
      vertex 8.4294 185.851 5
    endloop
  endfacet
  facet normal 0 0 1
    outer loop
      vertex 16.0081 202.35 5
      vertex 0 215.2 5
      vertex 15.8751 202.08 5
    endloop
  endfacet
  facet normal 0 0 1
    outer loop
      vertex 16.1753 202.6 5
      vertex 0 215.2 5
      vertex 16.0081 202.35 5
    endloop
  endfacet
  facet normal 0 0 1
    outer loop
      vertex 16.3737 202.826 5
      vertex 0 215.2 5
      vertex 16.1753 202.6 5
    endloop
  endfacet
  facet normal -0 0 1
    outer loop
      vertex 0 215.2 5
      vertex 16.3737 202.826 5
      vertex 4 219.2 5
    endloop
  endfacet
  facet normal 0 0 1
    outer loop
      vertex 16.5998 203.025 5
      vertex 4 219.2 5
      vertex 16.3737 202.826 5
    endloop
  endfacet
  facet normal 0 0 1
    outer loop
      vertex 16.85 203.192 5
      vertex 4 219.2 5
      vertex 16.5998 203.025 5
    endloop
  endfacet
  facet normal 0 0 1
    outer loop
      vertex 17.1198 203.325 5
      vertex 4 219.2 5
      vertex 16.85 203.192 5
    endloop
  endfacet
  facet normal 0 0 1
    outer loop
      vertex 17.4047 203.422 5
      vertex 4 219.2 5
      vertex 17.1198 203.325 5
    endloop
  endfacet
  facet normal 0 0 1
    outer loop
      vertex 17.6998 203.48 5
      vertex 4 219.2 5
      vertex 17.4047 203.422 5
    endloop
  endfacet
  facet normal 0 0 1
    outer loop
      vertex 18 203.5 5
      vertex 4 219.2 5
      vertex 17.6998 203.48 5
    endloop
  endfacet
  facet normal 0 0 1
    outer loop
      vertex 80.6 210.9 5
      vertex 4 219.2 5
      vertex 80.3781 210.885 5
    endloop
  endfacet
  facet normal 0 0 1
    outer loop
      vertex 88.6 210.9 5
      vertex 4 219.2 5
      vertex 80.6 210.9 5
    endloop
  endfacet
  facet normal -0 0 1
    outer loop
      vertex 202.826 16.3737 5
      vertex 219.2 4 5
      vertex 203.025 16.5998 5
    endloop
  endfacet
  facet normal 0 -0 1
    outer loop
      vertex 215.2 0 5
      vertex 219.2 4 5
      vertex 202.826 16.3737 5
    endloop
  endfacet
  facet normal 0 0 1
    outer loop
      vertex 219.166 3.47789 5
      vertex 215.2 0 5
      vertex 219.064 2.96472 5
    endloop
  endfacet
  facet normal 0 0 1
    outer loop
      vertex 219.064 2.96472 5
      vertex 215.2 0 5
      vertex 218.896 2.46927 5
    endloop
  endfacet
  facet normal 0 0 1
    outer loop
      vertex 218.896 2.46927 5
      vertex 215.2 0 5
      vertex 218.664 2 5
    endloop
  endfacet
  facet normal 0 0 1
    outer loop
      vertex 218.373 1.56495 5
      vertex 215.2 0 5
      vertex 218.028 1.17157 5
    endloop
  endfacet
  facet normal -0 0 1
    outer loop
      vertex 203.325 17.1198 5
      vertex 219.2 4 5
      vertex 203.422 17.4047 5
    endloop
  endfacet
  facet normal 0 0 1
    outer loop
      vertex 203.5 18 5
      vertex 208.402 40.7979 5
      vertex 208.235 40.6513 5
    endloop
  endfacet
  facet normal 0 0 1
    outer loop
      vertex 203.5 18 5
      vertex 208.235 40.6513 5
      vertex 208.05 40.5278 5
    endloop
  endfacet
  facet normal 0 0 1
    outer loop
      vertex 203.5 18 5
      vertex 208.05 40.5278 5
      vertex 207.851 40.4294 5
    endloop
  endfacet
  facet normal 0 0 1
    outer loop
      vertex 203.5 18 5
      vertex 207.851 40.4294 5
      vertex 207.64 40.3579 5
    endloop
  endfacet
  facet normal 0 0 1
    outer loop
      vertex 203.5 18 5
      vertex 207.64 40.3579 5
      vertex 207.422 40.3145 5
    endloop
  endfacet
  facet normal 0 0 1
    outer loop
      vertex 203.5 18 5
      vertex 207.422 40.3145 5
      vertex 207.2 40.3 5
    endloop
  endfacet
  facet normal 0 0 1
    outer loop
      vertex 203.5 18 5
      vertex 207.2 40.3 5
      vertex 206.978 40.3145 5
    endloop
  endfacet
  facet normal 0 0 1
    outer loop
      vertex 203.5 18 5
      vertex 206.978 40.3145 5
      vertex 206.76 40.3579 5
    endloop
  endfacet
  facet normal 0 0 1
    outer loop
      vertex 203.5 18 5
      vertex 206.76 40.3579 5
      vertex 206.549 40.4294 5
    endloop
  endfacet
  facet normal 0 0 1
    outer loop
      vertex 203.5 18 5
      vertex 206.549 40.4294 5
      vertex 206.35 40.5278 5
    endloop
  endfacet
  facet normal 0 0 1
    outer loop
      vertex 203.5 18 5
      vertex 206.35 40.5278 5
      vertex 206.165 40.6513 5
    endloop
  endfacet
  facet normal 0 0 1
    outer loop
      vertex 203.5 18 5
      vertex 206.165 40.6513 5
      vertex 205.998 40.7979 5
    endloop
  endfacet
  facet normal 0 0 1
    outer loop
      vertex 203.5 18 5
      vertex 205.998 40.7979 5
      vertex 205.851 40.9651 5
    endloop
  endfacet
  facet normal 0 0 1
    outer loop
      vertex 203.5 18 5
      vertex 205.851 40.9651 5
      vertex 205.728 41.15 5
    endloop
  endfacet
  facet normal 0 0 1
    outer loop
      vertex 203.5 18 5
      vertex 205.728 41.15 5
      vertex 205.629 41.3494 5
    endloop
  endfacet
  facet normal 0 0 1
    outer loop
      vertex 203.5 18 5
      vertex 205.629 41.3494 5
      vertex 205.558 41.56 5
    endloop
  endfacet
  facet normal 0 0 1
    outer loop
      vertex 206.76 178.842 5
      vertex 201.5 198.92 5
      vertex 206.549 178.771 5
    endloop
  endfacet
  facet normal 0 0 1
    outer loop
      vertex 203.5 18 5
      vertex 205.515 41.7781 5
      vertex 205.5 42 5
    endloop
  endfacet
  facet normal 0 0 1
    outer loop
      vertex 203.5 18 5
      vertex 205.558 41.56 5
      vertex 205.515 41.7781 5
    endloop
  endfacet
  facet normal 0 0 1
    outer loop
      vertex 218.028 1.17157 5
      vertex 215.2 0 5
      vertex 217.635 0.826586 5
    endloop
  endfacet
  facet normal 0 0 1
    outer loop
      vertex 217.635 0.826586 5
      vertex 215.2 0 5
      vertex 217.2 0.535898 5
    endloop
  endfacet
  facet normal 0 0 1
    outer loop
      vertex 216.731 0.304482 5
      vertex 215.2 0 5
      vertex 216.235 0.136296 5
    endloop
  endfacet
  facet normal 0 0 1
    outer loop
      vertex 216.235 0.136296 5
      vertex 215.2 0 5
      vertex 215.722 0.0342197 5
    endloop
  endfacet
  facet normal 0 0 1
    outer loop
      vertex 217.2 0.535898 5
      vertex 215.2 0 5
      vertex 216.731 0.304482 5
    endloop
  endfacet
  facet normal 0 0 1
    outer loop
      vertex 218.664 2 5
      vertex 215.2 0 5
      vertex 218.373 1.56495 5
    endloop
  endfacet
  facet normal 0 0 1
    outer loop
      vertex 219.2 4 5
      vertex 215.2 0 5
      vertex 219.166 3.47789 5
    endloop
  endfacet
  facet normal -0 0 1
    outer loop
      vertex 202.6 16.1753 5
      vertex 215.2 0 5
      vertex 202.826 16.3737 5
    endloop
  endfacet
  facet normal -0 0 1
    outer loop
      vertex 202.35 16.0081 5
      vertex 215.2 0 5
      vertex 202.6 16.1753 5
    endloop
  endfacet
  facet normal -0 0 1
    outer loop
      vertex 202.08 15.8751 5
      vertex 215.2 0 5
      vertex 202.35 16.0081 5
    endloop
  endfacet
  facet normal -0 0 1
    outer loop
      vertex 201.795 15.7784 5
      vertex 215.2 0 5
      vertex 202.08 15.8751 5
    endloop
  endfacet
  facet normal -0 0 1
    outer loop
      vertex 201.5 15.7197 5
      vertex 215.2 0 5
      vertex 201.795 15.7784 5
    endloop
  endfacet
  facet normal -0 0 1
    outer loop
      vertex 201.2 15.7 5
      vertex 215.2 0 5
      vertex 201.5 15.7197 5
    endloop
  endfacet
  facet normal 0 0 1
    outer loop
      vertex 200.9 15.7197 5
      vertex 215.2 0 5
      vertex 201.2 15.7 5
    endloop
  endfacet
  facet normal 0 0 1
    outer loop
      vertex 200.605 15.7784 5
      vertex 215.2 0 5
      vertex 200.9 15.7197 5
    endloop
  endfacet
  facet normal 0 0 1
    outer loop
      vertex 200.32 15.8751 5
      vertex 215.2 0 5
      vertex 200.605 15.7784 5
    endloop
  endfacet
  facet normal 0 0 1
    outer loop
      vertex 200.05 16.0081 5
      vertex 215.2 0 5
      vertex 200.32 15.8751 5
    endloop
  endfacet
  facet normal 0 0 1
    outer loop
      vertex 199.8 16.1753 5
      vertex 215.2 0 5
      vertex 200.05 16.0081 5
    endloop
  endfacet
  facet normal 0 0 1
    outer loop
      vertex 199.574 16.3737 5
      vertex 215.2 0 5
      vertex 199.8 16.1753 5
    endloop
  endfacet
  facet normal 0 0 1
    outer loop
      vertex 198.92 18.3002 5
      vertex 194.95 24.25 5
      vertex 198.9 18 5
    endloop
  endfacet
  facet normal 0 0 1
    outer loop
      vertex 194.95 24.25 5
      vertex 198.92 17.6998 5
      vertex 198.9 18 5
    endloop
  endfacet
  facet normal 0 0 1
    outer loop
      vertex 194.95 24.25 5
      vertex 198.978 17.4047 5
      vertex 198.92 17.6998 5
    endloop
  endfacet
  facet normal 0 0 1
    outer loop
      vertex 194.95 24.25 5
      vertex 199.075 17.1198 5
      vertex 198.978 17.4047 5
    endloop
  endfacet
  facet normal 0 0 1
    outer loop
      vertex 194.95 24.25 5
      vertex 199.208 16.85 5
      vertex 199.075 17.1198 5
    endloop
  endfacet
  facet normal -0 0 1
    outer loop
      vertex 24.25 24.25 5
      vertex 199.208 16.85 5
      vertex 194.95 24.25 5
    endloop
  endfacet
  facet normal 0 0 1
    outer loop
      vertex 19.9919 16.85 5
      vertex 199.208 16.85 5
      vertex 24.25 24.25 5
    endloop
  endfacet
  facet normal 0 0 1
    outer loop
      vertex 199.208 16.85 5
      vertex 19.9919 16.85 5
      vertex 199.375 16.5998 5
    endloop
  endfacet
  facet normal 0 0 1
    outer loop
      vertex 19.8247 16.5998 5
      vertex 199.375 16.5998 5
      vertex 19.9919 16.85 5
    endloop
  endfacet
  facet normal -0 0 1
    outer loop
      vertex 20.2216 200.605 5
      vertex 24.25 194.95 5
      vertex 20.2803 200.9 5
    endloop
  endfacet
  facet normal 0 0 1
    outer loop
      vertex 20.2803 17.6998 5
      vertex 24.25 24.25 5
      vertex 20.3 18 5
    endloop
  endfacet
  facet normal 0 0 1
    outer loop
      vertex 20.2216 17.4047 5
      vertex 24.25 24.25 5
      vertex 20.2803 17.6998 5
    endloop
  endfacet
  facet normal 0 0 1
    outer loop
      vertex 20.1249 17.1198 5
      vertex 24.25 24.25 5
      vertex 20.2216 17.4047 5
    endloop
  endfacet
  facet normal 0 0 1
    outer loop
      vertex 19.9919 16.85 5
      vertex 24.25 24.25 5
      vertex 20.1249 17.1198 5
    endloop
  endfacet
  facet normal 0 0 1
    outer loop
      vertex 199.375 16.5998 5
      vertex 19.8247 16.5998 5
      vertex 199.574 16.3737 5
    endloop
  endfacet
  facet normal 0 0 1
    outer loop
      vertex 19.6263 16.3737 5
      vertex 199.574 16.3737 5
      vertex 19.8247 16.5998 5
    endloop
  endfacet
  facet normal 0 0 1
    outer loop
      vertex 199.574 16.3737 5
      vertex 19.6263 16.3737 5
      vertex 215.2 0 5
    endloop
  endfacet
  facet normal -0 0 1
    outer loop
      vertex 19.4002 16.1753 5
      vertex 215.2 0 5
      vertex 19.6263 16.3737 5
    endloop
  endfacet
  facet normal 0 0 1
    outer loop
      vertex 4 0 5
      vertex 19.4002 16.1753 5
      vertex 19.15 16.0081 5
    endloop
  endfacet
  facet normal 0 0 1
    outer loop
      vertex 4 0 5
      vertex 19.15 16.0081 5
      vertex 18.8802 15.8751 5
    endloop
  endfacet
  facet normal 0 0 1
    outer loop
      vertex 4 0 5
      vertex 18.8802 15.8751 5
      vertex 18.5953 15.7784 5
    endloop
  endfacet
  facet normal 0 0 1
    outer loop
      vertex 4 0 5
      vertex 18.5953 15.7784 5
      vertex 18.3002 15.7197 5
    endloop
  endfacet
  facet normal 0 0 1
    outer loop
      vertex 4 0 5
      vertex 18.3002 15.7197 5
      vertex 18 15.7 5
    endloop
  endfacet
  facet normal 0 0 1
    outer loop
      vertex 4 0 5
      vertex 18 15.7 5
      vertex 17.6998 15.7197 5
    endloop
  endfacet
  facet normal 0 0 1
    outer loop
      vertex 17.4047 20.2216 5
      vertex 11.0349 32.6513 5
      vertex 17.1198 20.1249 5
    endloop
  endfacet
  facet normal -0 0 1
    outer loop
      vertex 10.85 32.5278 5
      vertex 17.1198 20.1249 5
      vertex 11.0349 32.6513 5
    endloop
  endfacet
  facet normal 0 0 1
    outer loop
      vertex 17.1198 20.1249 5
      vertex 10.85 32.5278 5
      vertex 16.85 19.9919 5
    endloop
  endfacet
  facet normal -0 0 1
    outer loop
      vertex 10.6506 32.4294 5
      vertex 16.85 19.9919 5
      vertex 10.85 32.5278 5
    endloop
  endfacet
  facet normal 0 0 1
    outer loop
      vertex 16.85 19.9919 5
      vertex 10.6506 32.4294 5
      vertex 16.5998 19.8247 5
    endloop
  endfacet
  facet normal -0 0 1
    outer loop
      vertex 10.44 32.3579 5
      vertex 16.5998 19.8247 5
      vertex 10.6506 32.4294 5
    endloop
  endfacet
  facet normal 0 0 1
    outer loop
      vertex 16.5998 19.8247 5
      vertex 10.44 32.3579 5
      vertex 16.3737 19.6263 5
    endloop
  endfacet
  facet normal -0 0 1
    outer loop
      vertex 10.2219 32.3145 5
      vertex 16.3737 19.6263 5
      vertex 10.44 32.3579 5
    endloop
  endfacet
  facet normal -0 0 1
    outer loop
      vertex 10 32.3 5
      vertex 16.3737 19.6263 5
      vertex 10.2219 32.3145 5
    endloop
  endfacet
  facet normal 0 0 1
    outer loop
      vertex 16.3737 19.6263 5
      vertex 10 32.3 5
      vertex 16.1753 19.4002 5
    endloop
  endfacet
  facet normal 0 0 1
    outer loop
      vertex 9.7781 32.3145 5
      vertex 16.1753 19.4002 5
      vertex 10 32.3 5
    endloop
  endfacet
  facet normal 0 0 1
    outer loop
      vertex 16.1753 19.4002 5
      vertex 9.7781 32.3145 5
      vertex 16.0081 19.15 5
    endloop
  endfacet
  facet normal 0 0 1
    outer loop
      vertex 9.56001 32.3579 5
      vertex 16.0081 19.15 5
      vertex 9.7781 32.3145 5
    endloop
  endfacet
  facet normal 0 0 1
    outer loop
      vertex 16.0081 19.15 5
      vertex 9.56001 32.3579 5
      vertex 15.8751 18.8802 5
    endloop
  endfacet
  facet normal 0 0 1
    outer loop
      vertex 9.34944 32.4294 5
      vertex 15.8751 18.8802 5
      vertex 9.56001 32.3579 5
    endloop
  endfacet
  facet normal 0 0 1
    outer loop
      vertex 15.8751 18.8802 5
      vertex 9.34944 32.4294 5
      vertex 15.7784 18.5953 5
    endloop
  endfacet
  facet normal 0 0 1
    outer loop
      vertex 9.15 32.5278 5
      vertex 15.7784 18.5953 5
      vertex 9.34944 32.4294 5
    endloop
  endfacet
  facet normal 0 0 1
    outer loop
      vertex 15.7784 18.5953 5
      vertex 9.15 32.5278 5
      vertex 15.7197 18.3002 5
    endloop
  endfacet
  facet normal 0 0 1
    outer loop
      vertex 8.96511 32.6513 5
      vertex 15.7197 18.3002 5
      vertex 9.15 32.5278 5
    endloop
  endfacet
  facet normal 0 0 1
    outer loop
      vertex 0 4 5
      vertex 15.7197 18.3002 5
      vertex 8.96511 32.6513 5
    endloop
  endfacet
  facet normal 0 0 1
    outer loop
      vertex 15.7197 18.3002 5
      vertex 0 4 5
      vertex 15.7 18 5
    endloop
  endfacet
  facet normal 0 0 1
    outer loop
      vertex 15.7 18 5
      vertex 0 4 5
      vertex 15.7197 17.6998 5
    endloop
  endfacet
  facet normal 0 0 1
    outer loop
      vertex 15.7197 17.6998 5
      vertex 0 4 5
      vertex 15.7784 17.4047 5
    endloop
  endfacet
  facet normal 0 0 1
    outer loop
      vertex 0 4 5
      vertex 8.96511 32.6513 5
      vertex 8.79792 32.7979 5
    endloop
  endfacet
  facet normal 0 0 1
    outer loop
      vertex 0 4 5
      vertex 8.79792 32.7979 5
      vertex 8.6513 32.9651 5
    endloop
  endfacet
  facet normal 0 0 1
    outer loop
      vertex 0 4 5
      vertex 8.6513 32.9651 5
      vertex 8.52776 33.15 5
    endloop
  endfacet
  facet normal 0 0 1
    outer loop
      vertex 0 4 5
      vertex 8.52776 33.15 5
      vertex 8.4294 33.3494 5
    endloop
  endfacet
  facet normal 0 0 1
    outer loop
      vertex 19.4002 16.1753 5
      vertex 4 0 5
      vertex 215.2 0 5
    endloop
  endfacet
  facet normal 0 0 1
    outer loop
      vertex 17.4047 15.7784 5
      vertex 4 0 5
      vertex 17.6998 15.7197 5
    endloop
  endfacet
  facet normal 0 0 1
    outer loop
      vertex 17.1198 15.8751 5
      vertex 4 0 5
      vertex 17.4047 15.7784 5
    endloop
  endfacet
  facet normal 0 0 1
    outer loop
      vertex 16.85 16.0081 5
      vertex 4 0 5
      vertex 17.1198 15.8751 5
    endloop
  endfacet
  facet normal 0 0 1
    outer loop
      vertex 16.5998 16.1753 5
      vertex 4 0 5
      vertex 16.85 16.0081 5
    endloop
  endfacet
  facet normal 0 0 1
    outer loop
      vertex 16.3737 16.3737 5
      vertex 4 0 5
      vertex 16.5998 16.1753 5
    endloop
  endfacet
  facet normal 0 0 1
    outer loop
      vertex 0 4 5
      vertex 16.3737 16.3737 5
      vertex 16.1753 16.5998 5
    endloop
  endfacet
  facet normal 0 0 1
    outer loop
      vertex 0 4 5
      vertex 16.1753 16.5998 5
      vertex 16.0081 16.85 5
    endloop
  endfacet
  facet normal 0 0 1
    outer loop
      vertex 0 4 5
      vertex 16.0081 16.85 5
      vertex 15.8751 17.1198 5
    endloop
  endfacet
  facet normal 0 0 1
    outer loop
      vertex 15.7784 17.4047 5
      vertex 0 4 5
      vertex 15.8751 17.1198 5
    endloop
  endfacet
  facet normal 0 0 1
    outer loop
      vertex 0 4 5
      vertex 8.4294 33.3494 5
      vertex 8.35793 33.56 5
    endloop
  endfacet
  facet normal 0 0 1
    outer loop
      vertex 0 4 5
      vertex 8.35793 33.56 5
      vertex 8.31454 33.7781 5
    endloop
  endfacet
  facet normal 0 0 1
    outer loop
      vertex 0 4 5
      vertex 8.31454 33.7781 5
      vertex 8.3 34 5
    endloop
  endfacet
  facet normal 0 0 1
    outer loop
      vertex 8.31454 42.2219 5
      vertex 0 4 5
      vertex 8.3 42 5
    endloop
  endfacet
  facet normal 0 0 1
    outer loop
      vertex 0 215.2 5
      vertex 4 219.2 5
      vertex 3.47789 219.166 5
    endloop
  endfacet
  facet normal 0 0 1
    outer loop
      vertex 8.3 42 5
      vertex 0 4 5
      vertex 8.3 34 5
    endloop
  endfacet
  facet normal 0 0 1
    outer loop
      vertex 0 215.2 5
      vertex 3.47789 219.166 5
      vertex 2.96472 219.064 5
    endloop
  endfacet
  facet normal 0 0 1
    outer loop
      vertex 16.3737 16.3737 5
      vertex 0 4 5
      vertex 4 0 5
    endloop
  endfacet
  facet normal 0 0 1
    outer loop
      vertex 0 215.2 5
      vertex 2.96472 219.064 5
      vertex 2.46927 218.896 5
    endloop
  endfacet
  facet normal 0 0 1
    outer loop
      vertex 4 0 5
      vertex 0 4 5
      vertex 3.47789 0.0342197 5
    endloop
  endfacet
  facet normal 0 0 1
    outer loop
      vertex 0 215.2 5
      vertex 2.46927 218.896 5
      vertex 2 218.664 5
    endloop
  endfacet
  facet normal 0 0 1
    outer loop
      vertex 3.47789 0.0342197 5
      vertex 0 4 5
      vertex 2.96472 0.136296 5
    endloop
  endfacet
  facet normal 0 0 1
    outer loop
      vertex 0 215.2 5
      vertex 2 218.664 5
      vertex 1.56495 218.373 5
    endloop
  endfacet
  facet normal 0 0 1
    outer loop
      vertex 2.96472 0.136296 5
      vertex 0 4 5
      vertex 2.46927 0.304482 5
    endloop
  endfacet
  facet normal 0 0 1
    outer loop
      vertex 0 215.2 5
      vertex 1.56495 218.373 5
      vertex 1.17157 218.028 5
    endloop
  endfacet
  facet normal 0 0 1
    outer loop
      vertex 2.46927 0.304482 5
      vertex 0 4 5
      vertex 2 0.535898 5
    endloop
  endfacet
  facet normal 0 0 1
    outer loop
      vertex 0 215.2 5
      vertex 1.17157 218.028 5
      vertex 0.826586 217.635 5
    endloop
  endfacet
  facet normal 0 0 1
    outer loop
      vertex 2 0.535898 5
      vertex 0 4 5
      vertex 1.56495 0.826586 5
    endloop
  endfacet
  facet normal 0 0 1
    outer loop
      vertex 0 215.2 5
      vertex 0.826586 217.635 5
      vertex 0.535898 217.2 5
    endloop
  endfacet
  facet normal 0 0 1
    outer loop
      vertex 1.56495 0.826586 5
      vertex 0 4 5
      vertex 1.17157 1.17157 5
    endloop
  endfacet
  facet normal 0 0 1
    outer loop
      vertex 0 215.2 5
      vertex 0.535898 217.2 5
      vertex 0.304482 216.731 5
    endloop
  endfacet
  facet normal 0 0 1
    outer loop
      vertex 1.17157 1.17157 5
      vertex 0 4 5
      vertex 0.826586 1.56495 5
    endloop
  endfacet
  facet normal 0 0 1
    outer loop
      vertex 0 215.2 5
      vertex 0.304482 216.731 5
      vertex 0.136296 216.235 5
    endloop
  endfacet
  facet normal 0 0 1
    outer loop
      vertex 0.826586 1.56495 5
      vertex 0 4 5
      vertex 0.535898 2 5
    endloop
  endfacet
  facet normal 0 0 1
    outer loop
      vertex 0 215.2 5
      vertex 0.136296 216.235 5
      vertex 0.0342197 215.722 5
    endloop
  endfacet
  facet normal 0 0 1
    outer loop
      vertex 0.535898 2 5
      vertex 0 4 5
      vertex 0.304482 2.46927 5
    endloop
  endfacet
  facet normal 0 0 1
    outer loop
      vertex 0.304482 2.46927 5
      vertex 0 4 5
      vertex 0.136296 2.96472 5
    endloop
  endfacet
  facet normal 0 0 1
    outer loop
      vertex 0.136296 2.96472 5
      vertex 0 4 5
      vertex 0.0342197 3.47789 5
    endloop
  endfacet
  facet normal -0 0 1
    outer loop
      vertex 140.285 208.978 5
      vertex 194.95 194.95 5
      vertex 140.3 209.2 5
    endloop
  endfacet
  facet normal -0 0 1
    outer loop
      vertex 140.242 208.76 5
      vertex 194.95 194.95 5
      vertex 140.285 208.978 5
    endloop
  endfacet
  facet normal -0 0 1
    outer loop
      vertex 140.171 208.549 5
      vertex 194.95 194.95 5
      vertex 140.242 208.76 5
    endloop
  endfacet
  facet normal -0 0 1
    outer loop
      vertex 140.072 208.35 5
      vertex 194.95 194.95 5
      vertex 140.171 208.549 5
    endloop
  endfacet
  facet normal -0 0 1
    outer loop
      vertex 139.949 208.165 5
      vertex 194.95 194.95 5
      vertex 140.072 208.35 5
    endloop
  endfacet
  facet normal -0 0 1
    outer loop
      vertex 139.802 207.998 5
      vertex 194.95 194.95 5
      vertex 139.949 208.165 5
    endloop
  endfacet
  facet normal -0 0 1
    outer loop
      vertex 139.635 207.851 5
      vertex 194.95 194.95 5
      vertex 139.802 207.998 5
    endloop
  endfacet
  facet normal -0 0 1
    outer loop
      vertex 139.45 207.728 5
      vertex 194.95 194.95 5
      vertex 139.635 207.851 5
    endloop
  endfacet
  facet normal -0 0 1
    outer loop
      vertex 139.251 207.629 5
      vertex 194.95 194.95 5
      vertex 139.45 207.728 5
    endloop
  endfacet
  facet normal -0 0 1
    outer loop
      vertex 139.04 207.558 5
      vertex 194.95 194.95 5
      vertex 139.251 207.629 5
    endloop
  endfacet
  facet normal -0 0 1
    outer loop
      vertex 138.822 207.515 5
      vertex 194.95 194.95 5
      vertex 139.04 207.558 5
    endloop
  endfacet
  facet normal -0 0 1
    outer loop
      vertex 138.6 207.5 5
      vertex 194.95 194.95 5
      vertex 138.822 207.515 5
    endloop
  endfacet
  facet normal -0 0 1
    outer loop
      vertex 130.6 207.5 5
      vertex 194.95 194.95 5
      vertex 138.6 207.5 5
    endloop
  endfacet
  facet normal 0 0 1
    outer loop
      vertex 130.378 207.515 5
      vertex 194.95 194.95 5
      vertex 130.6 207.5 5
    endloop
  endfacet
  facet normal -0 0 1
    outer loop
      vertex 90.3 209.2 5
      vertex 128.915 208.978 5
      vertex 128.9 209.2 5
    endloop
  endfacet
  facet normal 0 0 1
    outer loop
      vertex 90.2855 208.978 5
      vertex 128.915 208.978 5
      vertex 90.3 209.2 5
    endloop
  endfacet
  facet normal 0 0 1
    outer loop
      vertex 128.915 208.978 5
      vertex 90.2855 208.978 5
      vertex 128.958 208.76 5
    endloop
  endfacet
  facet normal 0 0 1
    outer loop
      vertex 90.2421 208.76 5
      vertex 128.958 208.76 5
      vertex 90.2855 208.978 5
    endloop
  endfacet
  facet normal 0 0 1
    outer loop
      vertex 128.958 208.76 5
      vertex 90.2421 208.76 5
      vertex 129.029 208.549 5
    endloop
  endfacet
  facet normal 0 0 1
    outer loop
      vertex 90.1706 208.549 5
      vertex 129.029 208.549 5
      vertex 90.2421 208.76 5
    endloop
  endfacet
  facet normal 0 0 1
    outer loop
      vertex 129.029 208.549 5
      vertex 90.1706 208.549 5
      vertex 129.128 208.35 5
    endloop
  endfacet
  facet normal 0 0 1
    outer loop
      vertex 90.0722 208.35 5
      vertex 129.128 208.35 5
      vertex 90.1706 208.549 5
    endloop
  endfacet
  facet normal 0 0 1
    outer loop
      vertex 129.128 208.35 5
      vertex 90.0722 208.35 5
      vertex 129.251 208.165 5
    endloop
  endfacet
  facet normal 0 0 1
    outer loop
      vertex 89.9487 208.165 5
      vertex 129.251 208.165 5
      vertex 90.0722 208.35 5
    endloop
  endfacet
  facet normal 0 0 1
    outer loop
      vertex 129.251 208.165 5
      vertex 89.9487 208.165 5
      vertex 129.398 207.998 5
    endloop
  endfacet
  facet normal 0 0 1
    outer loop
      vertex 89.8021 207.998 5
      vertex 129.398 207.998 5
      vertex 89.9487 208.165 5
    endloop
  endfacet
  facet normal 0 0 1
    outer loop
      vertex 129.398 207.998 5
      vertex 89.8021 207.998 5
      vertex 129.565 207.851 5
    endloop
  endfacet
  facet normal 0 0 1
    outer loop
      vertex 89.6349 207.851 5
      vertex 129.565 207.851 5
      vertex 89.8021 207.998 5
    endloop
  endfacet
  facet normal 0 0 1
    outer loop
      vertex 129.565 207.851 5
      vertex 89.6349 207.851 5
      vertex 129.75 207.728 5
    endloop
  endfacet
  facet normal 0 0 1
    outer loop
      vertex 89.45 207.728 5
      vertex 129.75 207.728 5
      vertex 89.6349 207.851 5
    endloop
  endfacet
  facet normal 0 0 1
    outer loop
      vertex 129.75 207.728 5
      vertex 89.45 207.728 5
      vertex 129.949 207.629 5
    endloop
  endfacet
  facet normal 0 0 1
    outer loop
      vertex 89.2506 207.629 5
      vertex 129.949 207.629 5
      vertex 89.45 207.728 5
    endloop
  endfacet
  facet normal 0 0 1
    outer loop
      vertex 129.949 207.629 5
      vertex 89.2506 207.629 5
      vertex 130.16 207.558 5
    endloop
  endfacet
  facet normal 0 0 1
    outer loop
      vertex 89.04 207.558 5
      vertex 130.16 207.558 5
      vertex 89.2506 207.629 5
    endloop
  endfacet
  facet normal 0 0 1
    outer loop
      vertex 130.16 207.558 5
      vertex 89.04 207.558 5
      vertex 130.378 207.515 5
    endloop
  endfacet
  facet normal 0 0 1
    outer loop
      vertex 88.8219 207.515 5
      vertex 130.378 207.515 5
      vertex 89.04 207.558 5
    endloop
  endfacet
  facet normal 0 0 1
    outer loop
      vertex 130.378 207.515 5
      vertex 88.8219 207.515 5
      vertex 194.95 194.95 5
    endloop
  endfacet
  facet normal -0 0 1
    outer loop
      vertex 88.6 207.5 5
      vertex 194.95 194.95 5
      vertex 88.8219 207.515 5
    endloop
  endfacet
  facet normal 0 0 1
    outer loop
      vertex 24.25 194.95 5
      vertex 88.6 207.5 5
      vertex 80.6 207.5 5
    endloop
  endfacet
  facet normal 0 0 1
    outer loop
      vertex 24.25 194.95 5
      vertex 80.6 207.5 5
      vertex 80.3781 207.515 5
    endloop
  endfacet
  facet normal 0 0 1
    outer loop
      vertex 88.6 207.5 5
      vertex 24.25 194.95 5
      vertex 194.95 194.95 5
    endloop
  endfacet
  facet normal 0 0 1
    outer loop
      vertex 80.16 207.558 5
      vertex 24.25 194.95 5
      vertex 80.3781 207.515 5
    endloop
  endfacet
  facet normal 0 0 1
    outer loop
      vertex 79.9494 207.629 5
      vertex 24.25 194.95 5
      vertex 80.16 207.558 5
    endloop
  endfacet
  facet normal 0 0 1
    outer loop
      vertex 79.75 207.728 5
      vertex 24.25 194.95 5
      vertex 79.9494 207.629 5
    endloop
  endfacet
  facet normal 0 0 1
    outer loop
      vertex 79.5651 207.851 5
      vertex 24.25 194.95 5
      vertex 79.75 207.728 5
    endloop
  endfacet
  facet normal 0 0 1
    outer loop
      vertex 79.3979 207.998 5
      vertex 24.25 194.95 5
      vertex 79.5651 207.851 5
    endloop
  endfacet
  facet normal 0 0 1
    outer loop
      vertex 79.2513 208.165 5
      vertex 24.25 194.95 5
      vertex 79.3979 207.998 5
    endloop
  endfacet
  facet normal 0 0 1
    outer loop
      vertex 79.1278 208.35 5
      vertex 24.25 194.95 5
      vertex 79.2513 208.165 5
    endloop
  endfacet
  facet normal 0 0 1
    outer loop
      vertex 79.0294 208.549 5
      vertex 24.25 194.95 5
      vertex 79.1278 208.35 5
    endloop
  endfacet
  facet normal 0 0 1
    outer loop
      vertex 78.9579 208.76 5
      vertex 24.25 194.95 5
      vertex 79.0294 208.549 5
    endloop
  endfacet
  facet normal 0 0 1
    outer loop
      vertex 78.9145 208.978 5
      vertex 24.25 194.95 5
      vertex 78.9579 208.76 5
    endloop
  endfacet
  facet normal 0 0 1
    outer loop
      vertex 24.25 194.95 5
      vertex 78.9145 208.978 5
      vertex 78.9 209.2 5
    endloop
  endfacet
  facet normal -0.831443 0.55561 0
    outer loop
      vertex 0.535898 217.2 0
      vertex 0.826586 217.635 5
      vertex 0.826586 217.635 0
    endloop
  endfacet
  facet normal -0.831443 0.55561 0
    outer loop
      vertex 0.826586 217.635 5
      vertex 0.535898 217.2 0
      vertex 0.535898 217.2 5
    endloop
  endfacet
  facet normal 0.980801 0.195013 0
    outer loop
      vertex 219.166 215.722 5
      vertex 219.064 216.235 0
      vertex 219.064 216.235 5
    endloop
  endfacet
  facet normal 0.980801 0.195013 0
    outer loop
      vertex 219.064 216.235 0
      vertex 219.166 215.722 5
      vertex 219.166 215.722 0
    endloop
  endfacet
  facet normal 0.831167 0.556022 0
    outer loop
      vertex 218.664 217.2 5
      vertex 218.373 217.635 0
      vertex 218.373 217.635 5
    endloop
  endfacet
  facet normal 0.831167 0.556022 0
    outer loop
      vertex 218.373 217.635 0
      vertex 218.664 217.2 5
      vertex 218.664 217.2 0
    endloop
  endfacet
  facet normal 0 1 -0
    outer loop
      vertex 215.2 219.2 0
      vertex 4 219.2 5
      vertex 215.2 219.2 5
    endloop
  endfacet
  facet normal 0 1 0
    outer loop
      vertex 4 219.2 5
      vertex 215.2 219.2 0
      vertex 4 219.2 0
    endloop
  endfacet
  facet normal 0.195153 -0.980773 0
    outer loop
      vertex 215.722 0.0342197 0
      vertex 216.235 0.136296 5
      vertex 215.722 0.0342197 5
    endloop
  endfacet
  facet normal 0.195153 -0.980773 0
    outer loop
      vertex 216.235 0.136296 5
      vertex 215.722 0.0342197 0
      vertex 216.235 0.136296 0
    endloop
  endfacet
  facet normal 0.44249 -0.896774 0
    outer loop
      vertex 216.731 0.304482 0
      vertex 217.2 0.535898 5
      vertex 216.731 0.304482 5
    endloop
  endfacet
  facet normal 0.44249 -0.896774 0
    outer loop
      vertex 217.2 0.535898 5
      vertex 216.731 0.304482 0
      vertex 217.2 0.535898 0
    endloop
  endfacet
  facet normal 0.55561 -0.831443 0
    outer loop
      vertex 217.2 0.535898 0
      vertex 217.635 0.826586 5
      vertex 217.2 0.535898 5
    endloop
  endfacet
  facet normal 0.55561 -0.831443 0
    outer loop
      vertex 217.635 0.826586 5
      vertex 217.2 0.535898 0
      vertex 217.635 0.826586 0
    endloop
  endfacet
  facet normal 0.980813 -0.194951 0
    outer loop
      vertex 219.064 2.96472 5
      vertex 219.166 3.47789 0
      vertex 219.166 3.47789 5
    endloop
  endfacet
  facet normal 0.980813 -0.194951 0
    outer loop
      vertex 219.166 3.47789 0
      vertex 219.064 2.96472 5
      vertex 219.064 2.96472 0
    endloop
  endfacet
  facet normal 0.831197 -0.555978 0
    outer loop
      vertex 218.373 1.56495 5
      vertex 218.664 2 0
      vertex 218.664 2 5
    endloop
  endfacet
  facet normal 0.831197 -0.555978 0
    outer loop
      vertex 218.664 2 0
      vertex 218.373 1.56495 5
      vertex 218.373 1.56495 0
    endloop
  endfacet
  facet normal -0.997859 -0.0654009 0
    outer loop
      vertex 0.0342197 3.47789 0
      vertex 0 4 5
      vertex 0 4 0
    endloop
  endfacet
  facet normal -0.997859 -0.0654009 0
    outer loop
      vertex 0 4 5
      vertex 0.0342197 3.47789 0
      vertex 0.0342197 3.47789 5
    endloop
  endfacet
  facet normal -0.659345 -0.751841 0
    outer loop
      vertex 1.17157 1.17157 0
      vertex 1.56495 0.826586 5
      vertex 1.17157 1.17157 5
    endloop
  endfacet
  facet normal -0.659345 -0.751841 -0
    outer loop
      vertex 1.56495 0.826586 5
      vertex 1.17157 1.17157 0
      vertex 1.56495 0.826586 0
    endloop
  endfacet
  facet normal -0.751525 0.659705 0
    outer loop
      vertex 0.826586 217.635 0
      vertex 1.17157 218.028 5
      vertex 1.17157 218.028 0
    endloop
  endfacet
  facet normal -0.751525 0.659705 0
    outer loop
      vertex 1.17157 218.028 5
      vertex 0.826586 217.635 0
      vertex 0.826586 217.635 5
    endloop
  endfacet
  facet normal 0.947145 0.320807 0
    outer loop
      vertex 219.064 216.235 5
      vertex 218.896 216.731 0
      vertex 218.896 216.731 5
    endloop
  endfacet
  facet normal 0.947145 0.320807 0
    outer loop
      vertex 218.896 216.731 0
      vertex 219.064 216.235 5
      vertex 219.064 216.235 0
    endloop
  endfacet
  facet normal -0.194951 0.980813 0
    outer loop
      vertex 3.47789 219.166 0
      vertex 2.96472 219.064 5
      vertex 3.47789 219.166 5
    endloop
  endfacet
  facet normal -0.194951 0.980813 0
    outer loop
      vertex 2.96472 219.064 5
      vertex 3.47789 219.166 0
      vertex 2.96472 219.064 0
    endloop
  endfacet
  facet normal 0.0649964 0.997886 -0
    outer loop
      vertex 215.722 219.166 0
      vertex 215.2 219.2 5
      vertex 215.722 219.166 5
    endloop
  endfacet
  facet normal 0.0649964 0.997886 0
    outer loop
      vertex 215.2 219.2 5
      vertex 215.722 219.166 0
      vertex 215.2 219.2 0
    endloop
  endfacet
  facet normal -0.0649827 0.997886 0
    outer loop
      vertex 4 219.2 0
      vertex 3.47789 219.166 5
      vertex 4 219.2 5
    endloop
  endfacet
  facet normal -0.0649827 0.997886 0
    outer loop
      vertex 3.47789 219.166 5
      vertex 4 219.2 0
      vertex 3.47789 219.166 0
    endloop
  endfacet
  facet normal -0.443182 0.896432 0
    outer loop
      vertex 2.46927 218.896 0
      vertex 2 218.664 5
      vertex 2.46927 218.896 5
    endloop
  endfacet
  facet normal -0.443182 0.896432 0
    outer loop
      vertex 2 218.664 5
      vertex 2.46927 218.896 0
      vertex 2 218.664 0
    endloop
  endfacet
  facet normal -0.980785 -0.195091 0
    outer loop
      vertex 0.136296 2.96472 0
      vertex 0.0342197 3.47789 5
      vertex 0.0342197 3.47789 0
    endloop
  endfacet
  facet normal -0.980785 -0.195091 0
    outer loop
      vertex 0.0342197 3.47789 5
      vertex 0.136296 2.96472 0
      vertex 0.136296 2.96472 5
    endloop
  endfacet
  facet normal -0.751841 -0.659345 0
    outer loop
      vertex 1.17157 1.17157 0
      vertex 0.826586 1.56495 5
      vertex 0.826586 1.56495 0
    endloop
  endfacet
  facet normal -0.751841 -0.659345 0
    outer loop
      vertex 0.826586 1.56495 5
      vertex 1.17157 1.17157 0
      vertex 1.17157 1.17157 5
    endloop
  endfacet
  facet normal -0.555566 -0.831472 0
    outer loop
      vertex 1.56495 0.826586 0
      vertex 2 0.535898 5
      vertex 1.56495 0.826586 5
    endloop
  endfacet
  facet normal -0.555566 -0.831472 -0
    outer loop
      vertex 2 0.535898 5
      vertex 1.56495 0.826586 0
      vertex 2 0.535898 0
    endloop
  endfacet
  facet normal -0.321445 -0.946928 0
    outer loop
      vertex 2.46927 0.304482 0
      vertex 2.96472 0.136296 5
      vertex 2.46927 0.304482 5
    endloop
  endfacet
  facet normal -0.321445 -0.946928 -0
    outer loop
      vertex 2.96472 0.136296 5
      vertex 2.46927 0.304482 0
      vertex 2.96472 0.136296 0
    endloop
  endfacet
  facet normal -0.947037 0.321126 0
    outer loop
      vertex 0.136296 216.235 0
      vertex 0.304482 216.731 5
      vertex 0.304482 216.731 0
    endloop
  endfacet
  facet normal -0.947037 0.321126 0
    outer loop
      vertex 0.304482 216.731 5
      vertex 0.136296 216.235 0
      vertex 0.136296 216.235 5
    endloop
  endfacet
  facet normal -0.980773 0.195153 0
    outer loop
      vertex 0.0342197 215.722 0
      vertex 0.136296 216.235 5
      vertex 0.136296 216.235 0
    endloop
  endfacet
  facet normal -0.980773 0.195153 0
    outer loop
      vertex 0.136296 216.235 5
      vertex 0.0342197 215.722 0
      vertex 0.0342197 215.722 5
    endloop
  endfacet
  facet normal -0.896774 0.44249 0
    outer loop
      vertex 0.304482 216.731 0
      vertex 0.535898 217.2 5
      vertex 0.535898 217.2 0
    endloop
  endfacet
  facet normal -0.896774 0.44249 0
    outer loop
      vertex 0.535898 217.2 5
      vertex 0.304482 216.731 0
      vertex 0.304482 216.731 5
    endloop
  endfacet
  facet normal 0.443387 0.89633 -0
    outer loop
      vertex 217.2 218.664 0
      vertex 216.731 218.896 5
      vertex 217.2 218.664 5
    endloop
  endfacet
  facet normal 0.443387 0.89633 0
    outer loop
      vertex 216.731 218.896 5
      vertex 217.2 218.664 0
      vertex 216.731 218.896 0
    endloop
  endfacet
  facet normal 0.320807 0.947145 -0
    outer loop
      vertex 216.731 218.896 0
      vertex 216.235 219.064 5
      vertex 216.731 218.896 5
    endloop
  endfacet
  facet normal 0.320807 0.947145 0
    outer loop
      vertex 216.235 219.064 5
      vertex 216.731 218.896 0
      vertex 216.235 219.064 0
    endloop
  endfacet
  facet normal 0.195013 0.980801 -0
    outer loop
      vertex 216.235 219.064 0
      vertex 215.722 219.166 5
      vertex 216.235 219.064 5
    endloop
  endfacet
  facet normal 0.195013 0.980801 0
    outer loop
      vertex 215.722 219.166 5
      vertex 216.235 219.064 0
      vertex 215.722 219.166 0
    endloop
  endfacet
  facet normal -0.321126 0.947036 0
    outer loop
      vertex 2.96472 219.064 0
      vertex 2.46927 218.896 5
      vertex 2.96472 219.064 5
    endloop
  endfacet
  facet normal -0.321126 0.947036 0
    outer loop
      vertex 2.46927 218.896 5
      vertex 2.96472 219.064 0
      vertex 2.46927 218.896 0
    endloop
  endfacet
  facet normal -0.555978 0.831197 0
    outer loop
      vertex 2 218.664 0
      vertex 1.56495 218.373 5
      vertex 2 218.664 5
    endloop
  endfacet
  facet normal -0.555978 0.831197 0
    outer loop
      vertex 1.56495 218.373 5
      vertex 2 218.664 0
      vertex 1.56495 218.373 0
    endloop
  endfacet
  facet normal -0.946928 -0.321445 0
    outer loop
      vertex 0.304482 2.46927 0
      vertex 0.136296 2.96472 5
      vertex 0.136296 2.96472 0
    endloop
  endfacet
  facet normal -0.946928 -0.321445 0
    outer loop
      vertex 0.136296 2.96472 5
      vertex 0.304482 2.46927 0
      vertex 0.304482 2.46927 5
    endloop
  endfacet
  facet normal -0.831472 -0.555566 0
    outer loop
      vertex 0.826586 1.56495 0
      vertex 0.535898 2 5
      vertex 0.535898 2 0
    endloop
  endfacet
  facet normal -0.831472 -0.555566 0
    outer loop
      vertex 0.535898 2 5
      vertex 0.826586 1.56495 0
      vertex 0.826586 1.56495 5
    endloop
  endfacet
  facet normal -0.442285 -0.896875 0
    outer loop
      vertex 2 0.535898 0
      vertex 2.46927 0.304482 5
      vertex 2 0.535898 5
    endloop
  endfacet
  facet normal -0.442285 -0.896875 -0
    outer loop
      vertex 2.46927 0.304482 5
      vertex 2 0.535898 0
      vertex 2.46927 0.304482 0
    endloop
  endfacet
  facet normal -0.195091 -0.980785 0
    outer loop
      vertex 2.96472 0.136296 0
      vertex 3.47789 0.0342197 5
      vertex 2.96472 0.136296 5
    endloop
  endfacet
  facet normal -0.195091 -0.980785 -0
    outer loop
      vertex 3.47789 0.0342197 5
      vertex 2.96472 0.136296 0
      vertex 3.47789 0.0342197 0
    endloop
  endfacet
  facet normal 0.556022 0.831167 -0
    outer loop
      vertex 217.635 218.373 0
      vertex 217.2 218.664 5
      vertex 217.635 218.373 5
    endloop
  endfacet
  facet normal 0.556022 0.831167 0
    outer loop
      vertex 217.2 218.664 5
      vertex 217.635 218.373 0
      vertex 217.2 218.664 0
    endloop
  endfacet
  facet normal 0.659722 0.75151 -0
    outer loop
      vertex 218.028 218.028 0
      vertex 217.635 218.373 5
      vertex 218.028 218.028 5
    endloop
  endfacet
  facet normal 0.659722 0.75151 0
    outer loop
      vertex 217.635 218.373 5
      vertex 218.028 218.028 0
      vertex 217.635 218.373 0
    endloop
  endfacet
  facet normal 1 -0 0
    outer loop
      vertex 24.25 24.25 5
      vertex 24.25 194.95 0
      vertex 24.25 194.95 5
    endloop
  endfacet
  facet normal 1 0 0
    outer loop
      vertex 24.25 194.95 0
      vertex 24.25 24.25 5
      vertex 24.25 24.25 0
    endloop
  endfacet
  facet normal -1 0 0
    outer loop
      vertex 194.95 24.25 0
      vertex 194.95 194.95 5
      vertex 194.95 194.95 0
    endloop
  endfacet
  facet normal -1 -0 0
    outer loop
      vertex 194.95 194.95 5
      vertex 194.95 24.25 0
      vertex 194.95 24.25 5
    endloop
  endfacet
  facet normal 0 -1 0
    outer loop
      vertex 24.25 194.95 0
      vertex 194.95 194.95 5
      vertex 24.25 194.95 5
    endloop
  endfacet
  facet normal 0 -1 -0
    outer loop
      vertex 194.95 194.95 5
      vertex 24.25 194.95 0
      vertex 194.95 194.95 0
    endloop
  endfacet
  facet normal 0 1 -0
    outer loop
      vertex 194.95 24.25 0
      vertex 24.25 24.25 5
      vertex 194.95 24.25 5
    endloop
  endfacet
  facet normal 0 1 0
    outer loop
      vertex 24.25 24.25 5
      vertex 194.95 24.25 0
      vertex 24.25 24.25 0
    endloop
  endfacet
endsolid OpenSCAD_Model
