solid OpenSCAD_Model
  facet normal -0.998798 -0.0490178 0
    outer loop
      vertex 14.1 14 1.8
      vertex 14.0899 14.2058 6
      vertex 14.0899 14.2058 1.8
    endloop
  endfacet
  facet normal -0.998798 -0.0490178 0
    outer loop
      vertex 14.0899 14.2058 6
      vertex 14.1 14 1.8
      vertex 14.1 14 6
    endloop
  endfacet
  facet normal 0.0490178 -0.998798 0
    outer loop
      vertex 11.7942 16.0899 1.8
      vertex 12 16.1 6
      vertex 11.7942 16.0899 6
    endloop
  endfacet
  facet normal 0.0490178 -0.998798 0
    outer loop
      vertex 12 16.1 6
      vertex 11.7942 16.0899 1.8
      vertex 12 16.1 1.8
    endloop
  endfacet
  facet normal -0.671561 -0.740949 0
    outer loop
      vertex 13.3322 15.6233 1.8
      vertex 13.4849 15.4849 6
      vertex 13.3322 15.6233 6
    endloop
  endfacet
  facet normal -0.671561 -0.740949 -0
    outer loop
      vertex 13.4849 15.4849 6
      vertex 13.3322 15.6233 1.8
      vertex 13.4849 15.4849 1.8
    endloop
  endfacet
  facet normal 0.740949 -0.671561 0
    outer loop
      vertex 10.3767 15.3322 6
      vertex 10.5151 15.4849 1.8
      vertex 10.5151 15.4849 6
    endloop
  endfacet
  facet normal 0.740949 -0.671561 0
    outer loop
      vertex 10.5151 15.4849 1.8
      vertex 10.3767 15.3322 6
      vertex 10.3767 15.3322 1.8
    endloop
  endfacet
  facet normal 0.427502 -0.904014 0
    outer loop
      vertex 11.0101 15.852 1.8
      vertex 11.1964 15.9401 6
      vertex 11.0101 15.852 6
    endloop
  endfacet
  facet normal 0.427502 -0.904014 0
    outer loop
      vertex 11.1964 15.9401 6
      vertex 11.0101 15.852 1.8
      vertex 11.1964 15.9401 1.8
    endloop
  endfacet
  facet normal 0.941458 0.337129 0
    outer loop
      vertex 10.0599 13.1964 6
      vertex 9.99043 13.3904 1.8
      vertex 9.99043 13.3904 6
    endloop
  endfacet
  facet normal 0.941458 0.337129 0
    outer loop
      vertex 9.99043 13.3904 1.8
      vertex 10.0599 13.1964 6
      vertex 10.0599 13.1964 1.8
    endloop
  endfacet
  facet normal -0.904014 -0.427502 0
    outer loop
      vertex 13.9401 14.8036 1.8
      vertex 13.852 14.9899 6
      vertex 13.852 14.9899 1.8
    endloop
  endfacet
  facet normal -0.904014 -0.427502 0
    outer loop
      vertex 13.852 14.9899 6
      vertex 13.9401 14.8036 1.8
      vertex 13.9401 14.8036 6
    endloop
  endfacet
  facet normal -0.337258 -0.941412 0
    outer loop
      vertex 12.6096 16.0096 1.8
      vertex 12.8036 15.9401 6
      vertex 12.6096 16.0096 6
    endloop
  endfacet
  facet normal -0.337258 -0.941412 -0
    outer loop
      vertex 12.8036 15.9401 6
      vertex 12.6096 16.0096 1.8
      vertex 12.8036 15.9401 1.8
    endloop
  endfacet
  facet normal 0.904014 -0.427502 0
    outer loop
      vertex 10.0599 14.8036 6
      vertex 10.148 14.9899 1.8
      vertex 10.148 14.9899 6
    endloop
  endfacet
  facet normal 0.904014 -0.427502 0
    outer loop
      vertex 10.148 14.9899 1.8
      vertex 10.0599 14.8036 6
      vertex 10.0599 14.8036 1.8
    endloop
  endfacet
  facet normal 0.857878 -0.513853 0
    outer loop
      vertex 10.148 14.9899 6
      vertex 10.2539 15.1667 1.8
      vertex 10.2539 15.1667 6
    endloop
  endfacet
  facet normal 0.857878 -0.513853 0
    outer loop
      vertex 10.2539 15.1667 1.8
      vertex 10.148 14.9899 6
      vertex 10.148 14.9899 1.8
    endloop
  endfacet
  facet normal 0.24265 -0.970114 0
    outer loop
      vertex 11.3904 16.0096 1.8
      vertex 11.5903 16.0596 6
      vertex 11.3904 16.0096 6
    endloop
  endfacet
  facet normal 0.24265 -0.970114 0
    outer loop
      vertex 11.5903 16.0596 6
      vertex 11.3904 16.0096 1.8
      vertex 11.5903 16.0596 1.8
    endloop
  endfacet
  facet normal -0.904014 0.427502 0
    outer loop
      vertex 13.852 13.0101 1.8
      vertex 13.9401 13.1964 6
      vertex 13.9401 13.1964 1.8
    endloop
  endfacet
  facet normal -0.904014 0.427502 0
    outer loop
      vertex 13.9401 13.1964 6
      vertex 13.852 13.0101 1.8
      vertex 13.852 13.0101 6
    endloop
  endfacet
  facet normal -0.337258 0.941412 0
    outer loop
      vertex 12.8036 12.0599 1.8
      vertex 12.6096 11.9904 6
      vertex 12.8036 12.0599 6
    endloop
  endfacet
  facet normal -0.337258 0.941412 0
    outer loop
      vertex 12.6096 11.9904 6
      vertex 12.8036 12.0599 1.8
      vertex 12.6096 11.9904 1.8
    endloop
  endfacet
  facet normal -0.740949 0.671561 0
    outer loop
      vertex 13.4849 12.5151 1.8
      vertex 13.6233 12.6678 6
      vertex 13.6233 12.6678 1.8
    endloop
  endfacet
  facet normal -0.740949 0.671561 0
    outer loop
      vertex 13.6233 12.6678 6
      vertex 13.4849 12.5151 1.8
      vertex 13.4849 12.5151 6
    endloop
  endfacet
  facet normal 0.24265 0.970114 -0
    outer loop
      vertex 11.5903 11.9404 1.8
      vertex 11.3904 11.9904 6
      vertex 11.5903 11.9404 6
    endloop
  endfacet
  facet normal 0.24265 0.970114 0
    outer loop
      vertex 11.3904 11.9904 6
      vertex 11.5903 11.9404 1.8
      vertex 11.3904 11.9904 1.8
    endloop
  endfacet
  facet normal 0.671561 0.740949 -0
    outer loop
      vertex 10.6678 12.3767 1.8
      vertex 10.5151 12.5151 6
      vertex 10.6678 12.3767 6
    endloop
  endfacet
  facet normal 0.671561 0.740949 0
    outer loop
      vertex 10.5151 12.5151 6
      vertex 10.6678 12.3767 1.8
      vertex 10.5151 12.5151 1.8
    endloop
  endfacet
  facet normal -0.970114 -0.24265 0
    outer loop
      vertex 14.0596 14.4097 1.8
      vertex 14.0096 14.6096 6
      vertex 14.0096 14.6096 1.8
    endloop
  endfacet
  facet normal -0.970114 -0.24265 0
    outer loop
      vertex 14.0096 14.6096 6
      vertex 14.0596 14.4097 1.8
      vertex 14.0596 14.4097 6
    endloop
  endfacet
  facet normal -0.989138 -0.146988 0
    outer loop
      vertex 14.0899 14.2058 1.8
      vertex 14.0596 14.4097 6
      vertex 14.0596 14.4097 1.8
    endloop
  endfacet
  facet normal -0.989138 -0.146988 0
    outer loop
      vertex 14.0596 14.4097 6
      vertex 14.0899 14.2058 1.8
      vertex 14.0899 14.2058 6
    endloop
  endfacet
  facet normal -0.941412 -0.337258 0
    outer loop
      vertex 14.0096 14.6096 1.8
      vertex 13.9401 14.8036 6
      vertex 13.9401 14.8036 1.8
    endloop
  endfacet
  facet normal -0.941412 -0.337258 0
    outer loop
      vertex 13.9401 14.8036 6
      vertex 14.0096 14.6096 1.8
      vertex 14.0096 14.6096 6
    endloop
  endfacet
  facet normal -0.803076 -0.595877 0
    outer loop
      vertex 13.7461 15.1667 1.8
      vertex 13.6233 15.3322 6
      vertex 13.6233 15.3322 1.8
    endloop
  endfacet
  facet normal -0.803076 -0.595877 0
    outer loop
      vertex 13.6233 15.3322 6
      vertex 13.7461 15.1667 1.8
      vertex 13.7461 15.1667 6
    endloop
  endfacet
  facet normal -0.857878 -0.513853 0
    outer loop
      vertex 13.852 14.9899 1.8
      vertex 13.7461 15.1667 6
      vertex 13.7461 15.1667 1.8
    endloop
  endfacet
  facet normal -0.857878 -0.513853 0
    outer loop
      vertex 13.7461 15.1667 6
      vertex 13.852 14.9899 1.8
      vertex 13.852 14.9899 6
    endloop
  endfacet
  facet normal -0.146988 -0.989138 0
    outer loop
      vertex 12.2058 16.0899 1.8
      vertex 12.4097 16.0596 6
      vertex 12.2058 16.0899 6
    endloop
  endfacet
  facet normal -0.146988 -0.989138 -0
    outer loop
      vertex 12.4097 16.0596 6
      vertex 12.2058 16.0899 1.8
      vertex 12.4097 16.0596 1.8
    endloop
  endfacet
  facet normal -0.0490178 -0.998798 0
    outer loop
      vertex 12 16.1 1.8
      vertex 12.2058 16.0899 6
      vertex 12 16.1 6
    endloop
  endfacet
  facet normal -0.0490178 -0.998798 -0
    outer loop
      vertex 12.2058 16.0899 6
      vertex 12 16.1 1.8
      vertex 12.2058 16.0899 1.8
    endloop
  endfacet
  facet normal -0.513853 -0.857878 0
    outer loop
      vertex 12.9899 15.852 1.8
      vertex 13.1667 15.7461 6
      vertex 12.9899 15.852 6
    endloop
  endfacet
  facet normal -0.513853 -0.857878 -0
    outer loop
      vertex 13.1667 15.7461 6
      vertex 12.9899 15.852 1.8
      vertex 13.1667 15.7461 1.8
    endloop
  endfacet
  facet normal -0.595877 -0.803076 0
    outer loop
      vertex 13.1667 15.7461 1.8
      vertex 13.3322 15.6233 6
      vertex 13.1667 15.7461 6
    endloop
  endfacet
  facet normal -0.595877 -0.803076 -0
    outer loop
      vertex 13.3322 15.6233 6
      vertex 13.1667 15.7461 1.8
      vertex 13.3322 15.6233 1.8
    endloop
  endfacet
  facet normal 0.989181 -0.146703 0
    outer loop
      vertex 9.91011 14.2058 6
      vertex 9.94035 14.4097 1.8
      vertex 9.94035 14.4097 6
    endloop
  endfacet
  facet normal 0.989181 -0.146703 0
    outer loop
      vertex 9.94035 14.4097 1.8
      vertex 9.91011 14.2058 6
      vertex 9.91011 14.2058 1.8
    endloop
  endfacet
  facet normal 0 0 1
    outer loop
      vertex 13.5 14 1.8
      vertex 14.1 14 1.8
      vertex 14.0899 14.2058 1.8
    endloop
  endfacet
  facet normal 0 0 1
    outer loop
      vertex 13.4928 14.147 1.8
      vertex 14.0899 14.2058 1.8
      vertex 14.0596 14.4097 1.8
    endloop
  endfacet
  facet normal 0 0 1
    outer loop
      vertex 14.1 14 1.8
      vertex 13.5 14 1.8
      vertex 14.0899 13.7942 1.8
    endloop
  endfacet
  facet normal 0 0 1
    outer loop
      vertex 13.4712 14.2926 1.8
      vertex 14.0596 14.4097 1.8
      vertex 14.0096 14.6096 1.8
    endloop
  endfacet
  facet normal -0 0 1
    outer loop
      vertex 13.4928 13.853 1.8
      vertex 14.0899 13.7942 1.8
      vertex 13.5 14 1.8
    endloop
  endfacet
  facet normal 0 0 1
    outer loop
      vertex 13.4354 14.4354 1.8
      vertex 14.0096 14.6096 1.8
      vertex 13.9401 14.8036 1.8
    endloop
  endfacet
  facet normal 0 0 1
    outer loop
      vertex 14.0899 13.7942 1.8
      vertex 13.4928 13.853 1.8
      vertex 14.0596 13.5903 1.8
    endloop
  endfacet
  facet normal 0 0 1
    outer loop
      vertex 13.3858 14.574 1.8
      vertex 13.9401 14.8036 1.8
      vertex 13.852 14.9899 1.8
    endloop
  endfacet
  facet normal -0 0 1
    outer loop
      vertex 13.4712 13.7074 1.8
      vertex 14.0596 13.5903 1.8
      vertex 13.4928 13.853 1.8
    endloop
  endfacet
  facet normal 0 0 1
    outer loop
      vertex 13.3229 14.7071 1.8
      vertex 13.852 14.9899 1.8
      vertex 13.7461 15.1667 1.8
    endloop
  endfacet
  facet normal 0 0 1
    outer loop
      vertex 14.0596 13.5903 1.8
      vertex 13.4712 13.7074 1.8
      vertex 14.0096 13.3904 1.8
    endloop
  endfacet
  facet normal 0 0 1
    outer loop
      vertex 13.2472 14.8334 1.8
      vertex 13.7461 15.1667 1.8
      vertex 13.6233 15.3322 1.8
    endloop
  endfacet
  facet normal -0 0 1
    outer loop
      vertex 13.4354 13.5646 1.8
      vertex 14.0096 13.3904 1.8
      vertex 13.4712 13.7074 1.8
    endloop
  endfacet
  facet normal 0 0 1
    outer loop
      vertex 14.0096 13.3904 1.8
      vertex 13.4354 13.5646 1.8
      vertex 13.9401 13.1964 1.8
    endloop
  endfacet
  facet normal 0 0 1
    outer loop
      vertex 14.0899 14.2058 1.8
      vertex 13.4928 14.147 1.8
      vertex 13.5 14 1.8
    endloop
  endfacet
  facet normal 0 0 1
    outer loop
      vertex 13.1595 14.9516 1.8
      vertex 13.6233 15.3322 1.8
      vertex 13.4849 15.4849 1.8
    endloop
  endfacet
  facet normal 0 0 1
    outer loop
      vertex 14.0596 14.4097 1.8
      vertex 13.4712 14.2926 1.8
      vertex 13.4928 14.147 1.8
    endloop
  endfacet
  facet normal 0 0 1
    outer loop
      vertex 14.0096 14.6096 1.8
      vertex 13.4354 14.4354 1.8
      vertex 13.4712 14.2926 1.8
    endloop
  endfacet
  facet normal 0 0 1
    outer loop
      vertex 13.9401 14.8036 1.8
      vertex 13.3858 14.574 1.8
      vertex 13.4354 14.4354 1.8
    endloop
  endfacet
  facet normal 0 0 1
    outer loop
      vertex 13.0607 15.0607 1.8
      vertex 13.4849 15.4849 1.8
      vertex 13.3322 15.6233 1.8
    endloop
  endfacet
  facet normal 0 0 1
    outer loop
      vertex 13.852 14.9899 1.8
      vertex 13.3229 14.7071 1.8
      vertex 13.3858 14.574 1.8
    endloop
  endfacet
  facet normal 0 0 1
    outer loop
      vertex 13.7461 15.1667 1.8
      vertex 13.2472 14.8334 1.8
      vertex 13.3229 14.7071 1.8
    endloop
  endfacet
  facet normal 0 0 1
    outer loop
      vertex 12.9516 15.1595 1.8
      vertex 13.3322 15.6233 1.8
      vertex 13.1667 15.7461 1.8
    endloop
  endfacet
  facet normal 0 0 1
    outer loop
      vertex 13.6233 15.3322 1.8
      vertex 13.1595 14.9516 1.8
      vertex 13.2472 14.8334 1.8
    endloop
  endfacet
  facet normal 0 0 1
    outer loop
      vertex 13.4849 15.4849 1.8
      vertex 13.0607 15.0607 1.8
      vertex 13.1595 14.9516 1.8
    endloop
  endfacet
  facet normal 0 0 1
    outer loop
      vertex 12.8334 15.2472 1.8
      vertex 13.1667 15.7461 1.8
      vertex 12.9899 15.852 1.8
    endloop
  endfacet
  facet normal 0 0 1
    outer loop
      vertex 13.3322 15.6233 1.8
      vertex 12.9516 15.1595 1.8
      vertex 13.0607 15.0607 1.8
    endloop
  endfacet
  facet normal 0 0 1
    outer loop
      vertex 13.1667 15.7461 1.8
      vertex 12.8334 15.2472 1.8
      vertex 12.9516 15.1595 1.8
    endloop
  endfacet
  facet normal 0 0 1
    outer loop
      vertex 12.7071 15.3229 1.8
      vertex 12.9899 15.852 1.8
      vertex 12.8036 15.9401 1.8
    endloop
  endfacet
  facet normal 0 0 1
    outer loop
      vertex 12.9899 15.852 1.8
      vertex 12.7071 15.3229 1.8
      vertex 12.8334 15.2472 1.8
    endloop
  endfacet
  facet normal 0 0 1
    outer loop
      vertex 12.574 15.3858 1.8
      vertex 12.8036 15.9401 1.8
      vertex 12.6096 16.0096 1.8
    endloop
  endfacet
  facet normal 0 0 1
    outer loop
      vertex 12.8036 15.9401 1.8
      vertex 12.574 15.3858 1.8
      vertex 12.7071 15.3229 1.8
    endloop
  endfacet
  facet normal 0 0 1
    outer loop
      vertex 12.6096 16.0096 1.8
      vertex 12.4354 15.4354 1.8
      vertex 12.574 15.3858 1.8
    endloop
  endfacet
  facet normal 0 0 1
    outer loop
      vertex 12.4097 16.0596 1.8
      vertex 12.4354 15.4354 1.8
      vertex 12.6096 16.0096 1.8
    endloop
  endfacet
  facet normal 0 0 1
    outer loop
      vertex 12.4097 16.0596 1.8
      vertex 12.2926 15.4712 1.8
      vertex 12.4354 15.4354 1.8
    endloop
  endfacet
  facet normal 0 0 1
    outer loop
      vertex 12.2058 16.0899 1.8
      vertex 12.2926 15.4712 1.8
      vertex 12.4097 16.0596 1.8
    endloop
  endfacet
  facet normal 0 0 1
    outer loop
      vertex 12.2058 16.0899 1.8
      vertex 12.147 15.4928 1.8
      vertex 12.2926 15.4712 1.8
    endloop
  endfacet
  facet normal 0 0 1
    outer loop
      vertex 12 16.1 1.8
      vertex 12.147 15.4928 1.8
      vertex 12.2058 16.0899 1.8
    endloop
  endfacet
  facet normal 0 0 1
    outer loop
      vertex 12 16.1 1.8
      vertex 12 15.5 1.8
      vertex 12.147 15.4928 1.8
    endloop
  endfacet
  facet normal 0 0 1
    outer loop
      vertex 12 16.1 1.8
      vertex 11.853 15.4928 1.8
      vertex 12 15.5 1.8
    endloop
  endfacet
  facet normal -0 0 1
    outer loop
      vertex 11.7942 16.0899 1.8
      vertex 11.853 15.4928 1.8
      vertex 12 16.1 1.8
    endloop
  endfacet
  facet normal 0 0 1
    outer loop
      vertex 11.7942 16.0899 1.8
      vertex 11.7074 15.4712 1.8
      vertex 11.853 15.4928 1.8
    endloop
  endfacet
  facet normal -0 0 1
    outer loop
      vertex 11.5903 16.0596 1.8
      vertex 11.7074 15.4712 1.8
      vertex 11.7942 16.0899 1.8
    endloop
  endfacet
  facet normal 0 0 1
    outer loop
      vertex 11.5903 16.0596 1.8
      vertex 11.5646 15.4354 1.8
      vertex 11.7074 15.4712 1.8
    endloop
  endfacet
  facet normal -0 0 1
    outer loop
      vertex 11.3904 16.0096 1.8
      vertex 11.5646 15.4354 1.8
      vertex 11.5903 16.0596 1.8
    endloop
  endfacet
  facet normal 0 0 1
    outer loop
      vertex 11.5646 15.4354 1.8
      vertex 11.3904 16.0096 1.8
      vertex 11.426 15.3858 1.8
    endloop
  endfacet
  facet normal -0 0 1
    outer loop
      vertex 11.1964 15.9401 1.8
      vertex 11.426 15.3858 1.8
      vertex 11.3904 16.0096 1.8
    endloop
  endfacet
  facet normal 0 0 1
    outer loop
      vertex 11.426 15.3858 1.8
      vertex 11.1964 15.9401 1.8
      vertex 11.2929 15.3229 1.8
    endloop
  endfacet
  facet normal -0 0 1
    outer loop
      vertex 11.0101 15.852 1.8
      vertex 11.2929 15.3229 1.8
      vertex 11.1964 15.9401 1.8
    endloop
  endfacet
  facet normal 0 0 1
    outer loop
      vertex 11.2929 15.3229 1.8
      vertex 11.0101 15.852 1.8
      vertex 11.1666 15.2472 1.8
    endloop
  endfacet
  facet normal -0 0 1
    outer loop
      vertex 10.8333 15.7461 1.8
      vertex 11.1666 15.2472 1.8
      vertex 11.0101 15.852 1.8
    endloop
  endfacet
  facet normal 0 0 1
    outer loop
      vertex 11.1666 15.2472 1.8
      vertex 10.8333 15.7461 1.8
      vertex 11.0484 15.1595 1.8
    endloop
  endfacet
  facet normal -0 0 1
    outer loop
      vertex 10.6678 15.6233 1.8
      vertex 11.0484 15.1595 1.8
      vertex 10.8333 15.7461 1.8
    endloop
  endfacet
  facet normal 0 0 1
    outer loop
      vertex 11.0484 15.1595 1.8
      vertex 10.6678 15.6233 1.8
      vertex 10.9393 15.0607 1.8
    endloop
  endfacet
  facet normal -0 0 1
    outer loop
      vertex 10.5151 15.4849 1.8
      vertex 10.9393 15.0607 1.8
      vertex 10.6678 15.6233 1.8
    endloop
  endfacet
  facet normal 0 0 1
    outer loop
      vertex 10.9393 15.0607 1.8
      vertex 10.5151 15.4849 1.8
      vertex 10.8405 14.9516 1.8
    endloop
  endfacet
  facet normal -0 0 1
    outer loop
      vertex 10.3767 15.3322 1.8
      vertex 10.8405 14.9516 1.8
      vertex 10.5151 15.4849 1.8
    endloop
  endfacet
  facet normal 0 0 1
    outer loop
      vertex 10.8405 14.9516 1.8
      vertex 10.3767 15.3322 1.8
      vertex 10.7528 14.8334 1.8
    endloop
  endfacet
  facet normal -0 0 1
    outer loop
      vertex 10.2539 15.1667 1.8
      vertex 10.7528 14.8334 1.8
      vertex 10.3767 15.3322 1.8
    endloop
  endfacet
  facet normal 0 0 1
    outer loop
      vertex 10.7528 14.8334 1.8
      vertex 10.2539 15.1667 1.8
      vertex 10.6771 14.7071 1.8
    endloop
  endfacet
  facet normal -0 0 1
    outer loop
      vertex 10.148 14.9899 1.8
      vertex 10.6771 14.7071 1.8
      vertex 10.2539 15.1667 1.8
    endloop
  endfacet
  facet normal 0 0 1
    outer loop
      vertex 10.6771 14.7071 1.8
      vertex 10.148 14.9899 1.8
      vertex 10.6142 14.574 1.8
    endloop
  endfacet
  facet normal -0 0 1
    outer loop
      vertex 10.0599 14.8036 1.8
      vertex 10.6142 14.574 1.8
      vertex 10.148 14.9899 1.8
    endloop
  endfacet
  facet normal 0 0 1
    outer loop
      vertex 10.6142 14.574 1.8
      vertex 10.0599 14.8036 1.8
      vertex 10.5646 14.4354 1.8
    endloop
  endfacet
  facet normal -0 0 1
    outer loop
      vertex 13.3858 13.426 1.8
      vertex 13.9401 13.1964 1.8
      vertex 13.4354 13.5646 1.8
    endloop
  endfacet
  facet normal 0 0 1
    outer loop
      vertex 13.9401 13.1964 1.8
      vertex 13.3858 13.426 1.8
      vertex 13.852 13.0101 1.8
    endloop
  endfacet
  facet normal -0 0 1
    outer loop
      vertex 13.3229 13.2929 1.8
      vertex 13.852 13.0101 1.8
      vertex 13.3858 13.426 1.8
    endloop
  endfacet
  facet normal 0 0 1
    outer loop
      vertex 13.852 13.0101 1.8
      vertex 13.3229 13.2929 1.8
      vertex 13.7461 12.8333 1.8
    endloop
  endfacet
  facet normal -0 0 1
    outer loop
      vertex 13.2472 13.1666 1.8
      vertex 13.7461 12.8333 1.8
      vertex 13.3229 13.2929 1.8
    endloop
  endfacet
  facet normal 0 0 1
    outer loop
      vertex 13.7461 12.8333 1.8
      vertex 13.2472 13.1666 1.8
      vertex 13.6233 12.6678 1.8
    endloop
  endfacet
  facet normal -0 0 1
    outer loop
      vertex 13.1595 13.0484 1.8
      vertex 13.6233 12.6678 1.8
      vertex 13.2472 13.1666 1.8
    endloop
  endfacet
  facet normal 0 0 1
    outer loop
      vertex 13.6233 12.6678 1.8
      vertex 13.1595 13.0484 1.8
      vertex 13.4849 12.5151 1.8
    endloop
  endfacet
  facet normal -0 0 1
    outer loop
      vertex 13.0607 12.9393 1.8
      vertex 13.4849 12.5151 1.8
      vertex 13.1595 13.0484 1.8
    endloop
  endfacet
  facet normal 0 0 1
    outer loop
      vertex 13.4849 12.5151 1.8
      vertex 13.0607 12.9393 1.8
      vertex 13.3322 12.3767 1.8
    endloop
  endfacet
  facet normal -0 0 1
    outer loop
      vertex 12.9516 12.8405 1.8
      vertex 13.3322 12.3767 1.8
      vertex 13.0607 12.9393 1.8
    endloop
  endfacet
  facet normal 0 0 1
    outer loop
      vertex 13.3322 12.3767 1.8
      vertex 12.9516 12.8405 1.8
      vertex 13.1667 12.2539 1.8
    endloop
  endfacet
  facet normal -0 0 1
    outer loop
      vertex 12.8334 12.7528 1.8
      vertex 13.1667 12.2539 1.8
      vertex 12.9516 12.8405 1.8
    endloop
  endfacet
  facet normal 0 0 1
    outer loop
      vertex 13.1667 12.2539 1.8
      vertex 12.8334 12.7528 1.8
      vertex 12.9899 12.148 1.8
    endloop
  endfacet
  facet normal -0 0 1
    outer loop
      vertex 12.7071 12.6771 1.8
      vertex 12.9899 12.148 1.8
      vertex 12.8334 12.7528 1.8
    endloop
  endfacet
  facet normal 0 0 1
    outer loop
      vertex 12.9899 12.148 1.8
      vertex 12.7071 12.6771 1.8
      vertex 12.8036 12.0599 1.8
    endloop
  endfacet
  facet normal -0 0 1
    outer loop
      vertex 12.574 12.6142 1.8
      vertex 12.8036 12.0599 1.8
      vertex 12.7071 12.6771 1.8
    endloop
  endfacet
  facet normal 0 0 1
    outer loop
      vertex 12.8036 12.0599 1.8
      vertex 12.574 12.6142 1.8
      vertex 12.6096 11.9904 1.8
    endloop
  endfacet
  facet normal -0 0 1
    outer loop
      vertex 12.4354 12.5646 1.8
      vertex 12.6096 11.9904 1.8
      vertex 12.574 12.6142 1.8
    endloop
  endfacet
  facet normal 0 0 1
    outer loop
      vertex 12.4354 12.5646 1.8
      vertex 12.4097 11.9404 1.8
      vertex 12.6096 11.9904 1.8
    endloop
  endfacet
  facet normal -0 0 1
    outer loop
      vertex 12.2926 12.5288 1.8
      vertex 12.4097 11.9404 1.8
      vertex 12.4354 12.5646 1.8
    endloop
  endfacet
  facet normal 0 0 1
    outer loop
      vertex 12.2926 12.5288 1.8
      vertex 12.2058 11.9101 1.8
      vertex 12.4097 11.9404 1.8
    endloop
  endfacet
  facet normal -0 0 1
    outer loop
      vertex 12.147 12.5072 1.8
      vertex 12.2058 11.9101 1.8
      vertex 12.2926 12.5288 1.8
    endloop
  endfacet
  facet normal -0 0 1
    outer loop
      vertex 12 12.5 1.8
      vertex 12.2058 11.9101 1.8
      vertex 12.147 12.5072 1.8
    endloop
  endfacet
  facet normal 0 0 1
    outer loop
      vertex 12 12.5 1.8
      vertex 12 11.9 1.8
      vertex 12.2058 11.9101 1.8
    endloop
  endfacet
  facet normal 0 0 1
    outer loop
      vertex 11.853 12.5072 1.8
      vertex 12 11.9 1.8
      vertex 12 12.5 1.8
    endloop
  endfacet
  facet normal 0 0 1
    outer loop
      vertex 11.853 12.5072 1.8
      vertex 11.7942 11.9101 1.8
      vertex 12 11.9 1.8
    endloop
  endfacet
  facet normal 0 0 1
    outer loop
      vertex 11.7074 12.5288 1.8
      vertex 11.7942 11.9101 1.8
      vertex 11.853 12.5072 1.8
    endloop
  endfacet
  facet normal 0 0 1
    outer loop
      vertex 11.7074 12.5288 1.8
      vertex 11.5903 11.9404 1.8
      vertex 11.7942 11.9101 1.8
    endloop
  endfacet
  facet normal 0 0 1
    outer loop
      vertex 11.5646 12.5646 1.8
      vertex 11.5903 11.9404 1.8
      vertex 11.7074 12.5288 1.8
    endloop
  endfacet
  facet normal 0 0 1
    outer loop
      vertex 11.3904 11.9904 1.8
      vertex 11.5646 12.5646 1.8
      vertex 11.426 12.6142 1.8
    endloop
  endfacet
  facet normal 0 0 1
    outer loop
      vertex 11.5646 12.5646 1.8
      vertex 11.3904 11.9904 1.8
      vertex 11.5903 11.9404 1.8
    endloop
  endfacet
  facet normal 0 0 1
    outer loop
      vertex 11.1964 12.0599 1.8
      vertex 11.426 12.6142 1.8
      vertex 11.2929 12.6771 1.8
    endloop
  endfacet
  facet normal 0 0 1
    outer loop
      vertex 11.426 12.6142 1.8
      vertex 11.1964 12.0599 1.8
      vertex 11.3904 11.9904 1.8
    endloop
  endfacet
  facet normal 0 0 1
    outer loop
      vertex 11.0101 12.148 1.8
      vertex 11.2929 12.6771 1.8
      vertex 11.1666 12.7528 1.8
    endloop
  endfacet
  facet normal 0 0 1
    outer loop
      vertex 10.8333 12.2539 1.8
      vertex 11.1666 12.7528 1.8
      vertex 11.0484 12.8405 1.8
    endloop
  endfacet
  facet normal 0 0 1
    outer loop
      vertex 11.2929 12.6771 1.8
      vertex 11.0101 12.148 1.8
      vertex 11.1964 12.0599 1.8
    endloop
  endfacet
  facet normal 0 0 1
    outer loop
      vertex 10.6678 12.3767 1.8
      vertex 11.0484 12.8405 1.8
      vertex 10.9393 12.9393 1.8
    endloop
  endfacet
  facet normal 0 0 1
    outer loop
      vertex 10.5151 12.5151 1.8
      vertex 10.9393 12.9393 1.8
      vertex 10.8405 13.0484 1.8
    endloop
  endfacet
  facet normal 0 0 1
    outer loop
      vertex 11.1666 12.7528 1.8
      vertex 10.8333 12.2539 1.8
      vertex 11.0101 12.148 1.8
    endloop
  endfacet
  facet normal 0 0 1
    outer loop
      vertex 10.3767 12.6678 1.8
      vertex 10.8405 13.0484 1.8
      vertex 10.7528 13.1666 1.8
    endloop
  endfacet
  facet normal 0 0 1
    outer loop
      vertex 10.2539 12.8333 1.8
      vertex 10.7528 13.1666 1.8
      vertex 10.6771 13.2929 1.8
    endloop
  endfacet
  facet normal 0 0 1
    outer loop
      vertex 11.0484 12.8405 1.8
      vertex 10.6678 12.3767 1.8
      vertex 10.8333 12.2539 1.8
    endloop
  endfacet
  facet normal 0 0 1
    outer loop
      vertex 10.148 13.0101 1.8
      vertex 10.6771 13.2929 1.8
      vertex 10.6142 13.426 1.8
    endloop
  endfacet
  facet normal 0 0 1
    outer loop
      vertex 10.0599 13.1964 1.8
      vertex 10.6142 13.426 1.8
      vertex 10.5646 13.5646 1.8
    endloop
  endfacet
  facet normal 0 0 1
    outer loop
      vertex 9.99043 13.3904 1.8
      vertex 10.5646 13.5646 1.8
      vertex 10.5288 13.7074 1.8
    endloop
  endfacet
  facet normal 0 0 1
    outer loop
      vertex 10.9393 12.9393 1.8
      vertex 10.5151 12.5151 1.8
      vertex 10.6678 12.3767 1.8
    endloop
  endfacet
  facet normal 0 0 1
    outer loop
      vertex 9.94035 13.5903 1.8
      vertex 10.5288 13.7074 1.8
      vertex 10.5072 13.853 1.8
    endloop
  endfacet
  facet normal 0 0 1
    outer loop
      vertex 9.91011 13.7942 1.8
      vertex 10.5072 13.853 1.8
      vertex 10.5 14 1.8
    endloop
  endfacet
  facet normal -0 0 1
    outer loop
      vertex 9.99043 14.6096 1.8
      vertex 10.5646 14.4354 1.8
      vertex 10.0599 14.8036 1.8
    endloop
  endfacet
  facet normal 0 0 1
    outer loop
      vertex 10.8405 13.0484 1.8
      vertex 10.3767 12.6678 1.8
      vertex 10.5151 12.5151 1.8
    endloop
  endfacet
  facet normal 0 0 1
    outer loop
      vertex 10.5646 14.4354 1.8
      vertex 9.99043 14.6096 1.8
      vertex 10.5288 14.2926 1.8
    endloop
  endfacet
  facet normal 0 0 1
    outer loop
      vertex 10.7528 13.1666 1.8
      vertex 10.2539 12.8333 1.8
      vertex 10.3767 12.6678 1.8
    endloop
  endfacet
  facet normal -0 0 1
    outer loop
      vertex 9.94035 14.4097 1.8
      vertex 10.5288 14.2926 1.8
      vertex 9.99043 14.6096 1.8
    endloop
  endfacet
  facet normal 0 0 1
    outer loop
      vertex 10.6771 13.2929 1.8
      vertex 10.148 13.0101 1.8
      vertex 10.2539 12.8333 1.8
    endloop
  endfacet
  facet normal 0 0 1
    outer loop
      vertex 10.5288 14.2926 1.8
      vertex 9.94035 14.4097 1.8
      vertex 10.5072 14.147 1.8
    endloop
  endfacet
  facet normal 0 0 1
    outer loop
      vertex 10.6142 13.426 1.8
      vertex 10.0599 13.1964 1.8
      vertex 10.148 13.0101 1.8
    endloop
  endfacet
  facet normal -0 0 1
    outer loop
      vertex 9.91011 14.2058 1.8
      vertex 10.5072 14.147 1.8
      vertex 9.94035 14.4097 1.8
    endloop
  endfacet
  facet normal 0 0 1
    outer loop
      vertex 10.5646 13.5646 1.8
      vertex 9.99043 13.3904 1.8
      vertex 10.0599 13.1964 1.8
    endloop
  endfacet
  facet normal 0 0 1
    outer loop
      vertex 10.5072 14.147 1.8
      vertex 9.91011 14.2058 1.8
      vertex 10.5 14 1.8
    endloop
  endfacet
  facet normal 0 0 1
    outer loop
      vertex 10.5288 13.7074 1.8
      vertex 9.94035 13.5903 1.8
      vertex 9.99043 13.3904 1.8
    endloop
  endfacet
  facet normal 0 0 1
    outer loop
      vertex 9.9 14 1.8
      vertex 10.5 14 1.8
      vertex 9.91011 14.2058 1.8
    endloop
  endfacet
  facet normal 0 0 1
    outer loop
      vertex 10.5072 13.853 1.8
      vertex 9.91011 13.7942 1.8
      vertex 9.94035 13.5903 1.8
    endloop
  endfacet
  facet normal 0 0 1
    outer loop
      vertex 10.5 14 1.8
      vertex 9.9 14 1.8
      vertex 9.91011 13.7942 1.8
    endloop
  endfacet
  facet normal 0.941458 -0.337129 0
    outer loop
      vertex 9.99043 14.6096 6
      vertex 10.0599 14.8036 1.8
      vertex 10.0599 14.8036 6
    endloop
  endfacet
  facet normal 0.941458 -0.337129 0
    outer loop
      vertex 10.0599 14.8036 1.8
      vertex 9.99043 14.6096 6
      vertex 9.99043 14.6096 1.8
    endloop
  endfacet
  facet normal 0.998796 -0.0490662 0
    outer loop
      vertex 9.9 14 6
      vertex 9.91011 14.2058 1.8
      vertex 9.91011 14.2058 6
    endloop
  endfacet
  facet normal 0.998796 -0.0490662 0
    outer loop
      vertex 9.91011 14.2058 1.8
      vertex 9.9 14 6
      vertex 9.9 14 1.8
    endloop
  endfacet
  facet normal 0.595877 -0.803076 0
    outer loop
      vertex 10.6678 15.6233 1.8
      vertex 10.8333 15.7461 6
      vertex 10.6678 15.6233 6
    endloop
  endfacet
  facet normal 0.595877 -0.803076 0
    outer loop
      vertex 10.8333 15.7461 6
      vertex 10.6678 15.6233 1.8
      vertex 10.8333 15.7461 1.8
    endloop
  endfacet
  facet normal 0.146988 -0.989138 0
    outer loop
      vertex 11.5903 16.0596 1.8
      vertex 11.7942 16.0899 6
      vertex 11.5903 16.0596 6
    endloop
  endfacet
  facet normal 0.146988 -0.989138 0
    outer loop
      vertex 11.7942 16.0899 6
      vertex 11.5903 16.0596 1.8
      vertex 11.7942 16.0899 1.8
    endloop
  endfacet
  facet normal -0.998798 0.0490178 0
    outer loop
      vertex 14.0899 13.7942 1.8
      vertex 14.1 14 6
      vertex 14.1 14 1.8
    endloop
  endfacet
  facet normal -0.998798 0.0490178 0
    outer loop
      vertex 14.1 14 6
      vertex 14.0899 13.7942 1.8
      vertex 14.0899 13.7942 6
    endloop
  endfacet
  facet normal -0.146988 0.989138 0
    outer loop
      vertex 12.4097 11.9404 1.8
      vertex 12.2058 11.9101 6
      vertex 12.4097 11.9404 6
    endloop
  endfacet
  facet normal -0.146988 0.989138 0
    outer loop
      vertex 12.2058 11.9101 6
      vertex 12.4097 11.9404 1.8
      vertex 12.2058 11.9101 1.8
    endloop
  endfacet
  facet normal -0.513853 0.857878 0
    outer loop
      vertex 13.1667 12.2539 1.8
      vertex 12.9899 12.148 6
      vertex 13.1667 12.2539 6
    endloop
  endfacet
  facet normal -0.513853 0.857878 0
    outer loop
      vertex 12.9899 12.148 6
      vertex 13.1667 12.2539 1.8
      vertex 12.9899 12.148 1.8
    endloop
  endfacet
  facet normal -0.671561 0.740949 0
    outer loop
      vertex 13.4849 12.5151 1.8
      vertex 13.3322 12.3767 6
      vertex 13.4849 12.5151 6
    endloop
  endfacet
  facet normal -0.671561 0.740949 0
    outer loop
      vertex 13.3322 12.3767 6
      vertex 13.4849 12.5151 1.8
      vertex 13.3322 12.3767 1.8
    endloop
  endfacet
  facet normal -0.595877 0.803076 0
    outer loop
      vertex 13.3322 12.3767 1.8
      vertex 13.1667 12.2539 6
      vertex 13.3322 12.3767 6
    endloop
  endfacet
  facet normal -0.595877 0.803076 0
    outer loop
      vertex 13.1667 12.2539 6
      vertex 13.3322 12.3767 1.8
      vertex 13.1667 12.2539 1.8
    endloop
  endfacet
  facet normal -0.803076 0.595877 0
    outer loop
      vertex 13.6233 12.6678 1.8
      vertex 13.7461 12.8333 6
      vertex 13.7461 12.8333 1.8
    endloop
  endfacet
  facet normal -0.803076 0.595877 0
    outer loop
      vertex 13.7461 12.8333 6
      vertex 13.6233 12.6678 1.8
      vertex 13.6233 12.6678 6
    endloop
  endfacet
  facet normal -0.857878 0.513853 0
    outer loop
      vertex 13.7461 12.8333 1.8
      vertex 13.852 13.0101 6
      vertex 13.852 13.0101 1.8
    endloop
  endfacet
  facet normal -0.857878 0.513853 0
    outer loop
      vertex 13.852 13.0101 6
      vertex 13.7461 12.8333 1.8
      vertex 13.7461 12.8333 6
    endloop
  endfacet
  facet normal -0.989138 0.146988 0
    outer loop
      vertex 14.0596 13.5903 1.8
      vertex 14.0899 13.7942 6
      vertex 14.0899 13.7942 1.8
    endloop
  endfacet
  facet normal -0.989138 0.146988 0
    outer loop
      vertex 14.0899 13.7942 6
      vertex 14.0596 13.5903 1.8
      vertex 14.0596 13.5903 6
    endloop
  endfacet
  facet normal -0.970114 0.24265 0
    outer loop
      vertex 14.0096 13.3904 1.8
      vertex 14.0596 13.5903 6
      vertex 14.0596 13.5903 1.8
    endloop
  endfacet
  facet normal -0.970114 0.24265 0
    outer loop
      vertex 14.0596 13.5903 6
      vertex 14.0096 13.3904 1.8
      vertex 14.0096 13.3904 6
    endloop
  endfacet
  facet normal 0.595877 0.803076 -0
    outer loop
      vertex 10.8333 12.2539 1.8
      vertex 10.6678 12.3767 6
      vertex 10.8333 12.2539 6
    endloop
  endfacet
  facet normal 0.595877 0.803076 0
    outer loop
      vertex 10.6678 12.3767 6
      vertex 10.8333 12.2539 1.8
      vertex 10.6678 12.3767 1.8
    endloop
  endfacet
  facet normal 0.513853 0.857878 -0
    outer loop
      vertex 11.0101 12.148 1.8
      vertex 10.8333 12.2539 6
      vertex 11.0101 12.148 6
    endloop
  endfacet
  facet normal 0.513853 0.857878 0
    outer loop
      vertex 10.8333 12.2539 6
      vertex 11.0101 12.148 1.8
      vertex 10.8333 12.2539 1.8
    endloop
  endfacet
  facet normal 0.427502 0.904014 -0
    outer loop
      vertex 11.1964 12.0599 1.8
      vertex 11.0101 12.148 6
      vertex 11.1964 12.0599 6
    endloop
  endfacet
  facet normal 0.427502 0.904014 0
    outer loop
      vertex 11.0101 12.148 6
      vertex 11.1964 12.0599 1.8
      vertex 11.0101 12.148 1.8
    endloop
  endfacet
  facet normal 0.0490178 0.998798 -0
    outer loop
      vertex 12 11.9 1.8
      vertex 11.7942 11.9101 6
      vertex 12 11.9 6
    endloop
  endfacet
  facet normal 0.0490178 0.998798 0
    outer loop
      vertex 11.7942 11.9101 6
      vertex 12 11.9 1.8
      vertex 11.7942 11.9101 1.8
    endloop
  endfacet
  facet normal 0.803076 0.595877 0
    outer loop
      vertex 10.3767 12.6678 6
      vertex 10.2539 12.8333 1.8
      vertex 10.2539 12.8333 6
    endloop
  endfacet
  facet normal 0.803076 0.595877 0
    outer loop
      vertex 10.2539 12.8333 1.8
      vertex 10.3767 12.6678 6
      vertex 10.3767 12.6678 1.8
    endloop
  endfacet
  facet normal 0.857878 0.513853 0
    outer loop
      vertex 10.2539 12.8333 6
      vertex 10.148 13.0101 1.8
      vertex 10.148 13.0101 6
    endloop
  endfacet
  facet normal 0.857878 0.513853 0
    outer loop
      vertex 10.148 13.0101 1.8
      vertex 10.2539 12.8333 6
      vertex 10.2539 12.8333 1.8
    endloop
  endfacet
  facet normal 0.740949 0.671561 0
    outer loop
      vertex 10.5151 12.5151 6
      vertex 10.3767 12.6678 1.8
      vertex 10.3767 12.6678 6
    endloop
  endfacet
  facet normal 0.740949 0.671561 0
    outer loop
      vertex 10.3767 12.6678 1.8
      vertex 10.5151 12.5151 6
      vertex 10.5151 12.5151 1.8
    endloop
  endfacet
  facet normal 0.904014 0.427502 0
    outer loop
      vertex 10.148 13.0101 6
      vertex 10.0599 13.1964 1.8
      vertex 10.0599 13.1964 6
    endloop
  endfacet
  facet normal 0.904014 0.427502 0
    outer loop
      vertex 10.0599 13.1964 1.8
      vertex 10.148 13.0101 6
      vertex 10.148 13.0101 1.8
    endloop
  endfacet
  facet normal 0.989181 0.146703 0
    outer loop
      vertex 9.94035 13.5903 6
      vertex 9.91011 13.7942 1.8
      vertex 9.91011 13.7942 6
    endloop
  endfacet
  facet normal 0.989181 0.146703 0
    outer loop
      vertex 9.91011 13.7942 1.8
      vertex 9.94035 13.5903 6
      vertex 9.94035 13.5903 1.8
    endloop
  endfacet
  facet normal -0.740949 -0.671561 0
    outer loop
      vertex 13.6233 15.3322 1.8
      vertex 13.4849 15.4849 6
      vertex 13.4849 15.4849 1.8
    endloop
  endfacet
  facet normal -0.740949 -0.671561 0
    outer loop
      vertex 13.4849 15.4849 6
      vertex 13.6233 15.3322 1.8
      vertex 13.6233 15.3322 6
    endloop
  endfacet
  facet normal -0.24265 -0.970114 0
    outer loop
      vertex 12.4097 16.0596 1.8
      vertex 12.6096 16.0096 6
      vertex 12.4097 16.0596 6
    endloop
  endfacet
  facet normal -0.24265 -0.970114 -0
    outer loop
      vertex 12.6096 16.0096 6
      vertex 12.4097 16.0596 1.8
      vertex 12.6096 16.0096 1.8
    endloop
  endfacet
  facet normal -0.427502 -0.904014 0
    outer loop
      vertex 12.8036 15.9401 1.8
      vertex 12.9899 15.852 6
      vertex 12.8036 15.9401 6
    endloop
  endfacet
  facet normal -0.427502 -0.904014 -0
    outer loop
      vertex 12.9899 15.852 6
      vertex 12.8036 15.9401 1.8
      vertex 12.9899 15.852 1.8
    endloop
  endfacet
  facet normal 0.803076 -0.595877 0
    outer loop
      vertex 10.2539 15.1667 6
      vertex 10.3767 15.3322 1.8
      vertex 10.3767 15.3322 6
    endloop
  endfacet
  facet normal 0.803076 -0.595877 0
    outer loop
      vertex 10.3767 15.3322 1.8
      vertex 10.2539 15.1667 6
      vertex 10.2539 15.1667 1.8
    endloop
  endfacet
  facet normal 0.970022 -0.243015 0
    outer loop
      vertex 9.94035 14.4097 6
      vertex 9.99043 14.6096 1.8
      vertex 9.99043 14.6096 6
    endloop
  endfacet
  facet normal 0.970022 -0.243015 0
    outer loop
      vertex 9.99043 14.6096 1.8
      vertex 9.94035 14.4097 6
      vertex 9.94035 14.4097 1.8
    endloop
  endfacet
  facet normal 0.998796 0.0490662 0
    outer loop
      vertex 9.91011 13.7942 6
      vertex 9.9 14 1.8
      vertex 9.9 14 6
    endloop
  endfacet
  facet normal 0.998796 0.0490662 0
    outer loop
      vertex 9.9 14 1.8
      vertex 9.91011 13.7942 6
      vertex 9.91011 13.7942 1.8
    endloop
  endfacet
  facet normal 0.671561 -0.740949 0
    outer loop
      vertex 10.5151 15.4849 1.8
      vertex 10.6678 15.6233 6
      vertex 10.5151 15.4849 6
    endloop
  endfacet
  facet normal 0.671561 -0.740949 0
    outer loop
      vertex 10.6678 15.6233 6
      vertex 10.5151 15.4849 1.8
      vertex 10.6678 15.6233 1.8
    endloop
  endfacet
  facet normal 0.513853 -0.857878 0
    outer loop
      vertex 10.8333 15.7461 1.8
      vertex 11.0101 15.852 6
      vertex 10.8333 15.7461 6
    endloop
  endfacet
  facet normal 0.513853 -0.857878 0
    outer loop
      vertex 11.0101 15.852 6
      vertex 10.8333 15.7461 1.8
      vertex 11.0101 15.852 1.8
    endloop
  endfacet
  facet normal 0.337258 -0.941412 0
    outer loop
      vertex 11.1964 15.9401 1.8
      vertex 11.3904 16.0096 6
      vertex 11.1964 15.9401 6
    endloop
  endfacet
  facet normal 0.337258 -0.941412 0
    outer loop
      vertex 11.3904 16.0096 6
      vertex 11.1964 15.9401 1.8
      vertex 11.3904 16.0096 1.8
    endloop
  endfacet
  facet normal -0.24265 0.970114 0
    outer loop
      vertex 12.6096 11.9904 1.8
      vertex 12.4097 11.9404 6
      vertex 12.6096 11.9904 6
    endloop
  endfacet
  facet normal -0.24265 0.970114 0
    outer loop
      vertex 12.4097 11.9404 6
      vertex 12.6096 11.9904 1.8
      vertex 12.4097 11.9404 1.8
    endloop
  endfacet
  facet normal -0.427502 0.904014 0
    outer loop
      vertex 12.9899 12.148 1.8
      vertex 12.8036 12.0599 6
      vertex 12.9899 12.148 6
    endloop
  endfacet
  facet normal -0.427502 0.904014 0
    outer loop
      vertex 12.8036 12.0599 6
      vertex 12.9899 12.148 1.8
      vertex 12.8036 12.0599 1.8
    endloop
  endfacet
  facet normal -0.941412 0.337258 0
    outer loop
      vertex 13.9401 13.1964 1.8
      vertex 14.0096 13.3904 6
      vertex 14.0096 13.3904 1.8
    endloop
  endfacet
  facet normal -0.941412 0.337258 0
    outer loop
      vertex 14.0096 13.3904 6
      vertex 13.9401 13.1964 1.8
      vertex 13.9401 13.1964 6
    endloop
  endfacet
  facet normal 0.337258 0.941412 -0
    outer loop
      vertex 11.3904 11.9904 1.8
      vertex 11.1964 12.0599 6
      vertex 11.3904 11.9904 6
    endloop
  endfacet
  facet normal 0.337258 0.941412 0
    outer loop
      vertex 11.1964 12.0599 6
      vertex 11.3904 11.9904 1.8
      vertex 11.1964 12.0599 1.8
    endloop
  endfacet
  facet normal 0.146988 0.989138 -0
    outer loop
      vertex 11.7942 11.9101 1.8
      vertex 11.5903 11.9404 6
      vertex 11.7942 11.9101 6
    endloop
  endfacet
  facet normal 0.146988 0.989138 0
    outer loop
      vertex 11.5903 11.9404 6
      vertex 11.7942 11.9101 1.8
      vertex 11.5903 11.9404 1.8
    endloop
  endfacet
  facet normal -0.0490178 0.998798 0
    outer loop
      vertex 12.2058 11.9101 1.8
      vertex 12 11.9 6
      vertex 12.2058 11.9101 6
    endloop
  endfacet
  facet normal -0.0490178 0.998798 0
    outer loop
      vertex 12 11.9 6
      vertex 12.2058 11.9101 1.8
      vertex 12 11.9 1.8
    endloop
  endfacet
  facet normal 0.970022 0.243015 0
    outer loop
      vertex 9.99043 13.3904 6
      vertex 9.94035 13.5903 1.8
      vertex 9.94035 13.5903 6
    endloop
  endfacet
  facet normal 0.970022 0.243015 0
    outer loop
      vertex 9.94035 13.5903 1.8
      vertex 9.99043 13.3904 6
      vertex 9.99043 13.3904 1.8
    endloop
  endfacet
  facet normal -0.998803 -0.0489209 0
    outer loop
      vertex 13.5 14 0
      vertex 13.4928 14.147 1.8
      vertex 13.4928 14.147 0
    endloop
  endfacet
  facet normal -0.998803 -0.0489209 0
    outer loop
      vertex 13.4928 14.147 1.8
      vertex 13.5 14 0
      vertex 13.5 14 1.8
    endloop
  endfacet
  facet normal 0.0489209 -0.998803 0
    outer loop
      vertex 11.853 15.4928 0
      vertex 12 15.5 1.8
      vertex 11.853 15.4928 1.8
    endloop
  endfacet
  facet normal 0.0489209 -0.998803 0
    outer loop
      vertex 12 15.5 1.8
      vertex 11.853 15.4928 0
      vertex 12 15.5 0
    endloop
  endfacet
  facet normal 0.671251 0.74123 -0
    outer loop
      vertex 11.0484 12.8405 0
      vertex 10.9393 12.9393 1.8
      vertex 11.0484 12.8405 1.8
    endloop
  endfacet
  facet normal 0.671251 0.74123 0
    outer loop
      vertex 10.9393 12.9393 1.8
      vertex 11.0484 12.8405 0
      vertex 10.9393 12.9393 0
    endloop
  endfacet
  facet normal -0.671251 -0.74123 0
    outer loop
      vertex 12.9516 15.1595 0
      vertex 13.0607 15.0607 1.8
      vertex 12.9516 15.1595 1.8
    endloop
  endfacet
  facet normal -0.671251 -0.74123 -0
    outer loop
      vertex 13.0607 15.0607 1.8
      vertex 12.9516 15.1595 0
      vertex 13.0607 15.0607 0
    endloop
  endfacet
  facet normal 0.74123 -0.671251 0
    outer loop
      vertex 10.8405 14.9516 1.8
      vertex 10.9393 15.0607 0
      vertex 10.9393 15.0607 1.8
    endloop
  endfacet
  facet normal 0.74123 -0.671251 0
    outer loop
      vertex 10.9393 15.0607 0
      vertex 10.8405 14.9516 1.8
      vertex 10.8405 14.9516 0
    endloop
  endfacet
  facet normal 0.427269 -0.904125 0
    outer loop
      vertex 11.2929 15.3229 0
      vertex 11.426 15.3858 1.8
      vertex 11.2929 15.3229 1.8
    endloop
  endfacet
  facet normal 0.427269 -0.904125 0
    outer loop
      vertex 11.426 15.3858 1.8
      vertex 11.2929 15.3229 0
      vertex 11.426 15.3858 0
    endloop
  endfacet
  facet normal 0.904125 0.427269 0
    outer loop
      vertex 10.6771 13.2929 1.8
      vertex 10.6142 13.426 0
      vertex 10.6142 13.426 1.8
    endloop
  endfacet
  facet normal 0.904125 0.427269 0
    outer loop
      vertex 10.6142 13.426 0
      vertex 10.6771 13.2929 1.8
      vertex 10.6771 13.2929 0
    endloop
  endfacet
  facet normal -0.904125 -0.427269 0
    outer loop
      vertex 13.3858 14.574 0
      vertex 13.3229 14.7071 1.8
      vertex 13.3229 14.7071 0
    endloop
  endfacet
  facet normal -0.904125 -0.427269 0
    outer loop
      vertex 13.3229 14.7071 1.8
      vertex 13.3858 14.574 0
      vertex 13.3858 14.574 1.8
    endloop
  endfacet
  facet normal -0.336939 -0.941527 0
    outer loop
      vertex 12.4354 15.4354 0
      vertex 12.574 15.3858 1.8
      vertex 12.4354 15.4354 1.8
    endloop
  endfacet
  facet normal -0.336939 -0.941527 -0
    outer loop
      vertex 12.574 15.3858 1.8
      vertex 12.4354 15.4354 0
      vertex 12.574 15.3858 0
    endloop
  endfacet
  facet normal -0.514096 -0.857733 0
    outer loop
      vertex 12.7071 15.3229 0
      vertex 12.8334 15.2472 1.8
      vertex 12.7071 15.3229 1.8
    endloop
  endfacet
  facet normal -0.514096 -0.857733 -0
    outer loop
      vertex 12.8334 15.2472 1.8
      vertex 12.7071 15.3229 0
      vertex 12.8334 15.2472 0
    endloop
  endfacet
  facet normal 0.941527 -0.336939 0
    outer loop
      vertex 10.5646 14.4354 1.8
      vertex 10.6142 14.574 0
      vertex 10.6142 14.574 1.8
    endloop
  endfacet
  facet normal 0.941527 -0.336939 0
    outer loop
      vertex 10.6142 14.574 0
      vertex 10.5646 14.4354 1.8
      vertex 10.5646 14.4354 0
    endloop
  endfacet
  facet normal 0.243175 -0.969982 0
    outer loop
      vertex 11.5646 15.4354 0
      vertex 11.7074 15.4712 1.8
      vertex 11.5646 15.4354 1.8
    endloop
  endfacet
  facet normal 0.243175 -0.969982 0
    outer loop
      vertex 11.7074 15.4712 1.8
      vertex 11.5646 15.4354 0
      vertex 11.7074 15.4712 0
    endloop
  endfacet
  facet normal -0.941527 0.336939 0
    outer loop
      vertex 13.3858 13.426 0
      vertex 13.4354 13.5646 1.8
      vertex 13.4354 13.5646 0
    endloop
  endfacet
  facet normal -0.941527 0.336939 0
    outer loop
      vertex 13.4354 13.5646 1.8
      vertex 13.3858 13.426 0
      vertex 13.3858 13.426 1.8
    endloop
  endfacet
  facet normal -0.969982 0.243175 0
    outer loop
      vertex 13.4354 13.5646 0
      vertex 13.4712 13.7074 1.8
      vertex 13.4712 13.7074 0
    endloop
  endfacet
  facet normal -0.969982 0.243175 0
    outer loop
      vertex 13.4712 13.7074 1.8
      vertex 13.4354 13.5646 0
      vertex 13.4354 13.5646 1.8
    endloop
  endfacet
  facet normal -0.969982 -0.243175 0
    outer loop
      vertex 13.4712 14.2926 0
      vertex 13.4354 14.4354 1.8
      vertex 13.4354 14.4354 0
    endloop
  endfacet
  facet normal -0.969982 -0.243175 0
    outer loop
      vertex 13.4354 14.4354 1.8
      vertex 13.4712 14.2926 0
      vertex 13.4712 14.2926 1.8
    endloop
  endfacet
  facet normal -0.989174 -0.146746 0
    outer loop
      vertex 13.4928 14.147 0
      vertex 13.4712 14.2926 1.8
      vertex 13.4712 14.2926 0
    endloop
  endfacet
  facet normal -0.989174 -0.146746 0
    outer loop
      vertex 13.4712 14.2926 1.8
      vertex 13.4928 14.147 0
      vertex 13.4928 14.147 1.8
    endloop
  endfacet
  facet normal -0.941527 -0.336939 0
    outer loop
      vertex 13.4354 14.4354 0
      vertex 13.3858 14.574 1.8
      vertex 13.3858 14.574 0
    endloop
  endfacet
  facet normal -0.941527 -0.336939 0
    outer loop
      vertex 13.3858 14.574 1.8
      vertex 13.4354 14.4354 0
      vertex 13.4354 14.4354 1.8
    endloop
  endfacet
  facet normal -0.803088 -0.595861 0
    outer loop
      vertex 13.2472 14.8334 0
      vertex 13.1595 14.9516 1.8
      vertex 13.1595 14.9516 0
    endloop
  endfacet
  facet normal -0.803088 -0.595861 0
    outer loop
      vertex 13.1595 14.9516 1.8
      vertex 13.2472 14.8334 0
      vertex 13.2472 14.8334 1.8
    endloop
  endfacet
  facet normal -0.74123 -0.671251 0
    outer loop
      vertex 13.1595 14.9516 0
      vertex 13.0607 15.0607 1.8
      vertex 13.0607 15.0607 0
    endloop
  endfacet
  facet normal -0.74123 -0.671251 0
    outer loop
      vertex 13.0607 15.0607 1.8
      vertex 13.1595 14.9516 0
      vertex 13.1595 14.9516 1.8
    endloop
  endfacet
  facet normal -0.857733 -0.514096 0
    outer loop
      vertex 13.3229 14.7071 0
      vertex 13.2472 14.8334 1.8
      vertex 13.2472 14.8334 0
    endloop
  endfacet
  facet normal -0.857733 -0.514096 0
    outer loop
      vertex 13.2472 14.8334 1.8
      vertex 13.3229 14.7071 0
      vertex 13.3229 14.7071 1.8
    endloop
  endfacet
  facet normal -0.146746 -0.989174 0
    outer loop
      vertex 12.147 15.4928 0
      vertex 12.2926 15.4712 1.8
      vertex 12.147 15.4928 1.8
    endloop
  endfacet
  facet normal -0.146746 -0.989174 -0
    outer loop
      vertex 12.2926 15.4712 1.8
      vertex 12.147 15.4928 0
      vertex 12.2926 15.4712 0
    endloop
  endfacet
  facet normal -0.243175 -0.969982 0
    outer loop
      vertex 12.2926 15.4712 0
      vertex 12.4354 15.4354 1.8
      vertex 12.2926 15.4712 1.8
    endloop
  endfacet
  facet normal -0.243175 -0.969982 -0
    outer loop
      vertex 12.4354 15.4354 1.8
      vertex 12.2926 15.4712 0
      vertex 12.4354 15.4354 0
    endloop
  endfacet
  facet normal -0.0489209 -0.998803 0
    outer loop
      vertex 12 15.5 0
      vertex 12.147 15.4928 1.8
      vertex 12 15.5 1.8
    endloop
  endfacet
  facet normal -0.0489209 -0.998803 -0
    outer loop
      vertex 12.147 15.4928 1.8
      vertex 12 15.5 0
      vertex 12.147 15.4928 0
    endloop
  endfacet
  facet normal -0.427269 -0.904125 0
    outer loop
      vertex 12.574 15.3858 0
      vertex 12.7071 15.3229 1.8
      vertex 12.574 15.3858 1.8
    endloop
  endfacet
  facet normal -0.427269 -0.904125 -0
    outer loop
      vertex 12.7071 15.3229 1.8
      vertex 12.574 15.3858 0
      vertex 12.7071 15.3229 0
    endloop
  endfacet
  facet normal -0.595861 -0.803088 0
    outer loop
      vertex 12.8334 15.2472 0
      vertex 12.9516 15.1595 1.8
      vertex 12.8334 15.2472 1.8
    endloop
  endfacet
  facet normal -0.595861 -0.803088 -0
    outer loop
      vertex 12.9516 15.1595 1.8
      vertex 12.8334 15.2472 0
      vertex 12.9516 15.1595 0
    endloop
  endfacet
  facet normal 0.989174 -0.146746 0
    outer loop
      vertex 10.5072 14.147 1.8
      vertex 10.5288 14.2926 0
      vertex 10.5288 14.2926 1.8
    endloop
  endfacet
  facet normal 0.989174 -0.146746 0
    outer loop
      vertex 10.5288 14.2926 0
      vertex 10.5072 14.147 1.8
      vertex 10.5072 14.147 0
    endloop
  endfacet
  facet normal 0.857733 -0.514096 0
    outer loop
      vertex 10.6771 14.7071 1.8
      vertex 10.7528 14.8334 0
      vertex 10.7528 14.8334 1.8
    endloop
  endfacet
  facet normal 0.857733 -0.514096 0
    outer loop
      vertex 10.7528 14.8334 0
      vertex 10.6771 14.7071 1.8
      vertex 10.6771 14.7071 0
    endloop
  endfacet
  facet normal 0.803088 -0.595861 0
    outer loop
      vertex 10.7528 14.8334 1.8
      vertex 10.8405 14.9516 0
      vertex 10.8405 14.9516 1.8
    endloop
  endfacet
  facet normal 0.803088 -0.595861 0
    outer loop
      vertex 10.8405 14.9516 0
      vertex 10.7528 14.8334 1.8
      vertex 10.7528 14.8334 0
    endloop
  endfacet
  facet normal 0.904125 -0.427269 0
    outer loop
      vertex 10.6142 14.574 1.8
      vertex 10.6771 14.7071 0
      vertex 10.6771 14.7071 1.8
    endloop
  endfacet
  facet normal 0.904125 -0.427269 0
    outer loop
      vertex 10.6771 14.7071 0
      vertex 10.6142 14.574 1.8
      vertex 10.6142 14.574 0
    endloop
  endfacet
  facet normal 0.969982 -0.243175 0
    outer loop
      vertex 10.5288 14.2926 1.8
      vertex 10.5646 14.4354 0
      vertex 10.5646 14.4354 1.8
    endloop
  endfacet
  facet normal 0.969982 -0.243175 0
    outer loop
      vertex 10.5646 14.4354 0
      vertex 10.5288 14.2926 1.8
      vertex 10.5288 14.2926 0
    endloop
  endfacet
  facet normal 0.998803 -0.0489209 0
    outer loop
      vertex 10.5 14 1.8
      vertex 10.5072 14.147 0
      vertex 10.5072 14.147 1.8
    endloop
  endfacet
  facet normal 0.998803 -0.0489209 0
    outer loop
      vertex 10.5072 14.147 0
      vertex 10.5 14 1.8
      vertex 10.5 14 0
    endloop
  endfacet
  facet normal 0.595861 -0.803088 0
    outer loop
      vertex 11.0484 15.1595 0
      vertex 11.1666 15.2472 1.8
      vertex 11.0484 15.1595 1.8
    endloop
  endfacet
  facet normal 0.595861 -0.803088 0
    outer loop
      vertex 11.1666 15.2472 1.8
      vertex 11.0484 15.1595 0
      vertex 11.1666 15.2472 0
    endloop
  endfacet
  facet normal 0.514096 -0.857733 0
    outer loop
      vertex 11.1666 15.2472 0
      vertex 11.2929 15.3229 1.8
      vertex 11.1666 15.2472 1.8
    endloop
  endfacet
  facet normal 0.514096 -0.857733 0
    outer loop
      vertex 11.2929 15.3229 1.8
      vertex 11.1666 15.2472 0
      vertex 11.2929 15.3229 0
    endloop
  endfacet
  facet normal 0.671251 -0.74123 0
    outer loop
      vertex 10.9393 15.0607 0
      vertex 11.0484 15.1595 1.8
      vertex 10.9393 15.0607 1.8
    endloop
  endfacet
  facet normal 0.671251 -0.74123 0
    outer loop
      vertex 11.0484 15.1595 1.8
      vertex 10.9393 15.0607 0
      vertex 11.0484 15.1595 0
    endloop
  endfacet
  facet normal 0.336939 -0.941527 0
    outer loop
      vertex 11.426 15.3858 0
      vertex 11.5646 15.4354 1.8
      vertex 11.426 15.3858 1.8
    endloop
  endfacet
  facet normal 0.336939 -0.941527 0
    outer loop
      vertex 11.5646 15.4354 1.8
      vertex 11.426 15.3858 0
      vertex 11.5646 15.4354 0
    endloop
  endfacet
  facet normal 0.146746 -0.989174 0
    outer loop
      vertex 11.7074 15.4712 0
      vertex 11.853 15.4928 1.8
      vertex 11.7074 15.4712 1.8
    endloop
  endfacet
  facet normal 0.146746 -0.989174 0
    outer loop
      vertex 11.853 15.4928 1.8
      vertex 11.7074 15.4712 0
      vertex 11.853 15.4928 0
    endloop
  endfacet
  facet normal -0.998803 0.0489209 0
    outer loop
      vertex 13.4928 13.853 0
      vertex 13.5 14 1.8
      vertex 13.5 14 0
    endloop
  endfacet
  facet normal -0.998803 0.0489209 0
    outer loop
      vertex 13.5 14 1.8
      vertex 13.4928 13.853 0
      vertex 13.4928 13.853 1.8
    endloop
  endfacet
  facet normal -0.146746 0.989174 0
    outer loop
      vertex 12.2926 12.5288 0
      vertex 12.147 12.5072 1.8
      vertex 12.2926 12.5288 1.8
    endloop
  endfacet
  facet normal -0.146746 0.989174 0
    outer loop
      vertex 12.147 12.5072 1.8
      vertex 12.2926 12.5288 0
      vertex 12.147 12.5072 0
    endloop
  endfacet
  facet normal -0.336939 0.941527 0
    outer loop
      vertex 12.574 12.6142 0
      vertex 12.4354 12.5646 1.8
      vertex 12.574 12.6142 1.8
    endloop
  endfacet
  facet normal -0.336939 0.941527 0
    outer loop
      vertex 12.4354 12.5646 1.8
      vertex 12.574 12.6142 0
      vertex 12.4354 12.5646 0
    endloop
  endfacet
  facet normal -0.671251 0.74123 0
    outer loop
      vertex 13.0607 12.9393 0
      vertex 12.9516 12.8405 1.8
      vertex 13.0607 12.9393 1.8
    endloop
  endfacet
  facet normal -0.671251 0.74123 0
    outer loop
      vertex 12.9516 12.8405 1.8
      vertex 13.0607 12.9393 0
      vertex 12.9516 12.8405 0
    endloop
  endfacet
  facet normal -0.514096 0.857733 0
    outer loop
      vertex 12.8334 12.7528 0
      vertex 12.7071 12.6771 1.8
      vertex 12.8334 12.7528 1.8
    endloop
  endfacet
  facet normal -0.514096 0.857733 0
    outer loop
      vertex 12.7071 12.6771 1.8
      vertex 12.8334 12.7528 0
      vertex 12.7071 12.6771 0
    endloop
  endfacet
  facet normal -0.803088 0.595861 0
    outer loop
      vertex 13.1595 13.0484 0
      vertex 13.2472 13.1666 1.8
      vertex 13.2472 13.1666 0
    endloop
  endfacet
  facet normal -0.803088 0.595861 0
    outer loop
      vertex 13.2472 13.1666 1.8
      vertex 13.1595 13.0484 0
      vertex 13.1595 13.0484 1.8
    endloop
  endfacet
  facet normal -0.904125 0.427269 0
    outer loop
      vertex 13.3229 13.2929 0
      vertex 13.3858 13.426 1.8
      vertex 13.3858 13.426 0
    endloop
  endfacet
  facet normal -0.904125 0.427269 0
    outer loop
      vertex 13.3858 13.426 1.8
      vertex 13.3229 13.2929 0
      vertex 13.3229 13.2929 1.8
    endloop
  endfacet
  facet normal 0.595861 0.803088 -0
    outer loop
      vertex 11.1666 12.7528 0
      vertex 11.0484 12.8405 1.8
      vertex 11.1666 12.7528 1.8
    endloop
  endfacet
  facet normal 0.595861 0.803088 0
    outer loop
      vertex 11.0484 12.8405 1.8
      vertex 11.1666 12.7528 0
      vertex 11.0484 12.8405 0
    endloop
  endfacet
  facet normal 0.427269 0.904125 -0
    outer loop
      vertex 11.426 12.6142 0
      vertex 11.2929 12.6771 1.8
      vertex 11.426 12.6142 1.8
    endloop
  endfacet
  facet normal 0.427269 0.904125 0
    outer loop
      vertex 11.2929 12.6771 1.8
      vertex 11.426 12.6142 0
      vertex 11.2929 12.6771 0
    endloop
  endfacet
  facet normal 0.243175 0.969982 -0
    outer loop
      vertex 11.7074 12.5288 0
      vertex 11.5646 12.5646 1.8
      vertex 11.7074 12.5288 1.8
    endloop
  endfacet
  facet normal 0.243175 0.969982 0
    outer loop
      vertex 11.5646 12.5646 1.8
      vertex 11.7074 12.5288 0
      vertex 11.5646 12.5646 0
    endloop
  endfacet
  facet normal 0.0489209 0.998803 -0
    outer loop
      vertex 12 12.5 0
      vertex 11.853 12.5072 1.8
      vertex 12 12.5 1.8
    endloop
  endfacet
  facet normal 0.0489209 0.998803 0
    outer loop
      vertex 11.853 12.5072 1.8
      vertex 12 12.5 0
      vertex 11.853 12.5072 0
    endloop
  endfacet
  facet normal 0.857733 0.514096 0
    outer loop
      vertex 10.7528 13.1666 1.8
      vertex 10.6771 13.2929 0
      vertex 10.6771 13.2929 1.8
    endloop
  endfacet
  facet normal 0.857733 0.514096 0
    outer loop
      vertex 10.6771 13.2929 0
      vertex 10.7528 13.1666 1.8
      vertex 10.7528 13.1666 0
    endloop
  endfacet
  facet normal 0.74123 0.671251 0
    outer loop
      vertex 10.9393 12.9393 1.8
      vertex 10.8405 13.0484 0
      vertex 10.8405 13.0484 1.8
    endloop
  endfacet
  facet normal 0.74123 0.671251 0
    outer loop
      vertex 10.8405 13.0484 0
      vertex 10.9393 12.9393 1.8
      vertex 10.9393 12.9393 0
    endloop
  endfacet
  facet normal 0.941527 0.336939 0
    outer loop
      vertex 10.6142 13.426 1.8
      vertex 10.5646 13.5646 0
      vertex 10.5646 13.5646 1.8
    endloop
  endfacet
  facet normal 0.941527 0.336939 0
    outer loop
      vertex 10.5646 13.5646 0
      vertex 10.6142 13.426 1.8
      vertex 10.6142 13.426 0
    endloop
  endfacet
  facet normal 0.989174 0.146746 0
    outer loop
      vertex 10.5288 13.7074 1.8
      vertex 10.5072 13.853 0
      vertex 10.5072 13.853 1.8
    endloop
  endfacet
  facet normal 0.989174 0.146746 0
    outer loop
      vertex 10.5072 13.853 0
      vertex 10.5288 13.7074 1.8
      vertex 10.5288 13.7074 0
    endloop
  endfacet
  facet normal 0.998803 0.0489209 0
    outer loop
      vertex 10.5072 13.853 1.8
      vertex 10.5 14 0
      vertex 10.5 14 1.8
    endloop
  endfacet
  facet normal 0.998803 0.0489209 0
    outer loop
      vertex 10.5 14 0
      vertex 10.5072 13.853 1.8
      vertex 10.5072 13.853 0
    endloop
  endfacet
  facet normal -0.243175 0.969982 0
    outer loop
      vertex 12.4354 12.5646 0
      vertex 12.2926 12.5288 1.8
      vertex 12.4354 12.5646 1.8
    endloop
  endfacet
  facet normal -0.243175 0.969982 0
    outer loop
      vertex 12.2926 12.5288 1.8
      vertex 12.4354 12.5646 0
      vertex 12.2926 12.5288 0
    endloop
  endfacet
  facet normal -0.427269 0.904125 0
    outer loop
      vertex 12.7071 12.6771 0
      vertex 12.574 12.6142 1.8
      vertex 12.7071 12.6771 1.8
    endloop
  endfacet
  facet normal -0.427269 0.904125 0
    outer loop
      vertex 12.574 12.6142 1.8
      vertex 12.7071 12.6771 0
      vertex 12.574 12.6142 0
    endloop
  endfacet
  facet normal -0.74123 0.671251 0
    outer loop
      vertex 13.0607 12.9393 0
      vertex 13.1595 13.0484 1.8
      vertex 13.1595 13.0484 0
    endloop
  endfacet
  facet normal -0.74123 0.671251 0
    outer loop
      vertex 13.1595 13.0484 1.8
      vertex 13.0607 12.9393 0
      vertex 13.0607 12.9393 1.8
    endloop
  endfacet
  facet normal -0.595861 0.803088 0
    outer loop
      vertex 12.9516 12.8405 0
      vertex 12.8334 12.7528 1.8
      vertex 12.9516 12.8405 1.8
    endloop
  endfacet
  facet normal -0.595861 0.803088 0
    outer loop
      vertex 12.8334 12.7528 1.8
      vertex 12.9516 12.8405 0
      vertex 12.8334 12.7528 0
    endloop
  endfacet
  facet normal -0.857733 0.514096 0
    outer loop
      vertex 13.2472 13.1666 0
      vertex 13.3229 13.2929 1.8
      vertex 13.3229 13.2929 0
    endloop
  endfacet
  facet normal -0.857733 0.514096 0
    outer loop
      vertex 13.3229 13.2929 1.8
      vertex 13.2472 13.1666 0
      vertex 13.2472 13.1666 1.8
    endloop
  endfacet
  facet normal -0.989174 0.146746 0
    outer loop
      vertex 13.4712 13.7074 0
      vertex 13.4928 13.853 1.8
      vertex 13.4928 13.853 0
    endloop
  endfacet
  facet normal -0.989174 0.146746 0
    outer loop
      vertex 13.4928 13.853 1.8
      vertex 13.4712 13.7074 0
      vertex 13.4712 13.7074 1.8
    endloop
  endfacet
  facet normal 0.514096 0.857733 -0
    outer loop
      vertex 11.2929 12.6771 0
      vertex 11.1666 12.7528 1.8
      vertex 11.2929 12.6771 1.8
    endloop
  endfacet
  facet normal 0.514096 0.857733 0
    outer loop
      vertex 11.1666 12.7528 1.8
      vertex 11.2929 12.6771 0
      vertex 11.1666 12.7528 0
    endloop
  endfacet
  facet normal 0.336939 0.941527 -0
    outer loop
      vertex 11.5646 12.5646 0
      vertex 11.426 12.6142 1.8
      vertex 11.5646 12.5646 1.8
    endloop
  endfacet
  facet normal 0.336939 0.941527 0
    outer loop
      vertex 11.426 12.6142 1.8
      vertex 11.5646 12.5646 0
      vertex 11.426 12.6142 0
    endloop
  endfacet
  facet normal 0.146746 0.989174 -0
    outer loop
      vertex 11.853 12.5072 0
      vertex 11.7074 12.5288 1.8
      vertex 11.853 12.5072 1.8
    endloop
  endfacet
  facet normal 0.146746 0.989174 0
    outer loop
      vertex 11.7074 12.5288 1.8
      vertex 11.853 12.5072 0
      vertex 11.7074 12.5288 0
    endloop
  endfacet
  facet normal -0.0489209 0.998803 0
    outer loop
      vertex 12.147 12.5072 0
      vertex 12 12.5 1.8
      vertex 12.147 12.5072 1.8
    endloop
  endfacet
  facet normal -0.0489209 0.998803 0
    outer loop
      vertex 12 12.5 1.8
      vertex 12.147 12.5072 0
      vertex 12 12.5 0
    endloop
  endfacet
  facet normal 0.803088 0.595861 0
    outer loop
      vertex 10.8405 13.0484 1.8
      vertex 10.7528 13.1666 0
      vertex 10.7528 13.1666 1.8
    endloop
  endfacet
  facet normal 0.803088 0.595861 0
    outer loop
      vertex 10.7528 13.1666 0
      vertex 10.8405 13.0484 1.8
      vertex 10.8405 13.0484 0
    endloop
  endfacet
  facet normal 0.969982 0.243175 0
    outer loop
      vertex 10.5646 13.5646 1.8
      vertex 10.5288 13.7074 0
      vertex 10.5288 13.7074 1.8
    endloop
  endfacet
  facet normal 0.969982 0.243175 0
    outer loop
      vertex 10.5288 13.7074 0
      vertex 10.5646 13.5646 1.8
      vertex 10.5646 13.5646 0
    endloop
  endfacet
  facet normal -0.595693 -0.803212 0
    outer loop
      vertex 33.2223 15.8292 1.8
      vertex 33.3957 15.7006 6
      vertex 33.2223 15.8292 6
    endloop
  endfacet
  facet normal -0.595693 -0.803212 -0
    outer loop
      vertex 33.3957 15.7006 6
      vertex 33.2223 15.8292 1.8
      vertex 33.3957 15.7006 1.8
    endloop
  endfacet
  facet normal 0.427469 -0.90403 0
    outer loop
      vertex 30.9629 15.9402 1.8
      vertex 31.1581 16.0325 6
      vertex 30.9629 15.9402 6
    endloop
  endfacet
  facet normal 0.427469 -0.90403 0
    outer loop
      vertex 31.1581 16.0325 6
      vertex 30.9629 15.9402 1.8
      vertex 31.1581 16.0325 1.8
    endloop
  endfacet
  facet normal 0.941459 -0.337128 0
    outer loop
      vertex 29.8947 14.6386 6
      vertex 29.9675 14.8419 1.8
      vertex 29.9675 14.8419 6
    endloop
  endfacet
  facet normal 0.941459 -0.337128 0
    outer loop
      vertex 29.9675 14.8419 1.8
      vertex 29.8947 14.6386 6
      vertex 29.8947 14.6386 1.8
    endloop
  endfacet
  facet normal 0.337128 0.941459 -0
    outer loop
      vertex 31.3614 11.8947 1.8
      vertex 31.1581 11.9675 6
      vertex 31.3614 11.8947 6
    endloop
  endfacet
  facet normal 0.337128 0.941459 0
    outer loop
      vertex 31.1581 11.9675 6
      vertex 31.3614 11.8947 1.8
      vertex 31.1581 11.9675 1.8
    endloop
  endfacet
  facet normal -0.90403 -0.427469 0
    outer loop
      vertex 34.0325 14.8419 1.8
      vertex 33.9402 15.0371 6
      vertex 33.9402 15.0371 1.8
    endloop
  endfacet
  facet normal -0.90403 -0.427469 0
    outer loop
      vertex 33.9402 15.0371 6
      vertex 34.0325 14.8419 1.8
      vertex 34.0325 14.8419 6
    endloop
  endfacet
  facet normal -0.857738 -0.514087 0
    outer loop
      vertex 33.9402 15.0371 1.8
      vertex 33.8292 15.2223 6
      vertex 33.8292 15.2223 1.8
    endloop
  endfacet
  facet normal -0.857738 -0.514087 0
    outer loop
      vertex 33.8292 15.2223 6
      vertex 33.9402 15.0371 1.8
      vertex 33.9402 15.0371 6
    endloop
  endfacet
  facet normal -0.337128 -0.941459 0
    outer loop
      vertex 32.6386 16.1053 1.8
      vertex 32.8419 16.0325 6
      vertex 32.6386 16.1053 6
    endloop
  endfacet
  facet normal -0.337128 -0.941459 -0
    outer loop
      vertex 32.8419 16.0325 6
      vertex 32.6386 16.1053 1.8
      vertex 32.8419 16.0325 1.8
    endloop
  endfacet
  facet normal -0.0491058 -0.998794 0
    outer loop
      vertex 32 16.2 1.8
      vertex 32.2156 16.1894 6
      vertex 32 16.2 6
    endloop
  endfacet
  facet normal -0.0491058 -0.998794 -0
    outer loop
      vertex 32.2156 16.1894 6
      vertex 32 16.2 1.8
      vertex 32.2156 16.1894 1.8
    endloop
  endfacet
  facet normal 0 0 1
    outer loop
      vertex 33.5 14 1.8
      vertex 34.2 14 1.8
      vertex 34.1894 14.2156 1.8
    endloop
  endfacet
  facet normal 0 0 1
    outer loop
      vertex 33.4928 14.147 1.8
      vertex 34.1894 14.2156 1.8
      vertex 34.1577 14.4292 1.8
    endloop
  endfacet
  facet normal 0 0 1
    outer loop
      vertex 34.2 14 1.8
      vertex 33.5 14 1.8
      vertex 34.1894 13.7844 1.8
    endloop
  endfacet
  facet normal 0 0 1
    outer loop
      vertex 33.4712 14.2926 1.8
      vertex 34.1577 14.4292 1.8
      vertex 34.1053 14.6386 1.8
    endloop
  endfacet
  facet normal -0 0 1
    outer loop
      vertex 33.4928 13.853 1.8
      vertex 34.1894 13.7844 1.8
      vertex 33.5 14 1.8
    endloop
  endfacet
  facet normal 0 0 1
    outer loop
      vertex 33.4354 14.4354 1.8
      vertex 34.1053 14.6386 1.8
      vertex 34.0325 14.8419 1.8
    endloop
  endfacet
  facet normal 0 0 1
    outer loop
      vertex 34.1894 13.7844 1.8
      vertex 33.4928 13.853 1.8
      vertex 34.1577 13.5708 1.8
    endloop
  endfacet
  facet normal 0 0 1
    outer loop
      vertex 33.3858 14.574 1.8
      vertex 34.0325 14.8419 1.8
      vertex 33.9402 15.0371 1.8
    endloop
  endfacet
  facet normal -0 0 1
    outer loop
      vertex 33.4712 13.7074 1.8
      vertex 34.1577 13.5708 1.8
      vertex 33.4928 13.853 1.8
    endloop
  endfacet
  facet normal 0 0 1
    outer loop
      vertex 33.3229 14.7071 1.8
      vertex 33.9402 15.0371 1.8
      vertex 33.8292 15.2223 1.8
    endloop
  endfacet
  facet normal 0 0 1
    outer loop
      vertex 34.1577 13.5708 1.8
      vertex 33.4712 13.7074 1.8
      vertex 34.1053 13.3614 1.8
    endloop
  endfacet
  facet normal 0 0 1
    outer loop
      vertex 33.2472 14.8334 1.8
      vertex 33.8292 15.2223 1.8
      vertex 33.7006 15.3957 1.8
    endloop
  endfacet
  facet normal -0 0 1
    outer loop
      vertex 33.4354 13.5646 1.8
      vertex 34.1053 13.3614 1.8
      vertex 33.4712 13.7074 1.8
    endloop
  endfacet
  facet normal 0 0 1
    outer loop
      vertex 33.1595 14.9516 1.8
      vertex 33.7006 15.3957 1.8
      vertex 33.5556 15.5556 1.8
    endloop
  endfacet
  facet normal 0 0 1
    outer loop
      vertex 34.1053 13.3614 1.8
      vertex 33.4354 13.5646 1.8
      vertex 34.0325 13.1581 1.8
    endloop
  endfacet
  facet normal -0 0 1
    outer loop
      vertex 33.3858 13.426 1.8
      vertex 34.0325 13.1581 1.8
      vertex 33.4354 13.5646 1.8
    endloop
  endfacet
  facet normal 0 0 1
    outer loop
      vertex 34.1894 14.2156 1.8
      vertex 33.4928 14.147 1.8
      vertex 33.5 14 1.8
    endloop
  endfacet
  facet normal 0 0 1
    outer loop
      vertex 34.1577 14.4292 1.8
      vertex 33.4712 14.2926 1.8
      vertex 33.4928 14.147 1.8
    endloop
  endfacet
  facet normal 0 0 1
    outer loop
      vertex 34.1053 14.6386 1.8
      vertex 33.4354 14.4354 1.8
      vertex 33.4712 14.2926 1.8
    endloop
  endfacet
  facet normal 0 0 1
    outer loop
      vertex 33.0607 15.0607 1.8
      vertex 33.5556 15.5556 1.8
      vertex 33.3957 15.7006 1.8
    endloop
  endfacet
  facet normal 0 0 1
    outer loop
      vertex 34.0325 14.8419 1.8
      vertex 33.3858 14.574 1.8
      vertex 33.4354 14.4354 1.8
    endloop
  endfacet
  facet normal 0 0 1
    outer loop
      vertex 33.9402 15.0371 1.8
      vertex 33.3229 14.7071 1.8
      vertex 33.3858 14.574 1.8
    endloop
  endfacet
  facet normal 0 0 1
    outer loop
      vertex 33.8292 15.2223 1.8
      vertex 33.2472 14.8334 1.8
      vertex 33.3229 14.7071 1.8
    endloop
  endfacet
  facet normal 0 0 1
    outer loop
      vertex 32.9516 15.1595 1.8
      vertex 33.3957 15.7006 1.8
      vertex 33.2223 15.8292 1.8
    endloop
  endfacet
  facet normal 0 0 1
    outer loop
      vertex 33.7006 15.3957 1.8
      vertex 33.1595 14.9516 1.8
      vertex 33.2472 14.8334 1.8
    endloop
  endfacet
  facet normal 0 0 1
    outer loop
      vertex 33.5556 15.5556 1.8
      vertex 33.0607 15.0607 1.8
      vertex 33.1595 14.9516 1.8
    endloop
  endfacet
  facet normal 0 0 1
    outer loop
      vertex 32.8334 15.2472 1.8
      vertex 33.2223 15.8292 1.8
      vertex 33.0371 15.9402 1.8
    endloop
  endfacet
  facet normal 0 0 1
    outer loop
      vertex 33.3957 15.7006 1.8
      vertex 32.9516 15.1595 1.8
      vertex 33.0607 15.0607 1.8
    endloop
  endfacet
  facet normal 0 0 1
    outer loop
      vertex 32.7071 15.3229 1.8
      vertex 33.0371 15.9402 1.8
      vertex 32.8419 16.0325 1.8
    endloop
  endfacet
  facet normal 0 0 1
    outer loop
      vertex 33.2223 15.8292 1.8
      vertex 32.8334 15.2472 1.8
      vertex 32.9516 15.1595 1.8
    endloop
  endfacet
  facet normal 0 0 1
    outer loop
      vertex 33.0371 15.9402 1.8
      vertex 32.7071 15.3229 1.8
      vertex 32.8334 15.2472 1.8
    endloop
  endfacet
  facet normal 0 0 1
    outer loop
      vertex 32.574 15.3858 1.8
      vertex 32.8419 16.0325 1.8
      vertex 32.6386 16.1053 1.8
    endloop
  endfacet
  facet normal 0 0 1
    outer loop
      vertex 32.8419 16.0325 1.8
      vertex 32.574 15.3858 1.8
      vertex 32.7071 15.3229 1.8
    endloop
  endfacet
  facet normal 0 0 1
    outer loop
      vertex 32.6386 16.1053 1.8
      vertex 32.4354 15.4354 1.8
      vertex 32.574 15.3858 1.8
    endloop
  endfacet
  facet normal 0 0 1
    outer loop
      vertex 32.4292 16.1577 1.8
      vertex 32.4354 15.4354 1.8
      vertex 32.6386 16.1053 1.8
    endloop
  endfacet
  facet normal 0 0 1
    outer loop
      vertex 32.4292 16.1577 1.8
      vertex 32.2926 15.4712 1.8
      vertex 32.4354 15.4354 1.8
    endloop
  endfacet
  facet normal 0 0 1
    outer loop
      vertex 32.2156 16.1894 1.8
      vertex 32.2926 15.4712 1.8
      vertex 32.4292 16.1577 1.8
    endloop
  endfacet
  facet normal 0 0 1
    outer loop
      vertex 32.2156 16.1894 1.8
      vertex 32.147 15.4928 1.8
      vertex 32.2926 15.4712 1.8
    endloop
  endfacet
  facet normal 0 0 1
    outer loop
      vertex 32 16.2 1.8
      vertex 32.147 15.4928 1.8
      vertex 32.2156 16.1894 1.8
    endloop
  endfacet
  facet normal 0 0 1
    outer loop
      vertex 32 16.2 1.8
      vertex 32 15.5 1.8
      vertex 32.147 15.4928 1.8
    endloop
  endfacet
  facet normal 0 0 1
    outer loop
      vertex 32 16.2 1.8
      vertex 31.853 15.4928 1.8
      vertex 32 15.5 1.8
    endloop
  endfacet
  facet normal -0 0 1
    outer loop
      vertex 31.7844 16.1894 1.8
      vertex 31.853 15.4928 1.8
      vertex 32 16.2 1.8
    endloop
  endfacet
  facet normal 0 0 1
    outer loop
      vertex 31.7844 16.1894 1.8
      vertex 31.7074 15.4712 1.8
      vertex 31.853 15.4928 1.8
    endloop
  endfacet
  facet normal -0 0 1
    outer loop
      vertex 31.5708 16.1577 1.8
      vertex 31.7074 15.4712 1.8
      vertex 31.7844 16.1894 1.8
    endloop
  endfacet
  facet normal 0 0 1
    outer loop
      vertex 31.5708 16.1577 1.8
      vertex 31.5646 15.4354 1.8
      vertex 31.7074 15.4712 1.8
    endloop
  endfacet
  facet normal -0 0 1
    outer loop
      vertex 31.3614 16.1053 1.8
      vertex 31.5646 15.4354 1.8
      vertex 31.5708 16.1577 1.8
    endloop
  endfacet
  facet normal 0 0 1
    outer loop
      vertex 31.5646 15.4354 1.8
      vertex 31.3614 16.1053 1.8
      vertex 31.426 15.3858 1.8
    endloop
  endfacet
  facet normal -0 0 1
    outer loop
      vertex 31.1581 16.0325 1.8
      vertex 31.426 15.3858 1.8
      vertex 31.3614 16.1053 1.8
    endloop
  endfacet
  facet normal 0 0 1
    outer loop
      vertex 31.426 15.3858 1.8
      vertex 31.1581 16.0325 1.8
      vertex 31.2929 15.3229 1.8
    endloop
  endfacet
  facet normal -0 0 1
    outer loop
      vertex 30.9629 15.9402 1.8
      vertex 31.2929 15.3229 1.8
      vertex 31.1581 16.0325 1.8
    endloop
  endfacet
  facet normal 0 0 1
    outer loop
      vertex 31.2929 15.3229 1.8
      vertex 30.9629 15.9402 1.8
      vertex 31.1666 15.2472 1.8
    endloop
  endfacet
  facet normal -0 0 1
    outer loop
      vertex 30.7777 15.8292 1.8
      vertex 31.1666 15.2472 1.8
      vertex 30.9629 15.9402 1.8
    endloop
  endfacet
  facet normal 0 0 1
    outer loop
      vertex 31.1666 15.2472 1.8
      vertex 30.7777 15.8292 1.8
      vertex 31.0484 15.1595 1.8
    endloop
  endfacet
  facet normal -0 0 1
    outer loop
      vertex 30.6043 15.7006 1.8
      vertex 31.0484 15.1595 1.8
      vertex 30.7777 15.8292 1.8
    endloop
  endfacet
  facet normal 0 0 1
    outer loop
      vertex 31.0484 15.1595 1.8
      vertex 30.6043 15.7006 1.8
      vertex 30.9393 15.0607 1.8
    endloop
  endfacet
  facet normal -0 0 1
    outer loop
      vertex 30.4444 15.5556 1.8
      vertex 30.9393 15.0607 1.8
      vertex 30.6043 15.7006 1.8
    endloop
  endfacet
  facet normal 0 0 1
    outer loop
      vertex 30.9393 15.0607 1.8
      vertex 30.4444 15.5556 1.8
      vertex 30.8405 14.9516 1.8
    endloop
  endfacet
  facet normal -0 0 1
    outer loop
      vertex 30.2994 15.3957 1.8
      vertex 30.8405 14.9516 1.8
      vertex 30.4444 15.5556 1.8
    endloop
  endfacet
  facet normal 0 0 1
    outer loop
      vertex 30.8405 14.9516 1.8
      vertex 30.2994 15.3957 1.8
      vertex 30.7528 14.8334 1.8
    endloop
  endfacet
  facet normal -0 0 1
    outer loop
      vertex 30.1708 15.2223 1.8
      vertex 30.7528 14.8334 1.8
      vertex 30.2994 15.3957 1.8
    endloop
  endfacet
  facet normal 0 0 1
    outer loop
      vertex 30.7528 14.8334 1.8
      vertex 30.1708 15.2223 1.8
      vertex 30.6771 14.7071 1.8
    endloop
  endfacet
  facet normal -0 0 1
    outer loop
      vertex 30.0598 15.0371 1.8
      vertex 30.6771 14.7071 1.8
      vertex 30.1708 15.2223 1.8
    endloop
  endfacet
  facet normal -0 0 1
    outer loop
      vertex 29.9675 14.8419 1.8
      vertex 30.6142 14.574 1.8
      vertex 30.0598 15.0371 1.8
    endloop
  endfacet
  facet normal 0 0 1
    outer loop
      vertex 30.6771 14.7071 1.8
      vertex 30.0598 15.0371 1.8
      vertex 30.6142 14.574 1.8
    endloop
  endfacet
  facet normal 0 0 1
    outer loop
      vertex 34.0325 13.1581 1.8
      vertex 33.3858 13.426 1.8
      vertex 33.9402 12.9629 1.8
    endloop
  endfacet
  facet normal -0 0 1
    outer loop
      vertex 33.3229 13.2929 1.8
      vertex 33.9402 12.9629 1.8
      vertex 33.3858 13.426 1.8
    endloop
  endfacet
  facet normal 0 0 1
    outer loop
      vertex 33.9402 12.9629 1.8
      vertex 33.3229 13.2929 1.8
      vertex 33.8292 12.7777 1.8
    endloop
  endfacet
  facet normal -0 0 1
    outer loop
      vertex 33.2472 13.1666 1.8
      vertex 33.8292 12.7777 1.8
      vertex 33.3229 13.2929 1.8
    endloop
  endfacet
  facet normal 0 0 1
    outer loop
      vertex 33.8292 12.7777 1.8
      vertex 33.2472 13.1666 1.8
      vertex 33.7006 12.6043 1.8
    endloop
  endfacet
  facet normal -0 0 1
    outer loop
      vertex 33.1595 13.0484 1.8
      vertex 33.7006 12.6043 1.8
      vertex 33.2472 13.1666 1.8
    endloop
  endfacet
  facet normal 0 0 1
    outer loop
      vertex 33.7006 12.6043 1.8
      vertex 33.1595 13.0484 1.8
      vertex 33.5556 12.4444 1.8
    endloop
  endfacet
  facet normal -0 0 1
    outer loop
      vertex 33.0607 12.9393 1.8
      vertex 33.5556 12.4444 1.8
      vertex 33.1595 13.0484 1.8
    endloop
  endfacet
  facet normal 0 0 1
    outer loop
      vertex 33.5556 12.4444 1.8
      vertex 33.0607 12.9393 1.8
      vertex 33.3957 12.2994 1.8
    endloop
  endfacet
  facet normal -0 0 1
    outer loop
      vertex 32.9516 12.8405 1.8
      vertex 33.3957 12.2994 1.8
      vertex 33.0607 12.9393 1.8
    endloop
  endfacet
  facet normal 0 0 1
    outer loop
      vertex 33.3957 12.2994 1.8
      vertex 32.9516 12.8405 1.8
      vertex 33.2223 12.1708 1.8
    endloop
  endfacet
  facet normal -0 0 1
    outer loop
      vertex 32.8334 12.7528 1.8
      vertex 33.2223 12.1708 1.8
      vertex 32.9516 12.8405 1.8
    endloop
  endfacet
  facet normal 0 0 1
    outer loop
      vertex 33.2223 12.1708 1.8
      vertex 32.8334 12.7528 1.8
      vertex 33.0371 12.0598 1.8
    endloop
  endfacet
  facet normal -0 0 1
    outer loop
      vertex 32.7071 12.6771 1.8
      vertex 33.0371 12.0598 1.8
      vertex 32.8334 12.7528 1.8
    endloop
  endfacet
  facet normal 0 0 1
    outer loop
      vertex 33.0371 12.0598 1.8
      vertex 32.7071 12.6771 1.8
      vertex 32.8419 11.9675 1.8
    endloop
  endfacet
  facet normal -0 0 1
    outer loop
      vertex 32.574 12.6142 1.8
      vertex 32.8419 11.9675 1.8
      vertex 32.7071 12.6771 1.8
    endloop
  endfacet
  facet normal 0 0 1
    outer loop
      vertex 32.8419 11.9675 1.8
      vertex 32.574 12.6142 1.8
      vertex 32.6386 11.8947 1.8
    endloop
  endfacet
  facet normal -0 0 1
    outer loop
      vertex 32.4354 12.5646 1.8
      vertex 32.6386 11.8947 1.8
      vertex 32.574 12.6142 1.8
    endloop
  endfacet
  facet normal 0 0 1
    outer loop
      vertex 32.4354 12.5646 1.8
      vertex 32.4292 11.8423 1.8
      vertex 32.6386 11.8947 1.8
    endloop
  endfacet
  facet normal -0 0 1
    outer loop
      vertex 32.2926 12.5288 1.8
      vertex 32.4292 11.8423 1.8
      vertex 32.4354 12.5646 1.8
    endloop
  endfacet
  facet normal 0 0 1
    outer loop
      vertex 32.2926 12.5288 1.8
      vertex 32.2156 11.8106 1.8
      vertex 32.4292 11.8423 1.8
    endloop
  endfacet
  facet normal -0 0 1
    outer loop
      vertex 32.147 12.5072 1.8
      vertex 32.2156 11.8106 1.8
      vertex 32.2926 12.5288 1.8
    endloop
  endfacet
  facet normal -0 0 1
    outer loop
      vertex 32 12.5 1.8
      vertex 32.2156 11.8106 1.8
      vertex 32.147 12.5072 1.8
    endloop
  endfacet
  facet normal 0 0 1
    outer loop
      vertex 32 12.5 1.8
      vertex 32 11.8 1.8
      vertex 32.2156 11.8106 1.8
    endloop
  endfacet
  facet normal 0 0 1
    outer loop
      vertex 31.853 12.5072 1.8
      vertex 32 11.8 1.8
      vertex 32 12.5 1.8
    endloop
  endfacet
  facet normal 0 0 1
    outer loop
      vertex 31.853 12.5072 1.8
      vertex 31.7844 11.8106 1.8
      vertex 32 11.8 1.8
    endloop
  endfacet
  facet normal 0 0 1
    outer loop
      vertex 31.7074 12.5288 1.8
      vertex 31.7844 11.8106 1.8
      vertex 31.853 12.5072 1.8
    endloop
  endfacet
  facet normal 0 0 1
    outer loop
      vertex 31.7074 12.5288 1.8
      vertex 31.5708 11.8423 1.8
      vertex 31.7844 11.8106 1.8
    endloop
  endfacet
  facet normal 0 0 1
    outer loop
      vertex 31.5646 12.5646 1.8
      vertex 31.5708 11.8423 1.8
      vertex 31.7074 12.5288 1.8
    endloop
  endfacet
  facet normal 0 0 1
    outer loop
      vertex 31.3614 11.8947 1.8
      vertex 31.5646 12.5646 1.8
      vertex 31.426 12.6142 1.8
    endloop
  endfacet
  facet normal 0 0 1
    outer loop
      vertex 31.5646 12.5646 1.8
      vertex 31.3614 11.8947 1.8
      vertex 31.5708 11.8423 1.8
    endloop
  endfacet
  facet normal 0 0 1
    outer loop
      vertex 31.1581 11.9675 1.8
      vertex 31.426 12.6142 1.8
      vertex 31.2929 12.6771 1.8
    endloop
  endfacet
  facet normal 0 0 1
    outer loop
      vertex 30.9629 12.0598 1.8
      vertex 31.2929 12.6771 1.8
      vertex 31.1666 12.7528 1.8
    endloop
  endfacet
  facet normal 0 0 1
    outer loop
      vertex 31.426 12.6142 1.8
      vertex 31.1581 11.9675 1.8
      vertex 31.3614 11.8947 1.8
    endloop
  endfacet
  facet normal 0 0 1
    outer loop
      vertex 30.7777 12.1708 1.8
      vertex 31.1666 12.7528 1.8
      vertex 31.0484 12.8405 1.8
    endloop
  endfacet
  facet normal 0 0 1
    outer loop
      vertex 31.2929 12.6771 1.8
      vertex 30.9629 12.0598 1.8
      vertex 31.1581 11.9675 1.8
    endloop
  endfacet
  facet normal 0 0 1
    outer loop
      vertex 30.6043 12.2994 1.8
      vertex 31.0484 12.8405 1.8
      vertex 30.9393 12.9393 1.8
    endloop
  endfacet
  facet normal 0 0 1
    outer loop
      vertex 30.4444 12.4444 1.8
      vertex 30.9393 12.9393 1.8
      vertex 30.8405 13.0484 1.8
    endloop
  endfacet
  facet normal 0 0 1
    outer loop
      vertex 31.1666 12.7528 1.8
      vertex 30.7777 12.1708 1.8
      vertex 30.9629 12.0598 1.8
    endloop
  endfacet
  facet normal 0 0 1
    outer loop
      vertex 30.2994 12.6043 1.8
      vertex 30.8405 13.0484 1.8
      vertex 30.7528 13.1666 1.8
    endloop
  endfacet
  facet normal 0 0 1
    outer loop
      vertex 30.1708 12.7777 1.8
      vertex 30.7528 13.1666 1.8
      vertex 30.6771 13.2929 1.8
    endloop
  endfacet
  facet normal 0 0 1
    outer loop
      vertex 30.0598 12.9629 1.8
      vertex 30.6771 13.2929 1.8
      vertex 30.6142 13.426 1.8
    endloop
  endfacet
  facet normal 0 0 1
    outer loop
      vertex 31.0484 12.8405 1.8
      vertex 30.6043 12.2994 1.8
      vertex 30.7777 12.1708 1.8
    endloop
  endfacet
  facet normal 0 0 1
    outer loop
      vertex 29.9675 13.1581 1.8
      vertex 30.6142 13.426 1.8
      vertex 30.5646 13.5646 1.8
    endloop
  endfacet
  facet normal 0 0 1
    outer loop
      vertex 29.8947 13.3614 1.8
      vertex 30.5646 13.5646 1.8
      vertex 30.5288 13.7074 1.8
    endloop
  endfacet
  facet normal 0 0 1
    outer loop
      vertex 29.8423 13.5708 1.8
      vertex 30.5288 13.7074 1.8
      vertex 30.5072 13.853 1.8
    endloop
  endfacet
  facet normal 0 0 1
    outer loop
      vertex 30.9393 12.9393 1.8
      vertex 30.4444 12.4444 1.8
      vertex 30.6043 12.2994 1.8
    endloop
  endfacet
  facet normal 0 0 1
    outer loop
      vertex 29.8106 13.7844 1.8
      vertex 30.5072 13.853 1.8
      vertex 30.5 14 1.8
    endloop
  endfacet
  facet normal 0 0 1
    outer loop
      vertex 30.6142 14.574 1.8
      vertex 29.9675 14.8419 1.8
      vertex 30.5646 14.4354 1.8
    endloop
  endfacet
  facet normal -0 0 1
    outer loop
      vertex 29.8947 14.6386 1.8
      vertex 30.5646 14.4354 1.8
      vertex 29.9675 14.8419 1.8
    endloop
  endfacet
  facet normal 0 0 1
    outer loop
      vertex 30.8405 13.0484 1.8
      vertex 30.2994 12.6043 1.8
      vertex 30.4444 12.4444 1.8
    endloop
  endfacet
  facet normal 0 0 1
    outer loop
      vertex 30.5646 14.4354 1.8
      vertex 29.8947 14.6386 1.8
      vertex 30.5288 14.2926 1.8
    endloop
  endfacet
  facet normal 0 0 1
    outer loop
      vertex 30.7528 13.1666 1.8
      vertex 30.1708 12.7777 1.8
      vertex 30.2994 12.6043 1.8
    endloop
  endfacet
  facet normal -0 0 1
    outer loop
      vertex 29.8423 14.4292 1.8
      vertex 30.5288 14.2926 1.8
      vertex 29.8947 14.6386 1.8
    endloop
  endfacet
  facet normal 0 0 1
    outer loop
      vertex 30.6771 13.2929 1.8
      vertex 30.0598 12.9629 1.8
      vertex 30.1708 12.7777 1.8
    endloop
  endfacet
  facet normal 0 0 1
    outer loop
      vertex 30.5288 14.2926 1.8
      vertex 29.8423 14.4292 1.8
      vertex 30.5072 14.147 1.8
    endloop
  endfacet
  facet normal 0 0 1
    outer loop
      vertex 30.6142 13.426 1.8
      vertex 29.9675 13.1581 1.8
      vertex 30.0598 12.9629 1.8
    endloop
  endfacet
  facet normal -0 0 1
    outer loop
      vertex 29.8106 14.2156 1.8
      vertex 30.5072 14.147 1.8
      vertex 29.8423 14.4292 1.8
    endloop
  endfacet
  facet normal 0 0 1
    outer loop
      vertex 30.5646 13.5646 1.8
      vertex 29.8947 13.3614 1.8
      vertex 29.9675 13.1581 1.8
    endloop
  endfacet
  facet normal 0 0 1
    outer loop
      vertex 30.5072 14.147 1.8
      vertex 29.8106 14.2156 1.8
      vertex 30.5 14 1.8
    endloop
  endfacet
  facet normal 0 0 1
    outer loop
      vertex 30.5288 13.7074 1.8
      vertex 29.8423 13.5708 1.8
      vertex 29.8947 13.3614 1.8
    endloop
  endfacet
  facet normal 0 0 1
    outer loop
      vertex 29.8 14 1.8
      vertex 30.5 14 1.8
      vertex 29.8106 14.2156 1.8
    endloop
  endfacet
  facet normal 0 0 1
    outer loop
      vertex 30.5072 13.853 1.8
      vertex 29.8106 13.7844 1.8
      vertex 29.8423 13.5708 1.8
    endloop
  endfacet
  facet normal 0 0 1
    outer loop
      vertex 30.5 14 1.8
      vertex 29.8 14 1.8
      vertex 29.8106 13.7844 1.8
    endloop
  endfacet
  facet normal 0.998794 -0.0491058 0
    outer loop
      vertex 29.8 14 6
      vertex 29.8106 14.2156 1.8
      vertex 29.8106 14.2156 6
    endloop
  endfacet
  facet normal 0.998794 -0.0491058 0
    outer loop
      vertex 29.8106 14.2156 1.8
      vertex 29.8 14 6
      vertex 29.8 14 1.8
    endloop
  endfacet
  facet normal 0.803212 -0.595693 0
    outer loop
      vertex 30.1708 15.2223 6
      vertex 30.2994 15.3957 1.8
      vertex 30.2994 15.3957 6
    endloop
  endfacet
  facet normal 0.803212 -0.595693 0
    outer loop
      vertex 30.2994 15.3957 1.8
      vertex 30.1708 15.2223 6
      vertex 30.1708 15.2223 1.8
    endloop
  endfacet
  facet normal 0.242754 -0.970088 0
    outer loop
      vertex 31.3614 16.1053 1.8
      vertex 31.5708 16.1577 6
      vertex 31.3614 16.1053 6
    endloop
  endfacet
  facet normal 0.242754 -0.970088 0
    outer loop
      vertex 31.5708 16.1577 6
      vertex 31.3614 16.1053 1.8
      vertex 31.5708 16.1577 1.8
    endloop
  endfacet
  facet normal -0.998794 0.0491058 0
    outer loop
      vertex 34.1894 13.7844 1.8
      vertex 34.2 14 6
      vertex 34.2 14 1.8
    endloop
  endfacet
  facet normal -0.998794 0.0491058 0
    outer loop
      vertex 34.2 14 6
      vertex 34.1894 13.7844 1.8
      vertex 34.1894 13.7844 6
    endloop
  endfacet
  facet normal -0.803212 0.595693 0
    outer loop
      vertex 33.7006 12.6043 1.8
      vertex 33.8292 12.7777 6
      vertex 33.8292 12.7777 1.8
    endloop
  endfacet
  facet normal -0.803212 0.595693 0
    outer loop
      vertex 33.8292 12.7777 6
      vertex 33.7006 12.6043 1.8
      vertex 33.7006 12.6043 6
    endloop
  endfacet
  facet normal 0.0491058 0.998794 -0
    outer loop
      vertex 32 11.8 1.8
      vertex 31.7844 11.8106 6
      vertex 32 11.8 6
    endloop
  endfacet
  facet normal 0.0491058 0.998794 0
    outer loop
      vertex 31.7844 11.8106 6
      vertex 32 11.8 1.8
      vertex 31.7844 11.8106 1.8
    endloop
  endfacet
  facet normal 0.595693 0.803212 -0
    outer loop
      vertex 30.7777 12.1708 1.8
      vertex 30.6043 12.2994 6
      vertex 30.7777 12.1708 6
    endloop
  endfacet
  facet normal 0.595693 0.803212 0
    outer loop
      vertex 30.6043 12.2994 6
      vertex 30.7777 12.1708 1.8
      vertex 30.6043 12.2994 1.8
    endloop
  endfacet
  facet normal -0.989166 -0.1468 0
    outer loop
      vertex 34.1894 14.2156 1.8
      vertex 34.1577 14.4292 6
      vertex 34.1577 14.4292 1.8
    endloop
  endfacet
  facet normal -0.989166 -0.1468 0
    outer loop
      vertex 34.1577 14.4292 6
      vertex 34.1894 14.2156 1.8
      vertex 34.1894 14.2156 6
    endloop
  endfacet
  facet normal -0.970088 -0.242754 0
    outer loop
      vertex 34.1577 14.4292 1.8
      vertex 34.1053 14.6386 6
      vertex 34.1053 14.6386 1.8
    endloop
  endfacet
  facet normal -0.970088 -0.242754 0
    outer loop
      vertex 34.1053 14.6386 6
      vertex 34.1577 14.4292 1.8
      vertex 34.1577 14.4292 6
    endloop
  endfacet
  facet normal -0.941459 -0.337128 0
    outer loop
      vertex 34.1053 14.6386 1.8
      vertex 34.0325 14.8419 6
      vertex 34.0325 14.8419 1.8
    endloop
  endfacet
  facet normal -0.941459 -0.337128 0
    outer loop
      vertex 34.0325 14.8419 6
      vertex 34.1053 14.6386 1.8
      vertex 34.1053 14.6386 6
    endloop
  endfacet
  facet normal -0.740778 -0.67175 0
    outer loop
      vertex 33.7006 15.3957 1.8
      vertex 33.5556 15.5556 6
      vertex 33.5556 15.5556 1.8
    endloop
  endfacet
  facet normal -0.740778 -0.67175 0
    outer loop
      vertex 33.5556 15.5556 6
      vertex 33.7006 15.3957 1.8
      vertex 33.7006 15.3957 6
    endloop
  endfacet
  facet normal -0.803212 -0.595693 0
    outer loop
      vertex 33.8292 15.2223 1.8
      vertex 33.7006 15.3957 6
      vertex 33.7006 15.3957 1.8
    endloop
  endfacet
  facet normal -0.803212 -0.595693 0
    outer loop
      vertex 33.7006 15.3957 6
      vertex 33.8292 15.2223 1.8
      vertex 33.8292 15.2223 6
    endloop
  endfacet
  facet normal -0.67175 -0.740778 0
    outer loop
      vertex 33.3957 15.7006 1.8
      vertex 33.5556 15.5556 6
      vertex 33.3957 15.7006 6
    endloop
  endfacet
  facet normal -0.67175 -0.740778 -0
    outer loop
      vertex 33.5556 15.5556 6
      vertex 33.3957 15.7006 1.8
      vertex 33.5556 15.5556 1.8
    endloop
  endfacet
  facet normal -0.514087 -0.857738 0
    outer loop
      vertex 33.0371 15.9402 1.8
      vertex 33.2223 15.8292 6
      vertex 33.0371 15.9402 6
    endloop
  endfacet
  facet normal -0.514087 -0.857738 -0
    outer loop
      vertex 33.2223 15.8292 6
      vertex 33.0371 15.9402 1.8
      vertex 33.2223 15.8292 1.8
    endloop
  endfacet
  facet normal 0.0491058 -0.998794 0
    outer loop
      vertex 31.7844 16.1894 1.8
      vertex 32 16.2 6
      vertex 31.7844 16.1894 6
    endloop
  endfacet
  facet normal 0.0491058 -0.998794 0
    outer loop
      vertex 32 16.2 6
      vertex 31.7844 16.1894 1.8
      vertex 32 16.2 1.8
    endloop
  endfacet
  facet normal -0.427469 -0.90403 0
    outer loop
      vertex 32.8419 16.0325 1.8
      vertex 33.0371 15.9402 6
      vertex 32.8419 16.0325 6
    endloop
  endfacet
  facet normal -0.427469 -0.90403 -0
    outer loop
      vertex 33.0371 15.9402 6
      vertex 32.8419 16.0325 1.8
      vertex 33.0371 15.9402 1.8
    endloop
  endfacet
  facet normal -0.242754 -0.970088 0
    outer loop
      vertex 32.4292 16.1577 1.8
      vertex 32.6386 16.1053 6
      vertex 32.4292 16.1577 6
    endloop
  endfacet
  facet normal -0.242754 -0.970088 -0
    outer loop
      vertex 32.6386 16.1053 6
      vertex 32.4292 16.1577 1.8
      vertex 32.6386 16.1053 1.8
    endloop
  endfacet
  facet normal -0.1468 -0.989166 0
    outer loop
      vertex 32.2156 16.1894 1.8
      vertex 32.4292 16.1577 6
      vertex 32.2156 16.1894 6
    endloop
  endfacet
  facet normal -0.1468 -0.989166 -0
    outer loop
      vertex 32.4292 16.1577 6
      vertex 32.2156 16.1894 1.8
      vertex 32.4292 16.1577 1.8
    endloop
  endfacet
  facet normal 0.970088 -0.242754 0
    outer loop
      vertex 29.8423 14.4292 6
      vertex 29.8947 14.6386 1.8
      vertex 29.8947 14.6386 6
    endloop
  endfacet
  facet normal 0.970088 -0.242754 0
    outer loop
      vertex 29.8947 14.6386 1.8
      vertex 29.8423 14.4292 6
      vertex 29.8423 14.4292 1.8
    endloop
  endfacet
  facet normal 0.989166 -0.1468 0
    outer loop
      vertex 29.8106 14.2156 6
      vertex 29.8423 14.4292 1.8
      vertex 29.8423 14.4292 6
    endloop
  endfacet
  facet normal 0.989166 -0.1468 0
    outer loop
      vertex 29.8423 14.4292 1.8
      vertex 29.8106 14.2156 6
      vertex 29.8106 14.2156 1.8
    endloop
  endfacet
  facet normal 0.90403 -0.427469 0
    outer loop
      vertex 29.9675 14.8419 6
      vertex 30.0598 15.0371 1.8
      vertex 30.0598 15.0371 6
    endloop
  endfacet
  facet normal 0.90403 -0.427469 0
    outer loop
      vertex 30.0598 15.0371 1.8
      vertex 29.9675 14.8419 6
      vertex 29.9675 14.8419 1.8
    endloop
  endfacet
  facet normal 0.857738 -0.514087 0
    outer loop
      vertex 30.0598 15.0371 6
      vertex 30.1708 15.2223 1.8
      vertex 30.1708 15.2223 6
    endloop
  endfacet
  facet normal 0.857738 -0.514087 0
    outer loop
      vertex 30.1708 15.2223 1.8
      vertex 30.0598 15.0371 6
      vertex 30.0598 15.0371 1.8
    endloop
  endfacet
  facet normal 0.337128 -0.941459 0
    outer loop
      vertex 31.1581 16.0325 1.8
      vertex 31.3614 16.1053 6
      vertex 31.1581 16.0325 6
    endloop
  endfacet
  facet normal 0.337128 -0.941459 0
    outer loop
      vertex 31.3614 16.1053 6
      vertex 31.1581 16.0325 1.8
      vertex 31.3614 16.1053 1.8
    endloop
  endfacet
  facet normal 0.1468 -0.989166 0
    outer loop
      vertex 31.5708 16.1577 1.8
      vertex 31.7844 16.1894 6
      vertex 31.5708 16.1577 6
    endloop
  endfacet
  facet normal 0.1468 -0.989166 0
    outer loop
      vertex 31.7844 16.1894 6
      vertex 31.5708 16.1577 1.8
      vertex 31.7844 16.1894 1.8
    endloop
  endfacet
  facet normal 0.595693 -0.803212 0
    outer loop
      vertex 30.6043 15.7006 1.8
      vertex 30.7777 15.8292 6
      vertex 30.6043 15.7006 6
    endloop
  endfacet
  facet normal 0.595693 -0.803212 0
    outer loop
      vertex 30.7777 15.8292 6
      vertex 30.6043 15.7006 1.8
      vertex 30.7777 15.8292 1.8
    endloop
  endfacet
  facet normal 0.67175 -0.740778 0
    outer loop
      vertex 30.4444 15.5556 1.8
      vertex 30.6043 15.7006 6
      vertex 30.4444 15.5556 6
    endloop
  endfacet
  facet normal 0.67175 -0.740778 0
    outer loop
      vertex 30.6043 15.7006 6
      vertex 30.4444 15.5556 1.8
      vertex 30.6043 15.7006 1.8
    endloop
  endfacet
  facet normal 0.514087 -0.857738 0
    outer loop
      vertex 30.7777 15.8292 1.8
      vertex 30.9629 15.9402 6
      vertex 30.7777 15.8292 6
    endloop
  endfacet
  facet normal 0.514087 -0.857738 0
    outer loop
      vertex 30.9629 15.9402 6
      vertex 30.7777 15.8292 1.8
      vertex 30.9629 15.9402 1.8
    endloop
  endfacet
  facet normal 0.740778 -0.67175 0
    outer loop
      vertex 30.2994 15.3957 6
      vertex 30.4444 15.5556 1.8
      vertex 30.4444 15.5556 6
    endloop
  endfacet
  facet normal 0.740778 -0.67175 0
    outer loop
      vertex 30.4444 15.5556 1.8
      vertex 30.2994 15.3957 6
      vertex 30.2994 15.3957 1.8
    endloop
  endfacet
  facet normal -0.998794 -0.0491058 0
    outer loop
      vertex 34.2 14 1.8
      vertex 34.1894 14.2156 6
      vertex 34.1894 14.2156 1.8
    endloop
  endfacet
  facet normal -0.998794 -0.0491058 0
    outer loop
      vertex 34.1894 14.2156 6
      vertex 34.2 14 1.8
      vertex 34.2 14 6
    endloop
  endfacet
  facet normal -0.1468 0.989166 0
    outer loop
      vertex 32.4292 11.8423 1.8
      vertex 32.2156 11.8106 6
      vertex 32.4292 11.8423 6
    endloop
  endfacet
  facet normal -0.1468 0.989166 0
    outer loop
      vertex 32.2156 11.8106 6
      vertex 32.4292 11.8423 1.8
      vertex 32.2156 11.8106 1.8
    endloop
  endfacet
  facet normal -0.337128 0.941459 0
    outer loop
      vertex 32.8419 11.9675 1.8
      vertex 32.6386 11.8947 6
      vertex 32.8419 11.9675 6
    endloop
  endfacet
  facet normal -0.337128 0.941459 0
    outer loop
      vertex 32.6386 11.8947 6
      vertex 32.8419 11.9675 1.8
      vertex 32.6386 11.8947 1.8
    endloop
  endfacet
  facet normal -0.67175 0.740778 0
    outer loop
      vertex 33.5556 12.4444 1.8
      vertex 33.3957 12.2994 6
      vertex 33.5556 12.4444 6
    endloop
  endfacet
  facet normal -0.67175 0.740778 0
    outer loop
      vertex 33.3957 12.2994 6
      vertex 33.5556 12.4444 1.8
      vertex 33.3957 12.2994 1.8
    endloop
  endfacet
  facet normal -0.514087 0.857738 0
    outer loop
      vertex 33.2223 12.1708 1.8
      vertex 33.0371 12.0598 6
      vertex 33.2223 12.1708 6
    endloop
  endfacet
  facet normal -0.514087 0.857738 0
    outer loop
      vertex 33.0371 12.0598 6
      vertex 33.2223 12.1708 1.8
      vertex 33.0371 12.0598 1.8
    endloop
  endfacet
  facet normal -0.90403 0.427469 0
    outer loop
      vertex 33.9402 12.9629 1.8
      vertex 34.0325 13.1581 6
      vertex 34.0325 13.1581 1.8
    endloop
  endfacet
  facet normal -0.90403 0.427469 0
    outer loop
      vertex 34.0325 13.1581 6
      vertex 33.9402 12.9629 1.8
      vertex 33.9402 12.9629 6
    endloop
  endfacet
  facet normal 0.242754 0.970088 -0
    outer loop
      vertex 31.5708 11.8423 1.8
      vertex 31.3614 11.8947 6
      vertex 31.5708 11.8423 6
    endloop
  endfacet
  facet normal 0.242754 0.970088 0
    outer loop
      vertex 31.3614 11.8947 6
      vertex 31.5708 11.8423 1.8
      vertex 31.3614 11.8947 1.8
    endloop
  endfacet
  facet normal 0.427469 0.90403 -0
    outer loop
      vertex 31.1581 11.9675 1.8
      vertex 30.9629 12.0598 6
      vertex 31.1581 11.9675 6
    endloop
  endfacet
  facet normal 0.427469 0.90403 0
    outer loop
      vertex 30.9629 12.0598 6
      vertex 31.1581 11.9675 1.8
      vertex 30.9629 12.0598 1.8
    endloop
  endfacet
  facet normal 0.941459 0.337128 0
    outer loop
      vertex 29.9675 13.1581 6
      vertex 29.8947 13.3614 1.8
      vertex 29.8947 13.3614 6
    endloop
  endfacet
  facet normal 0.941459 0.337128 0
    outer loop
      vertex 29.8947 13.3614 1.8
      vertex 29.9675 13.1581 6
      vertex 29.9675 13.1581 1.8
    endloop
  endfacet
  facet normal 0.90403 0.427469 0
    outer loop
      vertex 30.0598 12.9629 6
      vertex 29.9675 13.1581 1.8
      vertex 29.9675 13.1581 6
    endloop
  endfacet
  facet normal 0.90403 0.427469 0
    outer loop
      vertex 29.9675 13.1581 1.8
      vertex 30.0598 12.9629 6
      vertex 30.0598 12.9629 1.8
    endloop
  endfacet
  facet normal 0.989166 0.1468 0
    outer loop
      vertex 29.8423 13.5708 6
      vertex 29.8106 13.7844 1.8
      vertex 29.8106 13.7844 6
    endloop
  endfacet
  facet normal 0.989166 0.1468 0
    outer loop
      vertex 29.8106 13.7844 1.8
      vertex 29.8423 13.5708 6
      vertex 29.8423 13.5708 1.8
    endloop
  endfacet
  facet normal 0.740778 0.67175 0
    outer loop
      vertex 30.4444 12.4444 6
      vertex 30.2994 12.6043 1.8
      vertex 30.2994 12.6043 6
    endloop
  endfacet
  facet normal 0.740778 0.67175 0
    outer loop
      vertex 30.2994 12.6043 1.8
      vertex 30.4444 12.4444 6
      vertex 30.4444 12.4444 1.8
    endloop
  endfacet
  facet normal 0.857738 0.514087 0
    outer loop
      vertex 30.1708 12.7777 6
      vertex 30.0598 12.9629 1.8
      vertex 30.0598 12.9629 6
    endloop
  endfacet
  facet normal 0.857738 0.514087 0
    outer loop
      vertex 30.0598 12.9629 1.8
      vertex 30.1708 12.7777 6
      vertex 30.1708 12.7777 1.8
    endloop
  endfacet
  facet normal 0.998794 0.0491058 0
    outer loop
      vertex 29.8106 13.7844 6
      vertex 29.8 14 1.8
      vertex 29.8 14 6
    endloop
  endfacet
  facet normal 0.998794 0.0491058 0
    outer loop
      vertex 29.8 14 1.8
      vertex 29.8106 13.7844 6
      vertex 29.8106 13.7844 1.8
    endloop
  endfacet
  facet normal -0.989166 0.1468 0
    outer loop
      vertex 34.1577 13.5708 1.8
      vertex 34.1894 13.7844 6
      vertex 34.1894 13.7844 1.8
    endloop
  endfacet
  facet normal -0.989166 0.1468 0
    outer loop
      vertex 34.1894 13.7844 6
      vertex 34.1577 13.5708 1.8
      vertex 34.1577 13.5708 6
    endloop
  endfacet
  facet normal -0.970088 0.242754 0
    outer loop
      vertex 34.1053 13.3614 1.8
      vertex 34.1577 13.5708 6
      vertex 34.1577 13.5708 1.8
    endloop
  endfacet
  facet normal -0.970088 0.242754 0
    outer loop
      vertex 34.1577 13.5708 6
      vertex 34.1053 13.3614 1.8
      vertex 34.1053 13.3614 6
    endloop
  endfacet
  facet normal -0.242754 0.970088 0
    outer loop
      vertex 32.6386 11.8947 1.8
      vertex 32.4292 11.8423 6
      vertex 32.6386 11.8947 6
    endloop
  endfacet
  facet normal -0.242754 0.970088 0
    outer loop
      vertex 32.4292 11.8423 6
      vertex 32.6386 11.8947 1.8
      vertex 32.4292 11.8423 1.8
    endloop
  endfacet
  facet normal -0.427469 0.90403 0
    outer loop
      vertex 33.0371 12.0598 1.8
      vertex 32.8419 11.9675 6
      vertex 33.0371 12.0598 6
    endloop
  endfacet
  facet normal -0.427469 0.90403 0
    outer loop
      vertex 32.8419 11.9675 6
      vertex 33.0371 12.0598 1.8
      vertex 32.8419 11.9675 1.8
    endloop
  endfacet
  facet normal -0.740778 0.67175 0
    outer loop
      vertex 33.5556 12.4444 1.8
      vertex 33.7006 12.6043 6
      vertex 33.7006 12.6043 1.8
    endloop
  endfacet
  facet normal -0.740778 0.67175 0
    outer loop
      vertex 33.7006 12.6043 6
      vertex 33.5556 12.4444 1.8
      vertex 33.5556 12.4444 6
    endloop
  endfacet
  facet normal -0.595693 0.803212 0
    outer loop
      vertex 33.3957 12.2994 1.8
      vertex 33.2223 12.1708 6
      vertex 33.3957 12.2994 6
    endloop
  endfacet
  facet normal -0.595693 0.803212 0
    outer loop
      vertex 33.2223 12.1708 6
      vertex 33.3957 12.2994 1.8
      vertex 33.2223 12.1708 1.8
    endloop
  endfacet
  facet normal -0.941459 0.337128 0
    outer loop
      vertex 34.0325 13.1581 1.8
      vertex 34.1053 13.3614 6
      vertex 34.1053 13.3614 1.8
    endloop
  endfacet
  facet normal -0.941459 0.337128 0
    outer loop
      vertex 34.1053 13.3614 6
      vertex 34.0325 13.1581 1.8
      vertex 34.0325 13.1581 6
    endloop
  endfacet
  facet normal -0.857738 0.514087 0
    outer loop
      vertex 33.8292 12.7777 1.8
      vertex 33.9402 12.9629 6
      vertex 33.9402 12.9629 1.8
    endloop
  endfacet
  facet normal -0.857738 0.514087 0
    outer loop
      vertex 33.9402 12.9629 6
      vertex 33.8292 12.7777 1.8
      vertex 33.8292 12.7777 6
    endloop
  endfacet
  facet normal -0.0491058 0.998794 0
    outer loop
      vertex 32.2156 11.8106 1.8
      vertex 32 11.8 6
      vertex 32.2156 11.8106 6
    endloop
  endfacet
  facet normal -0.0491058 0.998794 0
    outer loop
      vertex 32 11.8 6
      vertex 32.2156 11.8106 1.8
      vertex 32 11.8 1.8
    endloop
  endfacet
  facet normal 0.1468 0.989166 -0
    outer loop
      vertex 31.7844 11.8106 1.8
      vertex 31.5708 11.8423 6
      vertex 31.7844 11.8106 6
    endloop
  endfacet
  facet normal 0.1468 0.989166 0
    outer loop
      vertex 31.5708 11.8423 6
      vertex 31.7844 11.8106 1.8
      vertex 31.5708 11.8423 1.8
    endloop
  endfacet
  facet normal 0.514087 0.857738 -0
    outer loop
      vertex 30.9629 12.0598 1.8
      vertex 30.7777 12.1708 6
      vertex 30.9629 12.0598 6
    endloop
  endfacet
  facet normal 0.514087 0.857738 0
    outer loop
      vertex 30.7777 12.1708 6
      vertex 30.9629 12.0598 1.8
      vertex 30.7777 12.1708 1.8
    endloop
  endfacet
  facet normal 0.970088 0.242754 0
    outer loop
      vertex 29.8947 13.3614 6
      vertex 29.8423 13.5708 1.8
      vertex 29.8423 13.5708 6
    endloop
  endfacet
  facet normal 0.970088 0.242754 0
    outer loop
      vertex 29.8423 13.5708 1.8
      vertex 29.8947 13.3614 6
      vertex 29.8947 13.3614 1.8
    endloop
  endfacet
  facet normal 0.803212 0.595693 0
    outer loop
      vertex 30.2994 12.6043 6
      vertex 30.1708 12.7777 1.8
      vertex 30.1708 12.7777 6
    endloop
  endfacet
  facet normal 0.803212 0.595693 0
    outer loop
      vertex 30.1708 12.7777 1.8
      vertex 30.2994 12.6043 6
      vertex 30.2994 12.6043 1.8
    endloop
  endfacet
  facet normal 0.67175 0.740778 -0
    outer loop
      vertex 30.6043 12.2994 1.8
      vertex 30.4444 12.4444 6
      vertex 30.6043 12.2994 6
    endloop
  endfacet
  facet normal 0.67175 0.740778 0
    outer loop
      vertex 30.4444 12.4444 6
      vertex 30.6043 12.2994 1.8
      vertex 30.4444 12.4444 1.8
    endloop
  endfacet
  facet normal -0.998803 -0.0489209 0
    outer loop
      vertex 33.5 14 0
      vertex 33.4928 14.147 1.8
      vertex 33.4928 14.147 0
    endloop
  endfacet
  facet normal -0.998803 -0.0489209 0
    outer loop
      vertex 33.4928 14.147 1.8
      vertex 33.5 14 0
      vertex 33.5 14 1.8
    endloop
  endfacet
  facet normal 0.0489209 -0.998803 0
    outer loop
      vertex 31.853 15.4928 0
      vertex 32 15.5 1.8
      vertex 31.853 15.4928 1.8
    endloop
  endfacet
  facet normal 0.0489209 -0.998803 0
    outer loop
      vertex 32 15.5 1.8
      vertex 31.853 15.4928 0
      vertex 32 15.5 0
    endloop
  endfacet
  facet normal -0.0489209 0.998803 0
    outer loop
      vertex 32.147 12.5072 0
      vertex 32 12.5 1.8
      vertex 32.147 12.5072 1.8
    endloop
  endfacet
  facet normal -0.0489209 0.998803 0
    outer loop
      vertex 32 12.5 1.8
      vertex 32.147 12.5072 0
      vertex 32 12.5 0
    endloop
  endfacet
  facet normal -0.671251 -0.74123 0
    outer loop
      vertex 32.9516 15.1595 0
      vertex 33.0607 15.0607 1.8
      vertex 32.9516 15.1595 1.8
    endloop
  endfacet
  facet normal -0.671251 -0.74123 -0
    outer loop
      vertex 33.0607 15.0607 1.8
      vertex 32.9516 15.1595 0
      vertex 33.0607 15.0607 0
    endloop
  endfacet
  facet normal 0.74123 -0.671251 0
    outer loop
      vertex 30.8405 14.9516 1.8
      vertex 30.9393 15.0607 0
      vertex 30.9393 15.0607 1.8
    endloop
  endfacet
  facet normal 0.74123 -0.671251 0
    outer loop
      vertex 30.9393 15.0607 0
      vertex 30.8405 14.9516 1.8
      vertex 30.8405 14.9516 0
    endloop
  endfacet
  facet normal 0.427269 -0.904125 0
    outer loop
      vertex 31.2929 15.3229 0
      vertex 31.426 15.3858 1.8
      vertex 31.2929 15.3229 1.8
    endloop
  endfacet
  facet normal 0.427269 -0.904125 0
    outer loop
      vertex 31.426 15.3858 1.8
      vertex 31.2929 15.3229 0
      vertex 31.426 15.3858 0
    endloop
  endfacet
  facet normal -0.904125 -0.427269 0
    outer loop
      vertex 33.3858 14.574 0
      vertex 33.3229 14.7071 1.8
      vertex 33.3229 14.7071 0
    endloop
  endfacet
  facet normal -0.904125 -0.427269 0
    outer loop
      vertex 33.3229 14.7071 1.8
      vertex 33.3858 14.574 0
      vertex 33.3858 14.574 1.8
    endloop
  endfacet
  facet normal -0.336939 -0.941527 0
    outer loop
      vertex 32.4354 15.4354 0
      vertex 32.574 15.3858 1.8
      vertex 32.4354 15.4354 1.8
    endloop
  endfacet
  facet normal -0.336939 -0.941527 -0
    outer loop
      vertex 32.574 15.3858 1.8
      vertex 32.4354 15.4354 0
      vertex 32.574 15.3858 0
    endloop
  endfacet
  facet normal -0.514096 -0.857733 0
    outer loop
      vertex 32.7071 15.3229 0
      vertex 32.8334 15.2472 1.8
      vertex 32.7071 15.3229 1.8
    endloop
  endfacet
  facet normal -0.514096 -0.857733 -0
    outer loop
      vertex 32.8334 15.2472 1.8
      vertex 32.7071 15.3229 0
      vertex 32.8334 15.2472 0
    endloop
  endfacet
  facet normal 0.941527 -0.336939 0
    outer loop
      vertex 30.5646 14.4354 1.8
      vertex 30.6142 14.574 0
      vertex 30.6142 14.574 1.8
    endloop
  endfacet
  facet normal 0.941527 -0.336939 0
    outer loop
      vertex 30.6142 14.574 0
      vertex 30.5646 14.4354 1.8
      vertex 30.5646 14.4354 0
    endloop
  endfacet
  facet normal 0.243175 -0.969982 0
    outer loop
      vertex 31.5646 15.4354 0
      vertex 31.7074 15.4712 1.8
      vertex 31.5646 15.4354 1.8
    endloop
  endfacet
  facet normal 0.243175 -0.969982 0
    outer loop
      vertex 31.7074 15.4712 1.8
      vertex 31.5646 15.4354 0
      vertex 31.7074 15.4712 0
    endloop
  endfacet
  facet normal -0.941527 0.336939 0
    outer loop
      vertex 33.3858 13.426 0
      vertex 33.4354 13.5646 1.8
      vertex 33.4354 13.5646 0
    endloop
  endfacet
  facet normal -0.941527 0.336939 0
    outer loop
      vertex 33.4354 13.5646 1.8
      vertex 33.3858 13.426 0
      vertex 33.3858 13.426 1.8
    endloop
  endfacet
  facet normal -0.969982 0.243175 0
    outer loop
      vertex 33.4354 13.5646 0
      vertex 33.4712 13.7074 1.8
      vertex 33.4712 13.7074 0
    endloop
  endfacet
  facet normal -0.969982 0.243175 0
    outer loop
      vertex 33.4712 13.7074 1.8
      vertex 33.4354 13.5646 0
      vertex 33.4354 13.5646 1.8
    endloop
  endfacet
  facet normal 0.671251 0.74123 -0
    outer loop
      vertex 31.0484 12.8405 0
      vertex 30.9393 12.9393 1.8
      vertex 31.0484 12.8405 1.8
    endloop
  endfacet
  facet normal 0.671251 0.74123 0
    outer loop
      vertex 30.9393 12.9393 1.8
      vertex 31.0484 12.8405 0
      vertex 30.9393 12.9393 0
    endloop
  endfacet
  facet normal -0.969982 -0.243175 0
    outer loop
      vertex 33.4712 14.2926 0
      vertex 33.4354 14.4354 1.8
      vertex 33.4354 14.4354 0
    endloop
  endfacet
  facet normal -0.969982 -0.243175 0
    outer loop
      vertex 33.4354 14.4354 1.8
      vertex 33.4712 14.2926 0
      vertex 33.4712 14.2926 1.8
    endloop
  endfacet
  facet normal -0.989174 -0.146746 0
    outer loop
      vertex 33.4928 14.147 0
      vertex 33.4712 14.2926 1.8
      vertex 33.4712 14.2926 0
    endloop
  endfacet
  facet normal -0.989174 -0.146746 0
    outer loop
      vertex 33.4712 14.2926 1.8
      vertex 33.4928 14.147 0
      vertex 33.4928 14.147 1.8
    endloop
  endfacet
  facet normal -0.941527 -0.336939 0
    outer loop
      vertex 33.4354 14.4354 0
      vertex 33.3858 14.574 1.8
      vertex 33.3858 14.574 0
    endloop
  endfacet
  facet normal -0.941527 -0.336939 0
    outer loop
      vertex 33.3858 14.574 1.8
      vertex 33.4354 14.4354 0
      vertex 33.4354 14.4354 1.8
    endloop
  endfacet
  facet normal -0.803088 -0.595861 0
    outer loop
      vertex 33.2472 14.8334 0
      vertex 33.1595 14.9516 1.8
      vertex 33.1595 14.9516 0
    endloop
  endfacet
  facet normal -0.803088 -0.595861 0
    outer loop
      vertex 33.1595 14.9516 1.8
      vertex 33.2472 14.8334 0
      vertex 33.2472 14.8334 1.8
    endloop
  endfacet
  facet normal -0.74123 -0.671251 0
    outer loop
      vertex 33.1595 14.9516 0
      vertex 33.0607 15.0607 1.8
      vertex 33.0607 15.0607 0
    endloop
  endfacet
  facet normal -0.74123 -0.671251 0
    outer loop
      vertex 33.0607 15.0607 1.8
      vertex 33.1595 14.9516 0
      vertex 33.1595 14.9516 1.8
    endloop
  endfacet
  facet normal -0.857733 -0.514096 0
    outer loop
      vertex 33.3229 14.7071 0
      vertex 33.2472 14.8334 1.8
      vertex 33.2472 14.8334 0
    endloop
  endfacet
  facet normal -0.857733 -0.514096 0
    outer loop
      vertex 33.2472 14.8334 1.8
      vertex 33.3229 14.7071 0
      vertex 33.3229 14.7071 1.8
    endloop
  endfacet
  facet normal -0.146746 -0.989174 0
    outer loop
      vertex 32.147 15.4928 0
      vertex 32.2926 15.4712 1.8
      vertex 32.147 15.4928 1.8
    endloop
  endfacet
  facet normal -0.146746 -0.989174 -0
    outer loop
      vertex 32.2926 15.4712 1.8
      vertex 32.147 15.4928 0
      vertex 32.2926 15.4712 0
    endloop
  endfacet
  facet normal -0.243175 -0.969982 0
    outer loop
      vertex 32.2926 15.4712 0
      vertex 32.4354 15.4354 1.8
      vertex 32.2926 15.4712 1.8
    endloop
  endfacet
  facet normal -0.243175 -0.969982 -0
    outer loop
      vertex 32.4354 15.4354 1.8
      vertex 32.2926 15.4712 0
      vertex 32.4354 15.4354 0
    endloop
  endfacet
  facet normal -0.0489209 -0.998803 0
    outer loop
      vertex 32 15.5 0
      vertex 32.147 15.4928 1.8
      vertex 32 15.5 1.8
    endloop
  endfacet
  facet normal -0.0489209 -0.998803 -0
    outer loop
      vertex 32.147 15.4928 1.8
      vertex 32 15.5 0
      vertex 32.147 15.4928 0
    endloop
  endfacet
  facet normal -0.427269 -0.904125 0
    outer loop
      vertex 32.574 15.3858 0
      vertex 32.7071 15.3229 1.8
      vertex 32.574 15.3858 1.8
    endloop
  endfacet
  facet normal -0.427269 -0.904125 -0
    outer loop
      vertex 32.7071 15.3229 1.8
      vertex 32.574 15.3858 0
      vertex 32.7071 15.3229 0
    endloop
  endfacet
  facet normal -0.595861 -0.803088 0
    outer loop
      vertex 32.8334 15.2472 0
      vertex 32.9516 15.1595 1.8
      vertex 32.8334 15.2472 1.8
    endloop
  endfacet
  facet normal -0.595861 -0.803088 -0
    outer loop
      vertex 32.9516 15.1595 1.8
      vertex 32.8334 15.2472 0
      vertex 32.9516 15.1595 0
    endloop
  endfacet
  facet normal 0.989174 -0.146746 0
    outer loop
      vertex 30.5072 14.147 1.8
      vertex 30.5288 14.2926 0
      vertex 30.5288 14.2926 1.8
    endloop
  endfacet
  facet normal 0.989174 -0.146746 0
    outer loop
      vertex 30.5288 14.2926 0
      vertex 30.5072 14.147 1.8
      vertex 30.5072 14.147 0
    endloop
  endfacet
  facet normal 0.857733 -0.514096 0
    outer loop
      vertex 30.6771 14.7071 1.8
      vertex 30.7528 14.8334 0
      vertex 30.7528 14.8334 1.8
    endloop
  endfacet
  facet normal 0.857733 -0.514096 0
    outer loop
      vertex 30.7528 14.8334 0
      vertex 30.6771 14.7071 1.8
      vertex 30.6771 14.7071 0
    endloop
  endfacet
  facet normal 0.803088 -0.595861 0
    outer loop
      vertex 30.7528 14.8334 1.8
      vertex 30.8405 14.9516 0
      vertex 30.8405 14.9516 1.8
    endloop
  endfacet
  facet normal 0.803088 -0.595861 0
    outer loop
      vertex 30.8405 14.9516 0
      vertex 30.7528 14.8334 1.8
      vertex 30.7528 14.8334 0
    endloop
  endfacet
  facet normal 0.904125 -0.427269 0
    outer loop
      vertex 30.6142 14.574 1.8
      vertex 30.6771 14.7071 0
      vertex 30.6771 14.7071 1.8
    endloop
  endfacet
  facet normal 0.904125 -0.427269 0
    outer loop
      vertex 30.6771 14.7071 0
      vertex 30.6142 14.574 1.8
      vertex 30.6142 14.574 0
    endloop
  endfacet
  facet normal 0.969982 -0.243175 0
    outer loop
      vertex 30.5288 14.2926 1.8
      vertex 30.5646 14.4354 0
      vertex 30.5646 14.4354 1.8
    endloop
  endfacet
  facet normal 0.969982 -0.243175 0
    outer loop
      vertex 30.5646 14.4354 0
      vertex 30.5288 14.2926 1.8
      vertex 30.5288 14.2926 0
    endloop
  endfacet
  facet normal 0.998803 -0.0489209 0
    outer loop
      vertex 30.5 14 1.8
      vertex 30.5072 14.147 0
      vertex 30.5072 14.147 1.8
    endloop
  endfacet
  facet normal 0.998803 -0.0489209 0
    outer loop
      vertex 30.5072 14.147 0
      vertex 30.5 14 1.8
      vertex 30.5 14 0
    endloop
  endfacet
  facet normal 0.595861 -0.803088 0
    outer loop
      vertex 31.0484 15.1595 0
      vertex 31.1666 15.2472 1.8
      vertex 31.0484 15.1595 1.8
    endloop
  endfacet
  facet normal 0.595861 -0.803088 0
    outer loop
      vertex 31.1666 15.2472 1.8
      vertex 31.0484 15.1595 0
      vertex 31.1666 15.2472 0
    endloop
  endfacet
  facet normal 0.514096 -0.857733 0
    outer loop
      vertex 31.1666 15.2472 0
      vertex 31.2929 15.3229 1.8
      vertex 31.1666 15.2472 1.8
    endloop
  endfacet
  facet normal 0.514096 -0.857733 0
    outer loop
      vertex 31.2929 15.3229 1.8
      vertex 31.1666 15.2472 0
      vertex 31.2929 15.3229 0
    endloop
  endfacet
  facet normal 0.671251 -0.74123 0
    outer loop
      vertex 30.9393 15.0607 0
      vertex 31.0484 15.1595 1.8
      vertex 30.9393 15.0607 1.8
    endloop
  endfacet
  facet normal 0.671251 -0.74123 0
    outer loop
      vertex 31.0484 15.1595 1.8
      vertex 30.9393 15.0607 0
      vertex 31.0484 15.1595 0
    endloop
  endfacet
  facet normal 0.336939 -0.941527 0
    outer loop
      vertex 31.426 15.3858 0
      vertex 31.5646 15.4354 1.8
      vertex 31.426 15.3858 1.8
    endloop
  endfacet
  facet normal 0.336939 -0.941527 0
    outer loop
      vertex 31.5646 15.4354 1.8
      vertex 31.426 15.3858 0
      vertex 31.5646 15.4354 0
    endloop
  endfacet
  facet normal 0.146746 -0.989174 0
    outer loop
      vertex 31.7074 15.4712 0
      vertex 31.853 15.4928 1.8
      vertex 31.7074 15.4712 1.8
    endloop
  endfacet
  facet normal 0.146746 -0.989174 0
    outer loop
      vertex 31.853 15.4928 1.8
      vertex 31.7074 15.4712 0
      vertex 31.853 15.4928 0
    endloop
  endfacet
  facet normal -0.146746 0.989174 0
    outer loop
      vertex 32.2926 12.5288 0
      vertex 32.147 12.5072 1.8
      vertex 32.2926 12.5288 1.8
    endloop
  endfacet
  facet normal -0.146746 0.989174 0
    outer loop
      vertex 32.147 12.5072 1.8
      vertex 32.2926 12.5288 0
      vertex 32.147 12.5072 0
    endloop
  endfacet
  facet normal -0.336939 0.941527 0
    outer loop
      vertex 32.574 12.6142 0
      vertex 32.4354 12.5646 1.8
      vertex 32.574 12.6142 1.8
    endloop
  endfacet
  facet normal -0.336939 0.941527 0
    outer loop
      vertex 32.4354 12.5646 1.8
      vertex 32.574 12.6142 0
      vertex 32.4354 12.5646 0
    endloop
  endfacet
  facet normal -0.671251 0.74123 0
    outer loop
      vertex 33.0607 12.9393 0
      vertex 32.9516 12.8405 1.8
      vertex 33.0607 12.9393 1.8
    endloop
  endfacet
  facet normal -0.671251 0.74123 0
    outer loop
      vertex 32.9516 12.8405 1.8
      vertex 33.0607 12.9393 0
      vertex 32.9516 12.8405 0
    endloop
  endfacet
  facet normal -0.514096 0.857733 0
    outer loop
      vertex 32.8334 12.7528 0
      vertex 32.7071 12.6771 1.8
      vertex 32.8334 12.7528 1.8
    endloop
  endfacet
  facet normal -0.514096 0.857733 0
    outer loop
      vertex 32.7071 12.6771 1.8
      vertex 32.8334 12.7528 0
      vertex 32.7071 12.6771 0
    endloop
  endfacet
  facet normal -0.803088 0.595861 0
    outer loop
      vertex 33.1595 13.0484 0
      vertex 33.2472 13.1666 1.8
      vertex 33.2472 13.1666 0
    endloop
  endfacet
  facet normal -0.803088 0.595861 0
    outer loop
      vertex 33.2472 13.1666 1.8
      vertex 33.1595 13.0484 0
      vertex 33.1595 13.0484 1.8
    endloop
  endfacet
  facet normal -0.904125 0.427269 0
    outer loop
      vertex 33.3229 13.2929 0
      vertex 33.3858 13.426 1.8
      vertex 33.3858 13.426 0
    endloop
  endfacet
  facet normal -0.904125 0.427269 0
    outer loop
      vertex 33.3858 13.426 1.8
      vertex 33.3229 13.2929 0
      vertex 33.3229 13.2929 1.8
    endloop
  endfacet
  facet normal 0.595861 0.803088 -0
    outer loop
      vertex 31.1666 12.7528 0
      vertex 31.0484 12.8405 1.8
      vertex 31.1666 12.7528 1.8
    endloop
  endfacet
  facet normal 0.595861 0.803088 0
    outer loop
      vertex 31.0484 12.8405 1.8
      vertex 31.1666 12.7528 0
      vertex 31.0484 12.8405 0
    endloop
  endfacet
  facet normal 0.427269 0.904125 -0
    outer loop
      vertex 31.426 12.6142 0
      vertex 31.2929 12.6771 1.8
      vertex 31.426 12.6142 1.8
    endloop
  endfacet
  facet normal 0.427269 0.904125 0
    outer loop
      vertex 31.2929 12.6771 1.8
      vertex 31.426 12.6142 0
      vertex 31.2929 12.6771 0
    endloop
  endfacet
  facet normal 0.243175 0.969982 -0
    outer loop
      vertex 31.7074 12.5288 0
      vertex 31.5646 12.5646 1.8
      vertex 31.7074 12.5288 1.8
    endloop
  endfacet
  facet normal 0.243175 0.969982 0
    outer loop
      vertex 31.5646 12.5646 1.8
      vertex 31.7074 12.5288 0
      vertex 31.5646 12.5646 0
    endloop
  endfacet
  facet normal 0.0489209 0.998803 -0
    outer loop
      vertex 32 12.5 0
      vertex 31.853 12.5072 1.8
      vertex 32 12.5 1.8
    endloop
  endfacet
  facet normal 0.0489209 0.998803 0
    outer loop
      vertex 31.853 12.5072 1.8
      vertex 32 12.5 0
      vertex 31.853 12.5072 0
    endloop
  endfacet
  facet normal 0.803088 0.595861 0
    outer loop
      vertex 30.8405 13.0484 1.8
      vertex 30.7528 13.1666 0
      vertex 30.7528 13.1666 1.8
    endloop
  endfacet
  facet normal 0.803088 0.595861 0
    outer loop
      vertex 30.7528 13.1666 0
      vertex 30.8405 13.0484 1.8
      vertex 30.8405 13.0484 0
    endloop
  endfacet
  facet normal 0.857733 0.514096 0
    outer loop
      vertex 30.7528 13.1666 1.8
      vertex 30.6771 13.2929 0
      vertex 30.6771 13.2929 1.8
    endloop
  endfacet
  facet normal 0.857733 0.514096 0
    outer loop
      vertex 30.6771 13.2929 0
      vertex 30.7528 13.1666 1.8
      vertex 30.7528 13.1666 0
    endloop
  endfacet
  facet normal 0.74123 0.671251 0
    outer loop
      vertex 30.9393 12.9393 1.8
      vertex 30.8405 13.0484 0
      vertex 30.8405 13.0484 1.8
    endloop
  endfacet
  facet normal 0.74123 0.671251 0
    outer loop
      vertex 30.8405 13.0484 0
      vertex 30.9393 12.9393 1.8
      vertex 30.9393 12.9393 0
    endloop
  endfacet
  facet normal 0.941527 0.336939 0
    outer loop
      vertex 30.6142 13.426 1.8
      vertex 30.5646 13.5646 0
      vertex 30.5646 13.5646 1.8
    endloop
  endfacet
  facet normal 0.941527 0.336939 0
    outer loop
      vertex 30.5646 13.5646 0
      vertex 30.6142 13.426 1.8
      vertex 30.6142 13.426 0
    endloop
  endfacet
  facet normal 0.904125 0.427269 0
    outer loop
      vertex 30.6771 13.2929 1.8
      vertex 30.6142 13.426 0
      vertex 30.6142 13.426 1.8
    endloop
  endfacet
  facet normal 0.904125 0.427269 0
    outer loop
      vertex 30.6142 13.426 0
      vertex 30.6771 13.2929 1.8
      vertex 30.6771 13.2929 0
    endloop
  endfacet
  facet normal 0.989174 0.146746 0
    outer loop
      vertex 30.5288 13.7074 1.8
      vertex 30.5072 13.853 0
      vertex 30.5072 13.853 1.8
    endloop
  endfacet
  facet normal 0.989174 0.146746 0
    outer loop
      vertex 30.5072 13.853 0
      vertex 30.5288 13.7074 1.8
      vertex 30.5288 13.7074 0
    endloop
  endfacet
  facet normal 0.998803 0.0489209 0
    outer loop
      vertex 30.5072 13.853 1.8
      vertex 30.5 14 0
      vertex 30.5 14 1.8
    endloop
  endfacet
  facet normal 0.998803 0.0489209 0
    outer loop
      vertex 30.5 14 0
      vertex 30.5072 13.853 1.8
      vertex 30.5072 13.853 0
    endloop
  endfacet
  facet normal -0.243175 0.969982 0
    outer loop
      vertex 32.4354 12.5646 0
      vertex 32.2926 12.5288 1.8
      vertex 32.4354 12.5646 1.8
    endloop
  endfacet
  facet normal -0.243175 0.969982 0
    outer loop
      vertex 32.2926 12.5288 1.8
      vertex 32.4354 12.5646 0
      vertex 32.2926 12.5288 0
    endloop
  endfacet
  facet normal -0.427269 0.904125 0
    outer loop
      vertex 32.7071 12.6771 0
      vertex 32.574 12.6142 1.8
      vertex 32.7071 12.6771 1.8
    endloop
  endfacet
  facet normal -0.427269 0.904125 0
    outer loop
      vertex 32.574 12.6142 1.8
      vertex 32.7071 12.6771 0
      vertex 32.574 12.6142 0
    endloop
  endfacet
  facet normal -0.74123 0.671251 0
    outer loop
      vertex 33.0607 12.9393 0
      vertex 33.1595 13.0484 1.8
      vertex 33.1595 13.0484 0
    endloop
  endfacet
  facet normal -0.74123 0.671251 0
    outer loop
      vertex 33.1595 13.0484 1.8
      vertex 33.0607 12.9393 0
      vertex 33.0607 12.9393 1.8
    endloop
  endfacet
  facet normal -0.595861 0.803088 0
    outer loop
      vertex 32.9516 12.8405 0
      vertex 32.8334 12.7528 1.8
      vertex 32.9516 12.8405 1.8
    endloop
  endfacet
  facet normal -0.595861 0.803088 0
    outer loop
      vertex 32.8334 12.7528 1.8
      vertex 32.9516 12.8405 0
      vertex 32.8334 12.7528 0
    endloop
  endfacet
  facet normal -0.857733 0.514096 0
    outer loop
      vertex 33.2472 13.1666 0
      vertex 33.3229 13.2929 1.8
      vertex 33.3229 13.2929 0
    endloop
  endfacet
  facet normal -0.857733 0.514096 0
    outer loop
      vertex 33.3229 13.2929 1.8
      vertex 33.2472 13.1666 0
      vertex 33.2472 13.1666 1.8
    endloop
  endfacet
  facet normal -0.989174 0.146746 0
    outer loop
      vertex 33.4712 13.7074 0
      vertex 33.4928 13.853 1.8
      vertex 33.4928 13.853 0
    endloop
  endfacet
  facet normal -0.989174 0.146746 0
    outer loop
      vertex 33.4928 13.853 1.8
      vertex 33.4712 13.7074 0
      vertex 33.4712 13.7074 1.8
    endloop
  endfacet
  facet normal -0.998803 0.0489209 0
    outer loop
      vertex 33.4928 13.853 0
      vertex 33.5 14 1.8
      vertex 33.5 14 0
    endloop
  endfacet
  facet normal -0.998803 0.0489209 0
    outer loop
      vertex 33.5 14 1.8
      vertex 33.4928 13.853 0
      vertex 33.4928 13.853 1.8
    endloop
  endfacet
  facet normal 0.514096 0.857733 -0
    outer loop
      vertex 31.2929 12.6771 0
      vertex 31.1666 12.7528 1.8
      vertex 31.2929 12.6771 1.8
    endloop
  endfacet
  facet normal 0.514096 0.857733 0
    outer loop
      vertex 31.1666 12.7528 1.8
      vertex 31.2929 12.6771 0
      vertex 31.1666 12.7528 0
    endloop
  endfacet
  facet normal 0.336939 0.941527 -0
    outer loop
      vertex 31.5646 12.5646 0
      vertex 31.426 12.6142 1.8
      vertex 31.5646 12.5646 1.8
    endloop
  endfacet
  facet normal 0.336939 0.941527 0
    outer loop
      vertex 31.426 12.6142 1.8
      vertex 31.5646 12.5646 0
      vertex 31.426 12.6142 0
    endloop
  endfacet
  facet normal 0.146746 0.989174 -0
    outer loop
      vertex 31.853 12.5072 0
      vertex 31.7074 12.5288 1.8
      vertex 31.853 12.5072 1.8
    endloop
  endfacet
  facet normal 0.146746 0.989174 0
    outer loop
      vertex 31.7074 12.5288 1.8
      vertex 31.853 12.5072 0
      vertex 31.7074 12.5288 0
    endloop
  endfacet
  facet normal 0.969982 0.243175 0
    outer loop
      vertex 30.5646 13.5646 1.8
      vertex 30.5288 13.7074 0
      vertex 30.5288 13.7074 1.8
    endloop
  endfacet
  facet normal 0.969982 0.243175 0
    outer loop
      vertex 30.5288 13.7074 0
      vertex 30.5646 13.5646 1.8
      vertex 30.5646 13.5646 0
    endloop
  endfacet
  facet normal -0.99879 -0.0491862 0
    outer loop
      vertex 54.3 14 1.8
      vertex 54.2889 14.2254 6
      vertex 54.2889 14.2254 1.8
    endloop
  endfacet
  facet normal -0.99879 -0.0491862 0
    outer loop
      vertex 54.2889 14.2254 6
      vertex 54.3 14 1.8
      vertex 54.3 14 6
    endloop
  endfacet
  facet normal 0.0491862 -0.99879 0
    outer loop
      vertex 51.7746 16.2889 1.8
      vertex 52 16.3 6
      vertex 51.7746 16.2889 6
    endloop
  endfacet
  facet normal 0.0491862 -0.99879 0
    outer loop
      vertex 52 16.3 6
      vertex 51.7746 16.2889 1.8
      vertex 52 16.3 1.8
    endloop
  endfacet
  facet normal -0.671702 -0.740822 0
    outer loop
      vertex 53.4591 15.7779 1.8
      vertex 53.6263 15.6263 6
      vertex 53.4591 15.7779 6
    endloop
  endfacet
  facet normal -0.671702 -0.740822 -0
    outer loop
      vertex 53.6263 15.6263 6
      vertex 53.4591 15.7779 1.8
      vertex 53.6263 15.6263 1.8
    endloop
  endfacet
  facet normal 0.740822 -0.671702 0
    outer loop
      vertex 50.2221 15.4591 6
      vertex 50.3737 15.6263 1.8
      vertex 50.3737 15.6263 6
    endloop
  endfacet
  facet normal 0.740822 -0.671702 0
    outer loop
      vertex 50.3737 15.6263 1.8
      vertex 50.2221 15.4591 6
      vertex 50.2221 15.4591 1.8
    endloop
  endfacet
  facet normal 0.42761 -0.903963 0
    outer loop
      vertex 50.9158 16.0284 1.8
      vertex 51.1198 16.1249 6
      vertex 50.9158 16.0284 6
    endloop
  endfacet
  facet normal 0.42761 -0.903963 0
    outer loop
      vertex 51.1198 16.1249 6
      vertex 50.9158 16.0284 1.8
      vertex 51.1198 16.1249 1.8
    endloop
  endfacet
  facet normal -0.903963 -0.42761 0
    outer loop
      vertex 54.1249 14.8802 1.8
      vertex 54.0284 15.0842 6
      vertex 54.0284 15.0842 1.8
    endloop
  endfacet
  facet normal -0.903963 -0.42761 0
    outer loop
      vertex 54.0284 15.0842 6
      vertex 54.1249 14.8802 1.8
      vertex 54.1249 14.8802 6
    endloop
  endfacet
  facet normal -0.33715 -0.941451 0
    outer loop
      vertex 52.6677 16.201 1.8
      vertex 52.8802 16.1249 6
      vertex 52.6677 16.201 6
    endloop
  endfacet
  facet normal -0.33715 -0.941451 -0
    outer loop
      vertex 52.8802 16.1249 6
      vertex 52.6677 16.201 1.8
      vertex 52.8802 16.1249 1.8
    endloop
  endfacet
  facet normal -0.513974 -0.857806 0
    outer loop
      vertex 53.0842 16.0284 1.8
      vertex 53.2778 15.9124 6
      vertex 53.0842 16.0284 6
    endloop
  endfacet
  facet normal -0.513974 -0.857806 -0
    outer loop
      vertex 53.2778 15.9124 6
      vertex 53.0842 16.0284 1.8
      vertex 53.2778 15.9124 1.8
    endloop
  endfacet
  facet normal 0.941451 -0.33715 0
    outer loop
      vertex 49.799 14.6677 6
      vertex 49.8751 14.8802 1.8
      vertex 49.8751 14.8802 6
    endloop
  endfacet
  facet normal 0.941451 -0.33715 0
    outer loop
      vertex 49.8751 14.8802 1.8
      vertex 49.799 14.6677 6
      vertex 49.799 14.6677 1.8
    endloop
  endfacet
  facet normal 0.242744 -0.97009 0
    outer loop
      vertex 51.3323 16.201 1.8
      vertex 51.5513 16.2558 6
      vertex 51.3323 16.201 6
    endloop
  endfacet
  facet normal 0.242744 -0.97009 0
    outer loop
      vertex 51.5513 16.2558 6
      vertex 51.3323 16.201 1.8
      vertex 51.5513 16.2558 1.8
    endloop
  endfacet
  facet normal -0.97009 0.242744 0
    outer loop
      vertex 54.201 13.3323 1.8
      vertex 54.2558 13.5513 6
      vertex 54.2558 13.5513 1.8
    endloop
  endfacet
  facet normal -0.97009 0.242744 0
    outer loop
      vertex 54.2558 13.5513 6
      vertex 54.201 13.3323 1.8
      vertex 54.201 13.3323 6
    endloop
  endfacet
  facet normal -0.97009 -0.242744 0
    outer loop
      vertex 54.2558 14.4487 1.8
      vertex 54.201 14.6677 6
      vertex 54.201 14.6677 1.8
    endloop
  endfacet
  facet normal -0.97009 -0.242744 0
    outer loop
      vertex 54.201 14.6677 6
      vertex 54.2558 14.4487 1.8
      vertex 54.2558 14.4487 6
    endloop
  endfacet
  facet normal -0.989192 -0.146629 0
    outer loop
      vertex 54.2889 14.2254 1.8
      vertex 54.2558 14.4487 6
      vertex 54.2558 14.4487 1.8
    endloop
  endfacet
  facet normal -0.989192 -0.146629 0
    outer loop
      vertex 54.2558 14.4487 6
      vertex 54.2889 14.2254 1.8
      vertex 54.2889 14.2254 6
    endloop
  endfacet
  facet normal -0.941451 -0.33715 0
    outer loop
      vertex 54.201 14.6677 1.8
      vertex 54.1249 14.8802 6
      vertex 54.1249 14.8802 1.8
    endloop
  endfacet
  facet normal -0.941451 -0.33715 0
    outer loop
      vertex 54.1249 14.8802 6
      vertex 54.201 14.6677 1.8
      vertex 54.201 14.6677 6
    endloop
  endfacet
  facet normal -0.803125 -0.59581 0
    outer loop
      vertex 53.9124 15.2778 1.8
      vertex 53.7779 15.4591 6
      vertex 53.7779 15.4591 1.8
    endloop
  endfacet
  facet normal -0.803125 -0.59581 0
    outer loop
      vertex 53.7779 15.4591 6
      vertex 53.9124 15.2778 1.8
      vertex 53.9124 15.2778 6
    endloop
  endfacet
  facet normal -0.740822 -0.671702 0
    outer loop
      vertex 53.7779 15.4591 1.8
      vertex 53.6263 15.6263 6
      vertex 53.6263 15.6263 1.8
    endloop
  endfacet
  facet normal -0.740822 -0.671702 0
    outer loop
      vertex 53.6263 15.6263 6
      vertex 53.7779 15.4591 1.8
      vertex 53.7779 15.4591 6
    endloop
  endfacet
  facet normal -0.857806 -0.513974 0
    outer loop
      vertex 54.0284 15.0842 1.8
      vertex 53.9124 15.2778 6
      vertex 53.9124 15.2778 1.8
    endloop
  endfacet
  facet normal -0.857806 -0.513974 0
    outer loop
      vertex 53.9124 15.2778 6
      vertex 54.0284 15.0842 1.8
      vertex 54.0284 15.0842 6
    endloop
  endfacet
  facet normal -0.146629 -0.989192 0
    outer loop
      vertex 52.2254 16.2889 1.8
      vertex 52.4487 16.2558 6
      vertex 52.2254 16.2889 6
    endloop
  endfacet
  facet normal -0.146629 -0.989192 -0
    outer loop
      vertex 52.4487 16.2558 6
      vertex 52.2254 16.2889 1.8
      vertex 52.4487 16.2558 1.8
    endloop
  endfacet
  facet normal -0.242744 -0.97009 0
    outer loop
      vertex 52.4487 16.2558 1.8
      vertex 52.6677 16.201 6
      vertex 52.4487 16.2558 6
    endloop
  endfacet
  facet normal -0.242744 -0.97009 -0
    outer loop
      vertex 52.6677 16.201 6
      vertex 52.4487 16.2558 1.8
      vertex 52.6677 16.201 1.8
    endloop
  endfacet
  facet normal -0.0491862 -0.99879 0
    outer loop
      vertex 52 16.3 1.8
      vertex 52.2254 16.2889 6
      vertex 52 16.3 6
    endloop
  endfacet
  facet normal -0.0491862 -0.99879 -0
    outer loop
      vertex 52.2254 16.2889 6
      vertex 52 16.3 1.8
      vertex 52.2254 16.2889 1.8
    endloop
  endfacet
  facet normal -0.42761 -0.903963 0
    outer loop
      vertex 52.8802 16.1249 1.8
      vertex 53.0842 16.0284 6
      vertex 52.8802 16.1249 6
    endloop
  endfacet
  facet normal -0.42761 -0.903963 -0
    outer loop
      vertex 53.0842 16.0284 6
      vertex 52.8802 16.1249 1.8
      vertex 53.0842 16.0284 1.8
    endloop
  endfacet
  facet normal -0.59581 -0.803125 0
    outer loop
      vertex 53.2778 15.9124 1.8
      vertex 53.4591 15.7779 6
      vertex 53.2778 15.9124 6
    endloop
  endfacet
  facet normal -0.59581 -0.803125 -0
    outer loop
      vertex 53.4591 15.7779 6
      vertex 53.2778 15.9124 1.8
      vertex 53.4591 15.7779 1.8
    endloop
  endfacet
  facet normal 0.989192 -0.146629 0
    outer loop
      vertex 49.7111 14.2254 6
      vertex 49.7442 14.4487 1.8
      vertex 49.7442 14.4487 6
    endloop
  endfacet
  facet normal 0.989192 -0.146629 0
    outer loop
      vertex 49.7442 14.4487 1.8
      vertex 49.7111 14.2254 6
      vertex 49.7111 14.2254 1.8
    endloop
  endfacet
  facet normal 0 0 1
    outer loop
      vertex 53.5 14 1.8
      vertex 54.3 14 1.8
      vertex 54.2889 14.2254 1.8
    endloop
  endfacet
  facet normal 0 0 1
    outer loop
      vertex 53.4928 14.147 1.8
      vertex 54.2889 14.2254 1.8
      vertex 54.2558 14.4487 1.8
    endloop
  endfacet
  facet normal 0 0 1
    outer loop
      vertex 54.3 14 1.8
      vertex 53.5 14 1.8
      vertex 54.2889 13.7746 1.8
    endloop
  endfacet
  facet normal 0 0 1
    outer loop
      vertex 53.4712 14.2926 1.8
      vertex 54.2558 14.4487 1.8
      vertex 54.201 14.6677 1.8
    endloop
  endfacet
  facet normal -0 0 1
    outer loop
      vertex 53.4928 13.853 1.8
      vertex 54.2889 13.7746 1.8
      vertex 53.5 14 1.8
    endloop
  endfacet
  facet normal 0 0 1
    outer loop
      vertex 53.4354 14.4354 1.8
      vertex 54.201 14.6677 1.8
      vertex 54.1249 14.8802 1.8
    endloop
  endfacet
  facet normal 0 0 1
    outer loop
      vertex 54.2889 13.7746 1.8
      vertex 53.4928 13.853 1.8
      vertex 54.2558 13.5513 1.8
    endloop
  endfacet
  facet normal 0 0 1
    outer loop
      vertex 53.3858 14.574 1.8
      vertex 54.1249 14.8802 1.8
      vertex 54.0284 15.0842 1.8
    endloop
  endfacet
  facet normal -0 0 1
    outer loop
      vertex 53.4712 13.7074 1.8
      vertex 54.2558 13.5513 1.8
      vertex 53.4928 13.853 1.8
    endloop
  endfacet
  facet normal 0 0 1
    outer loop
      vertex 53.3229 14.7071 1.8
      vertex 54.0284 15.0842 1.8
      vertex 53.9124 15.2778 1.8
    endloop
  endfacet
  facet normal 0 0 1
    outer loop
      vertex 54.2558 13.5513 1.8
      vertex 53.4712 13.7074 1.8
      vertex 54.201 13.3323 1.8
    endloop
  endfacet
  facet normal 0 0 1
    outer loop
      vertex 53.2472 14.8334 1.8
      vertex 53.9124 15.2778 1.8
      vertex 53.7779 15.4591 1.8
    endloop
  endfacet
  facet normal -0 0 1
    outer loop
      vertex 53.4354 13.5646 1.8
      vertex 54.201 13.3323 1.8
      vertex 53.4712 13.7074 1.8
    endloop
  endfacet
  facet normal 0 0 1
    outer loop
      vertex 53.1595 14.9516 1.8
      vertex 53.7779 15.4591 1.8
      vertex 53.6263 15.6263 1.8
    endloop
  endfacet
  facet normal 0 0 1
    outer loop
      vertex 54.201 13.3323 1.8
      vertex 53.4354 13.5646 1.8
      vertex 54.1249 13.1198 1.8
    endloop
  endfacet
  facet normal -0 0 1
    outer loop
      vertex 53.3858 13.426 1.8
      vertex 54.1249 13.1198 1.8
      vertex 53.4354 13.5646 1.8
    endloop
  endfacet
  facet normal 0 0 1
    outer loop
      vertex 54.2889 14.2254 1.8
      vertex 53.4928 14.147 1.8
      vertex 53.5 14 1.8
    endloop
  endfacet
  facet normal 0 0 1
    outer loop
      vertex 54.2558 14.4487 1.8
      vertex 53.4712 14.2926 1.8
      vertex 53.4928 14.147 1.8
    endloop
  endfacet
  facet normal 0 0 1
    outer loop
      vertex 53.0607 15.0607 1.8
      vertex 53.6263 15.6263 1.8
      vertex 53.4591 15.7779 1.8
    endloop
  endfacet
  facet normal 0 0 1
    outer loop
      vertex 54.201 14.6677 1.8
      vertex 53.4354 14.4354 1.8
      vertex 53.4712 14.2926 1.8
    endloop
  endfacet
  facet normal 0 0 1
    outer loop
      vertex 54.1249 14.8802 1.8
      vertex 53.3858 14.574 1.8
      vertex 53.4354 14.4354 1.8
    endloop
  endfacet
  facet normal 0 0 1
    outer loop
      vertex 54.0284 15.0842 1.8
      vertex 53.3229 14.7071 1.8
      vertex 53.3858 14.574 1.8
    endloop
  endfacet
  facet normal 0 0 1
    outer loop
      vertex 52.9516 15.1595 1.8
      vertex 53.4591 15.7779 1.8
      vertex 53.2778 15.9124 1.8
    endloop
  endfacet
  facet normal 0 0 1
    outer loop
      vertex 53.9124 15.2778 1.8
      vertex 53.2472 14.8334 1.8
      vertex 53.3229 14.7071 1.8
    endloop
  endfacet
  facet normal 0 0 1
    outer loop
      vertex 53.7779 15.4591 1.8
      vertex 53.1595 14.9516 1.8
      vertex 53.2472 14.8334 1.8
    endloop
  endfacet
  facet normal 0 0 1
    outer loop
      vertex 52.8334 15.2472 1.8
      vertex 53.2778 15.9124 1.8
      vertex 53.0842 16.0284 1.8
    endloop
  endfacet
  facet normal 0 0 1
    outer loop
      vertex 53.6263 15.6263 1.8
      vertex 53.0607 15.0607 1.8
      vertex 53.1595 14.9516 1.8
    endloop
  endfacet
  facet normal 0 0 1
    outer loop
      vertex 53.4591 15.7779 1.8
      vertex 52.9516 15.1595 1.8
      vertex 53.0607 15.0607 1.8
    endloop
  endfacet
  facet normal 0 0 1
    outer loop
      vertex 52.7071 15.3229 1.8
      vertex 53.0842 16.0284 1.8
      vertex 52.8802 16.1249 1.8
    endloop
  endfacet
  facet normal 0 0 1
    outer loop
      vertex 53.2778 15.9124 1.8
      vertex 52.8334 15.2472 1.8
      vertex 52.9516 15.1595 1.8
    endloop
  endfacet
  facet normal 0 0 1
    outer loop
      vertex 53.0842 16.0284 1.8
      vertex 52.7071 15.3229 1.8
      vertex 52.8334 15.2472 1.8
    endloop
  endfacet
  facet normal 0 0 1
    outer loop
      vertex 52.574 15.3858 1.8
      vertex 52.8802 16.1249 1.8
      vertex 52.6677 16.201 1.8
    endloop
  endfacet
  facet normal 0 0 1
    outer loop
      vertex 52.8802 16.1249 1.8
      vertex 52.574 15.3858 1.8
      vertex 52.7071 15.3229 1.8
    endloop
  endfacet
  facet normal 0 0 1
    outer loop
      vertex 52.4354 15.4354 1.8
      vertex 52.6677 16.201 1.8
      vertex 52.4487 16.2558 1.8
    endloop
  endfacet
  facet normal 0 0 1
    outer loop
      vertex 52.6677 16.201 1.8
      vertex 52.4354 15.4354 1.8
      vertex 52.574 15.3858 1.8
    endloop
  endfacet
  facet normal 0 0 1
    outer loop
      vertex 52.4487 16.2558 1.8
      vertex 52.2926 15.4712 1.8
      vertex 52.4354 15.4354 1.8
    endloop
  endfacet
  facet normal 0 0 1
    outer loop
      vertex 52.2254 16.2889 1.8
      vertex 52.2926 15.4712 1.8
      vertex 52.4487 16.2558 1.8
    endloop
  endfacet
  facet normal 0 0 1
    outer loop
      vertex 52.2254 16.2889 1.8
      vertex 52.147 15.4928 1.8
      vertex 52.2926 15.4712 1.8
    endloop
  endfacet
  facet normal 0 0 1
    outer loop
      vertex 52 16.3 1.8
      vertex 52.147 15.4928 1.8
      vertex 52.2254 16.2889 1.8
    endloop
  endfacet
  facet normal 0 0 1
    outer loop
      vertex 52 16.3 1.8
      vertex 52 15.5 1.8
      vertex 52.147 15.4928 1.8
    endloop
  endfacet
  facet normal 0 0 1
    outer loop
      vertex 52 16.3 1.8
      vertex 51.853 15.4928 1.8
      vertex 52 15.5 1.8
    endloop
  endfacet
  facet normal -0 0 1
    outer loop
      vertex 51.7746 16.2889 1.8
      vertex 51.853 15.4928 1.8
      vertex 52 16.3 1.8
    endloop
  endfacet
  facet normal 0 0 1
    outer loop
      vertex 51.7746 16.2889 1.8
      vertex 51.7074 15.4712 1.8
      vertex 51.853 15.4928 1.8
    endloop
  endfacet
  facet normal -0 0 1
    outer loop
      vertex 51.5513 16.2558 1.8
      vertex 51.7074 15.4712 1.8
      vertex 51.7746 16.2889 1.8
    endloop
  endfacet
  facet normal 0 0 1
    outer loop
      vertex 51.7074 15.4712 1.8
      vertex 51.5513 16.2558 1.8
      vertex 51.5646 15.4354 1.8
    endloop
  endfacet
  facet normal -0 0 1
    outer loop
      vertex 51.3323 16.201 1.8
      vertex 51.5646 15.4354 1.8
      vertex 51.5513 16.2558 1.8
    endloop
  endfacet
  facet normal 0 0 1
    outer loop
      vertex 51.5646 15.4354 1.8
      vertex 51.3323 16.201 1.8
      vertex 51.426 15.3858 1.8
    endloop
  endfacet
  facet normal -0 0 1
    outer loop
      vertex 51.1198 16.1249 1.8
      vertex 51.426 15.3858 1.8
      vertex 51.3323 16.201 1.8
    endloop
  endfacet
  facet normal 0 0 1
    outer loop
      vertex 51.426 15.3858 1.8
      vertex 51.1198 16.1249 1.8
      vertex 51.2929 15.3229 1.8
    endloop
  endfacet
  facet normal -0 0 1
    outer loop
      vertex 50.9158 16.0284 1.8
      vertex 51.2929 15.3229 1.8
      vertex 51.1198 16.1249 1.8
    endloop
  endfacet
  facet normal 0 0 1
    outer loop
      vertex 51.2929 15.3229 1.8
      vertex 50.9158 16.0284 1.8
      vertex 51.1666 15.2472 1.8
    endloop
  endfacet
  facet normal -0 0 1
    outer loop
      vertex 50.7222 15.9124 1.8
      vertex 51.1666 15.2472 1.8
      vertex 50.9158 16.0284 1.8
    endloop
  endfacet
  facet normal 0 0 1
    outer loop
      vertex 51.1666 15.2472 1.8
      vertex 50.7222 15.9124 1.8
      vertex 51.0484 15.1595 1.8
    endloop
  endfacet
  facet normal -0 0 1
    outer loop
      vertex 50.5409 15.7779 1.8
      vertex 51.0484 15.1595 1.8
      vertex 50.7222 15.9124 1.8
    endloop
  endfacet
  facet normal 0 0 1
    outer loop
      vertex 51.0484 15.1595 1.8
      vertex 50.5409 15.7779 1.8
      vertex 50.9393 15.0607 1.8
    endloop
  endfacet
  facet normal -0 0 1
    outer loop
      vertex 50.3737 15.6263 1.8
      vertex 50.9393 15.0607 1.8
      vertex 50.5409 15.7779 1.8
    endloop
  endfacet
  facet normal 0 0 1
    outer loop
      vertex 50.9393 15.0607 1.8
      vertex 50.3737 15.6263 1.8
      vertex 50.8405 14.9516 1.8
    endloop
  endfacet
  facet normal -0 0 1
    outer loop
      vertex 50.2221 15.4591 1.8
      vertex 50.8405 14.9516 1.8
      vertex 50.3737 15.6263 1.8
    endloop
  endfacet
  facet normal 0 0 1
    outer loop
      vertex 50.8405 14.9516 1.8
      vertex 50.2221 15.4591 1.8
      vertex 50.7528 14.8334 1.8
    endloop
  endfacet
  facet normal -0 0 1
    outer loop
      vertex 50.0876 15.2778 1.8
      vertex 50.7528 14.8334 1.8
      vertex 50.2221 15.4591 1.8
    endloop
  endfacet
  facet normal 0 0 1
    outer loop
      vertex 50.7528 14.8334 1.8
      vertex 50.0876 15.2778 1.8
      vertex 50.6771 14.7071 1.8
    endloop
  endfacet
  facet normal -0 0 1
    outer loop
      vertex 49.9716 15.0842 1.8
      vertex 50.6771 14.7071 1.8
      vertex 50.0876 15.2778 1.8
    endloop
  endfacet
  facet normal 0 0 1
    outer loop
      vertex 50.6771 14.7071 1.8
      vertex 49.9716 15.0842 1.8
      vertex 50.6142 14.574 1.8
    endloop
  endfacet
  facet normal -0 0 1
    outer loop
      vertex 49.8751 14.8802 1.8
      vertex 50.6142 14.574 1.8
      vertex 49.9716 15.0842 1.8
    endloop
  endfacet
  facet normal 0 0 1
    outer loop
      vertex 54.1249 13.1198 1.8
      vertex 53.3858 13.426 1.8
      vertex 54.0284 12.9158 1.8
    endloop
  endfacet
  facet normal -0 0 1
    outer loop
      vertex 53.3229 13.2929 1.8
      vertex 54.0284 12.9158 1.8
      vertex 53.3858 13.426 1.8
    endloop
  endfacet
  facet normal 0 0 1
    outer loop
      vertex 54.0284 12.9158 1.8
      vertex 53.3229 13.2929 1.8
      vertex 53.9124 12.7222 1.8
    endloop
  endfacet
  facet normal -0 0 1
    outer loop
      vertex 53.2472 13.1666 1.8
      vertex 53.9124 12.7222 1.8
      vertex 53.3229 13.2929 1.8
    endloop
  endfacet
  facet normal 0 0 1
    outer loop
      vertex 53.9124 12.7222 1.8
      vertex 53.2472 13.1666 1.8
      vertex 53.7779 12.5409 1.8
    endloop
  endfacet
  facet normal -0 0 1
    outer loop
      vertex 53.1595 13.0484 1.8
      vertex 53.7779 12.5409 1.8
      vertex 53.2472 13.1666 1.8
    endloop
  endfacet
  facet normal 0 0 1
    outer loop
      vertex 53.7779 12.5409 1.8
      vertex 53.1595 13.0484 1.8
      vertex 53.6263 12.3737 1.8
    endloop
  endfacet
  facet normal -0 0 1
    outer loop
      vertex 53.0607 12.9393 1.8
      vertex 53.6263 12.3737 1.8
      vertex 53.1595 13.0484 1.8
    endloop
  endfacet
  facet normal 0 0 1
    outer loop
      vertex 53.6263 12.3737 1.8
      vertex 53.0607 12.9393 1.8
      vertex 53.4591 12.2221 1.8
    endloop
  endfacet
  facet normal -0 0 1
    outer loop
      vertex 52.9516 12.8405 1.8
      vertex 53.4591 12.2221 1.8
      vertex 53.0607 12.9393 1.8
    endloop
  endfacet
  facet normal 0 0 1
    outer loop
      vertex 53.4591 12.2221 1.8
      vertex 52.9516 12.8405 1.8
      vertex 53.2778 12.0876 1.8
    endloop
  endfacet
  facet normal -0 0 1
    outer loop
      vertex 52.8334 12.7528 1.8
      vertex 53.2778 12.0876 1.8
      vertex 52.9516 12.8405 1.8
    endloop
  endfacet
  facet normal 0 0 1
    outer loop
      vertex 53.2778 12.0876 1.8
      vertex 52.8334 12.7528 1.8
      vertex 53.0842 11.9716 1.8
    endloop
  endfacet
  facet normal -0 0 1
    outer loop
      vertex 52.7071 12.6771 1.8
      vertex 53.0842 11.9716 1.8
      vertex 52.8334 12.7528 1.8
    endloop
  endfacet
  facet normal 0 0 1
    outer loop
      vertex 53.0842 11.9716 1.8
      vertex 52.7071 12.6771 1.8
      vertex 52.8802 11.8751 1.8
    endloop
  endfacet
  facet normal -0 0 1
    outer loop
      vertex 52.574 12.6142 1.8
      vertex 52.8802 11.8751 1.8
      vertex 52.7071 12.6771 1.8
    endloop
  endfacet
  facet normal 0 0 1
    outer loop
      vertex 52.8802 11.8751 1.8
      vertex 52.574 12.6142 1.8
      vertex 52.6677 11.799 1.8
    endloop
  endfacet
  facet normal -0 0 1
    outer loop
      vertex 52.4354 12.5646 1.8
      vertex 52.6677 11.799 1.8
      vertex 52.574 12.6142 1.8
    endloop
  endfacet
  facet normal 0 0 1
    outer loop
      vertex 52.6677 11.799 1.8
      vertex 52.4354 12.5646 1.8
      vertex 52.4487 11.7442 1.8
    endloop
  endfacet
  facet normal -0 0 1
    outer loop
      vertex 52.2926 12.5288 1.8
      vertex 52.4487 11.7442 1.8
      vertex 52.4354 12.5646 1.8
    endloop
  endfacet
  facet normal 0 0 1
    outer loop
      vertex 52.2926 12.5288 1.8
      vertex 52.2254 11.7111 1.8
      vertex 52.4487 11.7442 1.8
    endloop
  endfacet
  facet normal -0 0 1
    outer loop
      vertex 52.147 12.5072 1.8
      vertex 52.2254 11.7111 1.8
      vertex 52.2926 12.5288 1.8
    endloop
  endfacet
  facet normal -0 0 1
    outer loop
      vertex 52 12.5 1.8
      vertex 52.2254 11.7111 1.8
      vertex 52.147 12.5072 1.8
    endloop
  endfacet
  facet normal 0 0 1
    outer loop
      vertex 52 12.5 1.8
      vertex 52 11.7 1.8
      vertex 52.2254 11.7111 1.8
    endloop
  endfacet
  facet normal 0 0 1
    outer loop
      vertex 51.853 12.5072 1.8
      vertex 52 11.7 1.8
      vertex 52 12.5 1.8
    endloop
  endfacet
  facet normal 0 0 1
    outer loop
      vertex 51.853 12.5072 1.8
      vertex 51.7746 11.7111 1.8
      vertex 52 11.7 1.8
    endloop
  endfacet
  facet normal 0 0 1
    outer loop
      vertex 51.7074 12.5288 1.8
      vertex 51.7746 11.7111 1.8
      vertex 51.853 12.5072 1.8
    endloop
  endfacet
  facet normal 0 0 1
    outer loop
      vertex 51.5513 11.7442 1.8
      vertex 51.7074 12.5288 1.8
      vertex 51.5646 12.5646 1.8
    endloop
  endfacet
  facet normal 0 0 1
    outer loop
      vertex 51.7074 12.5288 1.8
      vertex 51.5513 11.7442 1.8
      vertex 51.7746 11.7111 1.8
    endloop
  endfacet
  facet normal 0 0 1
    outer loop
      vertex 51.3323 11.799 1.8
      vertex 51.5646 12.5646 1.8
      vertex 51.426 12.6142 1.8
    endloop
  endfacet
  facet normal 0 0 1
    outer loop
      vertex 51.5646 12.5646 1.8
      vertex 51.3323 11.799 1.8
      vertex 51.5513 11.7442 1.8
    endloop
  endfacet
  facet normal 0 0 1
    outer loop
      vertex 51.1198 11.8751 1.8
      vertex 51.426 12.6142 1.8
      vertex 51.2929 12.6771 1.8
    endloop
  endfacet
  facet normal 0 0 1
    outer loop
      vertex 50.9158 11.9716 1.8
      vertex 51.2929 12.6771 1.8
      vertex 51.1666 12.7528 1.8
    endloop
  endfacet
  facet normal 0 0 1
    outer loop
      vertex 51.426 12.6142 1.8
      vertex 51.1198 11.8751 1.8
      vertex 51.3323 11.799 1.8
    endloop
  endfacet
  facet normal 0 0 1
    outer loop
      vertex 50.7222 12.0876 1.8
      vertex 51.1666 12.7528 1.8
      vertex 51.0484 12.8405 1.8
    endloop
  endfacet
  facet normal 0 0 1
    outer loop
      vertex 50.5409 12.2221 1.8
      vertex 51.0484 12.8405 1.8
      vertex 50.9393 12.9393 1.8
    endloop
  endfacet
  facet normal 0 0 1
    outer loop
      vertex 51.2929 12.6771 1.8
      vertex 50.9158 11.9716 1.8
      vertex 51.1198 11.8751 1.8
    endloop
  endfacet
  facet normal 0 0 1
    outer loop
      vertex 50.3737 12.3737 1.8
      vertex 50.9393 12.9393 1.8
      vertex 50.8405 13.0484 1.8
    endloop
  endfacet
  facet normal 0 0 1
    outer loop
      vertex 50.2221 12.5409 1.8
      vertex 50.8405 13.0484 1.8
      vertex 50.7528 13.1666 1.8
    endloop
  endfacet
  facet normal 0 0 1
    outer loop
      vertex 51.1666 12.7528 1.8
      vertex 50.7222 12.0876 1.8
      vertex 50.9158 11.9716 1.8
    endloop
  endfacet
  facet normal 0 0 1
    outer loop
      vertex 50.0876 12.7222 1.8
      vertex 50.7528 13.1666 1.8
      vertex 50.6771 13.2929 1.8
    endloop
  endfacet
  facet normal 0 0 1
    outer loop
      vertex 49.9716 12.9158 1.8
      vertex 50.6771 13.2929 1.8
      vertex 50.6142 13.426 1.8
    endloop
  endfacet
  facet normal 0 0 1
    outer loop
      vertex 49.8751 13.1198 1.8
      vertex 50.6142 13.426 1.8
      vertex 50.5646 13.5646 1.8
    endloop
  endfacet
  facet normal 0 0 1
    outer loop
      vertex 51.0484 12.8405 1.8
      vertex 50.5409 12.2221 1.8
      vertex 50.7222 12.0876 1.8
    endloop
  endfacet
  facet normal 0 0 1
    outer loop
      vertex 49.799 13.3323 1.8
      vertex 50.5646 13.5646 1.8
      vertex 50.5288 13.7074 1.8
    endloop
  endfacet
  facet normal 0 0 1
    outer loop
      vertex 49.7442 13.5513 1.8
      vertex 50.5288 13.7074 1.8
      vertex 50.5072 13.853 1.8
    endloop
  endfacet
  facet normal 0 0 1
    outer loop
      vertex 49.7111 13.7746 1.8
      vertex 50.5072 13.853 1.8
      vertex 50.5 14 1.8
    endloop
  endfacet
  facet normal 0 0 1
    outer loop
      vertex 50.6142 14.574 1.8
      vertex 49.8751 14.8802 1.8
      vertex 50.5646 14.4354 1.8
    endloop
  endfacet
  facet normal 0 0 1
    outer loop
      vertex 50.9393 12.9393 1.8
      vertex 50.3737 12.3737 1.8
      vertex 50.5409 12.2221 1.8
    endloop
  endfacet
  facet normal -0 0 1
    outer loop
      vertex 49.799 14.6677 1.8
      vertex 50.5646 14.4354 1.8
      vertex 49.8751 14.8802 1.8
    endloop
  endfacet
  facet normal 0 0 1
    outer loop
      vertex 50.8405 13.0484 1.8
      vertex 50.2221 12.5409 1.8
      vertex 50.3737 12.3737 1.8
    endloop
  endfacet
  facet normal 0 0 1
    outer loop
      vertex 50.5646 14.4354 1.8
      vertex 49.799 14.6677 1.8
      vertex 50.5288 14.2926 1.8
    endloop
  endfacet
  facet normal 0 0 1
    outer loop
      vertex 50.7528 13.1666 1.8
      vertex 50.0876 12.7222 1.8
      vertex 50.2221 12.5409 1.8
    endloop
  endfacet
  facet normal -0 0 1
    outer loop
      vertex 49.7442 14.4487 1.8
      vertex 50.5288 14.2926 1.8
      vertex 49.799 14.6677 1.8
    endloop
  endfacet
  facet normal 0 0 1
    outer loop
      vertex 50.6771 13.2929 1.8
      vertex 49.9716 12.9158 1.8
      vertex 50.0876 12.7222 1.8
    endloop
  endfacet
  facet normal 0 0 1
    outer loop
      vertex 50.5288 14.2926 1.8
      vertex 49.7442 14.4487 1.8
      vertex 50.5072 14.147 1.8
    endloop
  endfacet
  facet normal 0 0 1
    outer loop
      vertex 50.6142 13.426 1.8
      vertex 49.8751 13.1198 1.8
      vertex 49.9716 12.9158 1.8
    endloop
  endfacet
  facet normal -0 0 1
    outer loop
      vertex 49.7111 14.2254 1.8
      vertex 50.5072 14.147 1.8
      vertex 49.7442 14.4487 1.8
    endloop
  endfacet
  facet normal 0 0 1
    outer loop
      vertex 50.5646 13.5646 1.8
      vertex 49.799 13.3323 1.8
      vertex 49.8751 13.1198 1.8
    endloop
  endfacet
  facet normal 0 0 1
    outer loop
      vertex 50.5072 14.147 1.8
      vertex 49.7111 14.2254 1.8
      vertex 50.5 14 1.8
    endloop
  endfacet
  facet normal 0 0 1
    outer loop
      vertex 50.5288 13.7074 1.8
      vertex 49.7442 13.5513 1.8
      vertex 49.799 13.3323 1.8
    endloop
  endfacet
  facet normal 0 0 1
    outer loop
      vertex 49.7 14 1.8
      vertex 50.5 14 1.8
      vertex 49.7111 14.2254 1.8
    endloop
  endfacet
  facet normal 0 0 1
    outer loop
      vertex 50.5072 13.853 1.8
      vertex 49.7111 13.7746 1.8
      vertex 49.7442 13.5513 1.8
    endloop
  endfacet
  facet normal 0 0 1
    outer loop
      vertex 50.5 14 1.8
      vertex 49.7 14 1.8
      vertex 49.7111 13.7746 1.8
    endloop
  endfacet
  facet normal 0.857806 -0.513974 0
    outer loop
      vertex 49.9716 15.0842 6
      vertex 50.0876 15.2778 1.8
      vertex 50.0876 15.2778 6
    endloop
  endfacet
  facet normal 0.857806 -0.513974 0
    outer loop
      vertex 50.0876 15.2778 1.8
      vertex 49.9716 15.0842 6
      vertex 49.9716 15.0842 1.8
    endloop
  endfacet
  facet normal 0.803125 -0.59581 0
    outer loop
      vertex 50.0876 15.2778 6
      vertex 50.2221 15.4591 1.8
      vertex 50.2221 15.4591 6
    endloop
  endfacet
  facet normal 0.803125 -0.59581 0
    outer loop
      vertex 50.2221 15.4591 1.8
      vertex 50.0876 15.2778 6
      vertex 50.0876 15.2778 1.8
    endloop
  endfacet
  facet normal 0.903963 -0.42761 0
    outer loop
      vertex 49.8751 14.8802 6
      vertex 49.9716 15.0842 1.8
      vertex 49.9716 15.0842 6
    endloop
  endfacet
  facet normal 0.903963 -0.42761 0
    outer loop
      vertex 49.9716 15.0842 1.8
      vertex 49.8751 14.8802 6
      vertex 49.8751 14.8802 1.8
    endloop
  endfacet
  facet normal 0.97009 -0.242744 0
    outer loop
      vertex 49.7442 14.4487 6
      vertex 49.799 14.6677 1.8
      vertex 49.799 14.6677 6
    endloop
  endfacet
  facet normal 0.97009 -0.242744 0
    outer loop
      vertex 49.799 14.6677 1.8
      vertex 49.7442 14.4487 6
      vertex 49.7442 14.4487 1.8
    endloop
  endfacet
  facet normal 0.99879 -0.0491862 0
    outer loop
      vertex 49.7 14 6
      vertex 49.7111 14.2254 1.8
      vertex 49.7111 14.2254 6
    endloop
  endfacet
  facet normal 0.99879 -0.0491862 0
    outer loop
      vertex 49.7111 14.2254 1.8
      vertex 49.7 14 6
      vertex 49.7 14 1.8
    endloop
  endfacet
  facet normal 0.59581 -0.803125 0
    outer loop
      vertex 50.5409 15.7779 1.8
      vertex 50.7222 15.9124 6
      vertex 50.5409 15.7779 6
    endloop
  endfacet
  facet normal 0.59581 -0.803125 0
    outer loop
      vertex 50.7222 15.9124 6
      vertex 50.5409 15.7779 1.8
      vertex 50.7222 15.9124 1.8
    endloop
  endfacet
  facet normal 0.513974 -0.857806 0
    outer loop
      vertex 50.7222 15.9124 1.8
      vertex 50.9158 16.0284 6
      vertex 50.7222 15.9124 6
    endloop
  endfacet
  facet normal 0.513974 -0.857806 0
    outer loop
      vertex 50.9158 16.0284 6
      vertex 50.7222 15.9124 1.8
      vertex 50.9158 16.0284 1.8
    endloop
  endfacet
  facet normal 0.671702 -0.740822 0
    outer loop
      vertex 50.3737 15.6263 1.8
      vertex 50.5409 15.7779 6
      vertex 50.3737 15.6263 6
    endloop
  endfacet
  facet normal 0.671702 -0.740822 0
    outer loop
      vertex 50.5409 15.7779 6
      vertex 50.3737 15.6263 1.8
      vertex 50.5409 15.7779 1.8
    endloop
  endfacet
  facet normal 0.33715 -0.941451 0
    outer loop
      vertex 51.1198 16.1249 1.8
      vertex 51.3323 16.201 6
      vertex 51.1198 16.1249 6
    endloop
  endfacet
  facet normal 0.33715 -0.941451 0
    outer loop
      vertex 51.3323 16.201 6
      vertex 51.1198 16.1249 1.8
      vertex 51.3323 16.201 1.8
    endloop
  endfacet
  facet normal 0.146629 -0.989192 0
    outer loop
      vertex 51.5513 16.2558 1.8
      vertex 51.7746 16.2889 6
      vertex 51.5513 16.2558 6
    endloop
  endfacet
  facet normal 0.146629 -0.989192 0
    outer loop
      vertex 51.7746 16.2889 6
      vertex 51.5513 16.2558 1.8
      vertex 51.7746 16.2889 1.8
    endloop
  endfacet
  facet normal -0.146629 0.989192 0
    outer loop
      vertex 52.4487 11.7442 1.8
      vertex 52.2254 11.7111 6
      vertex 52.4487 11.7442 6
    endloop
  endfacet
  facet normal -0.146629 0.989192 0
    outer loop
      vertex 52.2254 11.7111 6
      vertex 52.4487 11.7442 1.8
      vertex 52.2254 11.7111 1.8
    endloop
  endfacet
  facet normal -0.33715 0.941451 0
    outer loop
      vertex 52.8802 11.8751 1.8
      vertex 52.6677 11.799 6
      vertex 52.8802 11.8751 6
    endloop
  endfacet
  facet normal -0.33715 0.941451 0
    outer loop
      vertex 52.6677 11.799 6
      vertex 52.8802 11.8751 1.8
      vertex 52.6677 11.799 1.8
    endloop
  endfacet
  facet normal -0.671702 0.740822 0
    outer loop
      vertex 53.6263 12.3737 1.8
      vertex 53.4591 12.2221 6
      vertex 53.6263 12.3737 6
    endloop
  endfacet
  facet normal -0.671702 0.740822 0
    outer loop
      vertex 53.4591 12.2221 6
      vertex 53.6263 12.3737 1.8
      vertex 53.4591 12.2221 1.8
    endloop
  endfacet
  facet normal -0.513974 0.857806 0
    outer loop
      vertex 53.2778 12.0876 1.8
      vertex 53.0842 11.9716 6
      vertex 53.2778 12.0876 6
    endloop
  endfacet
  facet normal -0.513974 0.857806 0
    outer loop
      vertex 53.0842 11.9716 6
      vertex 53.2778 12.0876 1.8
      vertex 53.0842 11.9716 1.8
    endloop
  endfacet
  facet normal -0.803125 0.59581 0
    outer loop
      vertex 53.7779 12.5409 1.8
      vertex 53.9124 12.7222 6
      vertex 53.9124 12.7222 1.8
    endloop
  endfacet
  facet normal -0.803125 0.59581 0
    outer loop
      vertex 53.9124 12.7222 6
      vertex 53.7779 12.5409 1.8
      vertex 53.7779 12.5409 6
    endloop
  endfacet
  facet normal -0.903963 0.42761 0
    outer loop
      vertex 54.0284 12.9158 1.8
      vertex 54.1249 13.1198 6
      vertex 54.1249 13.1198 1.8
    endloop
  endfacet
  facet normal -0.903963 0.42761 0
    outer loop
      vertex 54.1249 13.1198 6
      vertex 54.0284 12.9158 1.8
      vertex 54.0284 12.9158 6
    endloop
  endfacet
  facet normal 0.59581 0.803125 -0
    outer loop
      vertex 50.7222 12.0876 1.8
      vertex 50.5409 12.2221 6
      vertex 50.7222 12.0876 6
    endloop
  endfacet
  facet normal 0.59581 0.803125 0
    outer loop
      vertex 50.5409 12.2221 6
      vertex 50.7222 12.0876 1.8
      vertex 50.5409 12.2221 1.8
    endloop
  endfacet
  facet normal 0.42761 0.903963 -0
    outer loop
      vertex 51.1198 11.8751 1.8
      vertex 50.9158 11.9716 6
      vertex 51.1198 11.8751 6
    endloop
  endfacet
  facet normal 0.42761 0.903963 0
    outer loop
      vertex 50.9158 11.9716 6
      vertex 51.1198 11.8751 1.8
      vertex 50.9158 11.9716 1.8
    endloop
  endfacet
  facet normal 0.242744 0.97009 -0
    outer loop
      vertex 51.5513 11.7442 1.8
      vertex 51.3323 11.799 6
      vertex 51.5513 11.7442 6
    endloop
  endfacet
  facet normal 0.242744 0.97009 0
    outer loop
      vertex 51.3323 11.799 6
      vertex 51.5513 11.7442 1.8
      vertex 51.3323 11.799 1.8
    endloop
  endfacet
  facet normal 0.0491862 0.99879 -0
    outer loop
      vertex 52 11.7 1.8
      vertex 51.7746 11.7111 6
      vertex 52 11.7 6
    endloop
  endfacet
  facet normal 0.0491862 0.99879 0
    outer loop
      vertex 51.7746 11.7111 6
      vertex 52 11.7 1.8
      vertex 51.7746 11.7111 1.8
    endloop
  endfacet
  facet normal 0.803125 0.59581 0
    outer loop
      vertex 50.2221 12.5409 6
      vertex 50.0876 12.7222 1.8
      vertex 50.0876 12.7222 6
    endloop
  endfacet
  facet normal 0.803125 0.59581 0
    outer loop
      vertex 50.0876 12.7222 1.8
      vertex 50.2221 12.5409 6
      vertex 50.2221 12.5409 1.8
    endloop
  endfacet
  facet normal 0.857806 0.513974 0
    outer loop
      vertex 50.0876 12.7222 6
      vertex 49.9716 12.9158 1.8
      vertex 49.9716 12.9158 6
    endloop
  endfacet
  facet normal 0.857806 0.513974 0
    outer loop
      vertex 49.9716 12.9158 1.8
      vertex 50.0876 12.7222 6
      vertex 50.0876 12.7222 1.8
    endloop
  endfacet
  facet normal 0.740822 0.671702 0
    outer loop
      vertex 50.3737 12.3737 6
      vertex 50.2221 12.5409 1.8
      vertex 50.2221 12.5409 6
    endloop
  endfacet
  facet normal 0.740822 0.671702 0
    outer loop
      vertex 50.2221 12.5409 1.8
      vertex 50.3737 12.3737 6
      vertex 50.3737 12.3737 1.8
    endloop
  endfacet
  facet normal 0.941451 0.33715 0
    outer loop
      vertex 49.8751 13.1198 6
      vertex 49.799 13.3323 1.8
      vertex 49.799 13.3323 6
    endloop
  endfacet
  facet normal 0.941451 0.33715 0
    outer loop
      vertex 49.799 13.3323 1.8
      vertex 49.8751 13.1198 6
      vertex 49.8751 13.1198 1.8
    endloop
  endfacet
  facet normal 0.903963 0.42761 0
    outer loop
      vertex 49.9716 12.9158 6
      vertex 49.8751 13.1198 1.8
      vertex 49.8751 13.1198 6
    endloop
  endfacet
  facet normal 0.903963 0.42761 0
    outer loop
      vertex 49.8751 13.1198 1.8
      vertex 49.9716 12.9158 6
      vertex 49.9716 12.9158 1.8
    endloop
  endfacet
  facet normal 0.989192 0.146629 0
    outer loop
      vertex 49.7442 13.5513 6
      vertex 49.7111 13.7746 1.8
      vertex 49.7111 13.7746 6
    endloop
  endfacet
  facet normal 0.989192 0.146629 0
    outer loop
      vertex 49.7111 13.7746 1.8
      vertex 49.7442 13.5513 6
      vertex 49.7442 13.5513 1.8
    endloop
  endfacet
  facet normal 0.99879 0.0491862 0
    outer loop
      vertex 49.7111 13.7746 6
      vertex 49.7 14 1.8
      vertex 49.7 14 6
    endloop
  endfacet
  facet normal 0.99879 0.0491862 0
    outer loop
      vertex 49.7 14 1.8
      vertex 49.7111 13.7746 6
      vertex 49.7111 13.7746 1.8
    endloop
  endfacet
  facet normal -0.242744 0.97009 0
    outer loop
      vertex 52.6677 11.799 1.8
      vertex 52.4487 11.7442 6
      vertex 52.6677 11.799 6
    endloop
  endfacet
  facet normal -0.242744 0.97009 0
    outer loop
      vertex 52.4487 11.7442 6
      vertex 52.6677 11.799 1.8
      vertex 52.4487 11.7442 1.8
    endloop
  endfacet
  facet normal -0.42761 0.903963 0
    outer loop
      vertex 53.0842 11.9716 1.8
      vertex 52.8802 11.8751 6
      vertex 53.0842 11.9716 6
    endloop
  endfacet
  facet normal -0.42761 0.903963 0
    outer loop
      vertex 52.8802 11.8751 6
      vertex 53.0842 11.9716 1.8
      vertex 52.8802 11.8751 1.8
    endloop
  endfacet
  facet normal -0.740822 0.671702 0
    outer loop
      vertex 53.6263 12.3737 1.8
      vertex 53.7779 12.5409 6
      vertex 53.7779 12.5409 1.8
    endloop
  endfacet
  facet normal -0.740822 0.671702 0
    outer loop
      vertex 53.7779 12.5409 6
      vertex 53.6263 12.3737 1.8
      vertex 53.6263 12.3737 6
    endloop
  endfacet
  facet normal -0.59581 0.803125 0
    outer loop
      vertex 53.4591 12.2221 1.8
      vertex 53.2778 12.0876 6
      vertex 53.4591 12.2221 6
    endloop
  endfacet
  facet normal -0.59581 0.803125 0
    outer loop
      vertex 53.2778 12.0876 6
      vertex 53.4591 12.2221 1.8
      vertex 53.2778 12.0876 1.8
    endloop
  endfacet
  facet normal -0.857806 0.513974 0
    outer loop
      vertex 53.9124 12.7222 1.8
      vertex 54.0284 12.9158 6
      vertex 54.0284 12.9158 1.8
    endloop
  endfacet
  facet normal -0.857806 0.513974 0
    outer loop
      vertex 54.0284 12.9158 6
      vertex 53.9124 12.7222 1.8
      vertex 53.9124 12.7222 6
    endloop
  endfacet
  facet normal -0.941451 0.33715 0
    outer loop
      vertex 54.1249 13.1198 1.8
      vertex 54.201 13.3323 6
      vertex 54.201 13.3323 1.8
    endloop
  endfacet
  facet normal -0.941451 0.33715 0
    outer loop
      vertex 54.201 13.3323 6
      vertex 54.1249 13.1198 1.8
      vertex 54.1249 13.1198 6
    endloop
  endfacet
  facet normal -0.989192 0.146629 0
    outer loop
      vertex 54.2558 13.5513 1.8
      vertex 54.2889 13.7746 6
      vertex 54.2889 13.7746 1.8
    endloop
  endfacet
  facet normal -0.989192 0.146629 0
    outer loop
      vertex 54.2889 13.7746 6
      vertex 54.2558 13.5513 1.8
      vertex 54.2558 13.5513 6
    endloop
  endfacet
  facet normal 0.513974 0.857806 -0
    outer loop
      vertex 50.9158 11.9716 1.8
      vertex 50.7222 12.0876 6
      vertex 50.9158 11.9716 6
    endloop
  endfacet
  facet normal 0.513974 0.857806 0
    outer loop
      vertex 50.7222 12.0876 6
      vertex 50.9158 11.9716 1.8
      vertex 50.7222 12.0876 1.8
    endloop
  endfacet
  facet normal 0.33715 0.941451 -0
    outer loop
      vertex 51.3323 11.799 1.8
      vertex 51.1198 11.8751 6
      vertex 51.3323 11.799 6
    endloop
  endfacet
  facet normal 0.33715 0.941451 0
    outer loop
      vertex 51.1198 11.8751 6
      vertex 51.3323 11.799 1.8
      vertex 51.1198 11.8751 1.8
    endloop
  endfacet
  facet normal 0.146629 0.989192 -0
    outer loop
      vertex 51.7746 11.7111 1.8
      vertex 51.5513 11.7442 6
      vertex 51.7746 11.7111 6
    endloop
  endfacet
  facet normal 0.146629 0.989192 0
    outer loop
      vertex 51.5513 11.7442 6
      vertex 51.7746 11.7111 1.8
      vertex 51.5513 11.7442 1.8
    endloop
  endfacet
  facet normal -0.0491862 0.99879 0
    outer loop
      vertex 52.2254 11.7111 1.8
      vertex 52 11.7 6
      vertex 52.2254 11.7111 6
    endloop
  endfacet
  facet normal -0.0491862 0.99879 0
    outer loop
      vertex 52 11.7 6
      vertex 52.2254 11.7111 1.8
      vertex 52 11.7 1.8
    endloop
  endfacet
  facet normal 0.671702 0.740822 -0
    outer loop
      vertex 50.5409 12.2221 1.8
      vertex 50.3737 12.3737 6
      vertex 50.5409 12.2221 6
    endloop
  endfacet
  facet normal 0.671702 0.740822 0
    outer loop
      vertex 50.3737 12.3737 6
      vertex 50.5409 12.2221 1.8
      vertex 50.3737 12.3737 1.8
    endloop
  endfacet
  facet normal 0.97009 0.242744 0
    outer loop
      vertex 49.799 13.3323 6
      vertex 49.7442 13.5513 1.8
      vertex 49.7442 13.5513 6
    endloop
  endfacet
  facet normal 0.97009 0.242744 0
    outer loop
      vertex 49.7442 13.5513 1.8
      vertex 49.799 13.3323 6
      vertex 49.799 13.3323 1.8
    endloop
  endfacet
  facet normal -0.99879 0.0491862 0
    outer loop
      vertex 54.2889 13.7746 1.8
      vertex 54.3 14 6
      vertex 54.3 14 1.8
    endloop
  endfacet
  facet normal -0.99879 0.0491862 0
    outer loop
      vertex 54.3 14 6
      vertex 54.2889 13.7746 1.8
      vertex 54.2889 13.7746 6
    endloop
  endfacet
  facet normal -0.998803 -0.0489209 0
    outer loop
      vertex 53.5 14 0
      vertex 53.4928 14.147 1.8
      vertex 53.4928 14.147 0
    endloop
  endfacet
  facet normal -0.998803 -0.0489209 0
    outer loop
      vertex 53.4928 14.147 1.8
      vertex 53.5 14 0
      vertex 53.5 14 1.8
    endloop
  endfacet
  facet normal 0.0489209 -0.998803 0
    outer loop
      vertex 51.853 15.4928 0
      vertex 52 15.5 1.8
      vertex 51.853 15.4928 1.8
    endloop
  endfacet
  facet normal 0.0489209 -0.998803 0
    outer loop
      vertex 52 15.5 1.8
      vertex 51.853 15.4928 0
      vertex 52 15.5 0
    endloop
  endfacet
  facet normal -0.671251 -0.74123 0
    outer loop
      vertex 52.9516 15.1595 0
      vertex 53.0607 15.0607 1.8
      vertex 52.9516 15.1595 1.8
    endloop
  endfacet
  facet normal -0.671251 -0.74123 -0
    outer loop
      vertex 53.0607 15.0607 1.8
      vertex 52.9516 15.1595 0
      vertex 53.0607 15.0607 0
    endloop
  endfacet
  facet normal 0.74123 -0.671251 0
    outer loop
      vertex 50.8405 14.9516 1.8
      vertex 50.9393 15.0607 0
      vertex 50.9393 15.0607 1.8
    endloop
  endfacet
  facet normal 0.74123 -0.671251 0
    outer loop
      vertex 50.9393 15.0607 0
      vertex 50.8405 14.9516 1.8
      vertex 50.8405 14.9516 0
    endloop
  endfacet
  facet normal 0.427269 -0.904125 0
    outer loop
      vertex 51.2929 15.3229 0
      vertex 51.426 15.3858 1.8
      vertex 51.2929 15.3229 1.8
    endloop
  endfacet
  facet normal 0.427269 -0.904125 0
    outer loop
      vertex 51.426 15.3858 1.8
      vertex 51.2929 15.3229 0
      vertex 51.426 15.3858 0
    endloop
  endfacet
  facet normal 0.941527 0.336939 0
    outer loop
      vertex 50.6142 13.426 1.8
      vertex 50.5646 13.5646 0
      vertex 50.5646 13.5646 1.8
    endloop
  endfacet
  facet normal 0.941527 0.336939 0
    outer loop
      vertex 50.5646 13.5646 0
      vertex 50.6142 13.426 1.8
      vertex 50.6142 13.426 0
    endloop
  endfacet
  facet normal -0.904125 -0.427269 0
    outer loop
      vertex 53.3858 14.574 0
      vertex 53.3229 14.7071 1.8
      vertex 53.3229 14.7071 0
    endloop
  endfacet
  facet normal -0.904125 -0.427269 0
    outer loop
      vertex 53.3229 14.7071 1.8
      vertex 53.3858 14.574 0
      vertex 53.3858 14.574 1.8
    endloop
  endfacet
  facet normal -0.336939 -0.941527 0
    outer loop
      vertex 52.4354 15.4354 0
      vertex 52.574 15.3858 1.8
      vertex 52.4354 15.4354 1.8
    endloop
  endfacet
  facet normal -0.336939 -0.941527 -0
    outer loop
      vertex 52.574 15.3858 1.8
      vertex 52.4354 15.4354 0
      vertex 52.574 15.3858 0
    endloop
  endfacet
  facet normal 0.904125 -0.427269 0
    outer loop
      vertex 50.6142 14.574 1.8
      vertex 50.6771 14.7071 0
      vertex 50.6771 14.7071 1.8
    endloop
  endfacet
  facet normal 0.904125 -0.427269 0
    outer loop
      vertex 50.6771 14.7071 0
      vertex 50.6142 14.574 1.8
      vertex 50.6142 14.574 0
    endloop
  endfacet
  facet normal 0.857733 -0.514096 0
    outer loop
      vertex 50.6771 14.7071 1.8
      vertex 50.7528 14.8334 0
      vertex 50.7528 14.8334 1.8
    endloop
  endfacet
  facet normal 0.857733 -0.514096 0
    outer loop
      vertex 50.7528 14.8334 0
      vertex 50.6771 14.7071 1.8
      vertex 50.6771 14.7071 0
    endloop
  endfacet
  facet normal 0.243175 -0.969982 0
    outer loop
      vertex 51.5646 15.4354 0
      vertex 51.7074 15.4712 1.8
      vertex 51.5646 15.4354 1.8
    endloop
  endfacet
  facet normal 0.243175 -0.969982 0
    outer loop
      vertex 51.7074 15.4712 1.8
      vertex 51.5646 15.4354 0
      vertex 51.7074 15.4712 0
    endloop
  endfacet
  facet normal -0.904125 0.427269 0
    outer loop
      vertex 53.3229 13.2929 0
      vertex 53.3858 13.426 1.8
      vertex 53.3858 13.426 0
    endloop
  endfacet
  facet normal -0.904125 0.427269 0
    outer loop
      vertex 53.3858 13.426 1.8
      vertex 53.3229 13.2929 0
      vertex 53.3229 13.2929 1.8
    endloop
  endfacet
  facet normal -0.336939 0.941527 0
    outer loop
      vertex 52.574 12.6142 0
      vertex 52.4354 12.5646 1.8
      vertex 52.574 12.6142 1.8
    endloop
  endfacet
  facet normal -0.336939 0.941527 0
    outer loop
      vertex 52.4354 12.5646 1.8
      vertex 52.574 12.6142 0
      vertex 52.4354 12.5646 0
    endloop
  endfacet
  facet normal -0.74123 0.671251 0
    outer loop
      vertex 53.0607 12.9393 0
      vertex 53.1595 13.0484 1.8
      vertex 53.1595 13.0484 0
    endloop
  endfacet
  facet normal -0.74123 0.671251 0
    outer loop
      vertex 53.1595 13.0484 1.8
      vertex 53.0607 12.9393 0
      vertex 53.0607 12.9393 1.8
    endloop
  endfacet
  facet normal -0.969982 0.243175 0
    outer loop
      vertex 53.4354 13.5646 0
      vertex 53.4712 13.7074 1.8
      vertex 53.4712 13.7074 0
    endloop
  endfacet
  facet normal -0.969982 0.243175 0
    outer loop
      vertex 53.4712 13.7074 1.8
      vertex 53.4354 13.5646 0
      vertex 53.4354 13.5646 1.8
    endloop
  endfacet
  facet normal 0.243175 0.969982 -0
    outer loop
      vertex 51.7074 12.5288 0
      vertex 51.5646 12.5646 1.8
      vertex 51.7074 12.5288 1.8
    endloop
  endfacet
  facet normal 0.243175 0.969982 0
    outer loop
      vertex 51.5646 12.5646 1.8
      vertex 51.7074 12.5288 0
      vertex 51.5646 12.5646 0
    endloop
  endfacet
  facet normal 0.671251 0.74123 -0
    outer loop
      vertex 51.0484 12.8405 0
      vertex 50.9393 12.9393 1.8
      vertex 51.0484 12.8405 1.8
    endloop
  endfacet
  facet normal 0.671251 0.74123 0
    outer loop
      vertex 50.9393 12.9393 1.8
      vertex 51.0484 12.8405 0
      vertex 50.9393 12.9393 0
    endloop
  endfacet
  facet normal 0.74123 0.671251 0
    outer loop
      vertex 50.9393 12.9393 1.8
      vertex 50.8405 13.0484 0
      vertex 50.8405 13.0484 1.8
    endloop
  endfacet
  facet normal 0.74123 0.671251 0
    outer loop
      vertex 50.8405 13.0484 0
      vertex 50.9393 12.9393 1.8
      vertex 50.9393 12.9393 0
    endloop
  endfacet
  facet normal -0.969982 -0.243175 0
    outer loop
      vertex 53.4712 14.2926 0
      vertex 53.4354 14.4354 1.8
      vertex 53.4354 14.4354 0
    endloop
  endfacet
  facet normal -0.969982 -0.243175 0
    outer loop
      vertex 53.4354 14.4354 1.8
      vertex 53.4712 14.2926 0
      vertex 53.4712 14.2926 1.8
    endloop
  endfacet
  facet normal -0.989174 -0.146746 0
    outer loop
      vertex 53.4928 14.147 0
      vertex 53.4712 14.2926 1.8
      vertex 53.4712 14.2926 0
    endloop
  endfacet
  facet normal -0.989174 -0.146746 0
    outer loop
      vertex 53.4712 14.2926 1.8
      vertex 53.4928 14.147 0
      vertex 53.4928 14.147 1.8
    endloop
  endfacet
  facet normal -0.941527 -0.336939 0
    outer loop
      vertex 53.4354 14.4354 0
      vertex 53.3858 14.574 1.8
      vertex 53.3858 14.574 0
    endloop
  endfacet
  facet normal -0.941527 -0.336939 0
    outer loop
      vertex 53.3858 14.574 1.8
      vertex 53.4354 14.4354 0
      vertex 53.4354 14.4354 1.8
    endloop
  endfacet
  facet normal -0.803088 -0.595861 0
    outer loop
      vertex 53.2472 14.8334 0
      vertex 53.1595 14.9516 1.8
      vertex 53.1595 14.9516 0
    endloop
  endfacet
  facet normal -0.803088 -0.595861 0
    outer loop
      vertex 53.1595 14.9516 1.8
      vertex 53.2472 14.8334 0
      vertex 53.2472 14.8334 1.8
    endloop
  endfacet
  facet normal -0.857733 -0.514096 0
    outer loop
      vertex 53.3229 14.7071 0
      vertex 53.2472 14.8334 1.8
      vertex 53.2472 14.8334 0
    endloop
  endfacet
  facet normal -0.857733 -0.514096 0
    outer loop
      vertex 53.2472 14.8334 1.8
      vertex 53.3229 14.7071 0
      vertex 53.3229 14.7071 1.8
    endloop
  endfacet
  facet normal -0.146746 -0.989174 0
    outer loop
      vertex 52.147 15.4928 0
      vertex 52.2926 15.4712 1.8
      vertex 52.147 15.4928 1.8
    endloop
  endfacet
  facet normal -0.146746 -0.989174 -0
    outer loop
      vertex 52.2926 15.4712 1.8
      vertex 52.147 15.4928 0
      vertex 52.2926 15.4712 0
    endloop
  endfacet
  facet normal -0.0489209 -0.998803 0
    outer loop
      vertex 52 15.5 0
      vertex 52.147 15.4928 1.8
      vertex 52 15.5 1.8
    endloop
  endfacet
  facet normal -0.0489209 -0.998803 -0
    outer loop
      vertex 52.147 15.4928 1.8
      vertex 52 15.5 0
      vertex 52.147 15.4928 0
    endloop
  endfacet
  facet normal -0.514096 -0.857733 0
    outer loop
      vertex 52.7071 15.3229 0
      vertex 52.8334 15.2472 1.8
      vertex 52.7071 15.3229 1.8
    endloop
  endfacet
  facet normal -0.514096 -0.857733 -0
    outer loop
      vertex 52.8334 15.2472 1.8
      vertex 52.7071 15.3229 0
      vertex 52.8334 15.2472 0
    endloop
  endfacet
  facet normal -0.427269 -0.904125 0
    outer loop
      vertex 52.574 15.3858 0
      vertex 52.7071 15.3229 1.8
      vertex 52.574 15.3858 1.8
    endloop
  endfacet
  facet normal -0.427269 -0.904125 -0
    outer loop
      vertex 52.7071 15.3229 1.8
      vertex 52.574 15.3858 0
      vertex 52.7071 15.3229 0
    endloop
  endfacet
  facet normal -0.595861 -0.803088 0
    outer loop
      vertex 52.8334 15.2472 0
      vertex 52.9516 15.1595 1.8
      vertex 52.8334 15.2472 1.8
    endloop
  endfacet
  facet normal -0.595861 -0.803088 -0
    outer loop
      vertex 52.9516 15.1595 1.8
      vertex 52.8334 15.2472 0
      vertex 52.9516 15.1595 0
    endloop
  endfacet
  facet normal 0.989174 -0.146746 0
    outer loop
      vertex 50.5072 14.147 1.8
      vertex 50.5288 14.2926 0
      vertex 50.5288 14.2926 1.8
    endloop
  endfacet
  facet normal 0.989174 -0.146746 0
    outer loop
      vertex 50.5288 14.2926 0
      vertex 50.5072 14.147 1.8
      vertex 50.5072 14.147 0
    endloop
  endfacet
  facet normal 0.803088 -0.595861 0
    outer loop
      vertex 50.7528 14.8334 1.8
      vertex 50.8405 14.9516 0
      vertex 50.8405 14.9516 1.8
    endloop
  endfacet
  facet normal 0.803088 -0.595861 0
    outer loop
      vertex 50.8405 14.9516 0
      vertex 50.7528 14.8334 1.8
      vertex 50.7528 14.8334 0
    endloop
  endfacet
  facet normal 0.941527 -0.336939 0
    outer loop
      vertex 50.5646 14.4354 1.8
      vertex 50.6142 14.574 0
      vertex 50.6142 14.574 1.8
    endloop
  endfacet
  facet normal 0.941527 -0.336939 0
    outer loop
      vertex 50.6142 14.574 0
      vertex 50.5646 14.4354 1.8
      vertex 50.5646 14.4354 0
    endloop
  endfacet
  facet normal 0.998803 -0.0489209 0
    outer loop
      vertex 50.5 14 1.8
      vertex 50.5072 14.147 0
      vertex 50.5072 14.147 1.8
    endloop
  endfacet
  facet normal 0.998803 -0.0489209 0
    outer loop
      vertex 50.5072 14.147 0
      vertex 50.5 14 1.8
      vertex 50.5 14 0
    endloop
  endfacet
  facet normal 0.595861 -0.803088 0
    outer loop
      vertex 51.0484 15.1595 0
      vertex 51.1666 15.2472 1.8
      vertex 51.0484 15.1595 1.8
    endloop
  endfacet
  facet normal 0.595861 -0.803088 0
    outer loop
      vertex 51.1666 15.2472 1.8
      vertex 51.0484 15.1595 0
      vertex 51.1666 15.2472 0
    endloop
  endfacet
  facet normal 0.671251 -0.74123 0
    outer loop
      vertex 50.9393 15.0607 0
      vertex 51.0484 15.1595 1.8
      vertex 50.9393 15.0607 1.8
    endloop
  endfacet
  facet normal 0.671251 -0.74123 0
    outer loop
      vertex 51.0484 15.1595 1.8
      vertex 50.9393 15.0607 0
      vertex 51.0484 15.1595 0
    endloop
  endfacet
  facet normal 0.146746 -0.989174 0
    outer loop
      vertex 51.7074 15.4712 0
      vertex 51.853 15.4928 1.8
      vertex 51.7074 15.4712 1.8
    endloop
  endfacet
  facet normal 0.146746 -0.989174 0
    outer loop
      vertex 51.853 15.4928 1.8
      vertex 51.7074 15.4712 0
      vertex 51.853 15.4928 0
    endloop
  endfacet
  facet normal -0.146746 0.989174 0
    outer loop
      vertex 52.2926 12.5288 0
      vertex 52.147 12.5072 1.8
      vertex 52.2926 12.5288 1.8
    endloop
  endfacet
  facet normal -0.146746 0.989174 0
    outer loop
      vertex 52.147 12.5072 1.8
      vertex 52.2926 12.5288 0
      vertex 52.147 12.5072 0
    endloop
  endfacet
  facet normal -0.514096 0.857733 0
    outer loop
      vertex 52.8334 12.7528 0
      vertex 52.7071 12.6771 1.8
      vertex 52.8334 12.7528 1.8
    endloop
  endfacet
  facet normal -0.514096 0.857733 0
    outer loop
      vertex 52.7071 12.6771 1.8
      vertex 52.8334 12.7528 0
      vertex 52.7071 12.6771 0
    endloop
  endfacet
  facet normal -0.671251 0.74123 0
    outer loop
      vertex 53.0607 12.9393 0
      vertex 52.9516 12.8405 1.8
      vertex 53.0607 12.9393 1.8
    endloop
  endfacet
  facet normal -0.671251 0.74123 0
    outer loop
      vertex 52.9516 12.8405 1.8
      vertex 53.0607 12.9393 0
      vertex 52.9516 12.8405 0
    endloop
  endfacet
  facet normal -0.595861 0.803088 0
    outer loop
      vertex 52.9516 12.8405 0
      vertex 52.8334 12.7528 1.8
      vertex 52.9516 12.8405 1.8
    endloop
  endfacet
  facet normal -0.595861 0.803088 0
    outer loop
      vertex 52.8334 12.7528 1.8
      vertex 52.9516 12.8405 0
      vertex 52.8334 12.7528 0
    endloop
  endfacet
  facet normal -0.803088 0.595861 0
    outer loop
      vertex 53.1595 13.0484 0
      vertex 53.2472 13.1666 1.8
      vertex 53.2472 13.1666 0
    endloop
  endfacet
  facet normal -0.803088 0.595861 0
    outer loop
      vertex 53.2472 13.1666 1.8
      vertex 53.1595 13.0484 0
      vertex 53.1595 13.0484 1.8
    endloop
  endfacet
  facet normal -0.857733 0.514096 0
    outer loop
      vertex 53.2472 13.1666 0
      vertex 53.3229 13.2929 1.8
      vertex 53.3229 13.2929 0
    endloop
  endfacet
  facet normal -0.857733 0.514096 0
    outer loop
      vertex 53.3229 13.2929 1.8
      vertex 53.2472 13.1666 0
      vertex 53.2472 13.1666 1.8
    endloop
  endfacet
  facet normal 0.595861 0.803088 -0
    outer loop
      vertex 51.1666 12.7528 0
      vertex 51.0484 12.8405 1.8
      vertex 51.1666 12.7528 1.8
    endloop
  endfacet
  facet normal 0.595861 0.803088 0
    outer loop
      vertex 51.0484 12.8405 1.8
      vertex 51.1666 12.7528 0
      vertex 51.0484 12.8405 0
    endloop
  endfacet
  facet normal 0.514096 0.857733 -0
    outer loop
      vertex 51.2929 12.6771 0
      vertex 51.1666 12.7528 1.8
      vertex 51.2929 12.6771 1.8
    endloop
  endfacet
  facet normal 0.514096 0.857733 0
    outer loop
      vertex 51.1666 12.7528 1.8
      vertex 51.2929 12.6771 0
      vertex 51.1666 12.7528 0
    endloop
  endfacet
  facet normal 0.427269 0.904125 -0
    outer loop
      vertex 51.426 12.6142 0
      vertex 51.2929 12.6771 1.8
      vertex 51.426 12.6142 1.8
    endloop
  endfacet
  facet normal 0.427269 0.904125 0
    outer loop
      vertex 51.2929 12.6771 1.8
      vertex 51.426 12.6142 0
      vertex 51.2929 12.6771 0
    endloop
  endfacet
  facet normal 0.0489209 0.998803 -0
    outer loop
      vertex 52 12.5 0
      vertex 51.853 12.5072 1.8
      vertex 52 12.5 1.8
    endloop
  endfacet
  facet normal 0.0489209 0.998803 0
    outer loop
      vertex 51.853 12.5072 1.8
      vertex 52 12.5 0
      vertex 51.853 12.5072 0
    endloop
  endfacet
  facet normal 0.857733 0.514096 0
    outer loop
      vertex 50.7528 13.1666 1.8
      vertex 50.6771 13.2929 0
      vertex 50.6771 13.2929 1.8
    endloop
  endfacet
  facet normal 0.857733 0.514096 0
    outer loop
      vertex 50.6771 13.2929 0
      vertex 50.7528 13.1666 1.8
      vertex 50.7528 13.1666 0
    endloop
  endfacet
  facet normal 0.904125 0.427269 0
    outer loop
      vertex 50.6771 13.2929 1.8
      vertex 50.6142 13.426 0
      vertex 50.6142 13.426 1.8
    endloop
  endfacet
  facet normal 0.904125 0.427269 0
    outer loop
      vertex 50.6142 13.426 0
      vertex 50.6771 13.2929 1.8
      vertex 50.6771 13.2929 0
    endloop
  endfacet
  facet normal 0.989174 0.146746 0
    outer loop
      vertex 50.5288 13.7074 1.8
      vertex 50.5072 13.853 0
      vertex 50.5072 13.853 1.8
    endloop
  endfacet
  facet normal 0.989174 0.146746 0
    outer loop
      vertex 50.5072 13.853 0
      vertex 50.5288 13.7074 1.8
      vertex 50.5288 13.7074 0
    endloop
  endfacet
  facet normal -0.74123 -0.671251 0
    outer loop
      vertex 53.1595 14.9516 0
      vertex 53.0607 15.0607 1.8
      vertex 53.0607 15.0607 0
    endloop
  endfacet
  facet normal -0.74123 -0.671251 0
    outer loop
      vertex 53.0607 15.0607 1.8
      vertex 53.1595 14.9516 0
      vertex 53.1595 14.9516 1.8
    endloop
  endfacet
  facet normal -0.243175 -0.969982 0
    outer loop
      vertex 52.2926 15.4712 0
      vertex 52.4354 15.4354 1.8
      vertex 52.2926 15.4712 1.8
    endloop
  endfacet
  facet normal -0.243175 -0.969982 -0
    outer loop
      vertex 52.4354 15.4354 1.8
      vertex 52.2926 15.4712 0
      vertex 52.4354 15.4354 0
    endloop
  endfacet
  facet normal 0.969982 -0.243175 0
    outer loop
      vertex 50.5288 14.2926 1.8
      vertex 50.5646 14.4354 0
      vertex 50.5646 14.4354 1.8
    endloop
  endfacet
  facet normal 0.969982 -0.243175 0
    outer loop
      vertex 50.5646 14.4354 0
      vertex 50.5288 14.2926 1.8
      vertex 50.5288 14.2926 0
    endloop
  endfacet
  facet normal 0.998803 0.0489209 0
    outer loop
      vertex 50.5072 13.853 1.8
      vertex 50.5 14 0
      vertex 50.5 14 1.8
    endloop
  endfacet
  facet normal 0.998803 0.0489209 0
    outer loop
      vertex 50.5 14 0
      vertex 50.5072 13.853 1.8
      vertex 50.5072 13.853 0
    endloop
  endfacet
  facet normal 0.514096 -0.857733 0
    outer loop
      vertex 51.1666 15.2472 0
      vertex 51.2929 15.3229 1.8
      vertex 51.1666 15.2472 1.8
    endloop
  endfacet
  facet normal 0.514096 -0.857733 0
    outer loop
      vertex 51.2929 15.3229 1.8
      vertex 51.1666 15.2472 0
      vertex 51.2929 15.3229 0
    endloop
  endfacet
  facet normal 0.336939 -0.941527 0
    outer loop
      vertex 51.426 15.3858 0
      vertex 51.5646 15.4354 1.8
      vertex 51.426 15.3858 1.8
    endloop
  endfacet
  facet normal 0.336939 -0.941527 0
    outer loop
      vertex 51.5646 15.4354 1.8
      vertex 51.426 15.3858 0
      vertex 51.5646 15.4354 0
    endloop
  endfacet
  facet normal -0.243175 0.969982 0
    outer loop
      vertex 52.4354 12.5646 0
      vertex 52.2926 12.5288 1.8
      vertex 52.4354 12.5646 1.8
    endloop
  endfacet
  facet normal -0.243175 0.969982 0
    outer loop
      vertex 52.2926 12.5288 1.8
      vertex 52.4354 12.5646 0
      vertex 52.2926 12.5288 0
    endloop
  endfacet
  facet normal -0.427269 0.904125 0
    outer loop
      vertex 52.7071 12.6771 0
      vertex 52.574 12.6142 1.8
      vertex 52.7071 12.6771 1.8
    endloop
  endfacet
  facet normal -0.427269 0.904125 0
    outer loop
      vertex 52.574 12.6142 1.8
      vertex 52.7071 12.6771 0
      vertex 52.574 12.6142 0
    endloop
  endfacet
  facet normal -0.941527 0.336939 0
    outer loop
      vertex 53.3858 13.426 0
      vertex 53.4354 13.5646 1.8
      vertex 53.4354 13.5646 0
    endloop
  endfacet
  facet normal -0.941527 0.336939 0
    outer loop
      vertex 53.4354 13.5646 1.8
      vertex 53.3858 13.426 0
      vertex 53.3858 13.426 1.8
    endloop
  endfacet
  facet normal -0.989174 0.146746 0
    outer loop
      vertex 53.4712 13.7074 0
      vertex 53.4928 13.853 1.8
      vertex 53.4928 13.853 0
    endloop
  endfacet
  facet normal -0.989174 0.146746 0
    outer loop
      vertex 53.4928 13.853 1.8
      vertex 53.4712 13.7074 0
      vertex 53.4712 13.7074 1.8
    endloop
  endfacet
  facet normal -0.998803 0.0489209 0
    outer loop
      vertex 53.4928 13.853 0
      vertex 53.5 14 1.8
      vertex 53.5 14 0
    endloop
  endfacet
  facet normal -0.998803 0.0489209 0
    outer loop
      vertex 53.5 14 1.8
      vertex 53.4928 13.853 0
      vertex 53.4928 13.853 1.8
    endloop
  endfacet
  facet normal 0.336939 0.941527 -0
    outer loop
      vertex 51.5646 12.5646 0
      vertex 51.426 12.6142 1.8
      vertex 51.5646 12.5646 1.8
    endloop
  endfacet
  facet normal 0.336939 0.941527 0
    outer loop
      vertex 51.426 12.6142 1.8
      vertex 51.5646 12.5646 0
      vertex 51.426 12.6142 0
    endloop
  endfacet
  facet normal 0.146746 0.989174 -0
    outer loop
      vertex 51.853 12.5072 0
      vertex 51.7074 12.5288 1.8
      vertex 51.853 12.5072 1.8
    endloop
  endfacet
  facet normal 0.146746 0.989174 0
    outer loop
      vertex 51.7074 12.5288 1.8
      vertex 51.853 12.5072 0
      vertex 51.7074 12.5288 0
    endloop
  endfacet
  facet normal -0.0489209 0.998803 0
    outer loop
      vertex 52.147 12.5072 0
      vertex 52 12.5 1.8
      vertex 52.147 12.5072 1.8
    endloop
  endfacet
  facet normal -0.0489209 0.998803 0
    outer loop
      vertex 52 12.5 1.8
      vertex 52.147 12.5072 0
      vertex 52 12.5 0
    endloop
  endfacet
  facet normal 0.803088 0.595861 0
    outer loop
      vertex 50.8405 13.0484 1.8
      vertex 50.7528 13.1666 0
      vertex 50.7528 13.1666 1.8
    endloop
  endfacet
  facet normal 0.803088 0.595861 0
    outer loop
      vertex 50.7528 13.1666 0
      vertex 50.8405 13.0484 1.8
      vertex 50.8405 13.0484 0
    endloop
  endfacet
  facet normal 0.969982 0.243175 0
    outer loop
      vertex 50.5646 13.5646 1.8
      vertex 50.5288 13.7074 0
      vertex 50.5288 13.7074 1.8
    endloop
  endfacet
  facet normal 0.969982 0.243175 0
    outer loop
      vertex 50.5288 13.7074 0
      vertex 50.5646 13.5646 1.8
      vertex 50.5646 13.5646 0
    endloop
  endfacet
  facet normal -0.998786 -0.0492599 0
    outer loop
      vertex 74.4 14 1.8
      vertex 74.3884 14.2352 6
      vertex 74.3884 14.2352 1.8
    endloop
  endfacet
  facet normal -0.998786 -0.0492599 0
    outer loop
      vertex 74.3884 14.2352 6
      vertex 74.4 14 1.8
      vertex 74.4 14 6
    endloop
  endfacet
  facet normal 0.0492599 -0.998786 0
    outer loop
      vertex 71.7648 16.3884 1.8
      vertex 72 16.4 6
      vertex 71.7648 16.3884 6
    endloop
  endfacet
  facet normal 0.0492599 -0.998786 0
    outer loop
      vertex 72 16.4 6
      vertex 71.7648 16.3884 1.8
      vertex 72 16.4 1.8
    endloop
  endfacet
  facet normal -0.671213 -0.741264 0
    outer loop
      vertex 73.5225 15.8552 1.8
      vertex 73.6971 15.6971 6
      vertex 73.5225 15.8552 6
    endloop
  endfacet
  facet normal -0.671213 -0.741264 -0
    outer loop
      vertex 73.6971 15.6971 6
      vertex 73.5225 15.8552 1.8
      vertex 73.6971 15.6971 1.8
    endloop
  endfacet
  facet normal 0.741264 -0.671213 0
    outer loop
      vertex 70.1448 15.5225 6
      vertex 70.3029 15.6971 1.8
      vertex 70.3029 15.6971 6
    endloop
  endfacet
  facet normal 0.741264 -0.671213 0
    outer loop
      vertex 70.3029 15.6971 1.8
      vertex 70.1448 15.5225 6
      vertex 70.1448 15.5225 1.8
    endloop
  endfacet
  facet normal 0.427411 -0.904057 0
    outer loop
      vertex 70.8686 16.1166 1.8
      vertex 71.0816 16.2173 6
      vertex 70.8686 16.1166 6
    endloop
  endfacet
  facet normal 0.427411 -0.904057 0
    outer loop
      vertex 71.0816 16.2173 6
      vertex 70.8686 16.1166 1.8
      vertex 71.0816 16.2173 1.8
    endloop
  endfacet
  facet normal 0.941444 0.33717 0
    outer loop
      vertex 69.7827 13.0816 6
      vertex 69.7033 13.3033 1.8
      vertex 69.7033 13.3033 6
    endloop
  endfacet
  facet normal 0.941444 0.33717 0
    outer loop
      vertex 69.7033 13.3033 1.8
      vertex 69.7827 13.0816 6
      vertex 69.7827 13.0816 1.8
    endloop
  endfacet
  facet normal -0.904057 -0.427411 0
    outer loop
      vertex 74.2173 14.9184 1.8
      vertex 74.1166 15.1314 6
      vertex 74.1166 15.1314 1.8
    endloop
  endfacet
  facet normal -0.904057 -0.427411 0
    outer loop
      vertex 74.1166 15.1314 6
      vertex 74.2173 14.9184 1.8
      vertex 74.2173 14.9184 6
    endloop
  endfacet
  facet normal -0.33717 -0.941444 0
    outer loop
      vertex 72.6967 16.2967 1.8
      vertex 72.9184 16.2173 6
      vertex 72.6967 16.2967 6
    endloop
  endfacet
  facet normal -0.33717 -0.941444 -0
    outer loop
      vertex 72.9184 16.2173 6
      vertex 72.6967 16.2967 1.8
      vertex 72.9184 16.2173 1.8
    endloop
  endfacet
  facet normal 0.904057 -0.427411 0
    outer loop
      vertex 69.7827 14.9184 6
      vertex 69.8834 15.1314 1.8
      vertex 69.8834 15.1314 6
    endloop
  endfacet
  facet normal 0.904057 -0.427411 0
    outer loop
      vertex 69.8834 15.1314 1.8
      vertex 69.7827 14.9184 6
      vertex 69.7827 14.9184 1.8
    endloop
  endfacet
  facet normal 0.85768 -0.514184 0
    outer loop
      vertex 69.8834 15.1314 6
      vertex 70.0045 15.3334 1.8
      vertex 70.0045 15.3334 6
    endloop
  endfacet
  facet normal 0.85768 -0.514184 0
    outer loop
      vertex 70.0045 15.3334 1.8
      vertex 69.8834 15.1314 6
      vertex 69.8834 15.1314 1.8
    endloop
  endfacet
  facet normal 0.242835 -0.970068 0
    outer loop
      vertex 71.3033 16.2967 1.8
      vertex 71.5318 16.3539 6
      vertex 71.3033 16.2967 6
    endloop
  endfacet
  facet normal 0.242835 -0.970068 0
    outer loop
      vertex 71.5318 16.3539 6
      vertex 71.3033 16.2967 1.8
      vertex 71.5318 16.3539 1.8
    endloop
  endfacet
  facet normal -0.904057 0.427411 0
    outer loop
      vertex 74.1166 12.8686 1.8
      vertex 74.2173 13.0816 6
      vertex 74.2173 13.0816 1.8
    endloop
  endfacet
  facet normal -0.904057 0.427411 0
    outer loop
      vertex 74.2173 13.0816 6
      vertex 74.1166 12.8686 1.8
      vertex 74.1166 12.8686 6
    endloop
  endfacet
  facet normal -0.33717 0.941444 0
    outer loop
      vertex 72.9184 11.7827 1.8
      vertex 72.6967 11.7033 6
      vertex 72.9184 11.7827 6
    endloop
  endfacet
  facet normal -0.33717 0.941444 0
    outer loop
      vertex 72.6967 11.7033 6
      vertex 72.9184 11.7827 1.8
      vertex 72.6967 11.7033 1.8
    endloop
  endfacet
  facet normal -0.741264 0.671213 0
    outer loop
      vertex 73.6971 12.3029 1.8
      vertex 73.8552 12.4775 6
      vertex 73.8552 12.4775 1.8
    endloop
  endfacet
  facet normal -0.741264 0.671213 0
    outer loop
      vertex 73.8552 12.4775 6
      vertex 73.6971 12.3029 1.8
      vertex 73.6971 12.3029 6
    endloop
  endfacet
  facet normal -0.970068 0.242835 0
    outer loop
      vertex 74.2967 13.3033 1.8
      vertex 74.3539 13.5318 6
      vertex 74.3539 13.5318 1.8
    endloop
  endfacet
  facet normal -0.970068 0.242835 0
    outer loop
      vertex 74.3539 13.5318 6
      vertex 74.2967 13.3033 1.8
      vertex 74.2967 13.3033 6
    endloop
  endfacet
  facet normal 0.242835 0.970068 -0
    outer loop
      vertex 71.5318 11.6461 1.8
      vertex 71.3033 11.7033 6
      vertex 71.5318 11.6461 6
    endloop
  endfacet
  facet normal 0.242835 0.970068 0
    outer loop
      vertex 71.3033 11.7033 6
      vertex 71.5318 11.6461 1.8
      vertex 71.3033 11.7033 1.8
    endloop
  endfacet
  facet normal 0.671213 0.741264 -0
    outer loop
      vertex 70.4775 12.1448 1.8
      vertex 70.3029 12.3029 6
      vertex 70.4775 12.1448 6
    endloop
  endfacet
  facet normal 0.671213 0.741264 0
    outer loop
      vertex 70.3029 12.3029 6
      vertex 70.4775 12.1448 1.8
      vertex 70.3029 12.3029 1.8
    endloop
  endfacet
  facet normal 0.741264 0.671213 0
    outer loop
      vertex 70.3029 12.3029 6
      vertex 70.1448 12.4775 1.8
      vertex 70.1448 12.4775 6
    endloop
  endfacet
  facet normal 0.741264 0.671213 0
    outer loop
      vertex 70.1448 12.4775 1.8
      vertex 70.3029 12.3029 6
      vertex 70.3029 12.3029 1.8
    endloop
  endfacet
  facet normal -0.970068 -0.242835 0
    outer loop
      vertex 74.3539 14.4682 1.8
      vertex 74.2967 14.6967 6
      vertex 74.2967 14.6967 1.8
    endloop
  endfacet
  facet normal -0.970068 -0.242835 0
    outer loop
      vertex 74.2967 14.6967 6
      vertex 74.3539 14.4682 1.8
      vertex 74.3539 14.4682 6
    endloop
  endfacet
  facet normal -0.989215 -0.146472 0
    outer loop
      vertex 74.3884 14.2352 1.8
      vertex 74.3539 14.4682 6
      vertex 74.3539 14.4682 1.8
    endloop
  endfacet
  facet normal -0.989215 -0.146472 0
    outer loop
      vertex 74.3539 14.4682 6
      vertex 74.3884 14.2352 1.8
      vertex 74.3884 14.2352 6
    endloop
  endfacet
  facet normal -0.941444 -0.33717 0
    outer loop
      vertex 74.2967 14.6967 1.8
      vertex 74.2173 14.9184 6
      vertex 74.2173 14.9184 1.8
    endloop
  endfacet
  facet normal -0.941444 -0.33717 0
    outer loop
      vertex 74.2173 14.9184 6
      vertex 74.2967 14.6967 1.8
      vertex 74.2967 14.6967 6
    endloop
  endfacet
  facet normal -0.803098 -0.595847 0
    outer loop
      vertex 73.9955 15.3334 1.8
      vertex 73.8552 15.5225 6
      vertex 73.8552 15.5225 1.8
    endloop
  endfacet
  facet normal -0.803098 -0.595847 0
    outer loop
      vertex 73.8552 15.5225 6
      vertex 73.9955 15.3334 1.8
      vertex 73.9955 15.3334 6
    endloop
  endfacet
  facet normal -0.85768 -0.514184 0
    outer loop
      vertex 74.1166 15.1314 1.8
      vertex 73.9955 15.3334 6
      vertex 73.9955 15.3334 1.8
    endloop
  endfacet
  facet normal -0.85768 -0.514184 0
    outer loop
      vertex 73.9955 15.3334 6
      vertex 74.1166 15.1314 1.8
      vertex 74.1166 15.1314 6
    endloop
  endfacet
  facet normal -0.146472 -0.989215 0
    outer loop
      vertex 72.2352 16.3884 1.8
      vertex 72.4682 16.3539 6
      vertex 72.2352 16.3884 6
    endloop
  endfacet
  facet normal -0.146472 -0.989215 -0
    outer loop
      vertex 72.4682 16.3539 6
      vertex 72.2352 16.3884 1.8
      vertex 72.4682 16.3539 1.8
    endloop
  endfacet
  facet normal -0.0492599 -0.998786 0
    outer loop
      vertex 72 16.4 1.8
      vertex 72.2352 16.3884 6
      vertex 72 16.4 6
    endloop
  endfacet
  facet normal -0.0492599 -0.998786 -0
    outer loop
      vertex 72.2352 16.3884 6
      vertex 72 16.4 1.8
      vertex 72.2352 16.3884 1.8
    endloop
  endfacet
  facet normal -0.513996 -0.857792 0
    outer loop
      vertex 73.1313 16.1166 1.8
      vertex 73.3334 15.9955 6
      vertex 73.1313 16.1166 6
    endloop
  endfacet
  facet normal -0.513996 -0.857792 -0
    outer loop
      vertex 73.3334 15.9955 6
      vertex 73.1313 16.1166 1.8
      vertex 73.3334 15.9955 1.8
    endloop
  endfacet
  facet normal -0.595847 -0.803098 0
    outer loop
      vertex 73.3334 15.9955 1.8
      vertex 73.5225 15.8552 6
      vertex 73.3334 15.9955 6
    endloop
  endfacet
  facet normal -0.595847 -0.803098 -0
    outer loop
      vertex 73.5225 15.8552 6
      vertex 73.3334 15.9955 1.8
      vertex 73.5225 15.8552 1.8
    endloop
  endfacet
  facet normal 0.989215 -0.146472 0
    outer loop
      vertex 69.6116 14.2352 6
      vertex 69.6461 14.4682 1.8
      vertex 69.6461 14.4682 6
    endloop
  endfacet
  facet normal 0.989215 -0.146472 0
    outer loop
      vertex 69.6461 14.4682 1.8
      vertex 69.6116 14.2352 6
      vertex 69.6116 14.2352 1.8
    endloop
  endfacet
  facet normal 0 0 1
    outer loop
      vertex 73.5 14 1.8
      vertex 74.4 14 1.8
      vertex 74.3884 14.2352 1.8
    endloop
  endfacet
  facet normal 0 0 1
    outer loop
      vertex 73.4928 14.147 1.8
      vertex 74.3884 14.2352 1.8
      vertex 74.3539 14.4682 1.8
    endloop
  endfacet
  facet normal 0 0 1
    outer loop
      vertex 74.4 14 1.8
      vertex 73.5 14 1.8
      vertex 74.3884 13.7648 1.8
    endloop
  endfacet
  facet normal 0 0 1
    outer loop
      vertex 73.4712 14.2926 1.8
      vertex 74.3539 14.4682 1.8
      vertex 74.2967 14.6967 1.8
    endloop
  endfacet
  facet normal -0 0 1
    outer loop
      vertex 73.4928 13.853 1.8
      vertex 74.3884 13.7648 1.8
      vertex 73.5 14 1.8
    endloop
  endfacet
  facet normal 0 0 1
    outer loop
      vertex 73.4354 14.4354 1.8
      vertex 74.2967 14.6967 1.8
      vertex 74.2173 14.9184 1.8
    endloop
  endfacet
  facet normal 0 0 1
    outer loop
      vertex 74.3884 13.7648 1.8
      vertex 73.4928 13.853 1.8
      vertex 74.3539 13.5318 1.8
    endloop
  endfacet
  facet normal 0 0 1
    outer loop
      vertex 73.3858 14.574 1.8
      vertex 74.2173 14.9184 1.8
      vertex 74.1166 15.1314 1.8
    endloop
  endfacet
  facet normal -0 0 1
    outer loop
      vertex 73.4712 13.7074 1.8
      vertex 74.3539 13.5318 1.8
      vertex 73.4928 13.853 1.8
    endloop
  endfacet
  facet normal 0 0 1
    outer loop
      vertex 73.3229 14.7071 1.8
      vertex 74.1166 15.1314 1.8
      vertex 73.9955 15.3334 1.8
    endloop
  endfacet
  facet normal 0 0 1
    outer loop
      vertex 74.3539 13.5318 1.8
      vertex 73.4712 13.7074 1.8
      vertex 74.2967 13.3033 1.8
    endloop
  endfacet
  facet normal 0 0 1
    outer loop
      vertex 73.2472 14.8334 1.8
      vertex 73.9955 15.3334 1.8
      vertex 73.8552 15.5225 1.8
    endloop
  endfacet
  facet normal -0 0 1
    outer loop
      vertex 73.4354 13.5646 1.8
      vertex 74.2967 13.3033 1.8
      vertex 73.4712 13.7074 1.8
    endloop
  endfacet
  facet normal 0 0 1
    outer loop
      vertex 73.1595 14.9516 1.8
      vertex 73.8552 15.5225 1.8
      vertex 73.6971 15.6971 1.8
    endloop
  endfacet
  facet normal 0 0 1
    outer loop
      vertex 74.2967 13.3033 1.8
      vertex 73.4354 13.5646 1.8
      vertex 74.2173 13.0816 1.8
    endloop
  endfacet
  facet normal 0 0 1
    outer loop
      vertex 73.0607 15.0607 1.8
      vertex 73.6971 15.6971 1.8
      vertex 73.5225 15.8552 1.8
    endloop
  endfacet
  facet normal -0 0 1
    outer loop
      vertex 73.3858 13.426 1.8
      vertex 74.2173 13.0816 1.8
      vertex 73.4354 13.5646 1.8
    endloop
  endfacet
  facet normal 0 0 1
    outer loop
      vertex 74.2173 13.0816 1.8
      vertex 73.3858 13.426 1.8
      vertex 74.1166 12.8686 1.8
    endloop
  endfacet
  facet normal 0 0 1
    outer loop
      vertex 74.3884 14.2352 1.8
      vertex 73.4928 14.147 1.8
      vertex 73.5 14 1.8
    endloop
  endfacet
  facet normal 0 0 1
    outer loop
      vertex 74.3539 14.4682 1.8
      vertex 73.4712 14.2926 1.8
      vertex 73.4928 14.147 1.8
    endloop
  endfacet
  facet normal 0 0 1
    outer loop
      vertex 74.2967 14.6967 1.8
      vertex 73.4354 14.4354 1.8
      vertex 73.4712 14.2926 1.8
    endloop
  endfacet
  facet normal 0 0 1
    outer loop
      vertex 74.2173 14.9184 1.8
      vertex 73.3858 14.574 1.8
      vertex 73.4354 14.4354 1.8
    endloop
  endfacet
  facet normal 0 0 1
    outer loop
      vertex 72.9516 15.1595 1.8
      vertex 73.5225 15.8552 1.8
      vertex 73.3334 15.9955 1.8
    endloop
  endfacet
  facet normal 0 0 1
    outer loop
      vertex 74.1166 15.1314 1.8
      vertex 73.3229 14.7071 1.8
      vertex 73.3858 14.574 1.8
    endloop
  endfacet
  facet normal 0 0 1
    outer loop
      vertex 73.9955 15.3334 1.8
      vertex 73.2472 14.8334 1.8
      vertex 73.3229 14.7071 1.8
    endloop
  endfacet
  facet normal 0 0 1
    outer loop
      vertex 73.8552 15.5225 1.8
      vertex 73.1595 14.9516 1.8
      vertex 73.2472 14.8334 1.8
    endloop
  endfacet
  facet normal 0 0 1
    outer loop
      vertex 72.8334 15.2472 1.8
      vertex 73.3334 15.9955 1.8
      vertex 73.1313 16.1166 1.8
    endloop
  endfacet
  facet normal 0 0 1
    outer loop
      vertex 73.6971 15.6971 1.8
      vertex 73.0607 15.0607 1.8
      vertex 73.1595 14.9516 1.8
    endloop
  endfacet
  facet normal 0 0 1
    outer loop
      vertex 73.5225 15.8552 1.8
      vertex 72.9516 15.1595 1.8
      vertex 73.0607 15.0607 1.8
    endloop
  endfacet
  facet normal 0 0 1
    outer loop
      vertex 72.7071 15.3229 1.8
      vertex 73.1313 16.1166 1.8
      vertex 72.9184 16.2173 1.8
    endloop
  endfacet
  facet normal 0 0 1
    outer loop
      vertex 73.3334 15.9955 1.8
      vertex 72.8334 15.2472 1.8
      vertex 72.9516 15.1595 1.8
    endloop
  endfacet
  facet normal 0 0 1
    outer loop
      vertex 73.1313 16.1166 1.8
      vertex 72.7071 15.3229 1.8
      vertex 72.8334 15.2472 1.8
    endloop
  endfacet
  facet normal 0 0 1
    outer loop
      vertex 72.574 15.3858 1.8
      vertex 72.9184 16.2173 1.8
      vertex 72.6967 16.2967 1.8
    endloop
  endfacet
  facet normal 0 0 1
    outer loop
      vertex 72.9184 16.2173 1.8
      vertex 72.574 15.3858 1.8
      vertex 72.7071 15.3229 1.8
    endloop
  endfacet
  facet normal 0 0 1
    outer loop
      vertex 72.4354 15.4354 1.8
      vertex 72.6967 16.2967 1.8
      vertex 72.4682 16.3539 1.8
    endloop
  endfacet
  facet normal 0 0 1
    outer loop
      vertex 72.6967 16.2967 1.8
      vertex 72.4354 15.4354 1.8
      vertex 72.574 15.3858 1.8
    endloop
  endfacet
  facet normal 0 0 1
    outer loop
      vertex 72.4682 16.3539 1.8
      vertex 72.2926 15.4712 1.8
      vertex 72.4354 15.4354 1.8
    endloop
  endfacet
  facet normal 0 0 1
    outer loop
      vertex 72.2352 16.3884 1.8
      vertex 72.2926 15.4712 1.8
      vertex 72.4682 16.3539 1.8
    endloop
  endfacet
  facet normal 0 0 1
    outer loop
      vertex 72.2352 16.3884 1.8
      vertex 72.147 15.4928 1.8
      vertex 72.2926 15.4712 1.8
    endloop
  endfacet
  facet normal 0 0 1
    outer loop
      vertex 72 16.4 1.8
      vertex 72.147 15.4928 1.8
      vertex 72.2352 16.3884 1.8
    endloop
  endfacet
  facet normal 0 0 1
    outer loop
      vertex 72 16.4 1.8
      vertex 72 15.5 1.8
      vertex 72.147 15.4928 1.8
    endloop
  endfacet
  facet normal 0 0 1
    outer loop
      vertex 72 16.4 1.8
      vertex 71.853 15.4928 1.8
      vertex 72 15.5 1.8
    endloop
  endfacet
  facet normal -0 0 1
    outer loop
      vertex 71.7648 16.3884 1.8
      vertex 71.853 15.4928 1.8
      vertex 72 16.4 1.8
    endloop
  endfacet
  facet normal 0 0 1
    outer loop
      vertex 71.7648 16.3884 1.8
      vertex 71.7074 15.4712 1.8
      vertex 71.853 15.4928 1.8
    endloop
  endfacet
  facet normal -0 0 1
    outer loop
      vertex 71.5318 16.3539 1.8
      vertex 71.7074 15.4712 1.8
      vertex 71.7648 16.3884 1.8
    endloop
  endfacet
  facet normal 0 0 1
    outer loop
      vertex 71.7074 15.4712 1.8
      vertex 71.5318 16.3539 1.8
      vertex 71.5646 15.4354 1.8
    endloop
  endfacet
  facet normal -0 0 1
    outer loop
      vertex 71.3033 16.2967 1.8
      vertex 71.5646 15.4354 1.8
      vertex 71.5318 16.3539 1.8
    endloop
  endfacet
  facet normal 0 0 1
    outer loop
      vertex 71.5646 15.4354 1.8
      vertex 71.3033 16.2967 1.8
      vertex 71.426 15.3858 1.8
    endloop
  endfacet
  facet normal -0 0 1
    outer loop
      vertex 71.0816 16.2173 1.8
      vertex 71.426 15.3858 1.8
      vertex 71.3033 16.2967 1.8
    endloop
  endfacet
  facet normal 0 0 1
    outer loop
      vertex 71.426 15.3858 1.8
      vertex 71.0816 16.2173 1.8
      vertex 71.2929 15.3229 1.8
    endloop
  endfacet
  facet normal -0 0 1
    outer loop
      vertex 70.8686 16.1166 1.8
      vertex 71.2929 15.3229 1.8
      vertex 71.0816 16.2173 1.8
    endloop
  endfacet
  facet normal 0 0 1
    outer loop
      vertex 71.2929 15.3229 1.8
      vertex 70.8686 16.1166 1.8
      vertex 71.1666 15.2472 1.8
    endloop
  endfacet
  facet normal -0 0 1
    outer loop
      vertex 70.6666 15.9955 1.8
      vertex 71.1666 15.2472 1.8
      vertex 70.8686 16.1166 1.8
    endloop
  endfacet
  facet normal 0 0 1
    outer loop
      vertex 71.1666 15.2472 1.8
      vertex 70.6666 15.9955 1.8
      vertex 71.0484 15.1595 1.8
    endloop
  endfacet
  facet normal -0 0 1
    outer loop
      vertex 70.4775 15.8552 1.8
      vertex 71.0484 15.1595 1.8
      vertex 70.6666 15.9955 1.8
    endloop
  endfacet
  facet normal 0 0 1
    outer loop
      vertex 71.0484 15.1595 1.8
      vertex 70.4775 15.8552 1.8
      vertex 70.9393 15.0607 1.8
    endloop
  endfacet
  facet normal -0 0 1
    outer loop
      vertex 70.3029 15.6971 1.8
      vertex 70.9393 15.0607 1.8
      vertex 70.4775 15.8552 1.8
    endloop
  endfacet
  facet normal 0 0 1
    outer loop
      vertex 70.9393 15.0607 1.8
      vertex 70.3029 15.6971 1.8
      vertex 70.8405 14.9516 1.8
    endloop
  endfacet
  facet normal -0 0 1
    outer loop
      vertex 70.1448 15.5225 1.8
      vertex 70.8405 14.9516 1.8
      vertex 70.3029 15.6971 1.8
    endloop
  endfacet
  facet normal 0 0 1
    outer loop
      vertex 70.8405 14.9516 1.8
      vertex 70.1448 15.5225 1.8
      vertex 70.7528 14.8334 1.8
    endloop
  endfacet
  facet normal -0 0 1
    outer loop
      vertex 70.0045 15.3334 1.8
      vertex 70.7528 14.8334 1.8
      vertex 70.1448 15.5225 1.8
    endloop
  endfacet
  facet normal 0 0 1
    outer loop
      vertex 70.7528 14.8334 1.8
      vertex 70.0045 15.3334 1.8
      vertex 70.6771 14.7071 1.8
    endloop
  endfacet
  facet normal 0 0 1
    outer loop
      vertex 70.6771 14.7071 1.8
      vertex 69.8834 15.1314 1.8
      vertex 70.6142 14.574 1.8
    endloop
  endfacet
  facet normal -0 0 1
    outer loop
      vertex 69.8834 15.1314 1.8
      vertex 70.6771 14.7071 1.8
      vertex 70.0045 15.3334 1.8
    endloop
  endfacet
  facet normal -0 0 1
    outer loop
      vertex 73.3229 13.2929 1.8
      vertex 74.1166 12.8686 1.8
      vertex 73.3858 13.426 1.8
    endloop
  endfacet
  facet normal 0 0 1
    outer loop
      vertex 74.1166 12.8686 1.8
      vertex 73.3229 13.2929 1.8
      vertex 73.9955 12.6666 1.8
    endloop
  endfacet
  facet normal -0 0 1
    outer loop
      vertex 73.2472 13.1666 1.8
      vertex 73.9955 12.6666 1.8
      vertex 73.3229 13.2929 1.8
    endloop
  endfacet
  facet normal 0 0 1
    outer loop
      vertex 73.9955 12.6666 1.8
      vertex 73.2472 13.1666 1.8
      vertex 73.8552 12.4775 1.8
    endloop
  endfacet
  facet normal -0 0 1
    outer loop
      vertex 73.1595 13.0484 1.8
      vertex 73.8552 12.4775 1.8
      vertex 73.2472 13.1666 1.8
    endloop
  endfacet
  facet normal 0 0 1
    outer loop
      vertex 73.8552 12.4775 1.8
      vertex 73.1595 13.0484 1.8
      vertex 73.6971 12.3029 1.8
    endloop
  endfacet
  facet normal -0 0 1
    outer loop
      vertex 73.0607 12.9393 1.8
      vertex 73.6971 12.3029 1.8
      vertex 73.1595 13.0484 1.8
    endloop
  endfacet
  facet normal 0 0 1
    outer loop
      vertex 73.6971 12.3029 1.8
      vertex 73.0607 12.9393 1.8
      vertex 73.5225 12.1448 1.8
    endloop
  endfacet
  facet normal -0 0 1
    outer loop
      vertex 72.9516 12.8405 1.8
      vertex 73.5225 12.1448 1.8
      vertex 73.0607 12.9393 1.8
    endloop
  endfacet
  facet normal 0 0 1
    outer loop
      vertex 73.5225 12.1448 1.8
      vertex 72.9516 12.8405 1.8
      vertex 73.3334 12.0045 1.8
    endloop
  endfacet
  facet normal -0 0 1
    outer loop
      vertex 72.8334 12.7528 1.8
      vertex 73.3334 12.0045 1.8
      vertex 72.9516 12.8405 1.8
    endloop
  endfacet
  facet normal 0 0 1
    outer loop
      vertex 73.3334 12.0045 1.8
      vertex 72.8334 12.7528 1.8
      vertex 73.1313 11.8834 1.8
    endloop
  endfacet
  facet normal -0 0 1
    outer loop
      vertex 72.7071 12.6771 1.8
      vertex 73.1313 11.8834 1.8
      vertex 72.8334 12.7528 1.8
    endloop
  endfacet
  facet normal 0 0 1
    outer loop
      vertex 73.1313 11.8834 1.8
      vertex 72.7071 12.6771 1.8
      vertex 72.9184 11.7827 1.8
    endloop
  endfacet
  facet normal -0 0 1
    outer loop
      vertex 72.574 12.6142 1.8
      vertex 72.9184 11.7827 1.8
      vertex 72.7071 12.6771 1.8
    endloop
  endfacet
  facet normal 0 0 1
    outer loop
      vertex 72.9184 11.7827 1.8
      vertex 72.574 12.6142 1.8
      vertex 72.6967 11.7033 1.8
    endloop
  endfacet
  facet normal -0 0 1
    outer loop
      vertex 72.4354 12.5646 1.8
      vertex 72.6967 11.7033 1.8
      vertex 72.574 12.6142 1.8
    endloop
  endfacet
  facet normal 0 0 1
    outer loop
      vertex 72.6967 11.7033 1.8
      vertex 72.4354 12.5646 1.8
      vertex 72.4682 11.6461 1.8
    endloop
  endfacet
  facet normal -0 0 1
    outer loop
      vertex 72.2926 12.5288 1.8
      vertex 72.4682 11.6461 1.8
      vertex 72.4354 12.5646 1.8
    endloop
  endfacet
  facet normal 0 0 1
    outer loop
      vertex 72.2926 12.5288 1.8
      vertex 72.2352 11.6116 1.8
      vertex 72.4682 11.6461 1.8
    endloop
  endfacet
  facet normal -0 0 1
    outer loop
      vertex 72.147 12.5072 1.8
      vertex 72.2352 11.6116 1.8
      vertex 72.2926 12.5288 1.8
    endloop
  endfacet
  facet normal -0 0 1
    outer loop
      vertex 72 12.5 1.8
      vertex 72.2352 11.6116 1.8
      vertex 72.147 12.5072 1.8
    endloop
  endfacet
  facet normal 0 0 1
    outer loop
      vertex 72 12.5 1.8
      vertex 72 11.6 1.8
      vertex 72.2352 11.6116 1.8
    endloop
  endfacet
  facet normal 0 0 1
    outer loop
      vertex 71.853 12.5072 1.8
      vertex 72 11.6 1.8
      vertex 72 12.5 1.8
    endloop
  endfacet
  facet normal 0 0 1
    outer loop
      vertex 71.853 12.5072 1.8
      vertex 71.7648 11.6116 1.8
      vertex 72 11.6 1.8
    endloop
  endfacet
  facet normal 0 0 1
    outer loop
      vertex 71.7074 12.5288 1.8
      vertex 71.7648 11.6116 1.8
      vertex 71.853 12.5072 1.8
    endloop
  endfacet
  facet normal 0 0 1
    outer loop
      vertex 71.5318 11.6461 1.8
      vertex 71.7074 12.5288 1.8
      vertex 71.5646 12.5646 1.8
    endloop
  endfacet
  facet normal 0 0 1
    outer loop
      vertex 71.7074 12.5288 1.8
      vertex 71.5318 11.6461 1.8
      vertex 71.7648 11.6116 1.8
    endloop
  endfacet
  facet normal 0 0 1
    outer loop
      vertex 71.3033 11.7033 1.8
      vertex 71.5646 12.5646 1.8
      vertex 71.426 12.6142 1.8
    endloop
  endfacet
  facet normal 0 0 1
    outer loop
      vertex 71.5646 12.5646 1.8
      vertex 71.3033 11.7033 1.8
      vertex 71.5318 11.6461 1.8
    endloop
  endfacet
  facet normal 0 0 1
    outer loop
      vertex 71.0816 11.7827 1.8
      vertex 71.426 12.6142 1.8
      vertex 71.2929 12.6771 1.8
    endloop
  endfacet
  facet normal 0 0 1
    outer loop
      vertex 70.8686 11.8834 1.8
      vertex 71.2929 12.6771 1.8
      vertex 71.1666 12.7528 1.8
    endloop
  endfacet
  facet normal 0 0 1
    outer loop
      vertex 71.426 12.6142 1.8
      vertex 71.0816 11.7827 1.8
      vertex 71.3033 11.7033 1.8
    endloop
  endfacet
  facet normal 0 0 1
    outer loop
      vertex 70.6666 12.0045 1.8
      vertex 71.1666 12.7528 1.8
      vertex 71.0484 12.8405 1.8
    endloop
  endfacet
  facet normal 0 0 1
    outer loop
      vertex 70.4775 12.1448 1.8
      vertex 71.0484 12.8405 1.8
      vertex 70.9393 12.9393 1.8
    endloop
  endfacet
  facet normal 0 0 1
    outer loop
      vertex 71.2929 12.6771 1.8
      vertex 70.8686 11.8834 1.8
      vertex 71.0816 11.7827 1.8
    endloop
  endfacet
  facet normal 0 0 1
    outer loop
      vertex 70.3029 12.3029 1.8
      vertex 70.9393 12.9393 1.8
      vertex 70.8405 13.0484 1.8
    endloop
  endfacet
  facet normal 0 0 1
    outer loop
      vertex 70.1448 12.4775 1.8
      vertex 70.8405 13.0484 1.8
      vertex 70.7528 13.1666 1.8
    endloop
  endfacet
  facet normal 0 0 1
    outer loop
      vertex 70.0045 12.6666 1.8
      vertex 70.7528 13.1666 1.8
      vertex 70.6771 13.2929 1.8
    endloop
  endfacet
  facet normal 0 0 1
    outer loop
      vertex 71.1666 12.7528 1.8
      vertex 70.6666 12.0045 1.8
      vertex 70.8686 11.8834 1.8
    endloop
  endfacet
  facet normal 0 0 1
    outer loop
      vertex 69.8834 12.8686 1.8
      vertex 70.6771 13.2929 1.8
      vertex 70.6142 13.426 1.8
    endloop
  endfacet
  facet normal 0 0 1
    outer loop
      vertex 69.7827 13.0816 1.8
      vertex 70.6142 13.426 1.8
      vertex 70.5646 13.5646 1.8
    endloop
  endfacet
  facet normal 0 0 1
    outer loop
      vertex 69.7033 13.3033 1.8
      vertex 70.5646 13.5646 1.8
      vertex 70.5288 13.7074 1.8
    endloop
  endfacet
  facet normal 0 0 1
    outer loop
      vertex 69.6461 13.5318 1.8
      vertex 70.5288 13.7074 1.8
      vertex 70.5072 13.853 1.8
    endloop
  endfacet
  facet normal 0 0 1
    outer loop
      vertex 71.0484 12.8405 1.8
      vertex 70.4775 12.1448 1.8
      vertex 70.6666 12.0045 1.8
    endloop
  endfacet
  facet normal 0 0 1
    outer loop
      vertex 69.6116 13.7648 1.8
      vertex 70.5072 13.853 1.8
      vertex 70.5 14 1.8
    endloop
  endfacet
  facet normal -0 0 1
    outer loop
      vertex 69.7827 14.9184 1.8
      vertex 70.6142 14.574 1.8
      vertex 69.8834 15.1314 1.8
    endloop
  endfacet
  facet normal 0 0 1
    outer loop
      vertex 70.6142 14.574 1.8
      vertex 69.7827 14.9184 1.8
      vertex 70.5646 14.4354 1.8
    endloop
  endfacet
  facet normal 0 0 1
    outer loop
      vertex 70.9393 12.9393 1.8
      vertex 70.3029 12.3029 1.8
      vertex 70.4775 12.1448 1.8
    endloop
  endfacet
  facet normal -0 0 1
    outer loop
      vertex 69.7033 14.6967 1.8
      vertex 70.5646 14.4354 1.8
      vertex 69.7827 14.9184 1.8
    endloop
  endfacet
  facet normal 0 0 1
    outer loop
      vertex 70.8405 13.0484 1.8
      vertex 70.1448 12.4775 1.8
      vertex 70.3029 12.3029 1.8
    endloop
  endfacet
  facet normal 0 0 1
    outer loop
      vertex 70.5646 14.4354 1.8
      vertex 69.7033 14.6967 1.8
      vertex 70.5288 14.2926 1.8
    endloop
  endfacet
  facet normal 0 0 1
    outer loop
      vertex 70.7528 13.1666 1.8
      vertex 70.0045 12.6666 1.8
      vertex 70.1448 12.4775 1.8
    endloop
  endfacet
  facet normal -0 0 1
    outer loop
      vertex 69.6461 14.4682 1.8
      vertex 70.5288 14.2926 1.8
      vertex 69.7033 14.6967 1.8
    endloop
  endfacet
  facet normal 0 0 1
    outer loop
      vertex 70.6771 13.2929 1.8
      vertex 69.8834 12.8686 1.8
      vertex 70.0045 12.6666 1.8
    endloop
  endfacet
  facet normal 0 0 1
    outer loop
      vertex 70.5288 14.2926 1.8
      vertex 69.6461 14.4682 1.8
      vertex 70.5072 14.147 1.8
    endloop
  endfacet
  facet normal 0 0 1
    outer loop
      vertex 70.6142 13.426 1.8
      vertex 69.7827 13.0816 1.8
      vertex 69.8834 12.8686 1.8
    endloop
  endfacet
  facet normal -0 0 1
    outer loop
      vertex 69.6116 14.2352 1.8
      vertex 70.5072 14.147 1.8
      vertex 69.6461 14.4682 1.8
    endloop
  endfacet
  facet normal 0 0 1
    outer loop
      vertex 70.5646 13.5646 1.8
      vertex 69.7033 13.3033 1.8
      vertex 69.7827 13.0816 1.8
    endloop
  endfacet
  facet normal 0 0 1
    outer loop
      vertex 70.5072 14.147 1.8
      vertex 69.6116 14.2352 1.8
      vertex 70.5 14 1.8
    endloop
  endfacet
  facet normal 0 0 1
    outer loop
      vertex 70.5288 13.7074 1.8
      vertex 69.6461 13.5318 1.8
      vertex 69.7033 13.3033 1.8
    endloop
  endfacet
  facet normal 0 0 1
    outer loop
      vertex 69.6 14 1.8
      vertex 70.5 14 1.8
      vertex 69.6116 14.2352 1.8
    endloop
  endfacet
  facet normal 0 0 1
    outer loop
      vertex 70.5072 13.853 1.8
      vertex 69.6116 13.7648 1.8
      vertex 69.6461 13.5318 1.8
    endloop
  endfacet
  facet normal 0 0 1
    outer loop
      vertex 70.5 14 1.8
      vertex 69.6 14 1.8
      vertex 69.6116 13.7648 1.8
    endloop
  endfacet
  facet normal 0.941444 -0.33717 0
    outer loop
      vertex 69.7033 14.6967 6
      vertex 69.7827 14.9184 1.8
      vertex 69.7827 14.9184 6
    endloop
  endfacet
  facet normal 0.941444 -0.33717 0
    outer loop
      vertex 69.7827 14.9184 1.8
      vertex 69.7033 14.6967 6
      vertex 69.7033 14.6967 1.8
    endloop
  endfacet
  facet normal 0.998786 -0.0492599 0
    outer loop
      vertex 69.6 14 6
      vertex 69.6116 14.2352 1.8
      vertex 69.6116 14.2352 6
    endloop
  endfacet
  facet normal 0.998786 -0.0492599 0
    outer loop
      vertex 69.6116 14.2352 1.8
      vertex 69.6 14 6
      vertex 69.6 14 1.8
    endloop
  endfacet
  facet normal 0.595847 -0.803098 0
    outer loop
      vertex 70.4775 15.8552 1.8
      vertex 70.6666 15.9955 6
      vertex 70.4775 15.8552 6
    endloop
  endfacet
  facet normal 0.595847 -0.803098 0
    outer loop
      vertex 70.6666 15.9955 6
      vertex 70.4775 15.8552 1.8
      vertex 70.6666 15.9955 1.8
    endloop
  endfacet
  facet normal 0.33717 -0.941444 0
    outer loop
      vertex 71.0816 16.2173 1.8
      vertex 71.3033 16.2967 6
      vertex 71.0816 16.2173 6
    endloop
  endfacet
  facet normal 0.33717 -0.941444 0
    outer loop
      vertex 71.3033 16.2967 6
      vertex 71.0816 16.2173 1.8
      vertex 71.3033 16.2967 1.8
    endloop
  endfacet
  facet normal 0.146472 -0.989215 0
    outer loop
      vertex 71.5318 16.3539 1.8
      vertex 71.7648 16.3884 6
      vertex 71.5318 16.3539 6
    endloop
  endfacet
  facet normal 0.146472 -0.989215 0
    outer loop
      vertex 71.7648 16.3884 6
      vertex 71.5318 16.3539 1.8
      vertex 71.7648 16.3884 1.8
    endloop
  endfacet
  facet normal -0.998786 0.0492599 0
    outer loop
      vertex 74.3884 13.7648 1.8
      vertex 74.4 14 6
      vertex 74.4 14 1.8
    endloop
  endfacet
  facet normal -0.998786 0.0492599 0
    outer loop
      vertex 74.4 14 6
      vertex 74.3884 13.7648 1.8
      vertex 74.3884 13.7648 6
    endloop
  endfacet
  facet normal -0.146472 0.989215 0
    outer loop
      vertex 72.4682 11.6461 1.8
      vertex 72.2352 11.6116 6
      vertex 72.4682 11.6461 6
    endloop
  endfacet
  facet normal -0.146472 0.989215 0
    outer loop
      vertex 72.2352 11.6116 6
      vertex 72.4682 11.6461 1.8
      vertex 72.2352 11.6116 1.8
    endloop
  endfacet
  facet normal -0.513996 0.857792 0
    outer loop
      vertex 73.3334 12.0045 1.8
      vertex 73.1313 11.8834 6
      vertex 73.3334 12.0045 6
    endloop
  endfacet
  facet normal -0.513996 0.857792 0
    outer loop
      vertex 73.1313 11.8834 6
      vertex 73.3334 12.0045 1.8
      vertex 73.1313 11.8834 1.8
    endloop
  endfacet
  facet normal -0.671213 0.741264 0
    outer loop
      vertex 73.6971 12.3029 1.8
      vertex 73.5225 12.1448 6
      vertex 73.6971 12.3029 6
    endloop
  endfacet
  facet normal -0.671213 0.741264 0
    outer loop
      vertex 73.5225 12.1448 6
      vertex 73.6971 12.3029 1.8
      vertex 73.5225 12.1448 1.8
    endloop
  endfacet
  facet normal -0.595847 0.803098 0
    outer loop
      vertex 73.5225 12.1448 1.8
      vertex 73.3334 12.0045 6
      vertex 73.5225 12.1448 6
    endloop
  endfacet
  facet normal -0.595847 0.803098 0
    outer loop
      vertex 73.3334 12.0045 6
      vertex 73.5225 12.1448 1.8
      vertex 73.3334 12.0045 1.8
    endloop
  endfacet
  facet normal -0.803098 0.595847 0
    outer loop
      vertex 73.8552 12.4775 1.8
      vertex 73.9955 12.6666 6
      vertex 73.9955 12.6666 1.8
    endloop
  endfacet
  facet normal -0.803098 0.595847 0
    outer loop
      vertex 73.9955 12.6666 6
      vertex 73.8552 12.4775 1.8
      vertex 73.8552 12.4775 6
    endloop
  endfacet
  facet normal -0.85768 0.514184 0
    outer loop
      vertex 73.9955 12.6666 1.8
      vertex 74.1166 12.8686 6
      vertex 74.1166 12.8686 1.8
    endloop
  endfacet
  facet normal -0.85768 0.514184 0
    outer loop
      vertex 74.1166 12.8686 6
      vertex 73.9955 12.6666 1.8
      vertex 73.9955 12.6666 6
    endloop
  endfacet
  facet normal 0.595847 0.803098 -0
    outer loop
      vertex 70.6666 12.0045 1.8
      vertex 70.4775 12.1448 6
      vertex 70.6666 12.0045 6
    endloop
  endfacet
  facet normal 0.595847 0.803098 0
    outer loop
      vertex 70.4775 12.1448 6
      vertex 70.6666 12.0045 1.8
      vertex 70.4775 12.1448 1.8
    endloop
  endfacet
  facet normal 0.514184 0.85768 -0
    outer loop
      vertex 70.8686 11.8834 1.8
      vertex 70.6666 12.0045 6
      vertex 70.8686 11.8834 6
    endloop
  endfacet
  facet normal 0.514184 0.85768 0
    outer loop
      vertex 70.6666 12.0045 6
      vertex 70.8686 11.8834 1.8
      vertex 70.6666 12.0045 1.8
    endloop
  endfacet
  facet normal 0.427411 0.904057 -0
    outer loop
      vertex 71.0816 11.7827 1.8
      vertex 70.8686 11.8834 6
      vertex 71.0816 11.7827 6
    endloop
  endfacet
  facet normal 0.427411 0.904057 0
    outer loop
      vertex 70.8686 11.8834 6
      vertex 71.0816 11.7827 1.8
      vertex 70.8686 11.8834 1.8
    endloop
  endfacet
  facet normal 0.0492599 0.998786 -0
    outer loop
      vertex 72 11.6 1.8
      vertex 71.7648 11.6116 6
      vertex 72 11.6 6
    endloop
  endfacet
  facet normal 0.0492599 0.998786 0
    outer loop
      vertex 71.7648 11.6116 6
      vertex 72 11.6 1.8
      vertex 71.7648 11.6116 1.8
    endloop
  endfacet
  facet normal 0.85768 0.514184 0
    outer loop
      vertex 70.0045 12.6666 6
      vertex 69.8834 12.8686 1.8
      vertex 69.8834 12.8686 6
    endloop
  endfacet
  facet normal 0.85768 0.514184 0
    outer loop
      vertex 69.8834 12.8686 1.8
      vertex 70.0045 12.6666 6
      vertex 70.0045 12.6666 1.8
    endloop
  endfacet
  facet normal 0.904057 0.427411 0
    outer loop
      vertex 69.8834 12.8686 6
      vertex 69.7827 13.0816 1.8
      vertex 69.7827 13.0816 6
    endloop
  endfacet
  facet normal 0.904057 0.427411 0
    outer loop
      vertex 69.7827 13.0816 1.8
      vertex 69.8834 12.8686 6
      vertex 69.8834 12.8686 1.8
    endloop
  endfacet
  facet normal 0.989215 0.146472 0
    outer loop
      vertex 69.6461 13.5318 6
      vertex 69.6116 13.7648 1.8
      vertex 69.6116 13.7648 6
    endloop
  endfacet
  facet normal 0.989215 0.146472 0
    outer loop
      vertex 69.6116 13.7648 1.8
      vertex 69.6461 13.5318 6
      vertex 69.6461 13.5318 1.8
    endloop
  endfacet
  facet normal -0.741264 -0.671213 0
    outer loop
      vertex 73.8552 15.5225 1.8
      vertex 73.6971 15.6971 6
      vertex 73.6971 15.6971 1.8
    endloop
  endfacet
  facet normal -0.741264 -0.671213 0
    outer loop
      vertex 73.6971 15.6971 6
      vertex 73.8552 15.5225 1.8
      vertex 73.8552 15.5225 6
    endloop
  endfacet
  facet normal -0.242835 -0.970068 0
    outer loop
      vertex 72.4682 16.3539 1.8
      vertex 72.6967 16.2967 6
      vertex 72.4682 16.3539 6
    endloop
  endfacet
  facet normal -0.242835 -0.970068 -0
    outer loop
      vertex 72.6967 16.2967 6
      vertex 72.4682 16.3539 1.8
      vertex 72.6967 16.2967 1.8
    endloop
  endfacet
  facet normal -0.427575 -0.90398 0
    outer loop
      vertex 72.9184 16.2173 1.8
      vertex 73.1313 16.1166 6
      vertex 72.9184 16.2173 6
    endloop
  endfacet
  facet normal -0.427575 -0.90398 -0
    outer loop
      vertex 73.1313 16.1166 6
      vertex 72.9184 16.2173 1.8
      vertex 73.1313 16.1166 1.8
    endloop
  endfacet
  facet normal 0.803098 -0.595847 0
    outer loop
      vertex 70.0045 15.3334 6
      vertex 70.1448 15.5225 1.8
      vertex 70.1448 15.5225 6
    endloop
  endfacet
  facet normal 0.803098 -0.595847 0
    outer loop
      vertex 70.1448 15.5225 1.8
      vertex 70.0045 15.3334 6
      vertex 70.0045 15.3334 1.8
    endloop
  endfacet
  facet normal 0.970068 -0.242835 0
    outer loop
      vertex 69.6461 14.4682 6
      vertex 69.7033 14.6967 1.8
      vertex 69.7033 14.6967 6
    endloop
  endfacet
  facet normal 0.970068 -0.242835 0
    outer loop
      vertex 69.7033 14.6967 1.8
      vertex 69.6461 14.4682 6
      vertex 69.6461 14.4682 1.8
    endloop
  endfacet
  facet normal 0.998786 0.0492599 0
    outer loop
      vertex 69.6116 13.7648 6
      vertex 69.6 14 1.8
      vertex 69.6 14 6
    endloop
  endfacet
  facet normal 0.998786 0.0492599 0
    outer loop
      vertex 69.6 14 1.8
      vertex 69.6116 13.7648 6
      vertex 69.6116 13.7648 1.8
    endloop
  endfacet
  facet normal 0.671213 -0.741264 0
    outer loop
      vertex 70.3029 15.6971 1.8
      vertex 70.4775 15.8552 6
      vertex 70.3029 15.6971 6
    endloop
  endfacet
  facet normal 0.671213 -0.741264 0
    outer loop
      vertex 70.4775 15.8552 6
      vertex 70.3029 15.6971 1.8
      vertex 70.4775 15.8552 1.8
    endloop
  endfacet
  facet normal 0.514184 -0.85768 0
    outer loop
      vertex 70.6666 15.9955 1.8
      vertex 70.8686 16.1166 6
      vertex 70.6666 15.9955 6
    endloop
  endfacet
  facet normal 0.514184 -0.85768 0
    outer loop
      vertex 70.8686 16.1166 6
      vertex 70.6666 15.9955 1.8
      vertex 70.8686 16.1166 1.8
    endloop
  endfacet
  facet normal -0.242835 0.970068 0
    outer loop
      vertex 72.6967 11.7033 1.8
      vertex 72.4682 11.6461 6
      vertex 72.6967 11.7033 6
    endloop
  endfacet
  facet normal -0.242835 0.970068 0
    outer loop
      vertex 72.4682 11.6461 6
      vertex 72.6967 11.7033 1.8
      vertex 72.4682 11.6461 1.8
    endloop
  endfacet
  facet normal -0.427575 0.90398 0
    outer loop
      vertex 73.1313 11.8834 1.8
      vertex 72.9184 11.7827 6
      vertex 73.1313 11.8834 6
    endloop
  endfacet
  facet normal -0.427575 0.90398 0
    outer loop
      vertex 72.9184 11.7827 6
      vertex 73.1313 11.8834 1.8
      vertex 72.9184 11.7827 1.8
    endloop
  endfacet
  facet normal -0.941444 0.33717 0
    outer loop
      vertex 74.2173 13.0816 1.8
      vertex 74.2967 13.3033 6
      vertex 74.2967 13.3033 1.8
    endloop
  endfacet
  facet normal -0.941444 0.33717 0
    outer loop
      vertex 74.2967 13.3033 6
      vertex 74.2173 13.0816 1.8
      vertex 74.2173 13.0816 6
    endloop
  endfacet
  facet normal -0.989215 0.146472 0
    outer loop
      vertex 74.3539 13.5318 1.8
      vertex 74.3884 13.7648 6
      vertex 74.3884 13.7648 1.8
    endloop
  endfacet
  facet normal -0.989215 0.146472 0
    outer loop
      vertex 74.3884 13.7648 6
      vertex 74.3539 13.5318 1.8
      vertex 74.3539 13.5318 6
    endloop
  endfacet
  facet normal 0.33717 0.941444 -0
    outer loop
      vertex 71.3033 11.7033 1.8
      vertex 71.0816 11.7827 6
      vertex 71.3033 11.7033 6
    endloop
  endfacet
  facet normal 0.33717 0.941444 0
    outer loop
      vertex 71.0816 11.7827 6
      vertex 71.3033 11.7033 1.8
      vertex 71.0816 11.7827 1.8
    endloop
  endfacet
  facet normal 0.146472 0.989215 -0
    outer loop
      vertex 71.7648 11.6116 1.8
      vertex 71.5318 11.6461 6
      vertex 71.7648 11.6116 6
    endloop
  endfacet
  facet normal 0.146472 0.989215 0
    outer loop
      vertex 71.5318 11.6461 6
      vertex 71.7648 11.6116 1.8
      vertex 71.5318 11.6461 1.8
    endloop
  endfacet
  facet normal -0.0492599 0.998786 0
    outer loop
      vertex 72.2352 11.6116 1.8
      vertex 72 11.6 6
      vertex 72.2352 11.6116 6
    endloop
  endfacet
  facet normal -0.0492599 0.998786 0
    outer loop
      vertex 72 11.6 6
      vertex 72.2352 11.6116 1.8
      vertex 72 11.6 1.8
    endloop
  endfacet
  facet normal 0.803098 0.595847 0
    outer loop
      vertex 70.1448 12.4775 6
      vertex 70.0045 12.6666 1.8
      vertex 70.0045 12.6666 6
    endloop
  endfacet
  facet normal 0.803098 0.595847 0
    outer loop
      vertex 70.0045 12.6666 1.8
      vertex 70.1448 12.4775 6
      vertex 70.1448 12.4775 1.8
    endloop
  endfacet
  facet normal 0.970068 0.242835 0
    outer loop
      vertex 69.7033 13.3033 6
      vertex 69.6461 13.5318 1.8
      vertex 69.6461 13.5318 6
    endloop
  endfacet
  facet normal 0.970068 0.242835 0
    outer loop
      vertex 69.6461 13.5318 1.8
      vertex 69.7033 13.3033 6
      vertex 69.7033 13.3033 1.8
    endloop
  endfacet
  facet normal -0.998803 -0.0489209 0
    outer loop
      vertex 73.5 14 0
      vertex 73.4928 14.147 1.8
      vertex 73.4928 14.147 0
    endloop
  endfacet
  facet normal -0.998803 -0.0489209 0
    outer loop
      vertex 73.4928 14.147 1.8
      vertex 73.5 14 0
      vertex 73.5 14 1.8
    endloop
  endfacet
  facet normal 0.0489209 -0.998803 0
    outer loop
      vertex 71.853 15.4928 0
      vertex 72 15.5 1.8
      vertex 71.853 15.4928 1.8
    endloop
  endfacet
  facet normal 0.0489209 -0.998803 0
    outer loop
      vertex 72 15.5 1.8
      vertex 71.853 15.4928 0
      vertex 72 15.5 0
    endloop
  endfacet
  facet normal -0.671251 -0.74123 0
    outer loop
      vertex 72.9516 15.1595 0
      vertex 73.0607 15.0607 1.8
      vertex 72.9516 15.1595 1.8
    endloop
  endfacet
  facet normal -0.671251 -0.74123 -0
    outer loop
      vertex 73.0607 15.0607 1.8
      vertex 72.9516 15.1595 0
      vertex 73.0607 15.0607 0
    endloop
  endfacet
  facet normal 0.74123 -0.671251 0
    outer loop
      vertex 70.8405 14.9516 1.8
      vertex 70.9393 15.0607 0
      vertex 70.9393 15.0607 1.8
    endloop
  endfacet
  facet normal 0.74123 -0.671251 0
    outer loop
      vertex 70.9393 15.0607 0
      vertex 70.8405 14.9516 1.8
      vertex 70.8405 14.9516 0
    endloop
  endfacet
  facet normal 0.427269 -0.904125 0
    outer loop
      vertex 71.2929 15.3229 0
      vertex 71.426 15.3858 1.8
      vertex 71.2929 15.3229 1.8
    endloop
  endfacet
  facet normal 0.427269 -0.904125 0
    outer loop
      vertex 71.426 15.3858 1.8
      vertex 71.2929 15.3229 0
      vertex 71.426 15.3858 0
    endloop
  endfacet
  facet normal -0.904125 -0.427269 0
    outer loop
      vertex 73.3858 14.574 0
      vertex 73.3229 14.7071 1.8
      vertex 73.3229 14.7071 0
    endloop
  endfacet
  facet normal -0.904125 -0.427269 0
    outer loop
      vertex 73.3229 14.7071 1.8
      vertex 73.3858 14.574 0
      vertex 73.3858 14.574 1.8
    endloop
  endfacet
  facet normal -0.336939 -0.941527 0
    outer loop
      vertex 72.4354 15.4354 0
      vertex 72.574 15.3858 1.8
      vertex 72.4354 15.4354 1.8
    endloop
  endfacet
  facet normal -0.336939 -0.941527 -0
    outer loop
      vertex 72.574 15.3858 1.8
      vertex 72.4354 15.4354 0
      vertex 72.574 15.3858 0
    endloop
  endfacet
  facet normal -0.514096 -0.857733 0
    outer loop
      vertex 72.7071 15.3229 0
      vertex 72.8334 15.2472 1.8
      vertex 72.7071 15.3229 1.8
    endloop
  endfacet
  facet normal -0.514096 -0.857733 -0
    outer loop
      vertex 72.8334 15.2472 1.8
      vertex 72.7071 15.3229 0
      vertex 72.8334 15.2472 0
    endloop
  endfacet
  facet normal 0.941527 -0.336939 0
    outer loop
      vertex 70.5646 14.4354 1.8
      vertex 70.6142 14.574 0
      vertex 70.6142 14.574 1.8
    endloop
  endfacet
  facet normal 0.941527 -0.336939 0
    outer loop
      vertex 70.6142 14.574 0
      vertex 70.5646 14.4354 1.8
      vertex 70.5646 14.4354 0
    endloop
  endfacet
  facet normal 0.243175 -0.969982 0
    outer loop
      vertex 71.5646 15.4354 0
      vertex 71.7074 15.4712 1.8
      vertex 71.5646 15.4354 1.8
    endloop
  endfacet
  facet normal 0.243175 -0.969982 0
    outer loop
      vertex 71.7074 15.4712 1.8
      vertex 71.5646 15.4354 0
      vertex 71.7074 15.4712 0
    endloop
  endfacet
  facet normal -0.969982 0.243175 0
    outer loop
      vertex 73.4354 13.5646 0
      vertex 73.4712 13.7074 1.8
      vertex 73.4712 13.7074 0
    endloop
  endfacet
  facet normal -0.969982 0.243175 0
    outer loop
      vertex 73.4712 13.7074 1.8
      vertex 73.4354 13.5646 0
      vertex 73.4354 13.5646 1.8
    endloop
  endfacet
  facet normal -0.969982 -0.243175 0
    outer loop
      vertex 73.4712 14.2926 0
      vertex 73.4354 14.4354 1.8
      vertex 73.4354 14.4354 0
    endloop
  endfacet
  facet normal -0.969982 -0.243175 0
    outer loop
      vertex 73.4354 14.4354 1.8
      vertex 73.4712 14.2926 0
      vertex 73.4712 14.2926 1.8
    endloop
  endfacet
  facet normal -0.989174 -0.146746 0
    outer loop
      vertex 73.4928 14.147 0
      vertex 73.4712 14.2926 1.8
      vertex 73.4712 14.2926 0
    endloop
  endfacet
  facet normal -0.989174 -0.146746 0
    outer loop
      vertex 73.4712 14.2926 1.8
      vertex 73.4928 14.147 0
      vertex 73.4928 14.147 1.8
    endloop
  endfacet
  facet normal -0.941527 -0.336939 0
    outer loop
      vertex 73.4354 14.4354 0
      vertex 73.3858 14.574 1.8
      vertex 73.3858 14.574 0
    endloop
  endfacet
  facet normal -0.941527 -0.336939 0
    outer loop
      vertex 73.3858 14.574 1.8
      vertex 73.4354 14.4354 0
      vertex 73.4354 14.4354 1.8
    endloop
  endfacet
  facet normal -0.803088 -0.595861 0
    outer loop
      vertex 73.2472 14.8334 0
      vertex 73.1595 14.9516 1.8
      vertex 73.1595 14.9516 0
    endloop
  endfacet
  facet normal -0.803088 -0.595861 0
    outer loop
      vertex 73.1595 14.9516 1.8
      vertex 73.2472 14.8334 0
      vertex 73.2472 14.8334 1.8
    endloop
  endfacet
  facet normal -0.74123 -0.671251 0
    outer loop
      vertex 73.1595 14.9516 0
      vertex 73.0607 15.0607 1.8
      vertex 73.0607 15.0607 0
    endloop
  endfacet
  facet normal -0.74123 -0.671251 0
    outer loop
      vertex 73.0607 15.0607 1.8
      vertex 73.1595 14.9516 0
      vertex 73.1595 14.9516 1.8
    endloop
  endfacet
  facet normal -0.857733 -0.514096 0
    outer loop
      vertex 73.3229 14.7071 0
      vertex 73.2472 14.8334 1.8
      vertex 73.2472 14.8334 0
    endloop
  endfacet
  facet normal -0.857733 -0.514096 0
    outer loop
      vertex 73.2472 14.8334 1.8
      vertex 73.3229 14.7071 0
      vertex 73.3229 14.7071 1.8
    endloop
  endfacet
  facet normal -0.146746 -0.989174 0
    outer loop
      vertex 72.147 15.4928 0
      vertex 72.2926 15.4712 1.8
      vertex 72.147 15.4928 1.8
    endloop
  endfacet
  facet normal -0.146746 -0.989174 -0
    outer loop
      vertex 72.2926 15.4712 1.8
      vertex 72.147 15.4928 0
      vertex 72.2926 15.4712 0
    endloop
  endfacet
  facet normal -0.243175 -0.969982 0
    outer loop
      vertex 72.2926 15.4712 0
      vertex 72.4354 15.4354 1.8
      vertex 72.2926 15.4712 1.8
    endloop
  endfacet
  facet normal -0.243175 -0.969982 -0
    outer loop
      vertex 72.4354 15.4354 1.8
      vertex 72.2926 15.4712 0
      vertex 72.4354 15.4354 0
    endloop
  endfacet
  facet normal -0.0489209 -0.998803 0
    outer loop
      vertex 72 15.5 0
      vertex 72.147 15.4928 1.8
      vertex 72 15.5 1.8
    endloop
  endfacet
  facet normal -0.0489209 -0.998803 -0
    outer loop
      vertex 72.147 15.4928 1.8
      vertex 72 15.5 0
      vertex 72.147 15.4928 0
    endloop
  endfacet
  facet normal -0.427269 -0.904125 0
    outer loop
      vertex 72.574 15.3858 0
      vertex 72.7071 15.3229 1.8
      vertex 72.574 15.3858 1.8
    endloop
  endfacet
  facet normal -0.427269 -0.904125 -0
    outer loop
      vertex 72.7071 15.3229 1.8
      vertex 72.574 15.3858 0
      vertex 72.7071 15.3229 0
    endloop
  endfacet
  facet normal -0.595861 -0.803088 0
    outer loop
      vertex 72.8334 15.2472 0
      vertex 72.9516 15.1595 1.8
      vertex 72.8334 15.2472 1.8
    endloop
  endfacet
  facet normal -0.595861 -0.803088 -0
    outer loop
      vertex 72.9516 15.1595 1.8
      vertex 72.8334 15.2472 0
      vertex 72.9516 15.1595 0
    endloop
  endfacet
  facet normal 0.989174 -0.146746 0
    outer loop
      vertex 70.5072 14.147 1.8
      vertex 70.5288 14.2926 0
      vertex 70.5288 14.2926 1.8
    endloop
  endfacet
  facet normal 0.989174 -0.146746 0
    outer loop
      vertex 70.5288 14.2926 0
      vertex 70.5072 14.147 1.8
      vertex 70.5072 14.147 0
    endloop
  endfacet
  facet normal 0.857733 -0.514096 0
    outer loop
      vertex 70.6771 14.7071 1.8
      vertex 70.7528 14.8334 0
      vertex 70.7528 14.8334 1.8
    endloop
  endfacet
  facet normal 0.857733 -0.514096 0
    outer loop
      vertex 70.7528 14.8334 0
      vertex 70.6771 14.7071 1.8
      vertex 70.6771 14.7071 0
    endloop
  endfacet
  facet normal 0.803088 -0.595861 0
    outer loop
      vertex 70.7528 14.8334 1.8
      vertex 70.8405 14.9516 0
      vertex 70.8405 14.9516 1.8
    endloop
  endfacet
  facet normal 0.803088 -0.595861 0
    outer loop
      vertex 70.8405 14.9516 0
      vertex 70.7528 14.8334 1.8
      vertex 70.7528 14.8334 0
    endloop
  endfacet
  facet normal 0.904125 -0.427269 0
    outer loop
      vertex 70.6142 14.574 1.8
      vertex 70.6771 14.7071 0
      vertex 70.6771 14.7071 1.8
    endloop
  endfacet
  facet normal 0.904125 -0.427269 0
    outer loop
      vertex 70.6771 14.7071 0
      vertex 70.6142 14.574 1.8
      vertex 70.6142 14.574 0
    endloop
  endfacet
  facet normal 0.969982 -0.243175 0
    outer loop
      vertex 70.5288 14.2926 1.8
      vertex 70.5646 14.4354 0
      vertex 70.5646 14.4354 1.8
    endloop
  endfacet
  facet normal 0.969982 -0.243175 0
    outer loop
      vertex 70.5646 14.4354 0
      vertex 70.5288 14.2926 1.8
      vertex 70.5288 14.2926 0
    endloop
  endfacet
  facet normal 0.998803 -0.0489209 0
    outer loop
      vertex 70.5 14 1.8
      vertex 70.5072 14.147 0
      vertex 70.5072 14.147 1.8
    endloop
  endfacet
  facet normal 0.998803 -0.0489209 0
    outer loop
      vertex 70.5072 14.147 0
      vertex 70.5 14 1.8
      vertex 70.5 14 0
    endloop
  endfacet
  facet normal 0.595861 -0.803088 0
    outer loop
      vertex 71.0484 15.1595 0
      vertex 71.1666 15.2472 1.8
      vertex 71.0484 15.1595 1.8
    endloop
  endfacet
  facet normal 0.595861 -0.803088 0
    outer loop
      vertex 71.1666 15.2472 1.8
      vertex 71.0484 15.1595 0
      vertex 71.1666 15.2472 0
    endloop
  endfacet
  facet normal 0.514096 -0.857733 0
    outer loop
      vertex 71.1666 15.2472 0
      vertex 71.2929 15.3229 1.8
      vertex 71.1666 15.2472 1.8
    endloop
  endfacet
  facet normal 0.514096 -0.857733 0
    outer loop
      vertex 71.2929 15.3229 1.8
      vertex 71.1666 15.2472 0
      vertex 71.2929 15.3229 0
    endloop
  endfacet
  facet normal 0.671251 -0.74123 0
    outer loop
      vertex 70.9393 15.0607 0
      vertex 71.0484 15.1595 1.8
      vertex 70.9393 15.0607 1.8
    endloop
  endfacet
  facet normal 0.671251 -0.74123 0
    outer loop
      vertex 71.0484 15.1595 1.8
      vertex 70.9393 15.0607 0
      vertex 71.0484 15.1595 0
    endloop
  endfacet
  facet normal 0.336939 -0.941527 0
    outer loop
      vertex 71.426 15.3858 0
      vertex 71.5646 15.4354 1.8
      vertex 71.426 15.3858 1.8
    endloop
  endfacet
  facet normal 0.336939 -0.941527 0
    outer loop
      vertex 71.5646 15.4354 1.8
      vertex 71.426 15.3858 0
      vertex 71.5646 15.4354 0
    endloop
  endfacet
  facet normal 0.146746 -0.989174 0
    outer loop
      vertex 71.7074 15.4712 0
      vertex 71.853 15.4928 1.8
      vertex 71.7074 15.4712 1.8
    endloop
  endfacet
  facet normal 0.146746 -0.989174 0
    outer loop
      vertex 71.853 15.4928 1.8
      vertex 71.7074 15.4712 0
      vertex 71.853 15.4928 0
    endloop
  endfacet
  facet normal -0.146746 0.989174 0
    outer loop
      vertex 72.2926 12.5288 0
      vertex 72.147 12.5072 1.8
      vertex 72.2926 12.5288 1.8
    endloop
  endfacet
  facet normal -0.146746 0.989174 0
    outer loop
      vertex 72.147 12.5072 1.8
      vertex 72.2926 12.5288 0
      vertex 72.147 12.5072 0
    endloop
  endfacet
  facet normal -0.336939 0.941527 0
    outer loop
      vertex 72.574 12.6142 0
      vertex 72.4354 12.5646 1.8
      vertex 72.574 12.6142 1.8
    endloop
  endfacet
  facet normal -0.336939 0.941527 0
    outer loop
      vertex 72.4354 12.5646 1.8
      vertex 72.574 12.6142 0
      vertex 72.4354 12.5646 0
    endloop
  endfacet
  facet normal -0.671251 0.74123 0
    outer loop
      vertex 73.0607 12.9393 0
      vertex 72.9516 12.8405 1.8
      vertex 73.0607 12.9393 1.8
    endloop
  endfacet
  facet normal -0.671251 0.74123 0
    outer loop
      vertex 72.9516 12.8405 1.8
      vertex 73.0607 12.9393 0
      vertex 72.9516 12.8405 0
    endloop
  endfacet
  facet normal -0.514096 0.857733 0
    outer loop
      vertex 72.8334 12.7528 0
      vertex 72.7071 12.6771 1.8
      vertex 72.8334 12.7528 1.8
    endloop
  endfacet
  facet normal -0.514096 0.857733 0
    outer loop
      vertex 72.7071 12.6771 1.8
      vertex 72.8334 12.7528 0
      vertex 72.7071 12.6771 0
    endloop
  endfacet
  facet normal -0.803088 0.595861 0
    outer loop
      vertex 73.1595 13.0484 0
      vertex 73.2472 13.1666 1.8
      vertex 73.2472 13.1666 0
    endloop
  endfacet
  facet normal -0.803088 0.595861 0
    outer loop
      vertex 73.2472 13.1666 1.8
      vertex 73.1595 13.0484 0
      vertex 73.1595 13.0484 1.8
    endloop
  endfacet
  facet normal -0.904125 0.427269 0
    outer loop
      vertex 73.3229 13.2929 0
      vertex 73.3858 13.426 1.8
      vertex 73.3858 13.426 0
    endloop
  endfacet
  facet normal -0.904125 0.427269 0
    outer loop
      vertex 73.3858 13.426 1.8
      vertex 73.3229 13.2929 0
      vertex 73.3229 13.2929 1.8
    endloop
  endfacet
  facet normal 0.595861 0.803088 -0
    outer loop
      vertex 71.1666 12.7528 0
      vertex 71.0484 12.8405 1.8
      vertex 71.1666 12.7528 1.8
    endloop
  endfacet
  facet normal 0.595861 0.803088 0
    outer loop
      vertex 71.0484 12.8405 1.8
      vertex 71.1666 12.7528 0
      vertex 71.0484 12.8405 0
    endloop
  endfacet
  facet normal 0.427269 0.904125 -0
    outer loop
      vertex 71.426 12.6142 0
      vertex 71.2929 12.6771 1.8
      vertex 71.426 12.6142 1.8
    endloop
  endfacet
  facet normal 0.427269 0.904125 0
    outer loop
      vertex 71.2929 12.6771 1.8
      vertex 71.426 12.6142 0
      vertex 71.2929 12.6771 0
    endloop
  endfacet
  facet normal 0.243175 0.969982 -0
    outer loop
      vertex 71.7074 12.5288 0
      vertex 71.5646 12.5646 1.8
      vertex 71.7074 12.5288 1.8
    endloop
  endfacet
  facet normal 0.243175 0.969982 0
    outer loop
      vertex 71.5646 12.5646 1.8
      vertex 71.7074 12.5288 0
      vertex 71.5646 12.5646 0
    endloop
  endfacet
  facet normal 0.0489209 0.998803 -0
    outer loop
      vertex 72 12.5 0
      vertex 71.853 12.5072 1.8
      vertex 72 12.5 1.8
    endloop
  endfacet
  facet normal 0.0489209 0.998803 0
    outer loop
      vertex 71.853 12.5072 1.8
      vertex 72 12.5 0
      vertex 71.853 12.5072 0
    endloop
  endfacet
  facet normal 0.803088 0.595861 0
    outer loop
      vertex 70.8405 13.0484 1.8
      vertex 70.7528 13.1666 0
      vertex 70.7528 13.1666 1.8
    endloop
  endfacet
  facet normal 0.803088 0.595861 0
    outer loop
      vertex 70.7528 13.1666 0
      vertex 70.8405 13.0484 1.8
      vertex 70.8405 13.0484 0
    endloop
  endfacet
  facet normal 0.857733 0.514096 0
    outer loop
      vertex 70.7528 13.1666 1.8
      vertex 70.6771 13.2929 0
      vertex 70.6771 13.2929 1.8
    endloop
  endfacet
  facet normal 0.857733 0.514096 0
    outer loop
      vertex 70.6771 13.2929 0
      vertex 70.7528 13.1666 1.8
      vertex 70.7528 13.1666 0
    endloop
  endfacet
  facet normal 0.74123 0.671251 0
    outer loop
      vertex 70.9393 12.9393 1.8
      vertex 70.8405 13.0484 0
      vertex 70.8405 13.0484 1.8
    endloop
  endfacet
  facet normal 0.74123 0.671251 0
    outer loop
      vertex 70.8405 13.0484 0
      vertex 70.9393 12.9393 1.8
      vertex 70.9393 12.9393 0
    endloop
  endfacet
  facet normal 0.941527 0.336939 0
    outer loop
      vertex 70.6142 13.426 1.8
      vertex 70.5646 13.5646 0
      vertex 70.5646 13.5646 1.8
    endloop
  endfacet
  facet normal 0.941527 0.336939 0
    outer loop
      vertex 70.5646 13.5646 0
      vertex 70.6142 13.426 1.8
      vertex 70.6142 13.426 0
    endloop
  endfacet
  facet normal 0.904125 0.427269 0
    outer loop
      vertex 70.6771 13.2929 1.8
      vertex 70.6142 13.426 0
      vertex 70.6142 13.426 1.8
    endloop
  endfacet
  facet normal 0.904125 0.427269 0
    outer loop
      vertex 70.6142 13.426 0
      vertex 70.6771 13.2929 1.8
      vertex 70.6771 13.2929 0
    endloop
  endfacet
  facet normal 0.989174 0.146746 0
    outer loop
      vertex 70.5288 13.7074 1.8
      vertex 70.5072 13.853 0
      vertex 70.5072 13.853 1.8
    endloop
  endfacet
  facet normal 0.989174 0.146746 0
    outer loop
      vertex 70.5072 13.853 0
      vertex 70.5288 13.7074 1.8
      vertex 70.5288 13.7074 0
    endloop
  endfacet
  facet normal 0.998803 0.0489209 0
    outer loop
      vertex 70.5072 13.853 1.8
      vertex 70.5 14 0
      vertex 70.5 14 1.8
    endloop
  endfacet
  facet normal 0.998803 0.0489209 0
    outer loop
      vertex 70.5 14 0
      vertex 70.5072 13.853 1.8
      vertex 70.5072 13.853 0
    endloop
  endfacet
  facet normal -0.243175 0.969982 0
    outer loop
      vertex 72.4354 12.5646 0
      vertex 72.2926 12.5288 1.8
      vertex 72.4354 12.5646 1.8
    endloop
  endfacet
  facet normal -0.243175 0.969982 0
    outer loop
      vertex 72.2926 12.5288 1.8
      vertex 72.4354 12.5646 0
      vertex 72.2926 12.5288 0
    endloop
  endfacet
  facet normal -0.427269 0.904125 0
    outer loop
      vertex 72.7071 12.6771 0
      vertex 72.574 12.6142 1.8
      vertex 72.7071 12.6771 1.8
    endloop
  endfacet
  facet normal -0.427269 0.904125 0
    outer loop
      vertex 72.574 12.6142 1.8
      vertex 72.7071 12.6771 0
      vertex 72.574 12.6142 0
    endloop
  endfacet
  facet normal -0.74123 0.671251 0
    outer loop
      vertex 73.0607 12.9393 0
      vertex 73.1595 13.0484 1.8
      vertex 73.1595 13.0484 0
    endloop
  endfacet
  facet normal -0.74123 0.671251 0
    outer loop
      vertex 73.1595 13.0484 1.8
      vertex 73.0607 12.9393 0
      vertex 73.0607 12.9393 1.8
    endloop
  endfacet
  facet normal -0.595861 0.803088 0
    outer loop
      vertex 72.9516 12.8405 0
      vertex 72.8334 12.7528 1.8
      vertex 72.9516 12.8405 1.8
    endloop
  endfacet
  facet normal -0.595861 0.803088 0
    outer loop
      vertex 72.8334 12.7528 1.8
      vertex 72.9516 12.8405 0
      vertex 72.8334 12.7528 0
    endloop
  endfacet
  facet normal -0.857733 0.514096 0
    outer loop
      vertex 73.2472 13.1666 0
      vertex 73.3229 13.2929 1.8
      vertex 73.3229 13.2929 0
    endloop
  endfacet
  facet normal -0.857733 0.514096 0
    outer loop
      vertex 73.3229 13.2929 1.8
      vertex 73.2472 13.1666 0
      vertex 73.2472 13.1666 1.8
    endloop
  endfacet
  facet normal -0.941527 0.336939 0
    outer loop
      vertex 73.3858 13.426 0
      vertex 73.4354 13.5646 1.8
      vertex 73.4354 13.5646 0
    endloop
  endfacet
  facet normal -0.941527 0.336939 0
    outer loop
      vertex 73.4354 13.5646 1.8
      vertex 73.3858 13.426 0
      vertex 73.3858 13.426 1.8
    endloop
  endfacet
  facet normal -0.989174 0.146746 0
    outer loop
      vertex 73.4712 13.7074 0
      vertex 73.4928 13.853 1.8
      vertex 73.4928 13.853 0
    endloop
  endfacet
  facet normal -0.989174 0.146746 0
    outer loop
      vertex 73.4928 13.853 1.8
      vertex 73.4712 13.7074 0
      vertex 73.4712 13.7074 1.8
    endloop
  endfacet
  facet normal -0.998803 0.0489209 0
    outer loop
      vertex 73.4928 13.853 0
      vertex 73.5 14 1.8
      vertex 73.5 14 0
    endloop
  endfacet
  facet normal -0.998803 0.0489209 0
    outer loop
      vertex 73.5 14 1.8
      vertex 73.4928 13.853 0
      vertex 73.4928 13.853 1.8
    endloop
  endfacet
  facet normal 0.514096 0.857733 -0
    outer loop
      vertex 71.2929 12.6771 0
      vertex 71.1666 12.7528 1.8
      vertex 71.2929 12.6771 1.8
    endloop
  endfacet
  facet normal 0.514096 0.857733 0
    outer loop
      vertex 71.1666 12.7528 1.8
      vertex 71.2929 12.6771 0
      vertex 71.1666 12.7528 0
    endloop
  endfacet
  facet normal 0.336939 0.941527 -0
    outer loop
      vertex 71.5646 12.5646 0
      vertex 71.426 12.6142 1.8
      vertex 71.5646 12.5646 1.8
    endloop
  endfacet
  facet normal 0.336939 0.941527 0
    outer loop
      vertex 71.426 12.6142 1.8
      vertex 71.5646 12.5646 0
      vertex 71.426 12.6142 0
    endloop
  endfacet
  facet normal 0.146746 0.989174 -0
    outer loop
      vertex 71.853 12.5072 0
      vertex 71.7074 12.5288 1.8
      vertex 71.853 12.5072 1.8
    endloop
  endfacet
  facet normal 0.146746 0.989174 0
    outer loop
      vertex 71.7074 12.5288 1.8
      vertex 71.853 12.5072 0
      vertex 71.7074 12.5288 0
    endloop
  endfacet
  facet normal -0.0489209 0.998803 0
    outer loop
      vertex 72.147 12.5072 0
      vertex 72 12.5 1.8
      vertex 72.147 12.5072 1.8
    endloop
  endfacet
  facet normal -0.0489209 0.998803 0
    outer loop
      vertex 72 12.5 1.8
      vertex 72.147 12.5072 0
      vertex 72 12.5 0
    endloop
  endfacet
  facet normal 0.671251 0.74123 -0
    outer loop
      vertex 71.0484 12.8405 0
      vertex 70.9393 12.9393 1.8
      vertex 71.0484 12.8405 1.8
    endloop
  endfacet
  facet normal 0.671251 0.74123 0
    outer loop
      vertex 70.9393 12.9393 1.8
      vertex 71.0484 12.8405 0
      vertex 70.9393 12.9393 0
    endloop
  endfacet
  facet normal 0.969982 0.243175 0
    outer loop
      vertex 70.5646 13.5646 1.8
      vertex 70.5288 13.7074 0
      vertex 70.5288 13.7074 1.8
    endloop
  endfacet
  facet normal 0.969982 0.243175 0
    outer loop
      vertex 70.5288 13.7074 0
      vertex 70.5646 13.5646 1.8
      vertex 70.5646 13.5646 0
    endloop
  endfacet
  facet normal -0.998796 -0.049048 0
    outer loop
      vertex 13.6 34 0
      vertex 13.5923 34.1568 6
      vertex 13.5923 34.1568 0
    endloop
  endfacet
  facet normal -0.998796 -0.049048 0
    outer loop
      vertex 13.5923 34.1568 6
      vertex 13.6 34 0
      vertex 13.6 34 6
    endloop
  endfacet
  facet normal 0.049048 -0.998796 0
    outer loop
      vertex 11.8432 35.5923 0
      vertex 12 35.6 6
      vertex 11.8432 35.5923 6
    endloop
  endfacet
  facet normal 0.049048 -0.998796 0
    outer loop
      vertex 12 35.6 6
      vertex 11.8432 35.5923 0
      vertex 12 35.6 0
    endloop
  endfacet
  facet normal -0.049048 0.998796 0
    outer loop
      vertex 12.1568 32.4077 0
      vertex 12 32.4 6
      vertex 12.1568 32.4077 6
    endloop
  endfacet
  facet normal -0.049048 0.998796 0
    outer loop
      vertex 12 32.4 6
      vertex 12.1568 32.4077 0
      vertex 12 32.4 0
    endloop
  endfacet
  facet normal -0.671213 -0.741264 0
    outer loop
      vertex 13.015 35.2368 0
      vertex 13.1314 35.1314 6
      vertex 13.015 35.2368 6
    endloop
  endfacet
  facet normal -0.671213 -0.741264 -0
    outer loop
      vertex 13.1314 35.1314 6
      vertex 13.015 35.2368 0
      vertex 13.1314 35.1314 0
    endloop
  endfacet
  facet normal 0.741264 -0.671213 0
    outer loop
      vertex 10.7632 35.015 6
      vertex 10.8686 35.1314 0
      vertex 10.8686 35.1314 6
    endloop
  endfacet
  facet normal 0.741264 -0.671213 0
    outer loop
      vertex 10.8686 35.1314 0
      vertex 10.7632 35.015 6
      vertex 10.7632 35.015 0
    endloop
  endfacet
  facet normal 0.427484 -0.904023 0
    outer loop
      vertex 11.2458 35.4111 0
      vertex 11.3877 35.4782 6
      vertex 11.2458 35.4111 6
    endloop
  endfacet
  facet normal 0.427484 -0.904023 0
    outer loop
      vertex 11.3877 35.4782 6
      vertex 11.2458 35.4111 0
      vertex 11.3877 35.4782 0
    endloop
  endfacet
  facet normal -0.904023 -0.427484 0
    outer loop
      vertex 13.4782 34.6123 0
      vertex 13.4111 34.7542 6
      vertex 13.4111 34.7542 0
    endloop
  endfacet
  facet normal -0.904023 -0.427484 0
    outer loop
      vertex 13.4111 34.7542 6
      vertex 13.4782 34.6123 0
      vertex 13.4782 34.6123 6
    endloop
  endfacet
  facet normal -0.336982 -0.941511 0
    outer loop
      vertex 12.4645 35.5311 0
      vertex 12.6123 35.4782 6
      vertex 12.4645 35.5311 6
    endloop
  endfacet
  facet normal -0.336982 -0.941511 -0
    outer loop
      vertex 12.6123 35.4782 6
      vertex 12.4645 35.5311 0
      vertex 12.6123 35.4782 0
    endloop
  endfacet
  facet normal -0.513934 -0.85783 0
    outer loop
      vertex 12.7542 35.4111 0
      vertex 12.8889 35.3304 6
      vertex 12.7542 35.4111 6
    endloop
  endfacet
  facet normal -0.513934 -0.85783 -0
    outer loop
      vertex 12.8889 35.3304 6
      vertex 12.7542 35.4111 0
      vertex 12.8889 35.3304 0
    endloop
  endfacet
  facet normal 0.941511 -0.336982 0
    outer loop
      vertex 10.4689 34.4645 6
      vertex 10.5218 34.6123 0
      vertex 10.5218 34.6123 6
    endloop
  endfacet
  facet normal 0.941511 -0.336982 0
    outer loop
      vertex 10.5218 34.6123 0
      vertex 10.4689 34.4645 6
      vertex 10.4689 34.4645 0
    endloop
  endfacet
  facet normal 0.243135 -0.969993 0
    outer loop
      vertex 11.5355 35.5311 0
      vertex 11.6879 35.5693 6
      vertex 11.5355 35.5311 6
    endloop
  endfacet
  facet normal 0.243135 -0.969993 0
    outer loop
      vertex 11.6879 35.5693 6
      vertex 11.5355 35.5311 0
      vertex 11.6879 35.5693 0
    endloop
  endfacet
  facet normal -0.146502 0.98921 0
    outer loop
      vertex 12.3121 32.4307 0
      vertex 12.1568 32.4077 6
      vertex 12.3121 32.4307 6
    endloop
  endfacet
  facet normal -0.146502 0.98921 0
    outer loop
      vertex 12.1568 32.4077 6
      vertex 12.3121 32.4307 0
      vertex 12.1568 32.4077 0
    endloop
  endfacet
  facet normal -0.969993 -0.243135 0
    outer loop
      vertex 13.5693 34.3121 0
      vertex 13.5311 34.4645 6
      vertex 13.5311 34.4645 0
    endloop
  endfacet
  facet normal -0.969993 -0.243135 0
    outer loop
      vertex 13.5311 34.4645 6
      vertex 13.5693 34.3121 0
      vertex 13.5693 34.3121 6
    endloop
  endfacet
  facet normal -0.98921 -0.146502 0
    outer loop
      vertex 13.5923 34.1568 0
      vertex 13.5693 34.3121 6
      vertex 13.5693 34.3121 0
    endloop
  endfacet
  facet normal -0.98921 -0.146502 0
    outer loop
      vertex 13.5693 34.3121 6
      vertex 13.5923 34.1568 0
      vertex 13.5923 34.1568 6
    endloop
  endfacet
  facet normal -0.941511 -0.336982 0
    outer loop
      vertex 13.5311 34.4645 0
      vertex 13.4782 34.6123 6
      vertex 13.4782 34.6123 0
    endloop
  endfacet
  facet normal -0.941511 -0.336982 0
    outer loop
      vertex 13.4782 34.6123 6
      vertex 13.5311 34.4645 0
      vertex 13.5311 34.4645 6
    endloop
  endfacet
  facet normal -0.80297 -0.596019 0
    outer loop
      vertex 13.3304 34.8889 0
      vertex 13.2368 35.015 6
      vertex 13.2368 35.015 0
    endloop
  endfacet
  facet normal -0.80297 -0.596019 0
    outer loop
      vertex 13.2368 35.015 6
      vertex 13.3304 34.8889 0
      vertex 13.3304 34.8889 6
    endloop
  endfacet
  facet normal -0.741264 -0.671213 0
    outer loop
      vertex 13.2368 35.015 0
      vertex 13.1314 35.1314 6
      vertex 13.1314 35.1314 0
    endloop
  endfacet
  facet normal -0.741264 -0.671213 0
    outer loop
      vertex 13.1314 35.1314 6
      vertex 13.2368 35.015 0
      vertex 13.2368 35.015 6
    endloop
  endfacet
  facet normal -0.85783 -0.513934 0
    outer loop
      vertex 13.4111 34.7542 0
      vertex 13.3304 34.8889 6
      vertex 13.3304 34.8889 0
    endloop
  endfacet
  facet normal -0.85783 -0.513934 0
    outer loop
      vertex 13.3304 34.8889 6
      vertex 13.4111 34.7542 0
      vertex 13.4111 34.7542 6
    endloop
  endfacet
  facet normal -0.146502 -0.98921 0
    outer loop
      vertex 12.1568 35.5923 0
      vertex 12.3121 35.5693 6
      vertex 12.1568 35.5923 6
    endloop
  endfacet
  facet normal -0.146502 -0.98921 -0
    outer loop
      vertex 12.3121 35.5693 6
      vertex 12.1568 35.5923 0
      vertex 12.3121 35.5693 0
    endloop
  endfacet
  facet normal -0.243135 -0.969993 0
    outer loop
      vertex 12.3121 35.5693 0
      vertex 12.4645 35.5311 6
      vertex 12.3121 35.5693 6
    endloop
  endfacet
  facet normal -0.243135 -0.969993 -0
    outer loop
      vertex 12.4645 35.5311 6
      vertex 12.3121 35.5693 0
      vertex 12.4645 35.5311 0
    endloop
  endfacet
  facet normal -0.049048 -0.998796 0
    outer loop
      vertex 12 35.6 0
      vertex 12.1568 35.5923 6
      vertex 12 35.6 6
    endloop
  endfacet
  facet normal -0.049048 -0.998796 -0
    outer loop
      vertex 12.1568 35.5923 6
      vertex 12 35.6 0
      vertex 12.1568 35.5923 0
    endloop
  endfacet
  facet normal -0.427484 -0.904023 0
    outer loop
      vertex 12.6123 35.4782 0
      vertex 12.7542 35.4111 6
      vertex 12.6123 35.4782 6
    endloop
  endfacet
  facet normal -0.427484 -0.904023 -0
    outer loop
      vertex 12.7542 35.4111 6
      vertex 12.6123 35.4782 0
      vertex 12.7542 35.4111 0
    endloop
  endfacet
  facet normal -0.596019 -0.80297 0
    outer loop
      vertex 12.8889 35.3304 0
      vertex 13.015 35.2368 6
      vertex 12.8889 35.3304 6
    endloop
  endfacet
  facet normal -0.596019 -0.80297 -0
    outer loop
      vertex 13.015 35.2368 6
      vertex 12.8889 35.3304 0
      vertex 13.015 35.2368 0
    endloop
  endfacet
  facet normal 0.98921 -0.146502 0
    outer loop
      vertex 10.4077 34.1568 6
      vertex 10.4307 34.3121 0
      vertex 10.4307 34.3121 6
    endloop
  endfacet
  facet normal 0.98921 -0.146502 0
    outer loop
      vertex 10.4307 34.3121 0
      vertex 10.4077 34.1568 6
      vertex 10.4077 34.1568 0
    endloop
  endfacet
  facet normal 0.85783 -0.513934 0
    outer loop
      vertex 10.5889 34.7542 6
      vertex 10.6696 34.8889 0
      vertex 10.6696 34.8889 6
    endloop
  endfacet
  facet normal 0.85783 -0.513934 0
    outer loop
      vertex 10.6696 34.8889 0
      vertex 10.5889 34.7542 6
      vertex 10.5889 34.7542 0
    endloop
  endfacet
  facet normal 0.80297 -0.596019 0
    outer loop
      vertex 10.6696 34.8889 6
      vertex 10.7632 35.015 0
      vertex 10.7632 35.015 6
    endloop
  endfacet
  facet normal 0.80297 -0.596019 0
    outer loop
      vertex 10.7632 35.015 0
      vertex 10.6696 34.8889 6
      vertex 10.6696 34.8889 0
    endloop
  endfacet
  facet normal 0.904023 -0.427484 0
    outer loop
      vertex 10.5218 34.6123 6
      vertex 10.5889 34.7542 0
      vertex 10.5889 34.7542 6
    endloop
  endfacet
  facet normal 0.904023 -0.427484 0
    outer loop
      vertex 10.5889 34.7542 0
      vertex 10.5218 34.6123 6
      vertex 10.5218 34.6123 0
    endloop
  endfacet
  facet normal 0.969993 -0.243135 0
    outer loop
      vertex 10.4307 34.3121 6
      vertex 10.4689 34.4645 0
      vertex 10.4689 34.4645 6
    endloop
  endfacet
  facet normal 0.969993 -0.243135 0
    outer loop
      vertex 10.4689 34.4645 0
      vertex 10.4307 34.3121 6
      vertex 10.4307 34.3121 0
    endloop
  endfacet
  facet normal 0.998796 -0.049048 0
    outer loop
      vertex 10.4 34 6
      vertex 10.4077 34.1568 0
      vertex 10.4077 34.1568 6
    endloop
  endfacet
  facet normal 0.998796 -0.049048 0
    outer loop
      vertex 10.4077 34.1568 0
      vertex 10.4 34 6
      vertex 10.4 34 0
    endloop
  endfacet
  facet normal 0.596019 -0.80297 0
    outer loop
      vertex 10.985 35.2368 0
      vertex 11.1111 35.3304 6
      vertex 10.985 35.2368 6
    endloop
  endfacet
  facet normal 0.596019 -0.80297 0
    outer loop
      vertex 11.1111 35.3304 6
      vertex 10.985 35.2368 0
      vertex 11.1111 35.3304 0
    endloop
  endfacet
  facet normal 0.513934 -0.85783 0
    outer loop
      vertex 11.1111 35.3304 0
      vertex 11.2458 35.4111 6
      vertex 11.1111 35.3304 6
    endloop
  endfacet
  facet normal 0.513934 -0.85783 0
    outer loop
      vertex 11.2458 35.4111 6
      vertex 11.1111 35.3304 0
      vertex 11.2458 35.4111 0
    endloop
  endfacet
  facet normal 0.671213 -0.741264 0
    outer loop
      vertex 10.8686 35.1314 0
      vertex 10.985 35.2368 6
      vertex 10.8686 35.1314 6
    endloop
  endfacet
  facet normal 0.671213 -0.741264 0
    outer loop
      vertex 10.985 35.2368 6
      vertex 10.8686 35.1314 0
      vertex 10.985 35.2368 0
    endloop
  endfacet
  facet normal 0.336982 -0.941511 0
    outer loop
      vertex 11.3877 35.4782 0
      vertex 11.5355 35.5311 6
      vertex 11.3877 35.4782 6
    endloop
  endfacet
  facet normal 0.336982 -0.941511 0
    outer loop
      vertex 11.5355 35.5311 6
      vertex 11.3877 35.4782 0
      vertex 11.5355 35.5311 0
    endloop
  endfacet
  facet normal 0.146502 -0.98921 0
    outer loop
      vertex 11.6879 35.5693 0
      vertex 11.8432 35.5923 6
      vertex 11.6879 35.5693 6
    endloop
  endfacet
  facet normal 0.146502 -0.98921 0
    outer loop
      vertex 11.8432 35.5923 6
      vertex 11.6879 35.5693 0
      vertex 11.8432 35.5923 0
    endloop
  endfacet
  facet normal -0.998796 0.049048 0
    outer loop
      vertex 13.5923 33.8432 0
      vertex 13.6 34 6
      vertex 13.6 34 0
    endloop
  endfacet
  facet normal -0.998796 0.049048 0
    outer loop
      vertex 13.6 34 6
      vertex 13.5923 33.8432 0
      vertex 13.5923 33.8432 6
    endloop
  endfacet
  facet normal -0.741264 0.671213 0
    outer loop
      vertex 13.1314 32.8686 0
      vertex 13.2368 32.985 6
      vertex 13.2368 32.985 0
    endloop
  endfacet
  facet normal -0.741264 0.671213 0
    outer loop
      vertex 13.2368 32.985 6
      vertex 13.1314 32.8686 0
      vertex 13.1314 32.8686 6
    endloop
  endfacet
  facet normal 0.85783 0.513934 0
    outer loop
      vertex 10.6696 33.1111 6
      vertex 10.5889 33.2458 0
      vertex 10.5889 33.2458 6
    endloop
  endfacet
  facet normal 0.85783 0.513934 0
    outer loop
      vertex 10.5889 33.2458 0
      vertex 10.6696 33.1111 6
      vertex 10.6696 33.1111 0
    endloop
  endfacet
  facet normal -0.427484 0.904023 0
    outer loop
      vertex 12.7542 32.5889 0
      vertex 12.6123 32.5218 6
      vertex 12.7542 32.5889 6
    endloop
  endfacet
  facet normal -0.427484 0.904023 0
    outer loop
      vertex 12.6123 32.5218 6
      vertex 12.7542 32.5889 0
      vertex 12.6123 32.5218 0
    endloop
  endfacet
  facet normal 0.998796 0.049048 0
    outer loop
      vertex 10.4077 33.8432 6
      vertex 10.4 34 0
      vertex 10.4 34 6
    endloop
  endfacet
  facet normal 0.998796 0.049048 0
    outer loop
      vertex 10.4 34 0
      vertex 10.4077 33.8432 6
      vertex 10.4077 33.8432 0
    endloop
  endfacet
  facet normal -0.941511 0.336982 0
    outer loop
      vertex 13.4782 33.3877 0
      vertex 13.5311 33.5355 6
      vertex 13.5311 33.5355 0
    endloop
  endfacet
  facet normal -0.941511 0.336982 0
    outer loop
      vertex 13.5311 33.5355 6
      vertex 13.4782 33.3877 0
      vertex 13.4782 33.3877 6
    endloop
  endfacet
  facet normal -0.98921 0.146502 0
    outer loop
      vertex 13.5693 33.6879 0
      vertex 13.5923 33.8432 6
      vertex 13.5923 33.8432 0
    endloop
  endfacet
  facet normal -0.98921 0.146502 0
    outer loop
      vertex 13.5923 33.8432 6
      vertex 13.5693 33.6879 0
      vertex 13.5693 33.6879 6
    endloop
  endfacet
  facet normal -0.969993 0.243135 0
    outer loop
      vertex 13.5311 33.5355 0
      vertex 13.5693 33.6879 6
      vertex 13.5693 33.6879 0
    endloop
  endfacet
  facet normal -0.969993 0.243135 0
    outer loop
      vertex 13.5693 33.6879 6
      vertex 13.5311 33.5355 0
      vertex 13.5311 33.5355 6
    endloop
  endfacet
  facet normal -0.671213 0.741264 0
    outer loop
      vertex 13.1314 32.8686 0
      vertex 13.015 32.7632 6
      vertex 13.1314 32.8686 6
    endloop
  endfacet
  facet normal -0.671213 0.741264 0
    outer loop
      vertex 13.015 32.7632 6
      vertex 13.1314 32.8686 0
      vertex 13.015 32.7632 0
    endloop
  endfacet
  facet normal -0.904023 0.427484 0
    outer loop
      vertex 13.4111 33.2458 0
      vertex 13.4782 33.3877 6
      vertex 13.4782 33.3877 0
    endloop
  endfacet
  facet normal -0.904023 0.427484 0
    outer loop
      vertex 13.4782 33.3877 6
      vertex 13.4111 33.2458 0
      vertex 13.4111 33.2458 6
    endloop
  endfacet
  facet normal -0.80297 0.596019 0
    outer loop
      vertex 13.2368 32.985 0
      vertex 13.3304 33.1111 6
      vertex 13.3304 33.1111 0
    endloop
  endfacet
  facet normal -0.80297 0.596019 0
    outer loop
      vertex 13.3304 33.1111 6
      vertex 13.2368 32.985 0
      vertex 13.2368 32.985 6
    endloop
  endfacet
  facet normal 0.243135 0.969993 -0
    outer loop
      vertex 11.6879 32.4307 0
      vertex 11.5355 32.4689 6
      vertex 11.6879 32.4307 6
    endloop
  endfacet
  facet normal 0.243135 0.969993 0
    outer loop
      vertex 11.5355 32.4689 6
      vertex 11.6879 32.4307 0
      vertex 11.5355 32.4689 0
    endloop
  endfacet
  facet normal 0.941511 0.336982 0
    outer loop
      vertex 10.5218 33.3877 6
      vertex 10.4689 33.5355 0
      vertex 10.4689 33.5355 6
    endloop
  endfacet
  facet normal 0.941511 0.336982 0
    outer loop
      vertex 10.4689 33.5355 0
      vertex 10.5218 33.3877 6
      vertex 10.5218 33.3877 0
    endloop
  endfacet
  facet normal -0.336982 0.941511 0
    outer loop
      vertex 12.6123 32.5218 0
      vertex 12.4645 32.4689 6
      vertex 12.6123 32.5218 6
    endloop
  endfacet
  facet normal -0.336982 0.941511 0
    outer loop
      vertex 12.4645 32.4689 6
      vertex 12.6123 32.5218 0
      vertex 12.4645 32.4689 0
    endloop
  endfacet
  facet normal -0.243135 0.969993 0
    outer loop
      vertex 12.4645 32.4689 0
      vertex 12.3121 32.4307 6
      vertex 12.4645 32.4689 6
    endloop
  endfacet
  facet normal -0.243135 0.969993 0
    outer loop
      vertex 12.3121 32.4307 6
      vertex 12.4645 32.4689 0
      vertex 12.3121 32.4307 0
    endloop
  endfacet
  facet normal -0.513934 0.85783 0
    outer loop
      vertex 12.8889 32.6696 0
      vertex 12.7542 32.5889 6
      vertex 12.8889 32.6696 6
    endloop
  endfacet
  facet normal -0.513934 0.85783 0
    outer loop
      vertex 12.7542 32.5889 6
      vertex 12.8889 32.6696 0
      vertex 12.7542 32.5889 0
    endloop
  endfacet
  facet normal -0.596019 0.80297 0
    outer loop
      vertex 13.015 32.7632 0
      vertex 12.8889 32.6696 6
      vertex 13.015 32.7632 6
    endloop
  endfacet
  facet normal -0.596019 0.80297 0
    outer loop
      vertex 12.8889 32.6696 6
      vertex 13.015 32.7632 0
      vertex 12.8889 32.6696 0
    endloop
  endfacet
  facet normal -0.85783 0.513934 0
    outer loop
      vertex 13.3304 33.1111 0
      vertex 13.4111 33.2458 6
      vertex 13.4111 33.2458 0
    endloop
  endfacet
  facet normal -0.85783 0.513934 0
    outer loop
      vertex 13.4111 33.2458 6
      vertex 13.3304 33.1111 0
      vertex 13.3304 33.1111 6
    endloop
  endfacet
  facet normal 0.049048 0.998796 -0
    outer loop
      vertex 12 32.4 0
      vertex 11.8432 32.4077 6
      vertex 12 32.4 6
    endloop
  endfacet
  facet normal 0.049048 0.998796 0
    outer loop
      vertex 11.8432 32.4077 6
      vertex 12 32.4 0
      vertex 11.8432 32.4077 0
    endloop
  endfacet
  facet normal 0.146502 0.98921 -0
    outer loop
      vertex 11.8432 32.4077 0
      vertex 11.6879 32.4307 6
      vertex 11.8432 32.4077 6
    endloop
  endfacet
  facet normal 0.146502 0.98921 0
    outer loop
      vertex 11.6879 32.4307 6
      vertex 11.8432 32.4077 0
      vertex 11.6879 32.4307 0
    endloop
  endfacet
  facet normal 0.427484 0.904023 -0
    outer loop
      vertex 11.3877 32.5218 0
      vertex 11.2458 32.5889 6
      vertex 11.3877 32.5218 6
    endloop
  endfacet
  facet normal 0.427484 0.904023 0
    outer loop
      vertex 11.2458 32.5889 6
      vertex 11.3877 32.5218 0
      vertex 11.2458 32.5889 0
    endloop
  endfacet
  facet normal 0.596019 0.80297 -0
    outer loop
      vertex 11.1111 32.6696 0
      vertex 10.985 32.7632 6
      vertex 11.1111 32.6696 6
    endloop
  endfacet
  facet normal 0.596019 0.80297 0
    outer loop
      vertex 10.985 32.7632 6
      vertex 11.1111 32.6696 0
      vertex 10.985 32.7632 0
    endloop
  endfacet
  facet normal 0.336982 0.941511 -0
    outer loop
      vertex 11.5355 32.4689 0
      vertex 11.3877 32.5218 6
      vertex 11.5355 32.4689 6
    endloop
  endfacet
  facet normal 0.336982 0.941511 0
    outer loop
      vertex 11.3877 32.5218 6
      vertex 11.5355 32.4689 0
      vertex 11.3877 32.5218 0
    endloop
  endfacet
  facet normal 0.80297 0.596019 0
    outer loop
      vertex 10.7632 32.985 6
      vertex 10.6696 33.1111 0
      vertex 10.6696 33.1111 6
    endloop
  endfacet
  facet normal 0.80297 0.596019 0
    outer loop
      vertex 10.6696 33.1111 0
      vertex 10.7632 32.985 6
      vertex 10.7632 32.985 0
    endloop
  endfacet
  facet normal 0.671213 0.741264 -0
    outer loop
      vertex 10.985 32.7632 0
      vertex 10.8686 32.8686 6
      vertex 10.985 32.7632 6
    endloop
  endfacet
  facet normal 0.671213 0.741264 0
    outer loop
      vertex 10.8686 32.8686 6
      vertex 10.985 32.7632 0
      vertex 10.8686 32.8686 0
    endloop
  endfacet
  facet normal 0.741264 0.671213 0
    outer loop
      vertex 10.8686 32.8686 6
      vertex 10.7632 32.985 0
      vertex 10.7632 32.985 6
    endloop
  endfacet
  facet normal 0.741264 0.671213 0
    outer loop
      vertex 10.7632 32.985 0
      vertex 10.8686 32.8686 6
      vertex 10.8686 32.8686 0
    endloop
  endfacet
  facet normal 0.904023 0.427484 0
    outer loop
      vertex 10.5889 33.2458 6
      vertex 10.5218 33.3877 0
      vertex 10.5218 33.3877 6
    endloop
  endfacet
  facet normal 0.904023 0.427484 0
    outer loop
      vertex 10.5218 33.3877 0
      vertex 10.5889 33.2458 6
      vertex 10.5889 33.2458 0
    endloop
  endfacet
  facet normal 0.969993 0.243135 0
    outer loop
      vertex 10.4689 33.5355 6
      vertex 10.4307 33.6879 0
      vertex 10.4307 33.6879 6
    endloop
  endfacet
  facet normal 0.969993 0.243135 0
    outer loop
      vertex 10.4307 33.6879 0
      vertex 10.4689 33.5355 6
      vertex 10.4689 33.5355 0
    endloop
  endfacet
  facet normal 0.98921 0.146502 0
    outer loop
      vertex 10.4307 33.6879 6
      vertex 10.4077 33.8432 0
      vertex 10.4077 33.8432 6
    endloop
  endfacet
  facet normal 0.98921 0.146502 0
    outer loop
      vertex 10.4077 33.8432 0
      vertex 10.4307 33.6879 6
      vertex 10.4307 33.6879 0
    endloop
  endfacet
  facet normal 0.513934 0.85783 -0
    outer loop
      vertex 11.2458 32.5889 0
      vertex 11.1111 32.6696 6
      vertex 11.2458 32.5889 6
    endloop
  endfacet
  facet normal 0.513934 0.85783 0
    outer loop
      vertex 11.1111 32.6696 6
      vertex 11.2458 32.5889 0
      vertex 11.1111 32.6696 0
    endloop
  endfacet
  facet normal -0.998791 -0.0491602 0
    outer loop
      vertex 33.7 34 0
      vertex 33.6918 34.1666 6
      vertex 33.6918 34.1666 0
    endloop
  endfacet
  facet normal -0.998791 -0.0491602 0
    outer loop
      vertex 33.6918 34.1666 6
      vertex 33.7 34 0
      vertex 33.7 34 6
    endloop
  endfacet
  facet normal 0.0491602 -0.998791 0
    outer loop
      vertex 31.8334 35.6918 0
      vertex 32 35.7 6
      vertex 31.8334 35.6918 6
    endloop
  endfacet
  facet normal 0.0491602 -0.998791 0
    outer loop
      vertex 32 35.7 6
      vertex 31.8334 35.6918 0
      vertex 32 35.7 0
    endloop
  endfacet
  facet normal -0.0491602 0.998791 0
    outer loop
      vertex 32.1666 32.3082 0
      vertex 32 32.3 6
      vertex 32.1666 32.3082 6
    endloop
  endfacet
  facet normal -0.0491602 0.998791 0
    outer loop
      vertex 32 32.3 6
      vertex 32.1666 32.3082 0
      vertex 32 32.3 0
    endloop
  endfacet
  facet normal -0.671478 -0.741024 0
    outer loop
      vertex 33.0785 35.3141 0
      vertex 33.2021 35.2021 6
      vertex 33.0785 35.3141 6
    endloop
  endfacet
  facet normal -0.671478 -0.741024 -0
    outer loop
      vertex 33.2021 35.2021 6
      vertex 33.0785 35.3141 0
      vertex 33.2021 35.2021 0
    endloop
  endfacet
  facet normal 0.741024 -0.671478 0
    outer loop
      vertex 30.6859 35.0785 6
      vertex 30.7979 35.2021 0
      vertex 30.7979 35.2021 6
    endloop
  endfacet
  facet normal 0.741024 -0.671478 0
    outer loop
      vertex 30.7979 35.2021 0
      vertex 30.6859 35.0785 6
      vertex 30.6859 35.0785 0
    endloop
  endfacet
  facet normal 0.427442 -0.904043 0
    outer loop
      vertex 31.1986 35.4993 0
      vertex 31.3494 35.5706 6
      vertex 31.1986 35.4993 6
    endloop
  endfacet
  facet normal 0.427442 -0.904043 0
    outer loop
      vertex 31.3494 35.5706 6
      vertex 31.1986 35.4993 0
      vertex 31.3494 35.5706 0
    endloop
  endfacet
  facet normal -0.857652 0.514231 0
    outer loop
      vertex 33.4135 33.0555 0
      vertex 33.4993 33.1986 6
      vertex 33.4993 33.1986 0
    endloop
  endfacet
  facet normal -0.857652 0.514231 0
    outer loop
      vertex 33.4993 33.1986 6
      vertex 33.4135 33.0555 0
      vertex 33.4135 33.0555 6
    endloop
  endfacet
  facet normal -0.904043 -0.427442 0
    outer loop
      vertex 33.5706 34.6506 0
      vertex 33.4993 34.8014 6
      vertex 33.4993 34.8014 0
    endloop
  endfacet
  facet normal -0.904043 -0.427442 0
    outer loop
      vertex 33.4993 34.8014 6
      vertex 33.5706 34.6506 0
      vertex 33.5706 34.6506 6
    endloop
  endfacet
  facet normal -0.33683 -0.941566 0
    outer loop
      vertex 32.4935 35.6268 0
      vertex 32.6506 35.5706 6
      vertex 32.4935 35.6268 6
    endloop
  endfacet
  facet normal -0.33683 -0.941566 -0
    outer loop
      vertex 32.6506 35.5706 6
      vertex 32.4935 35.6268 0
      vertex 32.6506 35.5706 0
    endloop
  endfacet
  facet normal -0.514231 -0.857652 0
    outer loop
      vertex 32.8014 35.4993 0
      vertex 32.9445 35.4135 6
      vertex 32.8014 35.4993 6
    endloop
  endfacet
  facet normal -0.514231 -0.857652 -0
    outer loop
      vertex 32.9445 35.4135 6
      vertex 32.8014 35.4993 0
      vertex 32.9445 35.4135 0
    endloop
  endfacet
  facet normal 0.941566 -0.33683 0
    outer loop
      vertex 30.3732 34.4935 6
      vertex 30.4294 34.6506 0
      vertex 30.4294 34.6506 6
    endloop
  endfacet
  facet normal 0.941566 -0.33683 0
    outer loop
      vertex 30.4294 34.6506 0
      vertex 30.3732 34.4935 6
      vertex 30.3732 34.4935 0
    endloop
  endfacet
  facet normal 0.242818 -0.970072 0
    outer loop
      vertex 31.5065 35.6268 0
      vertex 31.6683 35.6673 6
      vertex 31.5065 35.6268 6
    endloop
  endfacet
  facet normal 0.242818 -0.970072 0
    outer loop
      vertex 31.6683 35.6673 6
      vertex 31.5065 35.6268 0
      vertex 31.6683 35.6673 0
    endloop
  endfacet
  facet normal -0.989168 0.146788 0
    outer loop
      vertex 33.6673 33.6683 0
      vertex 33.6918 33.8334 6
      vertex 33.6918 33.8334 0
    endloop
  endfacet
  facet normal -0.989168 0.146788 0
    outer loop
      vertex 33.6918 33.8334 6
      vertex 33.6673 33.6683 0
      vertex 33.6673 33.6683 6
    endloop
  endfacet
  facet normal -0.146788 0.989168 0
    outer loop
      vertex 32.3317 32.3327 0
      vertex 32.1666 32.3082 6
      vertex 32.3317 32.3327 6
    endloop
  endfacet
  facet normal -0.146788 0.989168 0
    outer loop
      vertex 32.1666 32.3082 6
      vertex 32.3317 32.3327 0
      vertex 32.1666 32.3082 0
    endloop
  endfacet
  facet normal -0.970072 -0.242818 0
    outer loop
      vertex 33.6673 34.3317 0
      vertex 33.6268 34.4935 6
      vertex 33.6268 34.4935 0
    endloop
  endfacet
  facet normal -0.970072 -0.242818 0
    outer loop
      vertex 33.6268 34.4935 6
      vertex 33.6673 34.3317 0
      vertex 33.6673 34.3317 6
    endloop
  endfacet
  facet normal -0.989168 -0.146788 0
    outer loop
      vertex 33.6918 34.1666 0
      vertex 33.6673 34.3317 6
      vertex 33.6673 34.3317 0
    endloop
  endfacet
  facet normal -0.989168 -0.146788 0
    outer loop
      vertex 33.6673 34.3317 6
      vertex 33.6918 34.1666 0
      vertex 33.6918 34.1666 6
    endloop
  endfacet
  facet normal -0.941566 -0.33683 0
    outer loop
      vertex 33.6268 34.4935 0
      vertex 33.5706 34.6506 6
      vertex 33.5706 34.6506 0
    endloop
  endfacet
  facet normal -0.941566 -0.33683 0
    outer loop
      vertex 33.5706 34.6506 6
      vertex 33.6268 34.4935 0
      vertex 33.6268 34.4935 6
    endloop
  endfacet
  facet normal -0.803154 -0.595772 0
    outer loop
      vertex 33.4135 34.9445 0
      vertex 33.3141 35.0785 6
      vertex 33.3141 35.0785 0
    endloop
  endfacet
  facet normal -0.803154 -0.595772 0
    outer loop
      vertex 33.3141 35.0785 6
      vertex 33.4135 34.9445 0
      vertex 33.4135 34.9445 6
    endloop
  endfacet
  facet normal -0.741024 -0.671478 0
    outer loop
      vertex 33.3141 35.0785 0
      vertex 33.2021 35.2021 6
      vertex 33.2021 35.2021 0
    endloop
  endfacet
  facet normal -0.741024 -0.671478 0
    outer loop
      vertex 33.2021 35.2021 6
      vertex 33.3141 35.0785 0
      vertex 33.3141 35.0785 6
    endloop
  endfacet
  facet normal -0.857652 -0.514231 0
    outer loop
      vertex 33.4993 34.8014 0
      vertex 33.4135 34.9445 6
      vertex 33.4135 34.9445 0
    endloop
  endfacet
  facet normal -0.857652 -0.514231 0
    outer loop
      vertex 33.4135 34.9445 6
      vertex 33.4993 34.8014 0
      vertex 33.4993 34.8014 6
    endloop
  endfacet
  facet normal -0.146788 -0.989168 0
    outer loop
      vertex 32.1666 35.6918 0
      vertex 32.3317 35.6673 6
      vertex 32.1666 35.6918 6
    endloop
  endfacet
  facet normal -0.146788 -0.989168 -0
    outer loop
      vertex 32.3317 35.6673 6
      vertex 32.1666 35.6918 0
      vertex 32.3317 35.6673 0
    endloop
  endfacet
  facet normal -0.242818 -0.970072 0
    outer loop
      vertex 32.3317 35.6673 0
      vertex 32.4935 35.6268 6
      vertex 32.3317 35.6673 6
    endloop
  endfacet
  facet normal -0.242818 -0.970072 -0
    outer loop
      vertex 32.4935 35.6268 6
      vertex 32.3317 35.6673 0
      vertex 32.4935 35.6268 0
    endloop
  endfacet
  facet normal -0.0491602 -0.998791 0
    outer loop
      vertex 32 35.7 0
      vertex 32.1666 35.6918 6
      vertex 32 35.7 6
    endloop
  endfacet
  facet normal -0.0491602 -0.998791 -0
    outer loop
      vertex 32.1666 35.6918 6
      vertex 32 35.7 0
      vertex 32.1666 35.6918 0
    endloop
  endfacet
  facet normal -0.427442 -0.904043 0
    outer loop
      vertex 32.6506 35.5706 0
      vertex 32.8014 35.4993 6
      vertex 32.6506 35.5706 6
    endloop
  endfacet
  facet normal -0.427442 -0.904043 -0
    outer loop
      vertex 32.8014 35.4993 6
      vertex 32.6506 35.5706 0
      vertex 32.8014 35.4993 0
    endloop
  endfacet
  facet normal -0.595772 -0.803154 0
    outer loop
      vertex 32.9445 35.4135 0
      vertex 33.0785 35.3141 6
      vertex 32.9445 35.4135 6
    endloop
  endfacet
  facet normal -0.595772 -0.803154 -0
    outer loop
      vertex 33.0785 35.3141 6
      vertex 32.9445 35.4135 0
      vertex 33.0785 35.3141 0
    endloop
  endfacet
  facet normal 0.989168 -0.146788 0
    outer loop
      vertex 30.3082 34.1666 6
      vertex 30.3327 34.3317 0
      vertex 30.3327 34.3317 6
    endloop
  endfacet
  facet normal 0.989168 -0.146788 0
    outer loop
      vertex 30.3327 34.3317 0
      vertex 30.3082 34.1666 6
      vertex 30.3082 34.1666 0
    endloop
  endfacet
  facet normal 0.857652 -0.514231 0
    outer loop
      vertex 30.5007 34.8014 6
      vertex 30.5865 34.9445 0
      vertex 30.5865 34.9445 6
    endloop
  endfacet
  facet normal 0.857652 -0.514231 0
    outer loop
      vertex 30.5865 34.9445 0
      vertex 30.5007 34.8014 6
      vertex 30.5007 34.8014 0
    endloop
  endfacet
  facet normal 0.803154 -0.595772 0
    outer loop
      vertex 30.5865 34.9445 6
      vertex 30.6859 35.0785 0
      vertex 30.6859 35.0785 6
    endloop
  endfacet
  facet normal 0.803154 -0.595772 0
    outer loop
      vertex 30.6859 35.0785 0
      vertex 30.5865 34.9445 6
      vertex 30.5865 34.9445 0
    endloop
  endfacet
  facet normal 0.904043 -0.427442 0
    outer loop
      vertex 30.4294 34.6506 6
      vertex 30.5007 34.8014 0
      vertex 30.5007 34.8014 6
    endloop
  endfacet
  facet normal 0.904043 -0.427442 0
    outer loop
      vertex 30.5007 34.8014 0
      vertex 30.4294 34.6506 6
      vertex 30.4294 34.6506 0
    endloop
  endfacet
  facet normal 0.970072 -0.242818 0
    outer loop
      vertex 30.3327 34.3317 6
      vertex 30.3732 34.4935 0
      vertex 30.3732 34.4935 6
    endloop
  endfacet
  facet normal 0.970072 -0.242818 0
    outer loop
      vertex 30.3732 34.4935 0
      vertex 30.3327 34.3317 6
      vertex 30.3327 34.3317 0
    endloop
  endfacet
  facet normal 0.998791 -0.0491602 0
    outer loop
      vertex 30.3 34 6
      vertex 30.3082 34.1666 0
      vertex 30.3082 34.1666 6
    endloop
  endfacet
  facet normal 0.998791 -0.0491602 0
    outer loop
      vertex 30.3082 34.1666 0
      vertex 30.3 34 6
      vertex 30.3 34 0
    endloop
  endfacet
  facet normal 0.595772 -0.803154 0
    outer loop
      vertex 30.9215 35.3141 0
      vertex 31.0555 35.4135 6
      vertex 30.9215 35.3141 6
    endloop
  endfacet
  facet normal 0.595772 -0.803154 0
    outer loop
      vertex 31.0555 35.4135 6
      vertex 30.9215 35.3141 0
      vertex 31.0555 35.4135 0
    endloop
  endfacet
  facet normal 0.514231 -0.857652 0
    outer loop
      vertex 31.0555 35.4135 0
      vertex 31.1986 35.4993 6
      vertex 31.0555 35.4135 6
    endloop
  endfacet
  facet normal 0.514231 -0.857652 0
    outer loop
      vertex 31.1986 35.4993 6
      vertex 31.0555 35.4135 0
      vertex 31.1986 35.4993 0
    endloop
  endfacet
  facet normal 0.671478 -0.741024 0
    outer loop
      vertex 30.7979 35.2021 0
      vertex 30.9215 35.3141 6
      vertex 30.7979 35.2021 6
    endloop
  endfacet
  facet normal 0.671478 -0.741024 0
    outer loop
      vertex 30.9215 35.3141 6
      vertex 30.7979 35.2021 0
      vertex 30.9215 35.3141 0
    endloop
  endfacet
  facet normal 0.33683 -0.941566 0
    outer loop
      vertex 31.3494 35.5706 0
      vertex 31.5065 35.6268 6
      vertex 31.3494 35.5706 6
    endloop
  endfacet
  facet normal 0.33683 -0.941566 0
    outer loop
      vertex 31.5065 35.6268 6
      vertex 31.3494 35.5706 0
      vertex 31.5065 35.6268 0
    endloop
  endfacet
  facet normal 0.146788 -0.989168 0
    outer loop
      vertex 31.6683 35.6673 0
      vertex 31.8334 35.6918 6
      vertex 31.6683 35.6673 6
    endloop
  endfacet
  facet normal 0.146788 -0.989168 0
    outer loop
      vertex 31.8334 35.6918 6
      vertex 31.6683 35.6673 0
      vertex 31.8334 35.6918 0
    endloop
  endfacet
  facet normal -0.998791 0.0491602 0
    outer loop
      vertex 33.6918 33.8334 0
      vertex 33.7 34 6
      vertex 33.7 34 0
    endloop
  endfacet
  facet normal -0.998791 0.0491602 0
    outer loop
      vertex 33.7 34 6
      vertex 33.6918 33.8334 0
      vertex 33.6918 33.8334 6
    endloop
  endfacet
  facet normal -0.741024 0.671478 0
    outer loop
      vertex 33.2021 32.7979 0
      vertex 33.3141 32.9215 6
      vertex 33.3141 32.9215 0
    endloop
  endfacet
  facet normal -0.741024 0.671478 0
    outer loop
      vertex 33.3141 32.9215 6
      vertex 33.2021 32.7979 0
      vertex 33.2021 32.7979 6
    endloop
  endfacet
  facet normal 0.857652 0.514231 0
    outer loop
      vertex 30.5865 33.0555 6
      vertex 30.5007 33.1986 0
      vertex 30.5007 33.1986 6
    endloop
  endfacet
  facet normal 0.857652 0.514231 0
    outer loop
      vertex 30.5007 33.1986 0
      vertex 30.5865 33.0555 6
      vertex 30.5865 33.0555 0
    endloop
  endfacet
  facet normal 0.741024 0.671478 0
    outer loop
      vertex 30.7979 32.7979 6
      vertex 30.6859 32.9215 0
      vertex 30.6859 32.9215 6
    endloop
  endfacet
  facet normal 0.741024 0.671478 0
    outer loop
      vertex 30.6859 32.9215 0
      vertex 30.7979 32.7979 6
      vertex 30.7979 32.7979 0
    endloop
  endfacet
  facet normal 0.998791 0.0491602 0
    outer loop
      vertex 30.3082 33.8334 6
      vertex 30.3 34 0
      vertex 30.3 34 6
    endloop
  endfacet
  facet normal 0.998791 0.0491602 0
    outer loop
      vertex 30.3 34 0
      vertex 30.3082 33.8334 6
      vertex 30.3082 33.8334 0
    endloop
  endfacet
  facet normal -0.970072 0.242818 0
    outer loop
      vertex 33.6268 33.5065 0
      vertex 33.6673 33.6683 6
      vertex 33.6673 33.6683 0
    endloop
  endfacet
  facet normal -0.970072 0.242818 0
    outer loop
      vertex 33.6673 33.6683 6
      vertex 33.6268 33.5065 0
      vertex 33.6268 33.5065 6
    endloop
  endfacet
  facet normal -0.514231 0.857652 0
    outer loop
      vertex 32.9445 32.5865 0
      vertex 32.8014 32.5007 6
      vertex 32.9445 32.5865 6
    endloop
  endfacet
  facet normal -0.514231 0.857652 0
    outer loop
      vertex 32.8014 32.5007 6
      vertex 32.9445 32.5865 0
      vertex 32.8014 32.5007 0
    endloop
  endfacet
  facet normal -0.671478 0.741024 0
    outer loop
      vertex 33.2021 32.7979 0
      vertex 33.0785 32.6859 6
      vertex 33.2021 32.7979 6
    endloop
  endfacet
  facet normal -0.671478 0.741024 0
    outer loop
      vertex 33.0785 32.6859 6
      vertex 33.2021 32.7979 0
      vertex 33.0785 32.6859 0
    endloop
  endfacet
  facet normal -0.904043 0.427442 0
    outer loop
      vertex 33.4993 33.1986 0
      vertex 33.5706 33.3494 6
      vertex 33.5706 33.3494 0
    endloop
  endfacet
  facet normal -0.904043 0.427442 0
    outer loop
      vertex 33.5706 33.3494 6
      vertex 33.4993 33.1986 0
      vertex 33.4993 33.1986 6
    endloop
  endfacet
  facet normal -0.803154 0.595772 0
    outer loop
      vertex 33.3141 32.9215 0
      vertex 33.4135 33.0555 6
      vertex 33.4135 33.0555 0
    endloop
  endfacet
  facet normal -0.803154 0.595772 0
    outer loop
      vertex 33.4135 33.0555 6
      vertex 33.3141 32.9215 0
      vertex 33.3141 32.9215 6
    endloop
  endfacet
  facet normal 0.242818 0.970072 -0
    outer loop
      vertex 31.6683 32.3327 0
      vertex 31.5065 32.3732 6
      vertex 31.6683 32.3327 6
    endloop
  endfacet
  facet normal 0.242818 0.970072 0
    outer loop
      vertex 31.5065 32.3732 6
      vertex 31.6683 32.3327 0
      vertex 31.5065 32.3732 0
    endloop
  endfacet
  facet normal 0.671478 0.741024 -0
    outer loop
      vertex 30.9215 32.6859 0
      vertex 30.7979 32.7979 6
      vertex 30.9215 32.6859 6
    endloop
  endfacet
  facet normal 0.671478 0.741024 0
    outer loop
      vertex 30.7979 32.7979 6
      vertex 30.9215 32.6859 0
      vertex 30.7979 32.7979 0
    endloop
  endfacet
  facet normal 0.941566 0.33683 0
    outer loop
      vertex 30.4294 33.3494 6
      vertex 30.3732 33.5065 0
      vertex 30.3732 33.5065 6
    endloop
  endfacet
  facet normal 0.941566 0.33683 0
    outer loop
      vertex 30.3732 33.5065 0
      vertex 30.4294 33.3494 6
      vertex 30.4294 33.3494 0
    endloop
  endfacet
  facet normal 0.904043 0.427442 0
    outer loop
      vertex 30.5007 33.1986 6
      vertex 30.4294 33.3494 0
      vertex 30.4294 33.3494 6
    endloop
  endfacet
  facet normal 0.904043 0.427442 0
    outer loop
      vertex 30.4294 33.3494 0
      vertex 30.5007 33.1986 6
      vertex 30.5007 33.1986 0
    endloop
  endfacet
  facet normal -0.242818 0.970072 0
    outer loop
      vertex 32.4935 32.3732 0
      vertex 32.3317 32.3327 6
      vertex 32.4935 32.3732 6
    endloop
  endfacet
  facet normal -0.242818 0.970072 0
    outer loop
      vertex 32.3317 32.3327 6
      vertex 32.4935 32.3732 0
      vertex 32.3317 32.3327 0
    endloop
  endfacet
  facet normal -0.427442 0.904043 0
    outer loop
      vertex 32.8014 32.5007 0
      vertex 32.6506 32.4294 6
      vertex 32.8014 32.5007 6
    endloop
  endfacet
  facet normal -0.427442 0.904043 0
    outer loop
      vertex 32.6506 32.4294 6
      vertex 32.8014 32.5007 0
      vertex 32.6506 32.4294 0
    endloop
  endfacet
  facet normal -0.33683 0.941566 0
    outer loop
      vertex 32.6506 32.4294 0
      vertex 32.4935 32.3732 6
      vertex 32.6506 32.4294 6
    endloop
  endfacet
  facet normal -0.33683 0.941566 0
    outer loop
      vertex 32.4935 32.3732 6
      vertex 32.6506 32.4294 0
      vertex 32.4935 32.3732 0
    endloop
  endfacet
  facet normal -0.941566 0.33683 0
    outer loop
      vertex 33.5706 33.3494 0
      vertex 33.6268 33.5065 6
      vertex 33.6268 33.5065 0
    endloop
  endfacet
  facet normal -0.941566 0.33683 0
    outer loop
      vertex 33.6268 33.5065 6
      vertex 33.5706 33.3494 0
      vertex 33.5706 33.3494 6
    endloop
  endfacet
  facet normal 0.0491602 0.998791 -0
    outer loop
      vertex 32 32.3 0
      vertex 31.8334 32.3082 6
      vertex 32 32.3 6
    endloop
  endfacet
  facet normal 0.0491602 0.998791 0
    outer loop
      vertex 31.8334 32.3082 6
      vertex 32 32.3 0
      vertex 31.8334 32.3082 0
    endloop
  endfacet
  facet normal 0.33683 0.941566 -0
    outer loop
      vertex 31.5065 32.3732 0
      vertex 31.3494 32.4294 6
      vertex 31.5065 32.3732 6
    endloop
  endfacet
  facet normal 0.33683 0.941566 0
    outer loop
      vertex 31.3494 32.4294 6
      vertex 31.5065 32.3732 0
      vertex 31.3494 32.4294 0
    endloop
  endfacet
  facet normal 0.803154 0.595772 0
    outer loop
      vertex 30.6859 32.9215 6
      vertex 30.5865 33.0555 0
      vertex 30.5865 33.0555 6
    endloop
  endfacet
  facet normal 0.803154 0.595772 0
    outer loop
      vertex 30.5865 33.0555 0
      vertex 30.6859 32.9215 6
      vertex 30.6859 32.9215 0
    endloop
  endfacet
  facet normal 0.970072 0.242818 0
    outer loop
      vertex 30.3732 33.5065 6
      vertex 30.3327 33.6683 0
      vertex 30.3327 33.6683 6
    endloop
  endfacet
  facet normal 0.970072 0.242818 0
    outer loop
      vertex 30.3327 33.6683 0
      vertex 30.3732 33.5065 6
      vertex 30.3732 33.5065 0
    endloop
  endfacet
  facet normal 0.989168 0.146788 0
    outer loop
      vertex 30.3327 33.6683 6
      vertex 30.3082 33.8334 0
      vertex 30.3082 33.8334 6
    endloop
  endfacet
  facet normal 0.989168 0.146788 0
    outer loop
      vertex 30.3082 33.8334 0
      vertex 30.3327 33.6683 6
      vertex 30.3327 33.6683 0
    endloop
  endfacet
  facet normal -0.595772 0.803154 0
    outer loop
      vertex 33.0785 32.6859 0
      vertex 32.9445 32.5865 6
      vertex 33.0785 32.6859 6
    endloop
  endfacet
  facet normal -0.595772 0.803154 0
    outer loop
      vertex 32.9445 32.5865 6
      vertex 33.0785 32.6859 0
      vertex 32.9445 32.5865 0
    endloop
  endfacet
  facet normal 0.427442 0.904043 -0
    outer loop
      vertex 31.3494 32.4294 0
      vertex 31.1986 32.5007 6
      vertex 31.3494 32.4294 6
    endloop
  endfacet
  facet normal 0.427442 0.904043 0
    outer loop
      vertex 31.1986 32.5007 6
      vertex 31.3494 32.4294 0
      vertex 31.1986 32.5007 0
    endloop
  endfacet
  facet normal 0.146788 0.989168 -0
    outer loop
      vertex 31.8334 32.3082 0
      vertex 31.6683 32.3327 6
      vertex 31.8334 32.3082 6
    endloop
  endfacet
  facet normal 0.146788 0.989168 0
    outer loop
      vertex 31.6683 32.3327 6
      vertex 31.8334 32.3082 0
      vertex 31.6683 32.3327 0
    endloop
  endfacet
  facet normal 0.514231 0.857652 -0
    outer loop
      vertex 31.1986 32.5007 0
      vertex 31.0555 32.5865 6
      vertex 31.1986 32.5007 6
    endloop
  endfacet
  facet normal 0.514231 0.857652 0
    outer loop
      vertex 31.0555 32.5865 6
      vertex 31.1986 32.5007 0
      vertex 31.0555 32.5865 0
    endloop
  endfacet
  facet normal 0.595772 0.803154 -0
    outer loop
      vertex 31.0555 32.5865 0
      vertex 30.9215 32.6859 6
      vertex 31.0555 32.5865 6
    endloop
  endfacet
  facet normal 0.595772 0.803154 0
    outer loop
      vertex 30.9215 32.6859 6
      vertex 31.0555 32.5865 0
      vertex 30.9215 32.6859 0
    endloop
  endfacet
  facet normal -0.998786 -0.0492599 0
    outer loop
      vertex 53.8 34 0
      vertex 53.7913 34.1764 6
      vertex 53.7913 34.1764 0
    endloop
  endfacet
  facet normal -0.998786 -0.0492599 0
    outer loop
      vertex 53.7913 34.1764 6
      vertex 53.8 34 0
      vertex 53.8 34 6
    endloop
  endfacet
  facet normal 0.0492599 -0.998786 0
    outer loop
      vertex 51.8236 35.7913 0
      vertex 52 35.8 6
      vertex 51.8236 35.7913 6
    endloop
  endfacet
  facet normal 0.0492599 -0.998786 0
    outer loop
      vertex 52 35.8 6
      vertex 51.8236 35.7913 0
      vertex 52 35.8 0
    endloop
  endfacet
  facet normal -0.671432 -0.741066 0
    outer loop
      vertex 53.1419 35.3914 0
      vertex 53.2728 35.2728 6
      vertex 53.1419 35.3914 6
    endloop
  endfacet
  facet normal -0.671432 -0.741066 -0
    outer loop
      vertex 53.2728 35.2728 6
      vertex 53.1419 35.3914 0
      vertex 53.2728 35.2728 0
    endloop
  endfacet
  facet normal 0.741066 -0.671432 0
    outer loop
      vertex 50.6086 35.1419 6
      vertex 50.7272 35.2728 0
      vertex 50.7272 35.2728 6
    endloop
  endfacet
  facet normal 0.741066 -0.671432 0
    outer loop
      vertex 50.7272 35.2728 0
      vertex 50.6086 35.1419 6
      vertex 50.6086 35.1419 0
    endloop
  endfacet
  facet normal 0.427405 -0.90406 0
    outer loop
      vertex 51.1515 35.5875 0
      vertex 51.3112 35.663 6
      vertex 51.1515 35.5875 6
    endloop
  endfacet
  facet normal 0.427405 -0.90406 0
    outer loop
      vertex 51.3112 35.663 6
      vertex 51.1515 35.5875 0
      vertex 51.3112 35.663 0
    endloop
  endfacet
  facet normal -0.90406 -0.427405 0
    outer loop
      vertex 53.663 34.6888 0
      vertex 53.5875 34.8485 6
      vertex 53.5875 34.8485 0
    endloop
  endfacet
  facet normal -0.90406 -0.427405 0
    outer loop
      vertex 53.5875 34.8485 6
      vertex 53.663 34.6888 0
      vertex 53.663 34.6888 6
    endloop
  endfacet
  facet normal -0.336874 -0.94155 0
    outer loop
      vertex 52.5225 35.7225 0
      vertex 52.6888 35.663 6
      vertex 52.5225 35.7225 6
    endloop
  endfacet
  facet normal -0.336874 -0.94155 -0
    outer loop
      vertex 52.6888 35.663 6
      vertex 52.5225 35.7225 0
      vertex 52.6888 35.663 0
    endloop
  endfacet
  facet normal -0.514496 -0.857493 0
    outer loop
      vertex 52.8485 35.5875 0
      vertex 53 35.4966 6
      vertex 52.8485 35.5875 6
    endloop
  endfacet
  facet normal -0.514496 -0.857493 -0
    outer loop
      vertex 53 35.4966 6
      vertex 52.8485 35.5875 0
      vertex 53 35.4966 0
    endloop
  endfacet
  facet normal 0.94155 -0.336874 0
    outer loop
      vertex 50.2775 34.5225 6
      vertex 50.337 34.6888 0
      vertex 50.337 34.6888 6
    endloop
  endfacet
  facet normal 0.94155 -0.336874 0
    outer loop
      vertex 50.337 34.6888 0
      vertex 50.2775 34.5225 6
      vertex 50.2775 34.5225 0
    endloop
  endfacet
  facet normal 0.242935 -0.970042 0
    outer loop
      vertex 51.4775 35.7225 0
      vertex 51.6488 35.7654 6
      vertex 51.4775 35.7225 6
    endloop
  endfacet
  facet normal 0.242935 -0.970042 0
    outer loop
      vertex 51.6488 35.7654 6
      vertex 51.4775 35.7225 0
      vertex 51.6488 35.7654 0
    endloop
  endfacet
  facet normal 0.671432 0.741066 -0
    outer loop
      vertex 50.8581 32.6086 0
      vertex 50.7272 32.7272 6
      vertex 50.8581 32.6086 6
    endloop
  endfacet
  facet normal 0.671432 0.741066 0
    outer loop
      vertex 50.7272 32.7272 6
      vertex 50.8581 32.6086 0
      vertex 50.7272 32.7272 0
    endloop
  endfacet
  facet normal -0.970042 -0.242935 0
    outer loop
      vertex 53.7654 34.3512 0
      vertex 53.7225 34.5225 6
      vertex 53.7225 34.5225 0
    endloop
  endfacet
  facet normal -0.970042 -0.242935 0
    outer loop
      vertex 53.7225 34.5225 6
      vertex 53.7654 34.3512 0
      vertex 53.7654 34.3512 6
    endloop
  endfacet
  facet normal -0.9892 -0.146569 0
    outer loop
      vertex 53.7913 34.1764 0
      vertex 53.7654 34.3512 6
      vertex 53.7654 34.3512 0
    endloop
  endfacet
  facet normal -0.9892 -0.146569 0
    outer loop
      vertex 53.7654 34.3512 6
      vertex 53.7913 34.1764 0
      vertex 53.7913 34.1764 6
    endloop
  endfacet
  facet normal -0.94155 -0.336874 0
    outer loop
      vertex 53.7225 34.5225 0
      vertex 53.663 34.6888 6
      vertex 53.663 34.6888 0
    endloop
  endfacet
  facet normal -0.94155 -0.336874 0
    outer loop
      vertex 53.663 34.6888 6
      vertex 53.7225 34.5225 0
      vertex 53.7225 34.5225 6
    endloop
  endfacet
  facet normal -0.803316 -0.595552 0
    outer loop
      vertex 53.4966 35 0
      vertex 53.3914 35.1419 6
      vertex 53.3914 35.1419 0
    endloop
  endfacet
  facet normal -0.803316 -0.595552 0
    outer loop
      vertex 53.3914 35.1419 6
      vertex 53.4966 35 0
      vertex 53.4966 35 6
    endloop
  endfacet
  facet normal -0.741066 -0.671432 0
    outer loop
      vertex 53.3914 35.1419 0
      vertex 53.2728 35.2728 6
      vertex 53.2728 35.2728 0
    endloop
  endfacet
  facet normal -0.741066 -0.671432 0
    outer loop
      vertex 53.2728 35.2728 6
      vertex 53.3914 35.1419 0
      vertex 53.3914 35.1419 6
    endloop
  endfacet
  facet normal -0.857493 -0.514496 0
    outer loop
      vertex 53.5875 34.8485 0
      vertex 53.4966 35 6
      vertex 53.4966 35 0
    endloop
  endfacet
  facet normal -0.857493 -0.514496 0
    outer loop
      vertex 53.4966 35 6
      vertex 53.5875 34.8485 0
      vertex 53.5875 34.8485 6
    endloop
  endfacet
  facet normal -0.146569 -0.9892 0
    outer loop
      vertex 52.1764 35.7913 0
      vertex 52.3512 35.7654 6
      vertex 52.1764 35.7913 6
    endloop
  endfacet
  facet normal -0.146569 -0.9892 -0
    outer loop
      vertex 52.3512 35.7654 6
      vertex 52.1764 35.7913 0
      vertex 52.3512 35.7654 0
    endloop
  endfacet
  facet normal -0.242935 -0.970042 0
    outer loop
      vertex 52.3512 35.7654 0
      vertex 52.5225 35.7225 6
      vertex 52.3512 35.7654 6
    endloop
  endfacet
  facet normal -0.242935 -0.970042 -0
    outer loop
      vertex 52.5225 35.7225 6
      vertex 52.3512 35.7654 0
      vertex 52.5225 35.7225 0
    endloop
  endfacet
  facet normal -0.0492599 -0.998786 0
    outer loop
      vertex 52 35.8 0
      vertex 52.1764 35.7913 6
      vertex 52 35.8 6
    endloop
  endfacet
  facet normal -0.0492599 -0.998786 -0
    outer loop
      vertex 52.1764 35.7913 6
      vertex 52 35.8 0
      vertex 52.1764 35.7913 0
    endloop
  endfacet
  facet normal -0.427405 -0.90406 0
    outer loop
      vertex 52.6888 35.663 0
      vertex 52.8485 35.5875 6
      vertex 52.6888 35.663 6
    endloop
  endfacet
  facet normal -0.427405 -0.90406 -0
    outer loop
      vertex 52.8485 35.5875 6
      vertex 52.6888 35.663 0
      vertex 52.8485 35.5875 0
    endloop
  endfacet
  facet normal -0.595552 -0.803316 0
    outer loop
      vertex 53 35.4966 0
      vertex 53.1419 35.3914 6
      vertex 53 35.4966 6
    endloop
  endfacet
  facet normal -0.595552 -0.803316 -0
    outer loop
      vertex 53.1419 35.3914 6
      vertex 53 35.4966 0
      vertex 53.1419 35.3914 0
    endloop
  endfacet
  facet normal 0.9892 -0.146569 0
    outer loop
      vertex 50.2087 34.1764 6
      vertex 50.2346 34.3512 0
      vertex 50.2346 34.3512 6
    endloop
  endfacet
  facet normal 0.9892 -0.146569 0
    outer loop
      vertex 50.2346 34.3512 0
      vertex 50.2087 34.1764 6
      vertex 50.2087 34.1764 0
    endloop
  endfacet
  facet normal 0.857493 -0.514496 0
    outer loop
      vertex 50.4125 34.8485 6
      vertex 50.5034 35 0
      vertex 50.5034 35 6
    endloop
  endfacet
  facet normal 0.857493 -0.514496 0
    outer loop
      vertex 50.5034 35 0
      vertex 50.4125 34.8485 6
      vertex 50.4125 34.8485 0
    endloop
  endfacet
  facet normal 0.803316 -0.595552 0
    outer loop
      vertex 50.5034 35 6
      vertex 50.6086 35.1419 0
      vertex 50.6086 35.1419 6
    endloop
  endfacet
  facet normal 0.803316 -0.595552 0
    outer loop
      vertex 50.6086 35.1419 0
      vertex 50.5034 35 6
      vertex 50.5034 35 0
    endloop
  endfacet
  facet normal 0.90406 -0.427405 0
    outer loop
      vertex 50.337 34.6888 6
      vertex 50.4125 34.8485 0
      vertex 50.4125 34.8485 6
    endloop
  endfacet
  facet normal 0.90406 -0.427405 0
    outer loop
      vertex 50.4125 34.8485 0
      vertex 50.337 34.6888 6
      vertex 50.337 34.6888 0
    endloop
  endfacet
  facet normal 0.970042 -0.242935 0
    outer loop
      vertex 50.2346 34.3512 6
      vertex 50.2775 34.5225 0
      vertex 50.2775 34.5225 6
    endloop
  endfacet
  facet normal 0.970042 -0.242935 0
    outer loop
      vertex 50.2775 34.5225 0
      vertex 50.2346 34.3512 6
      vertex 50.2346 34.3512 0
    endloop
  endfacet
  facet normal 0.998786 -0.0492599 0
    outer loop
      vertex 50.2 34 6
      vertex 50.2087 34.1764 0
      vertex 50.2087 34.1764 6
    endloop
  endfacet
  facet normal 0.998786 -0.0492599 0
    outer loop
      vertex 50.2087 34.1764 0
      vertex 50.2 34 6
      vertex 50.2 34 0
    endloop
  endfacet
  facet normal 0.595552 -0.803316 0
    outer loop
      vertex 50.8581 35.3914 0
      vertex 51 35.4966 6
      vertex 50.8581 35.3914 6
    endloop
  endfacet
  facet normal 0.595552 -0.803316 0
    outer loop
      vertex 51 35.4966 6
      vertex 50.8581 35.3914 0
      vertex 51 35.4966 0
    endloop
  endfacet
  facet normal 0.514496 -0.857493 0
    outer loop
      vertex 51 35.4966 0
      vertex 51.1515 35.5875 6
      vertex 51 35.4966 6
    endloop
  endfacet
  facet normal 0.514496 -0.857493 0
    outer loop
      vertex 51.1515 35.5875 6
      vertex 51 35.4966 0
      vertex 51.1515 35.5875 0
    endloop
  endfacet
  facet normal 0.671432 -0.741066 0
    outer loop
      vertex 50.7272 35.2728 0
      vertex 50.8581 35.3914 6
      vertex 50.7272 35.2728 6
    endloop
  endfacet
  facet normal 0.671432 -0.741066 0
    outer loop
      vertex 50.8581 35.3914 6
      vertex 50.7272 35.2728 0
      vertex 50.8581 35.3914 0
    endloop
  endfacet
  facet normal 0.336874 -0.94155 0
    outer loop
      vertex 51.3112 35.663 0
      vertex 51.4775 35.7225 6
      vertex 51.3112 35.663 6
    endloop
  endfacet
  facet normal 0.336874 -0.94155 0
    outer loop
      vertex 51.4775 35.7225 6
      vertex 51.3112 35.663 0
      vertex 51.4775 35.7225 0
    endloop
  endfacet
  facet normal 0.146569 -0.9892 0
    outer loop
      vertex 51.6488 35.7654 0
      vertex 51.8236 35.7913 6
      vertex 51.6488 35.7654 6
    endloop
  endfacet
  facet normal 0.146569 -0.9892 0
    outer loop
      vertex 51.8236 35.7913 6
      vertex 51.6488 35.7654 0
      vertex 51.8236 35.7913 0
    endloop
  endfacet
  facet normal -0.998786 0.0492599 0
    outer loop
      vertex 53.7913 33.8236 0
      vertex 53.8 34 6
      vertex 53.8 34 0
    endloop
  endfacet
  facet normal -0.998786 0.0492599 0
    outer loop
      vertex 53.8 34 6
      vertex 53.7913 33.8236 0
      vertex 53.7913 33.8236 6
    endloop
  endfacet
  facet normal -0.146569 0.9892 0
    outer loop
      vertex 52.3512 32.2346 0
      vertex 52.1764 32.2087 6
      vertex 52.3512 32.2346 6
    endloop
  endfacet
  facet normal -0.146569 0.9892 0
    outer loop
      vertex 52.1764 32.2087 6
      vertex 52.3512 32.2346 0
      vertex 52.1764 32.2087 0
    endloop
  endfacet
  facet normal -0.336874 0.94155 0
    outer loop
      vertex 52.6888 32.337 0
      vertex 52.5225 32.2775 6
      vertex 52.6888 32.337 6
    endloop
  endfacet
  facet normal -0.336874 0.94155 0
    outer loop
      vertex 52.5225 32.2775 6
      vertex 52.6888 32.337 0
      vertex 52.5225 32.2775 0
    endloop
  endfacet
  facet normal -0.671432 0.741066 0
    outer loop
      vertex 53.2728 32.7272 0
      vertex 53.1419 32.6086 6
      vertex 53.2728 32.7272 6
    endloop
  endfacet
  facet normal -0.671432 0.741066 0
    outer loop
      vertex 53.1419 32.6086 6
      vertex 53.2728 32.7272 0
      vertex 53.1419 32.6086 0
    endloop
  endfacet
  facet normal -0.514496 0.857493 0
    outer loop
      vertex 53 32.5034 0
      vertex 52.8485 32.4125 6
      vertex 53 32.5034 6
    endloop
  endfacet
  facet normal -0.514496 0.857493 0
    outer loop
      vertex 52.8485 32.4125 6
      vertex 53 32.5034 0
      vertex 52.8485 32.4125 0
    endloop
  endfacet
  facet normal -0.803316 0.595552 0
    outer loop
      vertex 53.3914 32.8581 0
      vertex 53.4966 33 6
      vertex 53.4966 33 0
    endloop
  endfacet
  facet normal -0.803316 0.595552 0
    outer loop
      vertex 53.4966 33 6
      vertex 53.3914 32.8581 0
      vertex 53.3914 32.8581 6
    endloop
  endfacet
  facet normal -0.90406 0.427405 0
    outer loop
      vertex 53.5875 33.1515 0
      vertex 53.663 33.3112 6
      vertex 53.663 33.3112 0
    endloop
  endfacet
  facet normal -0.90406 0.427405 0
    outer loop
      vertex 53.663 33.3112 6
      vertex 53.5875 33.1515 0
      vertex 53.5875 33.1515 6
    endloop
  endfacet
  facet normal -0.970042 0.242935 0
    outer loop
      vertex 53.7225 33.4775 0
      vertex 53.7654 33.6488 6
      vertex 53.7654 33.6488 0
    endloop
  endfacet
  facet normal -0.970042 0.242935 0
    outer loop
      vertex 53.7654 33.6488 6
      vertex 53.7225 33.4775 0
      vertex 53.7225 33.4775 6
    endloop
  endfacet
  facet normal 0.595552 0.803316 -0
    outer loop
      vertex 51 32.5034 0
      vertex 50.8581 32.6086 6
      vertex 51 32.5034 6
    endloop
  endfacet
  facet normal 0.595552 0.803316 0
    outer loop
      vertex 50.8581 32.6086 6
      vertex 51 32.5034 0
      vertex 50.8581 32.6086 0
    endloop
  endfacet
  facet normal 0.427405 0.90406 -0
    outer loop
      vertex 51.3112 32.337 0
      vertex 51.1515 32.4125 6
      vertex 51.3112 32.337 6
    endloop
  endfacet
  facet normal 0.427405 0.90406 0
    outer loop
      vertex 51.1515 32.4125 6
      vertex 51.3112 32.337 0
      vertex 51.1515 32.4125 0
    endloop
  endfacet
  facet normal 0.242935 0.970042 -0
    outer loop
      vertex 51.6488 32.2346 0
      vertex 51.4775 32.2775 6
      vertex 51.6488 32.2346 6
    endloop
  endfacet
  facet normal 0.242935 0.970042 0
    outer loop
      vertex 51.4775 32.2775 6
      vertex 51.6488 32.2346 0
      vertex 51.4775 32.2775 0
    endloop
  endfacet
  facet normal 0.0492599 0.998786 -0
    outer loop
      vertex 52 32.2 0
      vertex 51.8236 32.2087 6
      vertex 52 32.2 6
    endloop
  endfacet
  facet normal 0.0492599 0.998786 0
    outer loop
      vertex 51.8236 32.2087 6
      vertex 52 32.2 0
      vertex 51.8236 32.2087 0
    endloop
  endfacet
  facet normal 0.803316 0.595552 0
    outer loop
      vertex 50.6086 32.8581 6
      vertex 50.5034 33 0
      vertex 50.5034 33 6
    endloop
  endfacet
  facet normal 0.803316 0.595552 0
    outer loop
      vertex 50.5034 33 0
      vertex 50.6086 32.8581 6
      vertex 50.6086 32.8581 0
    endloop
  endfacet
  facet normal 0.857493 0.514496 0
    outer loop
      vertex 50.5034 33 6
      vertex 50.4125 33.1515 0
      vertex 50.4125 33.1515 6
    endloop
  endfacet
  facet normal 0.857493 0.514496 0
    outer loop
      vertex 50.4125 33.1515 0
      vertex 50.5034 33 6
      vertex 50.5034 33 0
    endloop
  endfacet
  facet normal 0.741066 0.671432 0
    outer loop
      vertex 50.7272 32.7272 6
      vertex 50.6086 32.8581 0
      vertex 50.6086 32.8581 6
    endloop
  endfacet
  facet normal 0.741066 0.671432 0
    outer loop
      vertex 50.6086 32.8581 0
      vertex 50.7272 32.7272 6
      vertex 50.7272 32.7272 0
    endloop
  endfacet
  facet normal 0.94155 0.336874 0
    outer loop
      vertex 50.337 33.3112 6
      vertex 50.2775 33.4775 0
      vertex 50.2775 33.4775 6
    endloop
  endfacet
  facet normal 0.94155 0.336874 0
    outer loop
      vertex 50.2775 33.4775 0
      vertex 50.337 33.3112 6
      vertex 50.337 33.3112 0
    endloop
  endfacet
  facet normal 0.90406 0.427405 0
    outer loop
      vertex 50.4125 33.1515 6
      vertex 50.337 33.3112 0
      vertex 50.337 33.3112 6
    endloop
  endfacet
  facet normal 0.90406 0.427405 0
    outer loop
      vertex 50.337 33.3112 0
      vertex 50.4125 33.1515 6
      vertex 50.4125 33.1515 0
    endloop
  endfacet
  facet normal 0.9892 0.146569 0
    outer loop
      vertex 50.2346 33.6488 6
      vertex 50.2087 33.8236 0
      vertex 50.2087 33.8236 6
    endloop
  endfacet
  facet normal 0.9892 0.146569 0
    outer loop
      vertex 50.2087 33.8236 0
      vertex 50.2346 33.6488 6
      vertex 50.2346 33.6488 0
    endloop
  endfacet
  facet normal 0.998786 0.0492599 0
    outer loop
      vertex 50.2087 33.8236 6
      vertex 50.2 34 0
      vertex 50.2 34 6
    endloop
  endfacet
  facet normal 0.998786 0.0492599 0
    outer loop
      vertex 50.2 34 0
      vertex 50.2087 33.8236 6
      vertex 50.2087 33.8236 0
    endloop
  endfacet
  facet normal -0.242935 0.970042 0
    outer loop
      vertex 52.5225 32.2775 0
      vertex 52.3512 32.2346 6
      vertex 52.5225 32.2775 6
    endloop
  endfacet
  facet normal -0.242935 0.970042 0
    outer loop
      vertex 52.3512 32.2346 6
      vertex 52.5225 32.2775 0
      vertex 52.3512 32.2346 0
    endloop
  endfacet
  facet normal -0.427405 0.90406 0
    outer loop
      vertex 52.8485 32.4125 0
      vertex 52.6888 32.337 6
      vertex 52.8485 32.4125 6
    endloop
  endfacet
  facet normal -0.427405 0.90406 0
    outer loop
      vertex 52.6888 32.337 6
      vertex 52.8485 32.4125 0
      vertex 52.6888 32.337 0
    endloop
  endfacet
  facet normal -0.741066 0.671432 0
    outer loop
      vertex 53.2728 32.7272 0
      vertex 53.3914 32.8581 6
      vertex 53.3914 32.8581 0
    endloop
  endfacet
  facet normal -0.741066 0.671432 0
    outer loop
      vertex 53.3914 32.8581 6
      vertex 53.2728 32.7272 0
      vertex 53.2728 32.7272 6
    endloop
  endfacet
  facet normal -0.595552 0.803316 0
    outer loop
      vertex 53.1419 32.6086 0
      vertex 53 32.5034 6
      vertex 53.1419 32.6086 6
    endloop
  endfacet
  facet normal -0.595552 0.803316 0
    outer loop
      vertex 53 32.5034 6
      vertex 53.1419 32.6086 0
      vertex 53 32.5034 0
    endloop
  endfacet
  facet normal -0.857493 0.514496 0
    outer loop
      vertex 53.4966 33 0
      vertex 53.5875 33.1515 6
      vertex 53.5875 33.1515 0
    endloop
  endfacet
  facet normal -0.857493 0.514496 0
    outer loop
      vertex 53.5875 33.1515 6
      vertex 53.4966 33 0
      vertex 53.4966 33 6
    endloop
  endfacet
  facet normal -0.94155 0.336874 0
    outer loop
      vertex 53.663 33.3112 0
      vertex 53.7225 33.4775 6
      vertex 53.7225 33.4775 0
    endloop
  endfacet
  facet normal -0.94155 0.336874 0
    outer loop
      vertex 53.7225 33.4775 6
      vertex 53.663 33.3112 0
      vertex 53.663 33.3112 6
    endloop
  endfacet
  facet normal -0.9892 0.146569 0
    outer loop
      vertex 53.7654 33.6488 0
      vertex 53.7913 33.8236 6
      vertex 53.7913 33.8236 0
    endloop
  endfacet
  facet normal -0.9892 0.146569 0
    outer loop
      vertex 53.7913 33.8236 6
      vertex 53.7654 33.6488 0
      vertex 53.7654 33.6488 6
    endloop
  endfacet
  facet normal 0.514496 0.857493 -0
    outer loop
      vertex 51.1515 32.4125 0
      vertex 51 32.5034 6
      vertex 51.1515 32.4125 6
    endloop
  endfacet
  facet normal 0.514496 0.857493 0
    outer loop
      vertex 51 32.5034 6
      vertex 51.1515 32.4125 0
      vertex 51 32.5034 0
    endloop
  endfacet
  facet normal 0.336874 0.94155 -0
    outer loop
      vertex 51.4775 32.2775 0
      vertex 51.3112 32.337 6
      vertex 51.4775 32.2775 6
    endloop
  endfacet
  facet normal 0.336874 0.94155 0
    outer loop
      vertex 51.3112 32.337 6
      vertex 51.4775 32.2775 0
      vertex 51.3112 32.337 0
    endloop
  endfacet
  facet normal 0.146569 0.9892 -0
    outer loop
      vertex 51.8236 32.2087 0
      vertex 51.6488 32.2346 6
      vertex 51.8236 32.2087 6
    endloop
  endfacet
  facet normal 0.146569 0.9892 0
    outer loop
      vertex 51.6488 32.2346 6
      vertex 51.8236 32.2087 0
      vertex 51.6488 32.2346 0
    endloop
  endfacet
  facet normal -0.0492599 0.998786 0
    outer loop
      vertex 52.1764 32.2087 0
      vertex 52 32.2 6
      vertex 52.1764 32.2087 6
    endloop
  endfacet
  facet normal -0.0492599 0.998786 0
    outer loop
      vertex 52 32.2 6
      vertex 52.1764 32.2087 0
      vertex 52 32.2 0
    endloop
  endfacet
  facet normal 0.970042 0.242935 0
    outer loop
      vertex 50.2775 33.4775 6
      vertex 50.2346 33.6488 0
      vertex 50.2346 33.6488 6
    endloop
  endfacet
  facet normal 0.970042 0.242935 0
    outer loop
      vertex 50.2346 33.6488 0
      vertex 50.2775 33.4775 6
      vertex 50.2775 33.4775 0
    endloop
  endfacet
  facet normal -0.998808 -0.0488139 0
    outer loop
      vertex 73.9 34 0
      vertex 73.8909 34.1862 6
      vertex 73.8909 34.1862 0
    endloop
  endfacet
  facet normal -0.998808 -0.0488139 0
    outer loop
      vertex 73.8909 34.1862 6
      vertex 73.9 34 0
      vertex 73.9 34 6
    endloop
  endfacet
  facet normal 0.0488139 -0.998808 0
    outer loop
      vertex 71.8138 35.8909 0
      vertex 72 35.9 6
      vertex 71.8138 35.8909 6
    endloop
  endfacet
  facet normal 0.0488139 -0.998808 0
    outer loop
      vertex 72 35.9 6
      vertex 71.8138 35.8909 0
      vertex 72 35.9 0
    endloop
  endfacet
  facet normal -0.0488139 0.998808 0
    outer loop
      vertex 72.1862 32.1091 0
      vertex 72 32.1 6
      vertex 72.1862 32.1091 6
    endloop
  endfacet
  facet normal -0.0488139 0.998808 0
    outer loop
      vertex 72 32.1 6
      vertex 72.1862 32.1091 0
      vertex 72 32.1 0
    endloop
  endfacet
  facet normal -0.671391 -0.741104 0
    outer loop
      vertex 73.2053 35.4687 0
      vertex 73.3435 35.3435 6
      vertex 73.2053 35.4687 6
    endloop
  endfacet
  facet normal -0.671391 -0.741104 -0
    outer loop
      vertex 73.3435 35.3435 6
      vertex 73.2053 35.4687 0
      vertex 73.3435 35.3435 0
    endloop
  endfacet
  facet normal 0.741104 -0.671391 0
    outer loop
      vertex 70.5313 35.2053 6
      vertex 70.6565 35.3435 0
      vertex 70.6565 35.3435 6
    endloop
  endfacet
  facet normal 0.741104 -0.671391 0
    outer loop
      vertex 70.6565 35.3435 0
      vertex 70.5313 35.2053 6
      vertex 70.5313 35.2053 0
    endloop
  endfacet
  facet normal 0.427372 -0.904076 0
    outer loop
      vertex 71.1043 35.6757 0
      vertex 71.2729 35.7554 6
      vertex 71.1043 35.6757 6
    endloop
  endfacet
  facet normal 0.427372 -0.904076 0
    outer loop
      vertex 71.2729 35.7554 6
      vertex 71.1043 35.6757 0
      vertex 71.2729 35.7554 0
    endloop
  endfacet
  facet normal -0.904076 -0.427372 0
    outer loop
      vertex 73.7554 34.7271 0
      vertex 73.6757 34.8957 6
      vertex 73.6757 34.8957 0
    endloop
  endfacet
  facet normal -0.904076 -0.427372 0
    outer loop
      vertex 73.6757 34.8957 6
      vertex 73.7554 34.7271 0
      vertex 73.7554 34.7271 6
    endloop
  endfacet
  facet normal -0.336744 -0.941596 0
    outer loop
      vertex 72.5515 35.8182 0
      vertex 72.7271 35.7554 6
      vertex 72.5515 35.8182 6
    endloop
  endfacet
  facet normal -0.336744 -0.941596 -0
    outer loop
      vertex 72.7271 35.7554 6
      vertex 72.5515 35.8182 0
      vertex 72.7271 35.7554 0
    endloop
  endfacet
  facet normal -0.514338 -0.857588 0
    outer loop
      vertex 72.8957 35.6757 0
      vertex 73.0556 35.5798 6
      vertex 72.8957 35.6757 6
    endloop
  endfacet
  facet normal -0.514338 -0.857588 -0
    outer loop
      vertex 73.0556 35.5798 6
      vertex 72.8957 35.6757 0
      vertex 73.0556 35.5798 0
    endloop
  endfacet
  facet normal 0.904076 -0.427372 0
    outer loop
      vertex 70.2446 34.7271 6
      vertex 70.3243 34.8957 0
      vertex 70.3243 34.8957 6
    endloop
  endfacet
  facet normal 0.904076 -0.427372 0
    outer loop
      vertex 70.3243 34.8957 0
      vertex 70.2446 34.7271 6
      vertex 70.2446 34.7271 0
    endloop
  endfacet
  facet normal 0.857588 -0.514338 0
    outer loop
      vertex 70.3243 34.8957 6
      vertex 70.4202 35.0556 0
      vertex 70.4202 35.0556 6
    endloop
  endfacet
  facet normal 0.857588 -0.514338 0
    outer loop
      vertex 70.4202 35.0556 0
      vertex 70.3243 34.8957 6
      vertex 70.3243 34.8957 0
    endloop
  endfacet
  facet normal 0.243041 -0.970016 0
    outer loop
      vertex 71.4485 35.8182 0
      vertex 71.6293 35.8635 6
      vertex 71.4485 35.8182 6
    endloop
  endfacet
  facet normal 0.243041 -0.970016 0
    outer loop
      vertex 71.6293 35.8635 6
      vertex 71.4485 35.8182 0
      vertex 71.6293 35.8635 0
    endloop
  endfacet
  facet normal -0.146898 0.989152 0
    outer loop
      vertex 72.3707 32.1365 0
      vertex 72.1862 32.1091 6
      vertex 72.3707 32.1365 6
    endloop
  endfacet
  facet normal -0.146898 0.989152 0
    outer loop
      vertex 72.1862 32.1091 6
      vertex 72.3707 32.1365 0
      vertex 72.1862 32.1091 0
    endloop
  endfacet
  facet normal -0.970016 -0.243041 0
    outer loop
      vertex 73.8635 34.3707 0
      vertex 73.8182 34.5515 6
      vertex 73.8182 34.5515 0
    endloop
  endfacet
  facet normal -0.970016 -0.243041 0
    outer loop
      vertex 73.8182 34.5515 6
      vertex 73.8635 34.3707 0
      vertex 73.8635 34.3707 6
    endloop
  endfacet
  facet normal -0.989152 -0.146898 0
    outer loop
      vertex 73.8909 34.1862 0
      vertex 73.8635 34.3707 6
      vertex 73.8635 34.3707 0
    endloop
  endfacet
  facet normal -0.989152 -0.146898 0
    outer loop
      vertex 73.8635 34.3707 6
      vertex 73.8909 34.1862 0
      vertex 73.8909 34.1862 6
    endloop
  endfacet
  facet normal -0.941596 -0.336744 0
    outer loop
      vertex 73.8182 34.5515 0
      vertex 73.7554 34.7271 6
      vertex 73.7554 34.7271 0
    endloop
  endfacet
  facet normal -0.941596 -0.336744 0
    outer loop
      vertex 73.7554 34.7271 6
      vertex 73.8182 34.5515 0
      vertex 73.8182 34.5515 6
    endloop
  endfacet
  facet normal -0.803015 -0.595959 0
    outer loop
      vertex 73.5798 35.0556 0
      vertex 73.4687 35.2053 6
      vertex 73.4687 35.2053 0
    endloop
  endfacet
  facet normal -0.803015 -0.595959 0
    outer loop
      vertex 73.4687 35.2053 6
      vertex 73.5798 35.0556 0
      vertex 73.5798 35.0556 6
    endloop
  endfacet
  facet normal -0.741104 -0.671391 0
    outer loop
      vertex 73.4687 35.2053 0
      vertex 73.3435 35.3435 6
      vertex 73.3435 35.3435 0
    endloop
  endfacet
  facet normal -0.741104 -0.671391 0
    outer loop
      vertex 73.3435 35.3435 6
      vertex 73.4687 35.2053 0
      vertex 73.4687 35.2053 6
    endloop
  endfacet
  facet normal -0.857588 -0.514338 0
    outer loop
      vertex 73.6757 34.8957 0
      vertex 73.5798 35.0556 6
      vertex 73.5798 35.0556 0
    endloop
  endfacet
  facet normal -0.857588 -0.514338 0
    outer loop
      vertex 73.5798 35.0556 6
      vertex 73.6757 34.8957 0
      vertex 73.6757 34.8957 6
    endloop
  endfacet
  facet normal -0.146898 -0.989152 0
    outer loop
      vertex 72.1862 35.8909 0
      vertex 72.3707 35.8635 6
      vertex 72.1862 35.8909 6
    endloop
  endfacet
  facet normal -0.146898 -0.989152 -0
    outer loop
      vertex 72.3707 35.8635 6
      vertex 72.1862 35.8909 0
      vertex 72.3707 35.8635 0
    endloop
  endfacet
  facet normal -0.0488139 -0.998808 0
    outer loop
      vertex 72 35.9 0
      vertex 72.1862 35.8909 6
      vertex 72 35.9 6
    endloop
  endfacet
  facet normal -0.0488139 -0.998808 -0
    outer loop
      vertex 72.1862 35.8909 6
      vertex 72 35.9 0
      vertex 72.1862 35.8909 0
    endloop
  endfacet
  facet normal -0.595959 -0.803015 0
    outer loop
      vertex 73.0556 35.5798 0
      vertex 73.2053 35.4687 6
      vertex 73.0556 35.5798 6
    endloop
  endfacet
  facet normal -0.595959 -0.803015 -0
    outer loop
      vertex 73.2053 35.4687 6
      vertex 73.0556 35.5798 0
      vertex 73.2053 35.4687 0
    endloop
  endfacet
  facet normal 0.989152 -0.146898 0
    outer loop
      vertex 70.1091 34.1862 6
      vertex 70.1365 34.3707 0
      vertex 70.1365 34.3707 6
    endloop
  endfacet
  facet normal 0.989152 -0.146898 0
    outer loop
      vertex 70.1365 34.3707 0
      vertex 70.1091 34.1862 6
      vertex 70.1091 34.1862 0
    endloop
  endfacet
  facet normal 0.941596 -0.336744 0
    outer loop
      vertex 70.1818 34.5515 6
      vertex 70.2446 34.7271 0
      vertex 70.2446 34.7271 6
    endloop
  endfacet
  facet normal 0.941596 -0.336744 0
    outer loop
      vertex 70.2446 34.7271 0
      vertex 70.1818 34.5515 6
      vertex 70.1818 34.5515 0
    endloop
  endfacet
  facet normal 0.998808 -0.0488139 0
    outer loop
      vertex 70.1 34 6
      vertex 70.1091 34.1862 0
      vertex 70.1091 34.1862 6
    endloop
  endfacet
  facet normal 0.998808 -0.0488139 0
    outer loop
      vertex 70.1091 34.1862 0
      vertex 70.1 34 6
      vertex 70.1 34 0
    endloop
  endfacet
  facet normal 0.595959 -0.803015 0
    outer loop
      vertex 70.7947 35.4687 0
      vertex 70.9444 35.5798 6
      vertex 70.7947 35.4687 6
    endloop
  endfacet
  facet normal 0.595959 -0.803015 0
    outer loop
      vertex 70.9444 35.5798 6
      vertex 70.7947 35.4687 0
      vertex 70.9444 35.5798 0
    endloop
  endfacet
  facet normal 0.146898 -0.989152 0
    outer loop
      vertex 71.6293 35.8635 0
      vertex 71.8138 35.8909 6
      vertex 71.6293 35.8635 6
    endloop
  endfacet
  facet normal 0.146898 -0.989152 0
    outer loop
      vertex 71.8138 35.8909 6
      vertex 71.6293 35.8635 0
      vertex 71.8138 35.8909 0
    endloop
  endfacet
  facet normal -0.998808 0.0488139 0
    outer loop
      vertex 73.8909 33.8138 0
      vertex 73.9 34 6
      vertex 73.9 34 0
    endloop
  endfacet
  facet normal -0.998808 0.0488139 0
    outer loop
      vertex 73.9 34 6
      vertex 73.8909 33.8138 0
      vertex 73.8909 33.8138 6
    endloop
  endfacet
  facet normal -0.741104 0.671391 0
    outer loop
      vertex 73.3435 32.6565 0
      vertex 73.4687 32.7947 6
      vertex 73.4687 32.7947 0
    endloop
  endfacet
  facet normal -0.741104 0.671391 0
    outer loop
      vertex 73.4687 32.7947 6
      vertex 73.3435 32.6565 0
      vertex 73.3435 32.6565 6
    endloop
  endfacet
  facet normal -0.904076 0.427372 0
    outer loop
      vertex 73.6757 33.1043 0
      vertex 73.7554 33.2729 6
      vertex 73.7554 33.2729 0
    endloop
  endfacet
  facet normal -0.904076 0.427372 0
    outer loop
      vertex 73.7554 33.2729 6
      vertex 73.6757 33.1043 0
      vertex 73.6757 33.1043 6
    endloop
  endfacet
  facet normal -0.427372 0.904076 0
    outer loop
      vertex 72.8957 32.3243 0
      vertex 72.7271 32.2446 6
      vertex 72.8957 32.3243 6
    endloop
  endfacet
  facet normal -0.427372 0.904076 0
    outer loop
      vertex 72.7271 32.2446 6
      vertex 72.8957 32.3243 0
      vertex 72.7271 32.2446 0
    endloop
  endfacet
  facet normal -0.243041 -0.970016 0
    outer loop
      vertex 72.3707 35.8635 0
      vertex 72.5515 35.8182 6
      vertex 72.3707 35.8635 6
    endloop
  endfacet
  facet normal -0.243041 -0.970016 -0
    outer loop
      vertex 72.5515 35.8182 6
      vertex 72.3707 35.8635 0
      vertex 72.5515 35.8182 0
    endloop
  endfacet
  facet normal -0.427372 -0.904076 0
    outer loop
      vertex 72.7271 35.7554 0
      vertex 72.8957 35.6757 6
      vertex 72.7271 35.7554 6
    endloop
  endfacet
  facet normal -0.427372 -0.904076 -0
    outer loop
      vertex 72.8957 35.6757 6
      vertex 72.7271 35.7554 0
      vertex 72.8957 35.6757 0
    endloop
  endfacet
  facet normal 0.803015 -0.595959 0
    outer loop
      vertex 70.4202 35.0556 6
      vertex 70.5313 35.2053 0
      vertex 70.5313 35.2053 6
    endloop
  endfacet
  facet normal 0.803015 -0.595959 0
    outer loop
      vertex 70.5313 35.2053 0
      vertex 70.4202 35.0556 6
      vertex 70.4202 35.0556 0
    endloop
  endfacet
  facet normal 0.970016 -0.243041 0
    outer loop
      vertex 70.1365 34.3707 6
      vertex 70.1818 34.5515 0
      vertex 70.1818 34.5515 6
    endloop
  endfacet
  facet normal 0.970016 -0.243041 0
    outer loop
      vertex 70.1818 34.5515 0
      vertex 70.1365 34.3707 6
      vertex 70.1365 34.3707 0
    endloop
  endfacet
  facet normal 0.998808 0.0488139 0
    outer loop
      vertex 70.1091 33.8138 6
      vertex 70.1 34 0
      vertex 70.1 34 6
    endloop
  endfacet
  facet normal 0.998808 0.0488139 0
    outer loop
      vertex 70.1 34 0
      vertex 70.1091 33.8138 6
      vertex 70.1091 33.8138 0
    endloop
  endfacet
  facet normal 0.671391 -0.741104 0
    outer loop
      vertex 70.6565 35.3435 0
      vertex 70.7947 35.4687 6
      vertex 70.6565 35.3435 6
    endloop
  endfacet
  facet normal 0.671391 -0.741104 0
    outer loop
      vertex 70.7947 35.4687 6
      vertex 70.6565 35.3435 0
      vertex 70.7947 35.4687 0
    endloop
  endfacet
  facet normal 0.514338 -0.857588 0
    outer loop
      vertex 70.9444 35.5798 0
      vertex 71.1043 35.6757 6
      vertex 70.9444 35.5798 6
    endloop
  endfacet
  facet normal 0.514338 -0.857588 0
    outer loop
      vertex 71.1043 35.6757 6
      vertex 70.9444 35.5798 0
      vertex 71.1043 35.6757 0
    endloop
  endfacet
  facet normal 0.336744 -0.941596 0
    outer loop
      vertex 71.2729 35.7554 0
      vertex 71.4485 35.8182 6
      vertex 71.2729 35.7554 6
    endloop
  endfacet
  facet normal 0.336744 -0.941596 0
    outer loop
      vertex 71.4485 35.8182 6
      vertex 71.2729 35.7554 0
      vertex 71.4485 35.8182 0
    endloop
  endfacet
  facet normal -0.989152 0.146898 0
    outer loop
      vertex 73.8635 33.6293 0
      vertex 73.8909 33.8138 6
      vertex 73.8909 33.8138 0
    endloop
  endfacet
  facet normal -0.989152 0.146898 0
    outer loop
      vertex 73.8909 33.8138 6
      vertex 73.8635 33.6293 0
      vertex 73.8635 33.6293 6
    endloop
  endfacet
  facet normal -0.671391 0.741104 0
    outer loop
      vertex 73.3435 32.6565 0
      vertex 73.2053 32.5313 6
      vertex 73.3435 32.6565 6
    endloop
  endfacet
  facet normal -0.671391 0.741104 0
    outer loop
      vertex 73.2053 32.5313 6
      vertex 73.3435 32.6565 0
      vertex 73.2053 32.5313 0
    endloop
  endfacet
  facet normal -0.803015 0.595959 0
    outer loop
      vertex 73.4687 32.7947 0
      vertex 73.5798 32.9444 6
      vertex 73.5798 32.9444 0
    endloop
  endfacet
  facet normal -0.803015 0.595959 0
    outer loop
      vertex 73.5798 32.9444 6
      vertex 73.4687 32.7947 0
      vertex 73.4687 32.7947 6
    endloop
  endfacet
  facet normal 0.741104 0.671391 0
    outer loop
      vertex 70.6565 32.6565 6
      vertex 70.5313 32.7947 0
      vertex 70.5313 32.7947 6
    endloop
  endfacet
  facet normal 0.741104 0.671391 0
    outer loop
      vertex 70.5313 32.7947 0
      vertex 70.6565 32.6565 6
      vertex 70.6565 32.6565 0
    endloop
  endfacet
  facet normal 0.857588 0.514338 0
    outer loop
      vertex 70.4202 32.9444 6
      vertex 70.3243 33.1043 0
      vertex 70.3243 33.1043 6
    endloop
  endfacet
  facet normal 0.857588 0.514338 0
    outer loop
      vertex 70.3243 33.1043 0
      vertex 70.4202 32.9444 6
      vertex 70.4202 32.9444 0
    endloop
  endfacet
  facet normal 0.803015 0.595959 0
    outer loop
      vertex 70.5313 32.7947 6
      vertex 70.4202 32.9444 0
      vertex 70.4202 32.9444 6
    endloop
  endfacet
  facet normal 0.803015 0.595959 0
    outer loop
      vertex 70.4202 32.9444 0
      vertex 70.5313 32.7947 6
      vertex 70.5313 32.7947 0
    endloop
  endfacet
  facet normal 0.941596 0.336744 0
    outer loop
      vertex 70.2446 33.2729 6
      vertex 70.1818 33.4485 0
      vertex 70.1818 33.4485 6
    endloop
  endfacet
  facet normal 0.941596 0.336744 0
    outer loop
      vertex 70.1818 33.4485 0
      vertex 70.2446 33.2729 6
      vertex 70.2446 33.2729 0
    endloop
  endfacet
  facet normal 0.989152 0.146898 0
    outer loop
      vertex 70.1365 33.6293 6
      vertex 70.1091 33.8138 0
      vertex 70.1091 33.8138 6
    endloop
  endfacet
  facet normal 0.989152 0.146898 0
    outer loop
      vertex 70.1091 33.8138 0
      vertex 70.1365 33.6293 6
      vertex 70.1365 33.6293 0
    endloop
  endfacet
  facet normal -0.243041 0.970016 0
    outer loop
      vertex 72.5515 32.1818 0
      vertex 72.3707 32.1365 6
      vertex 72.5515 32.1818 6
    endloop
  endfacet
  facet normal -0.243041 0.970016 0
    outer loop
      vertex 72.3707 32.1365 6
      vertex 72.5515 32.1818 0
      vertex 72.3707 32.1365 0
    endloop
  endfacet
  facet normal -0.941596 0.336744 0
    outer loop
      vertex 73.7554 33.2729 0
      vertex 73.8182 33.4485 6
      vertex 73.8182 33.4485 0
    endloop
  endfacet
  facet normal -0.941596 0.336744 0
    outer loop
      vertex 73.8182 33.4485 6
      vertex 73.7554 33.2729 0
      vertex 73.7554 33.2729 6
    endloop
  endfacet
  facet normal -0.970016 0.243041 0
    outer loop
      vertex 73.8182 33.4485 0
      vertex 73.8635 33.6293 6
      vertex 73.8635 33.6293 0
    endloop
  endfacet
  facet normal -0.970016 0.243041 0
    outer loop
      vertex 73.8635 33.6293 6
      vertex 73.8182 33.4485 0
      vertex 73.8182 33.4485 6
    endloop
  endfacet
  facet normal -0.514338 0.857588 0
    outer loop
      vertex 73.0556 32.4202 0
      vertex 72.8957 32.3243 6
      vertex 73.0556 32.4202 6
    endloop
  endfacet
  facet normal -0.514338 0.857588 0
    outer loop
      vertex 72.8957 32.3243 6
      vertex 73.0556 32.4202 0
      vertex 72.8957 32.3243 0
    endloop
  endfacet
  facet normal -0.595959 0.803015 0
    outer loop
      vertex 73.2053 32.5313 0
      vertex 73.0556 32.4202 6
      vertex 73.2053 32.5313 6
    endloop
  endfacet
  facet normal -0.595959 0.803015 0
    outer loop
      vertex 73.0556 32.4202 6
      vertex 73.2053 32.5313 0
      vertex 73.0556 32.4202 0
    endloop
  endfacet
  facet normal -0.857588 0.514338 0
    outer loop
      vertex 73.5798 32.9444 0
      vertex 73.6757 33.1043 6
      vertex 73.6757 33.1043 0
    endloop
  endfacet
  facet normal -0.857588 0.514338 0
    outer loop
      vertex 73.6757 33.1043 6
      vertex 73.5798 32.9444 0
      vertex 73.5798 32.9444 6
    endloop
  endfacet
  facet normal 0.595959 0.803015 -0
    outer loop
      vertex 70.9444 32.4202 0
      vertex 70.7947 32.5313 6
      vertex 70.9444 32.4202 6
    endloop
  endfacet
  facet normal 0.595959 0.803015 0
    outer loop
      vertex 70.7947 32.5313 6
      vertex 70.9444 32.4202 0
      vertex 70.7947 32.5313 0
    endloop
  endfacet
  facet normal 0.336744 0.941596 -0
    outer loop
      vertex 71.4485 32.1818 0
      vertex 71.2729 32.2446 6
      vertex 71.4485 32.1818 6
    endloop
  endfacet
  facet normal 0.336744 0.941596 0
    outer loop
      vertex 71.2729 32.2446 6
      vertex 71.4485 32.1818 0
      vertex 71.2729 32.2446 0
    endloop
  endfacet
  facet normal 0.146898 0.989152 -0
    outer loop
      vertex 71.8138 32.1091 0
      vertex 71.6293 32.1365 6
      vertex 71.8138 32.1091 6
    endloop
  endfacet
  facet normal 0.146898 0.989152 0
    outer loop
      vertex 71.6293 32.1365 6
      vertex 71.8138 32.1091 0
      vertex 71.6293 32.1365 0
    endloop
  endfacet
  facet normal 0.671391 0.741104 -0
    outer loop
      vertex 70.7947 32.5313 0
      vertex 70.6565 32.6565 6
      vertex 70.7947 32.5313 6
    endloop
  endfacet
  facet normal 0.671391 0.741104 0
    outer loop
      vertex 70.6565 32.6565 6
      vertex 70.7947 32.5313 0
      vertex 70.6565 32.6565 0
    endloop
  endfacet
  facet normal 0.904076 0.427372 0
    outer loop
      vertex 70.3243 33.1043 6
      vertex 70.2446 33.2729 0
      vertex 70.2446 33.2729 6
    endloop
  endfacet
  facet normal 0.904076 0.427372 0
    outer loop
      vertex 70.2446 33.2729 0
      vertex 70.3243 33.1043 6
      vertex 70.3243 33.1043 0
    endloop
  endfacet
  facet normal 0.970016 0.243041 0
    outer loop
      vertex 70.1818 33.4485 6
      vertex 70.1365 33.6293 0
      vertex 70.1365 33.6293 6
    endloop
  endfacet
  facet normal 0.970016 0.243041 0
    outer loop
      vertex 70.1365 33.6293 0
      vertex 70.1818 33.4485 6
      vertex 70.1818 33.4485 0
    endloop
  endfacet
  facet normal 0.427372 0.904076 -0
    outer loop
      vertex 71.2729 32.2446 0
      vertex 71.1043 32.3243 6
      vertex 71.2729 32.2446 6
    endloop
  endfacet
  facet normal 0.427372 0.904076 0
    outer loop
      vertex 71.1043 32.3243 6
      vertex 71.2729 32.2446 0
      vertex 71.1043 32.3243 0
    endloop
  endfacet
  facet normal 0.514338 0.857588 -0
    outer loop
      vertex 71.1043 32.3243 0
      vertex 70.9444 32.4202 6
      vertex 71.1043 32.3243 6
    endloop
  endfacet
  facet normal 0.514338 0.857588 0
    outer loop
      vertex 70.9444 32.4202 6
      vertex 71.1043 32.3243 0
      vertex 70.9444 32.4202 0
    endloop
  endfacet
  facet normal 0.243041 0.970016 -0
    outer loop
      vertex 71.6293 32.1365 0
      vertex 71.4485 32.1818 6
      vertex 71.6293 32.1365 6
    endloop
  endfacet
  facet normal 0.243041 0.970016 0
    outer loop
      vertex 71.4485 32.1818 6
      vertex 71.6293 32.1365 0
      vertex 71.4485 32.1818 0
    endloop
  endfacet
  facet normal 0.0488139 0.998808 -0
    outer loop
      vertex 72 32.1 0
      vertex 71.8138 32.1091 6
      vertex 72 32.1 6
    endloop
  endfacet
  facet normal 0.0488139 0.998808 0
    outer loop
      vertex 71.8138 32.1091 6
      vertex 72 32.1 0
      vertex 71.8138 32.1091 0
    endloop
  endfacet
  facet normal -0.336744 0.941596 0
    outer loop
      vertex 72.7271 32.2446 0
      vertex 72.5515 32.1818 6
      vertex 72.7271 32.2446 6
    endloop
  endfacet
  facet normal -0.336744 0.941596 0
    outer loop
      vertex 72.5515 32.1818 6
      vertex 72.7271 32.2446 0
      vertex 72.5515 32.1818 0
    endloop
  endfacet
  facet normal -0.998796 -0.0490661 0
    outer loop
      vertex 0.0144453 2.70595 0
      vertex 0 3 6
      vertex 0 3 0
    endloop
  endfacet
  facet normal -0.998796 -0.0490661 0
    outer loop
      vertex 0 3 6
      vertex 0.0144453 2.70595 0
      vertex 0.0144453 2.70595 6
    endloop
  endfacet
  facet normal 0.146741 -0.989175 0
    outer loop
      vertex 81.2941 0.0144453 0
      vertex 81.5853 0.0576439 6
      vertex 81.2941 0.0144453 6
    endloop
  endfacet
  facet normal 0.146741 -0.989175 0
    outer loop
      vertex 81.5853 0.0576439 6
      vertex 81.2941 0.0144453 0
      vertex 81.5853 0.0576439 0
    endloop
  endfacet
  facet normal 0.998787 0.0492431 0
    outer loop
      vertex 84 43 6
      vertex 83.9855 43.2941 0
      vertex 83.9855 43.2941 6
    endloop
  endfacet
  facet normal 0.998787 0.0492431 0
    outer loop
      vertex 83.9855 43.2941 0
      vertex 84 43 6
      vertex 84 43 0
    endloop
  endfacet
  facet normal 0 0 1
    outer loop
      vertex 2.57162 34.2683 6
      vertex 2.31395 32.1363 6
      vertex 3.26064 32.1363 6
    endloop
  endfacet
  facet normal 0 0 1
    outer loop
      vertex 2.57162 34.2683 6
      vertex 2.31355 34.5032 6
      vertex 2.31395 34.4527 6
    endloop
  endfacet
  facet normal 0 0 1
    outer loop
      vertex 2.57162 34.2683 6
      vertex 2.31235 34.5642 6
      vertex 2.31355 34.5032 6
    endloop
  endfacet
  facet normal 0 0 1
    outer loop
      vertex 2.57162 34.2683 6
      vertex 2.31033 34.6357 6
      vertex 2.31235 34.5642 6
    endloop
  endfacet
  facet normal 0 0 1
    outer loop
      vertex 2.57162 34.2683 6
      vertex 2.30751 34.7177 6
      vertex 2.31033 34.6357 6
    endloop
  endfacet
  facet normal 0 0 1
    outer loop
      vertex 2.57162 34.2683 6
      vertex 2.30389 34.8102 6
      vertex 2.30751 34.7177 6
    endloop
  endfacet
  facet normal 0 0 1
    outer loop
      vertex 2.57162 34.2683 6
      vertex 2.29948 34.9132 6
      vertex 2.30389 34.8102 6
    endloop
  endfacet
  facet normal 0 0 1
    outer loop
      vertex 2.57162 34.2683 6
      vertex 2.29425 35.0268 6
      vertex 2.29948 34.9132 6
    endloop
  endfacet
  facet normal 0 0 1
    outer loop
      vertex 2.57162 34.2683 6
      vertex 2.28822 35.1509 6
      vertex 2.29425 35.0268 6
    endloop
  endfacet
  facet normal -0 -0 1
    outer loop
      vertex 2.28822 35.1509 6
      vertex 2.57162 34.2683 6
      vertex 2.28139 35.2854 6
    endloop
  endfacet
  facet normal 0 0 1
    outer loop
      vertex 2.40347 12.1325 6
      vertex 4.06895 12.1325 6
      vertex 4.06895 13.7709 6
    endloop
  endfacet
  facet normal 0 0 1
    outer loop
      vertex 0 3 6
      vertex 4.06895 12.1325 6
      vertex 2.40347 12.1325 6
    endloop
  endfacet
  facet normal 0 0 1
    outer loop
      vertex 4.06895 12.1325 6
      vertex 0 3 6
      vertex 3 0 6
    endloop
  endfacet
  facet normal 0 0 1
    outer loop
      vertex 2.40347 12.1325 6
      vertex 4.06895 13.7709 6
      vertex 2.40347 13.7709 6
    endloop
  endfacet
  facet normal 0 0 1
    outer loop
      vertex 3 0 6
      vertex 0 3 6
      vertex 2.70595 0.0144453 6
    endloop
  endfacet
  facet normal 0 0 1
    outer loop
      vertex 2.70595 0.0144453 6
      vertex 0 3 6
      vertex 2.41473 0.0576439 6
    endloop
  endfacet
  facet normal 0 0 1
    outer loop
      vertex 2.41473 0.0576439 6
      vertex 0 3 6
      vertex 2.12915 0.129178 6
    endloop
  endfacet
  facet normal 0 0 1
    outer loop
      vertex 0 3 6
      vertex 2.40347 12.1325 6
      vertex 1.60327 12.1325 6
    endloop
  endfacet
  facet normal 0 0 1
    outer loop
      vertex 2.12915 0.129178 6
      vertex 0 3 6
      vertex 1.85195 0.228361 6
    endloop
  endfacet
  facet normal 0 0 1
    outer loop
      vertex 0 3 6
      vertex 1.60327 15.9544 6
      vertex 0 43 6
    endloop
  endfacet
  facet normal 0 0 1
    outer loop
      vertex 0 43 6
      vertex 1.58581 45.6458 6
      vertex 1.33329 45.4944 6
    endloop
  endfacet
  facet normal 0 0 1
    outer loop
      vertex 1.60327 15.9544 6
      vertex 0 3 6
      vertex 1.60327 12.1325 6
    endloop
  endfacet
  facet normal 0 0 1
    outer loop
      vertex 0 43 6
      vertex 1.33329 45.4944 6
      vertex 1.09682 45.319 6
    endloop
  endfacet
  facet normal 0 0 1
    outer loop
      vertex 1.85195 0.228361 6
      vertex 0 3 6
      vertex 1.58581 0.354236 6
    endloop
  endfacet
  facet normal 0 0 1
    outer loop
      vertex 0 43 6
      vertex 1.09682 45.319 6
      vertex 0.878679 45.1213 6
    endloop
  endfacet
  facet normal 0 0 1
    outer loop
      vertex 1.58581 0.354236 6
      vertex 0 3 6
      vertex 1.33329 0.50559 6
    endloop
  endfacet
  facet normal 0 0 1
    outer loop
      vertex 0 43 6
      vertex 0.878679 45.1213 6
      vertex 0.680968 44.9032 6
    endloop
  endfacet
  facet normal 0 0 1
    outer loop
      vertex 1.33329 0.50559 6
      vertex 0 3 6
      vertex 1.09682 0.680968 6
    endloop
  endfacet
  facet normal 0 0 1
    outer loop
      vertex 0 43 6
      vertex 0.680968 44.9032 6
      vertex 0.50559 44.6667 6
    endloop
  endfacet
  facet normal 0 0 1
    outer loop
      vertex 1.09682 0.680968 6
      vertex 0 3 6
      vertex 0.878679 0.878679 6
    endloop
  endfacet
  facet normal 0 0 1
    outer loop
      vertex 0 43 6
      vertex 0.50559 44.6667 6
      vertex 0.354236 44.4142 6
    endloop
  endfacet
  facet normal 0 0 1
    outer loop
      vertex 0.878679 0.878679 6
      vertex 0 3 6
      vertex 0.680968 1.09682 6
    endloop
  endfacet
  facet normal 0 0 1
    outer loop
      vertex 0 43 6
      vertex 0.354236 44.4142 6
      vertex 0.228361 44.148 6
    endloop
  endfacet
  facet normal 0 0 1
    outer loop
      vertex 0.680968 1.09682 6
      vertex 0 3 6
      vertex 0.50559 1.33329 6
    endloop
  endfacet
  facet normal 0 0 1
    outer loop
      vertex 0 43 6
      vertex 0.228361 44.148 6
      vertex 0.129178 43.8709 6
    endloop
  endfacet
  facet normal 0 0 1
    outer loop
      vertex 0.50559 1.33329 6
      vertex 0 3 6
      vertex 0.354236 1.58581 6
    endloop
  endfacet
  facet normal 0 0 1
    outer loop
      vertex 0 43 6
      vertex 0.129178 43.8709 6
      vertex 0.0576439 43.5853 6
    endloop
  endfacet
  facet normal 0 0 1
    outer loop
      vertex 0.354236 1.58581 6
      vertex 0 3 6
      vertex 0.228361 1.85195 6
    endloop
  endfacet
  facet normal 0 0 1
    outer loop
      vertex 0 43 6
      vertex 0.0576439 43.5853 6
      vertex 0.0144453 43.2941 6
    endloop
  endfacet
  facet normal 0 0 1
    outer loop
      vertex 0.228361 1.85195 6
      vertex 0 3 6
      vertex 0.129178 2.12915 6
    endloop
  endfacet
  facet normal 0 0 1
    outer loop
      vertex 0.129178 2.12915 6
      vertex 0 3 6
      vertex 0.0576439 2.41473 6
    endloop
  endfacet
  facet normal 0 0 1
    outer loop
      vertex 0.0576439 2.41473 6
      vertex 0 3 6
      vertex 0.0144453 2.70595 6
    endloop
  endfacet
  facet normal 0 0 1
    outer loop
      vertex 3.26064 32.1363 6
      vertex 2.31395 32.1363 6
      vertex 2.40347 15.9544 6
    endloop
  endfacet
  facet normal -0 0 1
    outer loop
      vertex 1.60327 32.1363 6
      vertex 2.40347 15.9544 6
      vertex 2.31395 32.1363 6
    endloop
  endfacet
  facet normal 0 0 1
    outer loop
      vertex 2.40347 15.9544 6
      vertex 1.60327 32.1363 6
      vertex 1.60327 15.9544 6
    endloop
  endfacet
  facet normal 0 0 1
    outer loop
      vertex 4.77827 34.61 6
      vertex 4.62102 34.6112 6
      vertex 4.77773 34.5751 6
    endloop
  endfacet
  facet normal 0 0 1
    outer loop
      vertex 4.77885 34.6339 6
      vertex 4.62102 34.6112 6
      vertex 4.77827 34.61 6
    endloop
  endfacet
  facet normal 0 0 1
    outer loop
      vertex 4.62102 34.6112 6
      vertex 4.77885 34.6339 6
      vertex 4.65266 34.7242 6
    endloop
  endfacet
  facet normal 0 0 1
    outer loop
      vertex 4.78001 34.6706 6
      vertex 4.65266 34.7242 6
      vertex 4.77885 34.6339 6
    endloop
  endfacet
  facet normal 0 0 1
    outer loop
      vertex 4.78174 34.7201 6
      vertex 4.65266 34.7242 6
      vertex 4.78001 34.6706 6
    endloop
  endfacet
  facet normal 0 0 1
    outer loop
      vertex 4.78403 34.7823 6
      vertex 4.65266 34.7242 6
      vertex 4.78174 34.7201 6
    endloop
  endfacet
  facet normal 0 0 1
    outer loop
      vertex 4.65266 34.7242 6
      vertex 4.78403 34.7823 6
      vertex 4.68678 34.8481 6
    endloop
  endfacet
  facet normal 0 0 1
    outer loop
      vertex 4.7869 34.8574 6
      vertex 4.68678 34.8481 6
      vertex 4.78403 34.7823 6
    endloop
  endfacet
  facet normal 0 0 1
    outer loop
      vertex 4.79031 34.9452 6
      vertex 4.68678 34.8481 6
      vertex 4.7869 34.8574 6
    endloop
  endfacet
  facet normal 0 0 1
    outer loop
      vertex 4.68678 34.8481 6
      vertex 4.79031 34.9452 6
      vertex 4.72339 34.983 6
    endloop
  endfacet
  facet normal -0 0 1
    outer loop
      vertex 4.72339 34.983 6
      vertex 4.79031 34.9452 6
      vertex 4.76247 35.1288 6
    endloop
  endfacet
  facet normal 0 0 1
    outer loop
      vertex 4.79889 35.1592 6
      vertex 4.76247 35.1288 6
      vertex 4.79031 34.9452 6
    endloop
  endfacet
  facet normal 0 0 1
    outer loop
      vertex 4.76247 35.1288 6
      vertex 4.79889 35.1592 6
      vertex 4.80403 35.2854 6
    endloop
  endfacet
  facet normal 0 0 1
    outer loop
      vertex 9.99043 13.3904 6
      vertex 8.63704 13.2861 6
      vertex 8.63794 13.2338 6
    endloop
  endfacet
  facet normal 0 0 1
    outer loop
      vertex 8.01897 32.2041 6
      vertex 11.5355 32.4689 6
      vertex 8.11574 32.2511 6
    endloop
  endfacet
  facet normal 0 0 1
    outer loop
      vertex 10.2539 15.1667 6
      vertex 8.63432 13.3371 6
      vertex 8.63704 13.2861 6
    endloop
  endfacet
  facet normal 0 0 1
    outer loop
      vertex 8.48674 13.8081 6
      vertex 10.2539 15.1667 6
      vertex 8.53758 15.0538 6
    endloop
  endfacet
  facet normal 0 0 1
    outer loop
      vertex 10.2539 15.1667 6
      vertex 8.62981 13.3867 6
      vertex 8.63432 13.3371 6
    endloop
  endfacet
  facet normal 0 0 1
    outer loop
      vertex 11.5355 32.4689 6
      vertex 8.01897 32.2041 6
      vertex 11.6879 32.4307 6
    endloop
  endfacet
  facet normal 0 0 1
    outer loop
      vertex 10.2539 15.1667 6
      vertex 8.62347 13.435 6
      vertex 8.62981 13.3867 6
    endloop
  endfacet
  facet normal 0 0 1
    outer loop
      vertex 10.2539 15.1667 6
      vertex 8.61534 13.4818 6
      vertex 8.62347 13.435 6
    endloop
  endfacet
  facet normal 0 0 1
    outer loop
      vertex 7.91483 32.1643 6
      vertex 11.6879 32.4307 6
      vertex 8.01897 32.2041 6
    endloop
  endfacet
  facet normal 0 0 1
    outer loop
      vertex 10.2539 15.1667 6
      vertex 8.60539 13.5273 6
      vertex 8.61534 13.4818 6
    endloop
  endfacet
  facet normal 0 0 1
    outer loop
      vertex 10.2539 15.1667 6
      vertex 8.59363 13.5714 6
      vertex 8.60539 13.5273 6
    endloop
  endfacet
  facet normal 0 0 1
    outer loop
      vertex 11.6879 32.4307 6
      vertex 7.91483 32.1643 6
      vertex 11.5903 16.0596 6
    endloop
  endfacet
  facet normal 0 0 1
    outer loop
      vertex 10.2539 15.1667 6
      vertex 8.58008 13.6142 6
      vertex 8.59363 13.5714 6
    endloop
  endfacet
  facet normal 0 0 1
    outer loop
      vertex 10.2539 15.1667 6
      vertex 8.5647 13.6555 6
      vertex 8.58008 13.6142 6
    endloop
  endfacet
  facet normal 0 0 1
    outer loop
      vertex 10.2539 15.1667 6
      vertex 8.54762 13.6956 6
      vertex 8.5647 13.6555 6
    endloop
  endfacet
  facet normal -0 0 1
    outer loop
      vertex 7.80331 32.1317 6
      vertex 11.5903 16.0596 6
      vertex 7.91483 32.1643 6
    endloop
  endfacet
  facet normal 0 0 1
    outer loop
      vertex 10.2539 15.1667 6
      vertex 8.51154 15.1642 6
      vertex 8.53758 15.0538 6
    endloop
  endfacet
  facet normal 0 0 1
    outer loop
      vertex 11.5903 16.0596 6
      vertex 7.80331 32.1317 6
      vertex 11.3904 16.0096 6
    endloop
  endfacet
  facet normal 0 0 1
    outer loop
      vertex 10.2539 15.1667 6
      vertex 8.47925 15.2674 6
      vertex 8.51154 15.1642 6
    endloop
  endfacet
  facet normal 0 0 1
    outer loop
      vertex 10.2539 15.1667 6
      vertex 8.44067 15.3634 6
      vertex 8.47925 15.2674 6
    endloop
  endfacet
  facet normal 0 0 1
    outer loop
      vertex 7.69081 15.9427 6
      vertex 11.3904 16.0096 6
      vertex 7.80331 32.1317 6
    endloop
  endfacet
  facet normal 0 0 1
    outer loop
      vertex 10.2539 15.1667 6
      vertex 8.39586 15.4522 6
      vertex 8.44067 15.3634 6
    endloop
  endfacet
  facet normal 0 -0 1
    outer loop
      vertex 7.80066 15.9125 6
      vertex 11.3904 16.0096 6
      vertex 7.69081 15.9427 6
    endloop
  endfacet
  facet normal 0 0 1
    outer loop
      vertex 10.3767 15.3322 6
      vertex 8.39586 15.4522 6
      vertex 10.2539 15.1667 6
    endloop
  endfacet
  facet normal -0 -0 1
    outer loop
      vertex 8.39586 15.4522 6
      vertex 10.3767 15.3322 6
      vertex 8.34476 15.5339 6
    endloop
  endfacet
  facet normal 0 0 1
    outer loop
      vertex 11.3904 16.0096 6
      vertex 7.80066 15.9125 6
      vertex 11.1964 15.9401 6
    endloop
  endfacet
  facet normal 0 0 1
    outer loop
      vertex 10.5151 15.4849 6
      vertex 8.34476 15.5339 6
      vertex 10.3767 15.3322 6
    endloop
  endfacet
  facet normal 0 -0 1
    outer loop
      vertex 7.90178 15.8768 6
      vertex 11.1964 15.9401 6
      vertex 7.80066 15.9125 6
    endloop
  endfacet
  facet normal -0 -0 1
    outer loop
      vertex 8.34476 15.5339 6
      vertex 10.5151 15.4849 6
      vertex 8.28741 15.6084 6
    endloop
  endfacet
  facet normal 0 -0 1
    outer loop
      vertex 8.07777 15.7889 6
      vertex 11.0101 15.852 6
      vertex 7.99414 15.8356 6
    endloop
  endfacet
  facet normal -0 -0 1
    outer loop
      vertex 8.28741 15.6084 6
      vertex 10.5151 15.4849 6
      vertex 8.2238 15.6758 6
    endloop
  endfacet
  facet normal -0 -0 1
    outer loop
      vertex 8.2238 15.6758 6
      vertex 10.6678 15.6233 6
      vertex 8.15392 15.7359 6
    endloop
  endfacet
  facet normal 0 0 1
    outer loop
      vertex 10.6678 15.6233 6
      vertex 8.2238 15.6758 6
      vertex 10.5151 15.4849 6
    endloop
  endfacet
  facet normal 0 -0 1
    outer loop
      vertex 8.15392 15.7359 6
      vertex 10.8333 15.7461 6
      vertex 8.07777 15.7889 6
    endloop
  endfacet
  facet normal 0 0 1
    outer loop
      vertex 10.8333 15.7461 6
      vertex 8.15392 15.7359 6
      vertex 10.6678 15.6233 6
    endloop
  endfacet
  facet normal 0 -0 1
    outer loop
      vertex 7.99414 15.8356 6
      vertex 11.0101 15.852 6
      vertex 7.90178 15.8768 6
    endloop
  endfacet
  facet normal 0 0 1
    outer loop
      vertex 11.0101 15.852 6
      vertex 8.07777 15.7889 6
      vertex 10.8333 15.7461 6
    endloop
  endfacet
  facet normal 0 0 1
    outer loop
      vertex 11.1964 15.9401 6
      vertex 7.90178 15.8768 6
      vertex 11.0101 15.852 6
    endloop
  endfacet
  facet normal -0 0 1
    outer loop
      vertex 7.68443 32.1064 6
      vertex 7.69081 15.9427 6
      vertex 7.80331 32.1317 6
    endloop
  endfacet
  facet normal 0 0 1
    outer loop
      vertex 7.68443 32.1064 6
      vertex 7.5722 15.9674 6
      vertex 7.69081 15.9427 6
    endloop
  endfacet
  facet normal -0 0 1
    outer loop
      vertex 7.55818 32.0883 6
      vertex 7.5722 15.9674 6
      vertex 7.68443 32.1064 6
    endloop
  endfacet
  facet normal 0 0 1
    outer loop
      vertex 7.55818 32.0883 6
      vertex 7.44487 15.9867 6
      vertex 7.5722 15.9674 6
    endloop
  endfacet
  facet normal -0 0 1
    outer loop
      vertex 7.42458 32.0775 6
      vertex 7.44487 15.9867 6
      vertex 7.55818 32.0883 6
    endloop
  endfacet
  facet normal 0 0 1
    outer loop
      vertex 7.42458 32.0775 6
      vertex 7.30879 16.0004 6
      vertex 7.44487 15.9867 6
    endloop
  endfacet
  facet normal 0 0 1
    outer loop
      vertex 7.16399 16.0086 6
      vertex 7.42458 32.0775 6
      vertex 7.28358 32.0739 6
    endloop
  endfacet
  facet normal 0 0 1
    outer loop
      vertex 7.42458 32.0775 6
      vertex 7.16399 16.0086 6
      vertex 7.30879 16.0004 6
    endloop
  endfacet
  facet normal 0 0 1
    outer loop
      vertex 7.01042 16.0114 6
      vertex 7.28358 32.0739 6
      vertex 7.14987 32.0774 6
    endloop
  endfacet
  facet normal 0 0 1
    outer loop
      vertex 6.84964 16.008 6
      vertex 7.14987 32.0774 6
      vertex 7.02238 32.0879 6
    endloop
  endfacet
  facet normal 0 0 1
    outer loop
      vertex 7.28358 32.0739 6
      vertex 7.01042 16.0114 6
      vertex 7.16399 16.0086 6
    endloop
  endfacet
  facet normal 0 0 1
    outer loop
      vertex 5.48758 32.1363 6
      vertex 7.02238 32.0879 6
      vertex 6.90114 32.1053 6
    endloop
  endfacet
  facet normal 0 0 1
    outer loop
      vertex 7.14987 32.0774 6
      vertex 6.84964 16.008 6
      vertex 7.01042 16.0114 6
    endloop
  endfacet
  facet normal 0 0 1
    outer loop
      vertex 5.48758 32.1363 6
      vertex 6.90114 32.1053 6
      vertex 6.7861 32.1299 6
    endloop
  endfacet
  facet normal 0 0 1
    outer loop
      vertex 7.02238 32.0879 6
      vertex 6.69759 15.9978 6
      vertex 6.84964 16.008 6
    endloop
  endfacet
  facet normal -0 0 1
    outer loop
      vertex 5.48758 32.1363 6
      vertex 6.7861 32.1299 6
      vertex 6.67731 32.1613 6
    endloop
  endfacet
  facet normal 0 0 1
    outer loop
      vertex 5.48758 32.1363 6
      vertex 6.67731 32.1613 6
      vertex 6.57474 32.1998 6
    endloop
  endfacet
  facet normal 0 0 1
    outer loop
      vertex 7.02238 32.0879 6
      vertex 5.48758 32.1363 6
      vertex 6.69759 15.9978 6
    endloop
  endfacet
  facet normal 0 0 1
    outer loop
      vertex 5.48758 32.1363 6
      vertex 6.57474 32.1998 6
      vertex 6.47839 32.2453 6
    endloop
  endfacet
  facet normal 0 0 1
    outer loop
      vertex 6.69759 15.9978 6
      vertex 5.48758 32.1363 6
      vertex 6.55428 15.9808 6
    endloop
  endfacet
  facet normal 0 0 1
    outer loop
      vertex 5.48758 32.1363 6
      vertex 6.47839 32.2453 6
      vertex 6.38828 32.2978 6
    endloop
  endfacet
  facet normal 0 0 1
    outer loop
      vertex 5.48758 32.1363 6
      vertex 6.38828 32.2978 6
      vertex 6.30438 32.3573 6
    endloop
  endfacet
  facet normal 0 0 1
    outer loop
      vertex 4.86914 15.9544 6
      vertex 6.55428 15.9808 6
      vertex 5.48758 32.1363 6
    endloop
  endfacet
  facet normal 0 0 1
    outer loop
      vertex 5.48758 32.1363 6
      vertex 6.30438 32.3573 6
      vertex 6.22733 32.4234 6
    endloop
  endfacet
  facet normal 0 0 1
    outer loop
      vertex 6.55428 15.9808 6
      vertex 4.86914 15.9544 6
      vertex 6.41972 15.957 6
    endloop
  endfacet
  facet normal 0 0 1
    outer loop
      vertex 5.48758 32.1363 6
      vertex 6.22733 32.4234 6
      vertex 6.15771 32.4957 6
    endloop
  endfacet
  facet normal 0 0 1
    outer loop
      vertex 5.48758 32.1363 6
      vertex 6.15771 32.4957 6
      vertex 6.09552 32.5742 6
    endloop
  endfacet
  facet normal 0 0 1
    outer loop
      vertex 6.41972 15.957 6
      vertex 4.86914 15.9544 6
      vertex 6.29388 15.9264 6
    endloop
  endfacet
  facet normal 0 0 1
    outer loop
      vertex 5.48758 32.1363 6
      vertex 6.09552 32.5742 6
      vertex 6.04077 32.6588 6
    endloop
  endfacet
  facet normal 0 0 1
    outer loop
      vertex 5.48758 32.1363 6
      vertex 6.04077 32.6588 6
      vertex 5.99345 32.7497 6
    endloop
  endfacet
  facet normal 0 0 1
    outer loop
      vertex 6.29388 15.9264 6
      vertex 4.86914 15.9544 6
      vertex 6.1768 15.889 6
    endloop
  endfacet
  facet normal 0 0 1
    outer loop
      vertex 5.48758 32.1363 6
      vertex 5.99345 32.7497 6
      vertex 5.95357 32.8468 6
    endloop
  endfacet
  facet normal 0 0 1
    outer loop
      vertex 5.48758 32.1363 6
      vertex 5.95357 32.8468 6
      vertex 5.92111 32.95 6
    endloop
  endfacet
  facet normal 0 0 1
    outer loop
      vertex 5.48758 32.1363 6
      vertex 5.92111 32.95 6
      vertex 5.89609 33.0595 6
    endloop
  endfacet
  facet normal 0 0 1
    outer loop
      vertex 5.48758 32.1363 6
      vertex 5.89609 33.0595 6
      vertex 5.87851 33.1751 6
    endloop
  endfacet
  facet normal 0 0 1
    outer loop
      vertex 6.1768 15.889 6
      vertex 4.86914 15.9544 6
      vertex 6.06845 15.8448 6
    endloop
  endfacet
  facet normal 0 0 1
    outer loop
      vertex 81 46 6
      vertex 84 43 6
      vertex 83.9855 43.2941 6
    endloop
  endfacet
  facet normal 0 0 1
    outer loop
      vertex 84 43 6
      vertex 74.2173 14.9184 6
      vertex 84 3 6
    endloop
  endfacet
  facet normal 0 0 1
    outer loop
      vertex 81 46 6
      vertex 83.9855 43.2941 6
      vertex 83.9424 43.5853 6
    endloop
  endfacet
  facet normal -0 -0 1
    outer loop
      vertex 74.3539 14.4682 6
      vertex 84 3 6
      vertex 74.2967 14.6967 6
    endloop
  endfacet
  facet normal 0 0 1
    outer loop
      vertex 81 46 6
      vertex 83.9424 43.5853 6
      vertex 83.8708 43.8709 6
    endloop
  endfacet
  facet normal -0 -0 1
    outer loop
      vertex 74.3884 14.2352 6
      vertex 84 3 6
      vertex 74.3539 14.4682 6
    endloop
  endfacet
  facet normal 0 0 1
    outer loop
      vertex 81 46 6
      vertex 83.8708 43.8709 6
      vertex 83.7716 44.148 6
    endloop
  endfacet
  facet normal -0 -0 1
    outer loop
      vertex 74.4 14 6
      vertex 84 3 6
      vertex 74.3884 14.2352 6
    endloop
  endfacet
  facet normal 0 0 1
    outer loop
      vertex 81 46 6
      vertex 83.7716 44.148 6
      vertex 83.6458 44.4142 6
    endloop
  endfacet
  facet normal -0 0 1
    outer loop
      vertex 74.3884 13.7648 6
      vertex 84 3 6
      vertex 74.4 14 6
    endloop
  endfacet
  facet normal 0 0 1
    outer loop
      vertex 81 46 6
      vertex 83.6458 44.4142 6
      vertex 83.4944 44.6667 6
    endloop
  endfacet
  facet normal -0 0 1
    outer loop
      vertex 74.3539 13.5318 6
      vertex 84 3 6
      vertex 74.3884 13.7648 6
    endloop
  endfacet
  facet normal 0 0 1
    outer loop
      vertex 81 46 6
      vertex 83.4944 44.6667 6
      vertex 83.319 44.9032 6
    endloop
  endfacet
  facet normal -0 0 1
    outer loop
      vertex 74.2967 13.3033 6
      vertex 84 3 6
      vertex 74.3539 13.5318 6
    endloop
  endfacet
  facet normal 0 0 1
    outer loop
      vertex 81 46 6
      vertex 83.319 44.9032 6
      vertex 83.1213 45.1213 6
    endloop
  endfacet
  facet normal -0 0 1
    outer loop
      vertex 74.2173 13.0816 6
      vertex 84 3 6
      vertex 74.2967 13.3033 6
    endloop
  endfacet
  facet normal 0 0 1
    outer loop
      vertex 81 46 6
      vertex 83.1213 45.1213 6
      vertex 82.9032 45.319 6
    endloop
  endfacet
  facet normal -0 0 1
    outer loop
      vertex 74.1166 12.8686 6
      vertex 84 3 6
      vertex 74.2173 13.0816 6
    endloop
  endfacet
  facet normal 0 0 1
    outer loop
      vertex 81 46 6
      vertex 82.9032 45.319 6
      vertex 82.6667 45.4944 6
    endloop
  endfacet
  facet normal -0 0 1
    outer loop
      vertex 73.9955 12.6666 6
      vertex 84 3 6
      vertex 74.1166 12.8686 6
    endloop
  endfacet
  facet normal 0 0 1
    outer loop
      vertex 81 46 6
      vertex 82.6667 45.4944 6
      vertex 82.4142 45.6458 6
    endloop
  endfacet
  facet normal -0 0 1
    outer loop
      vertex 73.8552 12.4775 6
      vertex 84 3 6
      vertex 73.9955 12.6666 6
    endloop
  endfacet
  facet normal 0 0 1
    outer loop
      vertex 81 46 6
      vertex 82.4142 45.6458 6
      vertex 82.148 45.7716 6
    endloop
  endfacet
  facet normal -0 0 1
    outer loop
      vertex 73.6971 12.3029 6
      vertex 84 3 6
      vertex 73.8552 12.4775 6
    endloop
  endfacet
  facet normal 0 0 1
    outer loop
      vertex 81 46 6
      vertex 82.148 45.7716 6
      vertex 81.8708 45.8708 6
    endloop
  endfacet
  facet normal -0 0 1
    outer loop
      vertex 73.5225 12.1448 6
      vertex 84 3 6
      vertex 73.6971 12.3029 6
    endloop
  endfacet
  facet normal 0 0 1
    outer loop
      vertex 81 46 6
      vertex 81.8708 45.8708 6
      vertex 81.5853 45.9424 6
    endloop
  endfacet
  facet normal 0 0 1
    outer loop
      vertex 84 3 6
      vertex 81 0 6
      vertex 83.9855 2.70595 6
    endloop
  endfacet
  facet normal 0 0 1
    outer loop
      vertex 81 46 6
      vertex 81.5853 45.9424 6
      vertex 81.2941 45.9856 6
    endloop
  endfacet
  facet normal 0 0 1
    outer loop
      vertex 83.9855 2.70595 6
      vertex 81 0 6
      vertex 83.9424 2.41473 6
    endloop
  endfacet
  facet normal 0 0 1
    outer loop
      vertex 84 43 6
      vertex 81 46 6
      vertex 73.3435 35.3435 6
    endloop
  endfacet
  facet normal 0 0 1
    outer loop
      vertex 83.8708 2.12915 6
      vertex 81 0 6
      vertex 83.7716 1.85195 6
    endloop
  endfacet
  facet normal 0 0 1
    outer loop
      vertex 83.7716 1.85195 6
      vertex 81 0 6
      vertex 83.6458 1.58581 6
    endloop
  endfacet
  facet normal 0 0 1
    outer loop
      vertex 83.4944 1.33329 6
      vertex 81 0 6
      vertex 83.319 1.09682 6
    endloop
  endfacet
  facet normal 0 0 1
    outer loop
      vertex 83.6458 1.58581 6
      vertex 81 0 6
      vertex 83.4944 1.33329 6
    endloop
  endfacet
  facet normal 0 -0 1
    outer loop
      vertex 81 0 6
      vertex 84 3 6
      vertex 73.5225 12.1448 6
    endloop
  endfacet
  facet normal 0 0 1
    outer loop
      vertex 84 43 6
      vertex 73.8182 33.4485 6
      vertex 73.7554 33.2729 6
    endloop
  endfacet
  facet normal 0 0 1
    outer loop
      vertex 84 3 6
      vertex 74.2173 14.9184 6
      vertex 74.2967 14.6967 6
    endloop
  endfacet
  facet normal 0 0 1
    outer loop
      vertex 84 43 6
      vertex 73.7554 33.2729 6
      vertex 74.1166 15.1314 6
    endloop
  endfacet
  facet normal 0 0 1
    outer loop
      vertex 84 43 6
      vertex 73.9 34 6
      vertex 73.8909 33.8138 6
    endloop
  endfacet
  facet normal 0 0 1
    outer loop
      vertex 84 43 6
      vertex 73.8909 34.1862 6
      vertex 73.9 34 6
    endloop
  endfacet
  facet normal 0 0 1
    outer loop
      vertex 84 43 6
      vertex 73.8635 34.3707 6
      vertex 73.8909 34.1862 6
    endloop
  endfacet
  facet normal 0 0 1
    outer loop
      vertex 84 43 6
      vertex 73.8182 34.5515 6
      vertex 73.8635 34.3707 6
    endloop
  endfacet
  facet normal 0 0 1
    outer loop
      vertex 84 43 6
      vertex 73.7554 34.7271 6
      vertex 73.8182 34.5515 6
    endloop
  endfacet
  facet normal 0 0 1
    outer loop
      vertex 84 43 6
      vertex 73.6757 34.8957 6
      vertex 73.7554 34.7271 6
    endloop
  endfacet
  facet normal 0 0 1
    outer loop
      vertex 84 43 6
      vertex 73.5798 35.0556 6
      vertex 73.6757 34.8957 6
    endloop
  endfacet
  facet normal 0 0 1
    outer loop
      vertex 84 43 6
      vertex 73.4687 35.2053 6
      vertex 73.5798 35.0556 6
    endloop
  endfacet
  facet normal 0 0 1
    outer loop
      vertex 84 43 6
      vertex 73.3435 35.3435 6
      vertex 73.4687 35.2053 6
    endloop
  endfacet
  facet normal 0 0 1
    outer loop
      vertex 81 46 6
      vertex 73.2053 35.4687 6
      vertex 73.3435 35.3435 6
    endloop
  endfacet
  facet normal 0 0 1
    outer loop
      vertex 81 46 6
      vertex 73.0556 35.5798 6
      vertex 73.2053 35.4687 6
    endloop
  endfacet
  facet normal 0 0 1
    outer loop
      vertex 81 46 6
      vertex 72.8957 35.6757 6
      vertex 73.0556 35.5798 6
    endloop
  endfacet
  facet normal 0 0 1
    outer loop
      vertex 81 46 6
      vertex 72.7271 35.7554 6
      vertex 72.8957 35.6757 6
    endloop
  endfacet
  facet normal 0 0 1
    outer loop
      vertex 81 46 6
      vertex 72.5515 35.8182 6
      vertex 72.7271 35.7554 6
    endloop
  endfacet
  facet normal 0 0 1
    outer loop
      vertex 81 46 6
      vertex 72.3707 35.8635 6
      vertex 72.5515 35.8182 6
    endloop
  endfacet
  facet normal 0 0 1
    outer loop
      vertex 81 46 6
      vertex 72.1862 35.8909 6
      vertex 72.3707 35.8635 6
    endloop
  endfacet
  facet normal 0 0 1
    outer loop
      vertex 81 46 6
      vertex 72 35.9 6
      vertex 72.1862 35.8909 6
    endloop
  endfacet
  facet normal 0 0 1
    outer loop
      vertex 81 46 6
      vertex 71.8138 35.8909 6
      vertex 72 35.9 6
    endloop
  endfacet
  facet normal 0 0 1
    outer loop
      vertex 81 46 6
      vertex 71.6293 35.8635 6
      vertex 71.8138 35.8909 6
    endloop
  endfacet
  facet normal 0 0 1
    outer loop
      vertex 81 46 6
      vertex 71.4485 35.8182 6
      vertex 71.6293 35.8635 6
    endloop
  endfacet
  facet normal 0 0 1
    outer loop
      vertex 81 46 6
      vertex 71.2729 35.7554 6
      vertex 71.4485 35.8182 6
    endloop
  endfacet
  facet normal 0 0 1
    outer loop
      vertex 81 46 6
      vertex 71.1043 35.6757 6
      vertex 71.2729 35.7554 6
    endloop
  endfacet
  facet normal 0 0 1
    outer loop
      vertex 52.8485 35.5875 6
      vertex 71.1043 35.6757 6
      vertex 81 46 6
    endloop
  endfacet
  facet normal 0 0 1
    outer loop
      vertex 71.1043 35.6757 6
      vertex 52.8485 35.5875 6
      vertex 70.9444 35.5798 6
    endloop
  endfacet
  facet normal 0 -0 1
    outer loop
      vertex 53 35.4966 6
      vertex 70.9444 35.5798 6
      vertex 52.8485 35.5875 6
    endloop
  endfacet
  facet normal 0 0 1
    outer loop
      vertex 70.3243 33.1043 6
      vertex 69.8834 15.1314 6
      vertex 70.0045 15.3334 6
    endloop
  endfacet
  facet normal 0 0 1
    outer loop
      vertex 70.1091 33.8138 6
      vertex 53.2728 32.7272 6
      vertex 69.8834 15.1314 6
    endloop
  endfacet
  facet normal -0 -0 1
    outer loop
      vertex 53.6263 15.6263 6
      vertex 69.8834 15.1314 6
      vertex 53.2728 32.7272 6
    endloop
  endfacet
  facet normal -0 -0 1
    outer loop
      vertex 53.7779 15.4591 6
      vertex 69.8834 15.1314 6
      vertex 53.6263 15.6263 6
    endloop
  endfacet
  facet normal 0 -0 1
    outer loop
      vertex 54.0284 15.0842 6
      vertex 69.8834 15.1314 6
      vertex 53.9124 15.2778 6
    endloop
  endfacet
  facet normal 0 0 1
    outer loop
      vertex 69.8834 15.1314 6
      vertex 54.0284 15.0842 6
      vertex 69.7827 14.9184 6
    endloop
  endfacet
  facet normal 0 -0 1
    outer loop
      vertex 54.1249 14.8802 6
      vertex 69.7827 14.9184 6
      vertex 54.0284 15.0842 6
    endloop
  endfacet
  facet normal 0 0 1
    outer loop
      vertex 53.8 34 6
      vertex 70.1 34 6
      vertex 70.1091 34.1862 6
    endloop
  endfacet
  facet normal 0 0 1
    outer loop
      vertex 53.7913 34.1764 6
      vertex 70.1091 34.1862 6
      vertex 70.1365 34.3707 6
    endloop
  endfacet
  facet normal 0 0 1
    outer loop
      vertex 53.7654 34.3512 6
      vertex 70.1365 34.3707 6
      vertex 70.1818 34.5515 6
    endloop
  endfacet
  facet normal 0 0 1
    outer loop
      vertex 53.7225 34.5225 6
      vertex 70.1818 34.5515 6
      vertex 70.2446 34.7271 6
    endloop
  endfacet
  facet normal 0 0 1
    outer loop
      vertex 53.663 34.6888 6
      vertex 70.2446 34.7271 6
      vertex 70.3243 34.8957 6
    endloop
  endfacet
  facet normal 0 0 1
    outer loop
      vertex 53.5875 34.8485 6
      vertex 70.3243 34.8957 6
      vertex 70.4202 35.0556 6
    endloop
  endfacet
  facet normal 0 0 1
    outer loop
      vertex 53.4966 35 6
      vertex 70.4202 35.0556 6
      vertex 70.5313 35.2053 6
    endloop
  endfacet
  facet normal 0 0 1
    outer loop
      vertex 69.6 14 6
      vertex 54.2889 14.2254 6
      vertex 54.3 14 6
    endloop
  endfacet
  facet normal 0 0 1
    outer loop
      vertex 69.6116 14.2352 6
      vertex 54.2889 14.2254 6
      vertex 69.6 14 6
    endloop
  endfacet
  facet normal 0 -0 1
    outer loop
      vertex 54.2889 14.2254 6
      vertex 69.6116 14.2352 6
      vertex 54.2558 14.4487 6
    endloop
  endfacet
  facet normal 0 0 1
    outer loop
      vertex 69.6461 14.4682 6
      vertex 54.2558 14.4487 6
      vertex 69.6116 14.2352 6
    endloop
  endfacet
  facet normal 0 -0 1
    outer loop
      vertex 54.2558 14.4487 6
      vertex 69.6461 14.4682 6
      vertex 54.201 14.6677 6
    endloop
  endfacet
  facet normal 0 0 1
    outer loop
      vertex 69.7033 14.6967 6
      vertex 54.201 14.6677 6
      vertex 69.6461 14.4682 6
    endloop
  endfacet
  facet normal 0 0 1
    outer loop
      vertex 70.1 34 6
      vertex 53.8 34 6
      vertex 53.7913 33.8236 6
    endloop
  endfacet
  facet normal 0 0 1
    outer loop
      vertex 53.3914 35.1419 6
      vertex 70.5313 35.2053 6
      vertex 70.6565 35.3435 6
    endloop
  endfacet
  facet normal 0 0 1
    outer loop
      vertex 70.9444 35.5798 6
      vertex 53 35.4966 6
      vertex 70.7947 35.4687 6
    endloop
  endfacet
  facet normal 0 0 1
    outer loop
      vertex 70.1091 34.1862 6
      vertex 53.7913 34.1764 6
      vertex 53.8 34 6
    endloop
  endfacet
  facet normal 0 0 1
    outer loop
      vertex 70.1365 34.3707 6
      vertex 53.7654 34.3512 6
      vertex 53.7913 34.1764 6
    endloop
  endfacet
  facet normal 0 0 1
    outer loop
      vertex 70.1818 34.5515 6
      vertex 53.7225 34.5225 6
      vertex 53.7654 34.3512 6
    endloop
  endfacet
  facet normal 0 0 1
    outer loop
      vertex 70.2446 34.7271 6
      vertex 53.663 34.6888 6
      vertex 53.7225 34.5225 6
    endloop
  endfacet
  facet normal 0 0 1
    outer loop
      vertex 70.3243 34.8957 6
      vertex 53.5875 34.8485 6
      vertex 53.663 34.6888 6
    endloop
  endfacet
  facet normal 0 0 1
    outer loop
      vertex 70.4202 35.0556 6
      vertex 53.4966 35 6
      vertex 53.5875 34.8485 6
    endloop
  endfacet
  facet normal 0 0 1
    outer loop
      vertex 70.5313 35.2053 6
      vertex 53.3914 35.1419 6
      vertex 53.4966 35 6
    endloop
  endfacet
  facet normal 0 0 1
    outer loop
      vertex 70.6565 35.3435 6
      vertex 53.2728 35.2728 6
      vertex 53.3914 35.1419 6
    endloop
  endfacet
  facet normal 0 0 1
    outer loop
      vertex 70.6565 35.3435 6
      vertex 53.1419 35.3914 6
      vertex 53.2728 35.2728 6
    endloop
  endfacet
  facet normal 0 0 1
    outer loop
      vertex 70.7947 35.4687 6
      vertex 53.1419 35.3914 6
      vertex 70.6565 35.3435 6
    endloop
  endfacet
  facet normal 0 -0 1
    outer loop
      vertex 53.1419 35.3914 6
      vertex 70.7947 35.4687 6
      vertex 53 35.4966 6
    endloop
  endfacet
  facet normal 0 0 1
    outer loop
      vertex 81 46 6
      vertex 52.6888 35.663 6
      vertex 52.8485 35.5875 6
    endloop
  endfacet
  facet normal 0 0 1
    outer loop
      vertex 81 46 6
      vertex 52.5225 35.7225 6
      vertex 52.6888 35.663 6
    endloop
  endfacet
  facet normal 0 0 1
    outer loop
      vertex 81 46 6
      vertex 52.3512 35.7654 6
      vertex 52.5225 35.7225 6
    endloop
  endfacet
  facet normal 0 0 1
    outer loop
      vertex 81 46 6
      vertex 52.1764 35.7913 6
      vertex 52.3512 35.7654 6
    endloop
  endfacet
  facet normal 0 0 1
    outer loop
      vertex 81 46 6
      vertex 52 35.8 6
      vertex 52.1764 35.7913 6
    endloop
  endfacet
  facet normal 0 0 1
    outer loop
      vertex 81 46 6
      vertex 51.8236 35.7913 6
      vertex 52 35.8 6
    endloop
  endfacet
  facet normal 0 0 1
    outer loop
      vertex 32.1666 35.6918 6
      vertex 51.8236 35.7913 6
      vertex 81 46 6
    endloop
  endfacet
  facet normal 0 0 1
    outer loop
      vertex 51.8236 35.7913 6
      vertex 32.1666 35.6918 6
      vertex 51.6488 35.7654 6
    endloop
  endfacet
  facet normal 0 0 1
    outer loop
      vertex 50.4125 33.1515 6
      vertex 49.9716 15.0842 6
      vertex 50.0876 15.2778 6
    endloop
  endfacet
  facet normal 0 0 1
    outer loop
      vertex 50.2087 33.8236 6
      vertex 33.2021 32.7979 6
      vertex 49.9716 15.0842 6
    endloop
  endfacet
  facet normal -0 -0 1
    outer loop
      vertex 33.5556 15.5556 6
      vertex 49.9716 15.0842 6
      vertex 33.2021 32.7979 6
    endloop
  endfacet
  facet normal -0 -0 1
    outer loop
      vertex 33.7006 15.3957 6
      vertex 49.9716 15.0842 6
      vertex 33.5556 15.5556 6
    endloop
  endfacet
  facet normal 0 -0 1
    outer loop
      vertex 33.9402 15.0371 6
      vertex 49.9716 15.0842 6
      vertex 33.8292 15.2223 6
    endloop
  endfacet
  facet normal 0 0 1
    outer loop
      vertex 49.9716 15.0842 6
      vertex 33.9402 15.0371 6
      vertex 49.8751 14.8802 6
    endloop
  endfacet
  facet normal 0 -0 1
    outer loop
      vertex 34.0325 14.8419 6
      vertex 49.8751 14.8802 6
      vertex 33.9402 15.0371 6
    endloop
  endfacet
  facet normal 0 0 1
    outer loop
      vertex 33.7 34 6
      vertex 50.2 34 6
      vertex 50.2087 34.1764 6
    endloop
  endfacet
  facet normal 0 0 1
    outer loop
      vertex 33.6918 34.1666 6
      vertex 50.2087 34.1764 6
      vertex 50.2346 34.3512 6
    endloop
  endfacet
  facet normal 0 0 1
    outer loop
      vertex 33.6673 34.3317 6
      vertex 50.2346 34.3512 6
      vertex 50.2775 34.5225 6
    endloop
  endfacet
  facet normal 0 0 1
    outer loop
      vertex 33.6268 34.4935 6
      vertex 50.2775 34.5225 6
      vertex 50.337 34.6888 6
    endloop
  endfacet
  facet normal 0 0 1
    outer loop
      vertex 33.5706 34.6506 6
      vertex 50.337 34.6888 6
      vertex 50.4125 34.8485 6
    endloop
  endfacet
  facet normal 0 0 1
    outer loop
      vertex 33.4993 34.8014 6
      vertex 50.4125 34.8485 6
      vertex 50.5034 35 6
    endloop
  endfacet
  facet normal 0 0 1
    outer loop
      vertex 33.4135 34.9445 6
      vertex 50.5034 35 6
      vertex 50.6086 35.1419 6
    endloop
  endfacet
  facet normal 0 0 1
    outer loop
      vertex 49.7 14 6
      vertex 34.1894 14.2156 6
      vertex 34.2 14 6
    endloop
  endfacet
  facet normal 0 0 1
    outer loop
      vertex 49.7111 14.2254 6
      vertex 34.1894 14.2156 6
      vertex 49.7 14 6
    endloop
  endfacet
  facet normal 0 -0 1
    outer loop
      vertex 34.1894 14.2156 6
      vertex 49.7111 14.2254 6
      vertex 34.1577 14.4292 6
    endloop
  endfacet
  facet normal 0 0 1
    outer loop
      vertex 49.7442 14.4487 6
      vertex 34.1577 14.4292 6
      vertex 49.7111 14.2254 6
    endloop
  endfacet
  facet normal 0 -0 1
    outer loop
      vertex 34.1577 14.4292 6
      vertex 49.7442 14.4487 6
      vertex 34.1053 14.6386 6
    endloop
  endfacet
  facet normal 0 0 1
    outer loop
      vertex 49.799 14.6677 6
      vertex 34.1053 14.6386 6
      vertex 49.7442 14.4487 6
    endloop
  endfacet
  facet normal 0 -0 1
    outer loop
      vertex 34.1053 14.6386 6
      vertex 49.799 14.6677 6
      vertex 34.0325 14.8419 6
    endloop
  endfacet
  facet normal 0 0 1
    outer loop
      vertex 50.2 34 6
      vertex 33.7 34 6
      vertex 33.6918 33.8334 6
    endloop
  endfacet
  facet normal 0 0 1
    outer loop
      vertex 33.3141 35.0785 6
      vertex 50.6086 35.1419 6
      vertex 50.7272 35.2728 6
    endloop
  endfacet
  facet normal 0 0 1
    outer loop
      vertex 33.2021 35.2021 6
      vertex 50.7272 35.2728 6
      vertex 50.8581 35.3914 6
    endloop
  endfacet
  facet normal 0 0 1
    outer loop
      vertex 33.0785 35.3141 6
      vertex 50.8581 35.3914 6
      vertex 51 35.4966 6
    endloop
  endfacet
  facet normal 0 0 1
    outer loop
      vertex 32.9445 35.4135 6
      vertex 51 35.4966 6
      vertex 51.1515 35.5875 6
    endloop
  endfacet
  facet normal 0 0 1
    outer loop
      vertex 32.8014 35.4993 6
      vertex 51.1515 35.5875 6
      vertex 51.3112 35.663 6
    endloop
  endfacet
  facet normal 0 0 1
    outer loop
      vertex 32.6506 35.5706 6
      vertex 51.3112 35.663 6
      vertex 51.4775 35.7225 6
    endloop
  endfacet
  facet normal 0 -0 1
    outer loop
      vertex 32.3317 35.6673 6
      vertex 51.6488 35.7654 6
      vertex 32.1666 35.6918 6
    endloop
  endfacet
  facet normal 0 0 1
    outer loop
      vertex 50.2087 34.1764 6
      vertex 33.6918 34.1666 6
      vertex 33.7 34 6
    endloop
  endfacet
  facet normal 0 0 1
    outer loop
      vertex 50.2346 34.3512 6
      vertex 33.6673 34.3317 6
      vertex 33.6918 34.1666 6
    endloop
  endfacet
  facet normal 0 0 1
    outer loop
      vertex 50.2775 34.5225 6
      vertex 33.6268 34.4935 6
      vertex 33.6673 34.3317 6
    endloop
  endfacet
  facet normal 0 0 1
    outer loop
      vertex 50.337 34.6888 6
      vertex 33.5706 34.6506 6
      vertex 33.6268 34.4935 6
    endloop
  endfacet
  facet normal 0 0 1
    outer loop
      vertex 50.4125 34.8485 6
      vertex 33.4993 34.8014 6
      vertex 33.5706 34.6506 6
    endloop
  endfacet
  facet normal 0 0 1
    outer loop
      vertex 50.5034 35 6
      vertex 33.4135 34.9445 6
      vertex 33.4993 34.8014 6
    endloop
  endfacet
  facet normal 0 0 1
    outer loop
      vertex 50.6086 35.1419 6
      vertex 33.3141 35.0785 6
      vertex 33.4135 34.9445 6
    endloop
  endfacet
  facet normal 0 0 1
    outer loop
      vertex 50.7272 35.2728 6
      vertex 33.2021 35.2021 6
      vertex 33.3141 35.0785 6
    endloop
  endfacet
  facet normal 0 0 1
    outer loop
      vertex 50.8581 35.3914 6
      vertex 33.0785 35.3141 6
      vertex 33.2021 35.2021 6
    endloop
  endfacet
  facet normal 0 0 1
    outer loop
      vertex 51 35.4966 6
      vertex 32.9445 35.4135 6
      vertex 33.0785 35.3141 6
    endloop
  endfacet
  facet normal 0 0 1
    outer loop
      vertex 51.1515 35.5875 6
      vertex 32.8014 35.4993 6
      vertex 32.9445 35.4135 6
    endloop
  endfacet
  facet normal 0 0 1
    outer loop
      vertex 51.3112 35.663 6
      vertex 32.6506 35.5706 6
      vertex 32.8014 35.4993 6
    endloop
  endfacet
  facet normal 0 0 1
    outer loop
      vertex 51.4775 35.7225 6
      vertex 32.4935 35.6268 6
      vertex 32.6506 35.5706 6
    endloop
  endfacet
  facet normal 0 0 1
    outer loop
      vertex 51.4775 35.7225 6
      vertex 32.3317 35.6673 6
      vertex 32.4935 35.6268 6
    endloop
  endfacet
  facet normal 0 0 1
    outer loop
      vertex 51.6488 35.7654 6
      vertex 32.3317 35.6673 6
      vertex 51.4775 35.7225 6
    endloop
  endfacet
  facet normal -0 0 1
    outer loop
      vertex 3 46 6
      vertex 32.1666 35.6918 6
      vertex 81 46 6
    endloop
  endfacet
  facet normal 0 0 1
    outer loop
      vertex 32.1666 35.6918 6
      vertex 3 46 6
      vertex 32 35.7 6
    endloop
  endfacet
  facet normal 0 0 1
    outer loop
      vertex 32 35.7 6
      vertex 3 46 6
      vertex 31.8334 35.6918 6
    endloop
  endfacet
  facet normal 0 0 1
    outer loop
      vertex 30.5865 33.0555 6
      vertex 30.1708 15.2223 6
      vertex 30.2994 15.3957 6
    endloop
  endfacet
  facet normal 0 0 1
    outer loop
      vertex 30.3082 33.8334 6
      vertex 13.1314 32.8686 6
      vertex 30.1708 15.2223 6
    endloop
  endfacet
  facet normal -0 -0 1
    outer loop
      vertex 13.4849 15.4849 6
      vertex 30.1708 15.2223 6
      vertex 13.1314 32.8686 6
    endloop
  endfacet
  facet normal -0 -0 1
    outer loop
      vertex 13.6233 15.3322 6
      vertex 30.1708 15.2223 6
      vertex 13.4849 15.4849 6
    endloop
  endfacet
  facet normal 0 -0 1
    outer loop
      vertex 13.7461 15.1667 6
      vertex 30.1708 15.2223 6
      vertex 13.6233 15.3322 6
    endloop
  endfacet
  facet normal 0 -0 1
    outer loop
      vertex 13.852 14.9899 6
      vertex 30.0598 15.0371 6
      vertex 13.7461 15.1667 6
    endloop
  endfacet
  facet normal 0 0 1
    outer loop
      vertex 30.0598 15.0371 6
      vertex 13.852 14.9899 6
      vertex 29.9675 14.8419 6
    endloop
  endfacet
  facet normal 0 -0 1
    outer loop
      vertex 13.9401 14.8036 6
      vertex 29.9675 14.8419 6
      vertex 13.852 14.9899 6
    endloop
  endfacet
  facet normal 0 0 1
    outer loop
      vertex 13.6 34 6
      vertex 30.3 34 6
      vertex 30.3082 34.1666 6
    endloop
  endfacet
  facet normal 0 0 1
    outer loop
      vertex 13.5923 34.1568 6
      vertex 30.3082 34.1666 6
      vertex 30.3327 34.3317 6
    endloop
  endfacet
  facet normal 0 0 1
    outer loop
      vertex 13.5693 34.3121 6
      vertex 30.3327 34.3317 6
      vertex 30.3732 34.4935 6
    endloop
  endfacet
  facet normal 0 0 1
    outer loop
      vertex 13.5311 34.4645 6
      vertex 30.3732 34.4935 6
      vertex 30.4294 34.6506 6
    endloop
  endfacet
  facet normal 0 0 1
    outer loop
      vertex 13.4782 34.6123 6
      vertex 30.4294 34.6506 6
      vertex 30.5007 34.8014 6
    endloop
  endfacet
  facet normal 0 0 1
    outer loop
      vertex 13.4111 34.7542 6
      vertex 30.5007 34.8014 6
      vertex 30.5865 34.9445 6
    endloop
  endfacet
  facet normal 0 0 1
    outer loop
      vertex 13.3304 34.8889 6
      vertex 30.5865 34.9445 6
      vertex 30.6859 35.0785 6
    endloop
  endfacet
  facet normal 0 0 1
    outer loop
      vertex 29.8 14 6
      vertex 14.0899 14.2058 6
      vertex 14.1 14 6
    endloop
  endfacet
  facet normal 0 0 1
    outer loop
      vertex 29.8106 14.2156 6
      vertex 14.0899 14.2058 6
      vertex 29.8 14 6
    endloop
  endfacet
  facet normal 0 -0 1
    outer loop
      vertex 14.0899 14.2058 6
      vertex 29.8106 14.2156 6
      vertex 14.0596 14.4097 6
    endloop
  endfacet
  facet normal 0 0 1
    outer loop
      vertex 29.8423 14.4292 6
      vertex 14.0596 14.4097 6
      vertex 29.8106 14.2156 6
    endloop
  endfacet
  facet normal 0 -0 1
    outer loop
      vertex 14.0596 14.4097 6
      vertex 29.8423 14.4292 6
      vertex 14.0096 14.6096 6
    endloop
  endfacet
  facet normal 0 0 1
    outer loop
      vertex 29.8947 14.6386 6
      vertex 14.0096 14.6096 6
      vertex 29.8423 14.4292 6
    endloop
  endfacet
  facet normal 0 -0 1
    outer loop
      vertex 14.0096 14.6096 6
      vertex 29.8947 14.6386 6
      vertex 13.9401 14.8036 6
    endloop
  endfacet
  facet normal 0 0 1
    outer loop
      vertex 30.3 34 6
      vertex 13.6 34 6
      vertex 13.5923 33.8432 6
    endloop
  endfacet
  facet normal 0 0 1
    outer loop
      vertex 13.2368 35.015 6
      vertex 30.6859 35.0785 6
      vertex 30.7979 35.2021 6
    endloop
  endfacet
  facet normal 0 0 1
    outer loop
      vertex 13.1314 35.1314 6
      vertex 30.7979 35.2021 6
      vertex 30.9215 35.3141 6
    endloop
  endfacet
  facet normal 0 0 1
    outer loop
      vertex 13.015 35.2368 6
      vertex 30.9215 35.3141 6
      vertex 31.0555 35.4135 6
    endloop
  endfacet
  facet normal 0 0 1
    outer loop
      vertex 12.8889 35.3304 6
      vertex 31.0555 35.4135 6
      vertex 31.1986 35.4993 6
    endloop
  endfacet
  facet normal 0 0 1
    outer loop
      vertex 3 46 6
      vertex 31.1986 35.4993 6
      vertex 31.3494 35.5706 6
    endloop
  endfacet
  facet normal 0 0 1
    outer loop
      vertex 3 46 6
      vertex 31.3494 35.5706 6
      vertex 31.5065 35.6268 6
    endloop
  endfacet
  facet normal 0 0 1
    outer loop
      vertex 3 46 6
      vertex 31.5065 35.6268 6
      vertex 31.6683 35.6673 6
    endloop
  endfacet
  facet normal 0 0 1
    outer loop
      vertex 31.8334 35.6918 6
      vertex 3 46 6
      vertex 31.6683 35.6673 6
    endloop
  endfacet
  facet normal 0 0 1
    outer loop
      vertex 30.3082 34.1666 6
      vertex 13.5923 34.1568 6
      vertex 13.6 34 6
    endloop
  endfacet
  facet normal 0 0 1
    outer loop
      vertex 30.3327 34.3317 6
      vertex 13.5693 34.3121 6
      vertex 13.5923 34.1568 6
    endloop
  endfacet
  facet normal 0 0 1
    outer loop
      vertex 30.3732 34.4935 6
      vertex 13.5311 34.4645 6
      vertex 13.5693 34.3121 6
    endloop
  endfacet
  facet normal 0 0 1
    outer loop
      vertex 30.4294 34.6506 6
      vertex 13.4782 34.6123 6
      vertex 13.5311 34.4645 6
    endloop
  endfacet
  facet normal 0 0 1
    outer loop
      vertex 30.5007 34.8014 6
      vertex 13.4111 34.7542 6
      vertex 13.4782 34.6123 6
    endloop
  endfacet
  facet normal 0 0 1
    outer loop
      vertex 30.5865 34.9445 6
      vertex 13.3304 34.8889 6
      vertex 13.4111 34.7542 6
    endloop
  endfacet
  facet normal 0 0 1
    outer loop
      vertex 30.6859 35.0785 6
      vertex 13.2368 35.015 6
      vertex 13.3304 34.8889 6
    endloop
  endfacet
  facet normal 0 0 1
    outer loop
      vertex 30.7979 35.2021 6
      vertex 13.1314 35.1314 6
      vertex 13.2368 35.015 6
    endloop
  endfacet
  facet normal 0 0 1
    outer loop
      vertex 30.9215 35.3141 6
      vertex 13.015 35.2368 6
      vertex 13.1314 35.1314 6
    endloop
  endfacet
  facet normal 0 0 1
    outer loop
      vertex 31.1986 35.4993 6
      vertex 3 46 6
      vertex 12.7542 35.4111 6
    endloop
  endfacet
  facet normal 0 0 1
    outer loop
      vertex 31.0555 35.4135 6
      vertex 12.8889 35.3304 6
      vertex 13.015 35.2368 6
    endloop
  endfacet
  facet normal 0 0 1
    outer loop
      vertex 31.1986 35.4993 6
      vertex 12.7542 35.4111 6
      vertex 12.8889 35.3304 6
    endloop
  endfacet
  facet normal 0 0 1
    outer loop
      vertex 12.7542 35.4111 6
      vertex 3 46 6
      vertex 12.6123 35.4782 6
    endloop
  endfacet
  facet normal 0 0 1
    outer loop
      vertex 12.6123 35.4782 6
      vertex 3 46 6
      vertex 12.4645 35.5311 6
    endloop
  endfacet
  facet normal 0 0 1
    outer loop
      vertex 12.4645 35.5311 6
      vertex 3 46 6
      vertex 12.3121 35.5693 6
    endloop
  endfacet
  facet normal 0 0 1
    outer loop
      vertex 12.3121 35.5693 6
      vertex 3 46 6
      vertex 12.1568 35.5923 6
    endloop
  endfacet
  facet normal 0 0 1
    outer loop
      vertex 12.1568 35.5923 6
      vertex 3 46 6
      vertex 12 35.6 6
    endloop
  endfacet
  facet normal 0 0 1
    outer loop
      vertex 12 35.6 6
      vertex 3 46 6
      vertex 11.8432 35.5923 6
    endloop
  endfacet
  facet normal 0 0 1
    outer loop
      vertex 8.11574 32.2511 6
      vertex 11.3877 32.5218 6
      vertex 8.20515 32.3053 6
    endloop
  endfacet
  facet normal 0 0 1
    outer loop
      vertex 8.63547 33.0805 6
      vertex 10.4077 33.8432 6
      vertex 8.63983 33.1969 6
    endloop
  endfacet
  facet normal 0 0 1
    outer loop
      vertex 11.3877 32.5218 6
      vertex 8.11574 32.2511 6
      vertex 11.5355 32.4689 6
    endloop
  endfacet
  facet normal 0 0 1
    outer loop
      vertex 8.63704 13.2861 6
      vertex 10.148 14.9899 6
      vertex 10.2539 15.1667 6
    endloop
  endfacet
  facet normal 0 0 1
    outer loop
      vertex 8.63704 13.2861 6
      vertex 10.0599 14.8036 6
      vertex 10.148 14.9899 6
    endloop
  endfacet
  facet normal 0 0 1
    outer loop
      vertex 8.63704 13.2861 6
      vertex 9.99043 14.6096 6
      vertex 10.0599 14.8036 6
    endloop
  endfacet
  facet normal 0 0 1
    outer loop
      vertex 8.63704 13.2861 6
      vertex 9.94035 14.4097 6
      vertex 9.99043 14.6096 6
    endloop
  endfacet
  facet normal 0 0 1
    outer loop
      vertex 8.63704 13.2861 6
      vertex 9.91011 14.2058 6
      vertex 9.94035 14.4097 6
    endloop
  endfacet
  facet normal 0 0 1
    outer loop
      vertex 8.53433 33.6302 6
      vertex 10.4 34 6
      vertex 10.4077 34.1568 6
    endloop
  endfacet
  facet normal 0 0 1
    outer loop
      vertex 8.50066 34.7048 6
      vertex 10.4077 34.1568 6
      vertex 10.4307 34.3121 6
    endloop
  endfacet
  facet normal 0 0 1
    outer loop
      vertex 8.51883 34.7734 6
      vertex 10.4307 34.3121 6
      vertex 10.4689 34.4645 6
    endloop
  endfacet
  facet normal 0 0 1
    outer loop
      vertex 8.5396 34.9199 6
      vertex 10.4689 34.4645 6
      vertex 10.5218 34.6123 6
    endloop
  endfacet
  facet normal 0 0 1
    outer loop
      vertex 8.53802 35.1015 6
      vertex 10.5218 34.6123 6
      vertex 10.5889 34.7542 6
    endloop
  endfacet
  facet normal 0 0 1
    outer loop
      vertex 8.52551 35.1999 6
      vertex 10.5889 34.7542 6
      vertex 10.6696 34.8889 6
    endloop
  endfacet
  facet normal 0 0 1
    outer loop
      vertex 8.50467 35.2931 6
      vertex 10.6696 34.8889 6
      vertex 10.7632 35.015 6
    endloop
  endfacet
  facet normal 0 0 1
    outer loop
      vertex 8.43796 35.4643 6
      vertex 10.7632 35.015 6
      vertex 10.8686 35.1314 6
    endloop
  endfacet
  facet normal 0 0 1
    outer loop
      vertex 8.39209 35.5422 6
      vertex 10.8686 35.1314 6
      vertex 10.985 35.2368 6
    endloop
  endfacet
  facet normal 0 0 1
    outer loop
      vertex 10.4077 33.8432 6
      vertex 8.6369 33.2772 6
      vertex 8.63983 33.1969 6
    endloop
  endfacet
  facet normal 0 0 1
    outer loop
      vertex 10.4077 33.8432 6
      vertex 8.62811 33.3543 6
      vertex 8.6369 33.2772 6
    endloop
  endfacet
  facet normal 0 0 1
    outer loop
      vertex 10.4077 33.8432 6
      vertex 8.61345 33.4282 6
      vertex 8.62811 33.3543 6
    endloop
  endfacet
  facet normal 0 0 1
    outer loop
      vertex 10.4077 33.8432 6
      vertex 8.59294 33.4988 6
      vertex 8.61345 33.4282 6
    endloop
  endfacet
  facet normal 0 0 1
    outer loop
      vertex 8.33789 35.615 6
      vertex 10.985 35.2368 6
      vertex 11.1111 35.3304 6
    endloop
  endfacet
  facet normal 0 0 1
    outer loop
      vertex 10.4 34 6
      vertex 8.56657 33.5661 6
      vertex 8.59294 33.4988 6
    endloop
  endfacet
  facet normal 0 0 1
    outer loop
      vertex 10.5218 34.6123 6
      vertex 8.54219 34.9979 6
      vertex 8.5396 34.9199 6
    endloop
  endfacet
  facet normal 0 0 1
    outer loop
      vertex 8.27534 35.6827 6
      vertex 11.1111 35.3304 6
      vertex 11.2458 35.4111 6
    endloop
  endfacet
  facet normal 0 0 1
    outer loop
      vertex 8.20447 35.7452 6
      vertex 11.2458 35.4111 6
      vertex 11.3877 35.4782 6
    endloop
  endfacet
  facet normal 0 0 1
    outer loop
      vertex 8.12619 35.8018 6
      vertex 11.3877 35.4782 6
      vertex 11.5355 35.5311 6
    endloop
  endfacet
  facet normal 0 0 1
    outer loop
      vertex 7.95026 35.8952 6
      vertex 11.5355 35.5311 6
      vertex 11.6879 35.5693 6
    endloop
  endfacet
  facet normal 0 0 1
    outer loop
      vertex 10.5218 34.6123 6
      vertex 8.53802 35.1015 6
      vertex 8.54219 34.9979 6
    endloop
  endfacet
  facet normal 0 0 1
    outer loop
      vertex 11.8432 35.5923 6
      vertex 3 46 6
      vertex 11.6879 35.5693 6
    endloop
  endfacet
  facet normal 0 0 1
    outer loop
      vertex 10.5889 34.7542 6
      vertex 8.52551 35.1999 6
      vertex 8.53802 35.1015 6
    endloop
  endfacet
  facet normal 0 0 1
    outer loop
      vertex 10.6696 34.8889 6
      vertex 8.50467 35.2931 6
      vertex 8.52551 35.1999 6
    endloop
  endfacet
  facet normal 0 0 1
    outer loop
      vertex 10.7632 35.015 6
      vertex 8.47548 35.3813 6
      vertex 8.50467 35.2931 6
    endloop
  endfacet
  facet normal 0 0 1
    outer loop
      vertex 10.7632 35.015 6
      vertex 8.43796 35.4643 6
      vertex 8.47548 35.3813 6
    endloop
  endfacet
  facet normal 0 0 1
    outer loop
      vertex 10.8686 35.1314 6
      vertex 8.39209 35.5422 6
      vertex 8.43796 35.4643 6
    endloop
  endfacet
  facet normal -0 -0 1
    outer loop
      vertex 7.8526 35.9318 6
      vertex 11.6879 35.5693 6
      vertex 3 46 6
    endloop
  endfacet
  facet normal 0 0 1
    outer loop
      vertex 10.985 35.2368 6
      vertex 8.33789 35.615 6
      vertex 8.39209 35.5422 6
    endloop
  endfacet
  facet normal 0 0 1
    outer loop
      vertex 11.1111 35.3304 6
      vertex 8.27534 35.6827 6
      vertex 8.33789 35.615 6
    endloop
  endfacet
  facet normal 0 0 1
    outer loop
      vertex 11.2458 35.4111 6
      vertex 8.20447 35.7452 6
      vertex 8.27534 35.6827 6
    endloop
  endfacet
  facet normal 0 0 1
    outer loop
      vertex 11.3877 35.4782 6
      vertex 8.12619 35.8018 6
      vertex 8.20447 35.7452 6
    endloop
  endfacet
  facet normal 0 0 1
    outer loop
      vertex 11.5355 35.5311 6
      vertex 8.04146 35.8518 6
      vertex 8.12619 35.8018 6
    endloop
  endfacet
  facet normal 0 0 1
    outer loop
      vertex 11.5355 35.5311 6
      vertex 7.95026 35.8952 6
      vertex 8.04146 35.8518 6
    endloop
  endfacet
  facet normal 0 0 1
    outer loop
      vertex 11.6879 35.5693 6
      vertex 7.8526 35.9318 6
      vertex 7.95026 35.8952 6
    endloop
  endfacet
  facet normal 0 0 1
    outer loop
      vertex 7.8526 35.9318 6
      vertex 3 46 6
      vertex 7.74846 35.9618 6
    endloop
  endfacet
  facet normal 0 0 1
    outer loop
      vertex 7.74846 35.9618 6
      vertex 3 46 6
      vertex 7.63788 35.9851 6
    endloop
  endfacet
  facet normal 0 0 1
    outer loop
      vertex 7.63788 35.9851 6
      vertex 3 46 6
      vertex 7.52081 36.0018 6
    endloop
  endfacet
  facet normal 0 0 1
    outer loop
      vertex 7.52081 36.0018 6
      vertex 3 46 6
      vertex 7.39729 36.0118 6
    endloop
  endfacet
  facet normal 0 0 1
    outer loop
      vertex 7.39729 36.0118 6
      vertex 3 46 6
      vertex 7.2673 36.0151 6
    endloop
  endfacet
  facet normal 0 0 1
    outer loop
      vertex 7.2673 36.0151 6
      vertex 3 46 6
      vertex 7.14458 36.0117 6
    endloop
  endfacet
  facet normal 0 0 1
    outer loop
      vertex 6.06845 15.8448 6
      vertex 4.86914 15.9544 6
      vertex 5.96884 15.7938 6
    endloop
  endfacet
  facet normal 0 0 1
    outer loop
      vertex 5.96884 15.7938 6
      vertex 4.86914 15.9544 6
      vertex 5.87798 15.7361 6
    endloop
  endfacet
  facet normal 0 0 1
    outer loop
      vertex 5.87798 15.7361 6
      vertex 4.86914 15.9544 6
      vertex 5.7963 15.6719 6
    endloop
  endfacet
  facet normal 0 0 1
    outer loop
      vertex 5.7963 15.6719 6
      vertex 4.86914 15.9544 6
      vertex 5.72421 15.6017 6
    endloop
  endfacet
  facet normal 0 0 1
    outer loop
      vertex 5.72421 15.6017 6
      vertex 4.86914 15.9544 6
      vertex 5.66174 15.5255 6
    endloop
  endfacet
  facet normal 0 0 1
    outer loop
      vertex 5.66174 15.5255 6
      vertex 4.86914 15.9544 6
      vertex 5.60887 15.4434 6
    endloop
  endfacet
  facet normal 0 0 1
    outer loop
      vertex 5.60887 15.4434 6
      vertex 4.86914 15.9544 6
      vertex 5.56563 15.3552 6
    endloop
  endfacet
  facet normal 0 0 1
    outer loop
      vertex 5.56563 15.3552 6
      vertex 4.86914 15.9544 6
      vertex 5.53198 15.2611 6
    endloop
  endfacet
  facet normal 0 0 1
    outer loop
      vertex 5.53198 15.2611 6
      vertex 4.86914 15.9544 6
      vertex 5.50797 15.1609 6
    endloop
  endfacet
  facet normal 0 0 1
    outer loop
      vertex 5.48758 32.1363 6
      vertex 5.87851 33.1751 6
      vertex 5.48758 35.9582 6
    endloop
  endfacet
  facet normal 0 0 1
    outer loop
      vertex 5.94363 34.9627 6
      vertex 5.48758 35.9582 6
      vertex 5.87851 33.1751 6
    endloop
  endfacet
  facet normal 0 0 1
    outer loop
      vertex 5.96048 35.0697 6
      vertex 5.48758 35.9582 6
      vertex 5.94363 34.9627 6
    endloop
  endfacet
  facet normal 0 0 1
    outer loop
      vertex 5.98448 35.1715 6
      vertex 5.48758 35.9582 6
      vertex 5.96048 35.0697 6
    endloop
  endfacet
  facet normal 0 0 1
    outer loop
      vertex 6.01566 35.268 6
      vertex 5.48758 35.9582 6
      vertex 5.98448 35.1715 6
    endloop
  endfacet
  facet normal 0 0 1
    outer loop
      vertex 6.054 35.3592 6
      vertex 5.48758 35.9582 6
      vertex 6.01566 35.268 6
    endloop
  endfacet
  facet normal 0 0 1
    outer loop
      vertex 6.0995 35.4451 6
      vertex 5.48758 35.9582 6
      vertex 6.054 35.3592 6
    endloop
  endfacet
  facet normal 0 0 1
    outer loop
      vertex 6.15218 35.5257 6
      vertex 5.48758 35.9582 6
      vertex 6.0995 35.4451 6
    endloop
  endfacet
  facet normal 0 0 1
    outer loop
      vertex 6.21202 35.601 6
      vertex 5.48758 35.9582 6
      vertex 6.15218 35.5257 6
    endloop
  endfacet
  facet normal 0 0 1
    outer loop
      vertex 6.27902 35.671 6
      vertex 5.48758 35.9582 6
      vertex 6.21202 35.601 6
    endloop
  endfacet
  facet normal 0 0 1
    outer loop
      vertex 6.35318 35.7357 6
      vertex 5.48758 35.9582 6
      vertex 6.27902 35.671 6
    endloop
  endfacet
  facet normal 0 0 1
    outer loop
      vertex 6.43359 35.7944 6
      vertex 5.48758 35.9582 6
      vertex 6.35318 35.7357 6
    endloop
  endfacet
  facet normal 0 0 1
    outer loop
      vertex 6.51929 35.8461 6
      vertex 5.48758 35.9582 6
      vertex 6.43359 35.7944 6
    endloop
  endfacet
  facet normal 0 0 1
    outer loop
      vertex 6.61028 35.8909 6
      vertex 5.48758 35.9582 6
      vertex 6.51929 35.8461 6
    endloop
  endfacet
  facet normal 0 0 1
    outer loop
      vertex 6.70656 35.9289 6
      vertex 5.48758 35.9582 6
      vertex 6.61028 35.8909 6
    endloop
  endfacet
  facet normal 0 0 1
    outer loop
      vertex 6.80812 35.9599 6
      vertex 5.48758 35.9582 6
      vertex 6.70656 35.9289 6
    endloop
  endfacet
  facet normal 0 0 1
    outer loop
      vertex 6.91498 35.9841 6
      vertex 5.48758 35.9582 6
      vertex 6.80812 35.9599 6
    endloop
  endfacet
  facet normal 0 0 1
    outer loop
      vertex 7.02713 36.0013 6
      vertex 5.48758 35.9582 6
      vertex 6.91498 35.9841 6
    endloop
  endfacet
  facet normal 0 0 1
    outer loop
      vertex 7.14458 36.0117 6
      vertex 3 46 6
      vertex 7.02713 36.0013 6
    endloop
  endfacet
  facet normal 0 0 1
    outer loop
      vertex 7.02713 36.0013 6
      vertex 3 46 6
      vertex 5.48758 35.9582 6
    endloop
  endfacet
  facet normal 0 0 1
    outer loop
      vertex 3.71902 33.7149 6
      vertex 3.41795 33.6146 6
      vertex 3.54814 33.1019 6
    endloop
  endfacet
  facet normal -0 0 1
    outer loop
      vertex 3.35826 33.8207 6
      vertex 3.71902 33.7149 6
      vertex 4.42159 35.9582 6
    endloop
  endfacet
  facet normal 0 0 1
    outer loop
      vertex 3.71902 33.7149 6
      vertex 3.35826 33.8207 6
      vertex 3.41795 33.6146 6
    endloop
  endfacet
  facet normal 0 0 1
    outer loop
      vertex 5.48758 35.9582 6
      vertex 3 46 6
      vertex 4.42159 35.9582 6
    endloop
  endfacet
  facet normal -0 0 1
    outer loop
      vertex 0 43 6
      vertex 4.42159 35.9582 6
      vertex 3 46 6
    endloop
  endfacet
  facet normal 0 0 1
    outer loop
      vertex 1.58581 45.6458 6
      vertex 3 46 6
      vertex 2.70595 45.9856 6
    endloop
  endfacet
  facet normal 0 0 1
    outer loop
      vertex 4.42159 35.9582 6
      vertex 2.67471 35.9582 6
      vertex 3.35826 33.8207 6
    endloop
  endfacet
  facet normal 0 0 1
    outer loop
      vertex 1.58581 45.6458 6
      vertex 2.70595 45.9856 6
      vertex 2.41473 45.9424 6
    endloop
  endfacet
  facet normal 0 0 1
    outer loop
      vertex 1.58581 45.6458 6
      vertex 2.41473 45.9424 6
      vertex 2.12915 45.8708 6
    endloop
  endfacet
  facet normal 0 0 1
    outer loop
      vertex 1.58581 45.6458 6
      vertex 2.12915 45.8708 6
      vertex 1.85195 45.7716 6
    endloop
  endfacet
  facet normal 0 0 1
    outer loop
      vertex 0 43 6
      vertex 3 46 6
      vertex 1.58581 45.6458 6
    endloop
  endfacet
  facet normal 0 0 1
    outer loop
      vertex 0 43 6
      vertex 1.60327 32.1363 6
      vertex 1.60327 35.9582 6
    endloop
  endfacet
  facet normal 0 0 1
    outer loop
      vertex 1.60327 32.1363 6
      vertex 0 43 6
      vertex 1.60327 15.9544 6
    endloop
  endfacet
  facet normal 0 0 1
    outer loop
      vertex 2.67471 35.9582 6
      vertex 0 43 6
      vertex 1.60327 35.9582 6
    endloop
  endfacet
  facet normal 0 0 1
    outer loop
      vertex 4.42159 35.9582 6
      vertex 0 43 6
      vertex 2.67471 35.9582 6
    endloop
  endfacet
  facet normal 0 0 1
    outer loop
      vertex 83.1213 0.878679 6
      vertex 81 0 6
      vertex 82.9032 0.680968 6
    endloop
  endfacet
  facet normal 0 0 1
    outer loop
      vertex 82.9032 0.680968 6
      vertex 81 0 6
      vertex 82.6667 0.50559 6
    endloop
  endfacet
  facet normal 0 0 1
    outer loop
      vertex 82.6667 0.50559 6
      vertex 81 0 6
      vertex 82.4142 0.354236 6
    endloop
  endfacet
  facet normal 0 0 1
    outer loop
      vertex 82.148 0.228361 6
      vertex 81 0 6
      vertex 81.8708 0.129178 6
    endloop
  endfacet
  facet normal 0 0 1
    outer loop
      vertex 81.8708 0.129178 6
      vertex 81 0 6
      vertex 81.5853 0.0576439 6
    endloop
  endfacet
  facet normal 0 0 1
    outer loop
      vertex 81.5853 0.0576439 6
      vertex 81 0 6
      vertex 81.2941 0.0144453 6
    endloop
  endfacet
  facet normal 0 0 1
    outer loop
      vertex 82.4142 0.354236 6
      vertex 81 0 6
      vertex 82.148 0.228361 6
    endloop
  endfacet
  facet normal 0 0 1
    outer loop
      vertex 83.319 1.09682 6
      vertex 81 0 6
      vertex 83.1213 0.878679 6
    endloop
  endfacet
  facet normal 0 0 1
    outer loop
      vertex 83.9424 2.41473 6
      vertex 81 0 6
      vertex 83.8708 2.12915 6
    endloop
  endfacet
  facet normal -0 0 1
    outer loop
      vertex 73.3334 12.0045 6
      vertex 81 0 6
      vertex 73.5225 12.1448 6
    endloop
  endfacet
  facet normal -0 0 1
    outer loop
      vertex 73.1313 11.8834 6
      vertex 81 0 6
      vertex 73.3334 12.0045 6
    endloop
  endfacet
  facet normal -0 0 1
    outer loop
      vertex 72.9184 11.7827 6
      vertex 81 0 6
      vertex 73.1313 11.8834 6
    endloop
  endfacet
  facet normal -0 0 1
    outer loop
      vertex 72.6967 11.7033 6
      vertex 81 0 6
      vertex 72.9184 11.7827 6
    endloop
  endfacet
  facet normal -0 0 1
    outer loop
      vertex 72.4682 11.6461 6
      vertex 81 0 6
      vertex 72.6967 11.7033 6
    endloop
  endfacet
  facet normal -0 0 1
    outer loop
      vertex 72.2352 11.6116 6
      vertex 81 0 6
      vertex 72.4682 11.6461 6
    endloop
  endfacet
  facet normal -0 0 1
    outer loop
      vertex 72 11.6 6
      vertex 81 0 6
      vertex 72.2352 11.6116 6
    endloop
  endfacet
  facet normal 0 0 1
    outer loop
      vertex 71.7648 11.6116 6
      vertex 81 0 6
      vertex 72 11.6 6
    endloop
  endfacet
  facet normal 0 0 1
    outer loop
      vertex 71.5318 11.6461 6
      vertex 81 0 6
      vertex 71.7648 11.6116 6
    endloop
  endfacet
  facet normal 0 0 1
    outer loop
      vertex 71.3033 11.7033 6
      vertex 81 0 6
      vertex 71.5318 11.6461 6
    endloop
  endfacet
  facet normal 0 0 1
    outer loop
      vertex 71.0816 11.7827 6
      vertex 81 0 6
      vertex 71.3033 11.7033 6
    endloop
  endfacet
  facet normal 0 0 1
    outer loop
      vertex 70.8686 11.8834 6
      vertex 81 0 6
      vertex 71.0816 11.7827 6
    endloop
  endfacet
  facet normal -0 0 1
    outer loop
      vertex 53.0842 11.9716 6
      vertex 70.8686 11.8834 6
      vertex 70.6666 12.0045 6
    endloop
  endfacet
  facet normal -0 0 1
    outer loop
      vertex 53.2778 12.0876 6
      vertex 70.6666 12.0045 6
      vertex 70.4775 12.1448 6
    endloop
  endfacet
  facet normal -0 0 1
    outer loop
      vertex 53.4591 12.2221 6
      vertex 70.4775 12.1448 6
      vertex 70.3029 12.3029 6
    endloop
  endfacet
  facet normal -0 0 1
    outer loop
      vertex 53.6263 12.3737 6
      vertex 70.3029 12.3029 6
      vertex 70.1448 12.4775 6
    endloop
  endfacet
  facet normal -0 0 1
    outer loop
      vertex 54.3 14 6
      vertex 69.6116 13.7648 6
      vertex 69.6 14 6
    endloop
  endfacet
  facet normal -0 0 1
    outer loop
      vertex 54.2889 13.7746 6
      vertex 69.6116 13.7648 6
      vertex 54.3 14 6
    endloop
  endfacet
  facet normal 0 0 1
    outer loop
      vertex 69.6116 13.7648 6
      vertex 54.2889 13.7746 6
      vertex 69.6461 13.5318 6
    endloop
  endfacet
  facet normal -0 0 1
    outer loop
      vertex 54.2558 13.5513 6
      vertex 69.6461 13.5318 6
      vertex 54.2889 13.7746 6
    endloop
  endfacet
  facet normal 0 0 1
    outer loop
      vertex 69.6461 13.5318 6
      vertex 54.2558 13.5513 6
      vertex 69.7033 13.3033 6
    endloop
  endfacet
  facet normal -0 0 1
    outer loop
      vertex 54.201 13.3323 6
      vertex 69.7033 13.3033 6
      vertex 54.2558 13.5513 6
    endloop
  endfacet
  facet normal 0 0 1
    outer loop
      vertex 69.7033 13.3033 6
      vertex 54.201 13.3323 6
      vertex 69.7827 13.0816 6
    endloop
  endfacet
  facet normal -0 0 1
    outer loop
      vertex 54.1249 13.1198 6
      vertex 69.7827 13.0816 6
      vertex 54.201 13.3323 6
    endloop
  endfacet
  facet normal 0 0 1
    outer loop
      vertex 69.7827 13.0816 6
      vertex 54.1249 13.1198 6
      vertex 69.8834 12.8686 6
    endloop
  endfacet
  facet normal -0 0 1
    outer loop
      vertex 54.0284 12.9158 6
      vertex 69.8834 12.8686 6
      vertex 54.1249 13.1198 6
    endloop
  endfacet
  facet normal 0 0 1
    outer loop
      vertex 69.8834 12.8686 6
      vertex 54.0284 12.9158 6
      vertex 70.0045 12.6666 6
    endloop
  endfacet
  facet normal -0 0 1
    outer loop
      vertex 53.9124 12.7222 6
      vertex 70.0045 12.6666 6
      vertex 54.0284 12.9158 6
    endloop
  endfacet
  facet normal 0 0 1
    outer loop
      vertex 70.0045 12.6666 6
      vertex 53.9124 12.7222 6
      vertex 70.1448 12.4775 6
    endloop
  endfacet
  facet normal -0 0 1
    outer loop
      vertex 53.7779 12.5409 6
      vertex 70.1448 12.4775 6
      vertex 53.9124 12.7222 6
    endloop
  endfacet
  facet normal 0 0 1
    outer loop
      vertex 53.6263 12.3737 6
      vertex 70.1448 12.4775 6
      vertex 53.7779 12.5409 6
    endloop
  endfacet
  facet normal 0 0 1
    outer loop
      vertex 70.3029 12.3029 6
      vertex 53.6263 12.3737 6
      vertex 53.4591 12.2221 6
    endloop
  endfacet
  facet normal 0 0 1
    outer loop
      vertex 70.4775 12.1448 6
      vertex 53.4591 12.2221 6
      vertex 53.2778 12.0876 6
    endloop
  endfacet
  facet normal 0 0 1
    outer loop
      vertex 70.6666 12.0045 6
      vertex 53.2778 12.0876 6
      vertex 53.0842 11.9716 6
    endloop
  endfacet
  facet normal 0 0 1
    outer loop
      vertex 70.8686 11.8834 6
      vertex 53.0842 11.9716 6
      vertex 81 0 6
    endloop
  endfacet
  facet normal -0 0 1
    outer loop
      vertex 52.8802 11.8751 6
      vertex 81 0 6
      vertex 53.0842 11.9716 6
    endloop
  endfacet
  facet normal -0 0 1
    outer loop
      vertex 52.6677 11.799 6
      vertex 81 0 6
      vertex 52.8802 11.8751 6
    endloop
  endfacet
  facet normal -0 0 1
    outer loop
      vertex 52.4487 11.7442 6
      vertex 81 0 6
      vertex 52.6677 11.799 6
    endloop
  endfacet
  facet normal -0 0 1
    outer loop
      vertex 52.2254 11.7111 6
      vertex 81 0 6
      vertex 52.4487 11.7442 6
    endloop
  endfacet
  facet normal -0 0 1
    outer loop
      vertex 52 11.7 6
      vertex 81 0 6
      vertex 52.2254 11.7111 6
    endloop
  endfacet
  facet normal 0 0 1
    outer loop
      vertex 51.7746 11.7111 6
      vertex 81 0 6
      vertex 52 11.7 6
    endloop
  endfacet
  facet normal 0 0 1
    outer loop
      vertex 51.5513 11.7442 6
      vertex 81 0 6
      vertex 51.7746 11.7111 6
    endloop
  endfacet
  facet normal 0 0 1
    outer loop
      vertex 32.4292 11.8423 6
      vertex 51.5513 11.7442 6
      vertex 51.3323 11.799 6
    endloop
  endfacet
  facet normal 0 0 1
    outer loop
      vertex 32.6386 11.8947 6
      vertex 51.3323 11.799 6
      vertex 51.1198 11.8751 6
    endloop
  endfacet
  facet normal -0 0 1
    outer loop
      vertex 34.2 14 6
      vertex 49.7111 13.7746 6
      vertex 49.7 14 6
    endloop
  endfacet
  facet normal -0 0 1
    outer loop
      vertex 34.1894 13.7844 6
      vertex 49.7111 13.7746 6
      vertex 34.2 14 6
    endloop
  endfacet
  facet normal 0 0 1
    outer loop
      vertex 49.7111 13.7746 6
      vertex 34.1894 13.7844 6
      vertex 49.7442 13.5513 6
    endloop
  endfacet
  facet normal -0 0 1
    outer loop
      vertex 34.1577 13.5708 6
      vertex 49.7442 13.5513 6
      vertex 34.1894 13.7844 6
    endloop
  endfacet
  facet normal 0 0 1
    outer loop
      vertex 49.7442 13.5513 6
      vertex 34.1577 13.5708 6
      vertex 49.799 13.3323 6
    endloop
  endfacet
  facet normal -0 0 1
    outer loop
      vertex 34.1053 13.3614 6
      vertex 49.799 13.3323 6
      vertex 34.1577 13.5708 6
    endloop
  endfacet
  facet normal 0 0 1
    outer loop
      vertex 49.799 13.3323 6
      vertex 34.1053 13.3614 6
      vertex 49.8751 13.1198 6
    endloop
  endfacet
  facet normal -0 0 1
    outer loop
      vertex 34.0325 13.1581 6
      vertex 49.8751 13.1198 6
      vertex 34.1053 13.3614 6
    endloop
  endfacet
  facet normal 0 0 1
    outer loop
      vertex 49.8751 13.1198 6
      vertex 34.0325 13.1581 6
      vertex 49.9716 12.9158 6
    endloop
  endfacet
  facet normal -0 0 1
    outer loop
      vertex 33.9402 12.9629 6
      vertex 49.9716 12.9158 6
      vertex 34.0325 13.1581 6
    endloop
  endfacet
  facet normal 0 0 1
    outer loop
      vertex 49.9716 12.9158 6
      vertex 33.9402 12.9629 6
      vertex 50.0876 12.7222 6
    endloop
  endfacet
  facet normal -0 0 1
    outer loop
      vertex 33.8292 12.7777 6
      vertex 50.0876 12.7222 6
      vertex 33.9402 12.9629 6
    endloop
  endfacet
  facet normal 0 0 1
    outer loop
      vertex 50.0876 12.7222 6
      vertex 33.8292 12.7777 6
      vertex 50.2221 12.5409 6
    endloop
  endfacet
  facet normal -0 0 1
    outer loop
      vertex 33.7006 12.6043 6
      vertex 50.2221 12.5409 6
      vertex 33.8292 12.7777 6
    endloop
  endfacet
  facet normal 0 0 1
    outer loop
      vertex 50.2221 12.5409 6
      vertex 33.7006 12.6043 6
      vertex 50.3737 12.3737 6
    endloop
  endfacet
  facet normal -0 0 1
    outer loop
      vertex 33.5556 12.4444 6
      vertex 50.3737 12.3737 6
      vertex 33.7006 12.6043 6
    endloop
  endfacet
  facet normal 0 0 1
    outer loop
      vertex 50.3737 12.3737 6
      vertex 33.5556 12.4444 6
      vertex 50.5409 12.2221 6
    endloop
  endfacet
  facet normal -0 0 1
    outer loop
      vertex 33.3957 12.2994 6
      vertex 50.5409 12.2221 6
      vertex 33.5556 12.4444 6
    endloop
  endfacet
  facet normal 0 0 1
    outer loop
      vertex 50.5409 12.2221 6
      vertex 33.3957 12.2994 6
      vertex 50.7222 12.0876 6
    endloop
  endfacet
  facet normal -0 0 1
    outer loop
      vertex 33.2223 12.1708 6
      vertex 50.7222 12.0876 6
      vertex 33.3957 12.2994 6
    endloop
  endfacet
  facet normal 0 0 1
    outer loop
      vertex 50.7222 12.0876 6
      vertex 33.2223 12.1708 6
      vertex 50.9158 11.9716 6
    endloop
  endfacet
  facet normal -0 0 1
    outer loop
      vertex 33.0371 12.0598 6
      vertex 50.9158 11.9716 6
      vertex 33.2223 12.1708 6
    endloop
  endfacet
  facet normal 0 0 1
    outer loop
      vertex 50.9158 11.9716 6
      vertex 33.0371 12.0598 6
      vertex 51.1198 11.8751 6
    endloop
  endfacet
  facet normal -0 0 1
    outer loop
      vertex 32.8419 11.9675 6
      vertex 51.1198 11.8751 6
      vertex 33.0371 12.0598 6
    endloop
  endfacet
  facet normal -0 0 1
    outer loop
      vertex 32.6386 11.8947 6
      vertex 51.1198 11.8751 6
      vertex 32.8419 11.9675 6
    endloop
  endfacet
  facet normal 0 0 1
    outer loop
      vertex 51.3323 11.799 6
      vertex 32.6386 11.8947 6
      vertex 32.4292 11.8423 6
    endloop
  endfacet
  facet normal -0 0 1
    outer loop
      vertex 32.2156 11.8106 6
      vertex 51.5513 11.7442 6
      vertex 32.4292 11.8423 6
    endloop
  endfacet
  facet normal 0 0 1
    outer loop
      vertex 51.5513 11.7442 6
      vertex 32.2156 11.8106 6
      vertex 81 0 6
    endloop
  endfacet
  facet normal 0 0 1
    outer loop
      vertex 3 0 6
      vertex 32.2156 11.8106 6
      vertex 32 11.8 6
    endloop
  endfacet
  facet normal 0 0 1
    outer loop
      vertex 3 0 6
      vertex 32 11.8 6
      vertex 31.7844 11.8106 6
    endloop
  endfacet
  facet normal 0 0 1
    outer loop
      vertex 3 0 6
      vertex 31.7844 11.8106 6
      vertex 31.5708 11.8423 6
    endloop
  endfacet
  facet normal -0 0 1
    outer loop
      vertex 14.1 14 6
      vertex 29.8106 13.7844 6
      vertex 29.8 14 6
    endloop
  endfacet
  facet normal -0 0 1
    outer loop
      vertex 14.0899 13.7942 6
      vertex 29.8106 13.7844 6
      vertex 14.1 14 6
    endloop
  endfacet
  facet normal 0 0 1
    outer loop
      vertex 29.8106 13.7844 6
      vertex 14.0899 13.7942 6
      vertex 29.8423 13.5708 6
    endloop
  endfacet
  facet normal -0 0 1
    outer loop
      vertex 14.0596 13.5903 6
      vertex 29.8423 13.5708 6
      vertex 14.0899 13.7942 6
    endloop
  endfacet
  facet normal 0 0 1
    outer loop
      vertex 29.8423 13.5708 6
      vertex 14.0596 13.5903 6
      vertex 29.8947 13.3614 6
    endloop
  endfacet
  facet normal -0 0 1
    outer loop
      vertex 14.0096 13.3904 6
      vertex 29.8947 13.3614 6
      vertex 14.0596 13.5903 6
    endloop
  endfacet
  facet normal 0 0 1
    outer loop
      vertex 29.8947 13.3614 6
      vertex 14.0096 13.3904 6
      vertex 29.9675 13.1581 6
    endloop
  endfacet
  facet normal -0 0 1
    outer loop
      vertex 13.9401 13.1964 6
      vertex 29.9675 13.1581 6
      vertex 14.0096 13.3904 6
    endloop
  endfacet
  facet normal 0 0 1
    outer loop
      vertex 29.9675 13.1581 6
      vertex 13.9401 13.1964 6
      vertex 30.0598 12.9629 6
    endloop
  endfacet
  facet normal -0 0 1
    outer loop
      vertex 13.852 13.0101 6
      vertex 30.0598 12.9629 6
      vertex 13.9401 13.1964 6
    endloop
  endfacet
  facet normal 0 0 1
    outer loop
      vertex 30.0598 12.9629 6
      vertex 13.852 13.0101 6
      vertex 30.1708 12.7777 6
    endloop
  endfacet
  facet normal -0 0 1
    outer loop
      vertex 13.7461 12.8333 6
      vertex 30.1708 12.7777 6
      vertex 13.852 13.0101 6
    endloop
  endfacet
  facet normal 0 0 1
    outer loop
      vertex 30.1708 12.7777 6
      vertex 13.7461 12.8333 6
      vertex 30.2994 12.6043 6
    endloop
  endfacet
  facet normal -0 0 1
    outer loop
      vertex 13.6233 12.6678 6
      vertex 30.2994 12.6043 6
      vertex 13.7461 12.8333 6
    endloop
  endfacet
  facet normal 0 0 1
    outer loop
      vertex 30.2994 12.6043 6
      vertex 13.6233 12.6678 6
      vertex 30.4444 12.4444 6
    endloop
  endfacet
  facet normal -0 0 1
    outer loop
      vertex 13.4849 12.5151 6
      vertex 30.4444 12.4444 6
      vertex 13.6233 12.6678 6
    endloop
  endfacet
  facet normal 0 0 1
    outer loop
      vertex 30.4444 12.4444 6
      vertex 13.4849 12.5151 6
      vertex 30.6043 12.2994 6
    endloop
  endfacet
  facet normal -0 0 1
    outer loop
      vertex 13.3322 12.3767 6
      vertex 30.6043 12.2994 6
      vertex 13.4849 12.5151 6
    endloop
  endfacet
  facet normal 0 0 1
    outer loop
      vertex 30.6043 12.2994 6
      vertex 13.3322 12.3767 6
      vertex 30.7777 12.1708 6
    endloop
  endfacet
  facet normal -0 0 1
    outer loop
      vertex 13.1667 12.2539 6
      vertex 30.7777 12.1708 6
      vertex 13.3322 12.3767 6
    endloop
  endfacet
  facet normal 0 0 1
    outer loop
      vertex 30.7777 12.1708 6
      vertex 13.1667 12.2539 6
      vertex 30.9629 12.0598 6
    endloop
  endfacet
  facet normal -0 0 1
    outer loop
      vertex 12.9899 12.148 6
      vertex 30.9629 12.0598 6
      vertex 13.1667 12.2539 6
    endloop
  endfacet
  facet normal 0 0 1
    outer loop
      vertex 3 0 6
      vertex 30.9629 12.0598 6
      vertex 12.9899 12.148 6
    endloop
  endfacet
  facet normal 0 0 1
    outer loop
      vertex 30.9629 12.0598 6
      vertex 3 0 6
      vertex 31.1581 11.9675 6
    endloop
  endfacet
  facet normal 0 0 1
    outer loop
      vertex 31.1581 11.9675 6
      vertex 3 0 6
      vertex 31.3614 11.8947 6
    endloop
  endfacet
  facet normal 0 0 1
    outer loop
      vertex 31.3614 11.8947 6
      vertex 3 0 6
      vertex 31.5708 11.8423 6
    endloop
  endfacet
  facet normal 0 0 1
    outer loop
      vertex 3 0 6
      vertex 12.9899 12.148 6
      vertex 12.8036 12.0599 6
    endloop
  endfacet
  facet normal 0 0 1
    outer loop
      vertex 3 0 6
      vertex 12.8036 12.0599 6
      vertex 12.6096 11.9904 6
    endloop
  endfacet
  facet normal 0 0 1
    outer loop
      vertex 3 0 6
      vertex 12.6096 11.9904 6
      vertex 12.4097 11.9404 6
    endloop
  endfacet
  facet normal 0 0 1
    outer loop
      vertex 3 0 6
      vertex 12.4097 11.9404 6
      vertex 12.2058 11.9101 6
    endloop
  endfacet
  facet normal 0 0 1
    outer loop
      vertex 3 0 6
      vertex 12.2058 11.9101 6
      vertex 12 11.9 6
    endloop
  endfacet
  facet normal 0 0 1
    outer loop
      vertex 3 0 6
      vertex 12 11.9 6
      vertex 11.7942 11.9101 6
    endloop
  endfacet
  facet normal 0 0 1
    outer loop
      vertex 3 0 6
      vertex 11.7942 11.9101 6
      vertex 11.5903 11.9404 6
    endloop
  endfacet
  facet normal 0 0 1
    outer loop
      vertex 8.63704 13.2861 6
      vertex 9.9 14 6
      vertex 9.91011 14.2058 6
    endloop
  endfacet
  facet normal 0 0 1
    outer loop
      vertex 8.63704 13.2861 6
      vertex 9.91011 13.7942 6
      vertex 9.9 14 6
    endloop
  endfacet
  facet normal 0 0 1
    outer loop
      vertex 8.63704 13.2861 6
      vertex 9.94035 13.5903 6
      vertex 9.91011 13.7942 6
    endloop
  endfacet
  facet normal 0 0 1
    outer loop
      vertex 8.63704 13.2861 6
      vertex 9.99043 13.3904 6
      vertex 9.94035 13.5903 6
    endloop
  endfacet
  facet normal 0 0 1
    outer loop
      vertex 8.6328 13.1123 6
      vertex 9.99043 13.3904 6
      vertex 8.63794 13.2338 6
    endloop
  endfacet
  facet normal 0 0 1
    outer loop
      vertex 9.99043 13.3904 6
      vertex 8.6328 13.1123 6
      vertex 10.0599 13.1964 6
    endloop
  endfacet
  facet normal 0 0 1
    outer loop
      vertex 8.61737 12.9973 6
      vertex 10.0599 13.1964 6
      vertex 8.6328 13.1123 6
    endloop
  endfacet
  facet normal 0 0 1
    outer loop
      vertex 10.0599 13.1964 6
      vertex 8.61737 12.9973 6
      vertex 10.148 13.0101 6
    endloop
  endfacet
  facet normal 0 0 1
    outer loop
      vertex 8.59167 12.8889 6
      vertex 10.148 13.0101 6
      vertex 8.61737 12.9973 6
    endloop
  endfacet
  facet normal 0 0 1
    outer loop
      vertex 8.55569 12.7869 6
      vertex 10.148 13.0101 6
      vertex 8.59167 12.8889 6
    endloop
  endfacet
  facet normal 0 0 1
    outer loop
      vertex 10.148 13.0101 6
      vertex 8.55569 12.7869 6
      vertex 10.2539 12.8333 6
    endloop
  endfacet
  facet normal 0 0 1
    outer loop
      vertex 8.50941 12.6915 6
      vertex 10.2539 12.8333 6
      vertex 8.55569 12.7869 6
    endloop
  endfacet
  facet normal 0 0 1
    outer loop
      vertex 10.2539 12.8333 6
      vertex 8.50941 12.6915 6
      vertex 10.3767 12.6678 6
    endloop
  endfacet
  facet normal 0 0 1
    outer loop
      vertex 8.45288 12.6027 6
      vertex 10.3767 12.6678 6
      vertex 8.50941 12.6915 6
    endloop
  endfacet
  facet normal 0 0 1
    outer loop
      vertex 8.38605 12.5203 6
      vertex 10.3767 12.6678 6
      vertex 8.45288 12.6027 6
    endloop
  endfacet
  facet normal 0 0 1
    outer loop
      vertex 10.3767 12.6678 6
      vertex 8.38605 12.5203 6
      vertex 10.5151 12.5151 6
    endloop
  endfacet
  facet normal 0 0 1
    outer loop
      vertex 8.30893 12.4445 6
      vertex 10.5151 12.5151 6
      vertex 8.38605 12.5203 6
    endloop
  endfacet
  facet normal 0 0 1
    outer loop
      vertex 10.5151 12.5151 6
      vertex 8.30893 12.4445 6
      vertex 10.6678 12.3767 6
    endloop
  endfacet
  facet normal 0 0 1
    outer loop
      vertex 8.22154 12.3753 6
      vertex 10.6678 12.3767 6
      vertex 8.30893 12.4445 6
    endloop
  endfacet
  facet normal 0 0 1
    outer loop
      vertex 10.6678 12.3767 6
      vertex 8.22154 12.3753 6
      vertex 10.8333 12.2539 6
    endloop
  endfacet
  facet normal -0 0 1
    outer loop
      vertex 8.12421 12.3129 6
      vertex 10.8333 12.2539 6
      vertex 8.22154 12.3753 6
    endloop
  endfacet
  facet normal 0 0 1
    outer loop
      vertex 10.8333 12.2539 6
      vertex 8.12421 12.3129 6
      vertex 11.0101 12.148 6
    endloop
  endfacet
  facet normal -0 0 1
    outer loop
      vertex 8.01727 12.2579 6
      vertex 11.0101 12.148 6
      vertex 8.12421 12.3129 6
    endloop
  endfacet
  facet normal -0 0 1
    outer loop
      vertex 7.90071 12.2103 6
      vertex 11.0101 12.148 6
      vertex 8.01727 12.2579 6
    endloop
  endfacet
  facet normal 0 0 1
    outer loop
      vertex 11.0101 12.148 6
      vertex 7.90071 12.2103 6
      vertex 11.1964 12.0599 6
    endloop
  endfacet
  facet normal -0 0 1
    outer loop
      vertex 7.77455 12.1699 6
      vertex 11.1964 12.0599 6
      vertex 7.90071 12.2103 6
    endloop
  endfacet
  facet normal 0 0 1
    outer loop
      vertex 11.1964 12.0599 6
      vertex 7.77455 12.1699 6
      vertex 11.3904 11.9904 6
    endloop
  endfacet
  facet normal -0 0 1
    outer loop
      vertex 7.63878 12.1369 6
      vertex 11.3904 11.9904 6
      vertex 7.77455 12.1699 6
    endloop
  endfacet
  facet normal 0 0 1
    outer loop
      vertex 3 0 6
      vertex 11.3904 11.9904 6
      vertex 7.63878 12.1369 6
    endloop
  endfacet
  facet normal 0 0 1
    outer loop
      vertex 11.3904 11.9904 6
      vertex 3 0 6
      vertex 11.5903 11.9404 6
    endloop
  endfacet
  facet normal 0 0 1
    outer loop
      vertex 3 0 6
      vertex 7.63878 12.1369 6
      vertex 7.49339 12.1113 6
    endloop
  endfacet
  facet normal 0 0 1
    outer loop
      vertex 3 0 6
      vertex 7.49339 12.1113 6
      vertex 7.33841 12.0929 6
    endloop
  endfacet
  facet normal 0 0 1
    outer loop
      vertex 3 0 6
      vertex 7.33841 12.0929 6
      vertex 7.1738 12.0819 6
    endloop
  endfacet
  facet normal 0 0 1
    outer loop
      vertex 3 0 6
      vertex 7.1738 12.0819 6
      vertex 6.99957 12.0783 6
    endloop
  endfacet
  facet normal 0 0 1
    outer loop
      vertex 3 0 6
      vertex 6.99957 12.0783 6
      vertex 6.84015 12.0815 6
    endloop
  endfacet
  facet normal 0 0 1
    outer loop
      vertex 3 0 6
      vertex 6.84015 12.0815 6
      vertex 6.68855 12.0911 6
    endloop
  endfacet
  facet normal 0 0 1
    outer loop
      vertex 3 0 6
      vertex 6.68855 12.0911 6
      vertex 6.54478 12.1072 6
    endloop
  endfacet
  facet normal 0 0 1
    outer loop
      vertex 4.86914 12.1325 6
      vertex 5.30971 13.128 6
      vertex 4.86914 15.9544 6
    endloop
  endfacet
  facet normal 0 0 1
    outer loop
      vertex 4.86914 12.1325 6
      vertex 5.3399 13.0138 6
      vertex 5.30971 13.128 6
    endloop
  endfacet
  facet normal 0 0 1
    outer loop
      vertex 4.86914 12.1325 6
      vertex 5.37749 12.9062 6
      vertex 5.3399 13.0138 6
    endloop
  endfacet
  facet normal 0 0 1
    outer loop
      vertex 4.86914 12.1325 6
      vertex 5.42242 12.8052 6
      vertex 5.37749 12.9062 6
    endloop
  endfacet
  facet normal 0 0 1
    outer loop
      vertex 4.86914 12.1325 6
      vertex 5.47473 12.7109 6
      vertex 5.42242 12.8052 6
    endloop
  endfacet
  facet normal 0 0 1
    outer loop
      vertex 4.86914 12.1325 6
      vertex 5.53441 12.6232 6
      vertex 5.47473 12.7109 6
    endloop
  endfacet
  facet normal 0 0 1
    outer loop
      vertex 4.86914 12.1325 6
      vertex 5.60146 12.5421 6
      vertex 5.53441 12.6232 6
    endloop
  endfacet
  facet normal 0 0 1
    outer loop
      vertex 4.86914 12.1325 6
      vertex 5.67586 12.4677 6
      vertex 5.60146 12.5421 6
    endloop
  endfacet
  facet normal 0 0 1
    outer loop
      vertex 4.86914 12.1325 6
      vertex 5.75764 12.3999 6
      vertex 5.67586 12.4677 6
    endloop
  endfacet
  facet normal 0 0 1
    outer loop
      vertex 4.86914 12.1325 6
      vertex 5.84679 12.3387 6
      vertex 5.75764 12.3999 6
    endloop
  endfacet
  facet normal 0 0 1
    outer loop
      vertex 4.86914 12.1325 6
      vertex 5.94353 12.284 6
      vertex 5.84679 12.3387 6
    endloop
  endfacet
  facet normal 0 0 1
    outer loop
      vertex 4.86914 12.1325 6
      vertex 6.04811 12.2358 6
      vertex 5.94353 12.284 6
    endloop
  endfacet
  facet normal 0 0 1
    outer loop
      vertex 4.86914 12.1325 6
      vertex 6.16052 12.194 6
      vertex 6.04811 12.2358 6
    endloop
  endfacet
  facet normal 0 0 1
    outer loop
      vertex 4.86914 12.1325 6
      vertex 6.28078 12.1586 6
      vertex 6.16052 12.194 6
    endloop
  endfacet
  facet normal -0 0 1
    outer loop
      vertex 4.86914 12.1325 6
      vertex 6.40886 12.1297 6
      vertex 6.28078 12.1586 6
    endloop
  endfacet
  facet normal 0 0 1
    outer loop
      vertex 4.86914 12.1325 6
      vertex 6.54478 12.1072 6
      vertex 6.40886 12.1297 6
    endloop
  endfacet
  facet normal 0 0 1
    outer loop
      vertex 3 0 6
      vertex 6.54478 12.1072 6
      vertex 4.86914 12.1325 6
    endloop
  endfacet
  facet normal 0 0 1
    outer loop
      vertex 3 0 6
      vertex 4.86914 12.1325 6
      vertex 4.06895 12.1325 6
    endloop
  endfacet
  facet normal 0 0 1
    outer loop
      vertex 32.2156 11.8106 6
      vertex 3 0 6
      vertex 81 0 6
    endloop
  endfacet
  facet normal 0 0 1
    outer loop
      vertex 84 43 6
      vertex 73.8909 33.8138 6
      vertex 73.8635 33.6293 6
    endloop
  endfacet
  facet normal 0 0 1
    outer loop
      vertex 84 43 6
      vertex 73.8635 33.6293 6
      vertex 73.8182 33.4485 6
    endloop
  endfacet
  facet normal 0 0 1
    outer loop
      vertex 84 43 6
      vertex 74.1166 15.1314 6
      vertex 74.2173 14.9184 6
    endloop
  endfacet
  facet normal -0 0 1
    outer loop
      vertex 73.6757 33.1043 6
      vertex 74.1166 15.1314 6
      vertex 73.7554 33.2729 6
    endloop
  endfacet
  facet normal 0 0 1
    outer loop
      vertex 74.1166 15.1314 6
      vertex 73.6757 33.1043 6
      vertex 73.9955 15.3334 6
    endloop
  endfacet
  facet normal -0 0 1
    outer loop
      vertex 73.5798 32.9444 6
      vertex 73.9955 15.3334 6
      vertex 73.6757 33.1043 6
    endloop
  endfacet
  facet normal 0 0 1
    outer loop
      vertex 73.9955 15.3334 6
      vertex 73.5798 32.9444 6
      vertex 73.8552 15.5225 6
    endloop
  endfacet
  facet normal -0 0 1
    outer loop
      vertex 73.4687 32.7947 6
      vertex 73.8552 15.5225 6
      vertex 73.5798 32.9444 6
    endloop
  endfacet
  facet normal 0 0 1
    outer loop
      vertex 73.8552 15.5225 6
      vertex 73.4687 32.7947 6
      vertex 73.6971 15.6971 6
    endloop
  endfacet
  facet normal -0 0 1
    outer loop
      vertex 73.3435 32.6565 6
      vertex 73.6971 15.6971 6
      vertex 73.4687 32.7947 6
    endloop
  endfacet
  facet normal 0 0 1
    outer loop
      vertex 73.6971 15.6971 6
      vertex 73.3435 32.6565 6
      vertex 73.5225 15.8552 6
    endloop
  endfacet
  facet normal -0 0 1
    outer loop
      vertex 73.2053 32.5313 6
      vertex 73.5225 15.8552 6
      vertex 73.3435 32.6565 6
    endloop
  endfacet
  facet normal 0 0 1
    outer loop
      vertex 73.5225 15.8552 6
      vertex 73.2053 32.5313 6
      vertex 73.3334 15.9955 6
    endloop
  endfacet
  facet normal -0 0 1
    outer loop
      vertex 73.0556 32.4202 6
      vertex 73.3334 15.9955 6
      vertex 73.2053 32.5313 6
    endloop
  endfacet
  facet normal 0 0 1
    outer loop
      vertex 73.3334 15.9955 6
      vertex 73.0556 32.4202 6
      vertex 73.1313 16.1166 6
    endloop
  endfacet
  facet normal -0 0 1
    outer loop
      vertex 72.8957 32.3243 6
      vertex 73.1313 16.1166 6
      vertex 73.0556 32.4202 6
    endloop
  endfacet
  facet normal 0 0 1
    outer loop
      vertex 73.1313 16.1166 6
      vertex 72.8957 32.3243 6
      vertex 72.9184 16.2173 6
    endloop
  endfacet
  facet normal -0 0 1
    outer loop
      vertex 72.7271 32.2446 6
      vertex 72.9184 16.2173 6
      vertex 72.8957 32.3243 6
    endloop
  endfacet
  facet normal 0 0 1
    outer loop
      vertex 72.7271 32.2446 6
      vertex 72.6967 16.2967 6
      vertex 72.9184 16.2173 6
    endloop
  endfacet
  facet normal -0 0 1
    outer loop
      vertex 72.5515 32.1818 6
      vertex 72.6967 16.2967 6
      vertex 72.7271 32.2446 6
    endloop
  endfacet
  facet normal 0 0 1
    outer loop
      vertex 72.5515 32.1818 6
      vertex 72.4682 16.3539 6
      vertex 72.6967 16.2967 6
    endloop
  endfacet
  facet normal -0 0 1
    outer loop
      vertex 72.3707 32.1365 6
      vertex 72.4682 16.3539 6
      vertex 72.5515 32.1818 6
    endloop
  endfacet
  facet normal 0 0 1
    outer loop
      vertex 72.3707 32.1365 6
      vertex 72.2352 16.3884 6
      vertex 72.4682 16.3539 6
    endloop
  endfacet
  facet normal -0 0 1
    outer loop
      vertex 72.1862 32.1091 6
      vertex 72.2352 16.3884 6
      vertex 72.3707 32.1365 6
    endloop
  endfacet
  facet normal -0 0 1
    outer loop
      vertex 72 32.1 6
      vertex 72.2352 16.3884 6
      vertex 72.1862 32.1091 6
    endloop
  endfacet
  facet normal 0 0 1
    outer loop
      vertex 72 32.1 6
      vertex 72 16.4 6
      vertex 72.2352 16.3884 6
    endloop
  endfacet
  facet normal 0 0 1
    outer loop
      vertex 71.8138 32.1091 6
      vertex 72 16.4 6
      vertex 72 32.1 6
    endloop
  endfacet
  facet normal 0 0 1
    outer loop
      vertex 71.8138 32.1091 6
      vertex 71.7648 16.3884 6
      vertex 72 16.4 6
    endloop
  endfacet
  facet normal 0 0 1
    outer loop
      vertex 71.6293 32.1365 6
      vertex 71.7648 16.3884 6
      vertex 71.8138 32.1091 6
    endloop
  endfacet
  facet normal 0 0 1
    outer loop
      vertex 71.6293 32.1365 6
      vertex 71.5318 16.3539 6
      vertex 71.7648 16.3884 6
    endloop
  endfacet
  facet normal 0 0 1
    outer loop
      vertex 71.4485 32.1818 6
      vertex 71.5318 16.3539 6
      vertex 71.6293 32.1365 6
    endloop
  endfacet
  facet normal 0 0 1
    outer loop
      vertex 71.4485 32.1818 6
      vertex 71.3033 16.2967 6
      vertex 71.5318 16.3539 6
    endloop
  endfacet
  facet normal 0 0 1
    outer loop
      vertex 71.2729 32.2446 6
      vertex 71.3033 16.2967 6
      vertex 71.4485 32.1818 6
    endloop
  endfacet
  facet normal 0 0 1
    outer loop
      vertex 71.0816 16.2173 6
      vertex 71.2729 32.2446 6
      vertex 71.1043 32.3243 6
    endloop
  endfacet
  facet normal 0 0 1
    outer loop
      vertex 71.2729 32.2446 6
      vertex 71.0816 16.2173 6
      vertex 71.3033 16.2967 6
    endloop
  endfacet
  facet normal 0 0 1
    outer loop
      vertex 70.8686 16.1166 6
      vertex 71.1043 32.3243 6
      vertex 70.9444 32.4202 6
    endloop
  endfacet
  facet normal 0 0 1
    outer loop
      vertex 71.1043 32.3243 6
      vertex 70.8686 16.1166 6
      vertex 71.0816 16.2173 6
    endloop
  endfacet
  facet normal 0 0 1
    outer loop
      vertex 70.6666 15.9955 6
      vertex 70.9444 32.4202 6
      vertex 70.7947 32.5313 6
    endloop
  endfacet
  facet normal 0 0 1
    outer loop
      vertex 70.9444 32.4202 6
      vertex 70.6666 15.9955 6
      vertex 70.8686 16.1166 6
    endloop
  endfacet
  facet normal 0 0 1
    outer loop
      vertex 70.4775 15.8552 6
      vertex 70.7947 32.5313 6
      vertex 70.6565 32.6565 6
    endloop
  endfacet
  facet normal 0 0 1
    outer loop
      vertex 70.3029 15.6971 6
      vertex 70.6565 32.6565 6
      vertex 70.5313 32.7947 6
    endloop
  endfacet
  facet normal 0 0 1
    outer loop
      vertex 70.7947 32.5313 6
      vertex 70.4775 15.8552 6
      vertex 70.6666 15.9955 6
    endloop
  endfacet
  facet normal 0 0 1
    outer loop
      vertex 70.1448 15.5225 6
      vertex 70.5313 32.7947 6
      vertex 70.4202 32.9444 6
    endloop
  endfacet
  facet normal 0 0 1
    outer loop
      vertex 70.0045 15.3334 6
      vertex 70.4202 32.9444 6
      vertex 70.3243 33.1043 6
    endloop
  endfacet
  facet normal 0 0 1
    outer loop
      vertex 70.6565 32.6565 6
      vertex 70.3029 15.6971 6
      vertex 70.4775 15.8552 6
    endloop
  endfacet
  facet normal 0 0 1
    outer loop
      vertex 69.8834 15.1314 6
      vertex 70.3243 33.1043 6
      vertex 70.2446 33.2729 6
    endloop
  endfacet
  facet normal 0 0 1
    outer loop
      vertex 69.8834 15.1314 6
      vertex 70.2446 33.2729 6
      vertex 70.1818 33.4485 6
    endloop
  endfacet
  facet normal 0 0 1
    outer loop
      vertex 70.5313 32.7947 6
      vertex 70.1448 15.5225 6
      vertex 70.3029 15.6971 6
    endloop
  endfacet
  facet normal 0 0 1
    outer loop
      vertex 69.8834 15.1314 6
      vertex 70.1818 33.4485 6
      vertex 70.1365 33.6293 6
    endloop
  endfacet
  facet normal 0 0 1
    outer loop
      vertex 69.8834 15.1314 6
      vertex 70.1365 33.6293 6
      vertex 70.1091 33.8138 6
    endloop
  endfacet
  facet normal -0 0 1
    outer loop
      vertex 53.7913 33.8236 6
      vertex 70.1091 33.8138 6
      vertex 70.1 34 6
    endloop
  endfacet
  facet normal 0 0 1
    outer loop
      vertex 70.4202 32.9444 6
      vertex 70.0045 15.3334 6
      vertex 70.1448 15.5225 6
    endloop
  endfacet
  facet normal 0 0 1
    outer loop
      vertex 70.1091 33.8138 6
      vertex 53.7913 33.8236 6
      vertex 53.7654 33.6488 6
    endloop
  endfacet
  facet normal 0 0 1
    outer loop
      vertex 70.1091 33.8138 6
      vertex 53.7654 33.6488 6
      vertex 53.7225 33.4775 6
    endloop
  endfacet
  facet normal 0 0 1
    outer loop
      vertex 70.1091 33.8138 6
      vertex 53.7225 33.4775 6
      vertex 53.663 33.3112 6
    endloop
  endfacet
  facet normal 0 0 1
    outer loop
      vertex 70.1091 33.8138 6
      vertex 53.663 33.3112 6
      vertex 53.5875 33.1515 6
    endloop
  endfacet
  facet normal 0 0 1
    outer loop
      vertex 70.1091 33.8138 6
      vertex 53.5875 33.1515 6
      vertex 53.4966 33 6
    endloop
  endfacet
  facet normal 0 0 1
    outer loop
      vertex 70.1091 33.8138 6
      vertex 53.4966 33 6
      vertex 53.3914 32.8581 6
    endloop
  endfacet
  facet normal 0 -0 1
    outer loop
      vertex 54.201 14.6677 6
      vertex 69.7033 14.6967 6
      vertex 54.1249 14.8802 6
    endloop
  endfacet
  facet normal 0 0 1
    outer loop
      vertex 70.1091 33.8138 6
      vertex 53.3914 32.8581 6
      vertex 53.2728 32.7272 6
    endloop
  endfacet
  facet normal 0 0 1
    outer loop
      vertex 69.7827 14.9184 6
      vertex 54.1249 14.8802 6
      vertex 69.7033 14.6967 6
    endloop
  endfacet
  facet normal -0 -0 1
    outer loop
      vertex 53.9124 15.2778 6
      vertex 69.8834 15.1314 6
      vertex 53.7779 15.4591 6
    endloop
  endfacet
  facet normal 0 0 1
    outer loop
      vertex 53.6263 15.6263 6
      vertex 53.2728 32.7272 6
      vertex 53.4591 15.7779 6
    endloop
  endfacet
  facet normal -0 0 1
    outer loop
      vertex 53.1419 32.6086 6
      vertex 53.4591 15.7779 6
      vertex 53.2728 32.7272 6
    endloop
  endfacet
  facet normal 0 0 1
    outer loop
      vertex 53.4591 15.7779 6
      vertex 53.1419 32.6086 6
      vertex 53.2778 15.9124 6
    endloop
  endfacet
  facet normal -0 0 1
    outer loop
      vertex 53 32.5034 6
      vertex 53.2778 15.9124 6
      vertex 53.1419 32.6086 6
    endloop
  endfacet
  facet normal 0 0 1
    outer loop
      vertex 53.2778 15.9124 6
      vertex 53 32.5034 6
      vertex 53.0842 16.0284 6
    endloop
  endfacet
  facet normal -0 0 1
    outer loop
      vertex 52.8485 32.4125 6
      vertex 53.0842 16.0284 6
      vertex 53 32.5034 6
    endloop
  endfacet
  facet normal 0 0 1
    outer loop
      vertex 53.0842 16.0284 6
      vertex 52.8485 32.4125 6
      vertex 52.8802 16.1249 6
    endloop
  endfacet
  facet normal -0 0 1
    outer loop
      vertex 52.6888 32.337 6
      vertex 52.8802 16.1249 6
      vertex 52.8485 32.4125 6
    endloop
  endfacet
  facet normal 0 0 1
    outer loop
      vertex 52.6888 32.337 6
      vertex 52.6677 16.201 6
      vertex 52.8802 16.1249 6
    endloop
  endfacet
  facet normal -0 0 1
    outer loop
      vertex 52.5225 32.2775 6
      vertex 52.6677 16.201 6
      vertex 52.6888 32.337 6
    endloop
  endfacet
  facet normal 0 0 1
    outer loop
      vertex 52.5225 32.2775 6
      vertex 52.4487 16.2558 6
      vertex 52.6677 16.201 6
    endloop
  endfacet
  facet normal -0 0 1
    outer loop
      vertex 52.3512 32.2346 6
      vertex 52.4487 16.2558 6
      vertex 52.5225 32.2775 6
    endloop
  endfacet
  facet normal 0 0 1
    outer loop
      vertex 52.3512 32.2346 6
      vertex 52.2254 16.2889 6
      vertex 52.4487 16.2558 6
    endloop
  endfacet
  facet normal -0 0 1
    outer loop
      vertex 52.1764 32.2087 6
      vertex 52.2254 16.2889 6
      vertex 52.3512 32.2346 6
    endloop
  endfacet
  facet normal -0 0 1
    outer loop
      vertex 52 32.2 6
      vertex 52.2254 16.2889 6
      vertex 52.1764 32.2087 6
    endloop
  endfacet
  facet normal 0 0 1
    outer loop
      vertex 52 32.2 6
      vertex 52 16.3 6
      vertex 52.2254 16.2889 6
    endloop
  endfacet
  facet normal 0 0 1
    outer loop
      vertex 51.8236 32.2087 6
      vertex 52 16.3 6
      vertex 52 32.2 6
    endloop
  endfacet
  facet normal 0 0 1
    outer loop
      vertex 51.8236 32.2087 6
      vertex 51.7746 16.2889 6
      vertex 52 16.3 6
    endloop
  endfacet
  facet normal 0 0 1
    outer loop
      vertex 51.6488 32.2346 6
      vertex 51.7746 16.2889 6
      vertex 51.8236 32.2087 6
    endloop
  endfacet
  facet normal 0 0 1
    outer loop
      vertex 51.6488 32.2346 6
      vertex 51.5513 16.2558 6
      vertex 51.7746 16.2889 6
    endloop
  endfacet
  facet normal 0 0 1
    outer loop
      vertex 51.4775 32.2775 6
      vertex 51.5513 16.2558 6
      vertex 51.6488 32.2346 6
    endloop
  endfacet
  facet normal 0 0 1
    outer loop
      vertex 51.4775 32.2775 6
      vertex 51.3323 16.201 6
      vertex 51.5513 16.2558 6
    endloop
  endfacet
  facet normal 0 0 1
    outer loop
      vertex 51.3112 32.337 6
      vertex 51.3323 16.201 6
      vertex 51.4775 32.2775 6
    endloop
  endfacet
  facet normal 0 0 1
    outer loop
      vertex 51.1198 16.1249 6
      vertex 51.3112 32.337 6
      vertex 51.1515 32.4125 6
    endloop
  endfacet
  facet normal 0 0 1
    outer loop
      vertex 51.3112 32.337 6
      vertex 51.1198 16.1249 6
      vertex 51.3323 16.201 6
    endloop
  endfacet
  facet normal 0 0 1
    outer loop
      vertex 50.9158 16.0284 6
      vertex 51.1515 32.4125 6
      vertex 51 32.5034 6
    endloop
  endfacet
  facet normal 0 0 1
    outer loop
      vertex 51.1515 32.4125 6
      vertex 50.9158 16.0284 6
      vertex 51.1198 16.1249 6
    endloop
  endfacet
  facet normal 0 0 1
    outer loop
      vertex 50.7222 15.9124 6
      vertex 51 32.5034 6
      vertex 50.8581 32.6086 6
    endloop
  endfacet
  facet normal 0 0 1
    outer loop
      vertex 50.5409 15.7779 6
      vertex 50.8581 32.6086 6
      vertex 50.7272 32.7272 6
    endloop
  endfacet
  facet normal 0 0 1
    outer loop
      vertex 51 32.5034 6
      vertex 50.7222 15.9124 6
      vertex 50.9158 16.0284 6
    endloop
  endfacet
  facet normal 0 0 1
    outer loop
      vertex 50.3737 15.6263 6
      vertex 50.7272 32.7272 6
      vertex 50.6086 32.8581 6
    endloop
  endfacet
  facet normal 0 0 1
    outer loop
      vertex 50.8581 32.6086 6
      vertex 50.5409 15.7779 6
      vertex 50.7222 15.9124 6
    endloop
  endfacet
  facet normal 0 0 1
    outer loop
      vertex 50.2221 15.4591 6
      vertex 50.6086 32.8581 6
      vertex 50.5034 33 6
    endloop
  endfacet
  facet normal 0 0 1
    outer loop
      vertex 50.0876 15.2778 6
      vertex 50.5034 33 6
      vertex 50.4125 33.1515 6
    endloop
  endfacet
  facet normal 0 0 1
    outer loop
      vertex 50.7272 32.7272 6
      vertex 50.3737 15.6263 6
      vertex 50.5409 15.7779 6
    endloop
  endfacet
  facet normal 0 0 1
    outer loop
      vertex 49.9716 15.0842 6
      vertex 50.4125 33.1515 6
      vertex 50.337 33.3112 6
    endloop
  endfacet
  facet normal 0 0 1
    outer loop
      vertex 49.9716 15.0842 6
      vertex 50.337 33.3112 6
      vertex 50.2775 33.4775 6
    endloop
  endfacet
  facet normal 0 0 1
    outer loop
      vertex 49.9716 15.0842 6
      vertex 50.2775 33.4775 6
      vertex 50.2346 33.6488 6
    endloop
  endfacet
  facet normal 0 0 1
    outer loop
      vertex 50.6086 32.8581 6
      vertex 50.2221 15.4591 6
      vertex 50.3737 15.6263 6
    endloop
  endfacet
  facet normal 0 0 1
    outer loop
      vertex 49.9716 15.0842 6
      vertex 50.2346 33.6488 6
      vertex 50.2087 33.8236 6
    endloop
  endfacet
  facet normal -0 0 1
    outer loop
      vertex 33.6918 33.8334 6
      vertex 50.2087 33.8236 6
      vertex 50.2 34 6
    endloop
  endfacet
  facet normal 0 0 1
    outer loop
      vertex 50.5034 33 6
      vertex 50.0876 15.2778 6
      vertex 50.2221 15.4591 6
    endloop
  endfacet
  facet normal 0 0 1
    outer loop
      vertex 50.2087 33.8236 6
      vertex 33.6918 33.8334 6
      vertex 33.6673 33.6683 6
    endloop
  endfacet
  facet normal 0 0 1
    outer loop
      vertex 50.2087 33.8236 6
      vertex 33.6673 33.6683 6
      vertex 33.6268 33.5065 6
    endloop
  endfacet
  facet normal 0 0 1
    outer loop
      vertex 50.2087 33.8236 6
      vertex 33.6268 33.5065 6
      vertex 33.5706 33.3494 6
    endloop
  endfacet
  facet normal 0 0 1
    outer loop
      vertex 50.2087 33.8236 6
      vertex 33.5706 33.3494 6
      vertex 33.4993 33.1986 6
    endloop
  endfacet
  facet normal 0 0 1
    outer loop
      vertex 50.2087 33.8236 6
      vertex 33.4993 33.1986 6
      vertex 33.4135 33.0555 6
    endloop
  endfacet
  facet normal 0 0 1
    outer loop
      vertex 50.2087 33.8236 6
      vertex 33.4135 33.0555 6
      vertex 33.3141 32.9215 6
    endloop
  endfacet
  facet normal 0 0 1
    outer loop
      vertex 50.2087 33.8236 6
      vertex 33.3141 32.9215 6
      vertex 33.2021 32.7979 6
    endloop
  endfacet
  facet normal 0 0 1
    outer loop
      vertex 49.8751 14.8802 6
      vertex 34.0325 14.8419 6
      vertex 49.799 14.6677 6
    endloop
  endfacet
  facet normal -0 -0 1
    outer loop
      vertex 33.8292 15.2223 6
      vertex 49.9716 15.0842 6
      vertex 33.7006 15.3957 6
    endloop
  endfacet
  facet normal 0 0 1
    outer loop
      vertex 33.5556 15.5556 6
      vertex 33.2021 32.7979 6
      vertex 33.3957 15.7006 6
    endloop
  endfacet
  facet normal -0 0 1
    outer loop
      vertex 33.0785 32.6859 6
      vertex 33.3957 15.7006 6
      vertex 33.2021 32.7979 6
    endloop
  endfacet
  facet normal 0 0 1
    outer loop
      vertex 33.3957 15.7006 6
      vertex 33.0785 32.6859 6
      vertex 33.2223 15.8292 6
    endloop
  endfacet
  facet normal -0 0 1
    outer loop
      vertex 32.9445 32.5865 6
      vertex 33.2223 15.8292 6
      vertex 33.0785 32.6859 6
    endloop
  endfacet
  facet normal 0 0 1
    outer loop
      vertex 33.2223 15.8292 6
      vertex 32.9445 32.5865 6
      vertex 33.0371 15.9402 6
    endloop
  endfacet
  facet normal -0 0 1
    outer loop
      vertex 32.8014 32.5007 6
      vertex 33.0371 15.9402 6
      vertex 32.9445 32.5865 6
    endloop
  endfacet
  facet normal 0 0 1
    outer loop
      vertex 33.0371 15.9402 6
      vertex 32.8014 32.5007 6
      vertex 32.8419 16.0325 6
    endloop
  endfacet
  facet normal -0 0 1
    outer loop
      vertex 32.6506 32.4294 6
      vertex 32.8419 16.0325 6
      vertex 32.8014 32.5007 6
    endloop
  endfacet
  facet normal 0 0 1
    outer loop
      vertex 32.6506 32.4294 6
      vertex 32.6386 16.1053 6
      vertex 32.8419 16.0325 6
    endloop
  endfacet
  facet normal -0 0 1
    outer loop
      vertex 32.4935 32.3732 6
      vertex 32.6386 16.1053 6
      vertex 32.6506 32.4294 6
    endloop
  endfacet
  facet normal 0 0 1
    outer loop
      vertex 32.4935 32.3732 6
      vertex 32.4292 16.1577 6
      vertex 32.6386 16.1053 6
    endloop
  endfacet
  facet normal -0 0 1
    outer loop
      vertex 32.3317 32.3327 6
      vertex 32.4292 16.1577 6
      vertex 32.4935 32.3732 6
    endloop
  endfacet
  facet normal 0 0 1
    outer loop
      vertex 32.3317 32.3327 6
      vertex 32.2156 16.1894 6
      vertex 32.4292 16.1577 6
    endloop
  endfacet
  facet normal -0 0 1
    outer loop
      vertex 32.1666 32.3082 6
      vertex 32.2156 16.1894 6
      vertex 32.3317 32.3327 6
    endloop
  endfacet
  facet normal -0 0 1
    outer loop
      vertex 32 32.3 6
      vertex 32.2156 16.1894 6
      vertex 32.1666 32.3082 6
    endloop
  endfacet
  facet normal 0 0 1
    outer loop
      vertex 32 32.3 6
      vertex 32 16.2 6
      vertex 32.2156 16.1894 6
    endloop
  endfacet
  facet normal 0 0 1
    outer loop
      vertex 31.8334 32.3082 6
      vertex 32 16.2 6
      vertex 32 32.3 6
    endloop
  endfacet
  facet normal 0 0 1
    outer loop
      vertex 31.8334 32.3082 6
      vertex 31.7844 16.1894 6
      vertex 32 16.2 6
    endloop
  endfacet
  facet normal 0 0 1
    outer loop
      vertex 31.6683 32.3327 6
      vertex 31.7844 16.1894 6
      vertex 31.8334 32.3082 6
    endloop
  endfacet
  facet normal 0 0 1
    outer loop
      vertex 31.6683 32.3327 6
      vertex 31.5708 16.1577 6
      vertex 31.7844 16.1894 6
    endloop
  endfacet
  facet normal 0 0 1
    outer loop
      vertex 31.5065 32.3732 6
      vertex 31.5708 16.1577 6
      vertex 31.6683 32.3327 6
    endloop
  endfacet
  facet normal 0 0 1
    outer loop
      vertex 31.5065 32.3732 6
      vertex 31.3614 16.1053 6
      vertex 31.5708 16.1577 6
    endloop
  endfacet
  facet normal 0 0 1
    outer loop
      vertex 31.3494 32.4294 6
      vertex 31.3614 16.1053 6
      vertex 31.5065 32.3732 6
    endloop
  endfacet
  facet normal 0 0 1
    outer loop
      vertex 31.1581 16.0325 6
      vertex 31.3494 32.4294 6
      vertex 31.1986 32.5007 6
    endloop
  endfacet
  facet normal 0 0 1
    outer loop
      vertex 31.3494 32.4294 6
      vertex 31.1581 16.0325 6
      vertex 31.3614 16.1053 6
    endloop
  endfacet
  facet normal 0 0 1
    outer loop
      vertex 30.9629 15.9402 6
      vertex 31.1986 32.5007 6
      vertex 31.0555 32.5865 6
    endloop
  endfacet
  facet normal 0 0 1
    outer loop
      vertex 31.1986 32.5007 6
      vertex 30.9629 15.9402 6
      vertex 31.1581 16.0325 6
    endloop
  endfacet
  facet normal 0 0 1
    outer loop
      vertex 30.7777 15.8292 6
      vertex 31.0555 32.5865 6
      vertex 30.9215 32.6859 6
    endloop
  endfacet
  facet normal 0 0 1
    outer loop
      vertex 30.6043 15.7006 6
      vertex 30.9215 32.6859 6
      vertex 30.7979 32.7979 6
    endloop
  endfacet
  facet normal 0 0 1
    outer loop
      vertex 31.0555 32.5865 6
      vertex 30.7777 15.8292 6
      vertex 30.9629 15.9402 6
    endloop
  endfacet
  facet normal 0 0 1
    outer loop
      vertex 30.4444 15.5556 6
      vertex 30.7979 32.7979 6
      vertex 30.6859 32.9215 6
    endloop
  endfacet
  facet normal 0 0 1
    outer loop
      vertex 30.9215 32.6859 6
      vertex 30.6043 15.7006 6
      vertex 30.7777 15.8292 6
    endloop
  endfacet
  facet normal 0 0 1
    outer loop
      vertex 30.2994 15.3957 6
      vertex 30.6859 32.9215 6
      vertex 30.5865 33.0555 6
    endloop
  endfacet
  facet normal 0 0 1
    outer loop
      vertex 30.1708 15.2223 6
      vertex 30.5865 33.0555 6
      vertex 30.5007 33.1986 6
    endloop
  endfacet
  facet normal 0 0 1
    outer loop
      vertex 30.7979 32.7979 6
      vertex 30.4444 15.5556 6
      vertex 30.6043 15.7006 6
    endloop
  endfacet
  facet normal 0 0 1
    outer loop
      vertex 30.1708 15.2223 6
      vertex 30.5007 33.1986 6
      vertex 30.4294 33.3494 6
    endloop
  endfacet
  facet normal 0 0 1
    outer loop
      vertex 30.1708 15.2223 6
      vertex 30.4294 33.3494 6
      vertex 30.3732 33.5065 6
    endloop
  endfacet
  facet normal 0 0 1
    outer loop
      vertex 30.1708 15.2223 6
      vertex 30.3732 33.5065 6
      vertex 30.3327 33.6683 6
    endloop
  endfacet
  facet normal 0 0 1
    outer loop
      vertex 30.1708 15.2223 6
      vertex 30.3327 33.6683 6
      vertex 30.3082 33.8334 6
    endloop
  endfacet
  facet normal -0 0 1
    outer loop
      vertex 13.5923 33.8432 6
      vertex 30.3082 33.8334 6
      vertex 30.3 34 6
    endloop
  endfacet
  facet normal 0 0 1
    outer loop
      vertex 30.6859 32.9215 6
      vertex 30.2994 15.3957 6
      vertex 30.4444 15.5556 6
    endloop
  endfacet
  facet normal 0 0 1
    outer loop
      vertex 30.3082 33.8334 6
      vertex 13.5923 33.8432 6
      vertex 13.5693 33.6879 6
    endloop
  endfacet
  facet normal 0 0 1
    outer loop
      vertex 30.3082 33.8334 6
      vertex 13.5693 33.6879 6
      vertex 13.5311 33.5355 6
    endloop
  endfacet
  facet normal 0 0 1
    outer loop
      vertex 30.3082 33.8334 6
      vertex 13.5311 33.5355 6
      vertex 13.4782 33.3877 6
    endloop
  endfacet
  facet normal 0 0 1
    outer loop
      vertex 30.3082 33.8334 6
      vertex 13.4782 33.3877 6
      vertex 13.4111 33.2458 6
    endloop
  endfacet
  facet normal 0 0 1
    outer loop
      vertex 30.3082 33.8334 6
      vertex 13.4111 33.2458 6
      vertex 13.3304 33.1111 6
    endloop
  endfacet
  facet normal 0 0 1
    outer loop
      vertex 30.3082 33.8334 6
      vertex 13.3304 33.1111 6
      vertex 13.2368 32.985 6
    endloop
  endfacet
  facet normal 0 0 1
    outer loop
      vertex 30.3082 33.8334 6
      vertex 13.2368 32.985 6
      vertex 13.1314 32.8686 6
    endloop
  endfacet
  facet normal 0 0 1
    outer loop
      vertex 29.9675 14.8419 6
      vertex 13.9401 14.8036 6
      vertex 29.8947 14.6386 6
    endloop
  endfacet
  facet normal 0 0 1
    outer loop
      vertex 30.1708 15.2223 6
      vertex 13.7461 15.1667 6
      vertex 30.0598 15.0371 6
    endloop
  endfacet
  facet normal 0 0 1
    outer loop
      vertex 13.4849 15.4849 6
      vertex 13.1314 32.8686 6
      vertex 13.3322 15.6233 6
    endloop
  endfacet
  facet normal -0 0 1
    outer loop
      vertex 13.015 32.7632 6
      vertex 13.3322 15.6233 6
      vertex 13.1314 32.8686 6
    endloop
  endfacet
  facet normal 0 0 1
    outer loop
      vertex 13.3322 15.6233 6
      vertex 13.015 32.7632 6
      vertex 13.1667 15.7461 6
    endloop
  endfacet
  facet normal -0 0 1
    outer loop
      vertex 12.8889 32.6696 6
      vertex 13.1667 15.7461 6
      vertex 13.015 32.7632 6
    endloop
  endfacet
  facet normal 0 0 1
    outer loop
      vertex 13.1667 15.7461 6
      vertex 12.8889 32.6696 6
      vertex 12.9899 15.852 6
    endloop
  endfacet
  facet normal -0 0 1
    outer loop
      vertex 12.7542 32.5889 6
      vertex 12.9899 15.852 6
      vertex 12.8889 32.6696 6
    endloop
  endfacet
  facet normal 0 0 1
    outer loop
      vertex 12.9899 15.852 6
      vertex 12.7542 32.5889 6
      vertex 12.8036 15.9401 6
    endloop
  endfacet
  facet normal -0 0 1
    outer loop
      vertex 12.6123 32.5218 6
      vertex 12.8036 15.9401 6
      vertex 12.7542 32.5889 6
    endloop
  endfacet
  facet normal 0 0 1
    outer loop
      vertex 12.6123 32.5218 6
      vertex 12.6096 16.0096 6
      vertex 12.8036 15.9401 6
    endloop
  endfacet
  facet normal -0 0 1
    outer loop
      vertex 12.4645 32.4689 6
      vertex 12.6096 16.0096 6
      vertex 12.6123 32.5218 6
    endloop
  endfacet
  facet normal 0 0 1
    outer loop
      vertex 12.4645 32.4689 6
      vertex 12.4097 16.0596 6
      vertex 12.6096 16.0096 6
    endloop
  endfacet
  facet normal -0 0 1
    outer loop
      vertex 12.3121 32.4307 6
      vertex 12.4097 16.0596 6
      vertex 12.4645 32.4689 6
    endloop
  endfacet
  facet normal 0 0 1
    outer loop
      vertex 12.3121 32.4307 6
      vertex 12.2058 16.0899 6
      vertex 12.4097 16.0596 6
    endloop
  endfacet
  facet normal -0 0 1
    outer loop
      vertex 12.1568 32.4077 6
      vertex 12.2058 16.0899 6
      vertex 12.3121 32.4307 6
    endloop
  endfacet
  facet normal -0 0 1
    outer loop
      vertex 12 32.4 6
      vertex 12.2058 16.0899 6
      vertex 12.1568 32.4077 6
    endloop
  endfacet
  facet normal 0 0 1
    outer loop
      vertex 12 32.4 6
      vertex 12 16.1 6
      vertex 12.2058 16.0899 6
    endloop
  endfacet
  facet normal 0 0 1
    outer loop
      vertex 11.8432 32.4077 6
      vertex 12 16.1 6
      vertex 12 32.4 6
    endloop
  endfacet
  facet normal 0 0 1
    outer loop
      vertex 11.8432 32.4077 6
      vertex 11.7942 16.0899 6
      vertex 12 16.1 6
    endloop
  endfacet
  facet normal 0 0 1
    outer loop
      vertex 11.6879 32.4307 6
      vertex 11.7942 16.0899 6
      vertex 11.8432 32.4077 6
    endloop
  endfacet
  facet normal 0 0 1
    outer loop
      vertex 11.6879 32.4307 6
      vertex 11.5903 16.0596 6
      vertex 11.7942 16.0899 6
    endloop
  endfacet
  facet normal 0 0 1
    outer loop
      vertex 11.1111 32.6696 6
      vertex 8.28719 32.3668 6
      vertex 11.2458 32.5889 6
    endloop
  endfacet
  facet normal 0 0 1
    outer loop
      vertex 8.20515 32.3053 6
      vertex 11.2458 32.5889 6
      vertex 8.28719 32.3668 6
    endloop
  endfacet
  facet normal 0 0 1
    outer loop
      vertex 10.8686 32.8686 6
      vertex 8.48309 32.5892 6
      vertex 10.985 32.7632 6
    endloop
  endfacet
  facet normal 0 0 1
    outer loop
      vertex 10.7632 32.985 6
      vertex 8.53099 32.6754 6
      vertex 10.8686 32.8686 6
    endloop
  endfacet
  facet normal 0 0 1
    outer loop
      vertex 8.4265 32.5091 6
      vertex 10.985 32.7632 6
      vertex 8.48309 32.5892 6
    endloop
  endfacet
  facet normal 0 0 1
    outer loop
      vertex 8.53099 32.6754 6
      vertex 10.7632 32.985 6
      vertex 8.57018 32.7677 6
    endloop
  endfacet
  facet normal 0 0 1
    outer loop
      vertex 8.48309 32.5892 6
      vertex 10.8686 32.8686 6
      vertex 8.53099 32.6754 6
    endloop
  endfacet
  facet normal 0 0 1
    outer loop
      vertex 10.6696 33.1111 6
      vertex 8.57018 32.7677 6
      vertex 10.7632 32.985 6
    endloop
  endfacet
  facet normal 0 0 1
    outer loop
      vertex 8.57018 32.7677 6
      vertex 10.6696 33.1111 6
      vertex 8.60065 32.8659 6
    endloop
  endfacet
  facet normal 0 0 1
    outer loop
      vertex 8.36119 32.4349 6
      vertex 10.985 32.7632 6
      vertex 8.4265 32.5091 6
    endloop
  endfacet
  facet normal 0 0 1
    outer loop
      vertex 10.5889 33.2458 6
      vertex 8.60065 32.8659 6
      vertex 10.6696 33.1111 6
    endloop
  endfacet
  facet normal 0 0 1
    outer loop
      vertex 8.60065 32.8659 6
      vertex 10.5889 33.2458 6
      vertex 8.62241 32.9702 6
    endloop
  endfacet
  facet normal 0 0 1
    outer loop
      vertex 10.985 32.7632 6
      vertex 8.36119 32.4349 6
      vertex 11.1111 32.6696 6
    endloop
  endfacet
  facet normal 0 0 1
    outer loop
      vertex 10.5218 33.3877 6
      vertex 8.62241 32.9702 6
      vertex 10.5889 33.2458 6
    endloop
  endfacet
  facet normal 0 0 1
    outer loop
      vertex 8.62241 32.9702 6
      vertex 10.5218 33.3877 6
      vertex 8.63547 33.0805 6
    endloop
  endfacet
  facet normal 0 0 1
    outer loop
      vertex 8.28719 32.3668 6
      vertex 11.1111 32.6696 6
      vertex 8.36119 32.4349 6
    endloop
  endfacet
  facet normal 0 0 1
    outer loop
      vertex 8.63547 33.0805 6
      vertex 10.5218 33.3877 6
      vertex 10.4689 33.5355 6
    endloop
  endfacet
  facet normal 0 0 1
    outer loop
      vertex 8.63547 33.0805 6
      vertex 10.4689 33.5355 6
      vertex 10.4307 33.6879 6
    endloop
  endfacet
  facet normal 0 0 1
    outer loop
      vertex 8.63547 33.0805 6
      vertex 10.4307 33.6879 6
      vertex 10.4077 33.8432 6
    endloop
  endfacet
  facet normal 0 0 1
    outer loop
      vertex 8.59294 33.4988 6
      vertex 10.4077 33.8432 6
      vertex 10.4 34 6
    endloop
  endfacet
  facet normal 0 0 1
    outer loop
      vertex 11.2458 32.5889 6
      vertex 8.20515 32.3053 6
      vertex 11.3877 32.5218 6
    endloop
  endfacet
  facet normal 0 0 1
    outer loop
      vertex 10.4689 34.4645 6
      vertex 8.5396 34.9199 6
      vertex 8.5318 34.8451 6
    endloop
  endfacet
  facet normal 0 0 1
    outer loop
      vertex 10.4689 34.4645 6
      vertex 8.5318 34.8451 6
      vertex 8.51883 34.7734 6
    endloop
  endfacet
  facet normal 0 0 1
    outer loop
      vertex 10.4307 34.3121 6
      vertex 8.51883 34.7734 6
      vertex 8.50066 34.7048 6
    endloop
  endfacet
  facet normal 0 0 1
    outer loop
      vertex 10.4077 34.1568 6
      vertex 8.50066 34.7048 6
      vertex 8.47729 34.6395 6
    endloop
  endfacet
  facet normal 0 0 1
    outer loop
      vertex 10.4 34 6
      vertex 8.53433 33.6302 6
      vertex 8.56657 33.5661 6
    endloop
  endfacet
  facet normal 0 0 1
    outer loop
      vertex 10.4077 34.1568 6
      vertex 8.47729 34.6395 6
      vertex 8.53433 33.6302 6
    endloop
  endfacet
  facet normal -0 0 1
    outer loop
      vertex 8.44875 34.5772 6
      vertex 8.53433 33.6302 6
      vertex 8.47729 34.6395 6
    endloop
  endfacet
  facet normal 0 0 1
    outer loop
      vertex 8.53433 33.6302 6
      vertex 8.44875 34.5772 6
      vertex 8.49625 33.6911 6
    endloop
  endfacet
  facet normal -0 0 1
    outer loop
      vertex 8.41501 34.5181 6
      vertex 8.49625 33.6911 6
      vertex 8.44875 34.5772 6
    endloop
  endfacet
  facet normal 0 0 1
    outer loop
      vertex 8.49625 33.6911 6
      vertex 8.41501 34.5181 6
      vertex 8.45229 33.7487 6
    endloop
  endfacet
  facet normal -0 0 1
    outer loop
      vertex 8.37607 34.4621 6
      vertex 8.45229 33.7487 6
      vertex 8.41501 34.5181 6
    endloop
  endfacet
  facet normal 0 0 1
    outer loop
      vertex 8.45229 33.7487 6
      vertex 8.37607 34.4621 6
      vertex 8.40247 33.8031 6
    endloop
  endfacet
  facet normal -0 0 1
    outer loop
      vertex 8.33195 34.4093 6
      vertex 8.40247 33.8031 6
      vertex 8.37607 34.4621 6
    endloop
  endfacet
  facet normal 0 0 1
    outer loop
      vertex 8.40247 33.8031 6
      vertex 8.33195 34.4093 6
      vertex 8.34723 33.8535 6
    endloop
  endfacet
  facet normal -0 0 1
    outer loop
      vertex 8.28294 34.36 6
      vertex 8.34723 33.8535 6
      vertex 8.33195 34.4093 6
    endloop
  endfacet
  facet normal 0 0 1
    outer loop
      vertex 8.34723 33.8535 6
      vertex 8.28294 34.36 6
      vertex 8.28702 33.8994 6
    endloop
  endfacet
  facet normal -0 0 1
    outer loop
      vertex 8.22935 34.3145 6
      vertex 8.28702 33.8994 6
      vertex 8.28294 34.36 6
    endloop
  endfacet
  facet normal 0 0 1
    outer loop
      vertex 8.22935 34.3145 6
      vertex 8.2218 33.9407 6
      vertex 8.28702 33.8994 6
    endloop
  endfacet
  facet normal -0 0 1
    outer loop
      vertex 8.17117 34.2728 6
      vertex 8.2218 33.9407 6
      vertex 8.22935 34.3145 6
    endloop
  endfacet
  facet normal 0 0 1
    outer loop
      vertex 8.17117 34.2728 6
      vertex 8.1516 33.9773 6
      vertex 8.2218 33.9407 6
    endloop
  endfacet
  facet normal -0 0 1
    outer loop
      vertex 8.1084 34.2349 6
      vertex 8.1516 33.9773 6
      vertex 8.17117 34.2728 6
    endloop
  endfacet
  facet normal 0 0 1
    outer loop
      vertex 8.1084 34.2349 6
      vertex 8.0764 34.0094 6
      vertex 8.1516 33.9773 6
    endloop
  endfacet
  facet normal -0 0 1
    outer loop
      vertex 8.04105 34.2009 6
      vertex 8.0764 34.0094 6
      vertex 8.1084 34.2349 6
    endloop
  endfacet
  facet normal 0 0 1
    outer loop
      vertex 8.04105 34.2009 6
      vertex 7.99623 34.0369 6
      vertex 8.0764 34.0094 6
    endloop
  endfacet
  facet normal -0 0 1
    outer loop
      vertex 7.9691 34.1706 6
      vertex 7.99623 34.0369 6
      vertex 8.04105 34.2009 6
    endloop
  endfacet
  facet normal 0 0 1
    outer loop
      vertex 7.9691 34.1706 6
      vertex 7.91106 34.0599 6
      vertex 7.99623 34.0369 6
    endloop
  endfacet
  facet normal -0 0 1
    outer loop
      vertex 7.89258 34.1442 6
      vertex 7.91106 34.0599 6
      vertex 7.9691 34.1706 6
    endloop
  endfacet
  facet normal 0 0 1
    outer loop
      vertex 7.89258 34.1442 6
      vertex 7.82089 34.0782 6
      vertex 7.91106 34.0599 6
    endloop
  endfacet
  facet normal -0 0 1
    outer loop
      vertex 7.81145 34.1216 6
      vertex 7.82089 34.0782 6
      vertex 7.89258 34.1442 6
    endloop
  endfacet
  facet normal 0 0 1
    outer loop
      vertex 7.72575 34.092 6
      vertex 7.81145 34.1216 6
      vertex 7.72575 34.1028 6
    endloop
  endfacet
  facet normal 0 0 1
    outer loop
      vertex 7.81145 34.1216 6
      vertex 7.72575 34.092 6
      vertex 7.82089 34.0782 6
    endloop
  endfacet
  facet normal 0 0 1
    outer loop
      vertex 10.2539 15.1667 6
      vertex 8.52893 13.7344 6
      vertex 8.54762 13.6956 6
    endloop
  endfacet
  facet normal 0 0 1
    outer loop
      vertex 10.2539 15.1667 6
      vertex 8.50864 13.7719 6
      vertex 8.52893 13.7344 6
    endloop
  endfacet
  facet normal 0 0 1
    outer loop
      vertex 10.2539 15.1667 6
      vertex 8.48674 13.8081 6
      vertex 8.50864 13.7719 6
    endloop
  endfacet
  facet normal 0 0 1
    outer loop
      vertex 8.53758 15.0538 6
      vertex 8.46323 13.8431 6
      vertex 8.48674 13.8081 6
    endloop
  endfacet
  facet normal 0 0 1
    outer loop
      vertex 8.53758 15.0538 6
      vertex 8.43811 13.8768 6
      vertex 8.46323 13.8431 6
    endloop
  endfacet
  facet normal 0 0 1
    outer loop
      vertex 8.53758 15.0538 6
      vertex 8.41138 13.9092 6
      vertex 8.43811 13.8768 6
    endloop
  endfacet
  facet normal 0 0 1
    outer loop
      vertex 8.53758 15.0538 6
      vertex 8.38304 13.9404 6
      vertex 8.41138 13.9092 6
    endloop
  endfacet
  facet normal 0 0 1
    outer loop
      vertex 8.53758 15.0538 6
      vertex 8.3531 13.9702 6
      vertex 8.38304 13.9404 6
    endloop
  endfacet
  facet normal 0 0 1
    outer loop
      vertex 8.53758 15.0538 6
      vertex 8.32114 13.9991 6
      vertex 8.3531 13.9702 6
    endloop
  endfacet
  facet normal 0 0 1
    outer loop
      vertex 8.53758 15.0538 6
      vertex 8.28673 14.0271 6
      vertex 8.32114 13.9991 6
    endloop
  endfacet
  facet normal 0 0 1
    outer loop
      vertex 8.53758 15.0538 6
      vertex 8.24988 14.0543 6
      vertex 8.28673 14.0271 6
    endloop
  endfacet
  facet normal 0 0 1
    outer loop
      vertex 8.53758 15.0538 6
      vertex 8.21059 14.0807 6
      vertex 8.24988 14.0543 6
    endloop
  endfacet
  facet normal 0 0 1
    outer loop
      vertex 8.53758 15.0538 6
      vertex 8.16884 14.1063 6
      vertex 8.21059 14.0807 6
    endloop
  endfacet
  facet normal 0 0 1
    outer loop
      vertex 8.53758 15.0538 6
      vertex 8.12465 14.1311 6
      vertex 8.16884 14.1063 6
    endloop
  endfacet
  facet normal 0 0 1
    outer loop
      vertex 8.53758 15.0538 6
      vertex 8.07802 14.1552 6
      vertex 8.12465 14.1311 6
    endloop
  endfacet
  facet normal 0 0 1
    outer loop
      vertex 8.53758 15.0538 6
      vertex 8.02895 14.1784 6
      vertex 8.07802 14.1552 6
    endloop
  endfacet
  facet normal 0 0 1
    outer loop
      vertex 8.53758 15.0538 6
      vertex 7.97742 14.2008 6
      vertex 8.02895 14.1784 6
    endloop
  endfacet
  facet normal -0 0 1
    outer loop
      vertex 7.76178 14.9481 6
      vertex 7.97742 14.2008 6
      vertex 8.53758 15.0538 6
    endloop
  endfacet
  facet normal 0 0 1
    outer loop
      vertex 7.97742 14.2008 6
      vertex 7.76178 14.9481 6
      vertex 7.92081 14.223 6
    endloop
  endfacet
  facet normal 0 0 1
    outer loop
      vertex 7.92081 14.223 6
      vertex 7.76178 14.9481 6
      vertex 7.85648 14.2456 6
    endloop
  endfacet
  facet normal 0 0 1
    outer loop
      vertex 7.85648 14.2456 6
      vertex 7.76178 14.9481 6
      vertex 7.78439 14.2687 6
    endloop
  endfacet
  facet normal 0 0 1
    outer loop
      vertex 7.18945 14.4164 6
      vertex 7.76178 14.9481 6
      vertex 7.74701 15.0014 6
    endloop
  endfacet
  facet normal 0 0 1
    outer loop
      vertex 7.18945 14.4164 6
      vertex 7.74701 15.0014 6
      vertex 7.72917 15.0517 6
    endloop
  endfacet
  facet normal 0 0 1
    outer loop
      vertex 7.18945 14.4164 6
      vertex 7.72917 15.0517 6
      vertex 7.7083 15.099 6
    endloop
  endfacet
  facet normal 0 0 1
    outer loop
      vertex 7.76178 14.9481 6
      vertex 7.70457 14.2923 6
      vertex 7.78439 14.2687 6
    endloop
  endfacet
  facet normal 0 0 1
    outer loop
      vertex 7.18945 14.4164 6
      vertex 7.7083 15.099 6
      vertex 7.68437 15.1434 6
    endloop
  endfacet
  facet normal 0 0 1
    outer loop
      vertex 7.18945 14.4164 6
      vertex 7.68437 15.1434 6
      vertex 7.65741 15.1846 6
    endloop
  endfacet
  facet normal 0 0 1
    outer loop
      vertex 7.18945 14.4164 6
      vertex 7.65741 15.1846 6
      vertex 7.62738 15.2229 6
    endloop
  endfacet
  facet normal 0 0 1
    outer loop
      vertex 7.76178 14.9481 6
      vertex 7.61703 14.3162 6
      vertex 7.70457 14.2923 6
    endloop
  endfacet
  facet normal 0 0 1
    outer loop
      vertex 7.18945 14.4164 6
      vertex 7.62738 15.2229 6
      vertex 7.59431 15.2582 6
    endloop
  endfacet
  facet normal 0 0 1
    outer loop
      vertex 7.18945 14.4164 6
      vertex 7.59431 15.2582 6
      vertex 7.55818 15.2904 6
    endloop
  endfacet
  facet normal 0 0 1
    outer loop
      vertex 7.76178 14.9481 6
      vertex 7.52174 14.3406 6
      vertex 7.61703 14.3162 6
    endloop
  endfacet
  facet normal 0 0 1
    outer loop
      vertex 7.18945 14.4164 6
      vertex 7.55818 15.2904 6
      vertex 7.51903 15.3197 6
    endloop
  endfacet
  facet normal 0 0 1
    outer loop
      vertex 7.09024 14.4383 6
      vertex 7.51903 15.3197 6
      vertex 7.47638 15.3458 6
    endloop
  endfacet
  facet normal 0 0 1
    outer loop
      vertex 7.09024 14.4383 6
      vertex 7.47638 15.3458 6
      vertex 7.42981 15.369 6
    endloop
  endfacet
  facet normal 0 0 1
    outer loop
      vertex 7.76178 14.9481 6
      vertex 7.41872 14.3654 6
      vertex 7.52174 14.3406 6
    endloop
  endfacet
  facet normal 0 0 1
    outer loop
      vertex 7.09024 14.4383 6
      vertex 7.42981 15.369 6
      vertex 7.37933 15.389 6
    endloop
  endfacet
  facet normal 0 0 1
    outer loop
      vertex 7.09024 14.4383 6
      vertex 7.37933 15.389 6
      vertex 7.32494 15.4059 6
    endloop
  endfacet
  facet normal 0 0 1
    outer loop
      vertex 7.76178 14.9481 6
      vertex 7.30795 14.3907 6
      vertex 7.41872 14.3654 6
    endloop
  endfacet
  facet normal 0 0 1
    outer loop
      vertex 7.09024 14.4383 6
      vertex 7.32494 15.4059 6
      vertex 7.26662 15.4198 6
    endloop
  endfacet
  facet normal 0 0 1
    outer loop
      vertex 6.99872 14.4593 6
      vertex 7.26662 15.4198 6
      vertex 7.20439 15.4306 6
    endloop
  endfacet
  facet normal 0 0 1
    outer loop
      vertex 7.76178 14.9481 6
      vertex 7.18945 14.4164 6
      vertex 7.30795 14.3907 6
    endloop
  endfacet
  facet normal 0 0 1
    outer loop
      vertex 6.99872 14.4593 6
      vertex 7.20439 15.4306 6
      vertex 7.13824 15.4383 6
    endloop
  endfacet
  facet normal 0 0 1
    outer loop
      vertex 7.51903 15.3197 6
      vertex 7.09024 14.4383 6
      vertex 7.18945 14.4164 6
    endloop
  endfacet
  facet normal 0 0 1
    outer loop
      vertex 6.99872 14.4593 6
      vertex 7.13824 15.4383 6
      vertex 7.06816 15.4429 6
    endloop
  endfacet
  facet normal 0 0 1
    outer loop
      vertex 7.26662 15.4198 6
      vertex 6.99872 14.4593 6
      vertex 7.09024 14.4383 6
    endloop
  endfacet
  facet normal 0 0 1
    outer loop
      vertex 6.91489 14.4796 6
      vertex 7.06816 15.4429 6
      vertex 6.99419 15.4445 6
    endloop
  endfacet
  facet normal 0 0 1
    outer loop
      vertex 7.06816 15.4429 6
      vertex 6.91489 14.4796 6
      vertex 6.99872 14.4593 6
    endloop
  endfacet
  facet normal 0 0 1
    outer loop
      vertex 6.83878 14.4989 6
      vertex 6.99419 15.4445 6
      vertex 6.84161 15.4388 6
    endloop
  endfacet
  facet normal 0 0 1
    outer loop
      vertex 6.99419 15.4445 6
      vertex 6.83878 14.4989 6
      vertex 6.91489 14.4796 6
    endloop
  endfacet
  facet normal 0 0 1
    outer loop
      vertex 6.84161 15.4388 6
      vertex 6.77036 14.5175 6
      vertex 6.83878 14.4989 6
    endloop
  endfacet
  facet normal 0 0 1
    outer loop
      vertex 6.84161 15.4388 6
      vertex 6.70964 14.5352 6
      vertex 6.77036 14.5175 6
    endloop
  endfacet
  facet normal -0 0 1
    outer loop
      vertex 6.70699 15.422 6
      vertex 6.70964 14.5352 6
      vertex 6.84161 15.4388 6
    endloop
  endfacet
  facet normal 0 0 1
    outer loop
      vertex 6.70699 15.422 6
      vertex 6.65662 14.552 6
      vertex 6.70964 14.5352 6
    endloop
  endfacet
  facet normal 0 0 1
    outer loop
      vertex 6.70699 15.422 6
      vertex 6.61131 14.568 6
      vertex 6.65662 14.552 6
    endloop
  endfacet
  facet normal 0 0 1
    outer loop
      vertex 6.5737 14.5832 6
      vertex 6.70699 15.422 6
      vertex 6.59032 15.3938 6
    endloop
  endfacet
  facet normal 0 0 1
    outer loop
      vertex 6.70699 15.422 6
      vertex 6.5737 14.5832 6
      vertex 6.61131 14.568 6
    endloop
  endfacet
  facet normal 0 0 1
    outer loop
      vertex 6.59032 15.3938 6
      vertex 6.54086 14.5983 6
      vertex 6.5737 14.5832 6
    endloop
  endfacet
  facet normal 0 0 1
    outer loop
      vertex 6.59032 15.3938 6
      vertex 6.50989 14.6142 6
      vertex 6.54086 14.5983 6
    endloop
  endfacet
  facet normal 0 0 1
    outer loop
      vertex 6.48073 14.6307 6
      vertex 6.59032 15.3938 6
      vertex 6.49159 15.3544 6
    endloop
  endfacet
  facet normal 0 0 1
    outer loop
      vertex 6.59032 15.3938 6
      vertex 6.48073 14.6307 6
      vertex 6.50989 14.6142 6
    endloop
  endfacet
  facet normal 0 0 1
    outer loop
      vertex 6.49159 15.3544 6
      vertex 6.45343 14.6479 6
      vertex 6.48073 14.6307 6
    endloop
  endfacet
  facet normal 0 0 1
    outer loop
      vertex 6.49159 15.3544 6
      vertex 6.42796 14.6659 6
      vertex 6.45343 14.6479 6
    endloop
  endfacet
  facet normal 0 0 1
    outer loop
      vertex 6.26723 14.9888 6
      vertex 6.49159 15.3544 6
      vertex 6.41081 15.3038 6
    endloop
  endfacet
  facet normal 0 0 1
    outer loop
      vertex 6.49159 15.3544 6
      vertex 6.26723 14.9888 6
      vertex 6.42796 14.6659 6
    endloop
  endfacet
  facet normal 0 0 1
    outer loop
      vertex 6.42796 14.6659 6
      vertex 6.26723 14.9888 6
      vertex 6.40433 14.6845 6
    endloop
  endfacet
  facet normal -0 -0 1
    outer loop
      vertex 6.26817 14.9563 6
      vertex 6.40433 14.6845 6
      vertex 6.26723 14.9888 6
    endloop
  endfacet
  facet normal 0 0 1
    outer loop
      vertex 6.2762 15.0844 6
      vertex 6.41081 15.3038 6
      vertex 6.34799 15.2419 6
    endloop
  endfacet
  facet normal 0 0 1
    outer loop
      vertex 6.40433 14.6845 6
      vertex 6.26817 14.9563 6
      vertex 6.38255 14.7038 6
    endloop
  endfacet
  facet normal -0 -0 1
    outer loop
      vertex 6.27104 14.9251 6
      vertex 6.38255 14.7038 6
      vertex 6.26817 14.9563 6
    endloop
  endfacet
  facet normal 0 0 1
    outer loop
      vertex 6.38255 14.7038 6
      vertex 6.27104 14.9251 6
      vertex 6.36261 14.7239 6
    endloop
  endfacet
  facet normal 0 0 1
    outer loop
      vertex 6.2762 15.0844 6
      vertex 6.34799 15.2419 6
      vertex 6.30312 15.1688 6
    endloop
  endfacet
  facet normal 0 0 1
    outer loop
      vertex 6.36261 14.7239 6
      vertex 6.27104 14.9251 6
      vertex 6.3445 14.7446 6
    endloop
  endfacet
  facet normal 0 0 1
    outer loop
      vertex 6.32828 14.7664 6
      vertex 6.27104 14.9251 6
      vertex 6.31396 14.7895 6
    endloop
  endfacet
  facet normal 0 0 1
    outer loop
      vertex 6.31396 14.7895 6
      vertex 6.27104 14.9251 6
      vertex 6.30156 14.8139 6
    endloop
  endfacet
  facet normal 0 0 1
    outer loop
      vertex 6.41081 15.3038 6
      vertex 6.2762 15.0844 6
      vertex 6.26723 14.9888 6
    endloop
  endfacet
  facet normal 0 0 1
    outer loop
      vertex 6.30156 14.8139 6
      vertex 6.27104 14.9251 6
      vertex 6.29108 14.8397 6
    endloop
  endfacet
  facet normal 0 0 1
    outer loop
      vertex 6.28249 14.8669 6
      vertex 6.27104 14.9251 6
      vertex 6.2758 14.8953 6
    endloop
  endfacet
  facet normal 0 0 1
    outer loop
      vertex 6.29108 14.8397 6
      vertex 6.27104 14.9251 6
      vertex 6.28249 14.8669 6
    endloop
  endfacet
  facet normal 0 0 1
    outer loop
      vertex 6.3445 14.7446 6
      vertex 6.27104 14.9251 6
      vertex 6.32828 14.7664 6
    endloop
  endfacet
  facet normal 0 0 1
    outer loop
      vertex 7.74077 13.4793 6
      vertex 7.85828 13.2231 6
      vertex 7.85471 13.2572 6
    endloop
  endfacet
  facet normal 0 0 1
    outer loop
      vertex 7.85828 13.2231 6
      vertex 7.71646 13.5015 6
      vertex 7.85947 13.1877 6
    endloop
  endfacet
  facet normal 0 0 1
    outer loop
      vertex 7.74077 13.4793 6
      vertex 7.85471 13.2572 6
      vertex 7.84875 13.2898 6
    endloop
  endfacet
  facet normal 0 0 1
    outer loop
      vertex 7.74077 13.4793 6
      vertex 7.84875 13.2898 6
      vertex 7.84044 13.3211 6
    endloop
  endfacet
  facet normal 0 0 1
    outer loop
      vertex 7.76314 13.4562 6
      vertex 7.84044 13.3211 6
      vertex 7.82973 13.3509 6
    endloop
  endfacet
  facet normal 0 0 1
    outer loop
      vertex 7.85828 13.2231 6
      vertex 7.74077 13.4793 6
      vertex 7.71646 13.5015 6
    endloop
  endfacet
  facet normal 0 0 1
    outer loop
      vertex 7.76314 13.4562 6
      vertex 7.82973 13.3509 6
      vertex 7.81665 13.3793 6
    endloop
  endfacet
  facet normal 0 0 1
    outer loop
      vertex 7.76314 13.4562 6
      vertex 7.81665 13.3793 6
      vertex 7.80119 13.4064 6
    endloop
  endfacet
  facet normal 0 0 1
    outer loop
      vertex 7.76314 13.4562 6
      vertex 7.80119 13.4064 6
      vertex 7.78336 13.432 6
    endloop
  endfacet
  facet normal 0 0 1
    outer loop
      vertex 7.84044 13.3211 6
      vertex 7.76314 13.4562 6
      vertex 7.74077 13.4793 6
    endloop
  endfacet
  facet normal 0 0 1
    outer loop
      vertex 7.69022 13.5228 6
      vertex 7.85947 13.1877 6
      vertex 7.71646 13.5015 6
    endloop
  endfacet
  facet normal 0 0 1
    outer loop
      vertex 7.85947 13.1877 6
      vertex 7.69022 13.5228 6
      vertex 7.84911 13.0806 6
    endloop
  endfacet
  facet normal 0 0 1
    outer loop
      vertex 7.84911 13.0806 6
      vertex 7.69389 12.8351 6
      vertex 7.81807 12.9862 6
    endloop
  endfacet
  facet normal 0 0 1
    outer loop
      vertex 7.81807 12.9862 6
      vertex 7.69389 12.8351 6
      vertex 7.76633 12.9044 6
    endloop
  endfacet
  facet normal 0 0 1
    outer loop
      vertex 7.84911 13.0806 6
      vertex 7.69022 13.5228 6
      vertex 7.69389 12.8351 6
    endloop
  endfacet
  facet normal 0 0 1
    outer loop
      vertex 7.66202 13.5433 6
      vertex 7.69389 12.8351 6
      vertex 7.69022 13.5228 6
    endloop
  endfacet
  facet normal 0 0 1
    outer loop
      vertex 7.60077 12.7784 6
      vertex 7.66202 13.5433 6
      vertex 7.63188 13.5629 6
    endloop
  endfacet
  facet normal 0 0 1
    outer loop
      vertex 7.66202 13.5433 6
      vertex 7.60077 12.7784 6
      vertex 7.69389 12.8351 6
    endloop
  endfacet
  facet normal 0 0 1
    outer loop
      vertex 7.59979 13.5816 6
      vertex 7.60077 12.7784 6
      vertex 7.63188 13.5629 6
    endloop
  endfacet
  facet normal 0 0 1
    outer loop
      vertex 7.48694 12.7344 6
      vertex 7.59979 13.5816 6
      vertex 7.56578 13.5994 6
    endloop
  endfacet
  facet normal 0 0 1
    outer loop
      vertex 7.48694 12.7344 6
      vertex 7.56578 13.5994 6
      vertex 7.52982 13.6164 6
    endloop
  endfacet
  facet normal 0 0 1
    outer loop
      vertex 7.48694 12.7344 6
      vertex 7.52982 13.6164 6
      vertex 7.4919 13.6325 6
    endloop
  endfacet
  facet normal 0 0 1
    outer loop
      vertex 7.59979 13.5816 6
      vertex 7.48694 12.7344 6
      vertex 7.60077 12.7784 6
    endloop
  endfacet
  facet normal 0 0 1
    outer loop
      vertex 7.35243 12.7029 6
      vertex 7.4919 13.6325 6
      vertex 7.44905 13.6485 6
    endloop
  endfacet
  facet normal 0 0 1
    outer loop
      vertex 7.35243 12.7029 6
      vertex 7.44905 13.6485 6
      vertex 7.39827 13.6653 6
    endloop
  endfacet
  facet normal 0 0 1
    outer loop
      vertex 7.4919 13.6325 6
      vertex 7.35243 12.7029 6
      vertex 7.48694 12.7344 6
    endloop
  endfacet
  facet normal 0 0 1
    outer loop
      vertex 7.33955 13.6828 6
      vertex 7.35243 12.7029 6
      vertex 7.39827 13.6653 6
    endloop
  endfacet
  facet normal 0 0 1
    outer loop
      vertex 7.1972 12.684 6
      vertex 7.33955 13.6828 6
      vertex 7.27289 13.7011 6
    endloop
  endfacet
  facet normal 0 0 1
    outer loop
      vertex 7.1972 12.684 6
      vertex 7.27289 13.7011 6
      vertex 7.1983 13.7201 6
    endloop
  endfacet
  facet normal 0 0 1
    outer loop
      vertex 7.33955 13.6828 6
      vertex 7.1972 12.684 6
      vertex 7.35243 12.7029 6
    endloop
  endfacet
  facet normal 0 0 1
    outer loop
      vertex 7.0213 12.6777 6
      vertex 7.1983 13.7201 6
      vertex 7.11577 13.7398 6
    endloop
  endfacet
  facet normal 0 0 1
    outer loop
      vertex 6.93367 12.6794 6
      vertex 7.11577 13.7398 6
      vertex 7.02531 13.7603 6
    endloop
  endfacet
  facet normal 0 0 1
    outer loop
      vertex 7.1983 13.7201 6
      vertex 7.0213 12.6777 6
      vertex 7.1972 12.684 6
    endloop
  endfacet
  facet normal 0 0 1
    outer loop
      vertex 7.11577 13.7398 6
      vertex 6.93367 12.6794 6
      vertex 7.0213 12.6777 6
    endloop
  endfacet
  facet normal 0 0 1
    outer loop
      vertex 6.77145 12.6929 6
      vertex 7.02531 13.7603 6
      vertex 6.92691 13.7815 6
    endloop
  endfacet
  facet normal 0 0 1
    outer loop
      vertex 7.02531 13.7603 6
      vertex 6.85037 12.6845 6
      vertex 6.93367 12.6794 6
    endloop
  endfacet
  facet normal 0 0 1
    outer loop
      vertex 6.62665 12.72 6
      vertex 6.92691 13.7815 6
      vertex 6.82059 13.8034 6
    endloop
  endfacet
  facet normal 0 0 1
    outer loop
      vertex 7.02531 13.7603 6
      vertex 6.77145 12.6929 6
      vertex 6.85037 12.6845 6
    endloop
  endfacet
  facet normal 0 0 1
    outer loop
      vertex 6.29536 12.8838 6
      vertex 6.82059 13.8034 6
      vertex 6.72855 13.8252 6
    endloop
  endfacet
  facet normal 0 0 1
    outer loop
      vertex 6.92691 13.7815 6
      vertex 6.69687 12.7048 6
      vertex 6.77145 12.6929 6
    endloop
  endfacet
  facet normal 0 0 1
    outer loop
      vertex 6.1021 13.19 6
      vertex 6.72855 13.8252 6
      vertex 6.64294 13.8461 6
    endloop
  endfacet
  facet normal 0 0 1
    outer loop
      vertex 6.92691 13.7815 6
      vertex 6.62665 12.72 6
      vertex 6.69687 12.7048 6
    endloop
  endfacet
  facet normal 0 0 1
    outer loop
      vertex 6.08278 13.2555 6
      vertex 6.64294 13.8461 6
      vertex 6.56378 13.866 6
    endloop
  endfacet
  facet normal 0 0 1
    outer loop
      vertex 6.82059 13.8034 6
      vertex 6.56076 12.7386 6
      vertex 6.62665 12.72 6
    endloop
  endfacet
  facet normal 0 0 1
    outer loop
      vertex 6.82059 13.8034 6
      vertex 6.49925 12.7606 6
      vertex 6.56076 12.7386 6
    endloop
  endfacet
  facet normal 0 0 1
    outer loop
      vertex 6.08278 13.2555 6
      vertex 6.56378 13.866 6
      vertex 6.49104 13.8849 6
    endloop
  endfacet
  facet normal 0 0 1
    outer loop
      vertex 6.82059 13.8034 6
      vertex 6.44208 12.7859 6
      vertex 6.49925 12.7606 6
    endloop
  endfacet
  facet normal 0 0 1
    outer loop
      vertex 6.08278 13.2555 6
      vertex 6.49104 13.8849 6
      vertex 6.42473 13.9028 6
    endloop
  endfacet
  facet normal 0 0 1
    outer loop
      vertex 6.82059 13.8034 6
      vertex 6.38927 12.8147 6
      vertex 6.44208 12.7859 6
    endloop
  endfacet
  facet normal 0 0 1
    outer loop
      vertex 6.08278 13.2555 6
      vertex 6.42473 13.9028 6
      vertex 6.36485 13.9198 6
    endloop
  endfacet
  facet normal 0 0 1
    outer loop
      vertex 6.72855 13.8252 6
      vertex 6.12511 13.1287 6
      vertex 6.15178 13.0715 6
    endloop
  endfacet
  facet normal 0 0 1
    outer loop
      vertex 6.08278 13.2555 6
      vertex 6.36485 13.9198 6
      vertex 6.3114 13.9357 6
    endloop
  endfacet
  facet normal 0 0 1
    outer loop
      vertex 6.72855 13.8252 6
      vertex 6.1021 13.19 6
      vertex 6.12511 13.1287 6
    endloop
  endfacet
  facet normal 0 0 1
    outer loop
      vertex 6.08278 13.2555 6
      vertex 6.3114 13.9357 6
      vertex 6.26437 13.9507 6
    endloop
  endfacet
  facet normal 0 0 1
    outer loop
      vertex 6.82059 13.8034 6
      vertex 6.34047 12.8472 6
      vertex 6.38927 12.8147 6
    endloop
  endfacet
  facet normal 0 0 1
    outer loop
      vertex 6.08278 13.2555 6
      vertex 6.26437 13.9507 6
      vertex 6.22379 13.9648 6
    endloop
  endfacet
  facet normal 0 0 1
    outer loop
      vertex 6.64294 13.8461 6
      vertex 6.08278 13.2555 6
      vertex 6.1021 13.19 6
    endloop
  endfacet
  facet normal 0 0 1
    outer loop
      vertex 6.08278 13.2555 6
      vertex 6.22379 13.9648 6
      vertex 6.18681 13.9786 6
    endloop
  endfacet
  facet normal 0 0 1
    outer loop
      vertex 6.82059 13.8034 6
      vertex 6.29536 12.8838 6
      vertex 6.34047 12.8472 6
    endloop
  endfacet
  facet normal 0 0 1
    outer loop
      vertex 6.72855 13.8252 6
      vertex 6.25395 12.9245 6
      vertex 6.29536 12.8838 6
    endloop
  endfacet
  facet normal 0 0 1
    outer loop
      vertex 6.08278 13.2555 6
      vertex 6.18681 13.9786 6
      vertex 6.15065 13.993 6
    endloop
  endfacet
  facet normal 0 0 1
    outer loop
      vertex 6.72855 13.8252 6
      vertex 6.18216 13.0184 6
      vertex 6.2162 12.9694 6
    endloop
  endfacet
  facet normal 0 0 1
    outer loop
      vertex 6.08278 13.2555 6
      vertex 6.15065 13.993 6
      vertex 6.11528 14.0079 6
    endloop
  endfacet
  facet normal 0 0 1
    outer loop
      vertex 6.72855 13.8252 6
      vertex 6.15178 13.0715 6
      vertex 6.18216 13.0184 6
    endloop
  endfacet
  facet normal 0 0 1
    outer loop
      vertex 6.72855 13.8252 6
      vertex 6.2162 12.9694 6
      vertex 6.25395 12.9245 6
    endloop
  endfacet
  facet normal 0 0 1
    outer loop
      vertex 6.08073 14.0233 6
      vertex 6.08278 13.2555 6
      vertex 6.11528 14.0079 6
    endloop
  endfacet
  facet normal 0 0 1
    outer loop
      vertex 6.04697 14.0393 6
      vertex 6.08278 13.2555 6
      vertex 6.08073 14.0233 6
    endloop
  endfacet
  facet normal 0 0 1
    outer loop
      vertex 6.01402 14.0558 6
      vertex 6.08278 13.2555 6
      vertex 6.04697 14.0393 6
    endloop
  endfacet
  facet normal 0 0 1
    outer loop
      vertex 5.98187 14.0728 6
      vertex 6.08278 13.2555 6
      vertex 6.01402 14.0558 6
    endloop
  endfacet
  facet normal 0 0 1
    outer loop
      vertex 5.95053 14.0904 6
      vertex 6.08278 13.2555 6
      vertex 5.98187 14.0728 6
    endloop
  endfacet
  facet normal 0 0 1
    outer loop
      vertex 5.91998 14.1085 6
      vertex 6.08278 13.2555 6
      vertex 5.95053 14.0904 6
    endloop
  endfacet
  facet normal 0 0 1
    outer loop
      vertex 5.30971 13.128 6
      vertex 5.91998 14.1085 6
      vertex 5.89035 14.1273 6
    endloop
  endfacet
  facet normal 0 0 1
    outer loop
      vertex 5.30971 13.128 6
      vertex 5.89035 14.1273 6
      vertex 5.86172 14.147 6
    endloop
  endfacet
  facet normal 0 0 1
    outer loop
      vertex 5.30971 13.128 6
      vertex 5.86172 14.147 6
      vertex 5.83409 14.1675 6
    endloop
  endfacet
  facet normal 0 0 1
    outer loop
      vertex 5.30971 13.128 6
      vertex 5.83409 14.1675 6
      vertex 5.80748 14.1888 6
    endloop
  endfacet
  facet normal 0 0 1
    outer loop
      vertex 5.30971 13.128 6
      vertex 5.80748 14.1888 6
      vertex 5.78186 14.2109 6
    endloop
  endfacet
  facet normal 0 0 1
    outer loop
      vertex 5.30971 13.128 6
      vertex 5.78186 14.2109 6
      vertex 5.75725 14.2339 6
    endloop
  endfacet
  facet normal 0 0 1
    outer loop
      vertex 5.30971 13.128 6
      vertex 5.75725 14.2339 6
      vertex 5.73363 14.2578 6
    endloop
  endfacet
  facet normal 0 0 1
    outer loop
      vertex 5.30971 13.128 6
      vertex 5.73363 14.2578 6
      vertex 5.71103 14.2824 6
    endloop
  endfacet
  facet normal 0 0 1
    outer loop
      vertex 5.30971 13.128 6
      vertex 5.71103 14.2824 6
      vertex 5.68942 14.3079 6
    endloop
  endfacet
  facet normal 0 0 1
    outer loop
      vertex 5.30971 13.128 6
      vertex 5.68942 14.3079 6
      vertex 5.66884 14.3344 6
    endloop
  endfacet
  facet normal 0 0 1
    outer loop
      vertex 5.30971 13.128 6
      vertex 5.66884 14.3344 6
      vertex 5.64931 14.3618 6
    endloop
  endfacet
  facet normal 0 0 1
    outer loop
      vertex 5.30971 13.128 6
      vertex 5.64931 14.3618 6
      vertex 5.63081 14.3902 6
    endloop
  endfacet
  facet normal 0 0 1
    outer loop
      vertex 5.30971 13.128 6
      vertex 5.63081 14.3902 6
      vertex 5.61336 14.4196 6
    endloop
  endfacet
  facet normal 0 0 1
    outer loop
      vertex 5.30971 13.128 6
      vertex 5.61336 14.4196 6
      vertex 5.59692 14.4501 6
    endloop
  endfacet
  facet normal 0 0 1
    outer loop
      vertex 5.30971 13.128 6
      vertex 5.59692 14.4501 6
      vertex 5.58154 14.4815 6
    endloop
  endfacet
  facet normal 0 0 1
    outer loop
      vertex 5.30971 13.128 6
      vertex 5.58154 14.4815 6
      vertex 5.5672 14.514 6
    endloop
  endfacet
  facet normal 0 0 1
    outer loop
      vertex 5.50797 15.1609 6
      vertex 4.86914 15.9544 6
      vertex 5.49355 15.0548 6
    endloop
  endfacet
  facet normal 0 0 1
    outer loop
      vertex 5.91998 14.1085 6
      vertex 5.30971 13.128 6
      vertex 6.08278 13.2555 6
    endloop
  endfacet
  facet normal 0 0 1
    outer loop
      vertex 5.55389 14.5474 6
      vertex 5.30971 13.128 6
      vertex 5.5672 14.514 6
    endloop
  endfacet
  facet normal 0 0 1
    outer loop
      vertex 5.54163 14.5819 6
      vertex 5.30971 13.128 6
      vertex 5.55389 14.5474 6
    endloop
  endfacet
  facet normal 0 0 1
    outer loop
      vertex 5.53052 14.6174 6
      vertex 5.30971 13.128 6
      vertex 5.54163 14.5819 6
    endloop
  endfacet
  facet normal 0 0 1
    outer loop
      vertex 5.52074 14.6541 6
      vertex 5.30971 13.128 6
      vertex 5.53052 14.6174 6
    endloop
  endfacet
  facet normal 0 0 1
    outer loop
      vertex 5.51224 14.6919 6
      vertex 5.30971 13.128 6
      vertex 5.52074 14.6541 6
    endloop
  endfacet
  facet normal 0 0 1
    outer loop
      vertex 4.86914 15.9544 6
      vertex 5.51224 14.6919 6
      vertex 5.50507 14.7308 6
    endloop
  endfacet
  facet normal 0 0 1
    outer loop
      vertex 4.86914 15.9544 6
      vertex 5.50507 14.7308 6
      vertex 5.49919 14.7709 6
    endloop
  endfacet
  facet normal 0 0 1
    outer loop
      vertex 4.86914 15.9544 6
      vertex 5.49919 14.7709 6
      vertex 5.49461 14.8121 6
    endloop
  endfacet
  facet normal 0 0 1
    outer loop
      vertex 4.86914 15.9544 6
      vertex 5.49461 14.8121 6
      vertex 5.49135 14.8545 6
    endloop
  endfacet
  facet normal 0 0 1
    outer loop
      vertex 4.86914 15.9544 6
      vertex 5.49135 14.8545 6
      vertex 5.4894 14.898 6
    endloop
  endfacet
  facet normal 0 0 1
    outer loop
      vertex 4.86914 15.9544 6
      vertex 5.4894 14.898 6
      vertex 5.48874 14.9427 6
    endloop
  endfacet
  facet normal 0 0 1
    outer loop
      vertex 5.49355 15.0548 6
      vertex 4.86914 15.9544 6
      vertex 5.48874 14.9427 6
    endloop
  endfacet
  facet normal 0 0 1
    outer loop
      vertex 5.51224 14.6919 6
      vertex 4.86914 15.9544 6
      vertex 5.30971 13.128 6
    endloop
  endfacet
  facet normal -0 0 1
    outer loop
      vertex 4.7769 32.1363 6
      vertex 4.86914 15.9544 6
      vertex 5.48758 32.1363 6
    endloop
  endfacet
  facet normal 0 0 1
    outer loop
      vertex 4.77773 34.5751 6
      vertex 4.62102 34.6112 6
      vertex 4.77733 34.5401 6
    endloop
  endfacet
  facet normal 0 0 1
    outer loop
      vertex 4.59184 34.5091 6
      vertex 4.77733 34.5401 6
      vertex 4.62102 34.6112 6
    endloop
  endfacet
  facet normal 0 0 1
    outer loop
      vertex 4.77733 34.5401 6
      vertex 4.59184 34.5091 6
      vertex 4.77705 34.5052 6
    endloop
  endfacet
  facet normal 0 0 1
    outer loop
      vertex 4.77705 34.5052 6
      vertex 4.59184 34.5091 6
      vertex 4.7769 34.4527 6
    endloop
  endfacet
  facet normal 0 0 1
    outer loop
      vertex 4.56517 34.4179 6
      vertex 4.7769 34.4527 6
      vertex 4.59184 34.5091 6
    endloop
  endfacet
  facet normal 0 0 1
    outer loop
      vertex 4.54095 34.3376 6
      vertex 4.7769 34.4527 6
      vertex 4.56517 34.4179 6
    endloop
  endfacet
  facet normal 0 0 1
    outer loop
      vertex 4.51923 34.2683 6
      vertex 4.7769 34.4527 6
      vertex 4.54095 34.3376 6
    endloop
  endfacet
  facet normal 0 0 1
    outer loop
      vertex 4.7769 34.4527 6
      vertex 4.51923 34.2683 6
      vertex 4.7769 32.1363 6
    endloop
  endfacet
  facet normal 0 0 1
    outer loop
      vertex 3.83023 32.1363 6
      vertex 4.7769 32.1363 6
      vertex 4.51923 34.2683 6
    endloop
  endfacet
  facet normal 0 -0 1
    outer loop
      vertex 4.06895 15.9544 6
      vertex 4.7769 32.1363 6
      vertex 3.83023 32.1363 6
    endloop
  endfacet
  facet normal 0 0 1
    outer loop
      vertex 4.7769 32.1363 6
      vertex 4.06895 15.9544 6
      vertex 4.86914 15.9544 6
    endloop
  endfacet
  facet normal -0 0 1
    outer loop
      vertex 3.26064 32.1363 6
      vertex 4.06895 15.9544 6
      vertex 3.83023 32.1363 6
    endloop
  endfacet
  facet normal 0 0 1
    outer loop
      vertex 4.06895 15.9544 6
      vertex 3.26064 32.1363 6
      vertex 2.40347 15.9544 6
    endloop
  endfacet
  facet normal 0 0 1
    outer loop
      vertex 2.31395 32.1363 6
      vertex 2.57162 34.2683 6
      vertex 2.31395 34.4527 6
    endloop
  endfacet
  facet normal 0 0 1
    outer loop
      vertex 4.06895 15.9544 6
      vertex 2.40347 15.9544 6
      vertex 4.06895 14.4327 6
    endloop
  endfacet
  facet normal 0 0 1
    outer loop
      vertex 4.06895 14.4327 6
      vertex 2.40347 15.9544 6
      vertex 2.40347 14.4327 6
    endloop
  endfacet
  facet normal 0 0 1
    outer loop
      vertex 7.30832 35.4059 6
      vertex 7.76915 34.903 6
      vertex 7.76752 34.9542 6
    endloop
  endfacet
  facet normal 0 0 1
    outer loop
      vertex 7.35991 35.4009 6
      vertex 7.76752 34.9542 6
      vertex 7.76265 35.0029 6
    endloop
  endfacet
  facet normal 0 -0 1
    outer loop
      vertex 7.42444 34.4264 6
      vertex 7.76915 34.903 6
      vertex 7.30832 35.4059 6
    endloop
  endfacet
  facet normal 0 0 1
    outer loop
      vertex 7.35991 35.4009 6
      vertex 7.76265 35.0029 6
      vertex 7.75453 35.049 6
    endloop
  endfacet
  facet normal 0 0 1
    outer loop
      vertex 7.76915 34.903 6
      vertex 7.42444 34.4264 6
      vertex 7.76711 34.849 6
    endloop
  endfacet
  facet normal 0 0 1
    outer loop
      vertex 7.40852 35.3926 6
      vertex 7.75453 35.049 6
      vertex 7.74316 35.0927 6
    endloop
  endfacet
  facet normal 0 -0 1
    outer loop
      vertex 7.47527 34.4446 6
      vertex 7.76711 34.849 6
      vertex 7.42444 34.4264 6
    endloop
  endfacet
  facet normal 0 0 1
    outer loop
      vertex 7.45415 35.381 6
      vertex 7.74316 35.0927 6
      vertex 7.72855 35.1338 6
    endloop
  endfacet
  facet normal 0 0 1
    outer loop
      vertex 7.76752 34.9542 6
      vertex 7.35991 35.4009 6
      vertex 7.30832 35.4059 6
    endloop
  endfacet
  facet normal 0 0 1
    outer loop
      vertex 7.45415 35.381 6
      vertex 7.72855 35.1338 6
      vertex 7.71068 35.1724 6
    endloop
  endfacet
  facet normal 0 0 1
    outer loop
      vertex 7.76711 34.849 6
      vertex 7.47527 34.4446 6
      vertex 7.76097 34.7978 6
    endloop
  endfacet
  facet normal 0 0 1
    outer loop
      vertex 7.4968 35.3661 6
      vertex 7.71068 35.1724 6
      vertex 7.68956 35.2085 6
    endloop
  endfacet
  facet normal 0 0 1
    outer loop
      vertex 7.75076 34.7494 6
      vertex 7.52208 34.4661 6
      vertex 7.73647 34.7039 6
    endloop
  endfacet
  facet normal 0 0 1
    outer loop
      vertex 7.4968 35.3661 6
      vertex 7.68956 35.2085 6
      vertex 7.66519 35.2421 6
    endloop
  endfacet
  facet normal 0 0 1
    outer loop
      vertex 7.75453 35.049 6
      vertex 7.40852 35.3926 6
      vertex 7.35991 35.4009 6
    endloop
  endfacet
  facet normal 0 0 1
    outer loop
      vertex 7.4968 35.3661 6
      vertex 7.66519 35.2421 6
      vertex 7.63759 35.2732 6
    endloop
  endfacet
  facet normal 0 0 1
    outer loop
      vertex 7.4968 35.3661 6
      vertex 7.63759 35.2732 6
      vertex 7.60686 35.3014 6
    endloop
  endfacet
  facet normal 0 0 1
    outer loop
      vertex 7.74316 35.0927 6
      vertex 7.45415 35.381 6
      vertex 7.40852 35.3926 6
    endloop
  endfacet
  facet normal 0 0 1
    outer loop
      vertex 7.4968 35.3661 6
      vertex 7.60686 35.3014 6
      vertex 7.57315 35.3263 6
    endloop
  endfacet
  facet normal 0 -0 1
    outer loop
      vertex 7.56488 34.491 6
      vertex 7.73647 34.7039 6
      vertex 7.52208 34.4661 6
    endloop
  endfacet
  facet normal 0 0 1
    outer loop
      vertex 7.4968 35.3661 6
      vertex 7.57315 35.3263 6
      vertex 7.53647 35.3478 6
    endloop
  endfacet
  facet normal 0 0 1
    outer loop
      vertex 7.71068 35.1724 6
      vertex 7.4968 35.3661 6
      vertex 7.45415 35.381 6
    endloop
  endfacet
  facet normal 0 0 1
    outer loop
      vertex 7.71808 34.6613 6
      vertex 7.56488 34.491 6
      vertex 7.6956 34.6215 6
    endloop
  endfacet
  facet normal 0 0 1
    outer loop
      vertex 7.66904 34.5845 6
      vertex 7.60367 34.5192 6
      vertex 7.6384 34.5504 6
    endloop
  endfacet
  facet normal 0 0 1
    outer loop
      vertex 7.66904 34.5845 6
      vertex 7.56488 34.491 6
      vertex 7.60367 34.5192 6
    endloop
  endfacet
  facet normal 0 0 1
    outer loop
      vertex 7.6956 34.6215 6
      vertex 7.56488 34.491 6
      vertex 7.66904 34.5845 6
    endloop
  endfacet
  facet normal 0 0 1
    outer loop
      vertex 7.73647 34.7039 6
      vertex 7.56488 34.491 6
      vertex 7.71808 34.6613 6
    endloop
  endfacet
  facet normal 0 0 1
    outer loop
      vertex 7.76097 34.7978 6
      vertex 7.52208 34.4661 6
      vertex 7.75076 34.7494 6
    endloop
  endfacet
  facet normal 0 -0 1
    outer loop
      vertex 7.52208 34.4661 6
      vertex 7.76097 34.7978 6
      vertex 7.47527 34.4446 6
    endloop
  endfacet
  facet normal 0 0 1
    outer loop
      vertex 7.42444 34.4264 6
      vertex 7.30832 35.4059 6
      vertex 7.36958 34.4114 6
    endloop
  endfacet
  facet normal 0 0 1
    outer loop
      vertex 7.25375 35.4075 6
      vertex 7.36958 34.4114 6
      vertex 7.30832 35.4059 6
    endloop
  endfacet
  facet normal 0 0 1
    outer loop
      vertex 7.36958 34.4114 6
      vertex 7.25375 35.4075 6
      vertex 7.31071 34.3998 6
    endloop
  endfacet
  facet normal -0 0 1
    outer loop
      vertex 7.20242 35.4059 6
      vertex 7.31071 34.3998 6
      vertex 7.25375 35.4075 6
    endloop
  endfacet
  facet normal -0 0 1
    outer loop
      vertex 7.15335 35.4011 6
      vertex 7.31071 34.3998 6
      vertex 7.20242 35.4059 6
    endloop
  endfacet
  facet normal 0 0 1
    outer loop
      vertex 7.31071 34.3998 6
      vertex 7.15335 35.4011 6
      vertex 7.24782 34.3916 6
    endloop
  endfacet
  facet normal -0 0 1
    outer loop
      vertex 7.10651 35.3931 6
      vertex 7.24782 34.3916 6
      vertex 7.15335 35.4011 6
    endloop
  endfacet
  facet normal -0 0 1
    outer loop
      vertex 6.70583 34.9084 6
      vertex 7.24782 34.3916 6
      vertex 7.10651 35.3931 6
    endloop
  endfacet
  facet normal 0 0 1
    outer loop
      vertex 7.24782 34.3916 6
      vertex 6.70583 34.9084 6
      vertex 7.18091 34.3866 6
    endloop
  endfacet
  facet normal 0 0 1
    outer loop
      vertex 6.70583 34.9084 6
      vertex 7.10651 35.3931 6
      vertex 7.06192 35.3818 6
    endloop
  endfacet
  facet normal 0 0 1
    outer loop
      vertex 6.70583 34.9084 6
      vertex 7.06192 35.3818 6
      vertex 7.01958 35.3673 6
    endloop
  endfacet
  facet normal 0 0 1
    outer loop
      vertex 6.70583 34.9084 6
      vertex 7.01958 35.3673 6
      vertex 6.97948 35.3497 6
    endloop
  endfacet
  facet normal 0 0 1
    outer loop
      vertex 6.70583 34.9084 6
      vertex 6.97948 35.3497 6
      vertex 6.94162 35.3288 6
    endloop
  endfacet
  facet normal 0 0 1
    outer loop
      vertex 6.70583 34.9084 6
      vertex 6.94162 35.3288 6
      vertex 6.90601 35.3046 6
    endloop
  endfacet
  facet normal 0 0 1
    outer loop
      vertex 6.70583 34.9084 6
      vertex 6.90601 35.3046 6
      vertex 6.87263 35.2773 6
    endloop
  endfacet
  facet normal 0 0 1
    outer loop
      vertex 7.18091 34.3866 6
      vertex 6.70583 34.9084 6
      vertex 7.10999 34.3849 6
    endloop
  endfacet
  facet normal 0 0 1
    outer loop
      vertex 7.10999 34.3849 6
      vertex 6.70583 34.9084 6
      vertex 6.86043 34.3849 6
    endloop
  endfacet
  facet normal 0 0 1
    outer loop
      vertex 6.70583 34.9084 6
      vertex 6.87263 35.2773 6
      vertex 6.8419 35.2471 6
    endloop
  endfacet
  facet normal 0 0 1
    outer loop
      vertex 7.53134 33.7089 6
      vertex 7.85863 33.243 6
      vertex 7.85635 33.2982 6
    endloop
  endfacet
  facet normal 0 0 1
    outer loop
      vertex 7.85863 33.243 6
      vertex 7.53134 33.7089 6
      vertex 7.85675 33.1827 6
    endloop
  endfacet
  facet normal 0 0 1
    outer loop
      vertex 7.58337 33.6871 6
      vertex 7.85635 33.2982 6
      vertex 7.84952 33.3504 6
    endloop
  endfacet
  facet normal 0 0 1
    outer loop
      vertex 7.47487 33.7273 6
      vertex 7.85675 33.1827 6
      vertex 7.53134 33.7089 6
    endloop
  endfacet
  facet normal 0 0 1
    outer loop
      vertex 7.631 33.662 6
      vertex 7.84952 33.3504 6
      vertex 7.83813 33.3997 6
    endloop
  endfacet
  facet normal 0 0 1
    outer loop
      vertex 7.39661 32.699 6
      vertex 7.85675 33.1827 6
      vertex 7.47487 33.7273 6
    endloop
  endfacet
  facet normal 0 0 1
    outer loop
      vertex 7.67419 33.6335 6
      vertex 7.83813 33.3997 6
      vertex 7.82219 33.446 6
    endloop
  endfacet
  facet normal 0 0 1
    outer loop
      vertex 7.85635 33.2982 6
      vertex 7.58337 33.6871 6
      vertex 7.53134 33.7089 6
    endloop
  endfacet
  facet normal 0 0 1
    outer loop
      vertex 7.67419 33.6335 6
      vertex 7.82219 33.446 6
      vertex 7.8017 33.4894 6
    endloop
  endfacet
  facet normal 0 -0 1
    outer loop
      vertex 7.50027 32.7191 6
      vertex 7.85112 33.1259 6
      vertex 7.44994 32.7074 6
    endloop
  endfacet
  facet normal 0 0 1
    outer loop
      vertex 7.67419 33.6335 6
      vertex 7.8017 33.4894 6
      vertex 7.77666 33.5299 6
    endloop
  endfacet
  facet normal 0 0 1
    outer loop
      vertex 7.84952 33.3504 6
      vertex 7.631 33.662 6
      vertex 7.58337 33.6871 6
    endloop
  endfacet
  facet normal 0 0 1
    outer loop
      vertex 7.67419 33.6335 6
      vertex 7.77666 33.5299 6
      vertex 7.74706 33.5674 6
    endloop
  endfacet
  facet normal 0 0 1
    outer loop
      vertex 7.83813 33.3997 6
      vertex 7.67419 33.6335 6
      vertex 7.631 33.662 6
    endloop
  endfacet
  facet normal 0 0 1
    outer loop
      vertex 7.67419 33.6335 6
      vertex 7.74706 33.5674 6
      vertex 7.71289 33.6019 6
    endloop
  endfacet
  facet normal 0 0 1
    outer loop
      vertex 7.85112 33.1259 6
      vertex 7.50027 32.7191 6
      vertex 7.84175 33.0727 6
    endloop
  endfacet
  facet normal 0 -0 1
    outer loop
      vertex 7.59189 32.7526 6
      vertex 7.82861 33.023 6
      vertex 7.54759 32.7342 6
    endloop
  endfacet
  facet normal 0 0 1
    outer loop
      vertex 7.73859 32.8598 6
      vertex 7.63318 32.7744 6
      vertex 7.70671 32.8279 6
    endloop
  endfacet
  facet normal 0 0 1
    outer loop
      vertex 7.70671 32.8279 6
      vertex 7.63318 32.7744 6
      vertex 7.67145 32.7995 6
    endloop
  endfacet
  facet normal 0 0 1
    outer loop
      vertex 7.81174 32.9769 6
      vertex 7.63318 32.7744 6
      vertex 7.79111 32.9343 6
    endloop
  endfacet
  facet normal 0 0 1
    outer loop
      vertex 7.76672 32.8953 6
      vertex 7.63318 32.7744 6
      vertex 7.73859 32.8598 6
    endloop
  endfacet
  facet normal 0 0 1
    outer loop
      vertex 7.82861 33.023 6
      vertex 7.59189 32.7526 6
      vertex 7.81174 32.9769 6
    endloop
  endfacet
  facet normal 0 0 1
    outer loop
      vertex 7.79111 32.9343 6
      vertex 7.63318 32.7744 6
      vertex 7.76672 32.8953 6
    endloop
  endfacet
  facet normal 0 -0 1
    outer loop
      vertex 7.54759 32.7342 6
      vertex 7.84175 33.0727 6
      vertex 7.50027 32.7191 6
    endloop
  endfacet
  facet normal 0 -0 1
    outer loop
      vertex 7.63318 32.7744 6
      vertex 7.81174 32.9769 6
      vertex 7.59189 32.7526 6
    endloop
  endfacet
  facet normal 0 -0 1
    outer loop
      vertex 7.44994 32.7074 6
      vertex 7.85675 33.1827 6
      vertex 7.39661 32.699 6
    endloop
  endfacet
  facet normal 0 0 1
    outer loop
      vertex 7.84175 33.0727 6
      vertex 7.54759 32.7342 6
      vertex 7.82861 33.023 6
    endloop
  endfacet
  facet normal 0 0 1
    outer loop
      vertex 7.39661 32.699 6
      vertex 7.47487 33.7273 6
      vertex 7.414 33.7424 6
    endloop
  endfacet
  facet normal 0 0 1
    outer loop
      vertex 7.85675 33.1827 6
      vertex 7.44994 32.7074 6
      vertex 7.85112 33.1259 6
    endloop
  endfacet
  facet normal 0 0 1
    outer loop
      vertex 7.28087 32.6923 6
      vertex 7.414 33.7424 6
      vertex 7.34869 33.7541 6
    endloop
  endfacet
  facet normal 0 0 1
    outer loop
      vertex 7.414 33.7424 6
      vertex 7.34024 32.694 6
      vertex 7.39661 32.699 6
    endloop
  endfacet
  facet normal 0 0 1
    outer loop
      vertex 7.414 33.7424 6
      vertex 7.28087 32.6923 6
      vertex 7.34024 32.694 6
    endloop
  endfacet
  facet normal 0 0 1
    outer loop
      vertex 7.27898 33.7625 6
      vertex 7.28087 32.6923 6
      vertex 7.34869 33.7541 6
    endloop
  endfacet
  facet normal 0 0 1
    outer loop
      vertex 7.05865 32.7195 6
      vertex 7.27898 33.7625 6
      vertex 7.20483 33.7675 6
    endloop
  endfacet
  facet normal 0 0 1
    outer loop
      vertex 7.27898 33.7625 6
      vertex 7.16383 32.6991 6
      vertex 7.28087 32.6923 6
    endloop
  endfacet
  facet normal 0 0 1
    outer loop
      vertex 6.67651 33.1274 6
      vertex 7.20483 33.7675 6
      vertex 7.12627 33.7692 6
    endloop
  endfacet
  facet normal 0 0 1
    outer loop
      vertex 7.27898 33.7625 6
      vertex 7.05865 32.7195 6
      vertex 7.16383 32.6991 6
    endloop
  endfacet
  facet normal 0 0 1
    outer loop
      vertex 7.20483 33.7675 6
      vertex 6.71057 33.0254 6
      vertex 7.05865 32.7195 6
    endloop
  endfacet
  facet normal 0 0 1
    outer loop
      vertex 7.05865 32.7195 6
      vertex 6.71057 33.0254 6
      vertex 6.96533 32.7535 6
    endloop
  endfacet
  facet normal 0 0 1
    outer loop
      vertex 6.65431 33.243 6
      vertex 7.12627 33.7692 6
      vertex 6.86043 33.7692 6
    endloop
  endfacet
  facet normal 0 0 1
    outer loop
      vertex 6.73401 35.0555 6
      vertex 6.8419 35.2471 6
      vertex 6.81424 35.2141 6
    endloop
  endfacet
  facet normal 0 0 1
    outer loop
      vertex 5.94363 34.9627 6
      vertex 6.86043 34.3849 6
      vertex 6.70583 34.9084 6
    endloop
  endfacet
  facet normal 0 0 1
    outer loop
      vertex 6.86043 34.3849 6
      vertex 5.94363 34.9627 6
      vertex 6.86043 33.7692 6
    endloop
  endfacet
  facet normal 0 0 1
    outer loop
      vertex 6.73401 35.0555 6
      vertex 6.81424 35.2141 6
      vertex 6.78961 35.1785 6
    endloop
  endfacet
  facet normal 0 0 1
    outer loop
      vertex 6.73401 35.0555 6
      vertex 6.78961 35.1785 6
      vertex 6.76804 35.1402 6
    endloop
  endfacet
  facet normal 0 0 1
    outer loop
      vertex 7.12627 33.7692 6
      vertex 6.65431 33.243 6
      vertex 6.67651 33.1274 6
    endloop
  endfacet
  facet normal 0 0 1
    outer loop
      vertex 6.73401 35.0555 6
      vertex 6.76804 35.1402 6
      vertex 6.7495 35.0992 6
    endloop
  endfacet
  facet normal 0 0 1
    outer loop
      vertex 6.8419 35.2471 6
      vertex 6.73401 35.0555 6
      vertex 6.72157 35.0091 6
    endloop
  endfacet
  facet normal 0 0 1
    outer loop
      vertex 6.8419 35.2471 6
      vertex 6.72157 35.0091 6
      vertex 6.71217 34.9601 6
    endloop
  endfacet
  facet normal 0 0 1
    outer loop
      vertex 6.8419 35.2471 6
      vertex 6.71217 34.9601 6
      vertex 6.70583 34.9084 6
    endloop
  endfacet
  facet normal 0 0 1
    outer loop
      vertex 7.20483 33.7675 6
      vertex 6.67651 33.1274 6
      vertex 6.71057 33.0254 6
    endloop
  endfacet
  facet normal -0 -0 1
    outer loop
      vertex 6.75647 32.9371 6
      vertex 6.96533 32.7535 6
      vertex 6.71057 33.0254 6
    endloop
  endfacet
  facet normal 0 0 1
    outer loop
      vertex 6.96533 32.7535 6
      vertex 6.75647 32.9371 6
      vertex 6.88387 32.8011 6
    endloop
  endfacet
  facet normal 0 0 1
    outer loop
      vertex 6.88387 32.8011 6
      vertex 6.75647 32.9371 6
      vertex 6.81424 32.8623 6
    endloop
  endfacet
  facet normal 0 0 1
    outer loop
      vertex 5.87851 33.1751 6
      vertex 6.86043 33.7692 6
      vertex 5.94363 34.9627 6
    endloop
  endfacet
  facet normal 0 0 1
    outer loop
      vertex 6.86043 33.7692 6
      vertex 5.87851 33.1751 6
      vertex 6.65431 33.243 6
    endloop
  endfacet
  facet normal 0 -1 0
    outer loop
      vertex 3 0 0
      vertex 81 0 6
      vertex 3 0 6
    endloop
  endfacet
  facet normal 0 -1 -0
    outer loop
      vertex 81 0 6
      vertex 3 0 0
      vertex 81 0 0
    endloop
  endfacet
  facet normal 0.0490578 -0.998796 0
    outer loop
      vertex 81 0 0
      vertex 81.2941 0.0144453 6
      vertex 81 0 6
    endloop
  endfacet
  facet normal 0.0490578 -0.998796 0
    outer loop
      vertex 81.2941 0.0144453 6
      vertex 81 0 0
      vertex 81.2941 0.0144453 0
    endloop
  endfacet
  facet normal 0 1 -0
    outer loop
      vertex 81 46 0
      vertex 3 46 6
      vertex 81 46 6
    endloop
  endfacet
  facet normal 0 1 0
    outer loop
      vertex 3 46 6
      vertex 81 46 0
      vertex 3 46 0
    endloop
  endfacet
  facet normal 1 -0 0
    outer loop
      vertex 84 3 6
      vertex 84 43 0
      vertex 84 43 6
    endloop
  endfacet
  facet normal 1 0 0
    outer loop
      vertex 84 43 0
      vertex 84 3 6
      vertex 84 3 0
    endloop
  endfacet
  facet normal -1 0 0
    outer loop
      vertex 0 3 0
      vertex 0 43 6
      vertex 0 43 0
    endloop
  endfacet
  facet normal -1 -0 0
    outer loop
      vertex 0 43 6
      vertex 0 3 0
      vertex 0 3 6
    endloop
  endfacet
  facet normal 0 0 -1
    outer loop
      vertex 81 0 0
      vertex 84 3 0
      vertex 83.9855 2.70595 0
    endloop
  endfacet
  facet normal 0 0 -1
    outer loop
      vertex 84 3 0
      vertex 73.3858 14.574 0
      vertex 84 43 0
    endloop
  endfacet
  facet normal 0 0 -1
    outer loop
      vertex 81 0 0
      vertex 83.9855 2.70595 0
      vertex 83.9424 2.41473 0
    endloop
  endfacet
  facet normal 0 -0 -1
    outer loop
      vertex 73.6757 33.1043 0
      vertex 84 43 0
      vertex 73.3858 14.574 0
    endloop
  endfacet
  facet normal 0 0 -1
    outer loop
      vertex 81 0 0
      vertex 83.9424 2.41473 0
      vertex 83.8708 2.12915 0
    endloop
  endfacet
  facet normal 0 -0 -1
    outer loop
      vertex 73.7554 33.2729 0
      vertex 84 43 0
      vertex 73.6757 33.1043 0
    endloop
  endfacet
  facet normal 0 0 -1
    outer loop
      vertex 81 0 0
      vertex 83.8708 2.12915 0
      vertex 83.7716 1.85195 0
    endloop
  endfacet
  facet normal 0 0 -1
    outer loop
      vertex 84 3 0
      vertex 73.4354 14.4354 0
      vertex 73.3858 14.574 0
    endloop
  endfacet
  facet normal 0 0 -1
    outer loop
      vertex 81 0 0
      vertex 83.7716 1.85195 0
      vertex 83.6458 1.58581 0
    endloop
  endfacet
  facet normal 0 -0 -1
    outer loop
      vertex 73.8635 33.6293 0
      vertex 84 43 0
      vertex 73.8182 33.4485 0
    endloop
  endfacet
  facet normal 0 0 -1
    outer loop
      vertex 81 0 0
      vertex 83.6458 1.58581 0
      vertex 83.4944 1.33329 0
    endloop
  endfacet
  facet normal 0 -0 -1
    outer loop
      vertex 73.8909 33.8138 0
      vertex 84 43 0
      vertex 73.8635 33.6293 0
    endloop
  endfacet
  facet normal 0 0 -1
    outer loop
      vertex 81 0 0
      vertex 83.4944 1.33329 0
      vertex 83.319 1.09682 0
    endloop
  endfacet
  facet normal 0 -0 -1
    outer loop
      vertex 73.9 34 0
      vertex 84 43 0
      vertex 73.8909 33.8138 0
    endloop
  endfacet
  facet normal 0 0 -1
    outer loop
      vertex 81 0 0
      vertex 83.319 1.09682 0
      vertex 83.1213 0.878679 0
    endloop
  endfacet
  facet normal 0 0 -1
    outer loop
      vertex 73.8909 34.1862 0
      vertex 84 43 0
      vertex 73.9 34 0
    endloop
  endfacet
  facet normal 0 0 -1
    outer loop
      vertex 81 0 0
      vertex 83.1213 0.878679 0
      vertex 82.9032 0.680968 0
    endloop
  endfacet
  facet normal 0 0 -1
    outer loop
      vertex 73.8635 34.3707 0
      vertex 84 43 0
      vertex 73.8909 34.1862 0
    endloop
  endfacet
  facet normal 0 0 -1
    outer loop
      vertex 81 0 0
      vertex 82.9032 0.680968 0
      vertex 82.6667 0.50559 0
    endloop
  endfacet
  facet normal 0 0 -1
    outer loop
      vertex 73.7554 34.7271 0
      vertex 84 43 0
      vertex 73.8182 34.5515 0
    endloop
  endfacet
  facet normal 0 0 -1
    outer loop
      vertex 81 0 0
      vertex 82.6667 0.50559 0
      vertex 82.4142 0.354236 0
    endloop
  endfacet
  facet normal 0 0 -1
    outer loop
      vertex 73.6757 34.8957 0
      vertex 84 43 0
      vertex 73.7554 34.7271 0
    endloop
  endfacet
  facet normal 0 0 -1
    outer loop
      vertex 81 0 0
      vertex 82.4142 0.354236 0
      vertex 82.148 0.228361 0
    endloop
  endfacet
  facet normal 0 0 -1
    outer loop
      vertex 73.5798 35.0556 0
      vertex 84 43 0
      vertex 73.6757 34.8957 0
    endloop
  endfacet
  facet normal 0 0 -1
    outer loop
      vertex 81 0 0
      vertex 82.148 0.228361 0
      vertex 81.8708 0.129178 0
    endloop
  endfacet
  facet normal 0 0 -1
    outer loop
      vertex 73.3435 35.3435 0
      vertex 84 43 0
      vertex 73.4687 35.2053 0
    endloop
  endfacet
  facet normal 0 0 -1
    outer loop
      vertex 81 0 0
      vertex 81.8708 0.129178 0
      vertex 81.5853 0.0576439 0
    endloop
  endfacet
  facet normal 0 -0 -1
    outer loop
      vertex 81 46 0
      vertex 84 43 0
      vertex 73.3435 35.3435 0
    endloop
  endfacet
  facet normal 0 0 -1
    outer loop
      vertex 81 0 0
      vertex 81.5853 0.0576439 0
      vertex 81.2941 0.0144453 0
    endloop
  endfacet
  facet normal 0 0 -1
    outer loop
      vertex 83.9855 43.2941 0
      vertex 81 46 0
      vertex 83.9424 43.5853 0
    endloop
  endfacet
  facet normal 0 0 -1
    outer loop
      vertex 72.8334 12.7528 0
      vertex 84 3 0
      vertex 81 0 0
    endloop
  endfacet
  facet normal 0 0 -1
    outer loop
      vertex 83.9424 43.5853 0
      vertex 81 46 0
      vertex 83.8708 43.8709 0
    endloop
  endfacet
  facet normal 0 0 -1
    outer loop
      vertex 83.8708 43.8709 0
      vertex 81 46 0
      vertex 83.7716 44.148 0
    endloop
  endfacet
  facet normal 0 0 -1
    outer loop
      vertex 83.1213 45.1213 0
      vertex 81 46 0
      vertex 82.9032 45.319 0
    endloop
  endfacet
  facet normal 0 0 -1
    outer loop
      vertex 83.319 44.9032 0
      vertex 81 46 0
      vertex 83.1213 45.1213 0
    endloop
  endfacet
  facet normal 0 0 -1
    outer loop
      vertex 83.4944 44.6667 0
      vertex 81 46 0
      vertex 83.319 44.9032 0
    endloop
  endfacet
  facet normal 0 0 -1
    outer loop
      vertex 83.7716 44.148 0
      vertex 81 46 0
      vertex 83.6458 44.4142 0
    endloop
  endfacet
  facet normal 0 0 -1
    outer loop
      vertex 73.4687 35.2053 0
      vertex 84 43 0
      vertex 73.5798 35.0556 0
    endloop
  endfacet
  facet normal 0 0 -1
    outer loop
      vertex 73.8182 34.5515 0
      vertex 84 43 0
      vertex 73.8635 34.3707 0
    endloop
  endfacet
  facet normal 0 0 -1
    outer loop
      vertex 84 3 0
      vertex 73.5 14 0
      vertex 73.4928 14.147 0
    endloop
  endfacet
  facet normal 0 0 -1
    outer loop
      vertex 84 3 0
      vertex 73.4928 13.853 0
      vertex 73.5 14 0
    endloop
  endfacet
  facet normal 0 0 -1
    outer loop
      vertex 84 3 0
      vertex 73.4712 13.7074 0
      vertex 73.4928 13.853 0
    endloop
  endfacet
  facet normal 0 0 -1
    outer loop
      vertex 84 3 0
      vertex 73.4354 13.5646 0
      vertex 73.4712 13.7074 0
    endloop
  endfacet
  facet normal 0 0 -1
    outer loop
      vertex 84 3 0
      vertex 73.3858 13.426 0
      vertex 73.4354 13.5646 0
    endloop
  endfacet
  facet normal 0 0 -1
    outer loop
      vertex 84 3 0
      vertex 73.3229 13.2929 0
      vertex 73.3858 13.426 0
    endloop
  endfacet
  facet normal 0 0 -1
    outer loop
      vertex 84 3 0
      vertex 73.2472 13.1666 0
      vertex 73.3229 13.2929 0
    endloop
  endfacet
  facet normal 0 0 -1
    outer loop
      vertex 84 3 0
      vertex 73.1595 13.0484 0
      vertex 73.2472 13.1666 0
    endloop
  endfacet
  facet normal 0 0 -1
    outer loop
      vertex 84 3 0
      vertex 73.0607 12.9393 0
      vertex 73.1595 13.0484 0
    endloop
  endfacet
  facet normal 0 0 -1
    outer loop
      vertex 84 3 0
      vertex 72.9516 12.8405 0
      vertex 73.0607 12.9393 0
    endloop
  endfacet
  facet normal 0 0 -1
    outer loop
      vertex 84 3 0
      vertex 72.8334 12.7528 0
      vertex 72.9516 12.8405 0
    endloop
  endfacet
  facet normal 0 0 -1
    outer loop
      vertex 81 0 0
      vertex 72.7071 12.6771 0
      vertex 72.8334 12.7528 0
    endloop
  endfacet
  facet normal 0 0 -1
    outer loop
      vertex 81 0 0
      vertex 72.574 12.6142 0
      vertex 72.7071 12.6771 0
    endloop
  endfacet
  facet normal 0 0 -1
    outer loop
      vertex 81 0 0
      vertex 72.4354 12.5646 0
      vertex 72.574 12.6142 0
    endloop
  endfacet
  facet normal 0 0 -1
    outer loop
      vertex 81 0 0
      vertex 72.2926 12.5288 0
      vertex 72.4354 12.5646 0
    endloop
  endfacet
  facet normal 0 0 -1
    outer loop
      vertex 81 0 0
      vertex 72.147 12.5072 0
      vertex 72.2926 12.5288 0
    endloop
  endfacet
  facet normal 0 0 -1
    outer loop
      vertex 81 0 0
      vertex 72 12.5 0
      vertex 72.147 12.5072 0
    endloop
  endfacet
  facet normal 0 0 -1
    outer loop
      vertex 81 0 0
      vertex 71.853 12.5072 0
      vertex 72 12.5 0
    endloop
  endfacet
  facet normal 0 0 -1
    outer loop
      vertex 81 0 0
      vertex 71.7074 12.5288 0
      vertex 71.853 12.5072 0
    endloop
  endfacet
  facet normal 0 0 -1
    outer loop
      vertex 81 0 0
      vertex 71.5646 12.5646 0
      vertex 71.7074 12.5288 0
    endloop
  endfacet
  facet normal 0 0 -1
    outer loop
      vertex 81 0 0
      vertex 71.426 12.6142 0
      vertex 71.5646 12.5646 0
    endloop
  endfacet
  facet normal 0 0 -1
    outer loop
      vertex 81 0 0
      vertex 71.2929 12.6771 0
      vertex 71.426 12.6142 0
    endloop
  endfacet
  facet normal 0 0 -1
    outer loop
      vertex 52.7071 12.6771 0
      vertex 71.2929 12.6771 0
      vertex 81 0 0
    endloop
  endfacet
  facet normal 0 0 -1
    outer loop
      vertex 71.2929 12.6771 0
      vertex 52.7071 12.6771 0
      vertex 71.1666 12.7528 0
    endloop
  endfacet
  facet normal 0 -0 -1
    outer loop
      vertex 52.8334 12.7528 0
      vertex 71.1666 12.7528 0
      vertex 52.7071 12.6771 0
    endloop
  endfacet
  facet normal 0 0 -1
    outer loop
      vertex 71.1666 12.7528 0
      vertex 52.8334 12.7528 0
      vertex 71.0484 12.8405 0
    endloop
  endfacet
  facet normal 0 0 -1
    outer loop
      vertex 70.6771 14.7071 0
      vertex 70.3243 33.1043 0
      vertex 70.4202 32.9444 0
    endloop
  endfacet
  facet normal 0 0 -1
    outer loop
      vertex 70.5072 14.147 0
      vertex 53.0607 15.0607 0
      vertex 70.3243 33.1043 0
    endloop
  endfacet
  facet normal 0 -0 -1
    outer loop
      vertex 53.2728 32.7272 0
      vertex 70.3243 33.1043 0
      vertex 53.0607 15.0607 0
    endloop
  endfacet
  facet normal 0 -0 -1
    outer loop
      vertex 53.3914 32.8581 0
      vertex 70.3243 33.1043 0
      vertex 53.2728 32.7272 0
    endloop
  endfacet
  facet normal 0 -0 -1
    outer loop
      vertex 53.4966 33 0
      vertex 70.3243 33.1043 0
      vertex 53.3914 32.8581 0
    endloop
  endfacet
  facet normal 0 0 -1
    outer loop
      vertex 70.3243 33.1043 0
      vertex 53.5875 33.1515 0
      vertex 70.2446 33.2729 0
    endloop
  endfacet
  facet normal 0 -0 -1
    outer loop
      vertex 53.663 33.3112 0
      vertex 70.2446 33.2729 0
      vertex 53.5875 33.1515 0
    endloop
  endfacet
  facet normal 0 0 -1
    outer loop
      vertex 53.5 14 0
      vertex 70.5 14 0
      vertex 70.5072 13.853 0
    endloop
  endfacet
  facet normal 0 0 -1
    outer loop
      vertex 53.4928 13.853 0
      vertex 70.5072 13.853 0
      vertex 70.5288 13.7074 0
    endloop
  endfacet
  facet normal 0 0 -1
    outer loop
      vertex 53.4712 13.7074 0
      vertex 70.5288 13.7074 0
      vertex 70.5646 13.5646 0
    endloop
  endfacet
  facet normal 0 0 -1
    outer loop
      vertex 53.4354 13.5646 0
      vertex 70.5646 13.5646 0
      vertex 70.6142 13.426 0
    endloop
  endfacet
  facet normal 0 0 -1
    outer loop
      vertex 53.3858 13.426 0
      vertex 70.6142 13.426 0
      vertex 70.6771 13.2929 0
    endloop
  endfacet
  facet normal 0 0 -1
    outer loop
      vertex 53.3229 13.2929 0
      vertex 70.6771 13.2929 0
      vertex 70.7528 13.1666 0
    endloop
  endfacet
  facet normal 0 0 -1
    outer loop
      vertex 53.2472 13.1666 0
      vertex 70.7528 13.1666 0
      vertex 70.8405 13.0484 0
    endloop
  endfacet
  facet normal 0 -0 -1
    outer loop
      vertex 52.9516 12.8405 0
      vertex 71.0484 12.8405 0
      vertex 52.8334 12.7528 0
    endloop
  endfacet
  facet normal -0 0 -1
    outer loop
      vertex 70.1 34 0
      vertex 53.7913 33.8236 0
      vertex 53.8 34 0
    endloop
  endfacet
  facet normal 0 0 -1
    outer loop
      vertex 70.1091 33.8138 0
      vertex 53.7913 33.8236 0
      vertex 70.1 34 0
    endloop
  endfacet
  facet normal 0 -0 -1
    outer loop
      vertex 53.7913 33.8236 0
      vertex 70.1091 33.8138 0
      vertex 53.7654 33.6488 0
    endloop
  endfacet
  facet normal 0 0 -1
    outer loop
      vertex 70.1365 33.6293 0
      vertex 53.7654 33.6488 0
      vertex 70.1091 33.8138 0
    endloop
  endfacet
  facet normal 0 0 -1
    outer loop
      vertex 70.5072 14.147 0
      vertex 53.3858 14.574 0
      vertex 53.3229 14.7071 0
    endloop
  endfacet
  facet normal 0 0 -1
    outer loop
      vertex 70.5 14 0
      vertex 53.5 14 0
      vertex 53.4928 14.147 0
    endloop
  endfacet
  facet normal 0 0 -1
    outer loop
      vertex 70.5072 13.853 0
      vertex 53.4928 13.853 0
      vertex 53.5 14 0
    endloop
  endfacet
  facet normal 0 0 -1
    outer loop
      vertex 70.5288 13.7074 0
      vertex 53.4712 13.7074 0
      vertex 53.4928 13.853 0
    endloop
  endfacet
  facet normal 0 0 -1
    outer loop
      vertex 70.5646 13.5646 0
      vertex 53.4354 13.5646 0
      vertex 53.4712 13.7074 0
    endloop
  endfacet
  facet normal 0 0 -1
    outer loop
      vertex 70.6142 13.426 0
      vertex 53.3858 13.426 0
      vertex 53.4354 13.5646 0
    endloop
  endfacet
  facet normal 0 0 -1
    outer loop
      vertex 70.6771 13.2929 0
      vertex 53.3229 13.2929 0
      vertex 53.3858 13.426 0
    endloop
  endfacet
  facet normal 0 0 -1
    outer loop
      vertex 70.7528 13.1666 0
      vertex 53.2472 13.1666 0
      vertex 53.3229 13.2929 0
    endloop
  endfacet
  facet normal 0 0 -1
    outer loop
      vertex 70.8405 13.0484 0
      vertex 53.1595 13.0484 0
      vertex 53.2472 13.1666 0
    endloop
  endfacet
  facet normal -0 0 -1
    outer loop
      vertex 70.8405 13.0484 0
      vertex 53.0607 12.9393 0
      vertex 53.1595 13.0484 0
    endloop
  endfacet
  facet normal 0 0 -1
    outer loop
      vertex 70.9393 12.9393 0
      vertex 53.0607 12.9393 0
      vertex 70.8405 13.0484 0
    endloop
  endfacet
  facet normal 0 -0 -1
    outer loop
      vertex 53.0607 12.9393 0
      vertex 70.9393 12.9393 0
      vertex 52.9516 12.8405 0
    endloop
  endfacet
  facet normal 0 0 -1
    outer loop
      vertex 71.0484 12.8405 0
      vertex 52.9516 12.8405 0
      vertex 70.9393 12.9393 0
    endloop
  endfacet
  facet normal 0 0 -1
    outer loop
      vertex 81 0 0
      vertex 52.574 12.6142 0
      vertex 52.7071 12.6771 0
    endloop
  endfacet
  facet normal 0 0 -1
    outer loop
      vertex 81 0 0
      vertex 52.4354 12.5646 0
      vertex 52.574 12.6142 0
    endloop
  endfacet
  facet normal 0 0 -1
    outer loop
      vertex 81 0 0
      vertex 52.2926 12.5288 0
      vertex 52.4354 12.5646 0
    endloop
  endfacet
  facet normal 0 0 -1
    outer loop
      vertex 81 0 0
      vertex 52.147 12.5072 0
      vertex 52.2926 12.5288 0
    endloop
  endfacet
  facet normal 0 0 -1
    outer loop
      vertex 81 0 0
      vertex 52 12.5 0
      vertex 52.147 12.5072 0
    endloop
  endfacet
  facet normal 0 0 -1
    outer loop
      vertex 81 0 0
      vertex 51.853 12.5072 0
      vertex 52 12.5 0
    endloop
  endfacet
  facet normal 0 0 -1
    outer loop
      vertex 81 0 0
      vertex 51.7074 12.5288 0
      vertex 51.853 12.5072 0
    endloop
  endfacet
  facet normal 0 0 -1
    outer loop
      vertex 32.2926 12.5288 0
      vertex 51.7074 12.5288 0
      vertex 81 0 0
    endloop
  endfacet
  facet normal 0 0 -1
    outer loop
      vertex 51.7074 12.5288 0
      vertex 32.2926 12.5288 0
      vertex 51.5646 12.5646 0
    endloop
  endfacet
  facet normal 0 0 -1
    outer loop
      vertex 50.6142 14.574 0
      vertex 50.337 33.3112 0
      vertex 50.4125 33.1515 0
    endloop
  endfacet
  facet normal 0 0 -1
    outer loop
      vertex 50.5072 14.147 0
      vertex 33.0607 15.0607 0
      vertex 50.337 33.3112 0
    endloop
  endfacet
  facet normal 0 -0 -1
    outer loop
      vertex 33.2021 32.7979 0
      vertex 50.337 33.3112 0
      vertex 33.0607 15.0607 0
    endloop
  endfacet
  facet normal 0 -0 -1
    outer loop
      vertex 33.3141 32.9215 0
      vertex 50.337 33.3112 0
      vertex 33.2021 32.7979 0
    endloop
  endfacet
  facet normal 0 -0 -1
    outer loop
      vertex 33.4993 33.1986 0
      vertex 50.337 33.3112 0
      vertex 33.4135 33.0555 0
    endloop
  endfacet
  facet normal 0 -0 -1
    outer loop
      vertex 33.5706 33.3494 0
      vertex 50.337 33.3112 0
      vertex 33.4993 33.1986 0
    endloop
  endfacet
  facet normal 0 0 -1
    outer loop
      vertex 33.5 14 0
      vertex 50.5 14 0
      vertex 50.5072 13.853 0
    endloop
  endfacet
  facet normal 0 0 -1
    outer loop
      vertex 33.4928 13.853 0
      vertex 50.5072 13.853 0
      vertex 50.5288 13.7074 0
    endloop
  endfacet
  facet normal 0 0 -1
    outer loop
      vertex 33.4712 13.7074 0
      vertex 50.5288 13.7074 0
      vertex 50.5646 13.5646 0
    endloop
  endfacet
  facet normal 0 0 -1
    outer loop
      vertex 33.4354 13.5646 0
      vertex 50.5646 13.5646 0
      vertex 50.6142 13.426 0
    endloop
  endfacet
  facet normal 0 0 -1
    outer loop
      vertex 33.3858 13.426 0
      vertex 50.6142 13.426 0
      vertex 50.6771 13.2929 0
    endloop
  endfacet
  facet normal 0 0 -1
    outer loop
      vertex 33.3229 13.2929 0
      vertex 50.6771 13.2929 0
      vertex 50.7528 13.1666 0
    endloop
  endfacet
  facet normal 0 0 -1
    outer loop
      vertex 33.2472 13.1666 0
      vertex 50.7528 13.1666 0
      vertex 50.8405 13.0484 0
    endloop
  endfacet
  facet normal -0 0 -1
    outer loop
      vertex 50.2 34 0
      vertex 33.6918 33.8334 0
      vertex 33.7 34 0
    endloop
  endfacet
  facet normal 0 0 -1
    outer loop
      vertex 50.2087 33.8236 0
      vertex 33.6918 33.8334 0
      vertex 50.2 34 0
    endloop
  endfacet
  facet normal 0 -0 -1
    outer loop
      vertex 33.6918 33.8334 0
      vertex 50.2087 33.8236 0
      vertex 33.6673 33.6683 0
    endloop
  endfacet
  facet normal 0 0 -1
    outer loop
      vertex 50.2346 33.6488 0
      vertex 33.6673 33.6683 0
      vertex 50.2087 33.8236 0
    endloop
  endfacet
  facet normal 0 0 -1
    outer loop
      vertex 50.5 14 0
      vertex 33.5 14 0
      vertex 33.4928 14.147 0
    endloop
  endfacet
  facet normal 0 0 -1
    outer loop
      vertex 33.1595 13.0484 0
      vertex 50.8405 13.0484 0
      vertex 50.9393 12.9393 0
    endloop
  endfacet
  facet normal 0 0 -1
    outer loop
      vertex 33.0607 12.9393 0
      vertex 50.9393 12.9393 0
      vertex 51.0484 12.8405 0
    endloop
  endfacet
  facet normal 0 0 -1
    outer loop
      vertex 32.9516 12.8405 0
      vertex 51.0484 12.8405 0
      vertex 51.1666 12.7528 0
    endloop
  endfacet
  facet normal 0 0 -1
    outer loop
      vertex 32.8334 12.7528 0
      vertex 51.1666 12.7528 0
      vertex 51.2929 12.6771 0
    endloop
  endfacet
  facet normal 0 0 -1
    outer loop
      vertex 32.7071 12.6771 0
      vertex 51.2929 12.6771 0
      vertex 51.426 12.6142 0
    endloop
  endfacet
  facet normal 0 -0 -1
    outer loop
      vertex 32.4354 12.5646 0
      vertex 51.5646 12.5646 0
      vertex 32.2926 12.5288 0
    endloop
  endfacet
  facet normal 0 0 -1
    outer loop
      vertex 50.5072 13.853 0
      vertex 33.4928 13.853 0
      vertex 33.5 14 0
    endloop
  endfacet
  facet normal 0 0 -1
    outer loop
      vertex 50.5288 13.7074 0
      vertex 33.4712 13.7074 0
      vertex 33.4928 13.853 0
    endloop
  endfacet
  facet normal 0 0 -1
    outer loop
      vertex 50.5646 13.5646 0
      vertex 33.4354 13.5646 0
      vertex 33.4712 13.7074 0
    endloop
  endfacet
  facet normal 0 0 -1
    outer loop
      vertex 50.6142 13.426 0
      vertex 33.3858 13.426 0
      vertex 33.4354 13.5646 0
    endloop
  endfacet
  facet normal 0 0 -1
    outer loop
      vertex 50.6771 13.2929 0
      vertex 33.3229 13.2929 0
      vertex 33.3858 13.426 0
    endloop
  endfacet
  facet normal 0 0 -1
    outer loop
      vertex 50.7528 13.1666 0
      vertex 33.2472 13.1666 0
      vertex 33.3229 13.2929 0
    endloop
  endfacet
  facet normal 0 0 -1
    outer loop
      vertex 50.8405 13.0484 0
      vertex 33.1595 13.0484 0
      vertex 33.2472 13.1666 0
    endloop
  endfacet
  facet normal 0 0 -1
    outer loop
      vertex 50.9393 12.9393 0
      vertex 33.0607 12.9393 0
      vertex 33.1595 13.0484 0
    endloop
  endfacet
  facet normal 0 0 -1
    outer loop
      vertex 51.0484 12.8405 0
      vertex 32.9516 12.8405 0
      vertex 33.0607 12.9393 0
    endloop
  endfacet
  facet normal 0 0 -1
    outer loop
      vertex 51.1666 12.7528 0
      vertex 32.8334 12.7528 0
      vertex 32.9516 12.8405 0
    endloop
  endfacet
  facet normal 0 0 -1
    outer loop
      vertex 51.2929 12.6771 0
      vertex 32.7071 12.6771 0
      vertex 32.8334 12.7528 0
    endloop
  endfacet
  facet normal 0 0 -1
    outer loop
      vertex 51.426 12.6142 0
      vertex 32.574 12.6142 0
      vertex 32.7071 12.6771 0
    endloop
  endfacet
  facet normal -0 0 -1
    outer loop
      vertex 51.426 12.6142 0
      vertex 32.4354 12.5646 0
      vertex 32.574 12.6142 0
    endloop
  endfacet
  facet normal 0 0 -1
    outer loop
      vertex 51.5646 12.5646 0
      vertex 32.4354 12.5646 0
      vertex 51.426 12.6142 0
    endloop
  endfacet
  facet normal 0 0 -1
    outer loop
      vertex 81 0 0
      vertex 32.147 12.5072 0
      vertex 32.2926 12.5288 0
    endloop
  endfacet
  facet normal 0 0 -1
    outer loop
      vertex 3 0 0
      vertex 32.147 12.5072 0
      vertex 81 0 0
    endloop
  endfacet
  facet normal 0 0 -1
    outer loop
      vertex 32.147 12.5072 0
      vertex 3 0 0
      vertex 32 12.5 0
    endloop
  endfacet
  facet normal -0 0 -1
    outer loop
      vertex 32 12.5 0
      vertex 3 0 0
      vertex 31.853 12.5072 0
    endloop
  endfacet
  facet normal -0 0 -1
    outer loop
      vertex 31.853 12.5072 0
      vertex 3 0 0
      vertex 31.7074 12.5288 0
    endloop
  endfacet
  facet normal 0 0 -1
    outer loop
      vertex 30.5646 14.4354 0
      vertex 30.3732 33.5065 0
      vertex 30.4294 33.3494 0
    endloop
  endfacet
  facet normal 0 0 -1
    outer loop
      vertex 30.5072 14.147 0
      vertex 13.0607 15.0607 0
      vertex 30.3732 33.5065 0
    endloop
  endfacet
  facet normal 0 -0 -1
    outer loop
      vertex 13.1314 32.8686 0
      vertex 30.3732 33.5065 0
      vertex 13.0607 15.0607 0
    endloop
  endfacet
  facet normal 0 -0 -1
    outer loop
      vertex 13.2368 32.985 0
      vertex 30.3732 33.5065 0
      vertex 13.1314 32.8686 0
    endloop
  endfacet
  facet normal 0 -0 -1
    outer loop
      vertex 13.4111 33.2458 0
      vertex 30.3732 33.5065 0
      vertex 13.3304 33.1111 0
    endloop
  endfacet
  facet normal 0 0 -1
    outer loop
      vertex 13.5 14 0
      vertex 30.5 14 0
      vertex 30.5072 13.853 0
    endloop
  endfacet
  facet normal 0 0 -1
    outer loop
      vertex 13.4928 13.853 0
      vertex 30.5072 13.853 0
      vertex 30.5288 13.7074 0
    endloop
  endfacet
  facet normal 0 0 -1
    outer loop
      vertex 13.4712 13.7074 0
      vertex 30.5288 13.7074 0
      vertex 30.5646 13.5646 0
    endloop
  endfacet
  facet normal 0 0 -1
    outer loop
      vertex 13.4354 13.5646 0
      vertex 30.5646 13.5646 0
      vertex 30.6142 13.426 0
    endloop
  endfacet
  facet normal 0 0 -1
    outer loop
      vertex 13.3858 13.426 0
      vertex 30.6142 13.426 0
      vertex 30.6771 13.2929 0
    endloop
  endfacet
  facet normal 0 0 -1
    outer loop
      vertex 13.3229 13.2929 0
      vertex 30.6771 13.2929 0
      vertex 30.7528 13.1666 0
    endloop
  endfacet
  facet normal 0 0 -1
    outer loop
      vertex 13.2472 13.1666 0
      vertex 30.7528 13.1666 0
      vertex 30.8405 13.0484 0
    endloop
  endfacet
  facet normal -0 0 -1
    outer loop
      vertex 30.3 34 0
      vertex 13.5923 33.8432 0
      vertex 13.6 34 0
    endloop
  endfacet
  facet normal 0 0 -1
    outer loop
      vertex 30.3082 33.8334 0
      vertex 13.5923 33.8432 0
      vertex 30.3 34 0
    endloop
  endfacet
  facet normal 0 -0 -1
    outer loop
      vertex 13.5923 33.8432 0
      vertex 30.3082 33.8334 0
      vertex 13.5693 33.6879 0
    endloop
  endfacet
  facet normal 0 0 -1
    outer loop
      vertex 30.5 14 0
      vertex 13.5 14 0
      vertex 13.4928 14.147 0
    endloop
  endfacet
  facet normal 0 0 -1
    outer loop
      vertex 13.1595 13.0484 0
      vertex 30.8405 13.0484 0
      vertex 30.9393 12.9393 0
    endloop
  endfacet
  facet normal 0 0 -1
    outer loop
      vertex 13.0607 12.9393 0
      vertex 30.9393 12.9393 0
      vertex 31.0484 12.8405 0
    endloop
  endfacet
  facet normal 0 0 -1
    outer loop
      vertex 12.9516 12.8405 0
      vertex 31.0484 12.8405 0
      vertex 31.1666 12.7528 0
    endloop
  endfacet
  facet normal 0 0 -1
    outer loop
      vertex 12.8334 12.7528 0
      vertex 31.1666 12.7528 0
      vertex 31.2929 12.6771 0
    endloop
  endfacet
  facet normal 0 0 -1
    outer loop
      vertex 3 0 0
      vertex 31.2929 12.6771 0
      vertex 31.426 12.6142 0
    endloop
  endfacet
  facet normal 0 0 -1
    outer loop
      vertex 3 0 0
      vertex 31.426 12.6142 0
      vertex 31.5646 12.5646 0
    endloop
  endfacet
  facet normal -0 0 -1
    outer loop
      vertex 31.7074 12.5288 0
      vertex 3 0 0
      vertex 31.5646 12.5646 0
    endloop
  endfacet
  facet normal 0 0 -1
    outer loop
      vertex 30.5072 13.853 0
      vertex 13.4928 13.853 0
      vertex 13.5 14 0
    endloop
  endfacet
  facet normal 0 0 -1
    outer loop
      vertex 30.5288 13.7074 0
      vertex 13.4712 13.7074 0
      vertex 13.4928 13.853 0
    endloop
  endfacet
  facet normal 0 0 -1
    outer loop
      vertex 30.5646 13.5646 0
      vertex 13.4354 13.5646 0
      vertex 13.4712 13.7074 0
    endloop
  endfacet
  facet normal 0 0 -1
    outer loop
      vertex 30.6142 13.426 0
      vertex 13.3858 13.426 0
      vertex 13.4354 13.5646 0
    endloop
  endfacet
  facet normal 0 0 -1
    outer loop
      vertex 30.6771 13.2929 0
      vertex 13.3229 13.2929 0
      vertex 13.3858 13.426 0
    endloop
  endfacet
  facet normal 0 0 -1
    outer loop
      vertex 30.7528 13.1666 0
      vertex 13.2472 13.1666 0
      vertex 13.3229 13.2929 0
    endloop
  endfacet
  facet normal 0 0 -1
    outer loop
      vertex 30.8405 13.0484 0
      vertex 13.1595 13.0484 0
      vertex 13.2472 13.1666 0
    endloop
  endfacet
  facet normal 0 0 -1
    outer loop
      vertex 30.9393 12.9393 0
      vertex 13.0607 12.9393 0
      vertex 13.1595 13.0484 0
    endloop
  endfacet
  facet normal 0 0 -1
    outer loop
      vertex 31.0484 12.8405 0
      vertex 12.9516 12.8405 0
      vertex 13.0607 12.9393 0
    endloop
  endfacet
  facet normal -0 0 -1
    outer loop
      vertex 31.2929 12.6771 0
      vertex 3 0 0
      vertex 12.7071 12.6771 0
    endloop
  endfacet
  facet normal 0 0 -1
    outer loop
      vertex 31.1666 12.7528 0
      vertex 12.8334 12.7528 0
      vertex 12.9516 12.8405 0
    endloop
  endfacet
  facet normal 0 0 -1
    outer loop
      vertex 31.2929 12.6771 0
      vertex 12.7071 12.6771 0
      vertex 12.8334 12.7528 0
    endloop
  endfacet
  facet normal 0 0 -1
    outer loop
      vertex 12.7071 12.6771 0
      vertex 3 0 0
      vertex 12.574 12.6142 0
    endloop
  endfacet
  facet normal 0 0 -1
    outer loop
      vertex 12.574 12.6142 0
      vertex 3 0 0
      vertex 12.4354 12.5646 0
    endloop
  endfacet
  facet normal 0 0 -1
    outer loop
      vertex 12.4354 12.5646 0
      vertex 3 0 0
      vertex 12.2926 12.5288 0
    endloop
  endfacet
  facet normal 0 0 -1
    outer loop
      vertex 12.2926 12.5288 0
      vertex 3 0 0
      vertex 12.147 12.5072 0
    endloop
  endfacet
  facet normal 0 0 -1
    outer loop
      vertex 12.147 12.5072 0
      vertex 3 0 0
      vertex 12 12.5 0
    endloop
  endfacet
  facet normal -0 0 -1
    outer loop
      vertex 12 12.5 0
      vertex 3 0 0
      vertex 11.853 12.5072 0
    endloop
  endfacet
  facet normal 0 0 -1
    outer loop
      vertex 10.5288 14.2926 0
      vertex 10.4307 33.6879 0
      vertex 10.4689 33.5355 0
    endloop
  endfacet
  facet normal 0 0 -1
    outer loop
      vertex 10.5072 14.147 0
      vertex 0 43 0
      vertex 10.4307 33.6879 0
    endloop
  endfacet
  facet normal 0 0 -1
    outer loop
      vertex 10.4307 33.6879 0
      vertex 0 43 0
      vertex 10.4077 33.8432 0
    endloop
  endfacet
  facet normal -0 0 -1
    outer loop
      vertex 10.5072 13.853 0
      vertex 0 3 0
      vertex 10.5 14 0
    endloop
  endfacet
  facet normal -0 0 -1
    outer loop
      vertex 10.5288 13.7074 0
      vertex 0 3 0
      vertex 10.5072 13.853 0
    endloop
  endfacet
  facet normal -0 0 -1
    outer loop
      vertex 10.5646 13.5646 0
      vertex 0 3 0
      vertex 10.5288 13.7074 0
    endloop
  endfacet
  facet normal -0 0 -1
    outer loop
      vertex 10.6142 13.426 0
      vertex 0 3 0
      vertex 10.5646 13.5646 0
    endloop
  endfacet
  facet normal -0 0 -1
    outer loop
      vertex 10.6771 13.2929 0
      vertex 0 3 0
      vertex 10.6142 13.426 0
    endloop
  endfacet
  facet normal -0 0 -1
    outer loop
      vertex 10.7528 13.1666 0
      vertex 0 3 0
      vertex 10.6771 13.2929 0
    endloop
  endfacet
  facet normal -0 0 -1
    outer loop
      vertex 10.8405 13.0484 0
      vertex 0 3 0
      vertex 10.7528 13.1666 0
    endloop
  endfacet
  facet normal -0 0 -1
    outer loop
      vertex 10.9393 12.9393 0
      vertex 0 3 0
      vertex 10.8405 13.0484 0
    endloop
  endfacet
  facet normal -0 0 -1
    outer loop
      vertex 11.0484 12.8405 0
      vertex 0 3 0
      vertex 10.9393 12.9393 0
    endloop
  endfacet
  facet normal -0 0 -1
    outer loop
      vertex 11.1666 12.7528 0
      vertex 0 3 0
      vertex 11.0484 12.8405 0
    endloop
  endfacet
  facet normal 0 0 -1
    outer loop
      vertex 0 3 0
      vertex 11.1666 12.7528 0
      vertex 3 0 0
    endloop
  endfacet
  facet normal -0 0 -1
    outer loop
      vertex 11.2929 12.6771 0
      vertex 3 0 0
      vertex 11.1666 12.7528 0
    endloop
  endfacet
  facet normal -0 0 -1
    outer loop
      vertex 11.426 12.6142 0
      vertex 3 0 0
      vertex 11.2929 12.6771 0
    endloop
  endfacet
  facet normal -0 0 -1
    outer loop
      vertex 11.5646 12.5646 0
      vertex 3 0 0
      vertex 11.426 12.6142 0
    endloop
  endfacet
  facet normal -0 0 -1
    outer loop
      vertex 11.7074 12.5288 0
      vertex 3 0 0
      vertex 11.5646 12.5646 0
    endloop
  endfacet
  facet normal -0 0 -1
    outer loop
      vertex 11.853 12.5072 0
      vertex 3 0 0
      vertex 11.7074 12.5288 0
    endloop
  endfacet
  facet normal 0 0 -1
    outer loop
      vertex 82.6667 45.4944 0
      vertex 81 46 0
      vertex 82.4142 45.6458 0
    endloop
  endfacet
  facet normal 0 0 -1
    outer loop
      vertex 82.4142 45.6458 0
      vertex 81 46 0
      vertex 82.148 45.7716 0
    endloop
  endfacet
  facet normal 0 0 -1
    outer loop
      vertex 82.148 45.7716 0
      vertex 81 46 0
      vertex 81.8708 45.8708 0
    endloop
  endfacet
  facet normal 0 0 -1
    outer loop
      vertex 81.5853 45.9424 0
      vertex 81 46 0
      vertex 81.2941 45.9856 0
    endloop
  endfacet
  facet normal 0 0 -1
    outer loop
      vertex 81.8708 45.8708 0
      vertex 81 46 0
      vertex 81.5853 45.9424 0
    endloop
  endfacet
  facet normal 0 0 -1
    outer loop
      vertex 82.9032 45.319 0
      vertex 81 46 0
      vertex 82.6667 45.4944 0
    endloop
  endfacet
  facet normal 0 0 -1
    outer loop
      vertex 83.6458 44.4142 0
      vertex 81 46 0
      vertex 83.4944 44.6667 0
    endloop
  endfacet
  facet normal 0 0 -1
    outer loop
      vertex 84 43 0
      vertex 81 46 0
      vertex 83.9855 43.2941 0
    endloop
  endfacet
  facet normal 0 0 -1
    outer loop
      vertex 73.2053 35.4687 0
      vertex 81 46 0
      vertex 73.3435 35.3435 0
    endloop
  endfacet
  facet normal 0 0 -1
    outer loop
      vertex 73.0556 35.5798 0
      vertex 81 46 0
      vertex 73.2053 35.4687 0
    endloop
  endfacet
  facet normal 0 0 -1
    outer loop
      vertex 72.8957 35.6757 0
      vertex 81 46 0
      vertex 73.0556 35.5798 0
    endloop
  endfacet
  facet normal 0 0 -1
    outer loop
      vertex 72.7271 35.7554 0
      vertex 81 46 0
      vertex 72.8957 35.6757 0
    endloop
  endfacet
  facet normal 0 0 -1
    outer loop
      vertex 72.5515 35.8182 0
      vertex 81 46 0
      vertex 72.7271 35.7554 0
    endloop
  endfacet
  facet normal 0 0 -1
    outer loop
      vertex 72.3707 35.8635 0
      vertex 81 46 0
      vertex 72.5515 35.8182 0
    endloop
  endfacet
  facet normal 0 0 -1
    outer loop
      vertex 72.1862 35.8909 0
      vertex 81 46 0
      vertex 72.3707 35.8635 0
    endloop
  endfacet
  facet normal 0 0 -1
    outer loop
      vertex 72 35.9 0
      vertex 81 46 0
      vertex 72.1862 35.8909 0
    endloop
  endfacet
  facet normal 0 0 -1
    outer loop
      vertex 71.8138 35.8909 0
      vertex 81 46 0
      vertex 72 35.9 0
    endloop
  endfacet
  facet normal 0 0 -1
    outer loop
      vertex 71.6293 35.8635 0
      vertex 81 46 0
      vertex 71.8138 35.8909 0
    endloop
  endfacet
  facet normal 0 0 -1
    outer loop
      vertex 71.4485 35.8182 0
      vertex 81 46 0
      vertex 71.6293 35.8635 0
    endloop
  endfacet
  facet normal 0 0 -1
    outer loop
      vertex 71.2729 35.7554 0
      vertex 81 46 0
      vertex 71.4485 35.8182 0
    endloop
  endfacet
  facet normal 0 0 -1
    outer loop
      vertex 71.1043 35.6757 0
      vertex 81 46 0
      vertex 71.2729 35.7554 0
    endloop
  endfacet
  facet normal 0 0 -1
    outer loop
      vertex 52.8485 35.5875 0
      vertex 71.1043 35.6757 0
      vertex 70.9444 35.5798 0
    endloop
  endfacet
  facet normal 0 0 -1
    outer loop
      vertex 53 35.4966 0
      vertex 70.9444 35.5798 0
      vertex 70.7947 35.4687 0
    endloop
  endfacet
  facet normal 0 0 -1
    outer loop
      vertex 53.1419 35.3914 0
      vertex 70.7947 35.4687 0
      vertex 70.6565 35.3435 0
    endloop
  endfacet
  facet normal 0 0 -1
    outer loop
      vertex 53.8 34 0
      vertex 70.1091 34.1862 0
      vertex 70.1 34 0
    endloop
  endfacet
  facet normal 0 0 -1
    outer loop
      vertex 53.7913 34.1764 0
      vertex 70.1091 34.1862 0
      vertex 53.8 34 0
    endloop
  endfacet
  facet normal -0 0 -1
    outer loop
      vertex 70.1091 34.1862 0
      vertex 53.7913 34.1764 0
      vertex 70.1365 34.3707 0
    endloop
  endfacet
  facet normal 0 0 -1
    outer loop
      vertex 53.7654 34.3512 0
      vertex 70.1365 34.3707 0
      vertex 53.7913 34.1764 0
    endloop
  endfacet
  facet normal -0 0 -1
    outer loop
      vertex 70.1365 34.3707 0
      vertex 53.7654 34.3512 0
      vertex 70.1818 34.5515 0
    endloop
  endfacet
  facet normal 0 0 -1
    outer loop
      vertex 53.7225 34.5225 0
      vertex 70.1818 34.5515 0
      vertex 53.7654 34.3512 0
    endloop
  endfacet
  facet normal -0 0 -1
    outer loop
      vertex 70.1818 34.5515 0
      vertex 53.7225 34.5225 0
      vertex 70.2446 34.7271 0
    endloop
  endfacet
  facet normal 0 0 -1
    outer loop
      vertex 53.663 34.6888 0
      vertex 70.2446 34.7271 0
      vertex 53.7225 34.5225 0
    endloop
  endfacet
  facet normal -0 0 -1
    outer loop
      vertex 70.2446 34.7271 0
      vertex 53.663 34.6888 0
      vertex 70.3243 34.8957 0
    endloop
  endfacet
  facet normal 0 0 -1
    outer loop
      vertex 53.5875 34.8485 0
      vertex 70.3243 34.8957 0
      vertex 53.663 34.6888 0
    endloop
  endfacet
  facet normal -0 0 -1
    outer loop
      vertex 70.3243 34.8957 0
      vertex 53.5875 34.8485 0
      vertex 70.4202 35.0556 0
    endloop
  endfacet
  facet normal 0 0 -1
    outer loop
      vertex 53.4966 35 0
      vertex 70.4202 35.0556 0
      vertex 53.5875 34.8485 0
    endloop
  endfacet
  facet normal -0 0 -1
    outer loop
      vertex 70.4202 35.0556 0
      vertex 53.4966 35 0
      vertex 70.5313 35.2053 0
    endloop
  endfacet
  facet normal 0 0 -1
    outer loop
      vertex 53.3914 35.1419 0
      vertex 70.5313 35.2053 0
      vertex 53.4966 35 0
    endloop
  endfacet
  facet normal -0 0 -1
    outer loop
      vertex 70.5313 35.2053 0
      vertex 53.3914 35.1419 0
      vertex 70.6565 35.3435 0
    endloop
  endfacet
  facet normal 0 0 -1
    outer loop
      vertex 53.2728 35.2728 0
      vertex 70.6565 35.3435 0
      vertex 53.3914 35.1419 0
    endloop
  endfacet
  facet normal 0 0 -1
    outer loop
      vertex 53.1419 35.3914 0
      vertex 70.6565 35.3435 0
      vertex 53.2728 35.2728 0
    endloop
  endfacet
  facet normal -0 0 -1
    outer loop
      vertex 70.7947 35.4687 0
      vertex 53.1419 35.3914 0
      vertex 53 35.4966 0
    endloop
  endfacet
  facet normal -0 0 -1
    outer loop
      vertex 70.9444 35.5798 0
      vertex 53 35.4966 0
      vertex 52.8485 35.5875 0
    endloop
  endfacet
  facet normal -0 0 -1
    outer loop
      vertex 71.1043 35.6757 0
      vertex 52.8485 35.5875 0
      vertex 81 46 0
    endloop
  endfacet
  facet normal 0 0 -1
    outer loop
      vertex 52.6888 35.663 0
      vertex 81 46 0
      vertex 52.8485 35.5875 0
    endloop
  endfacet
  facet normal 0 0 -1
    outer loop
      vertex 52.5225 35.7225 0
      vertex 81 46 0
      vertex 52.6888 35.663 0
    endloop
  endfacet
  facet normal 0 0 -1
    outer loop
      vertex 52.3512 35.7654 0
      vertex 81 46 0
      vertex 52.5225 35.7225 0
    endloop
  endfacet
  facet normal 0 0 -1
    outer loop
      vertex 52.1764 35.7913 0
      vertex 81 46 0
      vertex 52.3512 35.7654 0
    endloop
  endfacet
  facet normal 0 0 -1
    outer loop
      vertex 52 35.8 0
      vertex 81 46 0
      vertex 52.1764 35.7913 0
    endloop
  endfacet
  facet normal 0 0 -1
    outer loop
      vertex 51.8236 35.7913 0
      vertex 81 46 0
      vertex 52 35.8 0
    endloop
  endfacet
  facet normal 0 0 -1
    outer loop
      vertex 32.1666 35.6918 0
      vertex 51.8236 35.7913 0
      vertex 51.6488 35.7654 0
    endloop
  endfacet
  facet normal 0 0 -1
    outer loop
      vertex 32.3317 35.6673 0
      vertex 51.6488 35.7654 0
      vertex 51.4775 35.7225 0
    endloop
  endfacet
  facet normal 0 0 -1
    outer loop
      vertex 33.7 34 0
      vertex 50.2087 34.1764 0
      vertex 50.2 34 0
    endloop
  endfacet
  facet normal 0 0 -1
    outer loop
      vertex 33.6918 34.1666 0
      vertex 50.2087 34.1764 0
      vertex 33.7 34 0
    endloop
  endfacet
  facet normal -0 0 -1
    outer loop
      vertex 50.2087 34.1764 0
      vertex 33.6918 34.1666 0
      vertex 50.2346 34.3512 0
    endloop
  endfacet
  facet normal 0 0 -1
    outer loop
      vertex 33.6673 34.3317 0
      vertex 50.2346 34.3512 0
      vertex 33.6918 34.1666 0
    endloop
  endfacet
  facet normal -0 0 -1
    outer loop
      vertex 50.2346 34.3512 0
      vertex 33.6673 34.3317 0
      vertex 50.2775 34.5225 0
    endloop
  endfacet
  facet normal 0 0 -1
    outer loop
      vertex 33.6268 34.4935 0
      vertex 50.2775 34.5225 0
      vertex 33.6673 34.3317 0
    endloop
  endfacet
  facet normal -0 0 -1
    outer loop
      vertex 50.2775 34.5225 0
      vertex 33.6268 34.4935 0
      vertex 50.337 34.6888 0
    endloop
  endfacet
  facet normal 0 0 -1
    outer loop
      vertex 33.5706 34.6506 0
      vertex 50.337 34.6888 0
      vertex 33.6268 34.4935 0
    endloop
  endfacet
  facet normal -0 0 -1
    outer loop
      vertex 50.337 34.6888 0
      vertex 33.5706 34.6506 0
      vertex 50.4125 34.8485 0
    endloop
  endfacet
  facet normal 0 0 -1
    outer loop
      vertex 33.4993 34.8014 0
      vertex 50.4125 34.8485 0
      vertex 33.5706 34.6506 0
    endloop
  endfacet
  facet normal -0 0 -1
    outer loop
      vertex 50.4125 34.8485 0
      vertex 33.4993 34.8014 0
      vertex 50.5034 35 0
    endloop
  endfacet
  facet normal 0 0 -1
    outer loop
      vertex 33.4135 34.9445 0
      vertex 50.5034 35 0
      vertex 33.4993 34.8014 0
    endloop
  endfacet
  facet normal -0 0 -1
    outer loop
      vertex 50.5034 35 0
      vertex 33.4135 34.9445 0
      vertex 50.6086 35.1419 0
    endloop
  endfacet
  facet normal 0 0 -1
    outer loop
      vertex 33.3141 35.0785 0
      vertex 50.6086 35.1419 0
      vertex 33.4135 34.9445 0
    endloop
  endfacet
  facet normal -0 0 -1
    outer loop
      vertex 50.6086 35.1419 0
      vertex 33.3141 35.0785 0
      vertex 50.7272 35.2728 0
    endloop
  endfacet
  facet normal 0 0 -1
    outer loop
      vertex 33.2021 35.2021 0
      vertex 50.7272 35.2728 0
      vertex 33.3141 35.0785 0
    endloop
  endfacet
  facet normal -0 0 -1
    outer loop
      vertex 50.7272 35.2728 0
      vertex 33.2021 35.2021 0
      vertex 50.8581 35.3914 0
    endloop
  endfacet
  facet normal 0 0 -1
    outer loop
      vertex 33.0785 35.3141 0
      vertex 50.8581 35.3914 0
      vertex 33.2021 35.2021 0
    endloop
  endfacet
  facet normal -0 0 -1
    outer loop
      vertex 50.8581 35.3914 0
      vertex 33.0785 35.3141 0
      vertex 51 35.4966 0
    endloop
  endfacet
  facet normal 0 0 -1
    outer loop
      vertex 32.9445 35.4135 0
      vertex 51 35.4966 0
      vertex 33.0785 35.3141 0
    endloop
  endfacet
  facet normal -0 0 -1
    outer loop
      vertex 51 35.4966 0
      vertex 32.9445 35.4135 0
      vertex 51.1515 35.5875 0
    endloop
  endfacet
  facet normal 0 0 -1
    outer loop
      vertex 32.8014 35.4993 0
      vertex 51.1515 35.5875 0
      vertex 32.9445 35.4135 0
    endloop
  endfacet
  facet normal -0 0 -1
    outer loop
      vertex 51.1515 35.5875 0
      vertex 32.8014 35.4993 0
      vertex 51.3112 35.663 0
    endloop
  endfacet
  facet normal 0 0 -1
    outer loop
      vertex 32.6506 35.5706 0
      vertex 51.3112 35.663 0
      vertex 32.8014 35.4993 0
    endloop
  endfacet
  facet normal -0 0 -1
    outer loop
      vertex 51.3112 35.663 0
      vertex 32.6506 35.5706 0
      vertex 51.4775 35.7225 0
    endloop
  endfacet
  facet normal 0 0 -1
    outer loop
      vertex 32.4935 35.6268 0
      vertex 51.4775 35.7225 0
      vertex 32.6506 35.5706 0
    endloop
  endfacet
  facet normal 0 0 -1
    outer loop
      vertex 32.3317 35.6673 0
      vertex 51.4775 35.7225 0
      vertex 32.4935 35.6268 0
    endloop
  endfacet
  facet normal 0 0 -1
    outer loop
      vertex 51.6488 35.7654 0
      vertex 32.3317 35.6673 0
      vertex 32.1666 35.6918 0
    endloop
  endfacet
  facet normal -0 0 -1
    outer loop
      vertex 51.8236 35.7913 0
      vertex 32.1666 35.6918 0
      vertex 81 46 0
    endloop
  endfacet
  facet normal 0 0 -1
    outer loop
      vertex 3 46 0
      vertex 32.1666 35.6918 0
      vertex 32 35.7 0
    endloop
  endfacet
  facet normal 0 0 -1
    outer loop
      vertex 3 46 0
      vertex 32 35.7 0
      vertex 31.8334 35.6918 0
    endloop
  endfacet
  facet normal 0 0 -1
    outer loop
      vertex 3 46 0
      vertex 31.8334 35.6918 0
      vertex 31.6683 35.6673 0
    endloop
  endfacet
  facet normal 0 0 -1
    outer loop
      vertex 13.6 34 0
      vertex 30.3082 34.1666 0
      vertex 30.3 34 0
    endloop
  endfacet
  facet normal 0 0 -1
    outer loop
      vertex 13.5923 34.1568 0
      vertex 30.3082 34.1666 0
      vertex 13.6 34 0
    endloop
  endfacet
  facet normal -0 0 -1
    outer loop
      vertex 30.3082 34.1666 0
      vertex 13.5923 34.1568 0
      vertex 30.3327 34.3317 0
    endloop
  endfacet
  facet normal 0 0 -1
    outer loop
      vertex 13.5693 34.3121 0
      vertex 30.3327 34.3317 0
      vertex 13.5923 34.1568 0
    endloop
  endfacet
  facet normal -0 0 -1
    outer loop
      vertex 30.3327 34.3317 0
      vertex 13.5693 34.3121 0
      vertex 30.3732 34.4935 0
    endloop
  endfacet
  facet normal 0 0 -1
    outer loop
      vertex 13.5311 34.4645 0
      vertex 30.3732 34.4935 0
      vertex 13.5693 34.3121 0
    endloop
  endfacet
  facet normal -0 0 -1
    outer loop
      vertex 30.3732 34.4935 0
      vertex 13.5311 34.4645 0
      vertex 30.4294 34.6506 0
    endloop
  endfacet
  facet normal 0 0 -1
    outer loop
      vertex 13.4782 34.6123 0
      vertex 30.4294 34.6506 0
      vertex 13.5311 34.4645 0
    endloop
  endfacet
  facet normal -0 0 -1
    outer loop
      vertex 30.4294 34.6506 0
      vertex 13.4782 34.6123 0
      vertex 30.5007 34.8014 0
    endloop
  endfacet
  facet normal 0 0 -1
    outer loop
      vertex 13.4111 34.7542 0
      vertex 30.5007 34.8014 0
      vertex 13.4782 34.6123 0
    endloop
  endfacet
  facet normal -0 0 -1
    outer loop
      vertex 30.5007 34.8014 0
      vertex 13.4111 34.7542 0
      vertex 30.5865 34.9445 0
    endloop
  endfacet
  facet normal 0 0 -1
    outer loop
      vertex 13.3304 34.8889 0
      vertex 30.5865 34.9445 0
      vertex 13.4111 34.7542 0
    endloop
  endfacet
  facet normal -0 0 -1
    outer loop
      vertex 30.5865 34.9445 0
      vertex 13.3304 34.8889 0
      vertex 30.6859 35.0785 0
    endloop
  endfacet
  facet normal 0 0 -1
    outer loop
      vertex 13.2368 35.015 0
      vertex 30.6859 35.0785 0
      vertex 13.3304 34.8889 0
    endloop
  endfacet
  facet normal -0 0 -1
    outer loop
      vertex 30.6859 35.0785 0
      vertex 13.2368 35.015 0
      vertex 30.7979 35.2021 0
    endloop
  endfacet
  facet normal 0 0 -1
    outer loop
      vertex 13.1314 35.1314 0
      vertex 30.7979 35.2021 0
      vertex 13.2368 35.015 0
    endloop
  endfacet
  facet normal -0 0 -1
    outer loop
      vertex 30.7979 35.2021 0
      vertex 13.1314 35.1314 0
      vertex 30.9215 35.3141 0
    endloop
  endfacet
  facet normal 0 0 -1
    outer loop
      vertex 13.015 35.2368 0
      vertex 30.9215 35.3141 0
      vertex 13.1314 35.1314 0
    endloop
  endfacet
  facet normal -0 0 -1
    outer loop
      vertex 30.9215 35.3141 0
      vertex 13.015 35.2368 0
      vertex 31.0555 35.4135 0
    endloop
  endfacet
  facet normal 0 0 -1
    outer loop
      vertex 12.8889 35.3304 0
      vertex 31.0555 35.4135 0
      vertex 13.015 35.2368 0
    endloop
  endfacet
  facet normal -0 0 -1
    outer loop
      vertex 31.0555 35.4135 0
      vertex 12.8889 35.3304 0
      vertex 31.1986 35.4993 0
    endloop
  endfacet
  facet normal 0 0 -1
    outer loop
      vertex 12.7542 35.4111 0
      vertex 31.1986 35.4993 0
      vertex 12.8889 35.3304 0
    endloop
  endfacet
  facet normal 0 0 -1
    outer loop
      vertex 3 46 0
      vertex 31.1986 35.4993 0
      vertex 12.7542 35.4111 0
    endloop
  endfacet
  facet normal 0 0 -1
    outer loop
      vertex 31.1986 35.4993 0
      vertex 3 46 0
      vertex 31.3494 35.5706 0
    endloop
  endfacet
  facet normal 0 0 -1
    outer loop
      vertex 31.3494 35.5706 0
      vertex 3 46 0
      vertex 31.5065 35.6268 0
    endloop
  endfacet
  facet normal 0 0 -1
    outer loop
      vertex 31.5065 35.6268 0
      vertex 3 46 0
      vertex 31.6683 35.6673 0
    endloop
  endfacet
  facet normal 0 0 -1
    outer loop
      vertex 3 46 0
      vertex 12.7542 35.4111 0
      vertex 12.6123 35.4782 0
    endloop
  endfacet
  facet normal 0 0 -1
    outer loop
      vertex 3 46 0
      vertex 12.6123 35.4782 0
      vertex 12.4645 35.5311 0
    endloop
  endfacet
  facet normal 0 0 -1
    outer loop
      vertex 3 46 0
      vertex 12.4645 35.5311 0
      vertex 12.3121 35.5693 0
    endloop
  endfacet
  facet normal 0 0 -1
    outer loop
      vertex 3 46 0
      vertex 12.3121 35.5693 0
      vertex 12.1568 35.5923 0
    endloop
  endfacet
  facet normal 0 0 -1
    outer loop
      vertex 3 46 0
      vertex 12.1568 35.5923 0
      vertex 12 35.6 0
    endloop
  endfacet
  facet normal 0 0 -1
    outer loop
      vertex 3 46 0
      vertex 12 35.6 0
      vertex 11.8432 35.5923 0
    endloop
  endfacet
  facet normal 0 0 -1
    outer loop
      vertex 3 46 0
      vertex 11.8432 35.5923 0
      vertex 11.6879 35.5693 0
    endloop
  endfacet
  facet normal -0 0 -1
    outer loop
      vertex 10.5072 14.147 0
      vertex 0 3 0
      vertex 0 43 0
    endloop
  endfacet
  facet normal 0 0 -1
    outer loop
      vertex 10.4077 33.8432 0
      vertex 0 43 0
      vertex 10.4 34 0
    endloop
  endfacet
  facet normal 0 0 -1
    outer loop
      vertex 32.1666 35.6918 0
      vertex 3 46 0
      vertex 81 46 0
    endloop
  endfacet
  facet normal 0 0 -1
    outer loop
      vertex 11.5355 35.5311 0
      vertex 3 46 0
      vertex 11.6879 35.5693 0
    endloop
  endfacet
  facet normal 0 0 -1
    outer loop
      vertex 11.3877 35.4782 0
      vertex 3 46 0
      vertex 11.5355 35.5311 0
    endloop
  endfacet
  facet normal 0 0 -1
    outer loop
      vertex 11.2458 35.4111 0
      vertex 3 46 0
      vertex 11.3877 35.4782 0
    endloop
  endfacet
  facet normal 0 0 -1
    outer loop
      vertex 11.1111 35.3304 0
      vertex 3 46 0
      vertex 11.2458 35.4111 0
    endloop
  endfacet
  facet normal 0 0 -1
    outer loop
      vertex 10.985 35.2368 0
      vertex 3 46 0
      vertex 11.1111 35.3304 0
    endloop
  endfacet
  facet normal 0 0 -1
    outer loop
      vertex 10.8686 35.1314 0
      vertex 3 46 0
      vertex 10.985 35.2368 0
    endloop
  endfacet
  facet normal 0 0 -1
    outer loop
      vertex 0 43 0
      vertex 10.8686 35.1314 0
      vertex 10.7632 35.015 0
    endloop
  endfacet
  facet normal 0 0 -1
    outer loop
      vertex 0 43 0
      vertex 10.7632 35.015 0
      vertex 10.6696 34.8889 0
    endloop
  endfacet
  facet normal 0 0 -1
    outer loop
      vertex 0 43 0
      vertex 10.6696 34.8889 0
      vertex 10.5889 34.7542 0
    endloop
  endfacet
  facet normal 0 0 -1
    outer loop
      vertex 0 43 0
      vertex 10.5889 34.7542 0
      vertex 10.5218 34.6123 0
    endloop
  endfacet
  facet normal 0 0 -1
    outer loop
      vertex 0 43 0
      vertex 10.5218 34.6123 0
      vertex 10.4689 34.4645 0
    endloop
  endfacet
  facet normal 0 0 -1
    outer loop
      vertex 0 43 0
      vertex 10.4689 34.4645 0
      vertex 10.4307 34.3121 0
    endloop
  endfacet
  facet normal 0 0 -1
    outer loop
      vertex 10.4 34 0
      vertex 0 43 0
      vertex 10.4077 34.1568 0
    endloop
  endfacet
  facet normal 0 0 -1
    outer loop
      vertex 0 3 0
      vertex 3 0 0
      vertex 2.70595 0.0144453 0
    endloop
  endfacet
  facet normal 0 0 -1
    outer loop
      vertex 10.4077 34.1568 0
      vertex 0 43 0
      vertex 10.4307 34.3121 0
    endloop
  endfacet
  facet normal 0 0 -1
    outer loop
      vertex 0 3 0
      vertex 2.70595 0.0144453 0
      vertex 2.41473 0.0576439 0
    endloop
  endfacet
  facet normal 0 0 -1
    outer loop
      vertex 10.8686 35.1314 0
      vertex 0 43 0
      vertex 3 46 0
    endloop
  endfacet
  facet normal 0 0 -1
    outer loop
      vertex 0 3 0
      vertex 2.41473 0.0576439 0
      vertex 2.12915 0.129178 0
    endloop
  endfacet
  facet normal 0 0 -1
    outer loop
      vertex 3 46 0
      vertex 0 43 0
      vertex 2.70595 45.9856 0
    endloop
  endfacet
  facet normal 0 0 -1
    outer loop
      vertex 0 3 0
      vertex 2.12915 0.129178 0
      vertex 1.85195 0.228361 0
    endloop
  endfacet
  facet normal 0 0 -1
    outer loop
      vertex 2.70595 45.9856 0
      vertex 0 43 0
      vertex 2.41473 45.9424 0
    endloop
  endfacet
  facet normal 0 0 -1
    outer loop
      vertex 0 3 0
      vertex 1.85195 0.228361 0
      vertex 1.58581 0.354236 0
    endloop
  endfacet
  facet normal 0 0 -1
    outer loop
      vertex 2.41473 45.9424 0
      vertex 0 43 0
      vertex 2.12915 45.8708 0
    endloop
  endfacet
  facet normal 0 0 -1
    outer loop
      vertex 0 3 0
      vertex 1.58581 0.354236 0
      vertex 1.33329 0.50559 0
    endloop
  endfacet
  facet normal 0 0 -1
    outer loop
      vertex 2.12915 45.8708 0
      vertex 0 43 0
      vertex 1.85195 45.7716 0
    endloop
  endfacet
  facet normal 0 0 -1
    outer loop
      vertex 0 3 0
      vertex 1.33329 0.50559 0
      vertex 1.09682 0.680968 0
    endloop
  endfacet
  facet normal 0 0 -1
    outer loop
      vertex 1.85195 45.7716 0
      vertex 0 43 0
      vertex 1.58581 45.6458 0
    endloop
  endfacet
  facet normal 0 0 -1
    outer loop
      vertex 0 3 0
      vertex 1.09682 0.680968 0
      vertex 0.878679 0.878679 0
    endloop
  endfacet
  facet normal 0 0 -1
    outer loop
      vertex 1.58581 45.6458 0
      vertex 0 43 0
      vertex 1.33329 45.4944 0
    endloop
  endfacet
  facet normal 0 0 -1
    outer loop
      vertex 0 3 0
      vertex 0.878679 0.878679 0
      vertex 0.680968 1.09682 0
    endloop
  endfacet
  facet normal 0 0 -1
    outer loop
      vertex 1.33329 45.4944 0
      vertex 0 43 0
      vertex 1.09682 45.319 0
    endloop
  endfacet
  facet normal 0 0 -1
    outer loop
      vertex 0 3 0
      vertex 0.680968 1.09682 0
      vertex 0.50559 1.33329 0
    endloop
  endfacet
  facet normal 0 0 -1
    outer loop
      vertex 1.09682 45.319 0
      vertex 0 43 0
      vertex 0.878679 45.1213 0
    endloop
  endfacet
  facet normal 0 0 -1
    outer loop
      vertex 0 3 0
      vertex 0.50559 1.33329 0
      vertex 0.354236 1.58581 0
    endloop
  endfacet
  facet normal 0 0 -1
    outer loop
      vertex 0.878679 45.1213 0
      vertex 0 43 0
      vertex 0.680968 44.9032 0
    endloop
  endfacet
  facet normal 0 0 -1
    outer loop
      vertex 0 3 0
      vertex 0.354236 1.58581 0
      vertex 0.228361 1.85195 0
    endloop
  endfacet
  facet normal 0 0 -1
    outer loop
      vertex 0.680968 44.9032 0
      vertex 0 43 0
      vertex 0.50559 44.6667 0
    endloop
  endfacet
  facet normal 0 0 -1
    outer loop
      vertex 0 3 0
      vertex 0.228361 1.85195 0
      vertex 0.129178 2.12915 0
    endloop
  endfacet
  facet normal 0 0 -1
    outer loop
      vertex 0.50559 44.6667 0
      vertex 0 43 0
      vertex 0.354236 44.4142 0
    endloop
  endfacet
  facet normal 0 0 -1
    outer loop
      vertex 0 3 0
      vertex 0.129178 2.12915 0
      vertex 0.0576439 2.41473 0
    endloop
  endfacet
  facet normal 0 0 -1
    outer loop
      vertex 0.354236 44.4142 0
      vertex 0 43 0
      vertex 0.228361 44.148 0
    endloop
  endfacet
  facet normal 0 0 -1
    outer loop
      vertex 0 3 0
      vertex 0.0576439 2.41473 0
      vertex 0.0144453 2.70595 0
    endloop
  endfacet
  facet normal 0 0 -1
    outer loop
      vertex 0.228361 44.148 0
      vertex 0 43 0
      vertex 0.129178 43.8709 0
    endloop
  endfacet
  facet normal 0 0 -1
    outer loop
      vertex 0.129178 43.8709 0
      vertex 0 43 0
      vertex 0.0576439 43.5853 0
    endloop
  endfacet
  facet normal 0 0 -1
    outer loop
      vertex 0.0576439 43.5853 0
      vertex 0 43 0
      vertex 0.0144453 43.2941 0
    endloop
  endfacet
  facet normal 0 0 -1
    outer loop
      vertex 84 3 0
      vertex 73.4928 14.147 0
      vertex 73.4712 14.2926 0
    endloop
  endfacet
  facet normal 0 0 -1
    outer loop
      vertex 84 3 0
      vertex 73.4712 14.2926 0
      vertex 73.4354 14.4354 0
    endloop
  endfacet
  facet normal 0 -0 -1
    outer loop
      vertex 73.8182 33.4485 0
      vertex 84 43 0
      vertex 73.7554 33.2729 0
    endloop
  endfacet
  facet normal 0 0 -1
    outer loop
      vertex 73.3229 14.7071 0
      vertex 73.6757 33.1043 0
      vertex 73.3858 14.574 0
    endloop
  endfacet
  facet normal 0 0 -1
    outer loop
      vertex 73.6757 33.1043 0
      vertex 73.3229 14.7071 0
      vertex 73.5798 32.9444 0
    endloop
  endfacet
  facet normal 0 0 -1
    outer loop
      vertex 73.2472 14.8334 0
      vertex 73.5798 32.9444 0
      vertex 73.3229 14.7071 0
    endloop
  endfacet
  facet normal 0 0 -1
    outer loop
      vertex 73.5798 32.9444 0
      vertex 73.2472 14.8334 0
      vertex 73.4687 32.7947 0
    endloop
  endfacet
  facet normal 0 0 -1
    outer loop
      vertex 73.1595 14.9516 0
      vertex 73.4687 32.7947 0
      vertex 73.2472 14.8334 0
    endloop
  endfacet
  facet normal 0 0 -1
    outer loop
      vertex 73.4687 32.7947 0
      vertex 73.1595 14.9516 0
      vertex 73.3435 32.6565 0
    endloop
  endfacet
  facet normal 0 0 -1
    outer loop
      vertex 73.0607 15.0607 0
      vertex 73.3435 32.6565 0
      vertex 73.1595 14.9516 0
    endloop
  endfacet
  facet normal 0 0 -1
    outer loop
      vertex 73.3435 32.6565 0
      vertex 73.0607 15.0607 0
      vertex 73.2053 32.5313 0
    endloop
  endfacet
  facet normal 0 0 -1
    outer loop
      vertex 72.9516 15.1595 0
      vertex 73.2053 32.5313 0
      vertex 73.0607 15.0607 0
    endloop
  endfacet
  facet normal 0 0 -1
    outer loop
      vertex 73.2053 32.5313 0
      vertex 72.9516 15.1595 0
      vertex 73.0556 32.4202 0
    endloop
  endfacet
  facet normal 0 0 -1
    outer loop
      vertex 72.8334 15.2472 0
      vertex 73.0556 32.4202 0
      vertex 72.9516 15.1595 0
    endloop
  endfacet
  facet normal 0 0 -1
    outer loop
      vertex 73.0556 32.4202 0
      vertex 72.8334 15.2472 0
      vertex 72.8957 32.3243 0
    endloop
  endfacet
  facet normal 0 0 -1
    outer loop
      vertex 72.7071 15.3229 0
      vertex 72.8957 32.3243 0
      vertex 72.8334 15.2472 0
    endloop
  endfacet
  facet normal 0 0 -1
    outer loop
      vertex 72.8957 32.3243 0
      vertex 72.7071 15.3229 0
      vertex 72.7271 32.2446 0
    endloop
  endfacet
  facet normal 0 0 -1
    outer loop
      vertex 72.574 15.3858 0
      vertex 72.7271 32.2446 0
      vertex 72.7071 15.3229 0
    endloop
  endfacet
  facet normal 0 0 -1
    outer loop
      vertex 72.574 15.3858 0
      vertex 72.5515 32.1818 0
      vertex 72.7271 32.2446 0
    endloop
  endfacet
  facet normal 0 0 -1
    outer loop
      vertex 72.4354 15.4354 0
      vertex 72.5515 32.1818 0
      vertex 72.574 15.3858 0
    endloop
  endfacet
  facet normal 0 0 -1
    outer loop
      vertex 72.4354 15.4354 0
      vertex 72.3707 32.1365 0
      vertex 72.5515 32.1818 0
    endloop
  endfacet
  facet normal 0 0 -1
    outer loop
      vertex 72.2926 15.4712 0
      vertex 72.3707 32.1365 0
      vertex 72.4354 15.4354 0
    endloop
  endfacet
  facet normal 0 0 -1
    outer loop
      vertex 72.2926 15.4712 0
      vertex 72.1862 32.1091 0
      vertex 72.3707 32.1365 0
    endloop
  endfacet
  facet normal 0 0 -1
    outer loop
      vertex 72.147 15.4928 0
      vertex 72.1862 32.1091 0
      vertex 72.2926 15.4712 0
    endloop
  endfacet
  facet normal 0 0 -1
    outer loop
      vertex 72 15.5 0
      vertex 72.1862 32.1091 0
      vertex 72.147 15.4928 0
    endloop
  endfacet
  facet normal 0 0 -1
    outer loop
      vertex 72 15.5 0
      vertex 72 32.1 0
      vertex 72.1862 32.1091 0
    endloop
  endfacet
  facet normal 0 0 -1
    outer loop
      vertex 71.853 15.4928 0
      vertex 72 32.1 0
      vertex 72 15.5 0
    endloop
  endfacet
  facet normal 0 0 -1
    outer loop
      vertex 71.853 15.4928 0
      vertex 71.8138 32.1091 0
      vertex 72 32.1 0
    endloop
  endfacet
  facet normal 0 0 -1
    outer loop
      vertex 71.7074 15.4712 0
      vertex 71.8138 32.1091 0
      vertex 71.853 15.4928 0
    endloop
  endfacet
  facet normal 0 0 -1
    outer loop
      vertex 71.7074 15.4712 0
      vertex 71.6293 32.1365 0
      vertex 71.8138 32.1091 0
    endloop
  endfacet
  facet normal 0 0 -1
    outer loop
      vertex 71.5646 15.4354 0
      vertex 71.6293 32.1365 0
      vertex 71.7074 15.4712 0
    endloop
  endfacet
  facet normal 0 0 -1
    outer loop
      vertex 71.5646 15.4354 0
      vertex 71.4485 32.1818 0
      vertex 71.6293 32.1365 0
    endloop
  endfacet
  facet normal 0 0 -1
    outer loop
      vertex 71.426 15.3858 0
      vertex 71.4485 32.1818 0
      vertex 71.5646 15.4354 0
    endloop
  endfacet
  facet normal 0 0 -1
    outer loop
      vertex 71.2729 32.2446 0
      vertex 71.426 15.3858 0
      vertex 71.2929 15.3229 0
    endloop
  endfacet
  facet normal 0 0 -1
    outer loop
      vertex 71.426 15.3858 0
      vertex 71.2729 32.2446 0
      vertex 71.4485 32.1818 0
    endloop
  endfacet
  facet normal 0 0 -1
    outer loop
      vertex 71.1043 32.3243 0
      vertex 71.2929 15.3229 0
      vertex 71.1666 15.2472 0
    endloop
  endfacet
  facet normal 0 0 -1
    outer loop
      vertex 71.2929 15.3229 0
      vertex 71.1043 32.3243 0
      vertex 71.2729 32.2446 0
    endloop
  endfacet
  facet normal 0 0 -1
    outer loop
      vertex 70.9444 32.4202 0
      vertex 71.1666 15.2472 0
      vertex 71.0484 15.1595 0
    endloop
  endfacet
  facet normal 0 0 -1
    outer loop
      vertex 71.1666 15.2472 0
      vertex 70.9444 32.4202 0
      vertex 71.1043 32.3243 0
    endloop
  endfacet
  facet normal 0 0 -1
    outer loop
      vertex 70.7947 32.5313 0
      vertex 71.0484 15.1595 0
      vertex 70.9393 15.0607 0
    endloop
  endfacet
  facet normal 0 0 -1
    outer loop
      vertex 70.6565 32.6565 0
      vertex 70.9393 15.0607 0
      vertex 70.8405 14.9516 0
    endloop
  endfacet
  facet normal 0 0 -1
    outer loop
      vertex 71.0484 15.1595 0
      vertex 70.7947 32.5313 0
      vertex 70.9444 32.4202 0
    endloop
  endfacet
  facet normal 0 0 -1
    outer loop
      vertex 70.5313 32.7947 0
      vertex 70.8405 14.9516 0
      vertex 70.7528 14.8334 0
    endloop
  endfacet
  facet normal 0 0 -1
    outer loop
      vertex 70.4202 32.9444 0
      vertex 70.7528 14.8334 0
      vertex 70.6771 14.7071 0
    endloop
  endfacet
  facet normal 0 0 -1
    outer loop
      vertex 70.9393 15.0607 0
      vertex 70.6565 32.6565 0
      vertex 70.7947 32.5313 0
    endloop
  endfacet
  facet normal 0 0 -1
    outer loop
      vertex 70.3243 33.1043 0
      vertex 70.6771 14.7071 0
      vertex 70.6142 14.574 0
    endloop
  endfacet
  facet normal 0 0 -1
    outer loop
      vertex 70.3243 33.1043 0
      vertex 70.6142 14.574 0
      vertex 70.5646 14.4354 0
    endloop
  endfacet
  facet normal 0 0 -1
    outer loop
      vertex 70.8405 14.9516 0
      vertex 70.5313 32.7947 0
      vertex 70.6565 32.6565 0
    endloop
  endfacet
  facet normal 0 0 -1
    outer loop
      vertex 70.3243 33.1043 0
      vertex 70.5646 14.4354 0
      vertex 70.5288 14.2926 0
    endloop
  endfacet
  facet normal 0 0 -1
    outer loop
      vertex 70.3243 33.1043 0
      vertex 70.5288 14.2926 0
      vertex 70.5072 14.147 0
    endloop
  endfacet
  facet normal 0 0 -1
    outer loop
      vertex 53.4928 14.147 0
      vertex 70.5072 14.147 0
      vertex 70.5 14 0
    endloop
  endfacet
  facet normal 0 0 -1
    outer loop
      vertex 70.7528 14.8334 0
      vertex 70.4202 32.9444 0
      vertex 70.5313 32.7947 0
    endloop
  endfacet
  facet normal 0 0 -1
    outer loop
      vertex 70.5072 14.147 0
      vertex 53.4928 14.147 0
      vertex 53.4712 14.2926 0
    endloop
  endfacet
  facet normal 0 0 -1
    outer loop
      vertex 70.5072 14.147 0
      vertex 53.4712 14.2926 0
      vertex 53.4354 14.4354 0
    endloop
  endfacet
  facet normal 0 0 -1
    outer loop
      vertex 70.5072 14.147 0
      vertex 53.4354 14.4354 0
      vertex 53.3858 14.574 0
    endloop
  endfacet
  facet normal 0 -0 -1
    outer loop
      vertex 53.7654 33.6488 0
      vertex 70.1365 33.6293 0
      vertex 53.7225 33.4775 0
    endloop
  endfacet
  facet normal 0 0 -1
    outer loop
      vertex 70.5072 14.147 0
      vertex 53.3229 14.7071 0
      vertex 53.2472 14.8334 0
    endloop
  endfacet
  facet normal 0 0 -1
    outer loop
      vertex 70.1818 33.4485 0
      vertex 53.7225 33.4775 0
      vertex 70.1365 33.6293 0
    endloop
  endfacet
  facet normal 0 0 -1
    outer loop
      vertex 70.5072 14.147 0
      vertex 53.2472 14.8334 0
      vertex 53.1595 14.9516 0
    endloop
  endfacet
  facet normal 0 -0 -1
    outer loop
      vertex 53.7225 33.4775 0
      vertex 70.1818 33.4485 0
      vertex 53.663 33.3112 0
    endloop
  endfacet
  facet normal 0 0 -1
    outer loop
      vertex 70.5072 14.147 0
      vertex 53.1595 14.9516 0
      vertex 53.0607 15.0607 0
    endloop
  endfacet
  facet normal 0 0 -1
    outer loop
      vertex 70.2446 33.2729 0
      vertex 53.663 33.3112 0
      vertex 70.1818 33.4485 0
    endloop
  endfacet
  facet normal 0 -0 -1
    outer loop
      vertex 53.5875 33.1515 0
      vertex 70.3243 33.1043 0
      vertex 53.4966 33 0
    endloop
  endfacet
  facet normal 0 0 -1
    outer loop
      vertex 53.2728 32.7272 0
      vertex 53.0607 15.0607 0
      vertex 53.1419 32.6086 0
    endloop
  endfacet
  facet normal 0 0 -1
    outer loop
      vertex 52.9516 15.1595 0
      vertex 53.1419 32.6086 0
      vertex 53.0607 15.0607 0
    endloop
  endfacet
  facet normal 0 0 -1
    outer loop
      vertex 53.1419 32.6086 0
      vertex 52.9516 15.1595 0
      vertex 53 32.5034 0
    endloop
  endfacet
  facet normal 0 0 -1
    outer loop
      vertex 52.8334 15.2472 0
      vertex 53 32.5034 0
      vertex 52.9516 15.1595 0
    endloop
  endfacet
  facet normal 0 0 -1
    outer loop
      vertex 53 32.5034 0
      vertex 52.8334 15.2472 0
      vertex 52.8485 32.4125 0
    endloop
  endfacet
  facet normal 0 0 -1
    outer loop
      vertex 52.7071 15.3229 0
      vertex 52.8485 32.4125 0
      vertex 52.8334 15.2472 0
    endloop
  endfacet
  facet normal 0 0 -1
    outer loop
      vertex 52.7071 15.3229 0
      vertex 52.6888 32.337 0
      vertex 52.8485 32.4125 0
    endloop
  endfacet
  facet normal 0 0 -1
    outer loop
      vertex 52.574 15.3858 0
      vertex 52.6888 32.337 0
      vertex 52.7071 15.3229 0
    endloop
  endfacet
  facet normal 0 0 -1
    outer loop
      vertex 52.574 15.3858 0
      vertex 52.5225 32.2775 0
      vertex 52.6888 32.337 0
    endloop
  endfacet
  facet normal 0 0 -1
    outer loop
      vertex 52.4354 15.4354 0
      vertex 52.5225 32.2775 0
      vertex 52.574 15.3858 0
    endloop
  endfacet
  facet normal 0 0 -1
    outer loop
      vertex 52.4354 15.4354 0
      vertex 52.3512 32.2346 0
      vertex 52.5225 32.2775 0
    endloop
  endfacet
  facet normal 0 0 -1
    outer loop
      vertex 52.2926 15.4712 0
      vertex 52.3512 32.2346 0
      vertex 52.4354 15.4354 0
    endloop
  endfacet
  facet normal 0 0 -1
    outer loop
      vertex 52.2926 15.4712 0
      vertex 52.1764 32.2087 0
      vertex 52.3512 32.2346 0
    endloop
  endfacet
  facet normal 0 0 -1
    outer loop
      vertex 52.147 15.4928 0
      vertex 52.1764 32.2087 0
      vertex 52.2926 15.4712 0
    endloop
  endfacet
  facet normal 0 0 -1
    outer loop
      vertex 52 15.5 0
      vertex 52.1764 32.2087 0
      vertex 52.147 15.4928 0
    endloop
  endfacet
  facet normal 0 0 -1
    outer loop
      vertex 52 15.5 0
      vertex 52 32.2 0
      vertex 52.1764 32.2087 0
    endloop
  endfacet
  facet normal 0 0 -1
    outer loop
      vertex 51.853 15.4928 0
      vertex 52 32.2 0
      vertex 52 15.5 0
    endloop
  endfacet
  facet normal 0 0 -1
    outer loop
      vertex 51.853 15.4928 0
      vertex 51.8236 32.2087 0
      vertex 52 32.2 0
    endloop
  endfacet
  facet normal 0 0 -1
    outer loop
      vertex 51.7074 15.4712 0
      vertex 51.8236 32.2087 0
      vertex 51.853 15.4928 0
    endloop
  endfacet
  facet normal 0 0 -1
    outer loop
      vertex 51.7074 15.4712 0
      vertex 51.6488 32.2346 0
      vertex 51.8236 32.2087 0
    endloop
  endfacet
  facet normal 0 0 -1
    outer loop
      vertex 51.5646 15.4354 0
      vertex 51.6488 32.2346 0
      vertex 51.7074 15.4712 0
    endloop
  endfacet
  facet normal 0 0 -1
    outer loop
      vertex 51.5646 15.4354 0
      vertex 51.4775 32.2775 0
      vertex 51.6488 32.2346 0
    endloop
  endfacet
  facet normal 0 0 -1
    outer loop
      vertex 51.426 15.3858 0
      vertex 51.4775 32.2775 0
      vertex 51.5646 15.4354 0
    endloop
  endfacet
  facet normal 0 0 -1
    outer loop
      vertex 51.426 15.3858 0
      vertex 51.3112 32.337 0
      vertex 51.4775 32.2775 0
    endloop
  endfacet
  facet normal 0 0 -1
    outer loop
      vertex 51.2929 15.3229 0
      vertex 51.3112 32.337 0
      vertex 51.426 15.3858 0
    endloop
  endfacet
  facet normal 0 0 -1
    outer loop
      vertex 51.1515 32.4125 0
      vertex 51.2929 15.3229 0
      vertex 51.1666 15.2472 0
    endloop
  endfacet
  facet normal 0 0 -1
    outer loop
      vertex 51.2929 15.3229 0
      vertex 51.1515 32.4125 0
      vertex 51.3112 32.337 0
    endloop
  endfacet
  facet normal 0 0 -1
    outer loop
      vertex 51 32.5034 0
      vertex 51.1666 15.2472 0
      vertex 51.0484 15.1595 0
    endloop
  endfacet
  facet normal 0 0 -1
    outer loop
      vertex 51.1666 15.2472 0
      vertex 51 32.5034 0
      vertex 51.1515 32.4125 0
    endloop
  endfacet
  facet normal 0 0 -1
    outer loop
      vertex 50.8581 32.6086 0
      vertex 51.0484 15.1595 0
      vertex 50.9393 15.0607 0
    endloop
  endfacet
  facet normal 0 0 -1
    outer loop
      vertex 51.0484 15.1595 0
      vertex 50.8581 32.6086 0
      vertex 51 32.5034 0
    endloop
  endfacet
  facet normal 0 0 -1
    outer loop
      vertex 50.7272 32.7272 0
      vertex 50.9393 15.0607 0
      vertex 50.8405 14.9516 0
    endloop
  endfacet
  facet normal 0 0 -1
    outer loop
      vertex 50.6086 32.8581 0
      vertex 50.8405 14.9516 0
      vertex 50.7528 14.8334 0
    endloop
  endfacet
  facet normal 0 0 -1
    outer loop
      vertex 50.9393 15.0607 0
      vertex 50.7272 32.7272 0
      vertex 50.8581 32.6086 0
    endloop
  endfacet
  facet normal 0 0 -1
    outer loop
      vertex 50.5034 33 0
      vertex 50.7528 14.8334 0
      vertex 50.6771 14.7071 0
    endloop
  endfacet
  facet normal 0 0 -1
    outer loop
      vertex 50.4125 33.1515 0
      vertex 50.6771 14.7071 0
      vertex 50.6142 14.574 0
    endloop
  endfacet
  facet normal 0 0 -1
    outer loop
      vertex 50.8405 14.9516 0
      vertex 50.6086 32.8581 0
      vertex 50.7272 32.7272 0
    endloop
  endfacet
  facet normal 0 0 -1
    outer loop
      vertex 50.337 33.3112 0
      vertex 50.6142 14.574 0
      vertex 50.5646 14.4354 0
    endloop
  endfacet
  facet normal 0 0 -1
    outer loop
      vertex 50.337 33.3112 0
      vertex 50.5646 14.4354 0
      vertex 50.5288 14.2926 0
    endloop
  endfacet
  facet normal 0 0 -1
    outer loop
      vertex 50.337 33.3112 0
      vertex 50.5288 14.2926 0
      vertex 50.5072 14.147 0
    endloop
  endfacet
  facet normal 0 0 -1
    outer loop
      vertex 50.7528 14.8334 0
      vertex 50.5034 33 0
      vertex 50.6086 32.8581 0
    endloop
  endfacet
  facet normal 0 0 -1
    outer loop
      vertex 33.4928 14.147 0
      vertex 50.5072 14.147 0
      vertex 50.5 14 0
    endloop
  endfacet
  facet normal 0 0 -1
    outer loop
      vertex 50.6771 14.7071 0
      vertex 50.4125 33.1515 0
      vertex 50.5034 33 0
    endloop
  endfacet
  facet normal 0 0 -1
    outer loop
      vertex 50.5072 14.147 0
      vertex 33.4928 14.147 0
      vertex 33.4712 14.2926 0
    endloop
  endfacet
  facet normal 0 0 -1
    outer loop
      vertex 50.5072 14.147 0
      vertex 33.4712 14.2926 0
      vertex 33.4354 14.4354 0
    endloop
  endfacet
  facet normal 0 0 -1
    outer loop
      vertex 50.5072 14.147 0
      vertex 33.4354 14.4354 0
      vertex 33.3858 14.574 0
    endloop
  endfacet
  facet normal 0 0 -1
    outer loop
      vertex 50.5072 14.147 0
      vertex 33.3858 14.574 0
      vertex 33.3229 14.7071 0
    endloop
  endfacet
  facet normal 0 -0 -1
    outer loop
      vertex 33.6673 33.6683 0
      vertex 50.2346 33.6488 0
      vertex 33.6268 33.5065 0
    endloop
  endfacet
  facet normal 0 0 -1
    outer loop
      vertex 50.5072 14.147 0
      vertex 33.3229 14.7071 0
      vertex 33.2472 14.8334 0
    endloop
  endfacet
  facet normal 0 0 -1
    outer loop
      vertex 50.2775 33.4775 0
      vertex 33.6268 33.5065 0
      vertex 50.2346 33.6488 0
    endloop
  endfacet
  facet normal 0 0 -1
    outer loop
      vertex 50.5072 14.147 0
      vertex 33.2472 14.8334 0
      vertex 33.1595 14.9516 0
    endloop
  endfacet
  facet normal 0 -0 -1
    outer loop
      vertex 33.6268 33.5065 0
      vertex 50.2775 33.4775 0
      vertex 33.5706 33.3494 0
    endloop
  endfacet
  facet normal 0 0 -1
    outer loop
      vertex 50.5072 14.147 0
      vertex 33.1595 14.9516 0
      vertex 33.0607 15.0607 0
    endloop
  endfacet
  facet normal 0 0 -1
    outer loop
      vertex 50.337 33.3112 0
      vertex 33.5706 33.3494 0
      vertex 50.2775 33.4775 0
    endloop
  endfacet
  facet normal 0 -0 -1
    outer loop
      vertex 33.4135 33.0555 0
      vertex 50.337 33.3112 0
      vertex 33.3141 32.9215 0
    endloop
  endfacet
  facet normal 0 0 -1
    outer loop
      vertex 33.2021 32.7979 0
      vertex 33.0607 15.0607 0
      vertex 33.0785 32.6859 0
    endloop
  endfacet
  facet normal 0 0 -1
    outer loop
      vertex 32.9516 15.1595 0
      vertex 33.0785 32.6859 0
      vertex 33.0607 15.0607 0
    endloop
  endfacet
  facet normal 0 0 -1
    outer loop
      vertex 32.9516 15.1595 0
      vertex 32.9445 32.5865 0
      vertex 33.0785 32.6859 0
    endloop
  endfacet
  facet normal 0 0 -1
    outer loop
      vertex 32.8334 15.2472 0
      vertex 32.9445 32.5865 0
      vertex 32.9516 15.1595 0
    endloop
  endfacet
  facet normal 0 0 -1
    outer loop
      vertex 32.8334 15.2472 0
      vertex 32.8014 32.5007 0
      vertex 32.9445 32.5865 0
    endloop
  endfacet
  facet normal 0 0 -1
    outer loop
      vertex 32.7071 15.3229 0
      vertex 32.8014 32.5007 0
      vertex 32.8334 15.2472 0
    endloop
  endfacet
  facet normal 0 0 -1
    outer loop
      vertex 32.7071 15.3229 0
      vertex 32.6506 32.4294 0
      vertex 32.8014 32.5007 0
    endloop
  endfacet
  facet normal 0 0 -1
    outer loop
      vertex 32.574 15.3858 0
      vertex 32.6506 32.4294 0
      vertex 32.7071 15.3229 0
    endloop
  endfacet
  facet normal 0 0 -1
    outer loop
      vertex 32.574 15.3858 0
      vertex 32.4935 32.3732 0
      vertex 32.6506 32.4294 0
    endloop
  endfacet
  facet normal 0 0 -1
    outer loop
      vertex 32.4354 15.4354 0
      vertex 32.4935 32.3732 0
      vertex 32.574 15.3858 0
    endloop
  endfacet
  facet normal 0 0 -1
    outer loop
      vertex 32.4354 15.4354 0
      vertex 32.3317 32.3327 0
      vertex 32.4935 32.3732 0
    endloop
  endfacet
  facet normal 0 0 -1
    outer loop
      vertex 32.2926 15.4712 0
      vertex 32.3317 32.3327 0
      vertex 32.4354 15.4354 0
    endloop
  endfacet
  facet normal 0 0 -1
    outer loop
      vertex 32.2926 15.4712 0
      vertex 32.1666 32.3082 0
      vertex 32.3317 32.3327 0
    endloop
  endfacet
  facet normal 0 0 -1
    outer loop
      vertex 32.147 15.4928 0
      vertex 32.1666 32.3082 0
      vertex 32.2926 15.4712 0
    endloop
  endfacet
  facet normal 0 0 -1
    outer loop
      vertex 32 15.5 0
      vertex 32.1666 32.3082 0
      vertex 32.147 15.4928 0
    endloop
  endfacet
  facet normal 0 0 -1
    outer loop
      vertex 32 15.5 0
      vertex 32 32.3 0
      vertex 32.1666 32.3082 0
    endloop
  endfacet
  facet normal 0 0 -1
    outer loop
      vertex 31.853 15.4928 0
      vertex 32 32.3 0
      vertex 32 15.5 0
    endloop
  endfacet
  facet normal 0 0 -1
    outer loop
      vertex 31.853 15.4928 0
      vertex 31.8334 32.3082 0
      vertex 32 32.3 0
    endloop
  endfacet
  facet normal 0 0 -1
    outer loop
      vertex 31.7074 15.4712 0
      vertex 31.8334 32.3082 0
      vertex 31.853 15.4928 0
    endloop
  endfacet
  facet normal 0 0 -1
    outer loop
      vertex 31.7074 15.4712 0
      vertex 31.6683 32.3327 0
      vertex 31.8334 32.3082 0
    endloop
  endfacet
  facet normal 0 0 -1
    outer loop
      vertex 31.5646 15.4354 0
      vertex 31.6683 32.3327 0
      vertex 31.7074 15.4712 0
    endloop
  endfacet
  facet normal 0 0 -1
    outer loop
      vertex 31.5646 15.4354 0
      vertex 31.5065 32.3732 0
      vertex 31.6683 32.3327 0
    endloop
  endfacet
  facet normal 0 0 -1
    outer loop
      vertex 31.426 15.3858 0
      vertex 31.5065 32.3732 0
      vertex 31.5646 15.4354 0
    endloop
  endfacet
  facet normal 0 0 -1
    outer loop
      vertex 31.426 15.3858 0
      vertex 31.3494 32.4294 0
      vertex 31.5065 32.3732 0
    endloop
  endfacet
  facet normal 0 0 -1
    outer loop
      vertex 31.2929 15.3229 0
      vertex 31.3494 32.4294 0
      vertex 31.426 15.3858 0
    endloop
  endfacet
  facet normal 0 0 -1
    outer loop
      vertex 31.2929 15.3229 0
      vertex 31.1986 32.5007 0
      vertex 31.3494 32.4294 0
    endloop
  endfacet
  facet normal 0 0 -1
    outer loop
      vertex 31.1666 15.2472 0
      vertex 31.1986 32.5007 0
      vertex 31.2929 15.3229 0
    endloop
  endfacet
  facet normal 0 0 -1
    outer loop
      vertex 31.1666 15.2472 0
      vertex 31.0555 32.5865 0
      vertex 31.1986 32.5007 0
    endloop
  endfacet
  facet normal 0 0 -1
    outer loop
      vertex 31.0484 15.1595 0
      vertex 31.0555 32.5865 0
      vertex 31.1666 15.2472 0
    endloop
  endfacet
  facet normal 0 0 -1
    outer loop
      vertex 30.9215 32.6859 0
      vertex 31.0484 15.1595 0
      vertex 30.9393 15.0607 0
    endloop
  endfacet
  facet normal 0 0 -1
    outer loop
      vertex 31.0484 15.1595 0
      vertex 30.9215 32.6859 0
      vertex 31.0555 32.5865 0
    endloop
  endfacet
  facet normal 0 0 -1
    outer loop
      vertex 30.7979 32.7979 0
      vertex 30.9393 15.0607 0
      vertex 30.8405 14.9516 0
    endloop
  endfacet
  facet normal 0 0 -1
    outer loop
      vertex 30.9393 15.0607 0
      vertex 30.7979 32.7979 0
      vertex 30.9215 32.6859 0
    endloop
  endfacet
  facet normal 0 0 -1
    outer loop
      vertex 30.6859 32.9215 0
      vertex 30.8405 14.9516 0
      vertex 30.7528 14.8334 0
    endloop
  endfacet
  facet normal 0 0 -1
    outer loop
      vertex 30.8405 14.9516 0
      vertex 30.6859 32.9215 0
      vertex 30.7979 32.7979 0
    endloop
  endfacet
  facet normal 0 0 -1
    outer loop
      vertex 30.5865 33.0555 0
      vertex 30.7528 14.8334 0
      vertex 30.6771 14.7071 0
    endloop
  endfacet
  facet normal 0 0 -1
    outer loop
      vertex 30.5007 33.1986 0
      vertex 30.6771 14.7071 0
      vertex 30.6142 14.574 0
    endloop
  endfacet
  facet normal 0 0 -1
    outer loop
      vertex 30.7528 14.8334 0
      vertex 30.5865 33.0555 0
      vertex 30.6859 32.9215 0
    endloop
  endfacet
  facet normal 0 0 -1
    outer loop
      vertex 30.4294 33.3494 0
      vertex 30.6142 14.574 0
      vertex 30.5646 14.4354 0
    endloop
  endfacet
  facet normal 0 0 -1
    outer loop
      vertex 30.3732 33.5065 0
      vertex 30.5646 14.4354 0
      vertex 30.5288 14.2926 0
    endloop
  endfacet
  facet normal 0 0 -1
    outer loop
      vertex 30.3732 33.5065 0
      vertex 30.5288 14.2926 0
      vertex 30.5072 14.147 0
    endloop
  endfacet
  facet normal 0 0 -1
    outer loop
      vertex 30.6771 14.7071 0
      vertex 30.5007 33.1986 0
      vertex 30.5865 33.0555 0
    endloop
  endfacet
  facet normal 0 0 -1
    outer loop
      vertex 13.4928 14.147 0
      vertex 30.5072 14.147 0
      vertex 30.5 14 0
    endloop
  endfacet
  facet normal 0 0 -1
    outer loop
      vertex 30.6142 14.574 0
      vertex 30.4294 33.3494 0
      vertex 30.5007 33.1986 0
    endloop
  endfacet
  facet normal 0 0 -1
    outer loop
      vertex 30.5072 14.147 0
      vertex 13.4928 14.147 0
      vertex 13.4712 14.2926 0
    endloop
  endfacet
  facet normal 0 0 -1
    outer loop
      vertex 30.5072 14.147 0
      vertex 13.4712 14.2926 0
      vertex 13.4354 14.4354 0
    endloop
  endfacet
  facet normal 0 0 -1
    outer loop
      vertex 30.5072 14.147 0
      vertex 13.4354 14.4354 0
      vertex 13.3858 14.574 0
    endloop
  endfacet
  facet normal 0 0 -1
    outer loop
      vertex 30.3327 33.6683 0
      vertex 13.5693 33.6879 0
      vertex 30.3082 33.8334 0
    endloop
  endfacet
  facet normal 0 0 -1
    outer loop
      vertex 30.5072 14.147 0
      vertex 13.3858 14.574 0
      vertex 13.3229 14.7071 0
    endloop
  endfacet
  facet normal 0 -0 -1
    outer loop
      vertex 13.5693 33.6879 0
      vertex 30.3327 33.6683 0
      vertex 13.5311 33.5355 0
    endloop
  endfacet
  facet normal 0 0 -1
    outer loop
      vertex 30.5072 14.147 0
      vertex 13.3229 14.7071 0
      vertex 13.2472 14.8334 0
    endloop
  endfacet
  facet normal 0 0 -1
    outer loop
      vertex 30.3732 33.5065 0
      vertex 13.5311 33.5355 0
      vertex 30.3327 33.6683 0
    endloop
  endfacet
  facet normal 0 0 -1
    outer loop
      vertex 30.5072 14.147 0
      vertex 13.2472 14.8334 0
      vertex 13.1595 14.9516 0
    endloop
  endfacet
  facet normal 0 -0 -1
    outer loop
      vertex 13.5311 33.5355 0
      vertex 30.3732 33.5065 0
      vertex 13.4782 33.3877 0
    endloop
  endfacet
  facet normal 0 0 -1
    outer loop
      vertex 30.5072 14.147 0
      vertex 13.1595 14.9516 0
      vertex 13.0607 15.0607 0
    endloop
  endfacet
  facet normal 0 -0 -1
    outer loop
      vertex 13.4782 33.3877 0
      vertex 30.3732 33.5065 0
      vertex 13.4111 33.2458 0
    endloop
  endfacet
  facet normal 0 -0 -1
    outer loop
      vertex 13.3304 33.1111 0
      vertex 30.3732 33.5065 0
      vertex 13.2368 32.985 0
    endloop
  endfacet
  facet normal 0 0 -1
    outer loop
      vertex 13.0607 15.0607 0
      vertex 13.015 32.7632 0
      vertex 13.1314 32.8686 0
    endloop
  endfacet
  facet normal 0 0 -1
    outer loop
      vertex 12.9516 15.1595 0
      vertex 13.015 32.7632 0
      vertex 13.0607 15.0607 0
    endloop
  endfacet
  facet normal 0 0 -1
    outer loop
      vertex 12.9516 15.1595 0
      vertex 12.8889 32.6696 0
      vertex 13.015 32.7632 0
    endloop
  endfacet
  facet normal 0 0 -1
    outer loop
      vertex 12.8334 15.2472 0
      vertex 12.8889 32.6696 0
      vertex 12.9516 15.1595 0
    endloop
  endfacet
  facet normal 0 0 -1
    outer loop
      vertex 12.8334 15.2472 0
      vertex 12.7542 32.5889 0
      vertex 12.8889 32.6696 0
    endloop
  endfacet
  facet normal 0 0 -1
    outer loop
      vertex 12.7071 15.3229 0
      vertex 12.7542 32.5889 0
      vertex 12.8334 15.2472 0
    endloop
  endfacet
  facet normal 0 0 -1
    outer loop
      vertex 12.7071 15.3229 0
      vertex 12.6123 32.5218 0
      vertex 12.7542 32.5889 0
    endloop
  endfacet
  facet normal 0 0 -1
    outer loop
      vertex 12.574 15.3858 0
      vertex 12.6123 32.5218 0
      vertex 12.7071 15.3229 0
    endloop
  endfacet
  facet normal 0 0 -1
    outer loop
      vertex 12.574 15.3858 0
      vertex 12.4645 32.4689 0
      vertex 12.6123 32.5218 0
    endloop
  endfacet
  facet normal 0 0 -1
    outer loop
      vertex 12.4354 15.4354 0
      vertex 12.4645 32.4689 0
      vertex 12.574 15.3858 0
    endloop
  endfacet
  facet normal 0 0 -1
    outer loop
      vertex 12.4354 15.4354 0
      vertex 12.3121 32.4307 0
      vertex 12.4645 32.4689 0
    endloop
  endfacet
  facet normal 0 0 -1
    outer loop
      vertex 12.2926 15.4712 0
      vertex 12.3121 32.4307 0
      vertex 12.4354 15.4354 0
    endloop
  endfacet
  facet normal 0 0 -1
    outer loop
      vertex 12.2926 15.4712 0
      vertex 12.1568 32.4077 0
      vertex 12.3121 32.4307 0
    endloop
  endfacet
  facet normal 0 0 -1
    outer loop
      vertex 12.147 15.4928 0
      vertex 12.1568 32.4077 0
      vertex 12.2926 15.4712 0
    endloop
  endfacet
  facet normal 0 0 -1
    outer loop
      vertex 12 15.5 0
      vertex 12.1568 32.4077 0
      vertex 12.147 15.4928 0
    endloop
  endfacet
  facet normal 0 0 -1
    outer loop
      vertex 12 15.5 0
      vertex 12 32.4 0
      vertex 12.1568 32.4077 0
    endloop
  endfacet
  facet normal 0 0 -1
    outer loop
      vertex 11.853 15.4928 0
      vertex 12 32.4 0
      vertex 12 15.5 0
    endloop
  endfacet
  facet normal 0 0 -1
    outer loop
      vertex 11.853 15.4928 0
      vertex 11.8432 32.4077 0
      vertex 12 32.4 0
    endloop
  endfacet
  facet normal 0 0 -1
    outer loop
      vertex 11.7074 15.4712 0
      vertex 11.8432 32.4077 0
      vertex 11.853 15.4928 0
    endloop
  endfacet
  facet normal 0 0 -1
    outer loop
      vertex 11.7074 15.4712 0
      vertex 11.6879 32.4307 0
      vertex 11.8432 32.4077 0
    endloop
  endfacet
  facet normal 0 0 -1
    outer loop
      vertex 11.5646 15.4354 0
      vertex 11.6879 32.4307 0
      vertex 11.7074 15.4712 0
    endloop
  endfacet
  facet normal 0 0 -1
    outer loop
      vertex 11.5646 15.4354 0
      vertex 11.5355 32.4689 0
      vertex 11.6879 32.4307 0
    endloop
  endfacet
  facet normal 0 0 -1
    outer loop
      vertex 11.426 15.3858 0
      vertex 11.5355 32.4689 0
      vertex 11.5646 15.4354 0
    endloop
  endfacet
  facet normal 0 0 -1
    outer loop
      vertex 11.426 15.3858 0
      vertex 11.3877 32.5218 0
      vertex 11.5355 32.4689 0
    endloop
  endfacet
  facet normal 0 0 -1
    outer loop
      vertex 11.2929 15.3229 0
      vertex 11.3877 32.5218 0
      vertex 11.426 15.3858 0
    endloop
  endfacet
  facet normal 0 0 -1
    outer loop
      vertex 11.2929 15.3229 0
      vertex 11.2458 32.5889 0
      vertex 11.3877 32.5218 0
    endloop
  endfacet
  facet normal 0 0 -1
    outer loop
      vertex 11.1666 15.2472 0
      vertex 11.2458 32.5889 0
      vertex 11.2929 15.3229 0
    endloop
  endfacet
  facet normal 0 0 -1
    outer loop
      vertex 11.1666 15.2472 0
      vertex 11.1111 32.6696 0
      vertex 11.2458 32.5889 0
    endloop
  endfacet
  facet normal 0 0 -1
    outer loop
      vertex 11.0484 15.1595 0
      vertex 11.1111 32.6696 0
      vertex 11.1666 15.2472 0
    endloop
  endfacet
  facet normal 0 0 -1
    outer loop
      vertex 11.0484 15.1595 0
      vertex 10.985 32.7632 0
      vertex 11.1111 32.6696 0
    endloop
  endfacet
  facet normal 0 0 -1
    outer loop
      vertex 10.9393 15.0607 0
      vertex 10.985 32.7632 0
      vertex 11.0484 15.1595 0
    endloop
  endfacet
  facet normal 0 0 -1
    outer loop
      vertex 10.9393 15.0607 0
      vertex 10.8686 32.8686 0
      vertex 10.985 32.7632 0
    endloop
  endfacet
  facet normal 0 0 -1
    outer loop
      vertex 10.8405 14.9516 0
      vertex 10.8686 32.8686 0
      vertex 10.9393 15.0607 0
    endloop
  endfacet
  facet normal 0 0 -1
    outer loop
      vertex 10.8405 14.9516 0
      vertex 10.7632 32.985 0
      vertex 10.8686 32.8686 0
    endloop
  endfacet
  facet normal 0 0 -1
    outer loop
      vertex 10.7528 14.8334 0
      vertex 10.7632 32.985 0
      vertex 10.8405 14.9516 0
    endloop
  endfacet
  facet normal 0 0 -1
    outer loop
      vertex 10.6696 33.1111 0
      vertex 10.7528 14.8334 0
      vertex 10.6771 14.7071 0
    endloop
  endfacet
  facet normal 0 0 -1
    outer loop
      vertex 10.7528 14.8334 0
      vertex 10.6696 33.1111 0
      vertex 10.7632 32.985 0
    endloop
  endfacet
  facet normal 0 0 -1
    outer loop
      vertex 10.5889 33.2458 0
      vertex 10.6771 14.7071 0
      vertex 10.6142 14.574 0
    endloop
  endfacet
  facet normal 0 0 -1
    outer loop
      vertex 10.6771 14.7071 0
      vertex 10.5889 33.2458 0
      vertex 10.6696 33.1111 0
    endloop
  endfacet
  facet normal 0 0 -1
    outer loop
      vertex 10.5218 33.3877 0
      vertex 10.6142 14.574 0
      vertex 10.5646 14.4354 0
    endloop
  endfacet
  facet normal 0 0 -1
    outer loop
      vertex 10.4689 33.5355 0
      vertex 10.5646 14.4354 0
      vertex 10.5288 14.2926 0
    endloop
  endfacet
  facet normal 0 0 -1
    outer loop
      vertex 10.6142 14.574 0
      vertex 10.5218 33.3877 0
      vertex 10.5889 33.2458 0
    endloop
  endfacet
  facet normal 0 0 -1
    outer loop
      vertex 10.4307 33.6879 0
      vertex 10.5288 14.2926 0
      vertex 10.5072 14.147 0
    endloop
  endfacet
  facet normal 0 0 -1
    outer loop
      vertex 0 3 0
      vertex 10.5072 14.147 0
      vertex 10.5 14 0
    endloop
  endfacet
  facet normal 0 0 -1
    outer loop
      vertex 10.5646 14.4354 0
      vertex 10.4689 33.5355 0
      vertex 10.5218 33.3877 0
    endloop
  endfacet
  facet normal 0.514131 -0.857712 0
    outer loop
      vertex 82.4142 0.354236 0
      vertex 82.6667 0.50559 6
      vertex 82.4142 0.354236 6
    endloop
  endfacet
  facet normal 0.514131 -0.857712 0
    outer loop
      vertex 82.6667 0.50559 6
      vertex 82.4142 0.354236 0
      vertex 82.6667 0.50559 0
    endloop
  endfacet
  facet normal -0.671538 0.740971 0
    outer loop
      vertex 1.09682 45.319 0
      vertex 0.878679 45.1213 6
      vertex 1.09682 45.319 6
    endloop
  endfacet
  facet normal -0.671538 0.740971 0
    outer loop
      vertex 0.878679 45.1213 6
      vertex 1.09682 45.319 0
      vertex 0.878679 45.1213 0
    endloop
  endfacet
  facet normal -0.998796 0.0490578 0
    outer loop
      vertex 0 43 0
      vertex 0.0144453 43.2941 6
      vertex 0.0144453 43.2941 0
    endloop
  endfacet
  facet normal -0.998796 0.0490578 0
    outer loop
      vertex 0.0144453 43.2941 6
      vertex 0 43 0
      vertex 0 43 6
    endloop
  endfacet
  facet normal -0.970035 0.242964 0
    outer loop
      vertex 0.0576439 43.5853 0
      vertex 0.129178 43.8709 6
      vertex 0.129178 43.8709 0
    endloop
  endfacet
  facet normal -0.970035 0.242964 0
    outer loop
      vertex 0.129178 43.8709 6
      vertex 0.0576439 43.5853 0
      vertex 0.0576439 43.5853 6
    endloop
  endfacet
  facet normal -0.941506 0.336995 0
    outer loop
      vertex 0.129178 43.8709 0
      vertex 0.228361 44.148 6
      vertex 0.228361 44.148 0
    endloop
  endfacet
  facet normal -0.941506 0.336995 0
    outer loop
      vertex 0.228361 44.148 6
      vertex 0.129178 43.8709 0
      vertex 0.129178 43.8709 6
    endloop
  endfacet
  facet normal -0.803244 0.59565 0
    outer loop
      vertex 0.50559 44.6667 0
      vertex 0.680968 44.9032 6
      vertex 0.680968 44.9032 0
    endloop
  endfacet
  facet normal -0.803244 0.59565 0
    outer loop
      vertex 0.680968 44.9032 6
      vertex 0.50559 44.6667 0
      vertex 0.50559 44.6667 6
    endloop
  endfacet
  facet normal -0.740889 0.671627 0
    outer loop
      vertex 0.680968 44.9032 0
      vertex 0.878679 45.1213 6
      vertex 0.878679 45.1213 0
    endloop
  endfacet
  facet normal -0.740889 0.671627 0
    outer loop
      vertex 0.878679 45.1213 6
      vertex 0.680968 44.9032 0
      vertex 0.680968 44.9032 6
    endloop
  endfacet
  facet normal 0.740971 -0.671538 0
    outer loop
      vertex 83.1213 0.878679 6
      vertex 83.319 1.09682 0
      vertex 83.319 1.09682 6
    endloop
  endfacet
  facet normal 0.740971 -0.671538 0
    outer loop
      vertex 83.319 1.09682 0
      vertex 83.1213 0.878679 6
      vertex 83.1213 0.878679 0
    endloop
  endfacet
  facet normal 0.243044 -0.970015 0
    outer loop
      vertex 81.5853 0.0576439 0
      vertex 81.8708 0.129178 6
      vertex 81.5853 0.0576439 6
    endloop
  endfacet
  facet normal 0.243044 -0.970015 0
    outer loop
      vertex 81.8708 0.129178 6
      vertex 81.5853 0.0576439 0
      vertex 81.8708 0.129178 0
    endloop
  endfacet
  facet normal 0.336888 -0.941545 0
    outer loop
      vertex 81.8708 0.129178 0
      vertex 82.148 0.228361 6
      vertex 81.8708 0.129178 6
    endloop
  endfacet
  facet normal 0.336888 -0.941545 0
    outer loop
      vertex 82.148 0.228361 6
      vertex 81.8708 0.129178 0
      vertex 82.148 0.228361 0
    endloop
  endfacet
  facet normal -0.146731 -0.989176 0
    outer loop
      vertex 2.41473 0.0576439 0
      vertex 2.70595 0.0144453 6
      vertex 2.41473 0.0576439 6
    endloop
  endfacet
  facet normal -0.146731 -0.989176 -0
    outer loop
      vertex 2.70595 0.0144453 6
      vertex 2.41473 0.0576439 0
      vertex 2.70595 0.0144453 0
    endloop
  endfacet
  facet normal -0.514101 -0.85773 0
    outer loop
      vertex 1.33329 0.50559 0
      vertex 1.58581 0.354236 6
      vertex 1.33329 0.50559 6
    endloop
  endfacet
  facet normal -0.514101 -0.85773 -0
    outer loop
      vertex 1.58581 0.354236 6
      vertex 1.33329 0.50559 0
      vertex 1.58581 0.354236 0
    endloop
  endfacet
  facet normal -0.85773 -0.514101 0
    outer loop
      vertex 0.50559 1.33329 0
      vertex 0.354236 1.58581 6
      vertex 0.354236 1.58581 0
    endloop
  endfacet
  facet normal -0.85773 -0.514101 0
    outer loop
      vertex 0.354236 1.58581 6
      vertex 0.50559 1.33329 0
      vertex 0.50559 1.33329 6
    endloop
  endfacet
  facet normal -0.941545 -0.336888 0
    outer loop
      vertex 0.228361 1.85195 0
      vertex 0.129178 2.12915 6
      vertex 0.129178 2.12915 0
    endloop
  endfacet
  facet normal -0.941545 -0.336888 0
    outer loop
      vertex 0.129178 2.12915 6
      vertex 0.228361 1.85195 0
      vertex 0.228361 1.85195 6
    endloop
  endfacet
  facet normal -0.427347 0.904088 0
    outer loop
      vertex 1.85195 45.7716 0
      vertex 1.58581 45.6458 6
      vertex 1.85195 45.7716 6
    endloop
  endfacet
  facet normal -0.427347 0.904088 0
    outer loop
      vertex 1.58581 45.6458 6
      vertex 1.85195 45.7716 0
      vertex 1.58581 45.6458 0
    endloop
  endfacet
  facet normal -0.0489126 0.998803 0
    outer loop
      vertex 3 46 0
      vertex 2.70595 45.9856 6
      vertex 3 46 6
    endloop
  endfacet
  facet normal -0.0489126 0.998803 0
    outer loop
      vertex 2.70595 45.9856 6
      vertex 3 46 0
      vertex 2.70595 45.9856 0
    endloop
  endfacet
  facet normal -0.989175 0.146741 0
    outer loop
      vertex 0.0144453 43.2941 0
      vertex 0.0576439 43.5853 6
      vertex 0.0576439 43.5853 0
    endloop
  endfacet
  facet normal -0.989175 0.146741 0
    outer loop
      vertex 0.0576439 43.5853 6
      vertex 0.0144453 43.2941 0
      vertex 0.0144453 43.2941 6
    endloop
  endfacet
  facet normal -0.857712 0.514131 0
    outer loop
      vertex 0.354236 44.4142 0
      vertex 0.50559 44.6667 6
      vertex 0.50559 44.6667 0
    endloop
  endfacet
  facet normal -0.857712 0.514131 0
    outer loop
      vertex 0.50559 44.6667 6
      vertex 0.354236 44.4142 0
      vertex 0.354236 44.4142 6
    endloop
  endfacet
  facet normal -0.514216 0.857661 0
    outer loop
      vertex 1.58581 45.6458 0
      vertex 1.33329 45.4944 6
      vertex 1.58581 45.6458 6
    endloop
  endfacet
  facet normal -0.514216 0.857661 0
    outer loop
      vertex 1.33329 45.4944 6
      vertex 1.58581 45.6458 0
      vertex 1.33329 45.4944 0
    endloop
  endfacet
  facet normal 0.59565 -0.803244 0
    outer loop
      vertex 82.6667 0.50559 0
      vertex 82.9032 0.680968 6
      vertex 82.6667 0.50559 6
    endloop
  endfacet
  facet normal 0.59565 -0.803244 0
    outer loop
      vertex 82.9032 0.680968 6
      vertex 82.6667 0.50559 0
      vertex 82.9032 0.680968 0
    endloop
  endfacet
  facet normal 0.969978 -0.243191 0
    outer loop
      vertex 83.8708 2.12915 6
      vertex 83.9424 2.41473 0
      vertex 83.9424 2.41473 6
    endloop
  endfacet
  facet normal 0.969978 -0.243191 0
    outer loop
      vertex 83.9424 2.41473 0
      vertex 83.8708 2.12915 6
      vertex 83.8708 2.12915 0
    endloop
  endfacet
  facet normal 0.998786 -0.0492515 0
    outer loop
      vertex 83.9855 2.70595 6
      vertex 84 3 0
      vertex 84 3 6
    endloop
  endfacet
  facet normal 0.998786 -0.0492515 0
    outer loop
      vertex 84 3 0
      vertex 83.9855 2.70595 6
      vertex 83.9855 2.70595 0
    endloop
  endfacet
  facet normal 0.427477 -0.904026 0
    outer loop
      vertex 82.148 0.228361 0
      vertex 82.4142 0.354236 6
      vertex 82.148 0.228361 6
    endloop
  endfacet
  facet normal 0.427477 -0.904026 0
    outer loop
      vertex 82.4142 0.354236 6
      vertex 82.148 0.228361 0
      vertex 82.4142 0.354236 0
    endloop
  endfacet
  facet normal -0.671558 -0.740952 0
    outer loop
      vertex 0.878679 0.878679 0
      vertex 1.09682 0.680968 6
      vertex 0.878679 0.878679 6
    endloop
  endfacet
  facet normal -0.671558 -0.740952 -0
    outer loop
      vertex 1.09682 0.680968 6
      vertex 0.878679 0.878679 0
      vertex 1.09682 0.680968 0
    endloop
  endfacet
  facet normal -0.427556 -0.903989 0
    outer loop
      vertex 1.58581 0.354236 0
      vertex 1.85195 0.228361 6
      vertex 1.58581 0.354236 6
    endloop
  endfacet
  facet normal -0.427556 -0.903989 -0
    outer loop
      vertex 1.85195 0.228361 6
      vertex 1.58581 0.354236 0
      vertex 1.85195 0.228361 0
    endloop
  endfacet
  facet normal -0.989176 -0.146731 0
    outer loop
      vertex 0.0576439 2.41473 0
      vertex 0.0144453 2.70595 6
      vertex 0.0144453 2.70595 0
    endloop
  endfacet
  facet normal -0.989176 -0.146731 0
    outer loop
      vertex 0.0144453 2.70595 6
      vertex 0.0576439 2.41473 0
      vertex 0.0576439 2.41473 6
    endloop
  endfacet
  facet normal 0.595699 0.803208 -0
    outer loop
      vertex 82.9032 45.319 0
      vertex 82.6667 45.4944 6
      vertex 82.9032 45.319 6
    endloop
  endfacet
  facet normal 0.595699 0.803208 0
    outer loop
      vertex 82.6667 45.4944 6
      vertex 82.9032 45.319 0
      vertex 82.6667 45.4944 0
    endloop
  endfacet
  facet normal 0.243255 0.969962 -0
    outer loop
      vertex 81.8708 45.8708 0
      vertex 81.5853 45.9424 6
      vertex 81.8708 45.8708 6
    endloop
  endfacet
  facet normal 0.243255 0.969962 0
    outer loop
      vertex 81.5853 45.9424 6
      vertex 81.8708 45.8708 0
      vertex 81.5853 45.9424 0
    endloop
  endfacet
  facet normal -0.243191 0.969978 0
    outer loop
      vertex 2.41473 45.9424 0
      vertex 2.12915 45.8708 6
      vertex 2.41473 45.9424 6
    endloop
  endfacet
  facet normal -0.243191 0.969978 0
    outer loop
      vertex 2.12915 45.8708 6
      vertex 2.41473 45.9424 0
      vertex 2.12915 45.8708 0
    endloop
  endfacet
  facet normal -0.336939 0.941527 0
    outer loop
      vertex 2.12915 45.8708 0
      vertex 1.85195 45.7716 6
      vertex 2.12915 45.8708 6
    endloop
  endfacet
  facet normal -0.336939 0.941527 0
    outer loop
      vertex 1.85195 45.7716 6
      vertex 2.12915 45.8708 0
      vertex 1.85195 45.7716 0
    endloop
  endfacet
  facet normal 0.857643 0.514246 0
    outer loop
      vertex 83.6458 44.4142 6
      vertex 83.4944 44.6667 0
      vertex 83.4944 44.6667 6
    endloop
  endfacet
  facet normal 0.857643 0.514246 0
    outer loop
      vertex 83.4944 44.6667 0
      vertex 83.6458 44.4142 6
      vertex 83.6458 44.4142 0
    endloop
  endfacet
  facet normal 0.969982 0.243175 0
    outer loop
      vertex 83.9424 43.5853 6
      vertex 83.8708 43.8709 0
      vertex 83.8708 43.8709 6
    endloop
  endfacet
  facet normal 0.969982 0.243175 0
    outer loop
      vertex 83.8708 43.8709 0
      vertex 83.9424 43.5853 6
      vertex 83.9424 43.5853 0
    endloop
  endfacet
  facet normal 0.941488 0.337047 0
    outer loop
      vertex 83.8708 43.8709 6
      vertex 83.7716 44.148 0
      vertex 83.7716 44.148 6
    endloop
  endfacet
  facet normal 0.941488 0.337047 0
    outer loop
      vertex 83.7716 44.148 0
      vertex 83.8708 43.8709 6
      vertex 83.8708 43.8709 0
    endloop
  endfacet
  facet normal -0.904026 0.427477 0
    outer loop
      vertex 0.228361 44.148 0
      vertex 0.354236 44.4142 6
      vertex 0.354236 44.4142 0
    endloop
  endfacet
  facet normal -0.904026 0.427477 0
    outer loop
      vertex 0.354236 44.4142 6
      vertex 0.228361 44.148 0
      vertex 0.228361 44.148 6
    endloop
  endfacet
  facet normal -0.595747 0.803172 0
    outer loop
      vertex 1.33329 45.4944 0
      vertex 1.09682 45.319 6
      vertex 1.33329 45.4944 6
    endloop
  endfacet
  facet normal -0.595747 0.803172 0
    outer loop
      vertex 1.09682 45.319 6
      vertex 1.33329 45.4944 0
      vertex 1.09682 45.319 0
    endloop
  endfacet
  facet normal 0.671627 -0.740889 0
    outer loop
      vertex 82.9032 0.680968 0
      vertex 83.1213 0.878679 6
      vertex 82.9032 0.680968 6
    endloop
  endfacet
  facet normal 0.671627 -0.740889 0
    outer loop
      vertex 83.1213 0.878679 6
      vertex 82.9032 0.680968 0
      vertex 83.1213 0.878679 0
    endloop
  endfacet
  facet normal 0.857661 -0.514216 0
    outer loop
      vertex 83.4944 1.33329 6
      vertex 83.6458 1.58581 0
      vertex 83.6458 1.58581 6
    endloop
  endfacet
  facet normal 0.857661 -0.514216 0
    outer loop
      vertex 83.6458 1.58581 0
      vertex 83.4944 1.33329 6
      vertex 83.4944 1.33329 0
    endloop
  endfacet
  facet normal 0.989225 -0.146403 0
    outer loop
      vertex 83.9424 2.41473 6
      vertex 83.9855 2.70595 0
      vertex 83.9855 2.70595 6
    endloop
  endfacet
  facet normal 0.989225 -0.146403 0
    outer loop
      vertex 83.9855 2.70595 0
      vertex 83.9424 2.41473 6
      vertex 83.9424 2.41473 0
    endloop
  endfacet
  facet normal 0.941527 -0.336939 0
    outer loop
      vertex 83.7716 1.85195 6
      vertex 83.8708 2.12915 0
      vertex 83.8708 2.12915 6
    endloop
  endfacet
  facet normal 0.941527 -0.336939 0
    outer loop
      vertex 83.8708 2.12915 0
      vertex 83.7716 1.85195 6
      vertex 83.7716 1.85195 0
    endloop
  endfacet
  facet normal 0.904088 -0.427347 0
    outer loop
      vertex 83.6458 1.58581 6
      vertex 83.7716 1.85195 0
      vertex 83.7716 1.85195 6
    endloop
  endfacet
  facet normal 0.904088 -0.427347 0
    outer loop
      vertex 83.7716 1.85195 0
      vertex 83.6458 1.58581 6
      vertex 83.6458 1.58581 0
    endloop
  endfacet
  facet normal -0.595699 -0.803208 0
    outer loop
      vertex 1.09682 0.680968 0
      vertex 1.33329 0.50559 6
      vertex 1.09682 0.680968 6
    endloop
  endfacet
  facet normal -0.595699 -0.803208 -0
    outer loop
      vertex 1.33329 0.50559 6
      vertex 1.09682 0.680968 0
      vertex 1.33329 0.50559 0
    endloop
  endfacet
  facet normal -0.0490661 -0.998796 0
    outer loop
      vertex 2.70595 0.0144453 0
      vertex 3 0 6
      vertex 2.70595 0.0144453 6
    endloop
  endfacet
  facet normal -0.0490661 -0.998796 -0
    outer loop
      vertex 3 0 6
      vertex 2.70595 0.0144453 0
      vertex 3 0 0
    endloop
  endfacet
  facet normal -0.24298 -0.970031 0
    outer loop
      vertex 2.12915 0.129178 0
      vertex 2.41473 0.0576439 6
      vertex 2.12915 0.129178 6
    endloop
  endfacet
  facet normal -0.24298 -0.970031 -0
    outer loop
      vertex 2.41473 0.0576439 6
      vertex 2.12915 0.129178 0
      vertex 2.41473 0.0576439 0
    endloop
  endfacet
  facet normal -0.336888 -0.941545 0
    outer loop
      vertex 1.85195 0.228361 0
      vertex 2.12915 0.129178 6
      vertex 1.85195 0.228361 6
    endloop
  endfacet
  facet normal -0.336888 -0.941545 -0
    outer loop
      vertex 2.12915 0.129178 6
      vertex 1.85195 0.228361 0
      vertex 2.12915 0.129178 0
    endloop
  endfacet
  facet normal -0.740952 -0.671558 0
    outer loop
      vertex 0.878679 0.878679 0
      vertex 0.680968 1.09682 6
      vertex 0.680968 1.09682 0
    endloop
  endfacet
  facet normal -0.740952 -0.671558 0
    outer loop
      vertex 0.680968 1.09682 6
      vertex 0.878679 0.878679 0
      vertex 0.878679 0.878679 6
    endloop
  endfacet
  facet normal -0.803208 -0.595699 0
    outer loop
      vertex 0.680968 1.09682 0
      vertex 0.50559 1.33329 6
      vertex 0.50559 1.33329 0
    endloop
  endfacet
  facet normal -0.803208 -0.595699 0
    outer loop
      vertex 0.50559 1.33329 6
      vertex 0.680968 1.09682 0
      vertex 0.680968 1.09682 6
    endloop
  endfacet
  facet normal -0.970031 -0.24298 0
    outer loop
      vertex 0.129178 2.12915 0
      vertex 0.0576439 2.41473 6
      vertex 0.0576439 2.41473 0
    endloop
  endfacet
  facet normal -0.970031 -0.24298 0
    outer loop
      vertex 0.0576439 2.41473 6
      vertex 0.129178 2.12915 0
      vertex 0.129178 2.12915 6
    endloop
  endfacet
  facet normal -0.903989 -0.427556 0
    outer loop
      vertex 0.354236 1.58581 0
      vertex 0.228361 1.85195 6
      vertex 0.228361 1.85195 0
    endloop
  endfacet
  facet normal -0.903989 -0.427556 0
    outer loop
      vertex 0.228361 1.85195 6
      vertex 0.354236 1.58581 0
      vertex 0.354236 1.58581 6
    endloop
  endfacet
  facet normal 0.427269 0.904125 -0
    outer loop
      vertex 82.4142 45.6458 0
      vertex 82.148 45.7716 6
      vertex 82.4142 45.6458 6
    endloop
  endfacet
  facet normal 0.427269 0.904125 0
    outer loop
      vertex 82.148 45.7716 6
      vertex 82.4142 45.6458 0
      vertex 82.148 45.7716 0
    endloop
  endfacet
  facet normal 0.514246 0.857643 -0
    outer loop
      vertex 82.6667 45.4944 0
      vertex 82.4142 45.6458 6
      vertex 82.6667 45.4944 6
    endloop
  endfacet
  facet normal 0.514246 0.857643 0
    outer loop
      vertex 82.4142 45.6458 6
      vertex 82.6667 45.4944 0
      vertex 82.4142 45.6458 0
    endloop
  endfacet
  facet normal 0.671607 0.740908 -0
    outer loop
      vertex 83.1213 45.1213 0
      vertex 82.9032 45.319 6
      vertex 83.1213 45.1213 6
    endloop
  endfacet
  facet normal 0.671607 0.740908 0
    outer loop
      vertex 82.9032 45.319 6
      vertex 83.1213 45.1213 0
      vertex 82.9032 45.319 0
    endloop
  endfacet
  facet normal 0.0489044 0.998803 -0
    outer loop
      vertex 81.2941 45.9856 0
      vertex 81 46 6
      vertex 81.2941 45.9856 6
    endloop
  endfacet
  facet normal 0.0489044 0.998803 0
    outer loop
      vertex 81 46 6
      vertex 81.2941 45.9856 0
      vertex 81 46 0
    endloop
  endfacet
  facet normal 0.146746 0.989174 -0
    outer loop
      vertex 81.5853 45.9424 0
      vertex 81.2941 45.9856 6
      vertex 81.5853 45.9424 6
    endloop
  endfacet
  facet normal 0.146746 0.989174 0
    outer loop
      vertex 81.2941 45.9856 6
      vertex 81.5853 45.9424 0
      vertex 81.2941 45.9856 0
    endloop
  endfacet
  facet normal 0.336939 0.941527 -0
    outer loop
      vertex 82.148 45.7716 0
      vertex 81.8708 45.8708 6
      vertex 82.148 45.7716 6
    endloop
  endfacet
  facet normal 0.336939 0.941527 0
    outer loop
      vertex 81.8708 45.8708 6
      vertex 82.148 45.7716 0
      vertex 81.8708 45.8708 0
    endloop
  endfacet
  facet normal -0.146736 0.989176 0
    outer loop
      vertex 2.70595 45.9856 0
      vertex 2.41473 45.9424 6
      vertex 2.70595 45.9856 6
    endloop
  endfacet
  facet normal -0.146736 0.989176 0
    outer loop
      vertex 2.41473 45.9424 6
      vertex 2.70595 45.9856 0
      vertex 2.41473 45.9424 0
    endloop
  endfacet
  facet normal 0.740908 0.671607 0
    outer loop
      vertex 83.319 44.9032 6
      vertex 83.1213 45.1213 0
      vertex 83.1213 45.1213 6
    endloop
  endfacet
  facet normal 0.740908 0.671607 0
    outer loop
      vertex 83.1213 45.1213 0
      vertex 83.319 44.9032 6
      vertex 83.319 44.9032 0
    endloop
  endfacet
  facet normal 0.904125 0.427269 0
    outer loop
      vertex 83.7716 44.148 6
      vertex 83.6458 44.4142 0
      vertex 83.6458 44.4142 6
    endloop
  endfacet
  facet normal 0.904125 0.427269 0
    outer loop
      vertex 83.6458 44.4142 0
      vertex 83.7716 44.148 6
      vertex 83.7716 44.148 0
    endloop
  endfacet
  facet normal 0.803172 -0.595747 0
    outer loop
      vertex 83.319 1.09682 6
      vertex 83.4944 1.33329 0
      vertex 83.4944 1.33329 6
    endloop
  endfacet
  facet normal 0.803172 -0.595747 0
    outer loop
      vertex 83.4944 1.33329 0
      vertex 83.319 1.09682 6
      vertex 83.319 1.09682 0
    endloop
  endfacet
  facet normal 0.803208 0.595699 0
    outer loop
      vertex 83.4944 44.6667 6
      vertex 83.319 44.9032 0
      vertex 83.319 44.9032 6
    endloop
  endfacet
  facet normal 0.803208 0.595699 0
    outer loop
      vertex 83.319 44.9032 0
      vertex 83.4944 44.6667 6
      vertex 83.4944 44.6667 0
    endloop
  endfacet
  facet normal 0.989224 0.146413 0
    outer loop
      vertex 83.9855 43.2941 6
      vertex 83.9424 43.5853 0
      vertex 83.9424 43.5853 6
    endloop
  endfacet
  facet normal 0.989224 0.146413 0
    outer loop
      vertex 83.9424 43.5853 0
      vertex 83.9855 43.2941 6
      vertex 83.9855 43.2941 0
    endloop
  endfacet
  facet normal 0 0 1
    outer loop
      vertex 7.74701 15.0014 5.5
      vertex 8.51154 15.1642 5.5
      vertex 8.47925 15.2674 5.5
    endloop
  endfacet
  facet normal 0 0 1
    outer loop
      vertex 7.72917 15.0517 5.5
      vertex 8.47925 15.2674 5.5
      vertex 8.44067 15.3634 5.5
    endloop
  endfacet
  facet normal 0 0 1
    outer loop
      vertex 7.72917 15.0517 5.5
      vertex 8.44067 15.3634 5.5
      vertex 8.39586 15.4522 5.5
    endloop
  endfacet
  facet normal 0 0 1
    outer loop
      vertex 7.7083 15.099 5.5
      vertex 8.39586 15.4522 5.5
      vertex 8.34476 15.5339 5.5
    endloop
  endfacet
  facet normal 0 0 1
    outer loop
      vertex 7.68437 15.1434 5.5
      vertex 8.34476 15.5339 5.5
      vertex 8.28741 15.6084 5.5
    endloop
  endfacet
  facet normal 0 0 1
    outer loop
      vertex 7.65741 15.1846 5.5
      vertex 8.28741 15.6084 5.5
      vertex 8.2238 15.6758 5.5
    endloop
  endfacet
  facet normal 0 0 1
    outer loop
      vertex 7.65741 15.1846 5.5
      vertex 8.2238 15.6758 5.5
      vertex 8.15392 15.7359 5.5
    endloop
  endfacet
  facet normal 0 0 1
    outer loop
      vertex 7.62738 15.2229 5.5
      vertex 8.15392 15.7359 5.5
      vertex 8.07777 15.7889 5.5
    endloop
  endfacet
  facet normal 0 0 1
    outer loop
      vertex 7.59431 15.2582 5.5
      vertex 8.07777 15.7889 5.5
      vertex 7.99414 15.8356 5.5
    endloop
  endfacet
  facet normal 0 0 1
    outer loop
      vertex 7.55818 15.2904 5.5
      vertex 7.99414 15.8356 5.5
      vertex 7.90178 15.8768 5.5
    endloop
  endfacet
  facet normal 0 0 1
    outer loop
      vertex 7.55818 15.2904 5.5
      vertex 7.90178 15.8768 5.5
      vertex 7.80066 15.9125 5.5
    endloop
  endfacet
  facet normal 0 0 1
    outer loop
      vertex 8.34476 15.5339 5.5
      vertex 7.68437 15.1434 5.5
      vertex 7.7083 15.099 5.5
    endloop
  endfacet
  facet normal 0 0 1
    outer loop
      vertex 8.51154 15.1642 5.5
      vertex 7.76178 14.9481 5.5
      vertex 8.53758 15.0538 5.5
    endloop
  endfacet
  facet normal 0 0 1
    outer loop
      vertex 8.51154 15.1642 5.5
      vertex 7.74701 15.0014 5.5
      vertex 7.76178 14.9481 5.5
    endloop
  endfacet
  facet normal 0 0 1
    outer loop
      vertex 8.47925 15.2674 5.5
      vertex 7.72917 15.0517 5.5
      vertex 7.74701 15.0014 5.5
    endloop
  endfacet
  facet normal 0 0 1
    outer loop
      vertex 7.47638 15.3458 5.5
      vertex 7.80066 15.9125 5.5
      vertex 7.69081 15.9427 5.5
    endloop
  endfacet
  facet normal 0 0 1
    outer loop
      vertex 8.39586 15.4522 5.5
      vertex 7.7083 15.099 5.5
      vertex 7.72917 15.0517 5.5
    endloop
  endfacet
  facet normal 0 0 1
    outer loop
      vertex 8.28741 15.6084 5.5
      vertex 7.65741 15.1846 5.5
      vertex 7.68437 15.1434 5.5
    endloop
  endfacet
  facet normal 0 0 1
    outer loop
      vertex 8.15392 15.7359 5.5
      vertex 7.62738 15.2229 5.5
      vertex 7.65741 15.1846 5.5
    endloop
  endfacet
  facet normal 0 0 1
    outer loop
      vertex 8.07777 15.7889 5.5
      vertex 7.59431 15.2582 5.5
      vertex 7.62738 15.2229 5.5
    endloop
  endfacet
  facet normal 0 0 1
    outer loop
      vertex 7.42981 15.369 5.5
      vertex 7.69081 15.9427 5.5
      vertex 7.5722 15.9674 5.5
    endloop
  endfacet
  facet normal 0 0 1
    outer loop
      vertex 7.99414 15.8356 5.5
      vertex 7.55818 15.2904 5.5
      vertex 7.59431 15.2582 5.5
    endloop
  endfacet
  facet normal 0 0 1
    outer loop
      vertex 7.80066 15.9125 5.5
      vertex 7.51903 15.3197 5.5
      vertex 7.55818 15.2904 5.5
    endloop
  endfacet
  facet normal 0 0 1
    outer loop
      vertex 7.80066 15.9125 5.5
      vertex 7.47638 15.3458 5.5
      vertex 7.51903 15.3197 5.5
    endloop
  endfacet
  facet normal 0 0 1
    outer loop
      vertex 7.37933 15.389 5.5
      vertex 7.5722 15.9674 5.5
      vertex 7.44487 15.9867 5.5
    endloop
  endfacet
  facet normal 0 0 1
    outer loop
      vertex 7.69081 15.9427 5.5
      vertex 7.42981 15.369 5.5
      vertex 7.47638 15.3458 5.5
    endloop
  endfacet
  facet normal 0 0 1
    outer loop
      vertex 7.5722 15.9674 5.5
      vertex 7.37933 15.389 5.5
      vertex 7.42981 15.369 5.5
    endloop
  endfacet
  facet normal 0 0 1
    outer loop
      vertex 7.44487 15.9867 5.5
      vertex 7.32494 15.4059 5.5
      vertex 7.37933 15.389 5.5
    endloop
  endfacet
  facet normal 0 0 1
    outer loop
      vertex 7.26662 15.4198 5.5
      vertex 7.44487 15.9867 5.5
      vertex 7.30879 16.0004 5.5
    endloop
  endfacet
  facet normal 0 0 1
    outer loop
      vertex 7.44487 15.9867 5.5
      vertex 7.26662 15.4198 5.5
      vertex 7.32494 15.4059 5.5
    endloop
  endfacet
  facet normal 0 0 1
    outer loop
      vertex 7.30879 16.0004 5.5
      vertex 7.20439 15.4306 5.5
      vertex 7.26662 15.4198 5.5
    endloop
  endfacet
  facet normal 0 0 1
    outer loop
      vertex 7.16399 16.0086 5.5
      vertex 7.20439 15.4306 5.5
      vertex 7.30879 16.0004 5.5
    endloop
  endfacet
  facet normal 0 0 1
    outer loop
      vertex 7.16399 16.0086 5.5
      vertex 7.13824 15.4383 5.5
      vertex 7.20439 15.4306 5.5
    endloop
  endfacet
  facet normal 0 0 1
    outer loop
      vertex 7.16399 16.0086 5.5
      vertex 7.06816 15.4429 5.5
      vertex 7.13824 15.4383 5.5
    endloop
  endfacet
  facet normal 0 0 1
    outer loop
      vertex 7.01042 16.0114 5.5
      vertex 7.06816 15.4429 5.5
      vertex 7.16399 16.0086 5.5
    endloop
  endfacet
  facet normal 0 0 1
    outer loop
      vertex 7.01042 16.0114 5.5
      vertex 6.99419 15.4445 5.5
      vertex 7.06816 15.4429 5.5
    endloop
  endfacet
  facet normal -0 0 1
    outer loop
      vertex 6.84964 16.008 5.5
      vertex 6.99419 15.4445 5.5
      vertex 7.01042 16.0114 5.5
    endloop
  endfacet
  facet normal 0 0 1
    outer loop
      vertex 6.84964 16.008 5.5
      vertex 6.84161 15.4388 5.5
      vertex 6.99419 15.4445 5.5
    endloop
  endfacet
  facet normal -0 0 1
    outer loop
      vertex 6.69759 15.9978 5.5
      vertex 6.84161 15.4388 5.5
      vertex 6.84964 16.008 5.5
    endloop
  endfacet
  facet normal 0 0 1
    outer loop
      vertex 6.84161 15.4388 5.5
      vertex 6.69759 15.9978 5.5
      vertex 6.70699 15.422 5.5
    endloop
  endfacet
  facet normal -0 0 1
    outer loop
      vertex 6.55428 15.9808 5.5
      vertex 6.70699 15.422 5.5
      vertex 6.69759 15.9978 5.5
    endloop
  endfacet
  facet normal 0 0 1
    outer loop
      vertex 6.70699 15.422 5.5
      vertex 6.55428 15.9808 5.5
      vertex 6.59032 15.3938 5.5
    endloop
  endfacet
  facet normal -0 0 1
    outer loop
      vertex 6.41972 15.957 5.5
      vertex 6.59032 15.3938 5.5
      vertex 6.55428 15.9808 5.5
    endloop
  endfacet
  facet normal 0 0 1
    outer loop
      vertex 6.59032 15.3938 5.5
      vertex 6.41972 15.957 5.5
      vertex 6.49159 15.3544 5.5
    endloop
  endfacet
  facet normal -0 0 1
    outer loop
      vertex 6.29388 15.9264 5.5
      vertex 6.49159 15.3544 5.5
      vertex 6.41972 15.957 5.5
    endloop
  endfacet
  facet normal -0 0 1
    outer loop
      vertex 6.1768 15.889 5.5
      vertex 6.49159 15.3544 5.5
      vertex 6.29388 15.9264 5.5
    endloop
  endfacet
  facet normal 0 0 1
    outer loop
      vertex 6.49159 15.3544 5.5
      vertex 6.1768 15.889 5.5
      vertex 6.41081 15.3038 5.5
    endloop
  endfacet
  facet normal -0 0 1
    outer loop
      vertex 6.06845 15.8448 5.5
      vertex 6.41081 15.3038 5.5
      vertex 6.1768 15.889 5.5
    endloop
  endfacet
  facet normal -0 0 1
    outer loop
      vertex 5.96884 15.7938 5.5
      vertex 6.41081 15.3038 5.5
      vertex 6.06845 15.8448 5.5
    endloop
  endfacet
  facet normal 0 0 1
    outer loop
      vertex 6.41081 15.3038 5.5
      vertex 5.96884 15.7938 5.5
      vertex 6.34799 15.2419 5.5
    endloop
  endfacet
  facet normal 0 0 1
    outer loop
      vertex 6.50989 14.6142 5.5
      vertex 6.22379 13.9648 5.5
      vertex 6.26437 13.9507 5.5
    endloop
  endfacet
  facet normal -0 0 1
    outer loop
      vertex 5.87798 15.7361 5.5
      vertex 6.34799 15.2419 5.5
      vertex 5.96884 15.7938 5.5
    endloop
  endfacet
  facet normal 0 0 1
    outer loop
      vertex 6.26817 14.9563 5.5
      vertex 6.18681 13.9786 5.5
      vertex 6.22379 13.9648 5.5
    endloop
  endfacet
  facet normal -0 0 1
    outer loop
      vertex 5.7963 15.6719 5.5
      vertex 6.34799 15.2419 5.5
      vertex 5.87798 15.7361 5.5
    endloop
  endfacet
  facet normal 0 0 1
    outer loop
      vertex 6.26817 14.9563 5.5
      vertex 6.15065 13.993 5.5
      vertex 6.18681 13.9786 5.5
    endloop
  endfacet
  facet normal 0 0 1
    outer loop
      vertex 6.26817 14.9563 5.5
      vertex 6.11528 14.0079 5.5
      vertex 6.15065 13.993 5.5
    endloop
  endfacet
  facet normal 0 0 1
    outer loop
      vertex 6.26817 14.9563 5.5
      vertex 6.08073 14.0233 5.5
      vertex 6.11528 14.0079 5.5
    endloop
  endfacet
  facet normal 0 0 1
    outer loop
      vertex 6.34799 15.2419 5.5
      vertex 5.7963 15.6719 5.5
      vertex 6.30312 15.1688 5.5
    endloop
  endfacet
  facet normal 0 0 1
    outer loop
      vertex 6.26817 14.9563 5.5
      vertex 6.04697 14.0393 5.5
      vertex 6.08073 14.0233 5.5
    endloop
  endfacet
  facet normal 0 0 1
    outer loop
      vertex 6.26817 14.9563 5.5
      vertex 6.01402 14.0558 5.5
      vertex 6.04697 14.0393 5.5
    endloop
  endfacet
  facet normal 0 0 1
    outer loop
      vertex 6.26817 14.9563 5.5
      vertex 5.98187 14.0728 5.5
      vertex 6.01402 14.0558 5.5
    endloop
  endfacet
  facet normal -0 0 1
    outer loop
      vertex 5.72421 15.6017 5.5
      vertex 6.30312 15.1688 5.5
      vertex 5.7963 15.6719 5.5
    endloop
  endfacet
  facet normal 0 0 1
    outer loop
      vertex 6.26817 14.9563 5.5
      vertex 5.95053 14.0904 5.5
      vertex 5.98187 14.0728 5.5
    endloop
  endfacet
  facet normal -0 0 1
    outer loop
      vertex 5.66174 15.5255 5.5
      vertex 6.30312 15.1688 5.5
      vertex 5.72421 15.6017 5.5
    endloop
  endfacet
  facet normal 0 0 1
    outer loop
      vertex 6.26817 14.9563 5.5
      vertex 5.91998 14.1085 5.5
      vertex 5.95053 14.0904 5.5
    endloop
  endfacet
  facet normal -0 0 1
    outer loop
      vertex 5.60887 15.4434 5.5
      vertex 6.30312 15.1688 5.5
      vertex 5.66174 15.5255 5.5
    endloop
  endfacet
  facet normal 0 0 1
    outer loop
      vertex 6.26817 14.9563 5.5
      vertex 5.89035 14.1273 5.5
      vertex 5.91998 14.1085 5.5
    endloop
  endfacet
  facet normal 0 0 1
    outer loop
      vertex 6.26817 14.9563 5.5
      vertex 5.86172 14.147 5.5
      vertex 5.89035 14.1273 5.5
    endloop
  endfacet
  facet normal 0 0 1
    outer loop
      vertex 6.26817 14.9563 5.5
      vertex 5.83409 14.1675 5.5
      vertex 5.86172 14.147 5.5
    endloop
  endfacet
  facet normal 0 0 1
    outer loop
      vertex 6.26817 14.9563 5.5
      vertex 5.80748 14.1888 5.5
      vertex 5.83409 14.1675 5.5
    endloop
  endfacet
  facet normal 0 0 1
    outer loop
      vertex 6.26817 14.9563 5.5
      vertex 5.78186 14.2109 5.5
      vertex 5.80748 14.1888 5.5
    endloop
  endfacet
  facet normal 0 0 1
    outer loop
      vertex 6.26817 14.9563 5.5
      vertex 5.75725 14.2339 5.5
      vertex 5.78186 14.2109 5.5
    endloop
  endfacet
  facet normal 0 0 1
    outer loop
      vertex 6.26817 14.9563 5.5
      vertex 5.73363 14.2578 5.5
      vertex 5.75725 14.2339 5.5
    endloop
  endfacet
  facet normal 0 0 1
    outer loop
      vertex 6.30312 15.1688 5.5
      vertex 5.60887 15.4434 5.5
      vertex 6.2762 15.0844 5.5
    endloop
  endfacet
  facet normal 0 0 1
    outer loop
      vertex 6.26817 14.9563 5.5
      vertex 5.71103 14.2824 5.5
      vertex 5.73363 14.2578 5.5
    endloop
  endfacet
  facet normal 0 0 1
    outer loop
      vertex 6.26817 14.9563 5.5
      vertex 5.68942 14.3079 5.5
      vertex 5.71103 14.2824 5.5
    endloop
  endfacet
  facet normal 0 0 1
    outer loop
      vertex 6.26817 14.9563 5.5
      vertex 5.66884 14.3344 5.5
      vertex 5.68942 14.3079 5.5
    endloop
  endfacet
  facet normal -0 0 1
    outer loop
      vertex 5.56563 15.3552 5.5
      vertex 6.2762 15.0844 5.5
      vertex 5.60887 15.4434 5.5
    endloop
  endfacet
  facet normal 0 0 1
    outer loop
      vertex 6.26817 14.9563 5.5
      vertex 5.64931 14.3618 5.5
      vertex 5.66884 14.3344 5.5
    endloop
  endfacet
  facet normal 0 0 1
    outer loop
      vertex 6.26817 14.9563 5.5
      vertex 5.63081 14.3902 5.5
      vertex 5.64931 14.3618 5.5
    endloop
  endfacet
  facet normal 0 0 1
    outer loop
      vertex 6.26817 14.9563 5.5
      vertex 5.61336 14.4196 5.5
      vertex 5.63081 14.3902 5.5
    endloop
  endfacet
  facet normal -0 0 1
    outer loop
      vertex 5.53198 15.2611 5.5
      vertex 6.2762 15.0844 5.5
      vertex 5.56563 15.3552 5.5
    endloop
  endfacet
  facet normal 0 0 1
    outer loop
      vertex 6.26817 14.9563 5.5
      vertex 5.59692 14.4501 5.5
      vertex 5.61336 14.4196 5.5
    endloop
  endfacet
  facet normal 0 0 1
    outer loop
      vertex 6.26817 14.9563 5.5
      vertex 5.58154 14.4815 5.5
      vertex 5.59692 14.4501 5.5
    endloop
  endfacet
  facet normal 0 0 1
    outer loop
      vertex 6.26817 14.9563 5.5
      vertex 5.5672 14.514 5.5
      vertex 5.58154 14.4815 5.5
    endloop
  endfacet
  facet normal -0 0 1
    outer loop
      vertex 5.50797 15.1609 5.5
      vertex 6.2762 15.0844 5.5
      vertex 5.53198 15.2611 5.5
    endloop
  endfacet
  facet normal 0 0 1
    outer loop
      vertex 6.26817 14.9563 5.5
      vertex 5.55389 14.5474 5.5
      vertex 5.5672 14.514 5.5
    endloop
  endfacet
  facet normal 0 0 1
    outer loop
      vertex 6.26817 14.9563 5.5
      vertex 5.54163 14.5819 5.5
      vertex 5.55389 14.5474 5.5
    endloop
  endfacet
  facet normal 0 0 1
    outer loop
      vertex 6.2762 15.0844 5.5
      vertex 5.50797 15.1609 5.5
      vertex 6.26723 14.9888 5.5
    endloop
  endfacet
  facet normal 0 0 1
    outer loop
      vertex 6.26817 14.9563 5.5
      vertex 5.53052 14.6174 5.5
      vertex 5.54163 14.5819 5.5
    endloop
  endfacet
  facet normal 0 0 1
    outer loop
      vertex 6.26817 14.9563 5.5
      vertex 5.52074 14.6541 5.5
      vertex 5.53052 14.6174 5.5
    endloop
  endfacet
  facet normal 0 0 1
    outer loop
      vertex 6.26817 14.9563 5.5
      vertex 5.51224 14.6919 5.5
      vertex 5.52074 14.6541 5.5
    endloop
  endfacet
  facet normal 0 0 1
    outer loop
      vertex 6.26723 14.9888 5.5
      vertex 5.50797 15.1609 5.5
      vertex 5.49355 15.0548 5.5
    endloop
  endfacet
  facet normal 0 0 1
    outer loop
      vertex 6.26817 14.9563 5.5
      vertex 5.50507 14.7308 5.5
      vertex 5.51224 14.6919 5.5
    endloop
  endfacet
  facet normal 0 0 1
    outer loop
      vertex 6.26817 14.9563 5.5
      vertex 5.49919 14.7709 5.5
      vertex 5.50507 14.7308 5.5
    endloop
  endfacet
  facet normal 0 0 1
    outer loop
      vertex 6.26817 14.9563 5.5
      vertex 5.49461 14.8121 5.5
      vertex 5.49919 14.7709 5.5
    endloop
  endfacet
  facet normal 0 0 1
    outer loop
      vertex 6.26723 14.9888 5.5
      vertex 5.49355 15.0548 5.5
      vertex 5.48874 14.9427 5.5
    endloop
  endfacet
  facet normal 0 0 1
    outer loop
      vertex 6.26817 14.9563 5.5
      vertex 5.49135 14.8545 5.5
      vertex 5.49461 14.8121 5.5
    endloop
  endfacet
  facet normal 0 0 1
    outer loop
      vertex 6.26817 14.9563 5.5
      vertex 5.4894 14.898 5.5
      vertex 5.49135 14.8545 5.5
    endloop
  endfacet
  facet normal 0 0 1
    outer loop
      vertex 6.26817 14.9563 5.5
      vertex 5.48874 14.9427 5.5
      vertex 5.4894 14.898 5.5
    endloop
  endfacet
  facet normal 0 0 1
    outer loop
      vertex 7.85471 13.2572 5.5
      vertex 8.63704 13.2861 5.5
      vertex 8.63432 13.3371 5.5
    endloop
  endfacet
  facet normal 0 0 1
    outer loop
      vertex 8.63704 13.2861 5.5
      vertex 7.85828 13.2231 5.5
      vertex 8.63794 13.2338 5.5
    endloop
  endfacet
  facet normal 0 0 1
    outer loop
      vertex 7.85471 13.2572 5.5
      vertex 8.63432 13.3371 5.5
      vertex 8.62981 13.3867 5.5
    endloop
  endfacet
  facet normal 0 0 1
    outer loop
      vertex 7.84875 13.2898 5.5
      vertex 8.62981 13.3867 5.5
      vertex 8.62347 13.435 5.5
    endloop
  endfacet
  facet normal 0 -0 1
    outer loop
      vertex 7.85947 13.1877 5.5
      vertex 8.63794 13.2338 5.5
      vertex 7.85828 13.2231 5.5
    endloop
  endfacet
  facet normal 0 0 1
    outer loop
      vertex 7.84875 13.2898 5.5
      vertex 8.62347 13.435 5.5
      vertex 8.61534 13.4818 5.5
    endloop
  endfacet
  facet normal 0 0 1
    outer loop
      vertex 7.84044 13.3211 5.5
      vertex 8.61534 13.4818 5.5
      vertex 8.60539 13.5273 5.5
    endloop
  endfacet
  facet normal 0 0 1
    outer loop
      vertex 7.84044 13.3211 5.5
      vertex 8.60539 13.5273 5.5
      vertex 8.59363 13.5714 5.5
    endloop
  endfacet
  facet normal 0 0 1
    outer loop
      vertex 8.63794 13.2338 5.5
      vertex 7.85947 13.1877 5.5
      vertex 8.6328 13.1123 5.5
    endloop
  endfacet
  facet normal 0 0 1
    outer loop
      vertex 7.84044 13.3211 5.5
      vertex 8.59363 13.5714 5.5
      vertex 8.58008 13.6142 5.5
    endloop
  endfacet
  facet normal 0 0 1
    outer loop
      vertex 7.82973 13.3509 5.5
      vertex 8.58008 13.6142 5.5
      vertex 8.5647 13.6555 5.5
    endloop
  endfacet
  facet normal 0 0 1
    outer loop
      vertex 8.6328 13.1123 5.5
      vertex 7.85947 13.1877 5.5
      vertex 8.61737 12.9973 5.5
    endloop
  endfacet
  facet normal 0 0 1
    outer loop
      vertex 7.82973 13.3509 5.5
      vertex 8.5647 13.6555 5.5
      vertex 8.54762 13.6956 5.5
    endloop
  endfacet
  facet normal 0 0 1
    outer loop
      vertex 7.81665 13.3793 5.5
      vertex 8.54762 13.6956 5.5
      vertex 8.52893 13.7344 5.5
    endloop
  endfacet
  facet normal -0 0 1
    outer loop
      vertex 7.84911 13.0806 5.5
      vertex 8.61737 12.9973 5.5
      vertex 7.85947 13.1877 5.5
    endloop
  endfacet
  facet normal 0 0 1
    outer loop
      vertex 7.81665 13.3793 5.5
      vertex 8.52893 13.7344 5.5
      vertex 8.50864 13.7719 5.5
    endloop
  endfacet
  facet normal 0 0 1
    outer loop
      vertex 7.81665 13.3793 5.5
      vertex 8.50864 13.7719 5.5
      vertex 8.48674 13.8081 5.5
    endloop
  endfacet
  facet normal 0 0 1
    outer loop
      vertex 7.80119 13.4064 5.5
      vertex 8.48674 13.8081 5.5
      vertex 8.46323 13.8431 5.5
    endloop
  endfacet
  facet normal 0 0 1
    outer loop
      vertex 8.61737 12.9973 5.5
      vertex 7.84911 13.0806 5.5
      vertex 8.59167 12.8889 5.5
    endloop
  endfacet
  facet normal 0 0 1
    outer loop
      vertex 7.80119 13.4064 5.5
      vertex 8.46323 13.8431 5.5
      vertex 8.43811 13.8768 5.5
    endloop
  endfacet
  facet normal 0 0 1
    outer loop
      vertex 7.80119 13.4064 5.5
      vertex 8.43811 13.8768 5.5
      vertex 8.41138 13.9092 5.5
    endloop
  endfacet
  facet normal 0 0 1
    outer loop
      vertex 8.59167 12.8889 5.5
      vertex 7.84911 13.0806 5.5
      vertex 8.55569 12.7869 5.5
    endloop
  endfacet
  facet normal 0 0 1
    outer loop
      vertex 7.78336 13.432 5.5
      vertex 8.41138 13.9092 5.5
      vertex 8.38304 13.9404 5.5
    endloop
  endfacet
  facet normal 0 0 1
    outer loop
      vertex 7.78336 13.432 5.5
      vertex 8.38304 13.9404 5.5
      vertex 8.3531 13.9702 5.5
    endloop
  endfacet
  facet normal 0 0 1
    outer loop
      vertex 7.78336 13.432 5.5
      vertex 8.3531 13.9702 5.5
      vertex 8.32114 13.9991 5.5
    endloop
  endfacet
  facet normal -0 0 1
    outer loop
      vertex 7.81807 12.9862 5.5
      vertex 8.55569 12.7869 5.5
      vertex 7.84911 13.0806 5.5
    endloop
  endfacet
  facet normal 0 0 1
    outer loop
      vertex 7.76314 13.4562 5.5
      vertex 8.32114 13.9991 5.5
      vertex 8.28673 14.0271 5.5
    endloop
  endfacet
  facet normal 0 0 1
    outer loop
      vertex 7.76314 13.4562 5.5
      vertex 8.28673 14.0271 5.5
      vertex 8.24988 14.0543 5.5
    endloop
  endfacet
  facet normal 0 0 1
    outer loop
      vertex 8.55569 12.7869 5.5
      vertex 7.81807 12.9862 5.5
      vertex 8.50941 12.6915 5.5
    endloop
  endfacet
  facet normal 0 0 1
    outer loop
      vertex 7.74077 13.4793 5.5
      vertex 8.24988 14.0543 5.5
      vertex 8.21059 14.0807 5.5
    endloop
  endfacet
  facet normal 0 0 1
    outer loop
      vertex 7.74077 13.4793 5.5
      vertex 8.21059 14.0807 5.5
      vertex 8.16884 14.1063 5.5
    endloop
  endfacet
  facet normal 0 0 1
    outer loop
      vertex 7.71646 13.5015 5.5
      vertex 8.16884 14.1063 5.5
      vertex 8.12465 14.1311 5.5
    endloop
  endfacet
  facet normal 0 0 1
    outer loop
      vertex 8.50941 12.6915 5.5
      vertex 7.81807 12.9862 5.5
      vertex 8.45288 12.6027 5.5
    endloop
  endfacet
  facet normal 0 0 1
    outer loop
      vertex 7.69022 13.5228 5.5
      vertex 8.12465 14.1311 5.5
      vertex 8.07802 14.1552 5.5
    endloop
  endfacet
  facet normal 0 0 1
    outer loop
      vertex 7.69022 13.5228 5.5
      vertex 8.07802 14.1552 5.5
      vertex 8.02895 14.1784 5.5
    endloop
  endfacet
  facet normal 0 0 1
    outer loop
      vertex 8.45288 12.6027 5.5
      vertex 7.81807 12.9862 5.5
      vertex 8.38605 12.5203 5.5
    endloop
  endfacet
  facet normal 0 0 1
    outer loop
      vertex 7.66202 13.5433 5.5
      vertex 8.02895 14.1784 5.5
      vertex 7.97742 14.2008 5.5
    endloop
  endfacet
  facet normal 0 0 1
    outer loop
      vertex 7.63188 13.5629 5.5
      vertex 7.97742 14.2008 5.5
      vertex 7.92081 14.223 5.5
    endloop
  endfacet
  facet normal -0 0 1
    outer loop
      vertex 7.76633 12.9044 5.5
      vertex 8.38605 12.5203 5.5
      vertex 7.81807 12.9862 5.5
    endloop
  endfacet
  facet normal 0 0 1
    outer loop
      vertex 8.30893 12.4445 5.5
      vertex 7.76633 12.9044 5.5
      vertex 8.22154 12.3753 5.5
    endloop
  endfacet
  facet normal 0 0 1
    outer loop
      vertex 8.38605 12.5203 5.5
      vertex 7.76633 12.9044 5.5
      vertex 8.30893 12.4445 5.5
    endloop
  endfacet
  facet normal 0 0 1
    outer loop
      vertex 7.59979 13.5816 5.5
      vertex 7.92081 14.223 5.5
      vertex 7.85648 14.2456 5.5
    endloop
  endfacet
  facet normal 0 0 1
    outer loop
      vertex 8.63704 13.2861 5.5
      vertex 7.85471 13.2572 5.5
      vertex 7.85828 13.2231 5.5
    endloop
  endfacet
  facet normal 0 0 1
    outer loop
      vertex 8.62981 13.3867 5.5
      vertex 7.84875 13.2898 5.5
      vertex 7.85471 13.2572 5.5
    endloop
  endfacet
  facet normal 0 0 1
    outer loop
      vertex 8.61534 13.4818 5.5
      vertex 7.84044 13.3211 5.5
      vertex 7.84875 13.2898 5.5
    endloop
  endfacet
  facet normal 0 0 1
    outer loop
      vertex 8.58008 13.6142 5.5
      vertex 7.82973 13.3509 5.5
      vertex 7.84044 13.3211 5.5
    endloop
  endfacet
  facet normal 0 0 1
    outer loop
      vertex 8.54762 13.6956 5.5
      vertex 7.81665 13.3793 5.5
      vertex 7.82973 13.3509 5.5
    endloop
  endfacet
  facet normal 0 0 1
    outer loop
      vertex 8.48674 13.8081 5.5
      vertex 7.80119 13.4064 5.5
      vertex 7.81665 13.3793 5.5
    endloop
  endfacet
  facet normal 0 0 1
    outer loop
      vertex 7.56578 13.5994 5.5
      vertex 7.85648 14.2456 5.5
      vertex 7.78439 14.2687 5.5
    endloop
  endfacet
  facet normal 0 0 1
    outer loop
      vertex 8.41138 13.9092 5.5
      vertex 7.78336 13.432 5.5
      vertex 7.80119 13.4064 5.5
    endloop
  endfacet
  facet normal 0 0 1
    outer loop
      vertex 8.32114 13.9991 5.5
      vertex 7.76314 13.4562 5.5
      vertex 7.78336 13.432 5.5
    endloop
  endfacet
  facet normal 0 0 1
    outer loop
      vertex 8.24988 14.0543 5.5
      vertex 7.74077 13.4793 5.5
      vertex 7.76314 13.4562 5.5
    endloop
  endfacet
  facet normal 0 0 1
    outer loop
      vertex 8.16884 14.1063 5.5
      vertex 7.71646 13.5015 5.5
      vertex 7.74077 13.4793 5.5
    endloop
  endfacet
  facet normal 0 0 1
    outer loop
      vertex 7.52982 13.6164 5.5
      vertex 7.78439 14.2687 5.5
      vertex 7.70457 14.2923 5.5
    endloop
  endfacet
  facet normal 0 0 1
    outer loop
      vertex 8.12465 14.1311 5.5
      vertex 7.69022 13.5228 5.5
      vertex 7.71646 13.5015 5.5
    endloop
  endfacet
  facet normal 0 0 1
    outer loop
      vertex 8.02895 14.1784 5.5
      vertex 7.66202 13.5433 5.5
      vertex 7.69022 13.5228 5.5
    endloop
  endfacet
  facet normal 0 0 1
    outer loop
      vertex 7.97742 14.2008 5.5
      vertex 7.63188 13.5629 5.5
      vertex 7.66202 13.5433 5.5
    endloop
  endfacet
  facet normal 0 0 1
    outer loop
      vertex 7.44905 13.6485 5.5
      vertex 7.70457 14.2923 5.5
      vertex 7.61703 14.3162 5.5
    endloop
  endfacet
  facet normal 0 0 1
    outer loop
      vertex 7.92081 14.223 5.5
      vertex 7.59979 13.5816 5.5
      vertex 7.63188 13.5629 5.5
    endloop
  endfacet
  facet normal 0 0 1
    outer loop
      vertex 7.85648 14.2456 5.5
      vertex 7.56578 13.5994 5.5
      vertex 7.59979 13.5816 5.5
    endloop
  endfacet
  facet normal 0 0 1
    outer loop
      vertex 7.78439 14.2687 5.5
      vertex 7.52982 13.6164 5.5
      vertex 7.56578 13.5994 5.5
    endloop
  endfacet
  facet normal 0 0 1
    outer loop
      vertex 7.39827 13.6653 5.5
      vertex 7.61703 14.3162 5.5
      vertex 7.52174 14.3406 5.5
    endloop
  endfacet
  facet normal 0 0 1
    outer loop
      vertex 7.70457 14.2923 5.5
      vertex 7.4919 13.6325 5.5
      vertex 7.52982 13.6164 5.5
    endloop
  endfacet
  facet normal 0 0 1
    outer loop
      vertex 7.70457 14.2923 5.5
      vertex 7.44905 13.6485 5.5
      vertex 7.4919 13.6325 5.5
    endloop
  endfacet
  facet normal 0 0 1
    outer loop
      vertex 7.27289 13.7011 5.5
      vertex 7.52174 14.3406 5.5
      vertex 7.41872 14.3654 5.5
    endloop
  endfacet
  facet normal 0 0 1
    outer loop
      vertex 7.61703 14.3162 5.5
      vertex 7.39827 13.6653 5.5
      vertex 7.44905 13.6485 5.5
    endloop
  endfacet
  facet normal 0 0 1
    outer loop
      vertex 7.52174 14.3406 5.5
      vertex 7.33955 13.6828 5.5
      vertex 7.39827 13.6653 5.5
    endloop
  endfacet
  facet normal 0 0 1
    outer loop
      vertex 7.1983 13.7201 5.5
      vertex 7.41872 14.3654 5.5
      vertex 7.30795 14.3907 5.5
    endloop
  endfacet
  facet normal 0 0 1
    outer loop
      vertex 7.52174 14.3406 5.5
      vertex 7.27289 13.7011 5.5
      vertex 7.33955 13.6828 5.5
    endloop
  endfacet
  facet normal 0 0 1
    outer loop
      vertex 7.41872 14.3654 5.5
      vertex 7.1983 13.7201 5.5
      vertex 7.27289 13.7011 5.5
    endloop
  endfacet
  facet normal 0 0 1
    outer loop
      vertex 7.11577 13.7398 5.5
      vertex 7.30795 14.3907 5.5
      vertex 7.18945 14.4164 5.5
    endloop
  endfacet
  facet normal 0 0 1
    outer loop
      vertex 7.30795 14.3907 5.5
      vertex 7.11577 13.7398 5.5
      vertex 7.1983 13.7201 5.5
    endloop
  endfacet
  facet normal 0 0 1
    outer loop
      vertex 7.02531 13.7603 5.5
      vertex 7.18945 14.4164 5.5
      vertex 7.09024 14.4383 5.5
    endloop
  endfacet
  facet normal 0 0 1
    outer loop
      vertex 7.18945 14.4164 5.5
      vertex 7.02531 13.7603 5.5
      vertex 7.11577 13.7398 5.5
    endloop
  endfacet
  facet normal 0 0 1
    outer loop
      vertex 6.92691 13.7815 5.5
      vertex 7.09024 14.4383 5.5
      vertex 6.99872 14.4593 5.5
    endloop
  endfacet
  facet normal 0 0 1
    outer loop
      vertex 7.09024 14.4383 5.5
      vertex 6.92691 13.7815 5.5
      vertex 7.02531 13.7603 5.5
    endloop
  endfacet
  facet normal 0 0 1
    outer loop
      vertex 6.82059 13.8034 5.5
      vertex 6.99872 14.4593 5.5
      vertex 6.91489 14.4796 5.5
    endloop
  endfacet
  facet normal 0 0 1
    outer loop
      vertex 6.72855 13.8252 5.5
      vertex 6.91489 14.4796 5.5
      vertex 6.83878 14.4989 5.5
    endloop
  endfacet
  facet normal 0 0 1
    outer loop
      vertex 6.99872 14.4593 5.5
      vertex 6.82059 13.8034 5.5
      vertex 6.92691 13.7815 5.5
    endloop
  endfacet
  facet normal 0 0 1
    outer loop
      vertex 6.64294 13.8461 5.5
      vertex 6.83878 14.4989 5.5
      vertex 6.77036 14.5175 5.5
    endloop
  endfacet
  facet normal 0 0 1
    outer loop
      vertex 6.91489 14.4796 5.5
      vertex 6.72855 13.8252 5.5
      vertex 6.82059 13.8034 5.5
    endloop
  endfacet
  facet normal 0 0 1
    outer loop
      vertex 6.56378 13.866 5.5
      vertex 6.77036 14.5175 5.5
      vertex 6.70964 14.5352 5.5
    endloop
  endfacet
  facet normal 0 0 1
    outer loop
      vertex 6.49104 13.8849 5.5
      vertex 6.70964 14.5352 5.5
      vertex 6.65662 14.552 5.5
    endloop
  endfacet
  facet normal 0 0 1
    outer loop
      vertex 6.83878 14.4989 5.5
      vertex 6.64294 13.8461 5.5
      vertex 6.72855 13.8252 5.5
    endloop
  endfacet
  facet normal 0 0 1
    outer loop
      vertex 6.42473 13.9028 5.5
      vertex 6.65662 14.552 5.5
      vertex 6.61131 14.568 5.5
    endloop
  endfacet
  facet normal 0 0 1
    outer loop
      vertex 6.36485 13.9198 5.5
      vertex 6.61131 14.568 5.5
      vertex 6.5737 14.5832 5.5
    endloop
  endfacet
  facet normal 0 0 1
    outer loop
      vertex 6.77036 14.5175 5.5
      vertex 6.56378 13.866 5.5
      vertex 6.64294 13.8461 5.5
    endloop
  endfacet
  facet normal 0 0 1
    outer loop
      vertex 6.3114 13.9357 5.5
      vertex 6.5737 14.5832 5.5
      vertex 6.54086 14.5983 5.5
    endloop
  endfacet
  facet normal 0 0 1
    outer loop
      vertex 6.26437 13.9507 5.5
      vertex 6.54086 14.5983 5.5
      vertex 6.50989 14.6142 5.5
    endloop
  endfacet
  facet normal 0 0 1
    outer loop
      vertex 6.70964 14.5352 5.5
      vertex 6.49104 13.8849 5.5
      vertex 6.56378 13.866 5.5
    endloop
  endfacet
  facet normal 0 0 1
    outer loop
      vertex 6.22379 13.9648 5.5
      vertex 6.50989 14.6142 5.5
      vertex 6.48073 14.6307 5.5
    endloop
  endfacet
  facet normal 0 0 1
    outer loop
      vertex 6.22379 13.9648 5.5
      vertex 6.48073 14.6307 5.5
      vertex 6.45343 14.6479 5.5
    endloop
  endfacet
  facet normal 0 0 1
    outer loop
      vertex 6.22379 13.9648 5.5
      vertex 6.45343 14.6479 5.5
      vertex 6.42796 14.6659 5.5
    endloop
  endfacet
  facet normal 0 0 1
    outer loop
      vertex 6.65662 14.552 5.5
      vertex 6.42473 13.9028 5.5
      vertex 6.49104 13.8849 5.5
    endloop
  endfacet
  facet normal 0 0 1
    outer loop
      vertex 6.22379 13.9648 5.5
      vertex 6.42796 14.6659 5.5
      vertex 6.40433 14.6845 5.5
    endloop
  endfacet
  facet normal 0 0 1
    outer loop
      vertex 6.22379 13.9648 5.5
      vertex 6.40433 14.6845 5.5
      vertex 6.38255 14.7038 5.5
    endloop
  endfacet
  facet normal 0 0 1
    outer loop
      vertex 6.61131 14.568 5.5
      vertex 6.36485 13.9198 5.5
      vertex 6.42473 13.9028 5.5
    endloop
  endfacet
  facet normal 0 0 1
    outer loop
      vertex 6.22379 13.9648 5.5
      vertex 6.38255 14.7038 5.5
      vertex 6.36261 14.7239 5.5
    endloop
  endfacet
  facet normal 0 0 1
    outer loop
      vertex 6.22379 13.9648 5.5
      vertex 6.36261 14.7239 5.5
      vertex 6.3445 14.7446 5.5
    endloop
  endfacet
  facet normal 0 0 1
    outer loop
      vertex 6.22379 13.9648 5.5
      vertex 6.3445 14.7446 5.5
      vertex 6.32828 14.7664 5.5
    endloop
  endfacet
  facet normal 0 0 1
    outer loop
      vertex 6.22379 13.9648 5.5
      vertex 6.32828 14.7664 5.5
      vertex 6.31396 14.7895 5.5
    endloop
  endfacet
  facet normal 0 0 1
    outer loop
      vertex 6.5737 14.5832 5.5
      vertex 6.3114 13.9357 5.5
      vertex 6.36485 13.9198 5.5
    endloop
  endfacet
  facet normal 0 0 1
    outer loop
      vertex 6.22379 13.9648 5.5
      vertex 6.31396 14.7895 5.5
      vertex 6.30156 14.8139 5.5
    endloop
  endfacet
  facet normal 0 0 1
    outer loop
      vertex 6.22379 13.9648 5.5
      vertex 6.30156 14.8139 5.5
      vertex 6.29108 14.8397 5.5
    endloop
  endfacet
  facet normal 0 0 1
    outer loop
      vertex 6.22379 13.9648 5.5
      vertex 6.29108 14.8397 5.5
      vertex 6.28249 14.8669 5.5
    endloop
  endfacet
  facet normal 0 0 1
    outer loop
      vertex 6.22379 13.9648 5.5
      vertex 6.28249 14.8669 5.5
      vertex 6.2758 14.8953 5.5
    endloop
  endfacet
  facet normal 0 0 1
    outer loop
      vertex 6.22379 13.9648 5.5
      vertex 6.2758 14.8953 5.5
      vertex 6.27104 14.9251 5.5
    endloop
  endfacet
  facet normal 0 0 1
    outer loop
      vertex 6.22379 13.9648 5.5
      vertex 6.27104 14.9251 5.5
      vertex 6.26817 14.9563 5.5
    endloop
  endfacet
  facet normal 0 0 1
    outer loop
      vertex 6.54086 14.5983 5.5
      vertex 6.26437 13.9507 5.5
      vertex 6.3114 13.9357 5.5
    endloop
  endfacet
  facet normal 0 0 1
    outer loop
      vertex 5.48874 14.9427 5.5
      vertex 6.26817 14.9563 5.5
      vertex 6.26723 14.9888 5.5
    endloop
  endfacet
  facet normal 0 0 1
    outer loop
      vertex 8.22154 12.3753 5.5
      vertex 7.76633 12.9044 5.5
      vertex 8.12421 12.3129 5.5
    endloop
  endfacet
  facet normal -0 0 1
    outer loop
      vertex 7.69389 12.8351 5.5
      vertex 8.12421 12.3129 5.5
      vertex 7.76633 12.9044 5.5
    endloop
  endfacet
  facet normal 0 0 1
    outer loop
      vertex 8.12421 12.3129 5.5
      vertex 7.69389 12.8351 5.5
      vertex 8.01727 12.2579 5.5
    endloop
  endfacet
  facet normal 0 0 1
    outer loop
      vertex 8.01727 12.2579 5.5
      vertex 7.69389 12.8351 5.5
      vertex 7.90071 12.2103 5.5
    endloop
  endfacet
  facet normal -0 0 1
    outer loop
      vertex 7.60077 12.7784 5.5
      vertex 7.90071 12.2103 5.5
      vertex 7.69389 12.8351 5.5
    endloop
  endfacet
  facet normal 0 0 1
    outer loop
      vertex 7.90071 12.2103 5.5
      vertex 7.60077 12.7784 5.5
      vertex 7.77455 12.1699 5.5
    endloop
  endfacet
  facet normal -0 0 1
    outer loop
      vertex 7.48694 12.7344 5.5
      vertex 7.77455 12.1699 5.5
      vertex 7.60077 12.7784 5.5
    endloop
  endfacet
  facet normal 0 0 1
    outer loop
      vertex 7.77455 12.1699 5.5
      vertex 7.48694 12.7344 5.5
      vertex 7.63878 12.1369 5.5
    endloop
  endfacet
  facet normal 0 0 1
    outer loop
      vertex 7.63878 12.1369 5.5
      vertex 7.48694 12.7344 5.5
      vertex 7.49339 12.1113 5.5
    endloop
  endfacet
  facet normal -0 0 1
    outer loop
      vertex 7.35243 12.7029 5.5
      vertex 7.49339 12.1113 5.5
      vertex 7.48694 12.7344 5.5
    endloop
  endfacet
  facet normal 0 0 1
    outer loop
      vertex 7.35243 12.7029 5.5
      vertex 7.33841 12.0929 5.5
      vertex 7.49339 12.1113 5.5
    endloop
  endfacet
  facet normal -0 0 1
    outer loop
      vertex 7.1972 12.684 5.5
      vertex 7.33841 12.0929 5.5
      vertex 7.35243 12.7029 5.5
    endloop
  endfacet
  facet normal 0 0 1
    outer loop
      vertex 7.1972 12.684 5.5
      vertex 7.1738 12.0819 5.5
      vertex 7.33841 12.0929 5.5
    endloop
  endfacet
  facet normal -0 0 1
    outer loop
      vertex 7.0213 12.6777 5.5
      vertex 7.1738 12.0819 5.5
      vertex 7.1972 12.684 5.5
    endloop
  endfacet
  facet normal 0 0 1
    outer loop
      vertex 7.0213 12.6777 5.5
      vertex 6.99957 12.0783 5.5
      vertex 7.1738 12.0819 5.5
    endloop
  endfacet
  facet normal 0 0 1
    outer loop
      vertex 6.93367 12.6794 5.5
      vertex 6.99957 12.0783 5.5
      vertex 7.0213 12.6777 5.5
    endloop
  endfacet
  facet normal 0 0 1
    outer loop
      vertex 6.84015 12.0815 5.5
      vertex 6.93367 12.6794 5.5
      vertex 6.85037 12.6845 5.5
    endloop
  endfacet
  facet normal 0 0 1
    outer loop
      vertex 6.93367 12.6794 5.5
      vertex 6.84015 12.0815 5.5
      vertex 6.99957 12.0783 5.5
    endloop
  endfacet
  facet normal 0 0 1
    outer loop
      vertex 6.68855 12.0911 5.5
      vertex 6.85037 12.6845 5.5
      vertex 6.77145 12.6929 5.5
    endloop
  endfacet
  facet normal 0 0 1
    outer loop
      vertex 6.68855 12.0911 5.5
      vertex 6.77145 12.6929 5.5
      vertex 6.69687 12.7048 5.5
    endloop
  endfacet
  facet normal 0 0 1
    outer loop
      vertex 6.85037 12.6845 5.5
      vertex 6.68855 12.0911 5.5
      vertex 6.84015 12.0815 5.5
    endloop
  endfacet
  facet normal 0 0 1
    outer loop
      vertex 6.54478 12.1072 5.5
      vertex 6.69687 12.7048 5.5
      vertex 6.62665 12.72 5.5
    endloop
  endfacet
  facet normal 0 0 1
    outer loop
      vertex 6.40886 12.1297 5.5
      vertex 6.62665 12.72 5.5
      vertex 6.56076 12.7386 5.5
    endloop
  endfacet
  facet normal 0 0 1
    outer loop
      vertex 6.69687 12.7048 5.5
      vertex 6.54478 12.1072 5.5
      vertex 6.68855 12.0911 5.5
    endloop
  endfacet
  facet normal 0 0 1
    outer loop
      vertex 6.40886 12.1297 5.5
      vertex 6.56076 12.7386 5.5
      vertex 6.49925 12.7606 5.5
    endloop
  endfacet
  facet normal 0 0 1
    outer loop
      vertex 6.28078 12.1586 5.5
      vertex 6.49925 12.7606 5.5
      vertex 6.44208 12.7859 5.5
    endloop
  endfacet
  facet normal 0 0 1
    outer loop
      vertex 6.62665 12.72 5.5
      vertex 6.40886 12.1297 5.5
      vertex 6.54478 12.1072 5.5
    endloop
  endfacet
  facet normal 0 0 1
    outer loop
      vertex 6.16052 12.194 5.5
      vertex 6.44208 12.7859 5.5
      vertex 6.38927 12.8147 5.5
    endloop
  endfacet
  facet normal 0 0 1
    outer loop
      vertex 6.04811 12.2358 5.5
      vertex 6.38927 12.8147 5.5
      vertex 6.34047 12.8472 5.5
    endloop
  endfacet
  facet normal 0 0 1
    outer loop
      vertex 5.94353 12.284 5.5
      vertex 6.34047 12.8472 5.5
      vertex 6.29536 12.8838 5.5
    endloop
  endfacet
  facet normal 0 0 1
    outer loop
      vertex 6.49925 12.7606 5.5
      vertex 6.28078 12.1586 5.5
      vertex 6.40886 12.1297 5.5
    endloop
  endfacet
  facet normal 0 0 1
    outer loop
      vertex 5.84679 12.3387 5.5
      vertex 6.29536 12.8838 5.5
      vertex 6.25395 12.9245 5.5
    endloop
  endfacet
  facet normal 0 0 1
    outer loop
      vertex 5.75764 12.3999 5.5
      vertex 6.25395 12.9245 5.5
      vertex 6.2162 12.9694 5.5
    endloop
  endfacet
  facet normal 0 0 1
    outer loop
      vertex 5.60146 12.5421 5.5
      vertex 6.2162 12.9694 5.5
      vertex 6.18216 13.0184 5.5
    endloop
  endfacet
  facet normal 0 0 1
    outer loop
      vertex 6.44208 12.7859 5.5
      vertex 6.16052 12.194 5.5
      vertex 6.28078 12.1586 5.5
    endloop
  endfacet
  facet normal 0 0 1
    outer loop
      vertex 5.53441 12.6232 5.5
      vertex 6.18216 13.0184 5.5
      vertex 6.15178 13.0715 5.5
    endloop
  endfacet
  facet normal 0 0 1
    outer loop
      vertex 5.47473 12.7109 5.5
      vertex 6.15178 13.0715 5.5
      vertex 6.12511 13.1287 5.5
    endloop
  endfacet
  facet normal 0 0 1
    outer loop
      vertex 5.37749 12.9062 5.5
      vertex 6.12511 13.1287 5.5
      vertex 6.1021 13.19 5.5
    endloop
  endfacet
  facet normal 0 0 1
    outer loop
      vertex 5.3399 13.0138 5.5
      vertex 6.1021 13.19 5.5
      vertex 6.08278 13.2555 5.5
    endloop
  endfacet
  facet normal 0 0 1
    outer loop
      vertex 6.38927 12.8147 5.5
      vertex 6.04811 12.2358 5.5
      vertex 6.16052 12.194 5.5
    endloop
  endfacet
  facet normal 0 0 1
    outer loop
      vertex 6.34047 12.8472 5.5
      vertex 5.94353 12.284 5.5
      vertex 6.04811 12.2358 5.5
    endloop
  endfacet
  facet normal 0 0 1
    outer loop
      vertex 6.29536 12.8838 5.5
      vertex 5.84679 12.3387 5.5
      vertex 5.94353 12.284 5.5
    endloop
  endfacet
  facet normal 0 0 1
    outer loop
      vertex 6.25395 12.9245 5.5
      vertex 5.75764 12.3999 5.5
      vertex 5.84679 12.3387 5.5
    endloop
  endfacet
  facet normal 0 0 1
    outer loop
      vertex 6.2162 12.9694 5.5
      vertex 5.67586 12.4677 5.5
      vertex 5.75764 12.3999 5.5
    endloop
  endfacet
  facet normal 0 0 1
    outer loop
      vertex 6.2162 12.9694 5.5
      vertex 5.60146 12.5421 5.5
      vertex 5.67586 12.4677 5.5
    endloop
  endfacet
  facet normal 0 0 1
    outer loop
      vertex 6.18216 13.0184 5.5
      vertex 5.53441 12.6232 5.5
      vertex 5.60146 12.5421 5.5
    endloop
  endfacet
  facet normal 0 0 1
    outer loop
      vertex 6.15178 13.0715 5.5
      vertex 5.47473 12.7109 5.5
      vertex 5.53441 12.6232 5.5
    endloop
  endfacet
  facet normal 0 0 1
    outer loop
      vertex 6.12511 13.1287 5.5
      vertex 5.42242 12.8052 5.5
      vertex 5.47473 12.7109 5.5
    endloop
  endfacet
  facet normal 0 0 1
    outer loop
      vertex 6.12511 13.1287 5.5
      vertex 5.37749 12.9062 5.5
      vertex 5.42242 12.8052 5.5
    endloop
  endfacet
  facet normal 0 0 1
    outer loop
      vertex 6.1021 13.19 5.5
      vertex 5.3399 13.0138 5.5
      vertex 5.37749 12.9062 5.5
    endloop
  endfacet
  facet normal 0 -0 1
    outer loop
      vertex 5.3399 13.0138 5.5
      vertex 6.08278 13.2555 5.5
      vertex 5.30971 13.128 5.5
    endloop
  endfacet
  facet normal -0 0 1
    outer loop
      vertex 1.60327 15.9544 5.5
      vertex 2.40347 14.4327 5.5
      vertex 2.40347 15.9544 5.5
    endloop
  endfacet
  facet normal 0 0 1
    outer loop
      vertex 2.40347 14.4327 5.5
      vertex 1.60327 15.9544 5.5
      vertex 2.40347 13.7709 5.5
    endloop
  endfacet
  facet normal 0 0 1
    outer loop
      vertex 1.60327 12.1325 5.5
      vertex 2.40347 13.7709 5.5
      vertex 1.60327 15.9544 5.5
    endloop
  endfacet
  facet normal 0 0 1
    outer loop
      vertex 2.40347 13.7709 5.5
      vertex 1.60327 12.1325 5.5
      vertex 2.40347 12.1325 5.5
    endloop
  endfacet
  facet normal -0 0 1
    outer loop
      vertex 2.40347 14.4327 5.5
      vertex 4.06895 13.7709 5.5
      vertex 4.06895 14.4327 5.5
    endloop
  endfacet
  facet normal 0 0 1
    outer loop
      vertex 4.06895 13.7709 5.5
      vertex 2.40347 14.4327 5.5
      vertex 2.40347 13.7709 5.5
    endloop
  endfacet
  facet normal 0 0 1
    outer loop
      vertex 4.06895 14.4327 5.5
      vertex 4.86914 15.9544 5.5
      vertex 4.06895 15.9544 5.5
    endloop
  endfacet
  facet normal 0 0 1
    outer loop
      vertex 4.06895 13.7709 5.5
      vertex 4.86914 15.9544 5.5
      vertex 4.06895 14.4327 5.5
    endloop
  endfacet
  facet normal 0 0 1
    outer loop
      vertex 4.86914 15.9544 5.5
      vertex 4.06895 13.7709 5.5
      vertex 4.86914 12.1325 5.5
    endloop
  endfacet
  facet normal 0 0 1
    outer loop
      vertex 4.86914 12.1325 5.5
      vertex 4.06895 13.7709 5.5
      vertex 4.06895 12.1325 5.5
    endloop
  endfacet
  facet normal -0.0666759 0.997775 0
    outer loop
      vertex 7.33841 12.0929 5.5
      vertex 7.1738 12.0819 6
      vertex 7.33841 12.0929 6
    endloop
  endfacet
  facet normal -0.0666759 0.997775 0
    outer loop
      vertex 7.1738 12.0819 6
      vertex 7.33841 12.0929 5.5
      vertex 7.1738 12.0819 5.5
    endloop
  endfacet
  facet normal -0.117897 0.993026 0
    outer loop
      vertex 7.49339 12.1113 5.5
      vertex 7.33841 12.0929 6
      vertex 7.49339 12.1113 6
    endloop
  endfacet
  facet normal -0.117897 0.993026 0
    outer loop
      vertex 7.33841 12.0929 6
      vertex 7.49339 12.1113 5.5
      vertex 7.33841 12.0929 5.5
    endloop
  endfacet
  facet normal -0.17341 0.98485 0
    outer loop
      vertex 7.63878 12.1369 5.5
      vertex 7.49339 12.1113 6
      vertex 7.63878 12.1369 6
    endloop
  endfacet
  facet normal -0.17341 0.98485 0
    outer loop
      vertex 7.49339 12.1113 6
      vertex 7.63878 12.1369 5.5
      vertex 7.49339 12.1113 5.5
    endloop
  endfacet
  facet normal -0.236182 0.971709 0
    outer loop
      vertex 7.77455 12.1699 5.5
      vertex 7.63878 12.1369 6
      vertex 7.77455 12.1699 6
    endloop
  endfacet
  facet normal -0.236182 0.971709 0
    outer loop
      vertex 7.63878 12.1369 6
      vertex 7.77455 12.1699 5.5
      vertex 7.63878 12.1369 5.5
    endloop
  endfacet
  facet normal -0.304973 0.952361 0
    outer loop
      vertex 7.90071 12.2103 5.5
      vertex 7.77455 12.1699 6
      vertex 7.90071 12.2103 6
    endloop
  endfacet
  facet normal -0.304973 0.952361 0
    outer loop
      vertex 7.77455 12.1699 6
      vertex 7.90071 12.2103 5.5
      vertex 7.77455 12.1699 5.5
    endloop
  endfacet
  facet normal -0.378064 0.92578 0
    outer loop
      vertex 8.01727 12.2579 5.5
      vertex 7.90071 12.2103 6
      vertex 8.01727 12.2579 6
    endloop
  endfacet
  facet normal -0.378064 0.92578 0
    outer loop
      vertex 7.90071 12.2103 6
      vertex 8.01727 12.2579 5.5
      vertex 7.90071 12.2103 5.5
    endloop
  endfacet
  facet normal -0.457363 0.88928 0
    outer loop
      vertex 8.12421 12.3129 5.5
      vertex 8.01727 12.2579 6
      vertex 8.12421 12.3129 6
    endloop
  endfacet
  facet normal -0.457363 0.88928 0
    outer loop
      vertex 8.01727 12.2579 6
      vertex 8.12421 12.3129 5.5
      vertex 8.01727 12.2579 5.5
    endloop
  endfacet
  facet normal -0.539721 0.841844 0
    outer loop
      vertex 8.22154 12.3753 5.5
      vertex 8.12421 12.3129 6
      vertex 8.22154 12.3753 6
    endloop
  endfacet
  facet normal -0.539721 0.841844 0
    outer loop
      vertex 8.12421 12.3129 6
      vertex 8.22154 12.3753 5.5
      vertex 8.12421 12.3129 5.5
    endloop
  endfacet
  facet normal -0.620793 0.783975 0
    outer loop
      vertex 8.30893 12.4445 5.5
      vertex 8.22154 12.3753 6
      vertex 8.30893 12.4445 6
    endloop
  endfacet
  facet normal -0.620793 0.783975 0
    outer loop
      vertex 8.22154 12.3753 6
      vertex 8.30893 12.4445 5.5
      vertex 8.22154 12.3753 5.5
    endloop
  endfacet
  facet normal -0.700977 0.713184 0
    outer loop
      vertex 8.38605 12.5203 5.5
      vertex 8.30893 12.4445 6
      vertex 8.38605 12.5203 6
    endloop
  endfacet
  facet normal -0.700977 0.713184 0
    outer loop
      vertex 8.30893 12.4445 6
      vertex 8.38605 12.5203 5.5
      vertex 8.30893 12.4445 5.5
    endloop
  endfacet
  facet normal -0.776667 0.629911 0
    outer loop
      vertex 8.38605 12.5203 5.5
      vertex 8.45288 12.6027 6
      vertex 8.45288 12.6027 5.5
    endloop
  endfacet
  facet normal -0.776667 0.629911 0
    outer loop
      vertex 8.45288 12.6027 6
      vertex 8.38605 12.5203 5.5
      vertex 8.38605 12.5203 6
    endloop
  endfacet
  facet normal -0.843572 0.537017 0
    outer loop
      vertex 8.45288 12.6027 5.5
      vertex 8.50941 12.6915 6
      vertex 8.50941 12.6915 5.5
    endloop
  endfacet
  facet normal -0.843572 0.537017 0
    outer loop
      vertex 8.50941 12.6915 6
      vertex 8.45288 12.6027 5.5
      vertex 8.45288 12.6027 6
    endloop
  endfacet
  facet normal -0.89972 0.436468 0
    outer loop
      vertex 8.50941 12.6915 5.5
      vertex 8.55569 12.7869 6
      vertex 8.55569 12.7869 5.5
    endloop
  endfacet
  facet normal -0.89972 0.436468 0
    outer loop
      vertex 8.55569 12.7869 6
      vertex 8.50941 12.6915 5.5
      vertex 8.50941 12.6915 6
    endloop
  endfacet
  facet normal -0.943048 0.332656 0
    outer loop
      vertex 8.55569 12.7869 5.5
      vertex 8.59167 12.8889 6
      vertex 8.59167 12.8889 5.5
    endloop
  endfacet
  facet normal -0.943048 0.332656 0
    outer loop
      vertex 8.59167 12.8889 6
      vertex 8.55569 12.7869 5.5
      vertex 8.55569 12.7869 6
    endloop
  endfacet
  facet normal -0.973027 0.23069 0
    outer loop
      vertex 8.59167 12.8889 5.5
      vertex 8.61737 12.9973 6
      vertex 8.61737 12.9973 5.5
    endloop
  endfacet
  facet normal -0.973027 0.23069 0
    outer loop
      vertex 8.61737 12.9973 6
      vertex 8.59167 12.8889 5.5
      vertex 8.59167 12.8889 6
    endloop
  endfacet
  facet normal -0.991118 0.132982 0
    outer loop
      vertex 8.61737 12.9973 5.5
      vertex 8.6328 13.1123 6
      vertex 8.6328 13.1123 5.5
    endloop
  endfacet
  facet normal -0.991118 0.132982 0
    outer loop
      vertex 8.6328 13.1123 6
      vertex 8.61737 12.9973 5.5
      vertex 8.61737 12.9973 6
    endloop
  endfacet
  facet normal -0.999106 0.0422667 0
    outer loop
      vertex 8.6328 13.1123 5.5
      vertex 8.63794 13.2338 6
      vertex 8.63794 13.2338 5.5
    endloop
  endfacet
  facet normal -0.999106 0.0422667 0
    outer loop
      vertex 8.63794 13.2338 6
      vertex 8.6328 13.1123 5.5
      vertex 8.6328 13.1123 6
    endloop
  endfacet
  facet normal -0.999852 -0.0172059 0
    outer loop
      vertex 8.63794 13.2338 5.5
      vertex 8.63704 13.2861 6
      vertex 8.63704 13.2861 5.5
    endloop
  endfacet
  facet normal -0.999852 -0.0172059 0
    outer loop
      vertex 8.63704 13.2861 6
      vertex 8.63794 13.2338 5.5
      vertex 8.63794 13.2338 6
    endloop
  endfacet
  facet normal -0.998581 -0.0532576 0
    outer loop
      vertex 8.63704 13.2861 5.5
      vertex 8.63432 13.3371 6
      vertex 8.63432 13.3371 5.5
    endloop
  endfacet
  facet normal -0.998581 -0.0532576 0
    outer loop
      vertex 8.63432 13.3371 6
      vertex 8.63704 13.2861 5.5
      vertex 8.63704 13.2861 6
    endloop
  endfacet
  facet normal -0.995892 -0.0905538 0
    outer loop
      vertex 8.63432 13.3371 5.5
      vertex 8.62981 13.3867 6
      vertex 8.62981 13.3867 5.5
    endloop
  endfacet
  facet normal -0.995892 -0.0905538 0
    outer loop
      vertex 8.62981 13.3867 6
      vertex 8.63432 13.3371 5.5
      vertex 8.63432 13.3371 6
    endloop
  endfacet
  facet normal -0.991495 -0.130147 0
    outer loop
      vertex 8.62981 13.3867 5.5
      vertex 8.62347 13.435 6
      vertex 8.62347 13.435 5.5
    endloop
  endfacet
  facet normal -0.991495 -0.130147 0
    outer loop
      vertex 8.62347 13.435 6
      vertex 8.62981 13.3867 5.5
      vertex 8.62981 13.3867 6
    endloop
  endfacet
  facet normal -0.985244 -0.171155 0
    outer loop
      vertex 8.62347 13.435 5.5
      vertex 8.61534 13.4818 6
      vertex 8.61534 13.4818 5.5
    endloop
  endfacet
  facet normal -0.985244 -0.171155 0
    outer loop
      vertex 8.61534 13.4818 6
      vertex 8.62347 13.435 5.5
      vertex 8.62347 13.435 6
    endloop
  endfacet
  facet normal -0.976914 -0.213633 0
    outer loop
      vertex 8.61534 13.4818 5.5
      vertex 8.60539 13.5273 6
      vertex 8.60539 13.5273 5.5
    endloop
  endfacet
  facet normal -0.976914 -0.213633 0
    outer loop
      vertex 8.60539 13.5273 6
      vertex 8.61534 13.4818 5.5
      vertex 8.61534 13.4818 6
    endloop
  endfacet
  facet normal -0.966235 -0.257663 0
    outer loop
      vertex 8.60539 13.5273 5.5
      vertex 8.59363 13.5714 6
      vertex 8.59363 13.5714 5.5
    endloop
  endfacet
  facet normal -0.966235 -0.257663 0
    outer loop
      vertex 8.59363 13.5714 6
      vertex 8.60539 13.5273 5.5
      vertex 8.60539 13.5273 6
    endloop
  endfacet
  facet normal -0.953364 -0.301824 0
    outer loop
      vertex 8.59363 13.5714 5.5
      vertex 8.58008 13.6142 6
      vertex 8.58008 13.6142 5.5
    endloop
  endfacet
  facet normal -0.953364 -0.301824 0
    outer loop
      vertex 8.58008 13.6142 6
      vertex 8.59363 13.5714 5.5
      vertex 8.59363 13.5714 6
    endloop
  endfacet
  facet normal -0.937129 -0.348984 0
    outer loop
      vertex 8.58008 13.6142 5.5
      vertex 8.5647 13.6555 6
      vertex 8.5647 13.6555 5.5
    endloop
  endfacet
  facet normal -0.937129 -0.348984 0
    outer loop
      vertex 8.5647 13.6555 6
      vertex 8.58008 13.6142 5.5
      vertex 8.58008 13.6142 6
    endloop
  endfacet
  facet normal -0.920021 -0.391869 0
    outer loop
      vertex 8.5647 13.6555 5.5
      vertex 8.54762 13.6956 6
      vertex 8.54762 13.6956 5.5
    endloop
  endfacet
  facet normal -0.920021 -0.391869 0
    outer loop
      vertex 8.54762 13.6956 6
      vertex 8.5647 13.6555 5.5
      vertex 8.5647 13.6555 6
    endloop
  endfacet
  facet normal -0.900924 -0.433976 0
    outer loop
      vertex 8.54762 13.6956 5.5
      vertex 8.52893 13.7344 6
      vertex 8.52893 13.7344 5.5
    endloop
  endfacet
  facet normal -0.900924 -0.433976 0
    outer loop
      vertex 8.52893 13.7344 6
      vertex 8.54762 13.6956 5.5
      vertex 8.54762 13.6956 6
    endloop
  endfacet
  facet normal -0.879513 -0.475875 0
    outer loop
      vertex 8.52893 13.7344 5.5
      vertex 8.50864 13.7719 6
      vertex 8.50864 13.7719 5.5
    endloop
  endfacet
  facet normal -0.879513 -0.475875 0
    outer loop
      vertex 8.50864 13.7719 6
      vertex 8.52893 13.7344 5.5
      vertex 8.52893 13.7344 6
    endloop
  endfacet
  facet normal -0.85561 -0.517621 0
    outer loop
      vertex 8.50864 13.7719 5.5
      vertex 8.48674 13.8081 6
      vertex 8.48674 13.8081 5.5
    endloop
  endfacet
  facet normal -0.85561 -0.517621 0
    outer loop
      vertex 8.48674 13.8081 6
      vertex 8.50864 13.7719 5.5
      vertex 8.50864 13.7719 6
    endloop
  endfacet
  facet normal -0.830111 -0.557598 0
    outer loop
      vertex 8.48674 13.8081 5.5
      vertex 8.46323 13.8431 6
      vertex 8.46323 13.8431 5.5
    endloop
  endfacet
  facet normal -0.830111 -0.557598 0
    outer loop
      vertex 8.46323 13.8431 6
      vertex 8.48674 13.8081 5.5
      vertex 8.48674 13.8081 6
    endloop
  endfacet
  facet normal -0.801767 -0.597637 0
    outer loop
      vertex 8.46323 13.8431 5.5
      vertex 8.43811 13.8768 6
      vertex 8.43811 13.8768 5.5
    endloop
  endfacet
  facet normal -0.801767 -0.597637 0
    outer loop
      vertex 8.43811 13.8768 6
      vertex 8.46323 13.8431 5.5
      vertex 8.46323 13.8431 6
    endloop
  endfacet
  facet normal -0.771373 -0.636383 0
    outer loop
      vertex 8.43811 13.8768 5.5
      vertex 8.41138 13.9092 6
      vertex 8.41138 13.9092 5.5
    endloop
  endfacet
  facet normal -0.771373 -0.636383 0
    outer loop
      vertex 8.41138 13.9092 6
      vertex 8.43811 13.8768 5.5
      vertex 8.43811 13.8768 6
    endloop
  endfacet
  facet normal -0.740219 -0.672366 0
    outer loop
      vertex 8.41138 13.9092 5.5
      vertex 8.38304 13.9404 6
      vertex 8.38304 13.9404 5.5
    endloop
  endfacet
  facet normal -0.740219 -0.672366 0
    outer loop
      vertex 8.38304 13.9404 6
      vertex 8.41138 13.9092 5.5
      vertex 8.41138 13.9092 6
    endloop
  endfacet
  facet normal -0.705448 -0.708762 0
    outer loop
      vertex 8.3531 13.9702 5.5
      vertex 8.38304 13.9404 6
      vertex 8.3531 13.9702 6
    endloop
  endfacet
  facet normal -0.705448 -0.708762 -0
    outer loop
      vertex 8.38304 13.9404 6
      vertex 8.3531 13.9702 5.5
      vertex 8.38304 13.9404 5.5
    endloop
  endfacet
  facet normal -0.670707 -0.741723 0
    outer loop
      vertex 8.32114 13.9991 5.5
      vertex 8.3531 13.9702 6
      vertex 8.32114 13.9991 6
    endloop
  endfacet
  facet normal -0.670707 -0.741723 -0
    outer loop
      vertex 8.3531 13.9702 6
      vertex 8.32114 13.9991 5.5
      vertex 8.3531 13.9702 5.5
    endloop
  endfacet
  facet normal -0.631161 -0.775652 0
    outer loop
      vertex 8.28673 14.0271 5.5
      vertex 8.32114 13.9991 6
      vertex 8.28673 14.0271 6
    endloop
  endfacet
  facet normal -0.631161 -0.775652 -0
    outer loop
      vertex 8.32114 13.9991 6
      vertex 8.28673 14.0271 5.5
      vertex 8.32114 13.9991 5.5
    endloop
  endfacet
  facet normal -0.593869 -0.804562 0
    outer loop
      vertex 8.24988 14.0543 5.5
      vertex 8.28673 14.0271 6
      vertex 8.24988 14.0543 6
    endloop
  endfacet
  facet normal -0.593869 -0.804562 -0
    outer loop
      vertex 8.28673 14.0271 6
      vertex 8.24988 14.0543 5.5
      vertex 8.28673 14.0271 5.5
    endloop
  endfacet
  facet normal -0.557719 -0.83003 0
    outer loop
      vertex 8.21059 14.0807 5.5
      vertex 8.24988 14.0543 6
      vertex 8.21059 14.0807 6
    endloop
  endfacet
  facet normal -0.557719 -0.83003 -0
    outer loop
      vertex 8.24988 14.0543 6
      vertex 8.21059 14.0807 5.5
      vertex 8.24988 14.0543 5.5
    endloop
  endfacet
  facet normal -0.52273 -0.852499 0
    outer loop
      vertex 8.16884 14.1063 5.5
      vertex 8.21059 14.0807 6
      vertex 8.16884 14.1063 6
    endloop
  endfacet
  facet normal -0.52273 -0.852499 -0
    outer loop
      vertex 8.21059 14.0807 6
      vertex 8.16884 14.1063 5.5
      vertex 8.21059 14.0807 5.5
    endloop
  endfacet
  facet normal -0.489408 -0.872055 0
    outer loop
      vertex 8.12465 14.1311 5.5
      vertex 8.16884 14.1063 6
      vertex 8.12465 14.1311 6
    endloop
  endfacet
  facet normal -0.489408 -0.872055 -0
    outer loop
      vertex 8.16884 14.1063 6
      vertex 8.12465 14.1311 5.5
      vertex 8.16884 14.1063 5.5
    endloop
  endfacet
  facet normal -0.459138 -0.888365 0
    outer loop
      vertex 8.07802 14.1552 5.5
      vertex 8.12465 14.1311 6
      vertex 8.07802 14.1552 6
    endloop
  endfacet
  facet normal -0.459138 -0.888365 -0
    outer loop
      vertex 8.12465 14.1311 6
      vertex 8.07802 14.1552 5.5
      vertex 8.12465 14.1311 5.5
    endloop
  endfacet
  facet normal -0.427429 -0.904049 0
    outer loop
      vertex 8.02895 14.1784 5.5
      vertex 8.07802 14.1552 6
      vertex 8.02895 14.1784 6
    endloop
  endfacet
  facet normal -0.427429 -0.904049 -0
    outer loop
      vertex 8.07802 14.1552 6
      vertex 8.02895 14.1784 5.5
      vertex 8.07802 14.1552 5.5
    endloop
  endfacet
  facet normal -0.398661 -0.917098 0
    outer loop
      vertex 7.97742 14.2008 5.5
      vertex 8.02895 14.1784 6
      vertex 7.97742 14.2008 6
    endloop
  endfacet
  facet normal -0.398661 -0.917098 -0
    outer loop
      vertex 8.02895 14.1784 6
      vertex 7.97742 14.2008 5.5
      vertex 8.02895 14.1784 5.5
    endloop
  endfacet
  facet normal -0.365088 -0.930973 0
    outer loop
      vertex 7.92081 14.223 5.5
      vertex 7.97742 14.2008 6
      vertex 7.92081 14.223 6
    endloop
  endfacet
  facet normal -0.365088 -0.930973 -0
    outer loop
      vertex 7.97742 14.2008 6
      vertex 7.92081 14.223 5.5
      vertex 7.97742 14.2008 5.5
    endloop
  endfacet
  facet normal -0.331454 -0.943471 0
    outer loop
      vertex 7.85648 14.2456 5.5
      vertex 7.92081 14.223 6
      vertex 7.85648 14.2456 6
    endloop
  endfacet
  facet normal -0.331454 -0.943471 -0
    outer loop
      vertex 7.92081 14.223 6
      vertex 7.85648 14.2456 5.5
      vertex 7.92081 14.223 5.5
    endloop
  endfacet
  facet normal -0.30515 -0.952304 0
    outer loop
      vertex 7.78439 14.2687 5.5
      vertex 7.85648 14.2456 6
      vertex 7.78439 14.2687 6
    endloop
  endfacet
  facet normal -0.30515 -0.952304 -0
    outer loop
      vertex 7.85648 14.2456 6
      vertex 7.78439 14.2687 5.5
      vertex 7.85648 14.2456 5.5
    endloop
  endfacet
  facet normal -0.283532 -0.958963 0
    outer loop
      vertex 7.70457 14.2923 5.5
      vertex 7.78439 14.2687 6
      vertex 7.70457 14.2923 6
    endloop
  endfacet
  facet normal -0.283532 -0.958963 -0
    outer loop
      vertex 7.78439 14.2687 6
      vertex 7.70457 14.2923 5.5
      vertex 7.78439 14.2687 5.5
    endloop
  endfacet
  facet normal -0.263378 -0.964693 0
    outer loop
      vertex 7.61703 14.3162 5.5
      vertex 7.70457 14.2923 6
      vertex 7.61703 14.3162 6
    endloop
  endfacet
  facet normal -0.263378 -0.964693 -0
    outer loop
      vertex 7.70457 14.2923 6
      vertex 7.61703 14.3162 5.5
      vertex 7.70457 14.2923 5.5
    endloop
  endfacet
  facet normal -0.248057 -0.968745 0
    outer loop
      vertex 7.52174 14.3406 5.5
      vertex 7.61703 14.3162 6
      vertex 7.52174 14.3406 6
    endloop
  endfacet
  facet normal -0.248057 -0.968745 -0
    outer loop
      vertex 7.61703 14.3162 6
      vertex 7.52174 14.3406 5.5
      vertex 7.61703 14.3162 5.5
    endloop
  endfacet
  facet normal -0.234044 -0.972226 0
    outer loop
      vertex 7.41872 14.3654 5.5
      vertex 7.52174 14.3406 6
      vertex 7.41872 14.3654 6
    endloop
  endfacet
  facet normal -0.234044 -0.972226 -0
    outer loop
      vertex 7.52174 14.3406 6
      vertex 7.41872 14.3654 5.5
      vertex 7.52174 14.3406 5.5
    endloop
  endfacet
  facet normal -0.222667 -0.974895 0
    outer loop
      vertex 7.30795 14.3907 5.5
      vertex 7.41872 14.3654 6
      vertex 7.30795 14.3907 6
    endloop
  endfacet
  facet normal -0.222667 -0.974895 -0
    outer loop
      vertex 7.41872 14.3654 6
      vertex 7.30795 14.3907 5.5
      vertex 7.41872 14.3654 5.5
    endloop
  endfacet
  facet normal -0.21195 -0.97728 0
    outer loop
      vertex 7.18945 14.4164 5.5
      vertex 7.30795 14.3907 6
      vertex 7.18945 14.4164 6
    endloop
  endfacet
  facet normal -0.21195 -0.97728 -0
    outer loop
      vertex 7.30795 14.3907 6
      vertex 7.18945 14.4164 5.5
      vertex 7.30795 14.3907 5.5
    endloop
  endfacet
  facet normal -0.215555 -0.976492 0
    outer loop
      vertex 7.09024 14.4383 5.5
      vertex 7.18945 14.4164 6
      vertex 7.09024 14.4383 6
    endloop
  endfacet
  facet normal -0.215555 -0.976492 -0
    outer loop
      vertex 7.18945 14.4164 6
      vertex 7.09024 14.4383 5.5
      vertex 7.18945 14.4164 5.5
    endloop
  endfacet
  facet normal -0.223646 -0.97467 0
    outer loop
      vertex 6.99872 14.4593 5.5
      vertex 7.09024 14.4383 6
      vertex 6.99872 14.4593 6
    endloop
  endfacet
  facet normal -0.223646 -0.97467 -0
    outer loop
      vertex 7.09024 14.4383 6
      vertex 6.99872 14.4593 5.5
      vertex 7.09024 14.4383 5.5
    endloop
  endfacet
  facet normal -0.235354 -0.97191 0
    outer loop
      vertex 6.91489 14.4796 5.5
      vertex 6.99872 14.4593 6
      vertex 6.91489 14.4796 6
    endloop
  endfacet
  facet normal -0.235354 -0.97191 -0
    outer loop
      vertex 6.99872 14.4593 6
      vertex 6.91489 14.4796 5.5
      vertex 6.99872 14.4593 5.5
    endloop
  endfacet
  facet normal -0.245801 -0.96932 0
    outer loop
      vertex 6.83878 14.4989 5.5
      vertex 6.91489 14.4796 6
      vertex 6.83878 14.4989 6
    endloop
  endfacet
  facet normal -0.245801 -0.96932 -0
    outer loop
      vertex 6.91489 14.4796 6
      vertex 6.83878 14.4989 5.5
      vertex 6.91489 14.4796 5.5
    endloop
  endfacet
  facet normal -0.26233 -0.964978 0
    outer loop
      vertex 6.77036 14.5175 5.5
      vertex 6.83878 14.4989 6
      vertex 6.77036 14.5175 6
    endloop
  endfacet
  facet normal -0.26233 -0.964978 -0
    outer loop
      vertex 6.83878 14.4989 6
      vertex 6.77036 14.5175 5.5
      vertex 6.83878 14.4989 5.5
    endloop
  endfacet
  facet normal -0.279854 -0.960042 0
    outer loop
      vertex 6.70964 14.5352 5.5
      vertex 6.77036 14.5175 6
      vertex 6.70964 14.5352 6
    endloop
  endfacet
  facet normal -0.279854 -0.960042 -0
    outer loop
      vertex 6.77036 14.5175 6
      vertex 6.70964 14.5352 5.5
      vertex 6.77036 14.5175 5.5
    endloop
  endfacet
  facet normal -0.302061 -0.953289 0
    outer loop
      vertex 6.65662 14.552 5.5
      vertex 6.70964 14.5352 6
      vertex 6.65662 14.552 6
    endloop
  endfacet
  facet normal -0.302061 -0.953289 -0
    outer loop
      vertex 6.70964 14.5352 6
      vertex 6.65662 14.552 5.5
      vertex 6.70964 14.5352 5.5
    endloop
  endfacet
  facet normal -0.332973 -0.942937 0
    outer loop
      vertex 6.61131 14.568 5.5
      vertex 6.65662 14.552 6
      vertex 6.61131 14.568 6
    endloop
  endfacet
  facet normal -0.332973 -0.942937 -0
    outer loop
      vertex 6.65662 14.552 6
      vertex 6.61131 14.568 5.5
      vertex 6.65662 14.552 5.5
    endloop
  endfacet
  facet normal -0.374704 -0.927145 0
    outer loop
      vertex 6.5737 14.5832 5.5
      vertex 6.61131 14.568 6
      vertex 6.5737 14.5832 6
    endloop
  endfacet
  facet normal -0.374704 -0.927145 -0
    outer loop
      vertex 6.61131 14.568 6
      vertex 6.5737 14.5832 5.5
      vertex 6.61131 14.568 5.5
    endloop
  endfacet
  facet normal -0.417759 -0.908558 0
    outer loop
      vertex 6.54086 14.5983 5.5
      vertex 6.5737 14.5832 6
      vertex 6.54086 14.5983 6
    endloop
  endfacet
  facet normal -0.417759 -0.908558 -0
    outer loop
      vertex 6.5737 14.5832 6
      vertex 6.54086 14.5983 5.5
      vertex 6.5737 14.5832 5.5
    endloop
  endfacet
  facet normal -0.456725 -0.889608 0
    outer loop
      vertex 6.50989 14.6142 5.5
      vertex 6.54086 14.5983 6
      vertex 6.50989 14.6142 6
    endloop
  endfacet
  facet normal -0.456725 -0.889608 -0
    outer loop
      vertex 6.54086 14.5983 6
      vertex 6.50989 14.6142 5.5
      vertex 6.54086 14.5983 5.5
    endloop
  endfacet
  facet normal -0.49247 -0.870329 0
    outer loop
      vertex 6.48073 14.6307 5.5
      vertex 6.50989 14.6142 6
      vertex 6.48073 14.6307 6
    endloop
  endfacet
  facet normal -0.49247 -0.870329 -0
    outer loop
      vertex 6.50989 14.6142 6
      vertex 6.48073 14.6307 5.5
      vertex 6.50989 14.6142 5.5
    endloop
  endfacet
  facet normal -0.53306 -0.846078 0
    outer loop
      vertex 6.45343 14.6479 5.5
      vertex 6.48073 14.6307 6
      vertex 6.45343 14.6479 6
    endloop
  endfacet
  facet normal -0.53306 -0.846078 -0
    outer loop
      vertex 6.48073 14.6307 6
      vertex 6.45343 14.6479 5.5
      vertex 6.48073 14.6307 5.5
    endloop
  endfacet
  facet normal -0.577136 -0.816648 0
    outer loop
      vertex 6.42796 14.6659 5.5
      vertex 6.45343 14.6479 6
      vertex 6.42796 14.6659 6
    endloop
  endfacet
  facet normal -0.577136 -0.816648 -0
    outer loop
      vertex 6.45343 14.6479 6
      vertex 6.42796 14.6659 5.5
      vertex 6.45343 14.6479 5.5
    endloop
  endfacet
  facet normal -0.618512 -0.785776 0
    outer loop
      vertex 6.40433 14.6845 5.5
      vertex 6.42796 14.6659 6
      vertex 6.40433 14.6845 6
    endloop
  endfacet
  facet normal -0.618512 -0.785776 -0
    outer loop
      vertex 6.42796 14.6659 6
      vertex 6.40433 14.6845 5.5
      vertex 6.42796 14.6659 5.5
    endloop
  endfacet
  facet normal -0.663211 -0.748432 0
    outer loop
      vertex 6.38255 14.7038 5.5
      vertex 6.40433 14.6845 6
      vertex 6.38255 14.7038 6
    endloop
  endfacet
  facet normal -0.663211 -0.748432 -0
    outer loop
      vertex 6.40433 14.6845 6
      vertex 6.38255 14.7038 5.5
      vertex 6.40433 14.6845 5.5
    endloop
  endfacet
  facet normal -0.709927 -0.704276 0
    outer loop
      vertex 6.38255 14.7038 5.5
      vertex 6.36261 14.7239 6
      vertex 6.36261 14.7239 5.5
    endloop
  endfacet
  facet normal -0.709927 -0.704276 0
    outer loop
      vertex 6.36261 14.7239 6
      vertex 6.38255 14.7038 5.5
      vertex 6.38255 14.7038 6
    endloop
  endfacet
  facet normal -0.752622 -0.658453 0
    outer loop
      vertex 6.36261 14.7239 5.5
      vertex 6.3445 14.7446 6
      vertex 6.3445 14.7446 5.5
    endloop
  endfacet
  facet normal -0.752622 -0.658453 0
    outer loop
      vertex 6.3445 14.7446 6
      vertex 6.36261 14.7239 5.5
      vertex 6.36261 14.7239 6
    endloop
  endfacet
  facet normal -0.802291 -0.596934 0
    outer loop
      vertex 6.3445 14.7446 5.5
      vertex 6.32828 14.7664 6
      vertex 6.32828 14.7664 5.5
    endloop
  endfacet
  facet normal -0.802291 -0.596934 0
    outer loop
      vertex 6.32828 14.7664 6
      vertex 6.3445 14.7446 5.5
      vertex 6.3445 14.7446 6
    endloop
  endfacet
  facet normal -0.849936 -0.526887 0
    outer loop
      vertex 6.32828 14.7664 5.5
      vertex 6.31396 14.7895 6
      vertex 6.31396 14.7895 5.5
    endloop
  endfacet
  facet normal -0.849936 -0.526887 0
    outer loop
      vertex 6.31396 14.7895 6
      vertex 6.32828 14.7664 5.5
      vertex 6.32828 14.7664 6
    endloop
  endfacet
  facet normal -0.891485 -0.45305 0
    outer loop
      vertex 6.31396 14.7895 5.5
      vertex 6.30156 14.8139 6
      vertex 6.30156 14.8139 5.5
    endloop
  endfacet
  facet normal -0.891485 -0.45305 0
    outer loop
      vertex 6.30156 14.8139 6
      vertex 6.31396 14.7895 5.5
      vertex 6.31396 14.7895 6
    endloop
  endfacet
  facet normal -0.926482 -0.376339 0
    outer loop
      vertex 6.30156 14.8139 5.5
      vertex 6.29108 14.8397 6
      vertex 6.29108 14.8397 5.5
    endloop
  endfacet
  facet normal -0.926482 -0.376339 0
    outer loop
      vertex 6.29108 14.8397 6
      vertex 6.30156 14.8139 5.5
      vertex 6.30156 14.8139 6
    endloop
  endfacet
  facet normal -0.953577 -0.301148 0
    outer loop
      vertex 6.29108 14.8397 5.5
      vertex 6.28249 14.8669 6
      vertex 6.28249 14.8669 5.5
    endloop
  endfacet
  facet normal -0.953577 -0.301148 0
    outer loop
      vertex 6.28249 14.8669 6
      vertex 6.29108 14.8397 5.5
      vertex 6.29108 14.8397 6
    endloop
  endfacet
  facet normal -0.973359 -0.229288 0
    outer loop
      vertex 6.28249 14.8669 5.5
      vertex 6.2758 14.8953 6
      vertex 6.2758 14.8953 5.5
    endloop
  endfacet
  facet normal -0.973359 -0.229288 0
    outer loop
      vertex 6.2758 14.8953 6
      vertex 6.28249 14.8669 5.5
      vertex 6.28249 14.8669 6
    endloop
  endfacet
  facet normal -0.987482 -0.157732 0
    outer loop
      vertex 6.2758 14.8953 5.5
      vertex 6.27104 14.9251 6
      vertex 6.27104 14.9251 5.5
    endloop
  endfacet
  facet normal -0.987482 -0.157732 0
    outer loop
      vertex 6.27104 14.9251 6
      vertex 6.2758 14.8953 5.5
      vertex 6.2758 14.8953 6
    endloop
  endfacet
  facet normal -0.995796 -0.0916005 0
    outer loop
      vertex 6.27104 14.9251 5.5
      vertex 6.26817 14.9563 6
      vertex 6.26817 14.9563 5.5
    endloop
  endfacet
  facet normal -0.995796 -0.0916005 0
    outer loop
      vertex 6.26817 14.9563 6
      vertex 6.27104 14.9251 5.5
      vertex 6.27104 14.9251 6
    endloop
  endfacet
  facet normal -0.999582 -0.028911 0
    outer loop
      vertex 6.26817 14.9563 5.5
      vertex 6.26723 14.9888 6
      vertex 6.26723 14.9888 5.5
    endloop
  endfacet
  facet normal -0.999582 -0.028911 0
    outer loop
      vertex 6.26723 14.9888 6
      vertex 6.26817 14.9563 5.5
      vertex 6.26817 14.9563 6
    endloop
  endfacet
  facet normal -0.995627 0.0934181 0
    outer loop
      vertex 6.26723 14.9888 5.5
      vertex 6.2762 15.0844 6
      vertex 6.2762 15.0844 5.5
    endloop
  endfacet
  facet normal -0.995627 0.0934181 0
    outer loop
      vertex 6.2762 15.0844 6
      vertex 6.26723 14.9888 5.5
      vertex 6.26723 14.9888 6
    endloop
  endfacet
  facet normal -0.952712 0.303875 0
    outer loop
      vertex 6.2762 15.0844 5.5
      vertex 6.30312 15.1688 6
      vertex 6.30312 15.1688 5.5
    endloop
  endfacet
  facet normal -0.952712 0.303875 0
    outer loop
      vertex 6.30312 15.1688 6
      vertex 6.2762 15.0844 5.5
      vertex 6.2762 15.0844 6
    endloop
  endfacet
  facet normal -0.852254 0.523128 0
    outer loop
      vertex 6.30312 15.1688 5.5
      vertex 6.34799 15.2419 6
      vertex 6.34799 15.2419 5.5
    endloop
  endfacet
  facet normal -0.852254 0.523128 0
    outer loop
      vertex 6.34799 15.2419 6
      vertex 6.30312 15.1688 5.5
      vertex 6.30312 15.1688 6
    endloop
  endfacet
  facet normal -0.701872 0.712303 0
    outer loop
      vertex 6.41081 15.3038 5.5
      vertex 6.34799 15.2419 6
      vertex 6.41081 15.3038 6
    endloop
  endfacet
  facet normal -0.701872 0.712303 0
    outer loop
      vertex 6.34799 15.2419 6
      vertex 6.41081 15.3038 5.5
      vertex 6.34799 15.2419 5.5
    endloop
  endfacet
  facet normal -0.530847 0.847467 0
    outer loop
      vertex 6.49159 15.3544 5.5
      vertex 6.41081 15.3038 6
      vertex 6.49159 15.3544 6
    endloop
  endfacet
  facet normal -0.530847 0.847467 0
    outer loop
      vertex 6.41081 15.3038 6
      vertex 6.49159 15.3544 5.5
      vertex 6.41081 15.3038 5.5
    endloop
  endfacet
  facet normal -0.370644 0.928775 0
    outer loop
      vertex 6.59032 15.3938 5.5
      vertex 6.49159 15.3544 6
      vertex 6.59032 15.3938 6
    endloop
  endfacet
  facet normal -0.370644 0.928775 0
    outer loop
      vertex 6.49159 15.3544 6
      vertex 6.59032 15.3938 5.5
      vertex 6.49159 15.3544 5.5
    endloop
  endfacet
  facet normal -0.234942 0.972009 0
    outer loop
      vertex 6.70699 15.422 5.5
      vertex 6.59032 15.3938 6
      vertex 6.70699 15.422 6
    endloop
  endfacet
  facet normal -0.234942 0.972009 0
    outer loop
      vertex 6.59032 15.3938 6
      vertex 6.70699 15.422 5.5
      vertex 6.59032 15.3938 5.5
    endloop
  endfacet
  facet normal -0.123835 0.992303 0
    outer loop
      vertex 6.84161 15.4388 5.5
      vertex 6.70699 15.422 6
      vertex 6.84161 15.4388 6
    endloop
  endfacet
  facet normal -0.123835 0.992303 0
    outer loop
      vertex 6.70699 15.422 6
      vertex 6.84161 15.4388 5.5
      vertex 6.70699 15.422 5.5
    endloop
  endfacet
  facet normal -0.0373314 0.999303 0
    outer loop
      vertex 6.99419 15.4445 5.5
      vertex 6.84161 15.4388 6
      vertex 6.99419 15.4445 6
    endloop
  endfacet
  facet normal -0.0373314 0.999303 0
    outer loop
      vertex 6.84161 15.4388 6
      vertex 6.99419 15.4445 5.5
      vertex 6.84161 15.4388 5.5
    endloop
  endfacet
  facet normal 0.0216253 0.999766 -0
    outer loop
      vertex 7.06816 15.4429 5.5
      vertex 6.99419 15.4445 6
      vertex 7.06816 15.4429 6
    endloop
  endfacet
  facet normal 0.0216253 0.999766 0
    outer loop
      vertex 6.99419 15.4445 6
      vertex 7.06816 15.4429 5.5
      vertex 6.99419 15.4445 5.5
    endloop
  endfacet
  facet normal 0.0654983 0.997853 -0
    outer loop
      vertex 7.13824 15.4383 5.5
      vertex 7.06816 15.4429 6
      vertex 7.13824 15.4383 6
    endloop
  endfacet
  facet normal 0.0654983 0.997853 0
    outer loop
      vertex 7.06816 15.4429 6
      vertex 7.13824 15.4383 5.5
      vertex 7.06816 15.4429 5.5
    endloop
  endfacet
  facet normal 0.115621 0.993293 -0
    outer loop
      vertex 7.20439 15.4306 5.5
      vertex 7.13824 15.4383 6
      vertex 7.20439 15.4306 6
    endloop
  endfacet
  facet normal 0.115621 0.993293 0
    outer loop
      vertex 7.13824 15.4383 6
      vertex 7.20439 15.4306 5.5
      vertex 7.13824 15.4383 5.5
    endloop
  endfacet
  facet normal 0.170994 0.985272 -0
    outer loop
      vertex 7.26662 15.4198 5.5
      vertex 7.20439 15.4306 6
      vertex 7.26662 15.4198 6
    endloop
  endfacet
  facet normal 0.170994 0.985272 0
    outer loop
      vertex 7.20439 15.4306 6
      vertex 7.26662 15.4198 5.5
      vertex 7.20439 15.4306 5.5
    endloop
  endfacet
  facet normal 0.231846 0.972752 -0
    outer loop
      vertex 7.32494 15.4059 5.5
      vertex 7.26662 15.4198 6
      vertex 7.32494 15.4059 6
    endloop
  endfacet
  facet normal 0.231846 0.972752 0
    outer loop
      vertex 7.26662 15.4198 6
      vertex 7.32494 15.4059 5.5
      vertex 7.26662 15.4198 5.5
    endloop
  endfacet
  facet normal 0.296725 0.954963 -0
    outer loop
      vertex 7.37933 15.389 5.5
      vertex 7.32494 15.4059 6
      vertex 7.37933 15.389 6
    endloop
  endfacet
  facet normal 0.296725 0.954963 0
    outer loop
      vertex 7.32494 15.4059 6
      vertex 7.37933 15.389 5.5
      vertex 7.32494 15.4059 5.5
    endloop
  endfacet
  facet normal 0.36834 0.929691 -0
    outer loop
      vertex 7.42981 15.369 5.5
      vertex 7.37933 15.389 6
      vertex 7.42981 15.369 6
    endloop
  endfacet
  facet normal 0.36834 0.929691 0
    outer loop
      vertex 7.37933 15.389 6
      vertex 7.42981 15.369 5.5
      vertex 7.37933 15.389 5.5
    endloop
  endfacet
  facet normal 0.445906 0.89508 -0
    outer loop
      vertex 7.47638 15.3458 5.5
      vertex 7.42981 15.369 6
      vertex 7.47638 15.3458 6
    endloop
  endfacet
  facet normal 0.445906 0.89508 0
    outer loop
      vertex 7.42981 15.369 6
      vertex 7.47638 15.3458 5.5
      vertex 7.42981 15.369 5.5
    endloop
  endfacet
  facet normal 0.521976 0.85296 -0
    outer loop
      vertex 7.51903 15.3197 5.5
      vertex 7.47638 15.3458 6
      vertex 7.51903 15.3197 6
    endloop
  endfacet
  facet normal 0.521976 0.85296 0
    outer loop
      vertex 7.47638 15.3458 6
      vertex 7.51903 15.3197 5.5
      vertex 7.47638 15.3458 5.5
    endloop
  endfacet
  facet normal 0.599182 0.800613 -0
    outer loop
      vertex 7.55818 15.2904 5.5
      vertex 7.51903 15.3197 6
      vertex 7.55818 15.2904 6
    endloop
  endfacet
  facet normal 0.599182 0.800613 0
    outer loop
      vertex 7.51903 15.3197 6
      vertex 7.55818 15.2904 5.5
      vertex 7.51903 15.3197 5.5
    endloop
  endfacet
  facet normal 0.665338 0.746542 -0
    outer loop
      vertex 7.59431 15.2582 5.5
      vertex 7.55818 15.2904 6
      vertex 7.59431 15.2582 6
    endloop
  endfacet
  facet normal 0.665338 0.746542 0
    outer loop
      vertex 7.55818 15.2904 6
      vertex 7.59431 15.2582 5.5
      vertex 7.55818 15.2904 5.5
    endloop
  endfacet
  facet normal 0.729782 0.68368 0
    outer loop
      vertex 7.62738 15.2229 6
      vertex 7.59431 15.2582 5.5
      vertex 7.59431 15.2582 6
    endloop
  endfacet
  facet normal 0.729782 0.68368 0
    outer loop
      vertex 7.59431 15.2582 5.5
      vertex 7.62738 15.2229 6
      vertex 7.62738 15.2229 5.5
    endloop
  endfacet
  facet normal 0.786945 0.617023 0
    outer loop
      vertex 7.65741 15.1846 6
      vertex 7.62738 15.2229 5.5
      vertex 7.62738 15.2229 6
    endloop
  endfacet
  facet normal 0.786945 0.617023 0
    outer loop
      vertex 7.62738 15.2229 5.5
      vertex 7.65741 15.1846 6
      vertex 7.65741 15.1846 5.5
    endloop
  endfacet
  facet normal 0.836769 0.547556 0
    outer loop
      vertex 7.68437 15.1434 6
      vertex 7.65741 15.1846 5.5
      vertex 7.65741 15.1846 6
    endloop
  endfacet
  facet normal 0.836769 0.547556 0
    outer loop
      vertex 7.65741 15.1846 5.5
      vertex 7.68437 15.1434 6
      vertex 7.68437 15.1434 5.5
    endloop
  endfacet
  facet normal 0.880286 0.474443 0
    outer loop
      vertex 7.7083 15.099 6
      vertex 7.68437 15.1434 5.5
      vertex 7.68437 15.1434 6
    endloop
  endfacet
  facet normal 0.880286 0.474443 0
    outer loop
      vertex 7.68437 15.1434 5.5
      vertex 7.7083 15.099 6
      vertex 7.7083 15.099 5.5
    endloop
  endfacet
  facet normal 0.914901 0.403678 0
    outer loop
      vertex 7.72917 15.0517 6
      vertex 7.7083 15.099 5.5
      vertex 7.7083 15.099 6
    endloop
  endfacet
  facet normal 0.914901 0.403678 0
    outer loop
      vertex 7.7083 15.099 5.5
      vertex 7.72917 15.0517 6
      vertex 7.72917 15.0517 5.5
    endloop
  endfacet
  facet normal 0.942477 0.33427 0
    outer loop
      vertex 7.74701 15.0014 6
      vertex 7.72917 15.0517 5.5
      vertex 7.72917 15.0517 6
    endloop
  endfacet
  facet normal 0.942477 0.33427 0
    outer loop
      vertex 7.72917 15.0517 5.5
      vertex 7.74701 15.0014 6
      vertex 7.74701 15.0014 5.5
    endloop
  endfacet
  facet normal 0.963684 0.267047 0
    outer loop
      vertex 7.76178 14.9481 6
      vertex 7.74701 15.0014 5.5
      vertex 7.74701 15.0014 6
    endloop
  endfacet
  facet normal 0.963684 0.267047 0
    outer loop
      vertex 7.74701 15.0014 5.5
      vertex 7.76178 14.9481 6
      vertex 7.76178 14.9481 5.5
    endloop
  endfacet
  facet normal -0.134999 0.990846 0
    outer loop
      vertex 8.53758 15.0538 5.5
      vertex 7.76178 14.9481 6
      vertex 8.53758 15.0538 6
    endloop
  endfacet
  facet normal -0.134999 0.990846 0
    outer loop
      vertex 7.76178 14.9481 6
      vertex 8.53758 15.0538 5.5
      vertex 7.76178 14.9481 5.5
    endloop
  endfacet
  facet normal -0.973292 -0.22957 0
    outer loop
      vertex 8.53758 15.0538 5.5
      vertex 8.51154 15.1642 6
      vertex 8.51154 15.1642 5.5
    endloop
  endfacet
  facet normal -0.973292 -0.22957 0
    outer loop
      vertex 8.51154 15.1642 6
      vertex 8.53758 15.0538 5.5
      vertex 8.53758 15.0538 6
    endloop
  endfacet
  facet normal -0.954375 -0.298612 0
    outer loop
      vertex 8.51154 15.1642 5.5
      vertex 8.47925 15.2674 6
      vertex 8.47925 15.2674 5.5
    endloop
  endfacet
  facet normal -0.954375 -0.298612 0
    outer loop
      vertex 8.47925 15.2674 6
      vertex 8.51154 15.1642 5.5
      vertex 8.51154 15.1642 6
    endloop
  endfacet
  facet normal -0.927876 -0.37289 0
    outer loop
      vertex 8.47925 15.2674 5.5
      vertex 8.44067 15.3634 6
      vertex 8.44067 15.3634 5.5
    endloop
  endfacet
  facet normal -0.927876 -0.37289 0
    outer loop
      vertex 8.44067 15.3634 6
      vertex 8.47925 15.2674 5.5
      vertex 8.47925 15.2674 6
    endloop
  endfacet
  facet normal -0.892772 -0.450508 0
    outer loop
      vertex 8.44067 15.3634 5.5
      vertex 8.39586 15.4522 6
      vertex 8.39586 15.4522 5.5
    endloop
  endfacet
  facet normal -0.892772 -0.450508 0
    outer loop
      vertex 8.39586 15.4522 6
      vertex 8.44067 15.3634 5.5
      vertex 8.44067 15.3634 6
    endloop
  endfacet
  facet normal -0.847823 -0.530279 0
    outer loop
      vertex 8.39586 15.4522 5.5
      vertex 8.34476 15.5339 6
      vertex 8.34476 15.5339 5.5
    endloop
  endfacet
  facet normal -0.847823 -0.530279 0
    outer loop
      vertex 8.34476 15.5339 6
      vertex 8.39586 15.4522 5.5
      vertex 8.39586 15.4522 6
    endloop
  endfacet
  facet normal -0.792406 -0.609993 0
    outer loop
      vertex 8.34476 15.5339 5.5
      vertex 8.28741 15.6084 6
      vertex 8.28741 15.6084 5.5
    endloop
  endfacet
  facet normal -0.792406 -0.609993 0
    outer loop
      vertex 8.28741 15.6084 6
      vertex 8.34476 15.5339 5.5
      vertex 8.34476 15.5339 6
    endloop
  endfacet
  facet normal -0.727258 -0.686364 0
    outer loop
      vertex 8.28741 15.6084 5.5
      vertex 8.2238 15.6758 6
      vertex 8.2238 15.6758 5.5
    endloop
  endfacet
  facet normal -0.727258 -0.686364 0
    outer loop
      vertex 8.2238 15.6758 6
      vertex 8.28741 15.6084 5.5
      vertex 8.28741 15.6084 6
    endloop
  endfacet
  facet normal -0.652059 -0.758168 0
    outer loop
      vertex 8.15392 15.7359 5.5
      vertex 8.2238 15.6758 6
      vertex 8.15392 15.7359 6
    endloop
  endfacet
  facet normal -0.652059 -0.758168 -0
    outer loop
      vertex 8.2238 15.6758 6
      vertex 8.15392 15.7359 5.5
      vertex 8.2238 15.6758 5.5
    endloop
  endfacet
  facet normal -0.571254 -0.820773 0
    outer loop
      vertex 8.07777 15.7889 5.5
      vertex 8.15392 15.7359 6
      vertex 8.07777 15.7889 6
    endloop
  endfacet
  facet normal -0.571254 -0.820773 -0
    outer loop
      vertex 8.15392 15.7359 6
      vertex 8.07777 15.7889 5.5
      vertex 8.15392 15.7359 5.5
    endloop
  endfacet
  facet normal -0.487548 -0.873096 0
    outer loop
      vertex 7.99414 15.8356 5.5
      vertex 8.07777 15.7889 6
      vertex 7.99414 15.8356 6
    endloop
  endfacet
  facet normal -0.487548 -0.873096 -0
    outer loop
      vertex 8.07777 15.7889 6
      vertex 7.99414 15.8356 5.5
      vertex 8.07777 15.7889 5.5
    endloop
  endfacet
  facet normal -0.407386 -0.913256 0
    outer loop
      vertex 7.90178 15.8768 5.5
      vertex 7.99414 15.8356 6
      vertex 7.90178 15.8768 6
    endloop
  endfacet
  facet normal -0.407386 -0.913256 -0
    outer loop
      vertex 7.99414 15.8356 6
      vertex 7.90178 15.8768 5.5
      vertex 7.99414 15.8356 5.5
    endloop
  endfacet
  facet normal -0.332908 -0.942959 0
    outer loop
      vertex 7.80066 15.9125 5.5
      vertex 7.90178 15.8768 6
      vertex 7.80066 15.9125 6
    endloop
  endfacet
  facet normal -0.332908 -0.942959 -0
    outer loop
      vertex 7.90178 15.8768 6
      vertex 7.80066 15.9125 5.5
      vertex 7.90178 15.8768 5.5
    endloop
  endfacet
  facet normal -0.265085 -0.964225 0
    outer loop
      vertex 7.69081 15.9427 5.5
      vertex 7.80066 15.9125 6
      vertex 7.69081 15.9427 6
    endloop
  endfacet
  facet normal -0.265085 -0.964225 -0
    outer loop
      vertex 7.80066 15.9125 6
      vertex 7.69081 15.9427 5.5
      vertex 7.80066 15.9125 5.5
    endloop
  endfacet
  facet normal -0.203872 -0.978998 0
    outer loop
      vertex 7.5722 15.9674 5.5
      vertex 7.69081 15.9427 6
      vertex 7.5722 15.9674 6
    endloop
  endfacet
  facet normal -0.203872 -0.978998 -0
    outer loop
      vertex 7.69081 15.9427 6
      vertex 7.5722 15.9674 5.5
      vertex 7.69081 15.9427 5.5
    endloop
  endfacet
  facet normal -0.149863 -0.988707 0
    outer loop
      vertex 7.44487 15.9867 5.5
      vertex 7.5722 15.9674 6
      vertex 7.44487 15.9867 6
    endloop
  endfacet
  facet normal -0.149863 -0.988707 -0
    outer loop
      vertex 7.5722 15.9674 6
      vertex 7.44487 15.9867 5.5
      vertex 7.5722 15.9674 5.5
    endloop
  endfacet
  facet normal -0.10017 -0.99497 0
    outer loop
      vertex 7.30879 16.0004 5.5
      vertex 7.44487 15.9867 6
      vertex 7.30879 16.0004 6
    endloop
  endfacet
  facet normal -0.10017 -0.99497 -0
    outer loop
      vertex 7.44487 15.9867 6
      vertex 7.30879 16.0004 5.5
      vertex 7.44487 15.9867 5.5
    endloop
  endfacet
  facet normal -0.0565392 -0.9984 0
    outer loop
      vertex 7.16399 16.0086 5.5
      vertex 7.30879 16.0004 6
      vertex 7.16399 16.0086 6
    endloop
  endfacet
  facet normal -0.0565392 -0.9984 -0
    outer loop
      vertex 7.30879 16.0004 6
      vertex 7.16399 16.0086 5.5
      vertex 7.30879 16.0004 5.5
    endloop
  endfacet
  facet normal -0.0182297 -0.999834 0
    outer loop
      vertex 7.01042 16.0114 5.5
      vertex 7.16399 16.0086 6
      vertex 7.01042 16.0114 6
    endloop
  endfacet
  facet normal -0.0182297 -0.999834 -0
    outer loop
      vertex 7.16399 16.0086 6
      vertex 7.01042 16.0114 5.5
      vertex 7.16399 16.0086 5.5
    endloop
  endfacet
  facet normal 0.0211422 -0.999776 0
    outer loop
      vertex 6.84964 16.008 5.5
      vertex 7.01042 16.0114 6
      vertex 6.84964 16.008 6
    endloop
  endfacet
  facet normal 0.0211422 -0.999776 0
    outer loop
      vertex 7.01042 16.0114 6
      vertex 6.84964 16.008 5.5
      vertex 7.01042 16.0114 5.5
    endloop
  endfacet
  facet normal 0.0669328 -0.997757 0
    outer loop
      vertex 6.69759 15.9978 5.5
      vertex 6.84964 16.008 6
      vertex 6.69759 15.9978 6
    endloop
  endfacet
  facet normal 0.0669328 -0.997757 0
    outer loop
      vertex 6.84964 16.008 6
      vertex 6.69759 15.9978 5.5
      vertex 6.84964 16.008 5.5
    endloop
  endfacet
  facet normal 0.117798 -0.993038 0
    outer loop
      vertex 6.55428 15.9808 5.5
      vertex 6.69759 15.9978 6
      vertex 6.55428 15.9808 6
    endloop
  endfacet
  facet normal 0.117798 -0.993038 0
    outer loop
      vertex 6.69759 15.9978 6
      vertex 6.55428 15.9808 5.5
      vertex 6.69759 15.9978 5.5
    endloop
  endfacet
  facet normal 0.174169 -0.984716 0
    outer loop
      vertex 6.41972 15.957 5.5
      vertex 6.55428 15.9808 6
      vertex 6.41972 15.957 6
    endloop
  endfacet
  facet normal 0.174169 -0.984716 0
    outer loop
      vertex 6.55428 15.9808 6
      vertex 6.41972 15.957 5.5
      vertex 6.55428 15.9808 5.5
    endloop
  endfacet
  facet normal 0.236281 -0.971685 0
    outer loop
      vertex 6.29388 15.9264 5.5
      vertex 6.41972 15.957 6
      vertex 6.29388 15.9264 6
    endloop
  endfacet
  facet normal 0.236281 -0.971685 0
    outer loop
      vertex 6.41972 15.957 6
      vertex 6.29388 15.9264 5.5
      vertex 6.41972 15.957 5.5
    endloop
  endfacet
  facet normal 0.304292 -0.952579 0
    outer loop
      vertex 6.1768 15.889 5.5
      vertex 6.29388 15.9264 6
      vertex 6.1768 15.889 6
    endloop
  endfacet
  facet normal 0.304292 -0.952579 0
    outer loop
      vertex 6.29388 15.9264 6
      vertex 6.1768 15.889 5.5
      vertex 6.29388 15.9264 5.5
    endloop
  endfacet
  facet normal 0.377718 -0.925921 0
    outer loop
      vertex 6.06845 15.8448 5.5
      vertex 6.1768 15.889 6
      vertex 6.06845 15.8448 6
    endloop
  endfacet
  facet normal 0.377718 -0.925921 0
    outer loop
      vertex 6.1768 15.889 6
      vertex 6.06845 15.8448 5.5
      vertex 6.1768 15.889 5.5
    endloop
  endfacet
  facet normal 0.455736 -0.890115 0
    outer loop
      vertex 5.96884 15.7938 5.5
      vertex 6.06845 15.8448 6
      vertex 5.96884 15.7938 6
    endloop
  endfacet
  facet normal 0.455736 -0.890115 0
    outer loop
      vertex 6.06845 15.8448 6
      vertex 5.96884 15.7938 5.5
      vertex 6.06845 15.8448 5.5
    endloop
  endfacet
  facet normal 0.536082 -0.844166 0
    outer loop
      vertex 5.87798 15.7361 5.5
      vertex 5.96884 15.7938 6
      vertex 5.87798 15.7361 6
    endloop
  endfacet
  facet normal 0.536082 -0.844166 0
    outer loop
      vertex 5.96884 15.7938 6
      vertex 5.87798 15.7361 5.5
      vertex 5.96884 15.7938 5.5
    endloop
  endfacet
  facet normal 0.617958 -0.786211 0
    outer loop
      vertex 5.7963 15.6719 5.5
      vertex 5.87798 15.7361 6
      vertex 5.7963 15.6719 6
    endloop
  endfacet
  facet normal 0.617958 -0.786211 0
    outer loop
      vertex 5.87798 15.7361 6
      vertex 5.7963 15.6719 5.5
      vertex 5.87798 15.7361 5.5
    endloop
  endfacet
  facet normal 0.697653 -0.716436 0
    outer loop
      vertex 5.72421 15.6017 5.5
      vertex 5.7963 15.6719 6
      vertex 5.72421 15.6017 6
    endloop
  endfacet
  facet normal 0.697653 -0.716436 0
    outer loop
      vertex 5.7963 15.6719 6
      vertex 5.72421 15.6017 5.5
      vertex 5.7963 15.6719 5.5
    endloop
  endfacet
  facet normal 0.773337 -0.633995 0
    outer loop
      vertex 5.66174 15.5255 6
      vertex 5.72421 15.6017 5.5
      vertex 5.72421 15.6017 6
    endloop
  endfacet
  facet normal 0.773337 -0.633995 0
    outer loop
      vertex 5.72421 15.6017 5.5
      vertex 5.66174 15.5255 6
      vertex 5.66174 15.5255 5.5
    endloop
  endfacet
  facet normal 0.840752 -0.54142 0
    outer loop
      vertex 5.60887 15.4434 6
      vertex 5.66174 15.5255 5.5
      vertex 5.66174 15.5255 6
    endloop
  endfacet
  facet normal 0.840752 -0.54142 0
    outer loop
      vertex 5.66174 15.5255 5.5
      vertex 5.60887 15.4434 6
      vertex 5.60887 15.4434 5.5
    endloop
  endfacet
  facet normal 0.897902 -0.440196 0
    outer loop
      vertex 5.56563 15.3552 6
      vertex 5.60887 15.4434 5.5
      vertex 5.60887 15.4434 6
    endloop
  endfacet
  facet normal 0.897902 -0.440196 0
    outer loop
      vertex 5.60887 15.4434 5.5
      vertex 5.56563 15.3552 6
      vertex 5.56563 15.3552 5.5
    endloop
  endfacet
  facet normal 0.941606 -0.336717 0
    outer loop
      vertex 5.53198 15.2611 6
      vertex 5.56563 15.3552 5.5
      vertex 5.56563 15.3552 6
    endloop
  endfacet
  facet normal 0.941606 -0.336717 0
    outer loop
      vertex 5.56563 15.3552 5.5
      vertex 5.53198 15.2611 6
      vertex 5.53198 15.2611 5.5
    endloop
  endfacet
  facet normal 0.972471 -0.233024 0
    outer loop
      vertex 5.50797 15.1609 6
      vertex 5.53198 15.2611 5.5
      vertex 5.53198 15.2611 6
    endloop
  endfacet
  facet normal 0.972471 -0.233024 0
    outer loop
      vertex 5.53198 15.2611 5.5
      vertex 5.50797 15.1609 6
      vertex 5.50797 15.1609 5.5
    endloop
  endfacet
  facet normal 0.99089 -0.134671 0
    outer loop
      vertex 5.49355 15.0548 6
      vertex 5.50797 15.1609 5.5
      vertex 5.50797 15.1609 6
    endloop
  endfacet
  facet normal 0.99089 -0.134671 0
    outer loop
      vertex 5.50797 15.1609 5.5
      vertex 5.49355 15.0548 6
      vertex 5.49355 15.0548 5.5
    endloop
  endfacet
  facet normal 0.999081 -0.0428687 0
    outer loop
      vertex 5.48874 14.9427 6
      vertex 5.49355 15.0548 5.5
      vertex 5.49355 15.0548 6
    endloop
  endfacet
  facet normal 0.999081 -0.0428687 0
    outer loop
      vertex 5.49355 15.0548 5.5
      vertex 5.48874 14.9427 6
      vertex 5.48874 14.9427 5.5
    endloop
  endfacet
  facet normal 0.999891 0.0147635 0
    outer loop
      vertex 5.4894 14.898 6
      vertex 5.48874 14.9427 5.5
      vertex 5.48874 14.9427 6
    endloop
  endfacet
  facet normal 0.999891 0.0147635 0
    outer loop
      vertex 5.48874 14.9427 5.5
      vertex 5.4894 14.898 6
      vertex 5.4894 14.898 5.5
    endloop
  endfacet
  facet normal 0.998997 0.0447826 0
    outer loop
      vertex 5.49135 14.8545 6
      vertex 5.4894 14.898 5.5
      vertex 5.4894 14.898 6
    endloop
  endfacet
  facet normal 0.998997 0.0447826 0
    outer loop
      vertex 5.4894 14.898 5.5
      vertex 5.49135 14.8545 6
      vertex 5.49135 14.8545 5.5
    endloop
  endfacet
  facet normal 0.997057 0.0766605 0
    outer loop
      vertex 5.49461 14.8121 6
      vertex 5.49135 14.8545 5.5
      vertex 5.49135 14.8545 6
    endloop
  endfacet
  facet normal 0.997057 0.0766605 0
    outer loop
      vertex 5.49135 14.8545 5.5
      vertex 5.49461 14.8121 6
      vertex 5.49461 14.8121 5.5
    endloop
  endfacet
  facet normal 0.993878 0.110484 0
    outer loop
      vertex 5.49919 14.7709 6
      vertex 5.49461 14.8121 5.5
      vertex 5.49461 14.8121 6
    endloop
  endfacet
  facet normal 0.993878 0.110484 0
    outer loop
      vertex 5.49461 14.8121 5.5
      vertex 5.49919 14.7709 6
      vertex 5.49919 14.7709 5.5
    endloop
  endfacet
  facet normal 0.98942 0.145082 0
    outer loop
      vertex 5.50507 14.7308 6
      vertex 5.49919 14.7709 5.5
      vertex 5.49919 14.7709 6
    endloop
  endfacet
  facet normal 0.98942 0.145082 0
    outer loop
      vertex 5.49919 14.7709 5.5
      vertex 5.50507 14.7308 6
      vertex 5.50507 14.7308 5.5
    endloop
  endfacet
  facet normal 0.983434 0.181265 0
    outer loop
      vertex 5.51224 14.6919 6
      vertex 5.50507 14.7308 5.5
      vertex 5.50507 14.7308 6
    endloop
  endfacet
  facet normal 0.983434 0.181265 0
    outer loop
      vertex 5.50507 14.7308 5.5
      vertex 5.51224 14.6919 6
      vertex 5.51224 14.6919 5.5
    endloop
  endfacet
  facet normal 0.975637 0.219389 0
    outer loop
      vertex 5.52074 14.6541 6
      vertex 5.51224 14.6919 5.5
      vertex 5.51224 14.6919 6
    endloop
  endfacet
  facet normal 0.975637 0.219389 0
    outer loop
      vertex 5.51224 14.6919 5.5
      vertex 5.52074 14.6541 6
      vertex 5.52074 14.6541 5.5
    endloop
  endfacet
  facet normal 0.966279 0.257499 0
    outer loop
      vertex 5.53052 14.6174 6
      vertex 5.52074 14.6541 5.5
      vertex 5.52074 14.6541 6
    endloop
  endfacet
  facet normal 0.966279 0.257499 0
    outer loop
      vertex 5.52074 14.6541 5.5
      vertex 5.53052 14.6174 6
      vertex 5.53052 14.6174 5.5
    endloop
  endfacet
  facet normal 0.954356 0.298673 0
    outer loop
      vertex 5.54163 14.5819 6
      vertex 5.53052 14.6174 5.5
      vertex 5.53052 14.6174 6
    endloop
  endfacet
  facet normal 0.954356 0.298673 0
    outer loop
      vertex 5.53052 14.6174 5.5
      vertex 5.54163 14.5819 6
      vertex 5.54163 14.5819 5.5
    endloop
  endfacet
  facet normal 0.942272 0.334848 0
    outer loop
      vertex 5.55389 14.5474 6
      vertex 5.54163 14.5819 5.5
      vertex 5.54163 14.5819 6
    endloop
  endfacet
  facet normal 0.942272 0.334848 0
    outer loop
      vertex 5.54163 14.5819 5.5
      vertex 5.55389 14.5474 6
      vertex 5.55389 14.5474 5.5
    endloop
  endfacet
  facet normal 0.928955 0.370192 0
    outer loop
      vertex 5.5672 14.514 6
      vertex 5.55389 14.5474 5.5
      vertex 5.55389 14.5474 6
    endloop
  endfacet
  facet normal 0.928955 0.370192 0
    outer loop
      vertex 5.55389 14.5474 5.5
      vertex 5.5672 14.514 6
      vertex 5.5672 14.514 5.5
    endloop
  endfacet
  facet normal 0.914899 0.403682 0
    outer loop
      vertex 5.58154 14.4815 6
      vertex 5.5672 14.514 5.5
      vertex 5.5672 14.514 6
    endloop
  endfacet
  facet normal 0.914899 0.403682 0
    outer loop
      vertex 5.5672 14.514 5.5
      vertex 5.58154 14.4815 6
      vertex 5.58154 14.4815 5.5
    endloop
  endfacet
  facet normal 0.898058 0.439877 0
    outer loop
      vertex 5.59692 14.4501 6
      vertex 5.58154 14.4815 5.5
      vertex 5.58154 14.4815 6
    endloop
  endfacet
  facet normal 0.898058 0.439877 0
    outer loop
      vertex 5.58154 14.4815 5.5
      vertex 5.59692 14.4501 6
      vertex 5.59692 14.4501 5.5
    endloop
  endfacet
  facet normal 0.880267 0.474478 0
    outer loop
      vertex 5.61336 14.4196 6
      vertex 5.59692 14.4501 5.5
      vertex 5.59692 14.4501 6
    endloop
  endfacet
  facet normal 0.880267 0.474478 0
    outer loop
      vertex 5.59692 14.4501 5.5
      vertex 5.61336 14.4196 6
      vertex 5.61336 14.4196 5.5
    endloop
  endfacet
  facet normal 0.859935 0.510404 0
    outer loop
      vertex 5.63081 14.3902 6
      vertex 5.61336 14.4196 5.5
      vertex 5.61336 14.4196 6
    endloop
  endfacet
  facet normal 0.859935 0.510404 0
    outer loop
      vertex 5.61336 14.4196 5.5
      vertex 5.63081 14.3902 6
      vertex 5.63081 14.3902 5.5
    endloop
  endfacet
  facet normal 0.837904 0.545818 0
    outer loop
      vertex 5.64931 14.3618 6
      vertex 5.63081 14.3902 5.5
      vertex 5.63081 14.3902 6
    endloop
  endfacet
  facet normal 0.837904 0.545818 0
    outer loop
      vertex 5.63081 14.3902 5.5
      vertex 5.64931 14.3618 6
      vertex 5.64931 14.3618 5.5
    endloop
  endfacet
  facet normal 0.814315 0.580423 0
    outer loop
      vertex 5.66884 14.3344 6
      vertex 5.64931 14.3618 5.5
      vertex 5.64931 14.3618 6
    endloop
  endfacet
  facet normal 0.814315 0.580423 0
    outer loop
      vertex 5.64931 14.3618 5.5
      vertex 5.66884 14.3344 6
      vertex 5.66884 14.3344 5.5
    endloop
  endfacet
  facet normal 0.789801 0.613363 0
    outer loop
      vertex 5.68942 14.3079 6
      vertex 5.66884 14.3344 5.5
      vertex 5.66884 14.3344 6
    endloop
  endfacet
  facet normal 0.789801 0.613363 0
    outer loop
      vertex 5.66884 14.3344 5.5
      vertex 5.68942 14.3079 6
      vertex 5.68942 14.3079 5.5
    endloop
  endfacet
  facet normal 0.762898 0.646519 0
    outer loop
      vertex 5.71103 14.2824 6
      vertex 5.68942 14.3079 5.5
      vertex 5.68942 14.3079 6
    endloop
  endfacet
  facet normal 0.762898 0.646519 0
    outer loop
      vertex 5.68942 14.3079 5.5
      vertex 5.71103 14.2824 6
      vertex 5.71103 14.2824 5.5
    endloop
  endfacet
  facet normal 0.736408 0.676538 0
    outer loop
      vertex 5.73363 14.2578 6
      vertex 5.71103 14.2824 5.5
      vertex 5.71103 14.2824 6
    endloop
  endfacet
  facet normal 0.736408 0.676538 0
    outer loop
      vertex 5.71103 14.2824 5.5
      vertex 5.73363 14.2578 6
      vertex 5.73363 14.2578 5.5
    endloop
  endfacet
  facet normal 0.711261 0.702928 0
    outer loop
      vertex 5.75725 14.2339 6
      vertex 5.73363 14.2578 5.5
      vertex 5.73363 14.2578 6
    endloop
  endfacet
  facet normal 0.711261 0.702928 0
    outer loop
      vertex 5.73363 14.2578 5.5
      vertex 5.75725 14.2339 6
      vertex 5.75725 14.2339 5.5
    endloop
  endfacet
  facet normal 0.682805 0.730601 -0
    outer loop
      vertex 5.78186 14.2109 5.5
      vertex 5.75725 14.2339 6
      vertex 5.78186 14.2109 6
    endloop
  endfacet
  facet normal 0.682805 0.730601 0
    outer loop
      vertex 5.75725 14.2339 6
      vertex 5.78186 14.2109 5.5
      vertex 5.75725 14.2339 5.5
    endloop
  endfacet
  facet normal 0.653173 0.757208 -0
    outer loop
      vertex 5.80748 14.1888 5.5
      vertex 5.78186 14.2109 6
      vertex 5.80748 14.1888 6
    endloop
  endfacet
  facet normal 0.653173 0.757208 0
    outer loop
      vertex 5.78186 14.2109 6
      vertex 5.80748 14.1888 5.5
      vertex 5.78186 14.2109 5.5
    endloop
  endfacet
  facet normal 0.62491 0.780697 -0
    outer loop
      vertex 5.83409 14.1675 5.5
      vertex 5.80748 14.1888 6
      vertex 5.83409 14.1675 6
    endloop
  endfacet
  facet normal 0.62491 0.780697 0
    outer loop
      vertex 5.80748 14.1888 6
      vertex 5.83409 14.1675 5.5
      vertex 5.80748 14.1888 5.5
    endloop
  endfacet
  facet normal 0.595853 0.803094 -0
    outer loop
      vertex 5.86172 14.147 5.5
      vertex 5.83409 14.1675 6
      vertex 5.86172 14.147 6
    endloop
  endfacet
  facet normal 0.595853 0.803094 0
    outer loop
      vertex 5.83409 14.1675 6
      vertex 5.86172 14.147 5.5
      vertex 5.83409 14.1675 5.5
    endloop
  endfacet
  facet normal 0.566859 0.823815 -0
    outer loop
      vertex 5.89035 14.1273 5.5
      vertex 5.86172 14.147 6
      vertex 5.89035 14.1273 6
    endloop
  endfacet
  facet normal 0.566859 0.823815 0
    outer loop
      vertex 5.86172 14.147 6
      vertex 5.89035 14.1273 5.5
      vertex 5.86172 14.147 5.5
    endloop
  endfacet
  facet normal 0.53575 0.844377 -0
    outer loop
      vertex 5.91998 14.1085 5.5
      vertex 5.89035 14.1273 6
      vertex 5.91998 14.1085 6
    endloop
  endfacet
  facet normal 0.53575 0.844377 0
    outer loop
      vertex 5.89035 14.1273 6
      vertex 5.91998 14.1085 5.5
      vertex 5.89035 14.1273 5.5
    endloop
  endfacet
  facet normal 0.509725 0.860337 -0
    outer loop
      vertex 5.95053 14.0904 5.5
      vertex 5.91998 14.1085 6
      vertex 5.95053 14.0904 6
    endloop
  endfacet
  facet normal 0.509725 0.860337 0
    outer loop
      vertex 5.91998 14.1085 6
      vertex 5.95053 14.0904 5.5
      vertex 5.91998 14.1085 5.5
    endloop
  endfacet
  facet normal 0.489654 0.871917 -0
    outer loop
      vertex 5.98187 14.0728 5.5
      vertex 5.95053 14.0904 6
      vertex 5.98187 14.0728 6
    endloop
  endfacet
  facet normal 0.489654 0.871917 0
    outer loop
      vertex 5.95053 14.0904 6
      vertex 5.98187 14.0728 5.5
      vertex 5.95053 14.0904 5.5
    endloop
  endfacet
  facet normal 0.467445 0.884022 -0
    outer loop
      vertex 6.01402 14.0558 5.5
      vertex 5.98187 14.0728 6
      vertex 6.01402 14.0558 6
    endloop
  endfacet
  facet normal 0.467445 0.884022 0
    outer loop
      vertex 5.98187 14.0728 6
      vertex 6.01402 14.0558 5.5
      vertex 5.98187 14.0728 5.5
    endloop
  endfacet
  facet normal 0.447756 0.894156 -0
    outer loop
      vertex 6.04697 14.0393 5.5
      vertex 6.01402 14.0558 6
      vertex 6.04697 14.0393 6
    endloop
  endfacet
  facet normal 0.447756 0.894156 0
    outer loop
      vertex 6.01402 14.0558 6
      vertex 6.04697 14.0393 5.5
      vertex 6.01402 14.0558 5.5
    endloop
  endfacet
  facet normal 0.42827 0.903651 -0
    outer loop
      vertex 6.08073 14.0233 5.5
      vertex 6.04697 14.0393 6
      vertex 6.08073 14.0233 6
    endloop
  endfacet
  facet normal 0.42827 0.903651 0
    outer loop
      vertex 6.04697 14.0393 6
      vertex 6.08073 14.0233 5.5
      vertex 6.04697 14.0393 5.5
    endloop
  endfacet
  facet normal 0.407119 0.913375 -0
    outer loop
      vertex 6.11528 14.0079 5.5
      vertex 6.08073 14.0233 6
      vertex 6.11528 14.0079 6
    endloop
  endfacet
  facet normal 0.407119 0.913375 0
    outer loop
      vertex 6.08073 14.0233 6
      vertex 6.11528 14.0079 5.5
      vertex 6.08073 14.0233 5.5
    endloop
  endfacet
  facet normal 0.38822 0.921567 -0
    outer loop
      vertex 6.15065 13.993 5.5
      vertex 6.11528 14.0079 6
      vertex 6.15065 13.993 6
    endloop
  endfacet
  facet normal 0.38822 0.921567 0
    outer loop
      vertex 6.11528 14.0079 6
      vertex 6.15065 13.993 5.5
      vertex 6.11528 14.0079 5.5
    endloop
  endfacet
  facet normal 0.369973 0.929043 -0
    outer loop
      vertex 6.18681 13.9786 5.5
      vertex 6.15065 13.993 6
      vertex 6.18681 13.9786 6
    endloop
  endfacet
  facet normal 0.369973 0.929043 0
    outer loop
      vertex 6.15065 13.993 6
      vertex 6.18681 13.9786 5.5
      vertex 6.15065 13.993 5.5
    endloop
  endfacet
  facet normal 0.349624 0.93689 -0
    outer loop
      vertex 6.22379 13.9648 5.5
      vertex 6.18681 13.9786 6
      vertex 6.22379 13.9648 6
    endloop
  endfacet
  facet normal 0.349624 0.93689 0
    outer loop
      vertex 6.18681 13.9786 6
      vertex 6.22379 13.9648 5.5
      vertex 6.18681 13.9786 5.5
    endloop
  endfacet
  facet normal 0.328214 0.944604 -0
    outer loop
      vertex 6.26437 13.9507 5.5
      vertex 6.22379 13.9648 6
      vertex 6.26437 13.9507 6
    endloop
  endfacet
  facet normal 0.328214 0.944604 0
    outer loop
      vertex 6.22379 13.9648 6
      vertex 6.26437 13.9507 5.5
      vertex 6.22379 13.9648 5.5
    endloop
  endfacet
  facet normal 0.303864 0.952715 -0
    outer loop
      vertex 6.3114 13.9357 5.5
      vertex 6.26437 13.9507 6
      vertex 6.3114 13.9357 6
    endloop
  endfacet
  facet normal 0.303864 0.952715 0
    outer loop
      vertex 6.26437 13.9507 6
      vertex 6.3114 13.9357 5.5
      vertex 6.26437 13.9507 5.5
    endloop
  endfacet
  facet normal 0.285126 0.95849 -0
    outer loop
      vertex 6.36485 13.9198 5.5
      vertex 6.3114 13.9357 6
      vertex 6.36485 13.9198 6
    endloop
  endfacet
  facet normal 0.285126 0.95849 0
    outer loop
      vertex 6.3114 13.9357 6
      vertex 6.36485 13.9198 5.5
      vertex 6.3114 13.9357 5.5
    endloop
  endfacet
  facet normal 0.273108 0.961983 -0
    outer loop
      vertex 6.42473 13.9028 5.5
      vertex 6.36485 13.9198 6
      vertex 6.42473 13.9028 6
    endloop
  endfacet
  facet normal 0.273108 0.961983 0
    outer loop
      vertex 6.36485 13.9198 6
      vertex 6.42473 13.9028 5.5
      vertex 6.36485 13.9198 5.5
    endloop
  endfacet
  facet normal 0.260616 0.965443 -0
    outer loop
      vertex 6.49104 13.8849 5.5
      vertex 6.42473 13.9028 6
      vertex 6.49104 13.8849 6
    endloop
  endfacet
  facet normal 0.260616 0.965443 0
    outer loop
      vertex 6.42473 13.9028 6
      vertex 6.49104 13.8849 5.5
      vertex 6.42473 13.9028 5.5
    endloop
  endfacet
  facet normal 0.251479 0.967863 -0
    outer loop
      vertex 6.56378 13.866 5.5
      vertex 6.49104 13.8849 6
      vertex 6.56378 13.866 6
    endloop
  endfacet
  facet normal 0.251479 0.967863 0
    outer loop
      vertex 6.49104 13.8849 6
      vertex 6.56378 13.866 5.5
      vertex 6.49104 13.8849 5.5
    endloop
  endfacet
  facet normal 0.243804 0.969825 -0
    outer loop
      vertex 6.64294 13.8461 5.5
      vertex 6.56378 13.866 6
      vertex 6.64294 13.8461 6
    endloop
  endfacet
  facet normal 0.243804 0.969825 0
    outer loop
      vertex 6.56378 13.866 6
      vertex 6.64294 13.8461 5.5
      vertex 6.56378 13.866 5.5
    endloop
  endfacet
  facet normal 0.237165 0.971469 -0
    outer loop
      vertex 6.72855 13.8252 5.5
      vertex 6.64294 13.8461 6
      vertex 6.72855 13.8252 6
    endloop
  endfacet
  facet normal 0.237165 0.971469 0
    outer loop
      vertex 6.64294 13.8461 6
      vertex 6.72855 13.8252 5.5
      vertex 6.64294 13.8461 5.5
    endloop
  endfacet
  facet normal 0.230477 0.973078 -0
    outer loop
      vertex 6.82059 13.8034 5.5
      vertex 6.72855 13.8252 6
      vertex 6.82059 13.8034 6
    endloop
  endfacet
  facet normal 0.230477 0.973078 0
    outer loop
      vertex 6.72855 13.8252 6
      vertex 6.82059 13.8034 5.5
      vertex 6.72855 13.8252 5.5
    endloop
  endfacet
  facet normal 0.201746 0.979438 -0
    outer loop
      vertex 6.92691 13.7815 5.5
      vertex 6.82059 13.8034 6
      vertex 6.92691 13.7815 6
    endloop
  endfacet
  facet normal 0.201746 0.979438 0
    outer loop
      vertex 6.82059 13.8034 6
      vertex 6.92691 13.7815 5.5
      vertex 6.82059 13.8034 5.5
    endloop
  endfacet
  facet normal 0.210615 0.977569 -0
    outer loop
      vertex 7.02531 13.7603 5.5
      vertex 6.92691 13.7815 6
      vertex 7.02531 13.7603 6
    endloop
  endfacet
  facet normal 0.210615 0.977569 0
    outer loop
      vertex 6.92691 13.7815 6
      vertex 7.02531 13.7603 5.5
      vertex 6.92691 13.7815 5.5
    endloop
  endfacet
  facet normal 0.221015 0.97527 -0
    outer loop
      vertex 7.11577 13.7398 5.5
      vertex 7.02531 13.7603 6
      vertex 7.11577 13.7398 6
    endloop
  endfacet
  facet normal 0.221015 0.97527 0
    outer loop
      vertex 7.02531 13.7603 6
      vertex 7.11577 13.7398 5.5
      vertex 7.02531 13.7603 5.5
    endloop
  endfacet
  facet normal 0.232178 0.972673 -0
    outer loop
      vertex 7.1983 13.7201 5.5
      vertex 7.11577 13.7398 6
      vertex 7.1983 13.7201 6
    endloop
  endfacet
  facet normal 0.232178 0.972673 0
    outer loop
      vertex 7.11577 13.7398 6
      vertex 7.1983 13.7201 5.5
      vertex 7.11577 13.7398 5.5
    endloop
  endfacet
  facet normal 0.246843 0.969055 -0
    outer loop
      vertex 7.27289 13.7011 5.5
      vertex 7.1983 13.7201 6
      vertex 7.27289 13.7011 6
    endloop
  endfacet
  facet normal 0.246843 0.969055 0
    outer loop
      vertex 7.1983 13.7201 6
      vertex 7.27289 13.7011 5.5
      vertex 7.1983 13.7201 5.5
    endloop
  endfacet
  facet normal 0.264733 0.964322 -0
    outer loop
      vertex 7.33955 13.6828 5.5
      vertex 7.27289 13.7011 6
      vertex 7.33955 13.6828 6
    endloop
  endfacet
  facet normal 0.264733 0.964322 0
    outer loop
      vertex 7.27289 13.7011 6
      vertex 7.33955 13.6828 5.5
      vertex 7.27289 13.7011 5.5
    endloop
  endfacet
  facet normal 0.285611 0.958346 -0
    outer loop
      vertex 7.39827 13.6653 5.5
      vertex 7.33955 13.6828 6
      vertex 7.39827 13.6653 6
    endloop
  endfacet
  facet normal 0.285611 0.958346 0
    outer loop
      vertex 7.33955 13.6828 6
      vertex 7.39827 13.6653 5.5
      vertex 7.33955 13.6828 5.5
    endloop
  endfacet
  facet normal 0.314096 0.949391 -0
    outer loop
      vertex 7.44905 13.6485 5.5
      vertex 7.39827 13.6653 6
      vertex 7.44905 13.6485 6
    endloop
  endfacet
  facet normal 0.314096 0.949391 0
    outer loop
      vertex 7.39827 13.6653 6
      vertex 7.44905 13.6485 5.5
      vertex 7.39827 13.6653 5.5
    endloop
  endfacet
  facet normal 0.349805 0.936822 -0
    outer loop
      vertex 7.4919 13.6325 5.5
      vertex 7.44905 13.6485 6
      vertex 7.4919 13.6325 6
    endloop
  endfacet
  facet normal 0.349805 0.936822 0
    outer loop
      vertex 7.44905 13.6485 6
      vertex 7.4919 13.6325 5.5
      vertex 7.44905 13.6485 5.5
    endloop
  endfacet
  facet normal 0.390812 0.920471 -0
    outer loop
      vertex 7.52982 13.6164 5.5
      vertex 7.4919 13.6325 6
      vertex 7.52982 13.6164 6
    endloop
  endfacet
  facet normal 0.390812 0.920471 0
    outer loop
      vertex 7.4919 13.6325 6
      vertex 7.52982 13.6164 5.5
      vertex 7.4919 13.6325 5.5
    endloop
  endfacet
  facet normal 0.427395 0.904065 -0
    outer loop
      vertex 7.56578 13.5994 5.5
      vertex 7.52982 13.6164 6
      vertex 7.56578 13.5994 6
    endloop
  endfacet
  facet normal 0.427395 0.904065 0
    outer loop
      vertex 7.52982 13.6164 6
      vertex 7.56578 13.5994 5.5
      vertex 7.52982 13.6164 5.5
    endloop
  endfacet
  facet normal 0.463705 0.88599 -0
    outer loop
      vertex 7.59979 13.5816 5.5
      vertex 7.56578 13.5994 6
      vertex 7.59979 13.5816 6
    endloop
  endfacet
  facet normal 0.463705 0.88599 0
    outer loop
      vertex 7.56578 13.5994 6
      vertex 7.59979 13.5816 5.5
      vertex 7.56578 13.5994 5.5
    endloop
  endfacet
  facet normal 0.503486 0.864003 -0
    outer loop
      vertex 7.63188 13.5629 5.5
      vertex 7.59979 13.5816 6
      vertex 7.63188 13.5629 6
    endloop
  endfacet
  facet normal 0.503486 0.864003 0
    outer loop
      vertex 7.59979 13.5816 6
      vertex 7.63188 13.5629 5.5
      vertex 7.59979 13.5816 5.5
    endloop
  endfacet
  facet normal 0.545164 0.838329 -0
    outer loop
      vertex 7.66202 13.5433 5.5
      vertex 7.63188 13.5629 6
      vertex 7.66202 13.5433 6
    endloop
  endfacet
  facet normal 0.545164 0.838329 0
    outer loop
      vertex 7.63188 13.5629 6
      vertex 7.66202 13.5433 5.5
      vertex 7.63188 13.5629 5.5
    endloop
  endfacet
  facet normal 0.588001 0.80886 -0
    outer loop
      vertex 7.69022 13.5228 5.5
      vertex 7.66202 13.5433 6
      vertex 7.69022 13.5228 6
    endloop
  endfacet
  facet normal 0.588001 0.80886 0
    outer loop
      vertex 7.66202 13.5433 6
      vertex 7.69022 13.5228 5.5
      vertex 7.66202 13.5433 5.5
    endloop
  endfacet
  facet normal 0.630236 0.776404 -0
    outer loop
      vertex 7.71646 13.5015 5.5
      vertex 7.69022 13.5228 6
      vertex 7.71646 13.5015 6
    endloop
  endfacet
  facet normal 0.630236 0.776404 0
    outer loop
      vertex 7.69022 13.5228 6
      vertex 7.71646 13.5015 5.5
      vertex 7.69022 13.5228 5.5
    endloop
  endfacet
  facet normal 0.674334 0.738426 -0
    outer loop
      vertex 7.74077 13.4793 5.5
      vertex 7.71646 13.5015 6
      vertex 7.74077 13.4793 6
    endloop
  endfacet
  facet normal 0.674334 0.738426 0
    outer loop
      vertex 7.71646 13.5015 6
      vertex 7.74077 13.4793 5.5
      vertex 7.71646 13.5015 5.5
    endloop
  endfacet
  facet normal 0.718366 0.695665 0
    outer loop
      vertex 7.76314 13.4562 6
      vertex 7.74077 13.4793 5.5
      vertex 7.74077 13.4793 6
    endloop
  endfacet
  facet normal 0.718366 0.695665 0
    outer loop
      vertex 7.74077 13.4793 5.5
      vertex 7.76314 13.4562 6
      vertex 7.76314 13.4562 5.5
    endloop
  endfacet
  facet normal 0.767389 0.641182 0
    outer loop
      vertex 7.78336 13.432 6
      vertex 7.76314 13.4562 5.5
      vertex 7.76314 13.4562 6
    endloop
  endfacet
  facet normal 0.767389 0.641182 0
    outer loop
      vertex 7.76314 13.4562 5.5
      vertex 7.78336 13.432 6
      vertex 7.78336 13.432 5.5
    endloop
  endfacet
  facet normal 0.820585 0.571525 0
    outer loop
      vertex 7.80119 13.4064 6
      vertex 7.78336 13.432 5.5
      vertex 7.78336 13.432 6
    endloop
  endfacet
  facet normal 0.820585 0.571525 0
    outer loop
      vertex 7.78336 13.432 5.5
      vertex 7.80119 13.4064 6
      vertex 7.80119 13.4064 5.5
    endloop
  endfacet
  facet normal 0.868598 0.495518 0
    outer loop
      vertex 7.81665 13.3793 6
      vertex 7.80119 13.4064 5.5
      vertex 7.80119 13.4064 6
    endloop
  endfacet
  facet normal 0.868598 0.495518 0
    outer loop
      vertex 7.80119 13.4064 5.5
      vertex 7.81665 13.3793 6
      vertex 7.81665 13.3793 5.5
    endloop
  endfacet
  facet normal 0.908296 0.418328 0
    outer loop
      vertex 7.82973 13.3509 6
      vertex 7.81665 13.3793 5.5
      vertex 7.81665 13.3793 6
    endloop
  endfacet
  facet normal 0.908296 0.418328 0
    outer loop
      vertex 7.81665 13.3793 5.5
      vertex 7.82973 13.3509 6
      vertex 7.82973 13.3509 5.5
    endloop
  endfacet
  facet normal 0.941068 0.338216 0
    outer loop
      vertex 7.84044 13.3211 6
      vertex 7.82973 13.3509 5.5
      vertex 7.82973 13.3509 6
    endloop
  endfacet
  facet normal 0.941068 0.338216 0
    outer loop
      vertex 7.82973 13.3509 5.5
      vertex 7.84044 13.3211 6
      vertex 7.84044 13.3211 5.5
    endloop
  endfacet
  facet normal 0.966516 0.256605 0
    outer loop
      vertex 7.84875 13.2898 6
      vertex 7.84044 13.3211 5.5
      vertex 7.84044 13.3211 6
    endloop
  endfacet
  facet normal 0.966516 0.256605 0
    outer loop
      vertex 7.84044 13.3211 5.5
      vertex 7.84875 13.2898 6
      vertex 7.84875 13.2898 5.5
    endloop
  endfacet
  facet normal 0.983696 0.179841 0
    outer loop
      vertex 7.85471 13.2572 6
      vertex 7.84875 13.2898 5.5
      vertex 7.84875 13.2898 6
    endloop
  endfacet
  facet normal 0.983696 0.179841 0
    outer loop
      vertex 7.84875 13.2898 5.5
      vertex 7.85471 13.2572 6
      vertex 7.85471 13.2572 5.5
    endloop
  endfacet
  facet normal 0.994564 0.104123 0
    outer loop
      vertex 7.85828 13.2231 6
      vertex 7.85471 13.2572 5.5
      vertex 7.85471 13.2572 6
    endloop
  endfacet
  facet normal 0.994564 0.104123 0
    outer loop
      vertex 7.85471 13.2572 5.5
      vertex 7.85828 13.2231 6
      vertex 7.85828 13.2231 5.5
    endloop
  endfacet
  facet normal 0.999435 0.0335968 0
    outer loop
      vertex 7.85947 13.1877 6
      vertex 7.85828 13.2231 5.5
      vertex 7.85828 13.2231 6
    endloop
  endfacet
  facet normal 0.999435 0.0335968 0
    outer loop
      vertex 7.85828 13.2231 5.5
      vertex 7.85947 13.1877 6
      vertex 7.85947 13.1877 5.5
    endloop
  endfacet
  facet normal 0.995354 -0.0962826 0
    outer loop
      vertex 7.84911 13.0806 6
      vertex 7.85947 13.1877 5.5
      vertex 7.85947 13.1877 6
    endloop
  endfacet
  facet normal 0.995354 -0.0962826 0
    outer loop
      vertex 7.85947 13.1877 5.5
      vertex 7.84911 13.0806 6
      vertex 7.84911 13.0806 5.5
    endloop
  endfacet
  facet normal 0.949964 -0.312361 0
    outer loop
      vertex 7.81807 12.9862 6
      vertex 7.84911 13.0806 5.5
      vertex 7.84911 13.0806 6
    endloop
  endfacet
  facet normal 0.949964 -0.312361 0
    outer loop
      vertex 7.84911 13.0806 5.5
      vertex 7.81807 12.9862 6
      vertex 7.81807 12.9862 5.5
    endloop
  endfacet
  facet normal 0.84513 -0.53456 0
    outer loop
      vertex 7.76633 12.9044 6
      vertex 7.81807 12.9862 5.5
      vertex 7.81807 12.9862 6
    endloop
  endfacet
  facet normal 0.84513 -0.53456 0
    outer loop
      vertex 7.81807 12.9862 5.5
      vertex 7.76633 12.9044 6
      vertex 7.76633 12.9044 5.5
    endloop
  endfacet
  facet normal 0.691272 -0.722594 0
    outer loop
      vertex 7.69389 12.8351 5.5
      vertex 7.76633 12.9044 6
      vertex 7.69389 12.8351 6
    endloop
  endfacet
  facet normal 0.691272 -0.722594 0
    outer loop
      vertex 7.76633 12.9044 6
      vertex 7.69389 12.8351 5.5
      vertex 7.76633 12.9044 5.5
    endloop
  endfacet
  facet normal 0.520069 -0.854124 0
    outer loop
      vertex 7.60077 12.7784 5.5
      vertex 7.69389 12.8351 6
      vertex 7.60077 12.7784 6
    endloop
  endfacet
  facet normal 0.520069 -0.854124 0
    outer loop
      vertex 7.69389 12.8351 6
      vertex 7.60077 12.7784 5.5
      vertex 7.69389 12.8351 5.5
    endloop
  endfacet
  facet normal 0.360543 -0.932742 0
    outer loop
      vertex 7.48694 12.7344 5.5
      vertex 7.60077 12.7784 6
      vertex 7.48694 12.7344 6
    endloop
  endfacet
  facet normal 0.360543 -0.932742 0
    outer loop
      vertex 7.60077 12.7784 6
      vertex 7.48694 12.7344 5.5
      vertex 7.60077 12.7784 5.5
    endloop
  endfacet
  facet normal 0.228014 -0.973658 0
    outer loop
      vertex 7.35243 12.7029 5.5
      vertex 7.48694 12.7344 6
      vertex 7.35243 12.7029 6
    endloop
  endfacet
  facet normal 0.228014 -0.973658 0
    outer loop
      vertex 7.48694 12.7344 6
      vertex 7.35243 12.7029 5.5
      vertex 7.48694 12.7344 5.5
    endloop
  endfacet
  facet normal 0.120862 -0.992669 0
    outer loop
      vertex 7.1972 12.684 5.5
      vertex 7.35243 12.7029 6
      vertex 7.1972 12.684 6
    endloop
  endfacet
  facet normal 0.120862 -0.992669 0
    outer loop
      vertex 7.35243 12.7029 6
      vertex 7.1972 12.684 5.5
      vertex 7.35243 12.7029 5.5
    endloop
  endfacet
  facet normal 0.0357929 -0.999359 0
    outer loop
      vertex 7.0213 12.6777 5.5
      vertex 7.1972 12.684 6
      vertex 7.0213 12.6777 6
    endloop
  endfacet
  facet normal 0.0357929 -0.999359 0
    outer loop
      vertex 7.1972 12.684 6
      vertex 7.0213 12.6777 5.5
      vertex 7.1972 12.684 5.5
    endloop
  endfacet
  facet normal -0.0193961 -0.999812 0
    outer loop
      vertex 6.93367 12.6794 5.5
      vertex 7.0213 12.6777 6
      vertex 6.93367 12.6794 6
    endloop
  endfacet
  facet normal -0.0193961 -0.999812 -0
    outer loop
      vertex 7.0213 12.6777 6
      vertex 6.93367 12.6794 5.5
      vertex 7.0213 12.6777 5.5
    endloop
  endfacet
  facet normal -0.0611101 -0.998131 0
    outer loop
      vertex 6.85037 12.6845 5.5
      vertex 6.93367 12.6794 6
      vertex 6.85037 12.6845 6
    endloop
  endfacet
  facet normal -0.0611101 -0.998131 -0
    outer loop
      vertex 6.93367 12.6794 6
      vertex 6.85037 12.6845 5.5
      vertex 6.93367 12.6794 5.5
    endloop
  endfacet
  facet normal -0.105839 -0.994383 0
    outer loop
      vertex 6.77145 12.6929 5.5
      vertex 6.85037 12.6845 6
      vertex 6.77145 12.6929 6
    endloop
  endfacet
  facet normal -0.105839 -0.994383 -0
    outer loop
      vertex 6.85037 12.6845 6
      vertex 6.77145 12.6929 5.5
      vertex 6.85037 12.6845 5.5
    endloop
  endfacet
  facet normal -0.157567 -0.987508 0
    outer loop
      vertex 6.69687 12.7048 5.5
      vertex 6.77145 12.6929 6
      vertex 6.69687 12.7048 6
    endloop
  endfacet
  facet normal -0.157567 -0.987508 -0
    outer loop
      vertex 6.77145 12.6929 6
      vertex 6.69687 12.7048 5.5
      vertex 6.77145 12.6929 5.5
    endloop
  endfacet
  facet normal -0.211563 -0.977364 0
    outer loop
      vertex 6.62665 12.72 5.5
      vertex 6.69687 12.7048 6
      vertex 6.62665 12.72 6
    endloop
  endfacet
  facet normal -0.211563 -0.977364 -0
    outer loop
      vertex 6.69687 12.7048 6
      vertex 6.62665 12.72 5.5
      vertex 6.69687 12.7048 5.5
    endloop
  endfacet
  facet normal -0.271672 -0.96239 0
    outer loop
      vertex 6.56076 12.7386 5.5
      vertex 6.62665 12.72 6
      vertex 6.56076 12.7386 6
    endloop
  endfacet
  facet normal -0.271672 -0.96239 -0
    outer loop
      vertex 6.62665 12.72 6
      vertex 6.56076 12.7386 5.5
      vertex 6.62665 12.72 5.5
    endloop
  endfacet
  facet normal -0.336773 -0.941586 0
    outer loop
      vertex 6.49925 12.7606 5.5
      vertex 6.56076 12.7386 6
      vertex 6.49925 12.7606 6
    endloop
  endfacet
  facet normal -0.336773 -0.941586 -0
    outer loop
      vertex 6.56076 12.7386 6
      vertex 6.49925 12.7606 5.5
      vertex 6.56076 12.7386 5.5
    endloop
  endfacet
  facet normal -0.404684 -0.914457 0
    outer loop
      vertex 6.44208 12.7859 5.5
      vertex 6.49925 12.7606 6
      vertex 6.44208 12.7859 6
    endloop
  endfacet
  facet normal -0.404684 -0.914457 -0
    outer loop
      vertex 6.49925 12.7606 6
      vertex 6.44208 12.7859 5.5
      vertex 6.49925 12.7606 5.5
    endloop
  endfacet
  facet normal -0.478782 -0.877934 0
    outer loop
      vertex 6.38927 12.8147 5.5
      vertex 6.44208 12.7859 6
      vertex 6.38927 12.8147 6
    endloop
  endfacet
  facet normal -0.478782 -0.877934 -0
    outer loop
      vertex 6.44208 12.7859 6
      vertex 6.38927 12.8147 5.5
      vertex 6.44208 12.7859 5.5
    endloop
  endfacet
  facet normal -0.554307 -0.832313 0
    outer loop
      vertex 6.34047 12.8472 5.5
      vertex 6.38927 12.8147 6
      vertex 6.34047 12.8472 6
    endloop
  endfacet
  facet normal -0.554307 -0.832313 -0
    outer loop
      vertex 6.38927 12.8147 6
      vertex 6.34047 12.8472 5.5
      vertex 6.38927 12.8147 5.5
    endloop
  endfacet
  facet normal -0.630055 -0.776551 0
    outer loop
      vertex 6.29536 12.8838 5.5
      vertex 6.34047 12.8472 6
      vertex 6.29536 12.8838 6
    endloop
  endfacet
  facet normal -0.630055 -0.776551 -0
    outer loop
      vertex 6.34047 12.8472 6
      vertex 6.29536 12.8838 5.5
      vertex 6.34047 12.8472 5.5
    endloop
  endfacet
  facet normal -0.700966 -0.713194 0
    outer loop
      vertex 6.25395 12.9245 5.5
      vertex 6.29536 12.8838 6
      vertex 6.25395 12.9245 6
    endloop
  endfacet
  facet normal -0.700966 -0.713194 -0
    outer loop
      vertex 6.29536 12.8838 6
      vertex 6.25395 12.9245 5.5
      vertex 6.29536 12.8838 5.5
    endloop
  endfacet
  facet normal -0.765419 -0.643532 0
    outer loop
      vertex 6.25395 12.9245 5.5
      vertex 6.2162 12.9694 6
      vertex 6.2162 12.9694 5.5
    endloop
  endfacet
  facet normal -0.765419 -0.643532 0
    outer loop
      vertex 6.2162 12.9694 6
      vertex 6.25395 12.9245 5.5
      vertex 6.25395 12.9245 6
    endloop
  endfacet
  facet normal -0.821274 -0.570534 0
    outer loop
      vertex 6.2162 12.9694 5.5
      vertex 6.18216 13.0184 6
      vertex 6.18216 13.0184 5.5
    endloop
  endfacet
  facet normal -0.821274 -0.570534 0
    outer loop
      vertex 6.18216 13.0184 6
      vertex 6.2162 12.9694 5.5
      vertex 6.2162 12.9694 6
    endloop
  endfacet
  facet normal -0.867981 -0.496597 0
    outer loop
      vertex 6.18216 13.0184 5.5
      vertex 6.15178 13.0715 6
      vertex 6.15178 13.0715 5.5
    endloop
  endfacet
  facet normal -0.867981 -0.496597 0
    outer loop
      vertex 6.15178 13.0715 6
      vertex 6.18216 13.0184 5.5
      vertex 6.18216 13.0184 6
    endloop
  endfacet
  facet normal -0.906325 -0.422582 0
    outer loop
      vertex 6.15178 13.0715 5.5
      vertex 6.12511 13.1287 6
      vertex 6.12511 13.1287 5.5
    endloop
  endfacet
  facet normal -0.906325 -0.422582 0
    outer loop
      vertex 6.12511 13.1287 6
      vertex 6.15178 13.0715 5.5
      vertex 6.15178 13.0715 6
    endloop
  endfacet
  facet normal -0.936216 -0.351425 0
    outer loop
      vertex 6.12511 13.1287 5.5
      vertex 6.1021 13.19 6
      vertex 6.1021 13.19 5.5
    endloop
  endfacet
  facet normal -0.936216 -0.351425 0
    outer loop
      vertex 6.1021 13.19 6
      vertex 6.12511 13.1287 5.5
      vertex 6.12511 13.1287 6
    endloop
  endfacet
  facet normal -0.959146 -0.282911 0
    outer loop
      vertex 6.1021 13.19 5.5
      vertex 6.08278 13.2555 6
      vertex 6.08278 13.2555 5.5
    endloop
  endfacet
  facet normal -0.959146 -0.282911 0
    outer loop
      vertex 6.08278 13.2555 6
      vertex 6.1021 13.19 5.5
      vertex 6.1021 13.19 6
    endloop
  endfacet
  facet normal 0.162729 -0.986671 0
    outer loop
      vertex 5.30971 13.128 5.5
      vertex 6.08278 13.2555 6
      vertex 5.30971 13.128 6
    endloop
  endfacet
  facet normal 0.162729 -0.986671 0
    outer loop
      vertex 6.08278 13.2555 6
      vertex 5.30971 13.128 5.5
      vertex 6.08278 13.2555 5.5
    endloop
  endfacet
  facet normal 0.966788 0.255581 0
    outer loop
      vertex 5.3399 13.0138 6
      vertex 5.30971 13.128 5.5
      vertex 5.30971 13.128 6
    endloop
  endfacet
  facet normal 0.966788 0.255581 0
    outer loop
      vertex 5.30971 13.128 5.5
      vertex 5.3399 13.0138 6
      vertex 5.3399 13.0138 5.5
    endloop
  endfacet
  facet normal 0.94405 0.329803 0
    outer loop
      vertex 5.37749 12.9062 6
      vertex 5.3399 13.0138 5.5
      vertex 5.3399 13.0138 6
    endloop
  endfacet
  facet normal 0.94405 0.329803 0
    outer loop
      vertex 5.3399 13.0138 5.5
      vertex 5.37749 12.9062 6
      vertex 5.37749 12.9062 5.5
    endloop
  endfacet
  facet normal 0.913673 0.406449 0
    outer loop
      vertex 5.42242 12.8052 6
      vertex 5.37749 12.9062 5.5
      vertex 5.37749 12.9062 6
    endloop
  endfacet
  facet normal 0.913673 0.406449 0
    outer loop
      vertex 5.37749 12.9062 5.5
      vertex 5.42242 12.8052 6
      vertex 5.42242 12.8052 5.5
    endloop
  endfacet
  facet normal 0.874468 0.485084 0
    outer loop
      vertex 5.47473 12.7109 6
      vertex 5.42242 12.8052 5.5
      vertex 5.42242 12.8052 6
    endloop
  endfacet
  facet normal 0.874468 0.485084 0
    outer loop
      vertex 5.42242 12.8052 5.5
      vertex 5.47473 12.7109 6
      vertex 5.47473 12.7109 5.5
    endloop
  endfacet
  facet normal 0.826734 0.562594 0
    outer loop
      vertex 5.53441 12.6232 6
      vertex 5.47473 12.7109 5.5
      vertex 5.47473 12.7109 6
    endloop
  endfacet
  facet normal 0.826734 0.562594 0
    outer loop
      vertex 5.47473 12.7109 5.5
      vertex 5.53441 12.6232 6
      vertex 5.53441 12.6232 5.5
    endloop
  endfacet
  facet normal 0.770708 0.637188 0
    outer loop
      vertex 5.60146 12.5421 6
      vertex 5.53441 12.6232 5.5
      vertex 5.53441 12.6232 6
    endloop
  endfacet
  facet normal 0.770708 0.637188 0
    outer loop
      vertex 5.53441 12.6232 5.5
      vertex 5.60146 12.5421 6
      vertex 5.60146 12.5421 5.5
    endloop
  endfacet
  facet normal 0.707107 0.707107 0
    outer loop
      vertex 5.67586 12.4677 6
      vertex 5.60146 12.5421 5.5
      vertex 5.60146 12.5421 6
    endloop
  endfacet
  facet normal 0.707107 0.707107 0
    outer loop
      vertex 5.60146 12.5421 5.5
      vertex 5.67586 12.4677 6
      vertex 5.67586 12.4677 5.5
    endloop
  endfacet
  facet normal 0.638238 0.769839 -0
    outer loop
      vertex 5.75764 12.3999 5.5
      vertex 5.67586 12.4677 6
      vertex 5.75764 12.3999 6
    endloop
  endfacet
  facet normal 0.638238 0.769839 0
    outer loop
      vertex 5.67586 12.4677 6
      vertex 5.75764 12.3999 5.5
      vertex 5.67586 12.4677 5.5
    endloop
  endfacet
  facet normal 0.56596 0.824433 -0
    outer loop
      vertex 5.84679 12.3387 5.5
      vertex 5.75764 12.3999 6
      vertex 5.84679 12.3387 6
    endloop
  endfacet
  facet normal 0.56596 0.824433 0
    outer loop
      vertex 5.75764 12.3999 6
      vertex 5.84679 12.3387 5.5
      vertex 5.75764 12.3999 5.5
    endloop
  endfacet
  facet normal 0.4922 0.870482 -0
    outer loop
      vertex 5.94353 12.284 5.5
      vertex 5.84679 12.3387 6
      vertex 5.94353 12.284 6
    endloop
  endfacet
  facet normal 0.4922 0.870482 0
    outer loop
      vertex 5.84679 12.3387 6
      vertex 5.94353 12.284 5.5
      vertex 5.84679 12.3387 5.5
    endloop
  endfacet
  facet normal 0.418574 0.908183 -0
    outer loop
      vertex 6.04811 12.2358 5.5
      vertex 5.94353 12.284 6
      vertex 6.04811 12.2358 6
    endloop
  endfacet
  facet normal 0.418574 0.908183 0
    outer loop
      vertex 5.94353 12.284 6
      vertex 6.04811 12.2358 5.5
      vertex 5.94353 12.284 5.5
    endloop
  endfacet
  facet normal 0.348536 0.937295 -0
    outer loop
      vertex 6.16052 12.194 5.5
      vertex 6.04811 12.2358 6
      vertex 6.16052 12.194 6
    endloop
  endfacet
  facet normal 0.348536 0.937295 0
    outer loop
      vertex 6.04811 12.2358 6
      vertex 6.16052 12.194 5.5
      vertex 6.04811 12.2358 5.5
    endloop
  endfacet
  facet normal 0.282382 0.959302 -0
    outer loop
      vertex 6.28078 12.1586 5.5
      vertex 6.16052 12.194 6
      vertex 6.28078 12.1586 6
    endloop
  endfacet
  facet normal 0.282382 0.959302 0
    outer loop
      vertex 6.16052 12.194 6
      vertex 6.28078 12.1586 5.5
      vertex 6.16052 12.194 5.5
    endloop
  endfacet
  facet normal 0.220107 0.975476 -0
    outer loop
      vertex 6.40886 12.1297 5.5
      vertex 6.28078 12.1586 6
      vertex 6.40886 12.1297 6
    endloop
  endfacet
  facet normal 0.220107 0.975476 0
    outer loop
      vertex 6.28078 12.1586 6
      vertex 6.40886 12.1297 5.5
      vertex 6.28078 12.1586 5.5
    endloop
  endfacet
  facet normal 0.163316 0.986574 -0
    outer loop
      vertex 6.54478 12.1072 5.5
      vertex 6.40886 12.1297 6
      vertex 6.54478 12.1072 6
    endloop
  endfacet
  facet normal 0.163316 0.986574 0
    outer loop
      vertex 6.40886 12.1297 6
      vertex 6.54478 12.1072 5.5
      vertex 6.40886 12.1297 5.5
    endloop
  endfacet
  facet normal 0.111289 0.993788 -0
    outer loop
      vertex 6.68855 12.0911 5.5
      vertex 6.54478 12.1072 6
      vertex 6.68855 12.0911 6
    endloop
  endfacet
  facet normal 0.111289 0.993788 0
    outer loop
      vertex 6.54478 12.1072 6
      vertex 6.68855 12.0911 5.5
      vertex 6.54478 12.1072 5.5
    endloop
  endfacet
  facet normal 0.063198 0.998001 -0
    outer loop
      vertex 6.84015 12.0815 5.5
      vertex 6.68855 12.0911 6
      vertex 6.84015 12.0815 6
    endloop
  endfacet
  facet normal 0.063198 0.998001 0
    outer loop
      vertex 6.68855 12.0911 6
      vertex 6.84015 12.0815 5.5
      vertex 6.68855 12.0911 5.5
    endloop
  endfacet
  facet normal 0.0200687 0.999799 -0
    outer loop
      vertex 6.99957 12.0783 5.5
      vertex 6.84015 12.0815 6
      vertex 6.99957 12.0783 6
    endloop
  endfacet
  facet normal 0.0200687 0.999799 0
    outer loop
      vertex 6.84015 12.0815 6
      vertex 6.99957 12.0783 5.5
      vertex 6.84015 12.0815 5.5
    endloop
  endfacet
  facet normal -0.0206579 0.999787 0
    outer loop
      vertex 7.1738 12.0819 5.5
      vertex 6.99957 12.0783 6
      vertex 7.1738 12.0819 6
    endloop
  endfacet
  facet normal -0.0206579 0.999787 0
    outer loop
      vertex 6.99957 12.0783 6
      vertex 7.1738 12.0819 5.5
      vertex 6.99957 12.0783 5.5
    endloop
  endfacet
  facet normal 0 1 -0
    outer loop
      vertex 4.06895 13.7709 5.5
      vertex 2.40347 13.7709 6
      vertex 4.06895 13.7709 6
    endloop
  endfacet
  facet normal 0 1 0
    outer loop
      vertex 2.40347 13.7709 6
      vertex 4.06895 13.7709 5.5
      vertex 2.40347 13.7709 5.5
    endloop
  endfacet
  facet normal 1 -0 0
    outer loop
      vertex 4.06895 12.1325 6
      vertex 4.06895 13.7709 5.5
      vertex 4.06895 13.7709 6
    endloop
  endfacet
  facet normal 1 0 0
    outer loop
      vertex 4.06895 13.7709 5.5
      vertex 4.06895 12.1325 6
      vertex 4.06895 12.1325 5.5
    endloop
  endfacet
  facet normal 0 1 -0
    outer loop
      vertex 4.86914 12.1325 5.5
      vertex 4.06895 12.1325 6
      vertex 4.86914 12.1325 6
    endloop
  endfacet
  facet normal 0 1 0
    outer loop
      vertex 4.06895 12.1325 6
      vertex 4.86914 12.1325 5.5
      vertex 4.06895 12.1325 5.5
    endloop
  endfacet
  facet normal -1 0 0
    outer loop
      vertex 4.86914 12.1325 5.5
      vertex 4.86914 15.9544 6
      vertex 4.86914 15.9544 5.5
    endloop
  endfacet
  facet normal -1 -0 0
    outer loop
      vertex 4.86914 15.9544 6
      vertex 4.86914 12.1325 5.5
      vertex 4.86914 12.1325 6
    endloop
  endfacet
  facet normal 0 -1 0
    outer loop
      vertex 4.06895 15.9544 5.5
      vertex 4.86914 15.9544 6
      vertex 4.06895 15.9544 6
    endloop
  endfacet
  facet normal 0 -1 -0
    outer loop
      vertex 4.86914 15.9544 6
      vertex 4.06895 15.9544 5.5
      vertex 4.86914 15.9544 5.5
    endloop
  endfacet
  facet normal 1 -0 0
    outer loop
      vertex 4.06895 14.4327 6
      vertex 4.06895 15.9544 5.5
      vertex 4.06895 15.9544 6
    endloop
  endfacet
  facet normal 1 0 0
    outer loop
      vertex 4.06895 15.9544 5.5
      vertex 4.06895 14.4327 6
      vertex 4.06895 14.4327 5.5
    endloop
  endfacet
  facet normal 0 -1 0
    outer loop
      vertex 2.40347 14.4327 5.5
      vertex 4.06895 14.4327 6
      vertex 2.40347 14.4327 6
    endloop
  endfacet
  facet normal 0 -1 -0
    outer loop
      vertex 4.06895 14.4327 6
      vertex 2.40347 14.4327 5.5
      vertex 4.06895 14.4327 5.5
    endloop
  endfacet
  facet normal -1 0 0
    outer loop
      vertex 2.40347 14.4327 5.5
      vertex 2.40347 15.9544 6
      vertex 2.40347 15.9544 5.5
    endloop
  endfacet
  facet normal -1 -0 0
    outer loop
      vertex 2.40347 15.9544 6
      vertex 2.40347 14.4327 5.5
      vertex 2.40347 14.4327 6
    endloop
  endfacet
  facet normal 0 -1 0
    outer loop
      vertex 1.60327 15.9544 5.5
      vertex 2.40347 15.9544 6
      vertex 1.60327 15.9544 6
    endloop
  endfacet
  facet normal 0 -1 -0
    outer loop
      vertex 2.40347 15.9544 6
      vertex 1.60327 15.9544 5.5
      vertex 2.40347 15.9544 5.5
    endloop
  endfacet
  facet normal 1 -0 0
    outer loop
      vertex 1.60327 12.1325 6
      vertex 1.60327 15.9544 5.5
      vertex 1.60327 15.9544 6
    endloop
  endfacet
  facet normal 1 0 0
    outer loop
      vertex 1.60327 15.9544 5.5
      vertex 1.60327 12.1325 6
      vertex 1.60327 12.1325 5.5
    endloop
  endfacet
  facet normal 0 1 -0
    outer loop
      vertex 2.40347 12.1325 5.5
      vertex 1.60327 12.1325 6
      vertex 2.40347 12.1325 6
    endloop
  endfacet
  facet normal 0 1 0
    outer loop
      vertex 1.60327 12.1325 6
      vertex 2.40347 12.1325 5.5
      vertex 1.60327 12.1325 5.5
    endloop
  endfacet
  facet normal -1 0 0
    outer loop
      vertex 2.40347 12.1325 5.5
      vertex 2.40347 13.7709 6
      vertex 2.40347 13.7709 5.5
    endloop
  endfacet
  facet normal -1 -0 0
    outer loop
      vertex 2.40347 13.7709 6
      vertex 2.40347 12.1325 5.5
      vertex 2.40347 12.1325 6
    endloop
  endfacet
  facet normal -0 0 1
    outer loop
      vertex 7.76265 35.0029 5.5
      vertex 8.54219 34.9979 5.5
      vertex 8.53802 35.1015 5.5
    endloop
  endfacet
  facet normal 0 0 1
    outer loop
      vertex 8.54219 34.9979 5.5
      vertex 7.76752 34.9542 5.5
      vertex 8.5396 34.9199 5.5
    endloop
  endfacet
  facet normal 0 0 1
    outer loop
      vertex 7.75453 35.049 5.5
      vertex 8.53802 35.1015 5.5
      vertex 8.52551 35.1999 5.5
    endloop
  endfacet
  facet normal 0 -0 1
    outer loop
      vertex 7.76915 34.903 5.5
      vertex 8.5396 34.9199 5.5
      vertex 7.76752 34.9542 5.5
    endloop
  endfacet
  facet normal 0 0 1
    outer loop
      vertex 7.75453 35.049 5.5
      vertex 8.52551 35.1999 5.5
      vertex 8.50467 35.2931 5.5
    endloop
  endfacet
  facet normal 0 0 1
    outer loop
      vertex 8.5396 34.9199 5.5
      vertex 7.76915 34.903 5.5
      vertex 8.5318 34.8451 5.5
    endloop
  endfacet
  facet normal 0 0 1
    outer loop
      vertex 8.5318 34.8451 5.5
      vertex 7.76915 34.903 5.5
      vertex 8.51883 34.7734 5.5
    endloop
  endfacet
  facet normal 0 0 1
    outer loop
      vertex 7.74316 35.0927 5.5
      vertex 8.50467 35.2931 5.5
      vertex 8.47548 35.3813 5.5
    endloop
  endfacet
  facet normal -0 0 1
    outer loop
      vertex 7.76711 34.849 5.5
      vertex 8.51883 34.7734 5.5
      vertex 7.76915 34.903 5.5
    endloop
  endfacet
  facet normal 0 0 1
    outer loop
      vertex 7.72855 35.1338 5.5
      vertex 8.47548 35.3813 5.5
      vertex 8.43796 35.4643 5.5
    endloop
  endfacet
  facet normal 0 0 1
    outer loop
      vertex 8.51883 34.7734 5.5
      vertex 7.76711 34.849 5.5
      vertex 8.50066 34.7048 5.5
    endloop
  endfacet
  facet normal 0 0 1
    outer loop
      vertex 7.72855 35.1338 5.5
      vertex 8.43796 35.4643 5.5
      vertex 8.39209 35.5422 5.5
    endloop
  endfacet
  facet normal 0 0 1
    outer loop
      vertex 8.50066 34.7048 5.5
      vertex 7.76711 34.849 5.5
      vertex 8.47729 34.6395 5.5
    endloop
  endfacet
  facet normal 0 0 1
    outer loop
      vertex 7.71068 35.1724 5.5
      vertex 8.39209 35.5422 5.5
      vertex 8.33789 35.615 5.5
    endloop
  endfacet
  facet normal -0 0 1
    outer loop
      vertex 7.76097 34.7978 5.5
      vertex 8.47729 34.6395 5.5
      vertex 7.76711 34.849 5.5
    endloop
  endfacet
  facet normal 0 0 1
    outer loop
      vertex 8.47729 34.6395 5.5
      vertex 7.76097 34.7978 5.5
      vertex 8.44875 34.5772 5.5
    endloop
  endfacet
  facet normal 0 0 1
    outer loop
      vertex 7.68956 35.2085 5.5
      vertex 8.33789 35.615 5.5
      vertex 8.27534 35.6827 5.5
    endloop
  endfacet
  facet normal 0 0 1
    outer loop
      vertex 8.44875 34.5772 5.5
      vertex 7.76097 34.7978 5.5
      vertex 8.41501 34.5181 5.5
    endloop
  endfacet
  facet normal 0 0 1
    outer loop
      vertex 7.68956 35.2085 5.5
      vertex 8.27534 35.6827 5.5
      vertex 8.20447 35.7452 5.5
    endloop
  endfacet
  facet normal -0 0 1
    outer loop
      vertex 7.75076 34.7494 5.5
      vertex 8.41501 34.5181 5.5
      vertex 7.76097 34.7978 5.5
    endloop
  endfacet
  facet normal 0 0 1
    outer loop
      vertex 7.66519 35.2421 5.5
      vertex 8.20447 35.7452 5.5
      vertex 8.12619 35.8018 5.5
    endloop
  endfacet
  facet normal 0 0 1
    outer loop
      vertex 8.41501 34.5181 5.5
      vertex 7.75076 34.7494 5.5
      vertex 8.37607 34.4621 5.5
    endloop
  endfacet
  facet normal 0 0 1
    outer loop
      vertex 7.63759 35.2732 5.5
      vertex 8.12619 35.8018 5.5
      vertex 8.04146 35.8518 5.5
    endloop
  endfacet
  facet normal 0 0 1
    outer loop
      vertex 8.37607 34.4621 5.5
      vertex 7.75076 34.7494 5.5
      vertex 8.33195 34.4093 5.5
    endloop
  endfacet
  facet normal 0 0 1
    outer loop
      vertex 8.33195 34.4093 5.5
      vertex 7.75076 34.7494 5.5
      vertex 8.28294 34.36 5.5
    endloop
  endfacet
  facet normal 0 0 1
    outer loop
      vertex 7.60686 35.3014 5.5
      vertex 8.04146 35.8518 5.5
      vertex 7.95026 35.8952 5.5
    endloop
  endfacet
  facet normal -0 0 1
    outer loop
      vertex 7.73647 34.7039 5.5
      vertex 8.28294 34.36 5.5
      vertex 7.75076 34.7494 5.5
    endloop
  endfacet
  facet normal 0 0 1
    outer loop
      vertex 7.57315 35.3263 5.5
      vertex 7.95026 35.8952 5.5
      vertex 7.8526 35.9318 5.5
    endloop
  endfacet
  facet normal 0 0 1
    outer loop
      vertex 8.28294 34.36 5.5
      vertex 7.73647 34.7039 5.5
      vertex 8.22935 34.3145 5.5
    endloop
  endfacet
  facet normal 0 0 1
    outer loop
      vertex 8.22935 34.3145 5.5
      vertex 7.71808 34.6613 5.5
      vertex 8.17117 34.2728 5.5
    endloop
  endfacet
  facet normal -0 0 1
    outer loop
      vertex 7.71808 34.6613 5.5
      vertex 8.22935 34.3145 5.5
      vertex 7.73647 34.7039 5.5
    endloop
  endfacet
  facet normal 0 0 1
    outer loop
      vertex 8.54219 34.9979 5.5
      vertex 7.76265 35.0029 5.5
      vertex 7.76752 34.9542 5.5
    endloop
  endfacet
  facet normal 0 0 1
    outer loop
      vertex 8.53802 35.1015 5.5
      vertex 7.75453 35.049 5.5
      vertex 7.76265 35.0029 5.5
    endloop
  endfacet
  facet normal 0 0 1
    outer loop
      vertex 7.53647 35.3478 5.5
      vertex 7.8526 35.9318 5.5
      vertex 7.74846 35.9618 5.5
    endloop
  endfacet
  facet normal 0 0 1
    outer loop
      vertex 8.50467 35.2931 5.5
      vertex 7.74316 35.0927 5.5
      vertex 7.75453 35.049 5.5
    endloop
  endfacet
  facet normal 0 0 1
    outer loop
      vertex 8.47548 35.3813 5.5
      vertex 7.72855 35.1338 5.5
      vertex 7.74316 35.0927 5.5
    endloop
  endfacet
  facet normal 0 0 1
    outer loop
      vertex 8.39209 35.5422 5.5
      vertex 7.71068 35.1724 5.5
      vertex 7.72855 35.1338 5.5
    endloop
  endfacet
  facet normal 0 0 1
    outer loop
      vertex 8.33789 35.615 5.5
      vertex 7.68956 35.2085 5.5
      vertex 7.71068 35.1724 5.5
    endloop
  endfacet
  facet normal 0 0 1
    outer loop
      vertex 8.20447 35.7452 5.5
      vertex 7.66519 35.2421 5.5
      vertex 7.68956 35.2085 5.5
    endloop
  endfacet
  facet normal 0 0 1
    outer loop
      vertex 7.4968 35.3661 5.5
      vertex 7.74846 35.9618 5.5
      vertex 7.63788 35.9851 5.5
    endloop
  endfacet
  facet normal 0 0 1
    outer loop
      vertex 8.12619 35.8018 5.5
      vertex 7.63759 35.2732 5.5
      vertex 7.66519 35.2421 5.5
    endloop
  endfacet
  facet normal 0 0 1
    outer loop
      vertex 8.04146 35.8518 5.5
      vertex 7.60686 35.3014 5.5
      vertex 7.63759 35.2732 5.5
    endloop
  endfacet
  facet normal 0 0 1
    outer loop
      vertex 7.95026 35.8952 5.5
      vertex 7.57315 35.3263 5.5
      vertex 7.60686 35.3014 5.5
    endloop
  endfacet
  facet normal 0 0 1
    outer loop
      vertex 7.8526 35.9318 5.5
      vertex 7.53647 35.3478 5.5
      vertex 7.57315 35.3263 5.5
    endloop
  endfacet
  facet normal 0 0 1
    outer loop
      vertex 7.45415 35.381 5.5
      vertex 7.63788 35.9851 5.5
      vertex 7.52081 36.0018 5.5
    endloop
  endfacet
  facet normal 0 0 1
    outer loop
      vertex 7.74846 35.9618 5.5
      vertex 7.4968 35.3661 5.5
      vertex 7.53647 35.3478 5.5
    endloop
  endfacet
  facet normal 0 0 1
    outer loop
      vertex 7.63788 35.9851 5.5
      vertex 7.45415 35.381 5.5
      vertex 7.4968 35.3661 5.5
    endloop
  endfacet
  facet normal 0 0 1
    outer loop
      vertex 7.52081 36.0018 5.5
      vertex 7.40852 35.3926 5.5
      vertex 7.45415 35.381 5.5
    endloop
  endfacet
  facet normal 0 0 1
    outer loop
      vertex 7.39729 36.0118 5.5
      vertex 7.40852 35.3926 5.5
      vertex 7.52081 36.0018 5.5
    endloop
  endfacet
  facet normal 0 0 1
    outer loop
      vertex 7.39729 36.0118 5.5
      vertex 7.35991 35.4009 5.5
      vertex 7.40852 35.3926 5.5
    endloop
  endfacet
  facet normal 0 0 1
    outer loop
      vertex 7.39729 36.0118 5.5
      vertex 7.30832 35.4059 5.5
      vertex 7.35991 35.4009 5.5
    endloop
  endfacet
  facet normal 0 0 1
    outer loop
      vertex 7.2673 36.0151 5.5
      vertex 7.30832 35.4059 5.5
      vertex 7.39729 36.0118 5.5
    endloop
  endfacet
  facet normal 0 0 1
    outer loop
      vertex 7.2673 36.0151 5.5
      vertex 7.25375 35.4075 5.5
      vertex 7.30832 35.4059 5.5
    endloop
  endfacet
  facet normal 0 0 1
    outer loop
      vertex 7.2673 36.0151 5.5
      vertex 7.20242 35.4059 5.5
      vertex 7.25375 35.4075 5.5
    endloop
  endfacet
  facet normal -0 0 1
    outer loop
      vertex 7.14458 36.0117 5.5
      vertex 7.20242 35.4059 5.5
      vertex 7.2673 36.0151 5.5
    endloop
  endfacet
  facet normal 0 0 1
    outer loop
      vertex 7.20242 35.4059 5.5
      vertex 7.14458 36.0117 5.5
      vertex 7.15335 35.4011 5.5
    endloop
  endfacet
  facet normal -0 0 1
    outer loop
      vertex 7.02713 36.0013 5.5
      vertex 7.15335 35.4011 5.5
      vertex 7.14458 36.0117 5.5
    endloop
  endfacet
  facet normal 0 0 1
    outer loop
      vertex 7.15335 35.4011 5.5
      vertex 7.02713 36.0013 5.5
      vertex 7.10651 35.3931 5.5
    endloop
  endfacet
  facet normal -0 0 1
    outer loop
      vertex 6.91498 35.9841 5.5
      vertex 7.10651 35.3931 5.5
      vertex 7.02713 36.0013 5.5
    endloop
  endfacet
  facet normal 0 0 1
    outer loop
      vertex 7.10651 35.3931 5.5
      vertex 6.91498 35.9841 5.5
      vertex 7.06192 35.3818 5.5
    endloop
  endfacet
  facet normal 0 0 1
    outer loop
      vertex 7.06192 35.3818 5.5
      vertex 6.91498 35.9841 5.5
      vertex 7.01958 35.3673 5.5
    endloop
  endfacet
  facet normal -0 0 1
    outer loop
      vertex 6.80812 35.9599 5.5
      vertex 7.01958 35.3673 5.5
      vertex 6.91498 35.9841 5.5
    endloop
  endfacet
  facet normal 0 0 1
    outer loop
      vertex 7.01958 35.3673 5.5
      vertex 6.80812 35.9599 5.5
      vertex 6.97948 35.3497 5.5
    endloop
  endfacet
  facet normal -0 0 1
    outer loop
      vertex 6.70656 35.9289 5.5
      vertex 6.97948 35.3497 5.5
      vertex 6.80812 35.9599 5.5
    endloop
  endfacet
  facet normal 0 0 1
    outer loop
      vertex 6.97948 35.3497 5.5
      vertex 6.70656 35.9289 5.5
      vertex 6.94162 35.3288 5.5
    endloop
  endfacet
  facet normal -0 0 1
    outer loop
      vertex 6.61028 35.8909 5.5
      vertex 6.94162 35.3288 5.5
      vertex 6.70656 35.9289 5.5
    endloop
  endfacet
  facet normal 0 0 1
    outer loop
      vertex 6.94162 35.3288 5.5
      vertex 6.61028 35.8909 5.5
      vertex 6.90601 35.3046 5.5
    endloop
  endfacet
  facet normal -0 0 1
    outer loop
      vertex 6.51929 35.8461 5.5
      vertex 6.90601 35.3046 5.5
      vertex 6.61028 35.8909 5.5
    endloop
  endfacet
  facet normal 0 0 1
    outer loop
      vertex 6.90601 35.3046 5.5
      vertex 6.51929 35.8461 5.5
      vertex 6.87263 35.2773 5.5
    endloop
  endfacet
  facet normal -0 0 1
    outer loop
      vertex 6.43359 35.7944 5.5
      vertex 6.87263 35.2773 5.5
      vertex 6.51929 35.8461 5.5
    endloop
  endfacet
  facet normal 0 0 1
    outer loop
      vertex 6.87263 35.2773 5.5
      vertex 6.43359 35.7944 5.5
      vertex 6.8419 35.2471 5.5
    endloop
  endfacet
  facet normal -0 0 1
    outer loop
      vertex 6.35318 35.7357 5.5
      vertex 6.8419 35.2471 5.5
      vertex 6.43359 35.7944 5.5
    endloop
  endfacet
  facet normal 0 0 1
    outer loop
      vertex 6.8419 35.2471 5.5
      vertex 6.35318 35.7357 5.5
      vertex 6.81424 35.2141 5.5
    endloop
  endfacet
  facet normal -0 0 1
    outer loop
      vertex 6.27902 35.671 5.5
      vertex 6.81424 35.2141 5.5
      vertex 6.35318 35.7357 5.5
    endloop
  endfacet
  facet normal 0 0 1
    outer loop
      vertex 6.81424 35.2141 5.5
      vertex 6.27902 35.671 5.5
      vertex 6.78961 35.1785 5.5
    endloop
  endfacet
  facet normal -0 0 1
    outer loop
      vertex 6.21202 35.601 5.5
      vertex 6.78961 35.1785 5.5
      vertex 6.27902 35.671 5.5
    endloop
  endfacet
  facet normal 0 0 1
    outer loop
      vertex 6.78961 35.1785 5.5
      vertex 6.21202 35.601 5.5
      vertex 6.76804 35.1402 5.5
    endloop
  endfacet
  facet normal -0 0 1
    outer loop
      vertex 6.15218 35.5257 5.5
      vertex 6.76804 35.1402 5.5
      vertex 6.21202 35.601 5.5
    endloop
  endfacet
  facet normal -0 0 1
    outer loop
      vertex 6.0995 35.4451 5.5
      vertex 6.76804 35.1402 5.5
      vertex 6.15218 35.5257 5.5
    endloop
  endfacet
  facet normal 0 0 1
    outer loop
      vertex 6.76804 35.1402 5.5
      vertex 6.0995 35.4451 5.5
      vertex 6.7495 35.0992 5.5
    endloop
  endfacet
  facet normal -0 0 1
    outer loop
      vertex 6.054 35.3592 5.5
      vertex 6.7495 35.0992 5.5
      vertex 6.0995 35.4451 5.5
    endloop
  endfacet
  facet normal 0 0 1
    outer loop
      vertex 6.7495 35.0992 5.5
      vertex 6.054 35.3592 5.5
      vertex 6.73401 35.0555 5.5
    endloop
  endfacet
  facet normal -0 0 1
    outer loop
      vertex 6.01566 35.268 5.5
      vertex 6.73401 35.0555 5.5
      vertex 6.054 35.3592 5.5
    endloop
  endfacet
  facet normal 0 0 1
    outer loop
      vertex 6.73401 35.0555 5.5
      vertex 6.01566 35.268 5.5
      vertex 6.72157 35.0091 5.5
    endloop
  endfacet
  facet normal -0 0 1
    outer loop
      vertex 5.98448 35.1715 5.5
      vertex 6.72157 35.0091 5.5
      vertex 6.01566 35.268 5.5
    endloop
  endfacet
  facet normal 0 0 1
    outer loop
      vertex 6.72157 35.0091 5.5
      vertex 5.98448 35.1715 5.5
      vertex 6.71217 34.9601 5.5
    endloop
  endfacet
  facet normal -0 0 1
    outer loop
      vertex 5.96048 35.0697 5.5
      vertex 6.71217 34.9601 5.5
      vertex 5.98448 35.1715 5.5
    endloop
  endfacet
  facet normal 0 0 1
    outer loop
      vertex 6.71217 34.9601 5.5
      vertex 5.96048 35.0697 5.5
      vertex 6.70583 34.9084 5.5
    endloop
  endfacet
  facet normal 0 0 1
    outer loop
      vertex 6.70583 34.9084 5.5
      vertex 5.96048 35.0697 5.5
      vertex 5.94363 34.9627 5.5
    endloop
  endfacet
  facet normal 0 0 1
    outer loop
      vertex 8.17117 34.2728 5.5
      vertex 7.71808 34.6613 5.5
      vertex 8.1084 34.2349 5.5
    endloop
  endfacet
  facet normal -0 0 1
    outer loop
      vertex 7.6956 34.6215 5.5
      vertex 8.1084 34.2349 5.5
      vertex 7.71808 34.6613 5.5
    endloop
  endfacet
  facet normal 0 0 1
    outer loop
      vertex 8.1084 34.2349 5.5
      vertex 7.6956 34.6215 5.5
      vertex 8.04105 34.2009 5.5
    endloop
  endfacet
  facet normal -0 0 1
    outer loop
      vertex 7.66904 34.5845 5.5
      vertex 8.04105 34.2009 5.5
      vertex 7.6956 34.6215 5.5
    endloop
  endfacet
  facet normal 0 0 1
    outer loop
      vertex 8.04105 34.2009 5.5
      vertex 7.66904 34.5845 5.5
      vertex 7.9691 34.1706 5.5
    endloop
  endfacet
  facet normal -0 0 1
    outer loop
      vertex 7.6384 34.5504 5.5
      vertex 7.89258 34.1442 5.5
      vertex 7.66904 34.5845 5.5
    endloop
  endfacet
  facet normal 0 0 1
    outer loop
      vertex 7.9691 34.1706 5.5
      vertex 7.66904 34.5845 5.5
      vertex 7.89258 34.1442 5.5
    endloop
  endfacet
  facet normal 0 0 1
    outer loop
      vertex 8.62811 33.3543 5.5
      vertex 7.85635 33.2982 5.5
      vertex 7.85863 33.243 5.5
    endloop
  endfacet
  facet normal 0 0 1
    outer loop
      vertex 7.99623 34.0369 5.5
      vertex 7.84952 33.3504 5.5
      vertex 7.85635 33.2982 5.5
    endloop
  endfacet
  facet normal 0 0 1
    outer loop
      vertex 7.99623 34.0369 5.5
      vertex 7.83813 33.3997 5.5
      vertex 7.84952 33.3504 5.5
    endloop
  endfacet
  facet normal 0 0 1
    outer loop
      vertex 7.99623 34.0369 5.5
      vertex 7.82219 33.446 5.5
      vertex 7.83813 33.3997 5.5
    endloop
  endfacet
  facet normal 0 0 1
    outer loop
      vertex 7.67419 33.6335 5.5
      vertex 7.91106 34.0599 5.5
      vertex 7.82089 34.0782 5.5
    endloop
  endfacet
  facet normal 0 0 1
    outer loop
      vertex 7.99623 34.0369 5.5
      vertex 7.8017 33.4894 5.5
      vertex 7.82219 33.446 5.5
    endloop
  endfacet
  facet normal 0 0 1
    outer loop
      vertex 7.99623 34.0369 5.5
      vertex 7.77666 33.5299 5.5
      vertex 7.8017 33.4894 5.5
    endloop
  endfacet
  facet normal 0 0 1
    outer loop
      vertex 7.99623 34.0369 5.5
      vertex 7.74706 33.5674 5.5
      vertex 7.77666 33.5299 5.5
    endloop
  endfacet
  facet normal 0 0 1
    outer loop
      vertex 7.631 33.662 5.5
      vertex 7.82089 34.0782 5.5
      vertex 7.72575 34.092 5.5
    endloop
  endfacet
  facet normal 0 0 1
    outer loop
      vertex 7.99623 34.0369 5.5
      vertex 7.71289 33.6019 5.5
      vertex 7.74706 33.5674 5.5
    endloop
  endfacet
  facet normal 0 0 1
    outer loop
      vertex 7.89258 34.1442 5.5
      vertex 7.6384 34.5504 5.5
      vertex 7.81145 34.1216 5.5
    endloop
  endfacet
  facet normal -0 0 1
    outer loop
      vertex 7.60367 34.5192 5.5
      vertex 7.81145 34.1216 5.5
      vertex 7.6384 34.5504 5.5
    endloop
  endfacet
  facet normal 0 0 1
    outer loop
      vertex 7.81145 34.1216 5.5
      vertex 7.60367 34.5192 5.5
      vertex 7.72575 34.1028 5.5
    endloop
  endfacet
  facet normal -0 0 1
    outer loop
      vertex 7.56488 34.491 5.5
      vertex 7.72575 34.1028 5.5
      vertex 7.60367 34.5192 5.5
    endloop
  endfacet
  facet normal 0 0 1
    outer loop
      vertex 7.91106 34.0599 5.5
      vertex 7.67419 33.6335 5.5
      vertex 7.71289 33.6019 5.5
    endloop
  endfacet
  facet normal -0 0 1
    outer loop
      vertex 7.52208 34.4661 5.5
      vertex 7.72575 34.1028 5.5
      vertex 7.56488 34.491 5.5
    endloop
  endfacet
  facet normal 0 0 1
    outer loop
      vertex 7.82089 34.0782 5.5
      vertex 7.631 33.662 5.5
      vertex 7.67419 33.6335 5.5
    endloop
  endfacet
  facet normal -0 0 1
    outer loop
      vertex 7.47527 34.4446 5.5
      vertex 7.72575 34.1028 5.5
      vertex 7.52208 34.4661 5.5
    endloop
  endfacet
  facet normal 0 0 1
    outer loop
      vertex 7.72575 34.092 5.5
      vertex 7.58337 33.6871 5.5
      vertex 7.631 33.662 5.5
    endloop
  endfacet
  facet normal -0 0 1
    outer loop
      vertex 7.42444 34.4264 5.5
      vertex 7.72575 34.1028 5.5
      vertex 7.47527 34.4446 5.5
    endloop
  endfacet
  facet normal 0 0 1
    outer loop
      vertex 7.72575 34.092 5.5
      vertex 7.53134 33.7089 5.5
      vertex 7.58337 33.6871 5.5
    endloop
  endfacet
  facet normal -0 0 1
    outer loop
      vertex 7.36958 34.4114 5.5
      vertex 7.72575 34.1028 5.5
      vertex 7.42444 34.4264 5.5
    endloop
  endfacet
  facet normal 0 0 1
    outer loop
      vertex 7.72575 34.092 5.5
      vertex 7.47487 33.7273 5.5
      vertex 7.53134 33.7089 5.5
    endloop
  endfacet
  facet normal 0 0 1
    outer loop
      vertex 7.72575 34.1028 5.5
      vertex 7.36958 34.4114 5.5
      vertex 7.72575 34.092 5.5
    endloop
  endfacet
  facet normal 0 0 1
    outer loop
      vertex 7.72575 34.092 5.5
      vertex 7.414 33.7424 5.5
      vertex 7.47487 33.7273 5.5
    endloop
  endfacet
  facet normal -0 0 1
    outer loop
      vertex 7.31071 34.3998 5.5
      vertex 7.72575 34.092 5.5
      vertex 7.36958 34.4114 5.5
    endloop
  endfacet
  facet normal 0 0 1
    outer loop
      vertex 7.72575 34.092 5.5
      vertex 7.34869 33.7541 5.5
      vertex 7.414 33.7424 5.5
    endloop
  endfacet
  facet normal 0 0 1
    outer loop
      vertex 7.72575 34.092 5.5
      vertex 7.31071 34.3998 5.5
      vertex 7.34869 33.7541 5.5
    endloop
  endfacet
  facet normal 0 0 1
    outer loop
      vertex 7.31071 34.3998 5.5
      vertex 7.27898 33.7625 5.5
      vertex 7.34869 33.7541 5.5
    endloop
  endfacet
  facet normal -0 0 1
    outer loop
      vertex 7.24782 34.3916 5.5
      vertex 7.27898 33.7625 5.5
      vertex 7.31071 34.3998 5.5
    endloop
  endfacet
  facet normal 0 0 1
    outer loop
      vertex 7.24782 34.3916 5.5
      vertex 7.20483 33.7675 5.5
      vertex 7.27898 33.7625 5.5
    endloop
  endfacet
  facet normal -0 0 1
    outer loop
      vertex 7.18091 34.3866 5.5
      vertex 7.20483 33.7675 5.5
      vertex 7.24782 34.3916 5.5
    endloop
  endfacet
  facet normal 0 0 1
    outer loop
      vertex 7.18091 34.3866 5.5
      vertex 7.12627 33.7692 5.5
      vertex 7.20483 33.7675 5.5
    endloop
  endfacet
  facet normal -0 0 1
    outer loop
      vertex 7.10999 34.3849 5.5
      vertex 7.12627 33.7692 5.5
      vertex 7.18091 34.3866 5.5
    endloop
  endfacet
  facet normal 0 0 1
    outer loop
      vertex 6.86043 33.7692 5.5
      vertex 7.10999 34.3849 5.5
      vertex 6.86043 34.3849 5.5
    endloop
  endfacet
  facet normal 0 0 1
    outer loop
      vertex 7.10999 34.3849 5.5
      vertex 6.86043 33.7692 5.5
      vertex 7.12627 33.7692 5.5
    endloop
  endfacet
  facet normal -0 0 1
    outer loop
      vertex 7.85863 33.243 5.5
      vertex 8.63983 33.1969 5.5
      vertex 8.6369 33.2772 5.5
    endloop
  endfacet
  facet normal 0 0 1
    outer loop
      vertex 7.85863 33.243 5.5
      vertex 8.6369 33.2772 5.5
      vertex 8.62811 33.3543 5.5
    endloop
  endfacet
  facet normal 0 0 1
    outer loop
      vertex 8.63983 33.1969 5.5
      vertex 7.85863 33.243 5.5
      vertex 7.85675 33.1827 5.5
    endloop
  endfacet
  facet normal 0 0 1
    outer loop
      vertex 7.85635 33.2982 5.5
      vertex 8.62811 33.3543 5.5
      vertex 8.61345 33.4282 5.5
    endloop
  endfacet
  facet normal -0 0 1
    outer loop
      vertex 7.85112 33.1259 5.5
      vertex 8.63547 33.0805 5.5
      vertex 7.85675 33.1827 5.5
    endloop
  endfacet
  facet normal 0 0 1
    outer loop
      vertex 7.85635 33.2982 5.5
      vertex 8.61345 33.4282 5.5
      vertex 8.59294 33.4988 5.5
    endloop
  endfacet
  facet normal 0 0 1
    outer loop
      vertex 8.63547 33.0805 5.5
      vertex 7.85112 33.1259 5.5
      vertex 8.62241 32.9702 5.5
    endloop
  endfacet
  facet normal 0 0 1
    outer loop
      vertex 7.85635 33.2982 5.5
      vertex 8.59294 33.4988 5.5
      vertex 8.56657 33.5661 5.5
    endloop
  endfacet
  facet normal 0 0 1
    outer loop
      vertex 7.85635 33.2982 5.5
      vertex 8.56657 33.5661 5.5
      vertex 8.53433 33.6302 5.5
    endloop
  endfacet
  facet normal -0 0 1
    outer loop
      vertex 7.84175 33.0727 5.5
      vertex 8.62241 32.9702 5.5
      vertex 7.85112 33.1259 5.5
    endloop
  endfacet
  facet normal 0 0 1
    outer loop
      vertex 7.85635 33.2982 5.5
      vertex 8.53433 33.6302 5.5
      vertex 8.49625 33.6911 5.5
    endloop
  endfacet
  facet normal 0 0 1
    outer loop
      vertex 8.62241 32.9702 5.5
      vertex 7.84175 33.0727 5.5
      vertex 8.60065 32.8659 5.5
    endloop
  endfacet
  facet normal 0 0 1
    outer loop
      vertex 7.85635 33.2982 5.5
      vertex 8.49625 33.6911 5.5
      vertex 8.45229 33.7487 5.5
    endloop
  endfacet
  facet normal -0 0 1
    outer loop
      vertex 7.82861 33.023 5.5
      vertex 8.60065 32.8659 5.5
      vertex 7.84175 33.0727 5.5
    endloop
  endfacet
  facet normal 0 0 1
    outer loop
      vertex 7.85635 33.2982 5.5
      vertex 8.45229 33.7487 5.5
      vertex 8.40247 33.8031 5.5
    endloop
  endfacet
  facet normal 0 0 1
    outer loop
      vertex 8.60065 32.8659 5.5
      vertex 7.82861 33.023 5.5
      vertex 8.57018 32.7677 5.5
    endloop
  endfacet
  facet normal 0 0 1
    outer loop
      vertex 7.85635 33.2982 5.5
      vertex 8.40247 33.8031 5.5
      vertex 8.34723 33.8535 5.5
    endloop
  endfacet
  facet normal 0 0 1
    outer loop
      vertex 8.57018 32.7677 5.5
      vertex 7.82861 33.023 5.5
      vertex 8.53099 32.6754 5.5
    endloop
  endfacet
  facet normal 0 0 1
    outer loop
      vertex 7.85635 33.2982 5.5
      vertex 8.34723 33.8535 5.5
      vertex 8.28702 33.8994 5.5
    endloop
  endfacet
  facet normal 0 0 1
    outer loop
      vertex 7.85635 33.2982 5.5
      vertex 8.28702 33.8994 5.5
      vertex 8.2218 33.9407 5.5
    endloop
  endfacet
  facet normal -0 0 1
    outer loop
      vertex 7.81174 32.9769 5.5
      vertex 8.53099 32.6754 5.5
      vertex 7.82861 33.023 5.5
    endloop
  endfacet
  facet normal 0 0 1
    outer loop
      vertex 7.85635 33.2982 5.5
      vertex 8.2218 33.9407 5.5
      vertex 8.1516 33.9773 5.5
    endloop
  endfacet
  facet normal 0 0 1
    outer loop
      vertex 8.53099 32.6754 5.5
      vertex 7.81174 32.9769 5.5
      vertex 8.48309 32.5892 5.5
    endloop
  endfacet
  facet normal 0 0 1
    outer loop
      vertex 7.85635 33.2982 5.5
      vertex 8.1516 33.9773 5.5
      vertex 8.0764 34.0094 5.5
    endloop
  endfacet
  facet normal -0 0 1
    outer loop
      vertex 7.79111 32.9343 5.5
      vertex 8.48309 32.5892 5.5
      vertex 7.81174 32.9769 5.5
    endloop
  endfacet
  facet normal 0 0 1
    outer loop
      vertex 7.85635 33.2982 5.5
      vertex 8.0764 34.0094 5.5
      vertex 7.99623 34.0369 5.5
    endloop
  endfacet
  facet normal 0 0 1
    outer loop
      vertex 8.63983 33.1969 5.5
      vertex 7.85675 33.1827 5.5
      vertex 8.63547 33.0805 5.5
    endloop
  endfacet
  facet normal 0 0 1
    outer loop
      vertex 7.71289 33.6019 5.5
      vertex 7.99623 34.0369 5.5
      vertex 7.91106 34.0599 5.5
    endloop
  endfacet
  facet normal 0 0 1
    outer loop
      vertex 8.48309 32.5892 5.5
      vertex 7.79111 32.9343 5.5
      vertex 8.4265 32.5091 5.5
    endloop
  endfacet
  facet normal 0 0 1
    outer loop
      vertex 8.4265 32.5091 5.5
      vertex 7.79111 32.9343 5.5
      vertex 8.36119 32.4349 5.5
    endloop
  endfacet
  facet normal -0 0 1
    outer loop
      vertex 7.76672 32.8953 5.5
      vertex 8.36119 32.4349 5.5
      vertex 7.79111 32.9343 5.5
    endloop
  endfacet
  facet normal 0 0 1
    outer loop
      vertex 8.36119 32.4349 5.5
      vertex 7.76672 32.8953 5.5
      vertex 8.28719 32.3668 5.5
    endloop
  endfacet
  facet normal -0 0 1
    outer loop
      vertex 7.73859 32.8598 5.5
      vertex 8.28719 32.3668 5.5
      vertex 7.76672 32.8953 5.5
    endloop
  endfacet
  facet normal 0 0 1
    outer loop
      vertex 8.28719 32.3668 5.5
      vertex 7.73859 32.8598 5.5
      vertex 8.20515 32.3053 5.5
    endloop
  endfacet
  facet normal -0 0 1
    outer loop
      vertex 7.70671 32.8279 5.5
      vertex 8.20515 32.3053 5.5
      vertex 7.73859 32.8598 5.5
    endloop
  endfacet
  facet normal 0 0 1
    outer loop
      vertex 8.20515 32.3053 5.5
      vertex 7.70671 32.8279 5.5
      vertex 8.11574 32.2511 5.5
    endloop
  endfacet
  facet normal 0 0 1
    outer loop
      vertex 8.11574 32.2511 5.5
      vertex 7.70671 32.8279 5.5
      vertex 8.01897 32.2041 5.5
    endloop
  endfacet
  facet normal -0 0 1
    outer loop
      vertex 7.67145 32.7995 5.5
      vertex 8.01897 32.2041 5.5
      vertex 7.70671 32.8279 5.5
    endloop
  endfacet
  facet normal 0 0 1
    outer loop
      vertex 8.01897 32.2041 5.5
      vertex 7.67145 32.7995 5.5
      vertex 7.91483 32.1643 5.5
    endloop
  endfacet
  facet normal -0 0 1
    outer loop
      vertex 7.63318 32.7744 5.5
      vertex 7.91483 32.1643 5.5
      vertex 7.67145 32.7995 5.5
    endloop
  endfacet
  facet normal 0 0 1
    outer loop
      vertex 7.91483 32.1643 5.5
      vertex 7.63318 32.7744 5.5
      vertex 7.80331 32.1317 5.5
    endloop
  endfacet
  facet normal -0 0 1
    outer loop
      vertex 7.59189 32.7526 5.5
      vertex 7.80331 32.1317 5.5
      vertex 7.63318 32.7744 5.5
    endloop
  endfacet
  facet normal -0 0 1
    outer loop
      vertex 7.54759 32.7342 5.5
      vertex 7.80331 32.1317 5.5
      vertex 7.59189 32.7526 5.5
    endloop
  endfacet
  facet normal 0 0 1
    outer loop
      vertex 7.80331 32.1317 5.5
      vertex 7.54759 32.7342 5.5
      vertex 7.68443 32.1064 5.5
    endloop
  endfacet
  facet normal -0 0 1
    outer loop
      vertex 7.50027 32.7191 5.5
      vertex 7.68443 32.1064 5.5
      vertex 7.54759 32.7342 5.5
    endloop
  endfacet
  facet normal 0 0 1
    outer loop
      vertex 7.68443 32.1064 5.5
      vertex 7.50027 32.7191 5.5
      vertex 7.55818 32.0883 5.5
    endloop
  endfacet
  facet normal -0 0 1
    outer loop
      vertex 7.44994 32.7074 5.5
      vertex 7.55818 32.0883 5.5
      vertex 7.50027 32.7191 5.5
    endloop
  endfacet
  facet normal -0 0 1
    outer loop
      vertex 7.39661 32.699 5.5
      vertex 7.55818 32.0883 5.5
      vertex 7.44994 32.7074 5.5
    endloop
  endfacet
  facet normal 0 0 1
    outer loop
      vertex 7.55818 32.0883 5.5
      vertex 7.39661 32.699 5.5
      vertex 7.42458 32.0775 5.5
    endloop
  endfacet
  facet normal -0 0 1
    outer loop
      vertex 7.34024 32.694 5.5
      vertex 7.42458 32.0775 5.5
      vertex 7.39661 32.699 5.5
    endloop
  endfacet
  facet normal 0 0 1
    outer loop
      vertex 7.34024 32.694 5.5
      vertex 7.28358 32.0739 5.5
      vertex 7.42458 32.0775 5.5
    endloop
  endfacet
  facet normal -0 0 1
    outer loop
      vertex 7.28087 32.6923 5.5
      vertex 7.28358 32.0739 5.5
      vertex 7.34024 32.694 5.5
    endloop
  endfacet
  facet normal 0 0 1
    outer loop
      vertex 7.14987 32.0774 5.5
      vertex 7.28087 32.6923 5.5
      vertex 7.16383 32.6991 5.5
    endloop
  endfacet
  facet normal 0 0 1
    outer loop
      vertex 7.28087 32.6923 5.5
      vertex 7.14987 32.0774 5.5
      vertex 7.28358 32.0739 5.5
    endloop
  endfacet
  facet normal 0 0 1
    outer loop
      vertex 7.02238 32.0879 5.5
      vertex 7.16383 32.6991 5.5
      vertex 7.05865 32.7195 5.5
    endloop
  endfacet
  facet normal 0 0 1
    outer loop
      vertex 7.16383 32.6991 5.5
      vertex 7.02238 32.0879 5.5
      vertex 7.14987 32.0774 5.5
    endloop
  endfacet
  facet normal 0 0 1
    outer loop
      vertex 6.7861 32.1299 5.5
      vertex 7.05865 32.7195 5.5
      vertex 6.96533 32.7535 5.5
    endloop
  endfacet
  facet normal 0 0 1
    outer loop
      vertex 7.05865 32.7195 5.5
      vertex 6.90114 32.1053 5.5
      vertex 7.02238 32.0879 5.5
    endloop
  endfacet
  facet normal 0 0 1
    outer loop
      vertex 6.67731 32.1613 5.5
      vertex 6.96533 32.7535 5.5
      vertex 6.88387 32.8011 5.5
    endloop
  endfacet
  facet normal 0 0 1
    outer loop
      vertex 6.47839 32.2453 5.5
      vertex 6.88387 32.8011 5.5
      vertex 6.81424 32.8623 5.5
    endloop
  endfacet
  facet normal 0 0 1
    outer loop
      vertex 7.05865 32.7195 5.5
      vertex 6.7861 32.1299 5.5
      vertex 6.90114 32.1053 5.5
    endloop
  endfacet
  facet normal 0 0 1
    outer loop
      vertex 6.22733 32.4234 5.5
      vertex 6.81424 32.8623 5.5
      vertex 6.75647 32.9371 5.5
    endloop
  endfacet
  facet normal 0 0 1
    outer loop
      vertex 6.09552 32.5742 5.5
      vertex 6.75647 32.9371 5.5
      vertex 6.71057 33.0254 5.5
    endloop
  endfacet
  facet normal 0 0 1
    outer loop
      vertex 6.96533 32.7535 5.5
      vertex 6.67731 32.1613 5.5
      vertex 6.7861 32.1299 5.5
    endloop
  endfacet
  facet normal 0 0 1
    outer loop
      vertex 5.95357 32.8468 5.5
      vertex 6.71057 33.0254 5.5
      vertex 6.67651 33.1274 5.5
    endloop
  endfacet
  facet normal 0 0 1
    outer loop
      vertex 5.89609 33.0595 5.5
      vertex 6.67651 33.1274 5.5
      vertex 6.65431 33.243 5.5
    endloop
  endfacet
  facet normal 0 0 1
    outer loop
      vertex 6.88387 32.8011 5.5
      vertex 6.57474 32.1998 5.5
      vertex 6.67731 32.1613 5.5
    endloop
  endfacet
  facet normal 0 0 1
    outer loop
      vertex 6.88387 32.8011 5.5
      vertex 6.47839 32.2453 5.5
      vertex 6.57474 32.1998 5.5
    endloop
  endfacet
  facet normal 0 0 1
    outer loop
      vertex 6.81424 32.8623 5.5
      vertex 6.38828 32.2978 5.5
      vertex 6.47839 32.2453 5.5
    endloop
  endfacet
  facet normal 0 0 1
    outer loop
      vertex 6.81424 32.8623 5.5
      vertex 6.30438 32.3573 5.5
      vertex 6.38828 32.2978 5.5
    endloop
  endfacet
  facet normal 0 0 1
    outer loop
      vertex 6.81424 32.8623 5.5
      vertex 6.22733 32.4234 5.5
      vertex 6.30438 32.3573 5.5
    endloop
  endfacet
  facet normal 0 0 1
    outer loop
      vertex 6.75647 32.9371 5.5
      vertex 6.15771 32.4957 5.5
      vertex 6.22733 32.4234 5.5
    endloop
  endfacet
  facet normal 0 0 1
    outer loop
      vertex 6.75647 32.9371 5.5
      vertex 6.09552 32.5742 5.5
      vertex 6.15771 32.4957 5.5
    endloop
  endfacet
  facet normal 0 0 1
    outer loop
      vertex 6.71057 33.0254 5.5
      vertex 6.04077 32.6588 5.5
      vertex 6.09552 32.5742 5.5
    endloop
  endfacet
  facet normal 0 0 1
    outer loop
      vertex 6.71057 33.0254 5.5
      vertex 5.99345 32.7497 5.5
      vertex 6.04077 32.6588 5.5
    endloop
  endfacet
  facet normal 0 0 1
    outer loop
      vertex 6.71057 33.0254 5.5
      vertex 5.95357 32.8468 5.5
      vertex 5.99345 32.7497 5.5
    endloop
  endfacet
  facet normal 0 0 1
    outer loop
      vertex 6.67651 33.1274 5.5
      vertex 5.92111 32.95 5.5
      vertex 5.95357 32.8468 5.5
    endloop
  endfacet
  facet normal 0 0 1
    outer loop
      vertex 6.67651 33.1274 5.5
      vertex 5.89609 33.0595 5.5
      vertex 5.92111 32.95 5.5
    endloop
  endfacet
  facet normal 0 -0 1
    outer loop
      vertex 5.89609 33.0595 5.5
      vertex 6.65431 33.243 5.5
      vertex 5.87851 33.1751 5.5
    endloop
  endfacet
  facet normal 0 0 1
    outer loop
      vertex 4.79889 35.1592 5.5
      vertex 5.48758 35.9582 5.5
      vertex 4.80403 35.2854 5.5
    endloop
  endfacet
  facet normal 0 0 1
    outer loop
      vertex 4.42159 35.9582 5.5
      vertex 4.76247 35.1288 5.5
      vertex 4.80403 35.2854 5.5
    endloop
  endfacet
  facet normal 0 0 1
    outer loop
      vertex 4.76247 35.1288 5.5
      vertex 4.42159 35.9582 5.5
      vertex 4.72339 34.983 5.5
    endloop
  endfacet
  facet normal 0 0 1
    outer loop
      vertex 4.72339 34.983 5.5
      vertex 4.42159 35.9582 5.5
      vertex 4.68678 34.8481 5.5
    endloop
  endfacet
  facet normal 0 0 1
    outer loop
      vertex 4.68678 34.8481 5.5
      vertex 4.42159 35.9582 5.5
      vertex 4.65266 34.7242 5.5
    endloop
  endfacet
  facet normal 0 0 1
    outer loop
      vertex 3.71902 33.7149 5.5
      vertex 4.65266 34.7242 5.5
      vertex 4.42159 35.9582 5.5
    endloop
  endfacet
  facet normal 0 0 1
    outer loop
      vertex 4.65266 34.7242 5.5
      vertex 3.71902 33.7149 5.5
      vertex 4.62102 34.6112 5.5
    endloop
  endfacet
  facet normal 0 0 1
    outer loop
      vertex 4.62102 34.6112 5.5
      vertex 3.71902 33.7149 5.5
      vertex 4.59184 34.5091 5.5
    endloop
  endfacet
  facet normal 0 0 1
    outer loop
      vertex 4.59184 34.5091 5.5
      vertex 3.71902 33.7149 5.5
      vertex 4.56517 34.4179 5.5
    endloop
  endfacet
  facet normal -0 0 1
    outer loop
      vertex 4.42159 35.9582 5.5
      vertex 4.80403 35.2854 5.5
      vertex 5.48758 35.9582 5.5
    endloop
  endfacet
  facet normal 0 0 1
    outer loop
      vertex 4.56517 34.4179 5.5
      vertex 3.71902 33.7149 5.5
      vertex 4.54095 34.3376 5.5
    endloop
  endfacet
  facet normal 0 0 1
    outer loop
      vertex 4.54095 34.3376 5.5
      vertex 3.71902 33.7149 5.5
      vertex 4.51923 34.2683 5.5
    endloop
  endfacet
  facet normal 0 0 1
    outer loop
      vertex 3.54814 33.1019 5.5
      vertex 4.51923 34.2683 5.5
      vertex 3.71902 33.7149 5.5
    endloop
  endfacet
  facet normal 0 0 1
    outer loop
      vertex 4.51923 34.2683 5.5
      vertex 3.54814 33.1019 5.5
      vertex 3.83023 32.1363 5.5
    endloop
  endfacet
  facet normal 0 0 1
    outer loop
      vertex 2.57162 34.2683 5.5
      vertex 3.41795 33.6146 5.5
      vertex 3.35826 33.8207 5.5
    endloop
  endfacet
  facet normal 0 0 1
    outer loop
      vertex 3.54814 33.1019 5.5
      vertex 3.26064 32.1363 5.5
      vertex 3.83023 32.1363 5.5
    endloop
  endfacet
  facet normal 0 0 1
    outer loop
      vertex 3.41795 33.6146 5.5
      vertex 2.57162 34.2683 5.5
      vertex 3.54814 33.1019 5.5
    endloop
  endfacet
  facet normal -0 0 1
    outer loop
      vertex 2.57162 34.2683 5.5
      vertex 3.35826 33.8207 5.5
      vertex 2.67471 35.9582 5.5
    endloop
  endfacet
  facet normal 0 0 1
    outer loop
      vertex 3.54814 33.1019 5.5
      vertex 2.57162 34.2683 5.5
      vertex 3.26064 32.1363 5.5
    endloop
  endfacet
  facet normal 0 0 1
    outer loop
      vertex 2.67471 35.9582 5.5
      vertex 2.28139 35.2854 5.5
      vertex 2.57162 34.2683 5.5
    endloop
  endfacet
  facet normal 0 -0 1
    outer loop
      vertex 2.28139 35.2854 5.5
      vertex 2.67471 35.9582 5.5
      vertex 1.60327 35.9582 5.5
    endloop
  endfacet
  facet normal 0 0 1
    outer loop
      vertex 4.79031 34.9452 5.5
      vertex 5.48758 35.9582 5.5
      vertex 4.79889 35.1592 5.5
    endloop
  endfacet
  facet normal 0 0 1
    outer loop
      vertex 4.7869 34.8574 5.5
      vertex 5.48758 35.9582 5.5
      vertex 4.79031 34.9452 5.5
    endloop
  endfacet
  facet normal 0 0 1
    outer loop
      vertex 4.78403 34.7823 5.5
      vertex 5.48758 35.9582 5.5
      vertex 4.7869 34.8574 5.5
    endloop
  endfacet
  facet normal 0 0 1
    outer loop
      vertex 4.78174 34.7201 5.5
      vertex 5.48758 35.9582 5.5
      vertex 4.78403 34.7823 5.5
    endloop
  endfacet
  facet normal 0 0 1
    outer loop
      vertex 4.78001 34.6706 5.5
      vertex 5.48758 35.9582 5.5
      vertex 4.78174 34.7201 5.5
    endloop
  endfacet
  facet normal 0 0 1
    outer loop
      vertex 4.77885 34.6339 5.5
      vertex 5.48758 35.9582 5.5
      vertex 4.78001 34.6706 5.5
    endloop
  endfacet
  facet normal 0 0 1
    outer loop
      vertex 4.77827 34.61 5.5
      vertex 5.48758 35.9582 5.5
      vertex 4.77885 34.6339 5.5
    endloop
  endfacet
  facet normal 0 0 1
    outer loop
      vertex 4.77773 34.5751 5.5
      vertex 5.48758 35.9582 5.5
      vertex 4.77827 34.61 5.5
    endloop
  endfacet
  facet normal 0 0 1
    outer loop
      vertex 4.77733 34.5401 5.5
      vertex 5.48758 35.9582 5.5
      vertex 4.77773 34.5751 5.5
    endloop
  endfacet
  facet normal 0 0 1
    outer loop
      vertex 4.77705 34.5052 5.5
      vertex 5.48758 35.9582 5.5
      vertex 4.77733 34.5401 5.5
    endloop
  endfacet
  facet normal 0 0 1
    outer loop
      vertex 4.7769 34.4527 5.5
      vertex 5.48758 35.9582 5.5
      vertex 4.77705 34.5052 5.5
    endloop
  endfacet
  facet normal 0 0 1
    outer loop
      vertex 5.48758 35.9582 5.5
      vertex 4.7769 34.4527 5.5
      vertex 5.48758 32.1363 5.5
    endloop
  endfacet
  facet normal 0 0 1
    outer loop
      vertex 5.48758 32.1363 5.5
      vertex 4.7769 34.4527 5.5
      vertex 4.7769 32.1363 5.5
    endloop
  endfacet
  facet normal 0 0 1
    outer loop
      vertex 1.60327 35.9582 5.5
      vertex 2.31395 34.4527 5.5
      vertex 2.31355 34.5032 5.5
    endloop
  endfacet
  facet normal 0 0 1
    outer loop
      vertex 1.60327 35.9582 5.5
      vertex 2.31355 34.5032 5.5
      vertex 2.31235 34.5642 5.5
    endloop
  endfacet
  facet normal 0 0 1
    outer loop
      vertex 1.60327 35.9582 5.5
      vertex 2.31235 34.5642 5.5
      vertex 2.31033 34.6357 5.5
    endloop
  endfacet
  facet normal 0 0 1
    outer loop
      vertex 1.60327 35.9582 5.5
      vertex 2.31033 34.6357 5.5
      vertex 2.30751 34.7177 5.5
    endloop
  endfacet
  facet normal 0 0 1
    outer loop
      vertex 1.60327 35.9582 5.5
      vertex 2.30751 34.7177 5.5
      vertex 2.30389 34.8102 5.5
    endloop
  endfacet
  facet normal 0 0 1
    outer loop
      vertex 1.60327 35.9582 5.5
      vertex 2.30389 34.8102 5.5
      vertex 2.29948 34.9132 5.5
    endloop
  endfacet
  facet normal 0 0 1
    outer loop
      vertex 1.60327 35.9582 5.5
      vertex 2.29948 34.9132 5.5
      vertex 2.29425 35.0268 5.5
    endloop
  endfacet
  facet normal 0 0 1
    outer loop
      vertex 1.60327 35.9582 5.5
      vertex 2.29425 35.0268 5.5
      vertex 2.28822 35.1509 5.5
    endloop
  endfacet
  facet normal 0 0 1
    outer loop
      vertex 1.60327 35.9582 5.5
      vertex 2.28822 35.1509 5.5
      vertex 2.28139 35.2854 5.5
    endloop
  endfacet
  facet normal 0 0 1
    outer loop
      vertex 2.31395 34.4527 5.5
      vertex 1.60327 35.9582 5.5
      vertex 1.60327 32.1363 5.5
    endloop
  endfacet
  facet normal 0 0 1
    outer loop
      vertex 2.31395 34.4527 5.5
      vertex 1.60327 32.1363 5.5
      vertex 2.31395 32.1363 5.5
    endloop
  endfacet
  facet normal -0.0805755 0.996749 0
    outer loop
      vertex 7.55818 32.0883 5.5
      vertex 7.42458 32.0775 6
      vertex 7.55818 32.0883 6
    endloop
  endfacet
  facet normal -0.0805755 0.996749 0
    outer loop
      vertex 7.42458 32.0775 6
      vertex 7.55818 32.0883 5.5
      vertex 7.42458 32.0775 5.5
    endloop
  endfacet
  facet normal -0.141915 0.989879 0
    outer loop
      vertex 7.68443 32.1064 5.5
      vertex 7.55818 32.0883 6
      vertex 7.68443 32.1064 6
    endloop
  endfacet
  facet normal -0.141915 0.989879 0
    outer loop
      vertex 7.55818 32.0883 6
      vertex 7.68443 32.1064 5.5
      vertex 7.55818 32.0883 5.5
    endloop
  endfacet
  facet normal -0.208158 0.978095 0
    outer loop
      vertex 7.80331 32.1317 5.5
      vertex 7.68443 32.1064 6
      vertex 7.80331 32.1317 6
    endloop
  endfacet
  facet normal -0.208158 0.978095 0
    outer loop
      vertex 7.68443 32.1064 6
      vertex 7.80331 32.1317 5.5
      vertex 7.68443 32.1064 5.5
    endloop
  endfacet
  facet normal -0.280582 0.95983 0
    outer loop
      vertex 7.91483 32.1643 5.5
      vertex 7.80331 32.1317 6
      vertex 7.91483 32.1643 6
    endloop
  endfacet
  facet normal -0.280582 0.95983 0
    outer loop
      vertex 7.80331 32.1317 6
      vertex 7.91483 32.1643 5.5
      vertex 7.80331 32.1317 5.5
    endloop
  endfacet
  facet normal -0.356995 0.934106 0
    outer loop
      vertex 8.01897 32.2041 5.5
      vertex 7.91483 32.1643 6
      vertex 8.01897 32.2041 6
    endloop
  endfacet
  facet normal -0.356995 0.934106 0
    outer loop
      vertex 7.91483 32.1643 6
      vertex 8.01897 32.2041 5.5
      vertex 7.91483 32.1643 5.5
    endloop
  endfacet
  facet normal -0.436885 0.899518 0
    outer loop
      vertex 8.11574 32.2511 5.5
      vertex 8.01897 32.2041 6
      vertex 8.11574 32.2511 6
    endloop
  endfacet
  facet normal -0.436885 0.899518 0
    outer loop
      vertex 8.01897 32.2041 6
      vertex 8.11574 32.2511 5.5
      vertex 8.01897 32.2041 5.5
    endloop
  endfacet
  facet normal -0.518387 0.855146 0
    outer loop
      vertex 8.20515 32.3053 5.5
      vertex 8.11574 32.2511 6
      vertex 8.20515 32.3053 6
    endloop
  endfacet
  facet normal -0.518387 0.855146 0
    outer loop
      vertex 8.11574 32.2511 6
      vertex 8.20515 32.3053 5.5
      vertex 8.11574 32.2511 5.5
    endloop
  endfacet
  facet normal -0.599813 0.80014 0
    outer loop
      vertex 8.28719 32.3668 5.5
      vertex 8.20515 32.3053 6
      vertex 8.28719 32.3668 6
    endloop
  endfacet
  facet normal -0.599813 0.80014 0
    outer loop
      vertex 8.20515 32.3053 6
      vertex 8.28719 32.3668 5.5
      vertex 8.20515 32.3053 5.5
    endloop
  endfacet
  facet normal -0.677164 0.735832 0
    outer loop
      vertex 8.36119 32.4349 5.5
      vertex 8.28719 32.3668 6
      vertex 8.36119 32.4349 6
    endloop
  endfacet
  facet normal -0.677164 0.735832 0
    outer loop
      vertex 8.28719 32.3668 6
      vertex 8.36119 32.4349 5.5
      vertex 8.28719 32.3668 5.5
    endloop
  endfacet
  facet normal -0.750643 0.660708 0
    outer loop
      vertex 8.36119 32.4349 5.5
      vertex 8.4265 32.5091 6
      vertex 8.4265 32.5091 5.5
    endloop
  endfacet
  facet normal -0.750643 0.660708 0
    outer loop
      vertex 8.4265 32.5091 6
      vertex 8.36119 32.4349 5.5
      vertex 8.36119 32.4349 6
    endloop
  endfacet
  facet normal -0.816733 0.577015 0
    outer loop
      vertex 8.4265 32.5091 5.5
      vertex 8.48309 32.5892 6
      vertex 8.48309 32.5892 5.5
    endloop
  endfacet
  facet normal -0.816733 0.577015 0
    outer loop
      vertex 8.48309 32.5892 6
      vertex 8.4265 32.5091 5.5
      vertex 8.4265 32.5091 6
    endloop
  endfacet
  facet normal -0.874109 0.485729 0
    outer loop
      vertex 8.48309 32.5892 5.5
      vertex 8.53099 32.6754 6
      vertex 8.53099 32.6754 5.5
    endloop
  endfacet
  facet normal -0.874109 0.485729 0
    outer loop
      vertex 8.53099 32.6754 6
      vertex 8.48309 32.5892 5.5
      vertex 8.48309 32.5892 6
    endloop
  endfacet
  facet normal -0.920465 0.390824 0
    outer loop
      vertex 8.53099 32.6754 5.5
      vertex 8.57018 32.7677 6
      vertex 8.57018 32.7677 5.5
    endloop
  endfacet
  facet normal -0.920465 0.390824 0
    outer loop
      vertex 8.57018 32.7677 6
      vertex 8.53099 32.6754 5.5
      vertex 8.53099 32.6754 6
    endloop
  endfacet
  facet normal -0.95508 0.296347 0
    outer loop
      vertex 8.57018 32.7677 5.5
      vertex 8.60065 32.8659 6
      vertex 8.60065 32.8659 5.5
    endloop
  endfacet
  facet normal -0.95508 0.296347 0
    outer loop
      vertex 8.60065 32.8659 6
      vertex 8.57018 32.7677 5.5
      vertex 8.57018 32.7677 6
    endloop
  endfacet
  facet normal -0.978923 0.204232 0
    outer loop
      vertex 8.60065 32.8659 5.5
      vertex 8.62241 32.9702 6
      vertex 8.62241 32.9702 5.5
    endloop
  endfacet
  facet normal -0.978923 0.204232 0
    outer loop
      vertex 8.62241 32.9702 6
      vertex 8.60065 32.8659 5.5
      vertex 8.60065 32.8659 6
    endloop
  endfacet
  facet normal -0.993063 0.117583 0
    outer loop
      vertex 8.62241 32.9702 5.5
      vertex 8.63547 33.0805 6
      vertex 8.63547 33.0805 5.5
    endloop
  endfacet
  facet normal -0.993063 0.117583 0
    outer loop
      vertex 8.63547 33.0805 6
      vertex 8.62241 32.9702 5.5
      vertex 8.62241 32.9702 6
    endloop
  endfacet
  facet normal -0.999299 0.0374308 0
    outer loop
      vertex 8.63547 33.0805 5.5
      vertex 8.63983 33.1969 6
      vertex 8.63983 33.1969 5.5
    endloop
  endfacet
  facet normal -0.999299 0.0374308 0
    outer loop
      vertex 8.63983 33.1969 6
      vertex 8.63547 33.0805 5.5
      vertex 8.63547 33.0805 6
    endloop
  endfacet
  facet normal -0.999335 -0.0364639 0
    outer loop
      vertex 8.63983 33.1969 5.5
      vertex 8.6369 33.2772 6
      vertex 8.6369 33.2772 5.5
    endloop
  endfacet
  facet normal -0.999335 -0.0364639 0
    outer loop
      vertex 8.6369 33.2772 6
      vertex 8.63983 33.1969 5.5
      vertex 8.63983 33.1969 6
    endloop
  endfacet
  facet normal -0.993564 -0.113274 0
    outer loop
      vertex 8.6369 33.2772 5.5
      vertex 8.62811 33.3543 6
      vertex 8.62811 33.3543 5.5
    endloop
  endfacet
  facet normal -0.993564 -0.113274 0
    outer loop
      vertex 8.62811 33.3543 6
      vertex 8.6369 33.2772 5.5
      vertex 8.6369 33.2772 6
    endloop
  endfacet
  facet normal -0.980886 -0.194584 0
    outer loop
      vertex 8.62811 33.3543 5.5
      vertex 8.61345 33.4282 6
      vertex 8.61345 33.4282 5.5
    endloop
  endfacet
  facet normal -0.980886 -0.194584 0
    outer loop
      vertex 8.61345 33.4282 6
      vertex 8.62811 33.3543 5.5
      vertex 8.62811 33.3543 6
    endloop
  endfacet
  facet normal -0.960298 -0.278976 0
    outer loop
      vertex 8.61345 33.4282 5.5
      vertex 8.59294 33.4988 6
      vertex 8.59294 33.4988 5.5
    endloop
  endfacet
  facet normal -0.960298 -0.278976 0
    outer loop
      vertex 8.59294 33.4988 6
      vertex 8.61345 33.4282 5.5
      vertex 8.61345 33.4282 6
    endloop
  endfacet
  facet normal -0.931077 -0.364822 0
    outer loop
      vertex 8.59294 33.4988 5.5
      vertex 8.56657 33.5661 6
      vertex 8.56657 33.5661 5.5
    endloop
  endfacet
  facet normal -0.931077 -0.364822 0
    outer loop
      vertex 8.56657 33.5661 6
      vertex 8.59294 33.4988 5.5
      vertex 8.59294 33.4988 6
    endloop
  endfacet
  facet normal -0.893365 -0.449331 0
    outer loop
      vertex 8.56657 33.5661 5.5
      vertex 8.53433 33.6302 6
      vertex 8.53433 33.6302 5.5
    endloop
  endfacet
  facet normal -0.893365 -0.449331 0
    outer loop
      vertex 8.53433 33.6302 6
      vertex 8.56657 33.5661 5.5
      vertex 8.56657 33.5661 6
    endloop
  endfacet
  facet normal -0.847889 -0.530174 0
    outer loop
      vertex 8.53433 33.6302 5.5
      vertex 8.49625 33.6911 6
      vertex 8.49625 33.6911 5.5
    endloop
  endfacet
  facet normal -0.847889 -0.530174 0
    outer loop
      vertex 8.49625 33.6911 6
      vertex 8.53433 33.6302 5.5
      vertex 8.53433 33.6302 6
    endloop
  endfacet
  facet normal -0.794937 -0.606692 0
    outer loop
      vertex 8.49625 33.6911 5.5
      vertex 8.45229 33.7487 6
      vertex 8.45229 33.7487 5.5
    endloop
  endfacet
  facet normal -0.794937 -0.606692 0
    outer loop
      vertex 8.45229 33.7487 6
      vertex 8.49625 33.6911 5.5
      vertex 8.49625 33.6911 6
    endloop
  endfacet
  facet normal -0.737469 -0.675381 0
    outer loop
      vertex 8.45229 33.7487 5.5
      vertex 8.40247 33.8031 6
      vertex 8.40247 33.8031 5.5
    endloop
  endfacet
  facet normal -0.737469 -0.675381 0
    outer loop
      vertex 8.40247 33.8031 6
      vertex 8.45229 33.7487 5.5
      vertex 8.45229 33.7487 6
    endloop
  endfacet
  facet normal -0.674003 -0.738729 0
    outer loop
      vertex 8.34723 33.8535 5.5
      vertex 8.40247 33.8031 6
      vertex 8.34723 33.8535 6
    endloop
  endfacet
  facet normal -0.674003 -0.738729 -0
    outer loop
      vertex 8.40247 33.8031 6
      vertex 8.34723 33.8535 5.5
      vertex 8.40247 33.8031 5.5
    endloop
  endfacet
  facet normal -0.606258 -0.795268 0
    outer loop
      vertex 8.28702 33.8994 5.5
      vertex 8.34723 33.8535 6
      vertex 8.28702 33.8994 6
    endloop
  endfacet
  facet normal -0.606258 -0.795268 -0
    outer loop
      vertex 8.34723 33.8535 6
      vertex 8.28702 33.8994 5.5
      vertex 8.34723 33.8535 5.5
    endloop
  endfacet
  facet normal -0.534997 -0.844854 0
    outer loop
      vertex 8.2218 33.9407 5.5
      vertex 8.28702 33.8994 6
      vertex 8.2218 33.9407 6
    endloop
  endfacet
  facet normal -0.534997 -0.844854 -0
    outer loop
      vertex 8.28702 33.8994 6
      vertex 8.2218 33.9407 5.5
      vertex 8.28702 33.8994 5.5
    endloop
  endfacet
  facet normal -0.462307 -0.88672 0
    outer loop
      vertex 8.1516 33.9773 5.5
      vertex 8.2218 33.9407 6
      vertex 8.1516 33.9773 6
    endloop
  endfacet
  facet normal -0.462307 -0.88672 -0
    outer loop
      vertex 8.2218 33.9407 6
      vertex 8.1516 33.9773 5.5
      vertex 8.2218 33.9407 5.5
    endloop
  endfacet
  facet normal -0.39259 -0.919713 0
    outer loop
      vertex 8.0764 34.0094 5.5
      vertex 8.1516 33.9773 6
      vertex 8.0764 34.0094 6
    endloop
  endfacet
  facet normal -0.39259 -0.919713 -0
    outer loop
      vertex 8.1516 33.9773 6
      vertex 8.0764 34.0094 5.5
      vertex 8.1516 33.9773 5.5
    endloop
  endfacet
  facet normal -0.324463 -0.945898 0
    outer loop
      vertex 7.99623 34.0369 5.5
      vertex 8.0764 34.0094 6
      vertex 7.99623 34.0369 6
    endloop
  endfacet
  facet normal -0.324463 -0.945898 -0
    outer loop
      vertex 8.0764 34.0094 6
      vertex 7.99623 34.0369 5.5
      vertex 8.0764 34.0094 5.5
    endloop
  endfacet
  facet normal -0.260709 -0.965417 0
    outer loop
      vertex 7.91106 34.0599 5.5
      vertex 7.99623 34.0369 6
      vertex 7.91106 34.0599 6
    endloop
  endfacet
  facet normal -0.260709 -0.965417 -0
    outer loop
      vertex 7.99623 34.0369 6
      vertex 7.91106 34.0599 5.5
      vertex 7.99623 34.0369 5.5
    endloop
  endfacet
  facet normal -0.198895 -0.980021 0
    outer loop
      vertex 7.82089 34.0782 5.5
      vertex 7.91106 34.0599 6
      vertex 7.82089 34.0782 6
    endloop
  endfacet
  facet normal -0.198895 -0.980021 -0
    outer loop
      vertex 7.91106 34.0599 6
      vertex 7.82089 34.0782 5.5
      vertex 7.91106 34.0599 5.5
    endloop
  endfacet
  facet normal -0.143547 -0.989643 0
    outer loop
      vertex 7.72575 34.092 5.5
      vertex 7.82089 34.0782 6
      vertex 7.72575 34.092 6
    endloop
  endfacet
  facet normal -0.143547 -0.989643 -0
    outer loop
      vertex 7.82089 34.0782 6
      vertex 7.72575 34.092 5.5
      vertex 7.82089 34.0782 5.5
    endloop
  endfacet
  facet normal -1 0 0
    outer loop
      vertex 7.72575 34.092 5.5
      vertex 7.72575 34.1028 6
      vertex 7.72575 34.1028 5.5
    endloop
  endfacet
  facet normal -1 -0 0
    outer loop
      vertex 7.72575 34.1028 6
      vertex 7.72575 34.092 5.5
      vertex 7.72575 34.092 6
    endloop
  endfacet
  facet normal -0.214275 0.976773 0
    outer loop
      vertex 7.81145 34.1216 5.5
      vertex 7.72575 34.1028 6
      vertex 7.81145 34.1216 6
    endloop
  endfacet
  facet normal -0.214275 0.976773 0
    outer loop
      vertex 7.72575 34.1028 6
      vertex 7.81145 34.1216 5.5
      vertex 7.72575 34.1028 5.5
    endloop
  endfacet
  facet normal -0.268348 0.963322 0
    outer loop
      vertex 7.89258 34.1442 5.5
      vertex 7.81145 34.1216 6
      vertex 7.89258 34.1442 6
    endloop
  endfacet
  facet normal -0.268348 0.963322 0
    outer loop
      vertex 7.81145 34.1216 6
      vertex 7.89258 34.1442 5.5
      vertex 7.81145 34.1216 5.5
    endloop
  endfacet
  facet normal -0.326143 0.94532 0
    outer loop
      vertex 7.9691 34.1706 5.5
      vertex 7.89258 34.1442 6
      vertex 7.9691 34.1706 6
    endloop
  endfacet
  facet normal -0.326143 0.94532 0
    outer loop
      vertex 7.89258 34.1442 6
      vertex 7.9691 34.1706 5.5
      vertex 7.89258 34.1442 5.5
    endloop
  endfacet
  facet normal -0.388114 0.921611 0
    outer loop
      vertex 8.04105 34.2009 5.5
      vertex 7.9691 34.1706 6
      vertex 8.04105 34.2009 6
    endloop
  endfacet
  facet normal -0.388114 0.921611 0
    outer loop
      vertex 7.9691 34.1706 6
      vertex 8.04105 34.2009 5.5
      vertex 7.9691 34.1706 5.5
    endloop
  endfacet
  facet normal -0.450656 0.892697 0
    outer loop
      vertex 8.1084 34.2349 5.5
      vertex 8.04105 34.2009 6
      vertex 8.1084 34.2349 6
    endloop
  endfacet
  facet normal -0.450656 0.892697 0
    outer loop
      vertex 8.04105 34.2009 6
      vertex 8.1084 34.2349 5.5
      vertex 8.04105 34.2009 5.5
    endloop
  endfacet
  facet normal -0.51688 0.856058 0
    outer loop
      vertex 8.17117 34.2728 5.5
      vertex 8.1084 34.2349 6
      vertex 8.17117 34.2728 6
    endloop
  endfacet
  facet normal -0.51688 0.856058 0
    outer loop
      vertex 8.1084 34.2349 6
      vertex 8.17117 34.2728 5.5
      vertex 8.1084 34.2349 5.5
    endloop
  endfacet
  facet normal -0.582559 0.812788 0
    outer loop
      vertex 8.22935 34.3145 5.5
      vertex 8.17117 34.2728 6
      vertex 8.22935 34.3145 6
    endloop
  endfacet
  facet normal -0.582559 0.812788 0
    outer loop
      vertex 8.17117 34.2728 6
      vertex 8.22935 34.3145 5.5
      vertex 8.17117 34.2728 5.5
    endloop
  endfacet
  facet normal -0.647223 0.762301 0
    outer loop
      vertex 8.28294 34.36 5.5
      vertex 8.22935 34.3145 6
      vertex 8.28294 34.36 6
    endloop
  endfacet
  facet normal -0.647223 0.762301 0
    outer loop
      vertex 8.22935 34.3145 6
      vertex 8.28294 34.36 5.5
      vertex 8.22935 34.3145 5.5
    endloop
  endfacet
  facet normal -0.70919 0.705018 0
    outer loop
      vertex 8.28294 34.36 5.5
      vertex 8.33195 34.4093 6
      vertex 8.33195 34.4093 5.5
    endloop
  endfacet
  facet normal -0.70919 0.705018 0
    outer loop
      vertex 8.33195 34.4093 6
      vertex 8.28294 34.36 5.5
      vertex 8.28294 34.36 6
    endloop
  endfacet
  facet normal -0.767363 0.641213 0
    outer loop
      vertex 8.33195 34.4093 5.5
      vertex 8.37607 34.4621 6
      vertex 8.37607 34.4621 5.5
    endloop
  endfacet
  facet normal -0.767363 0.641213 0
    outer loop
      vertex 8.37607 34.4621 6
      vertex 8.33195 34.4093 5.5
      vertex 8.33195 34.4093 6
    endloop
  endfacet
  facet normal -0.821019 0.570901 0
    outer loop
      vertex 8.37607 34.4621 5.5
      vertex 8.41501 34.5181 6
      vertex 8.41501 34.5181 5.5
    endloop
  endfacet
  facet normal -0.821019 0.570901 0
    outer loop
      vertex 8.41501 34.5181 6
      vertex 8.37607 34.4621 5.5
      vertex 8.37607 34.4621 6
    endloop
  endfacet
  facet normal -0.868442 0.495791 0
    outer loop
      vertex 8.41501 34.5181 5.5
      vertex 8.44875 34.5772 6
      vertex 8.44875 34.5772 5.5
    endloop
  endfacet
  facet normal -0.868442 0.495791 0
    outer loop
      vertex 8.44875 34.5772 6
      vertex 8.41501 34.5181 5.5
      vertex 8.41501 34.5181 6
    endloop
  endfacet
  facet normal -0.909143 0.416484 0
    outer loop
      vertex 8.44875 34.5772 5.5
      vertex 8.47729 34.6395 6
      vertex 8.47729 34.6395 5.5
    endloop
  endfacet
  facet normal -0.909143 0.416484 0
    outer loop
      vertex 8.47729 34.6395 6
      vertex 8.44875 34.5772 5.5
      vertex 8.44875 34.5772 6
    endloop
  endfacet
  facet normal -0.94152 0.336957 0
    outer loop
      vertex 8.47729 34.6395 5.5
      vertex 8.50066 34.7048 6
      vertex 8.50066 34.7048 5.5
    endloop
  endfacet
  facet normal -0.94152 0.336957 0
    outer loop
      vertex 8.50066 34.7048 6
      vertex 8.47729 34.6395 5.5
      vertex 8.47729 34.6395 6
    endloop
  endfacet
  facet normal -0.966666 0.25604 0
    outer loop
      vertex 8.50066 34.7048 5.5
      vertex 8.51883 34.7734 6
      vertex 8.51883 34.7734 5.5
    endloop
  endfacet
  facet normal -0.966666 0.25604 0
    outer loop
      vertex 8.51883 34.7734 6
      vertex 8.50066 34.7048 5.5
      vertex 8.50066 34.7048 6
    endloop
  endfacet
  facet normal -0.98403 0.178004 0
    outer loop
      vertex 8.51883 34.7734 5.5
      vertex 8.5318 34.8451 6
      vertex 8.5318 34.8451 5.5
    endloop
  endfacet
  facet normal -0.98403 0.178004 0
    outer loop
      vertex 8.5318 34.8451 6
      vertex 8.51883 34.7734 5.5
      vertex 8.51883 34.7734 6
    endloop
  endfacet
  facet normal -0.994607 0.103716 0
    outer loop
      vertex 8.5318 34.8451 5.5
      vertex 8.5396 34.9199 6
      vertex 8.5396 34.9199 5.5
    endloop
  endfacet
  facet normal -0.994607 0.103716 0
    outer loop
      vertex 8.5396 34.9199 6
      vertex 8.5318 34.8451 5.5
      vertex 8.5318 34.8451 6
    endloop
  endfacet
  facet normal -0.999449 0.0331868 0
    outer loop
      vertex 8.5396 34.9199 5.5
      vertex 8.54219 34.9979 6
      vertex 8.54219 34.9979 5.5
    endloop
  endfacet
  facet normal -0.999449 0.0331868 0
    outer loop
      vertex 8.54219 34.9979 6
      vertex 8.5396 34.9199 5.5
      vertex 8.5396 34.9199 6
    endloop
  endfacet
  facet normal -0.999191 -0.0402184 0
    outer loop
      vertex 8.54219 34.9979 5.5
      vertex 8.53802 35.1015 6
      vertex 8.53802 35.1015 5.5
    endloop
  endfacet
  facet normal -0.999191 -0.0402184 0
    outer loop
      vertex 8.53802 35.1015 6
      vertex 8.54219 34.9979 5.5
      vertex 8.54219 34.9979 6
    endloop
  endfacet
  facet normal -0.992015 -0.126119 0
    outer loop
      vertex 8.53802 35.1015 5.5
      vertex 8.52551 35.1999 6
      vertex 8.52551 35.1999 5.5
    endloop
  endfacet
  facet normal -0.992015 -0.126119 0
    outer loop
      vertex 8.52551 35.1999 6
      vertex 8.53802 35.1015 5.5
      vertex 8.53802 35.1015 6
    endloop
  endfacet
  facet normal -0.9759 -0.218216 0
    outer loop
      vertex 8.52551 35.1999 5.5
      vertex 8.50467 35.2931 6
      vertex 8.50467 35.2931 5.5
    endloop
  endfacet
  facet normal -0.9759 -0.218216 0
    outer loop
      vertex 8.50467 35.2931 6
      vertex 8.52551 35.1999 5.5
      vertex 8.52551 35.1999 6
    endloop
  endfacet
  facet normal -0.949359 -0.314193 0
    outer loop
      vertex 8.50467 35.2931 5.5
      vertex 8.47548 35.3813 6
      vertex 8.47548 35.3813 5.5
    endloop
  endfacet
  facet normal -0.949359 -0.314193 0
    outer loop
      vertex 8.47548 35.3813 6
      vertex 8.50467 35.2931 5.5
      vertex 8.50467 35.2931 6
    endloop
  endfacet
  facet normal -0.911222 -0.411916 0
    outer loop
      vertex 8.47548 35.3813 5.5
      vertex 8.43796 35.4643 6
      vertex 8.43796 35.4643 5.5
    endloop
  endfacet
  facet normal -0.911222 -0.411916 0
    outer loop
      vertex 8.43796 35.4643 6
      vertex 8.47548 35.3813 5.5
      vertex 8.47548 35.3813 6
    endloop
  endfacet
  facet normal -0.861709 -0.507402 0
    outer loop
      vertex 8.43796 35.4643 5.5
      vertex 8.39209 35.5422 6
      vertex 8.39209 35.5422 5.5
    endloop
  endfacet
  facet normal -0.861709 -0.507402 0
    outer loop
      vertex 8.39209 35.5422 6
      vertex 8.43796 35.4643 5.5
      vertex 8.43796 35.4643 6
    endloop
  endfacet
  facet normal -0.80211 -0.597176 0
    outer loop
      vertex 8.39209 35.5422 5.5
      vertex 8.33789 35.615 6
      vertex 8.33789 35.615 5.5
    endloop
  endfacet
  facet normal -0.80211 -0.597176 0
    outer loop
      vertex 8.33789 35.615 6
      vertex 8.39209 35.5422 5.5
      vertex 8.39209 35.5422 6
    endloop
  endfacet
  facet normal -0.734491 -0.678618 0
    outer loop
      vertex 8.33789 35.615 5.5
      vertex 8.27534 35.6827 6
      vertex 8.27534 35.6827 5.5
    endloop
  endfacet
  facet normal -0.734491 -0.678618 0
    outer loop
      vertex 8.27534 35.6827 6
      vertex 8.33789 35.615 5.5
      vertex 8.33789 35.615 6
    endloop
  endfacet
  facet normal -0.661429 -0.750008 0
    outer loop
      vertex 8.20447 35.7452 5.5
      vertex 8.27534 35.6827 6
      vertex 8.20447 35.7452 6
    endloop
  endfacet
  facet normal -0.661429 -0.750008 -0
    outer loop
      vertex 8.27534 35.6827 6
      vertex 8.20447 35.7452 5.5
      vertex 8.27534 35.6827 5.5
    endloop
  endfacet
  facet normal -0.585929 -0.810362 0
    outer loop
      vertex 8.12619 35.8018 5.5
      vertex 8.20447 35.7452 6
      vertex 8.12619 35.8018 6
    endloop
  endfacet
  facet normal -0.585929 -0.810362 -0
    outer loop
      vertex 8.20447 35.7452 6
      vertex 8.12619 35.8018 5.5
      vertex 8.20447 35.7452 5.5
    endloop
  endfacet
  facet normal -0.508219 -0.861228 0
    outer loop
      vertex 8.04146 35.8518 5.5
      vertex 8.12619 35.8018 6
      vertex 8.04146 35.8518 6
    endloop
  endfacet
  facet normal -0.508219 -0.861228 -0
    outer loop
      vertex 8.12619 35.8018 6
      vertex 8.04146 35.8518 5.5
      vertex 8.12619 35.8018 5.5
    endloop
  endfacet
  facet normal -0.429703 -0.90297 0
    outer loop
      vertex 7.95026 35.8952 5.5
      vertex 8.04146 35.8518 6
      vertex 7.95026 35.8952 6
    endloop
  endfacet
  facet normal -0.429703 -0.90297 -0
    outer loop
      vertex 8.04146 35.8518 6
      vertex 7.95026 35.8952 5.5
      vertex 8.04146 35.8518 5.5
    endloop
  endfacet
  facet normal -0.350934 -0.9364 0
    outer loop
      vertex 7.8526 35.9318 5.5
      vertex 7.95026 35.8952 6
      vertex 7.8526 35.9318 6
    endloop
  endfacet
  facet normal -0.350934 -0.9364 -0
    outer loop
      vertex 7.95026 35.8952 6
      vertex 7.8526 35.9318 5.5
      vertex 7.95026 35.8952 5.5
    endloop
  endfacet
  facet normal -0.276817 -0.960923 0
    outer loop
      vertex 7.74846 35.9618 5.5
      vertex 7.8526 35.9318 6
      vertex 7.74846 35.9618 6
    endloop
  endfacet
  facet normal -0.276817 -0.960923 -0
    outer loop
      vertex 7.8526 35.9318 6
      vertex 7.74846 35.9618 5.5
      vertex 7.8526 35.9318 5.5
    endloop
  endfacet
  facet normal -0.20618 -0.978514 0
    outer loop
      vertex 7.63788 35.9851 5.5
      vertex 7.74846 35.9618 6
      vertex 7.63788 35.9851 6
    endloop
  endfacet
  facet normal -0.20618 -0.978514 -0
    outer loop
      vertex 7.74846 35.9618 6
      vertex 7.63788 35.9851 5.5
      vertex 7.74846 35.9618 5.5
    endloop
  endfacet
  facet normal -0.14122 -0.989978 0
    outer loop
      vertex 7.52081 36.0018 5.5
      vertex 7.63788 35.9851 6
      vertex 7.52081 36.0018 6
    endloop
  endfacet
  facet normal -0.14122 -0.989978 -0
    outer loop
      vertex 7.63788 35.9851 6
      vertex 7.52081 36.0018 5.5
      vertex 7.63788 35.9851 5.5
    endloop
  endfacet
  facet normal -0.0806945 -0.996739 0
    outer loop
      vertex 7.39729 36.0118 5.5
      vertex 7.52081 36.0018 6
      vertex 7.39729 36.0118 6
    endloop
  endfacet
  facet normal -0.0806945 -0.996739 -0
    outer loop
      vertex 7.52081 36.0018 6
      vertex 7.39729 36.0118 5.5
      vertex 7.52081 36.0018 5.5
    endloop
  endfacet
  facet normal -0.0253784 -0.999678 0
    outer loop
      vertex 7.2673 36.0151 5.5
      vertex 7.39729 36.0118 6
      vertex 7.2673 36.0151 6
    endloop
  endfacet
  facet normal -0.0253784 -0.999678 -0
    outer loop
      vertex 7.39729 36.0118 6
      vertex 7.2673 36.0151 5.5
      vertex 7.39729 36.0118 5.5
    endloop
  endfacet
  facet normal 0.0276947 -0.999616 0
    outer loop
      vertex 7.14458 36.0117 5.5
      vertex 7.2673 36.0151 6
      vertex 7.14458 36.0117 6
    endloop
  endfacet
  facet normal 0.0276947 -0.999616 0
    outer loop
      vertex 7.2673 36.0151 6
      vertex 7.14458 36.0117 5.5
      vertex 7.2673 36.0151 5.5
    endloop
  endfacet
  facet normal 0.0882032 -0.996103 0
    outer loop
      vertex 7.02713 36.0013 5.5
      vertex 7.14458 36.0117 6
      vertex 7.02713 36.0013 6
    endloop
  endfacet
  facet normal 0.0882032 -0.996103 0
    outer loop
      vertex 7.14458 36.0117 6
      vertex 7.02713 36.0013 5.5
      vertex 7.14458 36.0117 5.5
    endloop
  endfacet
  facet normal 0.151594 -0.988443 0
    outer loop
      vertex 6.91498 35.9841 5.5
      vertex 7.02713 36.0013 6
      vertex 6.91498 35.9841 6
    endloop
  endfacet
  facet normal 0.151594 -0.988443 0
    outer loop
      vertex 7.02713 36.0013 6
      vertex 6.91498 35.9841 5.5
      vertex 7.02713 36.0013 5.5
    endloop
  endfacet
  facet normal 0.220872 -0.975303 0
    outer loop
      vertex 6.80812 35.9599 5.5
      vertex 6.91498 35.9841 6
      vertex 6.80812 35.9599 6
    endloop
  endfacet
  facet normal 0.220872 -0.975303 0
    outer loop
      vertex 6.91498 35.9841 6
      vertex 6.80812 35.9599 5.5
      vertex 6.91498 35.9841 5.5
    endloop
  endfacet
  facet normal 0.291941 -0.956436 0
    outer loop
      vertex 6.70656 35.9289 5.5
      vertex 6.80812 35.9599 6
      vertex 6.70656 35.9289 6
    endloop
  endfacet
  facet normal 0.291941 -0.956436 0
    outer loop
      vertex 6.80812 35.9599 6
      vertex 6.70656 35.9289 5.5
      vertex 6.80812 35.9599 5.5
    endloop
  endfacet
  facet normal 0.367123 -0.930173 0
    outer loop
      vertex 6.61028 35.8909 5.5
      vertex 6.70656 35.9289 6
      vertex 6.61028 35.8909 6
    endloop
  endfacet
  facet normal 0.367123 -0.930173 0
    outer loop
      vertex 6.70656 35.9289 6
      vertex 6.61028 35.8909 5.5
      vertex 6.70656 35.9289 5.5
    endloop
  endfacet
  facet normal 0.441723 -0.897151 0
    outer loop
      vertex 6.51929 35.8461 5.5
      vertex 6.61028 35.8909 6
      vertex 6.51929 35.8461 6
    endloop
  endfacet
  facet normal 0.441723 -0.897151 0
    outer loop
      vertex 6.61028 35.8909 6
      vertex 6.51929 35.8461 5.5
      vertex 6.61028 35.8909 5.5
    endloop
  endfacet
  facet normal 0.516551 -0.856256 0
    outer loop
      vertex 6.43359 35.7944 5.5
      vertex 6.51929 35.8461 6
      vertex 6.43359 35.7944 6
    endloop
  endfacet
  facet normal 0.516551 -0.856256 0
    outer loop
      vertex 6.51929 35.8461 6
      vertex 6.43359 35.7944 5.5
      vertex 6.51929 35.8461 5.5
    endloop
  endfacet
  facet normal 0.589616 -0.807684 0
    outer loop
      vertex 6.35318 35.7357 5.5
      vertex 6.43359 35.7944 6
      vertex 6.35318 35.7357 6
    endloop
  endfacet
  facet normal 0.589616 -0.807684 0
    outer loop
      vertex 6.43359 35.7944 6
      vertex 6.35318 35.7357 5.5
      vertex 6.43359 35.7944 5.5
    endloop
  endfacet
  facet normal 0.65741 -0.753533 0
    outer loop
      vertex 6.27902 35.671 5.5
      vertex 6.35318 35.7357 6
      vertex 6.27902 35.671 6
    endloop
  endfacet
  facet normal 0.65741 -0.753533 0
    outer loop
      vertex 6.35318 35.7357 6
      vertex 6.27902 35.671 5.5
      vertex 6.35318 35.7357 5.5
    endloop
  endfacet
  facet normal 0.722418 -0.691457 0
    outer loop
      vertex 6.21202 35.601 6
      vertex 6.27902 35.671 5.5
      vertex 6.27902 35.671 6
    endloop
  endfacet
  facet normal 0.722418 -0.691457 0
    outer loop
      vertex 6.27902 35.671 5.5
      vertex 6.21202 35.601 6
      vertex 6.21202 35.601 5.5
    endloop
  endfacet
  facet normal 0.782893 -0.622156 0
    outer loop
      vertex 6.15218 35.5257 6
      vertex 6.21202 35.601 5.5
      vertex 6.21202 35.601 6
    endloop
  endfacet
  facet normal 0.782893 -0.622156 0
    outer loop
      vertex 6.21202 35.601 5.5
      vertex 6.15218 35.5257 6
      vertex 6.15218 35.5257 5.5
    endloop
  endfacet
  facet normal 0.837065 -0.547104 0
    outer loop
      vertex 6.0995 35.4451 6
      vertex 6.15218 35.5257 5.5
      vertex 6.15218 35.5257 6
    endloop
  endfacet
  facet normal 0.837065 -0.547104 0
    outer loop
      vertex 6.15218 35.5257 5.5
      vertex 6.0995 35.4451 6
      vertex 6.0995 35.4451 5.5
    endloop
  endfacet
  facet normal 0.883688 -0.468077 0
    outer loop
      vertex 6.054 35.3592 6
      vertex 6.0995 35.4451 5.5
      vertex 6.0995 35.4451 6
    endloop
  endfacet
  facet normal 0.883688 -0.468077 0
    outer loop
      vertex 6.0995 35.4451 5.5
      vertex 6.054 35.3592 6
      vertex 6.054 35.3592 5.5
    endloop
  endfacet
  facet normal 0.921852 -0.387542 0
    outer loop
      vertex 6.01566 35.268 6
      vertex 6.054 35.3592 5.5
      vertex 6.054 35.3592 6
    endloop
  endfacet
  facet normal 0.921852 -0.387542 0
    outer loop
      vertex 6.054 35.3592 5.5
      vertex 6.01566 35.268 6
      vertex 6.01566 35.268 5.5
    endloop
  endfacet
  facet normal 0.951562 -0.307458 0
    outer loop
      vertex 5.98448 35.1715 6
      vertex 6.01566 35.268 5.5
      vertex 6.01566 35.268 6
    endloop
  endfacet
  facet normal 0.951562 -0.307458 0
    outer loop
      vertex 6.01566 35.268 5.5
      vertex 5.98448 35.1715 6
      vertex 5.98448 35.1715 5.5
    endloop
  endfacet
  facet normal 0.973317 -0.229466 0
    outer loop
      vertex 5.96048 35.0697 6
      vertex 5.98448 35.1715 5.5
      vertex 5.98448 35.1715 6
    endloop
  endfacet
  facet normal 0.973317 -0.229466 0
    outer loop
      vertex 5.98448 35.1715 5.5
      vertex 5.96048 35.0697 6
      vertex 5.96048 35.0697 5.5
    endloop
  endfacet
  facet normal 0.987827 -0.15556 0
    outer loop
      vertex 5.94363 34.9627 6
      vertex 5.96048 35.0697 5.5
      vertex 5.96048 35.0697 6
    endloop
  endfacet
  facet normal 0.987827 -0.15556 0
    outer loop
      vertex 5.96048 35.0697 5.5
      vertex 5.94363 34.9627 6
      vertex 5.94363 34.9627 5.5
    endloop
  endfacet
  facet normal 0.071061 0.997472 -0
    outer loop
      vertex 6.70583 34.9084 5.5
      vertex 5.94363 34.9627 6
      vertex 6.70583 34.9084 6
    endloop
  endfacet
  facet normal 0.071061 0.997472 0
    outer loop
      vertex 5.94363 34.9627 6
      vertex 6.70583 34.9084 5.5
      vertex 5.94363 34.9627 5.5
    endloop
  endfacet
  facet normal -0.992565 0.121719 0
    outer loop
      vertex 6.70583 34.9084 5.5
      vertex 6.71217 34.9601 6
      vertex 6.71217 34.9601 5.5
    endloop
  endfacet
  facet normal -0.992565 0.121719 0
    outer loop
      vertex 6.71217 34.9601 6
      vertex 6.70583 34.9084 5.5
      vertex 6.70583 34.9084 6
    endloop
  endfacet
  facet normal -0.982092 0.188401 0
    outer loop
      vertex 6.71217 34.9601 5.5
      vertex 6.72157 35.0091 6
      vertex 6.72157 35.0091 5.5
    endloop
  endfacet
  facet normal -0.982092 0.188401 0
    outer loop
      vertex 6.72157 35.0091 6
      vertex 6.71217 34.9601 5.5
      vertex 6.71217 34.9601 6
    endloop
  endfacet
  facet normal -0.965889 0.258958 0
    outer loop
      vertex 6.72157 35.0091 5.5
      vertex 6.73401 35.0555 6
      vertex 6.73401 35.0555 5.5
    endloop
  endfacet
  facet normal -0.965889 0.258958 0
    outer loop
      vertex 6.73401 35.0555 6
      vertex 6.72157 35.0091 5.5
      vertex 6.72157 35.0091 6
    endloop
  endfacet
  facet normal -0.94254 0.334095 0
    outer loop
      vertex 6.73401 35.0555 5.5
      vertex 6.7495 35.0992 6
      vertex 6.7495 35.0992 5.5
    endloop
  endfacet
  facet normal -0.94254 0.334095 0
    outer loop
      vertex 6.7495 35.0992 6
      vertex 6.73401 35.0555 5.5
      vertex 6.73401 35.0555 6
    endloop
  endfacet
  facet normal -0.911171 0.412027 0
    outer loop
      vertex 6.7495 35.0992 5.5
      vertex 6.76804 35.1402 6
      vertex 6.76804 35.1402 5.5
    endloop
  endfacet
  facet normal -0.911171 0.412027 0
    outer loop
      vertex 6.76804 35.1402 6
      vertex 6.7495 35.0992 5.5
      vertex 6.7495 35.0992 6
    endloop
  endfacet
  facet normal -0.87132 0.490715 0
    outer loop
      vertex 6.76804 35.1402 5.5
      vertex 6.78961 35.1785 6
      vertex 6.78961 35.1785 5.5
    endloop
  endfacet
  facet normal -0.87132 0.490715 0
    outer loop
      vertex 6.78961 35.1785 6
      vertex 6.76804 35.1402 5.5
      vertex 6.76804 35.1402 6
    endloop
  endfacet
  facet normal -0.822367 0.568958 0
    outer loop
      vertex 6.78961 35.1785 5.5
      vertex 6.81424 35.2141 6
      vertex 6.81424 35.2141 5.5
    endloop
  endfacet
  facet normal -0.822367 0.568958 0
    outer loop
      vertex 6.81424 35.2141 6
      vertex 6.78961 35.1785 5.5
      vertex 6.78961 35.1785 6
    endloop
  endfacet
  facet normal -0.766391 0.642375 0
    outer loop
      vertex 6.81424 35.2141 5.5
      vertex 6.8419 35.2471 6
      vertex 6.8419 35.2471 5.5
    endloop
  endfacet
  facet normal -0.766391 0.642375 0
    outer loop
      vertex 6.8419 35.2471 6
      vertex 6.81424 35.2141 5.5
      vertex 6.81424 35.2141 6
    endloop
  endfacet
  facet normal -0.700929 0.713231 0
    outer loop
      vertex 6.87263 35.2773 5.5
      vertex 6.8419 35.2471 6
      vertex 6.87263 35.2773 6
    endloop
  endfacet
  facet normal -0.700929 0.713231 0
    outer loop
      vertex 6.8419 35.2471 6
      vertex 6.87263 35.2773 5.5
      vertex 6.8419 35.2471 5.5
    endloop
  endfacet
  facet normal -0.633086 0.774081 0
    outer loop
      vertex 6.90601 35.3046 5.5
      vertex 6.87263 35.2773 6
      vertex 6.90601 35.3046 6
    endloop
  endfacet
  facet normal -0.633086 0.774081 0
    outer loop
      vertex 6.87263 35.2773 6
      vertex 6.90601 35.3046 5.5
      vertex 6.87263 35.2773 5.5
    endloop
  endfacet
  facet normal -0.562075 0.827086 0
    outer loop
      vertex 6.94162 35.3288 5.5
      vertex 6.90601 35.3046 6
      vertex 6.94162 35.3288 6
    endloop
  endfacet
  facet normal -0.562075 0.827086 0
    outer loop
      vertex 6.90601 35.3046 6
      vertex 6.94162 35.3288 5.5
      vertex 6.90601 35.3046 5.5
    endloop
  endfacet
  facet normal -0.483285 0.875463 0
    outer loop
      vertex 6.97948 35.3497 5.5
      vertex 6.94162 35.3288 6
      vertex 6.97948 35.3497 6
    endloop
  endfacet
  facet normal -0.483285 0.875463 0
    outer loop
      vertex 6.94162 35.3288 6
      vertex 6.97948 35.3497 5.5
      vertex 6.94162 35.3288 5.5
    endloop
  endfacet
  facet normal -0.401897 0.915685 0
    outer loop
      vertex 7.01958 35.3673 5.5
      vertex 6.97948 35.3497 6
      vertex 7.01958 35.3673 6
    endloop
  endfacet
  facet normal -0.401897 0.915685 0
    outer loop
      vertex 6.97948 35.3497 6
      vertex 7.01958 35.3673 5.5
      vertex 6.97948 35.3497 5.5
    endloop
  endfacet
  facet normal -0.323993 0.946059 0
    outer loop
      vertex 7.06192 35.3818 5.5
      vertex 7.01958 35.3673 6
      vertex 7.06192 35.3818 6
    endloop
  endfacet
  facet normal -0.323993 0.946059 0
    outer loop
      vertex 7.01958 35.3673 6
      vertex 7.06192 35.3818 5.5
      vertex 7.01958 35.3673 5.5
    endloop
  endfacet
  facet normal -0.245655 0.969357 0
    outer loop
      vertex 7.10651 35.3931 5.5
      vertex 7.06192 35.3818 6
      vertex 7.10651 35.3931 6
    endloop
  endfacet
  facet normal -0.245655 0.969357 0
    outer loop
      vertex 7.06192 35.3818 6
      vertex 7.10651 35.3931 5.5
      vertex 7.06192 35.3818 5.5
    endloop
  endfacet
  facet normal -0.168356 0.985726 0
    outer loop
      vertex 7.15335 35.4011 5.5
      vertex 7.10651 35.3931 6
      vertex 7.15335 35.4011 6
    endloop
  endfacet
  facet normal -0.168356 0.985726 0
    outer loop
      vertex 7.10651 35.3931 6
      vertex 7.15335 35.4011 5.5
      vertex 7.10651 35.3931 5.5
    endloop
  endfacet
  facet normal -0.0973548 0.99525 0
    outer loop
      vertex 7.20242 35.4059 5.5
      vertex 7.15335 35.4011 6
      vertex 7.20242 35.4059 6
    endloop
  endfacet
  facet normal -0.0973548 0.99525 0
    outer loop
      vertex 7.15335 35.4011 6
      vertex 7.20242 35.4059 5.5
      vertex 7.15335 35.4011 5.5
    endloop
  endfacet
  facet normal -0.0311557 0.999515 0
    outer loop
      vertex 7.25375 35.4075 5.5
      vertex 7.20242 35.4059 6
      vertex 7.25375 35.4075 6
    endloop
  endfacet
  facet normal -0.0311557 0.999515 0
    outer loop
      vertex 7.20242 35.4059 6
      vertex 7.25375 35.4075 5.5
      vertex 7.20242 35.4059 5.5
    endloop
  endfacet
  facet normal 0.0293075 0.99957 -0
    outer loop
      vertex 7.30832 35.4059 5.5
      vertex 7.25375 35.4075 6
      vertex 7.30832 35.4059 6
    endloop
  endfacet
  facet normal 0.0293075 0.99957 0
    outer loop
      vertex 7.25375 35.4075 6
      vertex 7.30832 35.4059 5.5
      vertex 7.25375 35.4075 5.5
    endloop
  endfacet
  facet normal 0.096466 0.995336 -0
    outer loop
      vertex 7.35991 35.4009 5.5
      vertex 7.30832 35.4059 6
      vertex 7.35991 35.4009 6
    endloop
  endfacet
  facet normal 0.096466 0.995336 0
    outer loop
      vertex 7.30832 35.4059 6
      vertex 7.35991 35.4009 5.5
      vertex 7.30832 35.4059 5.5
    endloop
  endfacet
  facet normal 0.168311 0.985734 -0
    outer loop
      vertex 7.40852 35.3926 5.5
      vertex 7.35991 35.4009 6
      vertex 7.40852 35.3926 6
    endloop
  endfacet
  facet normal 0.168311 0.985734 0
    outer loop
      vertex 7.35991 35.4009 6
      vertex 7.40852 35.3926 5.5
      vertex 7.35991 35.4009 5.5
    endloop
  endfacet
  facet normal 0.246382 0.969173 -0
    outer loop
      vertex 7.45415 35.381 5.5
      vertex 7.40852 35.3926 6
      vertex 7.45415 35.381 6
    endloop
  endfacet
  facet normal 0.246382 0.969173 0
    outer loop
      vertex 7.40852 35.3926 6
      vertex 7.45415 35.381 5.5
      vertex 7.40852 35.3926 5.5
    endloop
  endfacet
  facet normal 0.329808 0.944048 -0
    outer loop
      vertex 7.4968 35.3661 5.5
      vertex 7.45415 35.381 6
      vertex 7.4968 35.3661 6
    endloop
  endfacet
  facet normal 0.329808 0.944048 0
    outer loop
      vertex 7.45415 35.381 6
      vertex 7.4968 35.3661 5.5
      vertex 7.45415 35.381 5.5
    endloop
  endfacet
  facet normal 0.418884 0.90804 -0
    outer loop
      vertex 7.53647 35.3478 5.5
      vertex 7.4968 35.3661 6
      vertex 7.53647 35.3478 6
    endloop
  endfacet
  facet normal 0.418884 0.90804 0
    outer loop
      vertex 7.4968 35.3661 6
      vertex 7.53647 35.3478 5.5
      vertex 7.4968 35.3661 5.5
    endloop
  endfacet
  facet normal 0.505683 0.862719 -0
    outer loop
      vertex 7.57315 35.3263 5.5
      vertex 7.53647 35.3478 6
      vertex 7.57315 35.3263 6
    endloop
  endfacet
  facet normal 0.505683 0.862719 0
    outer loop
      vertex 7.53647 35.3478 6
      vertex 7.57315 35.3263 5.5
      vertex 7.53647 35.3478 5.5
    endloop
  endfacet
  facet normal 0.594143 0.80436 -0
    outer loop
      vertex 7.60686 35.3014 5.5
      vertex 7.57315 35.3263 6
      vertex 7.60686 35.3014 6
    endloop
  endfacet
  facet normal 0.594143 0.80436 0
    outer loop
      vertex 7.57315 35.3263 6
      vertex 7.60686 35.3014 5.5
      vertex 7.57315 35.3263 5.5
    endloop
  endfacet
  facet normal 0.676126 0.736786 -0
    outer loop
      vertex 7.63759 35.2732 5.5
      vertex 7.60686 35.3014 6
      vertex 7.63759 35.2732 6
    endloop
  endfacet
  facet normal 0.676126 0.736786 0
    outer loop
      vertex 7.60686 35.3014 6
      vertex 7.63759 35.2732 5.5
      vertex 7.60686 35.3014 5.5
    endloop
  endfacet
  facet normal 0.74794 0.663767 0
    outer loop
      vertex 7.66519 35.2421 6
      vertex 7.63759 35.2732 5.5
      vertex 7.63759 35.2732 6
    endloop
  endfacet
  facet normal 0.74794 0.663767 0
    outer loop
      vertex 7.63759 35.2732 5.5
      vertex 7.66519 35.2421 6
      vertex 7.66519 35.2421 5.5
    endloop
  endfacet
  facet normal 0.809496 0.587125 0
    outer loop
      vertex 7.68956 35.2085 6
      vertex 7.66519 35.2421 5.5
      vertex 7.66519 35.2421 6
    endloop
  endfacet
  facet normal 0.809496 0.587125 0
    outer loop
      vertex 7.66519 35.2421 5.5
      vertex 7.68956 35.2085 6
      vertex 7.68956 35.2085 5.5
    endloop
  endfacet
  facet normal 0.863136 0.504971 0
    outer loop
      vertex 7.71068 35.1724 6
      vertex 7.68956 35.2085 5.5
      vertex 7.68956 35.2085 6
    endloop
  endfacet
  facet normal 0.863136 0.504971 0
    outer loop
      vertex 7.68956 35.2085 5.5
      vertex 7.71068 35.1724 6
      vertex 7.71068 35.1724 5.5
    endloop
  endfacet
  facet normal 0.90747 0.420116 0
    outer loop
      vertex 7.72855 35.1338 6
      vertex 7.71068 35.1724 5.5
      vertex 7.71068 35.1724 6
    endloop
  endfacet
  facet normal 0.90747 0.420116 0
    outer loop
      vertex 7.71068 35.1724 5.5
      vertex 7.72855 35.1338 6
      vertex 7.72855 35.1338 5.5
    endloop
  endfacet
  facet normal 0.942239 0.334942 0
    outer loop
      vertex 7.74316 35.0927 6
      vertex 7.72855 35.1338 5.5
      vertex 7.72855 35.1338 6
    endloop
  endfacet
  facet normal 0.942239 0.334942 0
    outer loop
      vertex 7.72855 35.1338 5.5
      vertex 7.74316 35.0927 6
      vertex 7.74316 35.0927 5.5
    endloop
  endfacet
  facet normal 0.967779 0.2518 0
    outer loop
      vertex 7.75453 35.049 6
      vertex 7.74316 35.0927 5.5
      vertex 7.74316 35.0927 6
    endloop
  endfacet
  facet normal 0.967779 0.2518 0
    outer loop
      vertex 7.74316 35.0927 5.5
      vertex 7.75453 35.049 6
      vertex 7.75453 35.049 5.5
    endloop
  endfacet
  facet normal 0.984839 0.173468 0
    outer loop
      vertex 7.76265 35.0029 6
      vertex 7.75453 35.049 5.5
      vertex 7.75453 35.049 6
    endloop
  endfacet
  facet normal 0.984839 0.173468 0
    outer loop
      vertex 7.75453 35.049 5.5
      vertex 7.76265 35.0029 6
      vertex 7.76265 35.0029 5.5
    endloop
  endfacet
  facet normal 0.995037 0.0995037 0
    outer loop
      vertex 7.76752 34.9542 6
      vertex 7.76265 35.0029 5.5
      vertex 7.76265 35.0029 6
    endloop
  endfacet
  facet normal 0.995037 0.0995037 0
    outer loop
      vertex 7.76265 35.0029 5.5
      vertex 7.76752 34.9542 6
      vertex 7.76752 34.9542 5.5
    endloop
  endfacet
  facet normal 0.999494 0.0318198 0
    outer loop
      vertex 7.76915 34.903 6
      vertex 7.76752 34.9542 5.5
      vertex 7.76752 34.9542 6
    endloop
  endfacet
  facet normal 0.999494 0.0318198 0
    outer loop
      vertex 7.76752 34.9542 5.5
      vertex 7.76915 34.903 6
      vertex 7.76915 34.903 5.5
    endloop
  endfacet
  facet normal 0.999287 -0.0377508 0
    outer loop
      vertex 7.76711 34.849 6
      vertex 7.76915 34.903 5.5
      vertex 7.76915 34.903 6
    endloop
  endfacet
  facet normal 0.999287 -0.0377508 0
    outer loop
      vertex 7.76915 34.903 5.5
      vertex 7.76711 34.849 6
      vertex 7.76711 34.849 5.5
    endloop
  endfacet
  facet normal 0.992886 -0.119069 0
    outer loop
      vertex 7.76097 34.7978 6
      vertex 7.76711 34.849 5.5
      vertex 7.76711 34.849 6
    endloop
  endfacet
  facet normal 0.992886 -0.119069 0
    outer loop
      vertex 7.76711 34.849 5.5
      vertex 7.76097 34.7978 6
      vertex 7.76097 34.7978 5.5
    endloop
  endfacet
  facet normal 0.978466 -0.206408 0
    outer loop
      vertex 7.75076 34.7494 6
      vertex 7.76097 34.7978 5.5
      vertex 7.76097 34.7978 6
    endloop
  endfacet
  facet normal 0.978466 -0.206408 0
    outer loop
      vertex 7.76097 34.7978 5.5
      vertex 7.75076 34.7494 6
      vertex 7.75076 34.7494 5.5
    endloop
  endfacet
  facet normal 0.954054 -0.299636 0
    outer loop
      vertex 7.73647 34.7039 6
      vertex 7.75076 34.7494 5.5
      vertex 7.75076 34.7494 6
    endloop
  endfacet
  facet normal 0.954054 -0.299636 0
    outer loop
      vertex 7.75076 34.7494 5.5
      vertex 7.73647 34.7039 6
      vertex 7.73647 34.7039 5.5
    endloop
  endfacet
  facet normal 0.918105 -0.396337 0
    outer loop
      vertex 7.71808 34.6613 6
      vertex 7.73647 34.7039 5.5
      vertex 7.73647 34.7039 6
    endloop
  endfacet
  facet normal 0.918105 -0.396337 0
    outer loop
      vertex 7.73647 34.7039 5.5
      vertex 7.71808 34.6613 6
      vertex 7.71808 34.6613 5.5
    endloop
  endfacet
  facet normal 0.870709 -0.491798 0
    outer loop
      vertex 7.6956 34.6215 6
      vertex 7.71808 34.6613 5.5
      vertex 7.71808 34.6613 6
    endloop
  endfacet
  facet normal 0.870709 -0.491798 0
    outer loop
      vertex 7.71808 34.6613 5.5
      vertex 7.6956 34.6215 6
      vertex 7.6956 34.6215 5.5
    endloop
  endfacet
  facet normal 0.812366 -0.583147 0
    outer loop
      vertex 7.66904 34.5845 6
      vertex 7.6956 34.6215 5.5
      vertex 7.6956 34.6215 6
    endloop
  endfacet
  facet normal 0.812366 -0.583147 0
    outer loop
      vertex 7.6956 34.6215 5.5
      vertex 7.66904 34.5845 6
      vertex 7.66904 34.5845 5.5
    endloop
  endfacet
  facet normal 0.743836 -0.668362 0
    outer loop
      vertex 7.6384 34.5504 6
      vertex 7.66904 34.5845 5.5
      vertex 7.66904 34.5845 6
    endloop
  endfacet
  facet normal 0.743836 -0.668362 0
    outer loop
      vertex 7.66904 34.5845 5.5
      vertex 7.6384 34.5504 6
      vertex 7.6384 34.5504 5.5
    endloop
  endfacet
  facet normal 0.66829 -0.743901 0
    outer loop
      vertex 7.60367 34.5192 5.5
      vertex 7.6384 34.5504 6
      vertex 7.60367 34.5192 6
    endloop
  endfacet
  facet normal 0.66829 -0.743901 0
    outer loop
      vertex 7.6384 34.5504 6
      vertex 7.60367 34.5192 5.5
      vertex 7.6384 34.5504 5.5
    endloop
  endfacet
  facet normal 0.588023 -0.808844 0
    outer loop
      vertex 7.56488 34.491 5.5
      vertex 7.60367 34.5192 6
      vertex 7.56488 34.491 6
    endloop
  endfacet
  facet normal 0.588023 -0.808844 0
    outer loop
      vertex 7.60367 34.5192 6
      vertex 7.56488 34.491 5.5
      vertex 7.60367 34.5192 5.5
    endloop
  endfacet
  facet normal 0.502866 -0.864364 0
    outer loop
      vertex 7.52208 34.4661 5.5
      vertex 7.56488 34.491 6
      vertex 7.52208 34.4661 6
    endloop
  endfacet
  facet normal 0.502866 -0.864364 0
    outer loop
      vertex 7.56488 34.491 6
      vertex 7.52208 34.4661 5.5
      vertex 7.56488 34.491 5.5
    endloop
  endfacet
  facet normal 0.417383 -0.908731 0
    outer loop
      vertex 7.47527 34.4446 5.5
      vertex 7.52208 34.4661 6
      vertex 7.47527 34.4446 6
    endloop
  endfacet
  facet normal 0.417383 -0.908731 0
    outer loop
      vertex 7.52208 34.4661 6
      vertex 7.47527 34.4446 5.5
      vertex 7.52208 34.4661 5.5
    endloop
  endfacet
  facet normal 0.337099 -0.941469 0
    outer loop
      vertex 7.42444 34.4264 5.5
      vertex 7.47527 34.4446 6
      vertex 7.42444 34.4264 6
    endloop
  endfacet
  facet normal 0.337099 -0.941469 0
    outer loop
      vertex 7.47527 34.4446 6
      vertex 7.42444 34.4264 5.5
      vertex 7.47527 34.4446 5.5
    endloop
  endfacet
  facet normal 0.263742 -0.964593 0
    outer loop
      vertex 7.36958 34.4114 5.5
      vertex 7.42444 34.4264 6
      vertex 7.36958 34.4114 6
    endloop
  endfacet
  facet normal 0.263742 -0.964593 0
    outer loop
      vertex 7.42444 34.4264 6
      vertex 7.36958 34.4114 5.5
      vertex 7.42444 34.4264 5.5
    endloop
  endfacet
  facet normal 0.193327 -0.981134 0
    outer loop
      vertex 7.31071 34.3998 5.5
      vertex 7.36958 34.4114 6
      vertex 7.31071 34.3998 6
    endloop
  endfacet
  facet normal 0.193327 -0.981134 0
    outer loop
      vertex 7.36958 34.4114 6
      vertex 7.31071 34.3998 5.5
      vertex 7.36958 34.4114 5.5
    endloop
  endfacet
  facet normal 0.129292 -0.991607 0
    outer loop
      vertex 7.24782 34.3916 5.5
      vertex 7.31071 34.3998 6
      vertex 7.24782 34.3916 6
    endloop
  endfacet
  facet normal 0.129292 -0.991607 0
    outer loop
      vertex 7.31071 34.3998 6
      vertex 7.24782 34.3916 5.5
      vertex 7.31071 34.3998 5.5
    endloop
  endfacet
  facet normal 0.0745195 -0.99722 0
    outer loop
      vertex 7.18091 34.3866 5.5
      vertex 7.24782 34.3916 6
      vertex 7.18091 34.3866 6
    endloop
  endfacet
  facet normal 0.0745195 -0.99722 0
    outer loop
      vertex 7.24782 34.3916 6
      vertex 7.18091 34.3866 5.5
      vertex 7.24782 34.3916 5.5
    endloop
  endfacet
  facet normal 0.0239638 -0.999713 0
    outer loop
      vertex 7.10999 34.3849 5.5
      vertex 7.18091 34.3866 6
      vertex 7.10999 34.3849 6
    endloop
  endfacet
  facet normal 0.0239638 -0.999713 0
    outer loop
      vertex 7.18091 34.3866 6
      vertex 7.10999 34.3849 5.5
      vertex 7.18091 34.3866 5.5
    endloop
  endfacet
  facet normal 0 -1 0
    outer loop
      vertex 6.86043 34.3849 5.5
      vertex 7.10999 34.3849 6
      vertex 6.86043 34.3849 6
    endloop
  endfacet
  facet normal 0 -1 -0
    outer loop
      vertex 7.10999 34.3849 6
      vertex 6.86043 34.3849 5.5
      vertex 7.10999 34.3849 5.5
    endloop
  endfacet
  facet normal 1 -0 0
    outer loop
      vertex 6.86043 33.7692 6
      vertex 6.86043 34.3849 5.5
      vertex 6.86043 34.3849 6
    endloop
  endfacet
  facet normal 1 0 0
    outer loop
      vertex 6.86043 34.3849 5.5
      vertex 6.86043 33.7692 6
      vertex 6.86043 33.7692 5.5
    endloop
  endfacet
  facet normal 0 1 -0
    outer loop
      vertex 7.12627 33.7692 5.5
      vertex 6.86043 33.7692 6
      vertex 7.12627 33.7692 6
    endloop
  endfacet
  facet normal 0 1 0
    outer loop
      vertex 6.86043 33.7692 6
      vertex 7.12627 33.7692 5.5
      vertex 6.86043 33.7692 5.5
    endloop
  endfacet
  facet normal 0.0216344 0.999766 -0
    outer loop
      vertex 7.20483 33.7675 5.5
      vertex 7.12627 33.7692 6
      vertex 7.20483 33.7675 6
    endloop
  endfacet
  facet normal 0.0216344 0.999766 0
    outer loop
      vertex 7.12627 33.7692 6
      vertex 7.20483 33.7675 5.5
      vertex 7.12627 33.7692 5.5
    endloop
  endfacet
  facet normal 0.0672781 0.997734 -0
    outer loop
      vertex 7.27898 33.7625 5.5
      vertex 7.20483 33.7675 6
      vertex 7.27898 33.7625 6
    endloop
  endfacet
  facet normal 0.0672781 0.997734 0
    outer loop
      vertex 7.20483 33.7675 6
      vertex 7.27898 33.7625 5.5
      vertex 7.20483 33.7675 5.5
    endloop
  endfacet
  facet normal 0.119634 0.992818 -0
    outer loop
      vertex 7.34869 33.7541 5.5
      vertex 7.27898 33.7625 6
      vertex 7.34869 33.7541 6
    endloop
  endfacet
  facet normal 0.119634 0.992818 0
    outer loop
      vertex 7.27898 33.7625 6
      vertex 7.34869 33.7541 5.5
      vertex 7.27898 33.7625 5.5
    endloop
  endfacet
  facet normal 0.176338 0.98433 -0
    outer loop
      vertex 7.414 33.7424 5.5
      vertex 7.34869 33.7541 6
      vertex 7.414 33.7424 6
    endloop
  endfacet
  facet normal 0.176338 0.98433 0
    outer loop
      vertex 7.34869 33.7541 6
      vertex 7.414 33.7424 5.5
      vertex 7.34869 33.7541 5.5
    endloop
  endfacet
  facet normal 0.240772 0.970582 -0
    outer loop
      vertex 7.47487 33.7273 5.5
      vertex 7.414 33.7424 6
      vertex 7.47487 33.7273 6
    endloop
  endfacet
  facet normal 0.240772 0.970582 0
    outer loop
      vertex 7.414 33.7424 6
      vertex 7.47487 33.7273 5.5
      vertex 7.414 33.7424 5.5
    endloop
  endfacet
  facet normal 0.309806 0.9508 -0
    outer loop
      vertex 7.53134 33.7089 5.5
      vertex 7.47487 33.7273 6
      vertex 7.53134 33.7089 6
    endloop
  endfacet
  facet normal 0.309806 0.9508 0
    outer loop
      vertex 7.47487 33.7273 6
      vertex 7.53134 33.7089 5.5
      vertex 7.47487 33.7273 5.5
    endloop
  endfacet
  facet normal 0.38644 0.922315 -0
    outer loop
      vertex 7.58337 33.6871 5.5
      vertex 7.53134 33.7089 6
      vertex 7.58337 33.6871 6
    endloop
  endfacet
  facet normal 0.38644 0.922315 0
    outer loop
      vertex 7.53134 33.7089 6
      vertex 7.58337 33.6871 5.5
      vertex 7.53134 33.7089 5.5
    endloop
  endfacet
  facet normal 0.466206 0.884676 -0
    outer loop
      vertex 7.631 33.662 5.5
      vertex 7.58337 33.6871 6
      vertex 7.631 33.662 6
    endloop
  endfacet
  facet normal 0.466206 0.884676 0
    outer loop
      vertex 7.58337 33.6871 6
      vertex 7.631 33.662 5.5
      vertex 7.58337 33.6871 5.5
    endloop
  endfacet
  facet normal 0.55077 0.834657 -0
    outer loop
      vertex 7.67419 33.6335 5.5
      vertex 7.631 33.662 6
      vertex 7.67419 33.6335 6
    endloop
  endfacet
  facet normal 0.55077 0.834657 0
    outer loop
      vertex 7.631 33.662 6
      vertex 7.67419 33.6335 5.5
      vertex 7.631 33.662 5.5
    endloop
  endfacet
  facet normal 0.632475 0.774581 -0
    outer loop
      vertex 7.71289 33.6019 5.5
      vertex 7.67419 33.6335 6
      vertex 7.71289 33.6019 6
    endloop
  endfacet
  facet normal 0.632475 0.774581 0
    outer loop
      vertex 7.67419 33.6335 6
      vertex 7.71289 33.6019 5.5
      vertex 7.67419 33.6335 5.5
    endloop
  endfacet
  facet normal 0.710497 0.703701 0
    outer loop
      vertex 7.74706 33.5674 6
      vertex 7.71289 33.6019 5.5
      vertex 7.71289 33.6019 6
    endloop
  endfacet
  facet normal 0.710497 0.703701 0
    outer loop
      vertex 7.71289 33.6019 5.5
      vertex 7.74706 33.5674 6
      vertex 7.74706 33.5674 5.5
    endloop
  endfacet
  facet normal 0.784936 0.619576 0
    outer loop
      vertex 7.77666 33.5299 6
      vertex 7.74706 33.5674 5.5
      vertex 7.74706 33.5674 6
    endloop
  endfacet
  facet normal 0.784936 0.619576 0
    outer loop
      vertex 7.74706 33.5674 5.5
      vertex 7.77666 33.5299 6
      vertex 7.77666 33.5299 5.5
    endloop
  endfacet
  facet normal 0.85056 0.525877 0
    outer loop
      vertex 7.8017 33.4894 6
      vertex 7.77666 33.5299 5.5
      vertex 7.77666 33.5299 6
    endloop
  endfacet
  facet normal 0.85056 0.525877 0
    outer loop
      vertex 7.77666 33.5299 5.5
      vertex 7.8017 33.4894 6
      vertex 7.8017 33.4894 5.5
    endloop
  endfacet
  facet normal 0.904284 0.426931 0
    outer loop
      vertex 7.82219 33.446 6
      vertex 7.8017 33.4894 5.5
      vertex 7.8017 33.4894 6
    endloop
  endfacet
  facet normal 0.904284 0.426931 0
    outer loop
      vertex 7.8017 33.4894 5.5
      vertex 7.82219 33.446 6
      vertex 7.82219 33.446 5.5
    endloop
  endfacet
  facet normal 0.945533 0.325525 0
    outer loop
      vertex 7.83813 33.3997 6
      vertex 7.82219 33.446 5.5
      vertex 7.82219 33.446 6
    endloop
  endfacet
  facet normal 0.945533 0.325525 0
    outer loop
      vertex 7.82219 33.446 5.5
      vertex 7.83813 33.3997 6
      vertex 7.83813 33.3997 5.5
    endloop
  endfacet
  facet normal 0.974335 0.225105 0
    outer loop
      vertex 7.84952 33.3504 6
      vertex 7.83813 33.3997 5.5
      vertex 7.83813 33.3997 6
    endloop
  endfacet
  facet normal 0.974335 0.225105 0
    outer loop
      vertex 7.83813 33.3997 5.5
      vertex 7.84952 33.3504 6
      vertex 7.84952 33.3504 5.5
    endloop
  endfacet
  facet normal 0.991548 0.129737 0
    outer loop
      vertex 7.85635 33.2982 6
      vertex 7.84952 33.3504 5.5
      vertex 7.84952 33.3504 6
    endloop
  endfacet
  facet normal 0.991548 0.129737 0
    outer loop
      vertex 7.84952 33.3504 5.5
      vertex 7.85635 33.2982 6
      vertex 7.85635 33.2982 5.5
    endloop
  endfacet
  facet normal 0.999148 0.0412692 0
    outer loop
      vertex 7.85863 33.243 6
      vertex 7.85635 33.2982 5.5
      vertex 7.85635 33.2982 6
    endloop
  endfacet
  facet normal 0.999148 0.0412692 0
    outer loop
      vertex 7.85635 33.2982 5.5
      vertex 7.85863 33.243 6
      vertex 7.85863 33.243 5.5
    endloop
  endfacet
  facet normal 0.999514 -0.0311623 0
    outer loop
      vertex 7.85675 33.1827 6
      vertex 7.85863 33.243 5.5
      vertex 7.85863 33.243 6
    endloop
  endfacet
  facet normal 0.999514 -0.0311623 0
    outer loop
      vertex 7.85863 33.243 5.5
      vertex 7.85675 33.1827 6
      vertex 7.85675 33.1827 5.5
    endloop
  endfacet
  facet normal 0.995124 -0.0986364 0
    outer loop
      vertex 7.85112 33.1259 6
      vertex 7.85675 33.1827 5.5
      vertex 7.85675 33.1827 6
    endloop
  endfacet
  facet normal 0.995124 -0.0986364 0
    outer loop
      vertex 7.85675 33.1827 5.5
      vertex 7.85112 33.1259 6
      vertex 7.85112 33.1259 5.5
    endloop
  endfacet
  facet normal 0.984841 -0.173458 0
    outer loop
      vertex 7.84175 33.0727 6
      vertex 7.85112 33.1259 5.5
      vertex 7.85112 33.1259 6
    endloop
  endfacet
  facet normal 0.984841 -0.173458 0
    outer loop
      vertex 7.85112 33.1259 5.5
      vertex 7.84175 33.0727 6
      vertex 7.84175 33.0727 5.5
    endloop
  endfacet
  facet normal 0.966782 -0.255604 0
    outer loop
      vertex 7.82861 33.023 6
      vertex 7.84175 33.0727 5.5
      vertex 7.84175 33.0727 6
    endloop
  endfacet
  facet normal 0.966782 -0.255604 0
    outer loop
      vertex 7.84175 33.0727 5.5
      vertex 7.82861 33.023 6
      vertex 7.82861 33.023 5.5
    endloop
  endfacet
  facet normal 0.939096 -0.343656 0
    outer loop
      vertex 7.81174 32.9769 6
      vertex 7.82861 33.023 5.5
      vertex 7.82861 33.023 6
    endloop
  endfacet
  facet normal 0.939096 -0.343656 0
    outer loop
      vertex 7.82861 33.023 5.5
      vertex 7.81174 32.9769 6
      vertex 7.81174 32.9769 5.5
    endloop
  endfacet
  facet normal 0.900018 -0.435854 0
    outer loop
      vertex 7.79111 32.9343 6
      vertex 7.81174 32.9769 5.5
      vertex 7.81174 32.9769 6
    endloop
  endfacet
  facet normal 0.900018 -0.435854 0
    outer loop
      vertex 7.81174 32.9769 5.5
      vertex 7.79111 32.9343 6
      vertex 7.79111 32.9343 5.5
    endloop
  endfacet
  facet normal 0.847852 -0.530233 0
    outer loop
      vertex 7.76672 32.8953 6
      vertex 7.79111 32.9343 5.5
      vertex 7.79111 32.9343 6
    endloop
  endfacet
  facet normal 0.847852 -0.530233 0
    outer loop
      vertex 7.79111 32.9343 5.5
      vertex 7.76672 32.8953 6
      vertex 7.76672 32.8953 5.5
    endloop
  endfacet
  facet normal 0.783768 -0.621053 0
    outer loop
      vertex 7.73859 32.8598 6
      vertex 7.76672 32.8953 5.5
      vertex 7.76672 32.8953 6
    endloop
  endfacet
  facet normal 0.783768 -0.621053 0
    outer loop
      vertex 7.76672 32.8953 5.5
      vertex 7.73859 32.8598 6
      vertex 7.73859 32.8598 5.5
    endloop
  endfacet
  facet normal 0.707328 -0.706885 0
    outer loop
      vertex 7.70671 32.8279 6
      vertex 7.73859 32.8598 5.5
      vertex 7.73859 32.8598 6
    endloop
  endfacet
  facet normal 0.707328 -0.706885 0
    outer loop
      vertex 7.73859 32.8598 5.5
      vertex 7.70671 32.8279 6
      vertex 7.70671 32.8279 5.5
    endloop
  endfacet
  facet normal 0.627277 -0.778796 0
    outer loop
      vertex 7.67145 32.7995 5.5
      vertex 7.70671 32.8279 6
      vertex 7.67145 32.7995 6
    endloop
  endfacet
  facet normal 0.627277 -0.778796 0
    outer loop
      vertex 7.70671 32.8279 6
      vertex 7.67145 32.7995 5.5
      vertex 7.70671 32.8279 5.5
    endloop
  endfacet
  facet normal 0.548432 -0.836195 0
    outer loop
      vertex 7.63318 32.7744 5.5
      vertex 7.67145 32.7995 6
      vertex 7.63318 32.7744 6
    endloop
  endfacet
  facet normal 0.548432 -0.836195 0
    outer loop
      vertex 7.67145 32.7995 6
      vertex 7.63318 32.7744 5.5
      vertex 7.67145 32.7995 5.5
    endloop
  endfacet
  facet normal 0.466894 -0.884314 0
    outer loop
      vertex 7.59189 32.7526 5.5
      vertex 7.63318 32.7744 6
      vertex 7.59189 32.7526 6
    endloop
  endfacet
  facet normal 0.466894 -0.884314 0
    outer loop
      vertex 7.63318 32.7744 6
      vertex 7.59189 32.7526 5.5
      vertex 7.63318 32.7744 5.5
    endloop
  endfacet
  facet normal 0.383579 -0.923508 0
    outer loop
      vertex 7.54759 32.7342 5.5
      vertex 7.59189 32.7526 6
      vertex 7.54759 32.7342 6
    endloop
  endfacet
  facet normal 0.383579 -0.923508 0
    outer loop
      vertex 7.59189 32.7526 6
      vertex 7.54759 32.7342 5.5
      vertex 7.59189 32.7526 5.5
    endloop
  endfacet
  facet normal 0.304001 -0.952672 0
    outer loop
      vertex 7.50027 32.7191 5.5
      vertex 7.54759 32.7342 6
      vertex 7.50027 32.7191 6
    endloop
  endfacet
  facet normal 0.304001 -0.952672 0
    outer loop
      vertex 7.54759 32.7342 6
      vertex 7.50027 32.7191 5.5
      vertex 7.54759 32.7342 5.5
    endloop
  endfacet
  facet normal 0.226428 -0.974028 0
    outer loop
      vertex 7.44994 32.7074 5.5
      vertex 7.50027 32.7191 6
      vertex 7.44994 32.7074 6
    endloop
  endfacet
  facet normal 0.226428 -0.974028 0
    outer loop
      vertex 7.50027 32.7191 6
      vertex 7.44994 32.7074 5.5
      vertex 7.50027 32.7191 5.5
    endloop
  endfacet
  facet normal 0.155592 -0.987821 0
    outer loop
      vertex 7.39661 32.699 5.5
      vertex 7.44994 32.7074 6
      vertex 7.39661 32.699 6
    endloop
  endfacet
  facet normal 0.155592 -0.987821 0
    outer loop
      vertex 7.44994 32.7074 6
      vertex 7.39661 32.699 5.5
      vertex 7.44994 32.7074 5.5
    endloop
  endfacet
  facet normal 0.0883528 -0.996089 0
    outer loop
      vertex 7.34024 32.694 5.5
      vertex 7.39661 32.699 6
      vertex 7.34024 32.694 6
    endloop
  endfacet
  facet normal 0.0883528 -0.996089 0
    outer loop
      vertex 7.39661 32.699 6
      vertex 7.34024 32.694 5.5
      vertex 7.39661 32.699 5.5
    endloop
  endfacet
  facet normal 0.0286223 -0.99959 0
    outer loop
      vertex 7.28087 32.6923 5.5
      vertex 7.34024 32.694 6
      vertex 7.28087 32.6923 6
    endloop
  endfacet
  facet normal 0.0286223 -0.99959 0
    outer loop
      vertex 7.34024 32.694 6
      vertex 7.28087 32.6923 5.5
      vertex 7.34024 32.694 5.5
    endloop
  endfacet
  facet normal -0.058002 -0.998316 0
    outer loop
      vertex 7.16383 32.6991 5.5
      vertex 7.28087 32.6923 6
      vertex 7.16383 32.6991 6
    endloop
  endfacet
  facet normal -0.058002 -0.998316 -0
    outer loop
      vertex 7.28087 32.6923 6
      vertex 7.16383 32.6991 5.5
      vertex 7.28087 32.6923 5.5
    endloop
  endfacet
  facet normal -0.190405 -0.981706 0
    outer loop
      vertex 7.05865 32.7195 5.5
      vertex 7.16383 32.6991 6
      vertex 7.05865 32.7195 6
    endloop
  endfacet
  facet normal -0.190405 -0.981706 -0
    outer loop
      vertex 7.16383 32.6991 6
      vertex 7.05865 32.7195 5.5
      vertex 7.16383 32.6991 5.5
    endloop
  endfacet
  facet normal -0.342325 -0.939582 0
    outer loop
      vertex 6.96533 32.7535 5.5
      vertex 7.05865 32.7195 6
      vertex 6.96533 32.7535 6
    endloop
  endfacet
  facet normal -0.342325 -0.939582 -0
    outer loop
      vertex 7.05865 32.7195 6
      vertex 6.96533 32.7535 5.5
      vertex 7.05865 32.7195 5.5
    endloop
  endfacet
  facet normal -0.504517 -0.863402 0
    outer loop
      vertex 6.88387 32.8011 5.5
      vertex 6.96533 32.7535 6
      vertex 6.88387 32.8011 6
    endloop
  endfacet
  facet normal -0.504517 -0.863402 -0
    outer loop
      vertex 6.96533 32.7535 6
      vertex 6.88387 32.8011 5.5
      vertex 6.96533 32.7535 5.5
    endloop
  endfacet
  facet normal -0.660175 -0.751111 0
    outer loop
      vertex 6.81424 32.8623 5.5
      vertex 6.88387 32.8011 6
      vertex 6.81424 32.8623 6
    endloop
  endfacet
  facet normal -0.660175 -0.751111 -0
    outer loop
      vertex 6.88387 32.8011 6
      vertex 6.81424 32.8623 5.5
      vertex 6.88387 32.8011 5.5
    endloop
  endfacet
  facet normal -0.791439 -0.611249 0
    outer loop
      vertex 6.81424 32.8623 5.5
      vertex 6.75647 32.9371 6
      vertex 6.75647 32.9371 5.5
    endloop
  endfacet
  facet normal -0.791439 -0.611249 0
    outer loop
      vertex 6.75647 32.9371 6
      vertex 6.81424 32.8623 5.5
      vertex 6.81424 32.8623 6
    endloop
  endfacet
  facet normal -0.887283 -0.461226 0
    outer loop
      vertex 6.75647 32.9371 5.5
      vertex 6.71057 33.0254 6
      vertex 6.71057 33.0254 5.5
    endloop
  endfacet
  facet normal -0.887283 -0.461226 0
    outer loop
      vertex 6.71057 33.0254 6
      vertex 6.75647 32.9371 5.5
      vertex 6.75647 32.9371 6
    endloop
  endfacet
  facet normal -0.948516 -0.31673 0
    outer loop
      vertex 6.71057 33.0254 5.5
      vertex 6.67651 33.1274 6
      vertex 6.67651 33.1274 5.5
    endloop
  endfacet
  facet normal -0.948516 -0.31673 0
    outer loop
      vertex 6.67651 33.1274 6
      vertex 6.71057 33.0254 5.5
      vertex 6.71057 33.0254 6
    endloop
  endfacet
  facet normal -0.982055 -0.188595 0
    outer loop
      vertex 6.67651 33.1274 5.5
      vertex 6.65431 33.243 6
      vertex 6.65431 33.243 5.5
    endloop
  endfacet
  facet normal -0.982055 -0.188595 0
    outer loop
      vertex 6.65431 33.243 6
      vertex 6.67651 33.1274 5.5
      vertex 6.67651 33.1274 6
    endloop
  endfacet
  facet normal 0.0871893 -0.996192 0
    outer loop
      vertex 5.87851 33.1751 5.5
      vertex 6.65431 33.243 6
      vertex 5.87851 33.1751 6
    endloop
  endfacet
  facet normal 0.0871893 -0.996192 0
    outer loop
      vertex 6.65431 33.243 6
      vertex 5.87851 33.1751 5.5
      vertex 6.65431 33.243 5.5
    endloop
  endfacet
  facet normal 0.988633 0.150348 0
    outer loop
      vertex 5.89609 33.0595 6
      vertex 5.87851 33.1751 5.5
      vertex 5.87851 33.1751 6
    endloop
  endfacet
  facet normal 0.988633 0.150348 0
    outer loop
      vertex 5.87851 33.1751 5.5
      vertex 5.89609 33.0595 6
      vertex 5.89609 33.0595 5.5
    endloop
  endfacet
  facet normal 0.974875 0.222752 0
    outer loop
      vertex 5.92111 32.95 6
      vertex 5.89609 33.0595 5.5
      vertex 5.89609 33.0595 6
    endloop
  endfacet
  facet normal 0.974875 0.222752 0
    outer loop
      vertex 5.89609 33.0595 5.5
      vertex 5.92111 32.95 6
      vertex 5.92111 32.95 5.5
    endloop
  endfacet
  facet normal 0.953926 0.300043 0
    outer loop
      vertex 5.95357 32.8468 6
      vertex 5.92111 32.95 5.5
      vertex 5.92111 32.95 6
    endloop
  endfacet
  facet normal 0.953926 0.300043 0
    outer loop
      vertex 5.92111 32.95 5.5
      vertex 5.95357 32.8468 6
      vertex 5.95357 32.8468 5.5
    endloop
  endfacet
  facet normal 0.925021 0.379916 0
    outer loop
      vertex 5.99345 32.7497 6
      vertex 5.95357 32.8468 5.5
      vertex 5.95357 32.8468 6
    endloop
  endfacet
  facet normal 0.925021 0.379916 0
    outer loop
      vertex 5.95357 32.8468 5.5
      vertex 5.99345 32.7497 6
      vertex 5.99345 32.7497 5.5
    endloop
  endfacet
  facet normal 0.887009 0.461752 0
    outer loop
      vertex 6.04077 32.6588 6
      vertex 5.99345 32.7497 5.5
      vertex 5.99345 32.7497 6
    endloop
  endfacet
  facet normal 0.887009 0.461752 0
    outer loop
      vertex 5.99345 32.7497 5.5
      vertex 6.04077 32.6588 6
      vertex 6.04077 32.6588 5.5
    endloop
  endfacet
  facet normal 0.83953 0.543313 0
    outer loop
      vertex 6.09552 32.5742 6
      vertex 6.04077 32.6588 5.5
      vertex 6.04077 32.6588 6
    endloop
  endfacet
  facet normal 0.83953 0.543313 0
    outer loop
      vertex 6.04077 32.6588 5.5
      vertex 6.09552 32.5742 6
      vertex 6.09552 32.5742 5.5
    endloop
  endfacet
  facet normal 0.783831 0.620974 0
    outer loop
      vertex 6.15771 32.4957 6
      vertex 6.09552 32.5742 5.5
      vertex 6.09552 32.5742 6
    endloop
  endfacet
  facet normal 0.783831 0.620974 0
    outer loop
      vertex 6.09552 32.5742 5.5
      vertex 6.15771 32.4957 6
      vertex 6.15771 32.4957 5.5
    endloop
  endfacet
  facet normal 0.720331 0.69363 0
    outer loop
      vertex 6.22733 32.4234 6
      vertex 6.15771 32.4957 5.5
      vertex 6.15771 32.4957 6
    endloop
  endfacet
  facet normal 0.720331 0.69363 0
    outer loop
      vertex 6.15771 32.4957 5.5
      vertex 6.22733 32.4234 6
      vertex 6.22733 32.4234 5.5
    endloop
  endfacet
  facet normal 0.651116 0.758978 -0
    outer loop
      vertex 6.30438 32.3573 5.5
      vertex 6.22733 32.4234 6
      vertex 6.30438 32.3573 6
    endloop
  endfacet
  facet normal 0.651116 0.758978 0
    outer loop
      vertex 6.22733 32.4234 6
      vertex 6.30438 32.3573 5.5
      vertex 6.22733 32.4234 5.5
    endloop
  endfacet
  facet normal 0.578476 0.8157 -0
    outer loop
      vertex 6.38828 32.2978 5.5
      vertex 6.30438 32.3573 6
      vertex 6.38828 32.2978 6
    endloop
  endfacet
  facet normal 0.578476 0.8157 0
    outer loop
      vertex 6.30438 32.3573 6
      vertex 6.38828 32.2978 5.5
      vertex 6.30438 32.3573 5.5
    endloop
  endfacet
  facet normal 0.503412 0.864047 -0
    outer loop
      vertex 6.47839 32.2453 5.5
      vertex 6.38828 32.2978 6
      vertex 6.47839 32.2453 6
    endloop
  endfacet
  facet normal 0.503412 0.864047 0
    outer loop
      vertex 6.38828 32.2978 6
      vertex 6.47839 32.2453 5.5
      vertex 6.38828 32.2978 5.5
    endloop
  endfacet
  facet normal 0.427017 0.904244 -0
    outer loop
      vertex 6.57474 32.1998 5.5
      vertex 6.47839 32.2453 6
      vertex 6.57474 32.1998 6
    endloop
  endfacet
  facet normal 0.427017 0.904244 0
    outer loop
      vertex 6.47839 32.2453 6
      vertex 6.57474 32.1998 5.5
      vertex 6.47839 32.2453 5.5
    endloop
  endfacet
  facet normal 0.351414 0.93622 -0
    outer loop
      vertex 6.67731 32.1613 5.5
      vertex 6.57474 32.1998 6
      vertex 6.67731 32.1613 6
    endloop
  endfacet
  facet normal 0.351414 0.93622 0
    outer loop
      vertex 6.57474 32.1998 6
      vertex 6.67731 32.1613 5.5
      vertex 6.57474 32.1998 5.5
    endloop
  endfacet
  facet normal 0.27731 0.960781 -0
    outer loop
      vertex 6.7861 32.1299 5.5
      vertex 6.67731 32.1613 6
      vertex 6.7861 32.1299 6
    endloop
  endfacet
  facet normal 0.27731 0.960781 0
    outer loop
      vertex 6.67731 32.1613 6
      vertex 6.7861 32.1299 5.5
      vertex 6.67731 32.1613 5.5
    endloop
  endfacet
  facet normal 0.209111 0.977892 -0
    outer loop
      vertex 6.90114 32.1053 5.5
      vertex 6.7861 32.1299 6
      vertex 6.90114 32.1053 6
    endloop
  endfacet
  facet normal 0.209111 0.977892 0
    outer loop
      vertex 6.7861 32.1299 6
      vertex 6.90114 32.1053 5.5
      vertex 6.7861 32.1299 5.5
    endloop
  endfacet
  facet normal 0.142061 0.989858 -0
    outer loop
      vertex 7.02238 32.0879 5.5
      vertex 6.90114 32.1053 6
      vertex 7.02238 32.0879 6
    endloop
  endfacet
  facet normal 0.142061 0.989858 0
    outer loop
      vertex 6.90114 32.1053 6
      vertex 7.02238 32.0879 5.5
      vertex 6.90114 32.1053 5.5
    endloop
  endfacet
  facet normal 0.0820815 0.996626 -0
    outer loop
      vertex 7.14987 32.0774 5.5
      vertex 7.02238 32.0879 6
      vertex 7.14987 32.0774 6
    endloop
  endfacet
  facet normal 0.0820815 0.996626 0
    outer loop
      vertex 7.02238 32.0879 6
      vertex 7.14987 32.0774 5.5
      vertex 7.02238 32.0879 5.5
    endloop
  endfacet
  facet normal 0.0261671 0.999658 -0
    outer loop
      vertex 7.28358 32.0739 5.5
      vertex 7.14987 32.0774 6
      vertex 7.28358 32.0739 6
    endloop
  endfacet
  facet normal 0.0261671 0.999658 0
    outer loop
      vertex 7.14987 32.0774 6
      vertex 7.28358 32.0739 5.5
      vertex 7.14987 32.0774 5.5
    endloop
  endfacet
  facet normal -0.0255236 0.999674 0
    outer loop
      vertex 7.42458 32.0775 5.5
      vertex 7.28358 32.0739 6
      vertex 7.42458 32.0775 6
    endloop
  endfacet
  facet normal -0.0255236 0.999674 0
    outer loop
      vertex 7.28358 32.0739 6
      vertex 7.42458 32.0775 5.5
      vertex 7.28358 32.0739 5.5
    endloop
  endfacet
  facet normal -0.999969 -0.00792054 0
    outer loop
      vertex 2.31395 34.4527 5.5
      vertex 2.31355 34.5032 6
      vertex 2.31355 34.5032 5.5
    endloop
  endfacet
  facet normal -0.999969 -0.00792054 0
    outer loop
      vertex 2.31355 34.5032 6
      vertex 2.31395 34.4527 5.5
      vertex 2.31395 34.4527 6
    endloop
  endfacet
  facet normal -0.999807 -0.0196683 0
    outer loop
      vertex 2.31355 34.5032 5.5
      vertex 2.31235 34.5642 6
      vertex 2.31235 34.5642 5.5
    endloop
  endfacet
  facet normal -0.999807 -0.0196683 0
    outer loop
      vertex 2.31235 34.5642 6
      vertex 2.31355 34.5032 5.5
      vertex 2.31355 34.5032 6
    endloop
  endfacet
  facet normal -0.999601 -0.0282405 0
    outer loop
      vertex 2.31235 34.5642 5.5
      vertex 2.31033 34.6357 6
      vertex 2.31033 34.6357 5.5
    endloop
  endfacet
  facet normal -0.999601 -0.0282405 0
    outer loop
      vertex 2.31033 34.6357 6
      vertex 2.31235 34.5642 5.5
      vertex 2.31235 34.5642 6
    endloop
  endfacet
  facet normal -0.999409 -0.0343699 0
    outer loop
      vertex 2.31033 34.6357 5.5
      vertex 2.30751 34.7177 6
      vertex 2.30751 34.7177 5.5
    endloop
  endfacet
  facet normal -0.999409 -0.0343699 0
    outer loop
      vertex 2.30751 34.7177 6
      vertex 2.31033 34.6357 5.5
      vertex 2.31033 34.6357 6
    endloop
  endfacet
  facet normal -0.999235 -0.0391052 0
    outer loop
      vertex 2.30751 34.7177 5.5
      vertex 2.30389 34.8102 6
      vertex 2.30389 34.8102 5.5
    endloop
  endfacet
  facet normal -0.999235 -0.0391052 0
    outer loop
      vertex 2.30389 34.8102 6
      vertex 2.30751 34.7177 5.5
      vertex 2.30751 34.7177 6
    endloop
  endfacet
  facet normal -0.999085 -0.0427763 0
    outer loop
      vertex 2.30389 34.8102 5.5
      vertex 2.29948 34.9132 6
      vertex 2.29948 34.9132 5.5
    endloop
  endfacet
  facet normal -0.999085 -0.0427763 0
    outer loop
      vertex 2.29948 34.9132 6
      vertex 2.30389 34.8102 5.5
      vertex 2.30389 34.8102 6
    endloop
  endfacet
  facet normal -0.998942 -0.04599 0
    outer loop
      vertex 2.29948 34.9132 5.5
      vertex 2.29425 35.0268 6
      vertex 2.29425 35.0268 5.5
    endloop
  endfacet
  facet normal -0.998942 -0.04599 0
    outer loop
      vertex 2.29425 35.0268 6
      vertex 2.29948 34.9132 5.5
      vertex 2.29948 34.9132 6
    endloop
  endfacet
  facet normal -0.998822 -0.0485326 0
    outer loop
      vertex 2.29425 35.0268 5.5
      vertex 2.28822 35.1509 6
      vertex 2.28822 35.1509 5.5
    endloop
  endfacet
  facet normal -0.998822 -0.0485326 0
    outer loop
      vertex 2.28822 35.1509 6
      vertex 2.29425 35.0268 5.5
      vertex 2.29425 35.0268 6
    endloop
  endfacet
  facet normal -0.998713 -0.0507153 0
    outer loop
      vertex 2.28822 35.1509 5.5
      vertex 2.28139 35.2854 6
      vertex 2.28139 35.2854 5.5
    endloop
  endfacet
  facet normal -0.998713 -0.0507153 0
    outer loop
      vertex 2.28139 35.2854 6
      vertex 2.28822 35.1509 5.5
      vertex 2.28822 35.1509 6
    endloop
  endfacet
  facet normal 0.961616 0.274398 0
    outer loop
      vertex 2.57162 34.2683 6
      vertex 2.28139 35.2854 5.5
      vertex 2.28139 35.2854 6
    endloop
  endfacet
  facet normal 0.961616 0.274398 0
    outer loop
      vertex 2.28139 35.2854 5.5
      vertex 2.57162 34.2683 6
      vertex 2.57162 34.2683 5.5
    endloop
  endfacet
  facet normal 0.951542 0.307519 0
    outer loop
      vertex 3.26064 32.1363 6
      vertex 2.57162 34.2683 5.5
      vertex 2.57162 34.2683 6
    endloop
  endfacet
  facet normal 0.951542 0.307519 0
    outer loop
      vertex 2.57162 34.2683 5.5
      vertex 3.26064 32.1363 6
      vertex 3.26064 32.1363 5.5
    endloop
  endfacet
  facet normal 0 1 -0
    outer loop
      vertex 3.83023 32.1363 5.5
      vertex 3.26064 32.1363 6
      vertex 3.83023 32.1363 6
    endloop
  endfacet
  facet normal 0 1 0
    outer loop
      vertex 3.26064 32.1363 6
      vertex 3.83023 32.1363 5.5
      vertex 3.26064 32.1363 5.5
    endloop
  endfacet
  facet normal -0.951544 0.307511 0
    outer loop
      vertex 3.83023 32.1363 5.5
      vertex 4.51923 34.2683 6
      vertex 4.51923 34.2683 5.5
    endloop
  endfacet
  facet normal -0.951544 0.307511 0
    outer loop
      vertex 4.51923 34.2683 6
      vertex 3.83023 32.1363 5.5
      vertex 3.83023 32.1363 6
    endloop
  endfacet
  facet normal -0.95423 0.299075 0
    outer loop
      vertex 4.51923 34.2683 5.5
      vertex 4.54095 34.3376 6
      vertex 4.54095 34.3376 5.5
    endloop
  endfacet
  facet normal -0.95423 0.299075 0
    outer loop
      vertex 4.54095 34.3376 6
      vertex 4.51923 34.2683 5.5
      vertex 4.51923 34.2683 6
    endloop
  endfacet
  facet normal -0.957399 0.28877 0
    outer loop
      vertex 4.54095 34.3376 5.5
      vertex 4.56517 34.4179 6
      vertex 4.56517 34.4179 5.5
    endloop
  endfacet
  facet normal -0.957399 0.28877 0
    outer loop
      vertex 4.56517 34.4179 6
      vertex 4.54095 34.3376 5.5
      vertex 4.54095 34.3376 6
    endloop
  endfacet
  facet normal -0.959802 0.280679 0
    outer loop
      vertex 4.56517 34.4179 5.5
      vertex 4.59184 34.5091 6
      vertex 4.59184 34.5091 5.5
    endloop
  endfacet
  facet normal -0.959802 0.280679 0
    outer loop
      vertex 4.59184 34.5091 6
      vertex 4.56517 34.4179 5.5
      vertex 4.56517 34.4179 6
    endloop
  endfacet
  facet normal -0.961503 0.274796 0
    outer loop
      vertex 4.59184 34.5091 5.5
      vertex 4.62102 34.6112 6
      vertex 4.62102 34.6112 5.5
    endloop
  endfacet
  facet normal -0.961503 0.274796 0
    outer loop
      vertex 4.62102 34.6112 6
      vertex 4.59184 34.5091 5.5
      vertex 4.59184 34.5091 6
    endloop
  endfacet
  facet normal -0.962964 0.26963 0
    outer loop
      vertex 4.62102 34.6112 5.5
      vertex 4.65266 34.7242 6
      vertex 4.65266 34.7242 5.5
    endloop
  endfacet
  facet normal -0.962964 0.26963 0
    outer loop
      vertex 4.65266 34.7242 6
      vertex 4.62102 34.6112 5.5
      vertex 4.62102 34.6112 6
    endloop
  endfacet
  facet normal -0.964111 0.2655 0
    outer loop
      vertex 4.65266 34.7242 5.5
      vertex 4.68678 34.8481 6
      vertex 4.68678 34.8481 5.5
    endloop
  endfacet
  facet normal -0.964111 0.2655 0
    outer loop
      vertex 4.68678 34.8481 6
      vertex 4.65266 34.7242 5.5
      vertex 4.65266 34.7242 6
    endloop
  endfacet
  facet normal -0.965092 0.261913 0
    outer loop
      vertex 4.68678 34.8481 5.5
      vertex 4.72339 34.983 6
      vertex 4.72339 34.983 5.5
    endloop
  endfacet
  facet normal -0.965092 0.261913 0
    outer loop
      vertex 4.72339 34.983 6
      vertex 4.68678 34.8481 5.5
      vertex 4.68678 34.8481 6
    endloop
  endfacet
  facet normal -0.965904 0.258899 0
    outer loop
      vertex 4.72339 34.983 5.5
      vertex 4.76247 35.1288 6
      vertex 4.76247 35.1288 5.5
    endloop
  endfacet
  facet normal -0.965904 0.258899 0
    outer loop
      vertex 4.76247 35.1288 6
      vertex 4.72339 34.983 5.5
      vertex 4.72339 34.983 6
    endloop
  endfacet
  facet normal -0.966542 0.25651 0
    outer loop
      vertex 4.76247 35.1288 5.5
      vertex 4.80403 35.2854 6
      vertex 4.80403 35.2854 5.5
    endloop
  endfacet
  facet normal -0.966542 0.25651 0
    outer loop
      vertex 4.80403 35.2854 6
      vertex 4.76247 35.1288 5.5
      vertex 4.76247 35.1288 6
    endloop
  endfacet
  facet normal 0.999172 -0.0406953 0
    outer loop
      vertex 4.79889 35.1592 6
      vertex 4.80403 35.2854 5.5
      vertex 4.80403 35.2854 6
    endloop
  endfacet
  facet normal 0.999172 -0.0406953 0
    outer loop
      vertex 4.80403 35.2854 5.5
      vertex 4.79889 35.1592 6
      vertex 4.79889 35.1592 5.5
    endloop
  endfacet
  facet normal 0.999197 -0.0400613 0
    outer loop
      vertex 4.79031 34.9452 6
      vertex 4.79889 35.1592 5.5
      vertex 4.79889 35.1592 6
    endloop
  endfacet
  facet normal 0.999197 -0.0400613 0
    outer loop
      vertex 4.79889 35.1592 5.5
      vertex 4.79031 34.9452 6
      vertex 4.79031 34.9452 5.5
    endloop
  endfacet
  facet normal 0.999247 -0.038809 0
    outer loop
      vertex 4.7869 34.8574 6
      vertex 4.79031 34.9452 5.5
      vertex 4.79031 34.9452 6
    endloop
  endfacet
  facet normal 0.999247 -0.038809 0
    outer loop
      vertex 4.79031 34.9452 5.5
      vertex 4.7869 34.8574 6
      vertex 4.7869 34.8574 5.5
    endloop
  endfacet
  facet normal 0.999271 -0.0381878 0
    outer loop
      vertex 4.78403 34.7823 6
      vertex 4.7869 34.8574 5.5
      vertex 4.7869 34.8574 6
    endloop
  endfacet
  facet normal 0.999271 -0.0381878 0
    outer loop
      vertex 4.7869 34.8574 5.5
      vertex 4.78403 34.7823 6
      vertex 4.78403 34.7823 5.5
    endloop
  endfacet
  facet normal 0.999323 -0.0367918 0
    outer loop
      vertex 4.78174 34.7201 6
      vertex 4.78403 34.7823 5.5
      vertex 4.78403 34.7823 6
    endloop
  endfacet
  facet normal 0.999323 -0.0367918 0
    outer loop
      vertex 4.78403 34.7823 5.5
      vertex 4.78174 34.7201 6
      vertex 4.78174 34.7201 5.5
    endloop
  endfacet
  facet normal 0.99939 -0.0349282 0
    outer loop
      vertex 4.78001 34.6706 6
      vertex 4.78174 34.7201 5.5
      vertex 4.78174 34.7201 6
    endloop
  endfacet
  facet normal 0.99939 -0.0349282 0
    outer loop
      vertex 4.78174 34.7201 5.5
      vertex 4.78001 34.6706 6
      vertex 4.78001 34.6706 5.5
    endloop
  endfacet
  facet normal 0.999501 -0.0315919 0
    outer loop
      vertex 4.77885 34.6339 6
      vertex 4.78001 34.6706 5.5
      vertex 4.78001 34.6706 6
    endloop
  endfacet
  facet normal 0.999501 -0.0315919 0
    outer loop
      vertex 4.78001 34.6706 5.5
      vertex 4.77885 34.6339 6
      vertex 4.77885 34.6339 5.5
    endloop
  endfacet
  facet normal 0.999706 -0.0242606 0
    outer loop
      vertex 4.77827 34.61 6
      vertex 4.77885 34.6339 5.5
      vertex 4.77885 34.6339 6
    endloop
  endfacet
  facet normal 0.999706 -0.0242606 0
    outer loop
      vertex 4.77885 34.6339 5.5
      vertex 4.77827 34.61 6
      vertex 4.77827 34.61 5.5
    endloop
  endfacet
  facet normal 0.99988 -0.0154709 0
    outer loop
      vertex 4.77773 34.5751 6
      vertex 4.77827 34.61 5.5
      vertex 4.77827 34.61 6
    endloop
  endfacet
  facet normal 0.99988 -0.0154709 0
    outer loop
      vertex 4.77827 34.61 5.5
      vertex 4.77773 34.5751 6
      vertex 4.77773 34.5751 5.5
    endloop
  endfacet
  facet normal 0.999935 -0.0114278 0
    outer loop
      vertex 4.77733 34.5401 6
      vertex 4.77773 34.5751 5.5
      vertex 4.77773 34.5751 6
    endloop
  endfacet
  facet normal 0.999935 -0.0114278 0
    outer loop
      vertex 4.77773 34.5751 5.5
      vertex 4.77733 34.5401 6
      vertex 4.77733 34.5401 5.5
    endloop
  endfacet
  facet normal 0.999968 -0.00802266 0
    outer loop
      vertex 4.77705 34.5052 6
      vertex 4.77733 34.5401 5.5
      vertex 4.77733 34.5401 6
    endloop
  endfacet
  facet normal 0.999968 -0.00802266 0
    outer loop
      vertex 4.77733 34.5401 5.5
      vertex 4.77705 34.5052 6
      vertex 4.77705 34.5052 5.5
    endloop
  endfacet
  facet normal 0.999996 -0.00285713 0
    outer loop
      vertex 4.7769 34.4527 6
      vertex 4.77705 34.5052 5.5
      vertex 4.77705 34.5052 6
    endloop
  endfacet
  facet normal 0.999996 -0.00285713 0
    outer loop
      vertex 4.77705 34.5052 5.5
      vertex 4.7769 34.4527 6
      vertex 4.7769 34.4527 5.5
    endloop
  endfacet
  facet normal 1 -0 0
    outer loop
      vertex 4.7769 32.1363 6
      vertex 4.7769 34.4527 5.5
      vertex 4.7769 34.4527 6
    endloop
  endfacet
  facet normal 1 0 0
    outer loop
      vertex 4.7769 34.4527 5.5
      vertex 4.7769 32.1363 6
      vertex 4.7769 32.1363 5.5
    endloop
  endfacet
  facet normal 0 1 -0
    outer loop
      vertex 5.48758 32.1363 5.5
      vertex 4.7769 32.1363 6
      vertex 5.48758 32.1363 6
    endloop
  endfacet
  facet normal 0 1 0
    outer loop
      vertex 4.7769 32.1363 6
      vertex 5.48758 32.1363 5.5
      vertex 4.7769 32.1363 5.5
    endloop
  endfacet
  facet normal -1 0 0
    outer loop
      vertex 5.48758 32.1363 5.5
      vertex 5.48758 35.9582 6
      vertex 5.48758 35.9582 5.5
    endloop
  endfacet
  facet normal -1 -0 0
    outer loop
      vertex 5.48758 35.9582 6
      vertex 5.48758 32.1363 5.5
      vertex 5.48758 32.1363 6
    endloop
  endfacet
  facet normal 0 -1 0
    outer loop
      vertex 4.42159 35.9582 5.5
      vertex 5.48758 35.9582 6
      vertex 4.42159 35.9582 6
    endloop
  endfacet
  facet normal 0 -1 -0
    outer loop
      vertex 5.48758 35.9582 6
      vertex 4.42159 35.9582 5.5
      vertex 5.48758 35.9582 5.5
    endloop
  endfacet
  facet normal 0.954293 -0.298871 0
    outer loop
      vertex 3.71902 33.7149 6
      vertex 4.42159 35.9582 5.5
      vertex 4.42159 35.9582 6
    endloop
  endfacet
  facet normal 0.954293 -0.298871 0
    outer loop
      vertex 4.42159 35.9582 5.5
      vertex 3.71902 33.7149 6
      vertex 3.71902 33.7149 5.5
    endloop
  endfacet
  facet normal 0.963273 -0.268522 0
    outer loop
      vertex 3.54814 33.1019 6
      vertex 3.71902 33.7149 5.5
      vertex 3.71902 33.7149 6
    endloop
  endfacet
  facet normal 0.963273 -0.268522 0
    outer loop
      vertex 3.71902 33.7149 5.5
      vertex 3.54814 33.1019 6
      vertex 3.54814 33.1019 5.5
    endloop
  endfacet
  facet normal -0.96924 -0.246119 0
    outer loop
      vertex 3.54814 33.1019 5.5
      vertex 3.41795 33.6146 6
      vertex 3.41795 33.6146 5.5
    endloop
  endfacet
  facet normal -0.96924 -0.246119 0
    outer loop
      vertex 3.41795 33.6146 6
      vertex 3.54814 33.1019 5.5
      vertex 3.54814 33.1019 6
    endloop
  endfacet
  facet normal -0.960528 -0.278185 0
    outer loop
      vertex 3.41795 33.6146 5.5
      vertex 3.35826 33.8207 6
      vertex 3.35826 33.8207 5.5
    endloop
  endfacet
  facet normal -0.960528 -0.278185 0
    outer loop
      vertex 3.35826 33.8207 6
      vertex 3.41795 33.6146 5.5
      vertex 3.41795 33.6146 6
    endloop
  endfacet
  facet normal -0.952482 -0.304594 0
    outer loop
      vertex 3.35826 33.8207 5.5
      vertex 2.67471 35.9582 6
      vertex 2.67471 35.9582 5.5
    endloop
  endfacet
  facet normal -0.952482 -0.304594 0
    outer loop
      vertex 2.67471 35.9582 6
      vertex 3.35826 33.8207 5.5
      vertex 3.35826 33.8207 6
    endloop
  endfacet
  facet normal 0 -1 0
    outer loop
      vertex 1.60327 35.9582 5.5
      vertex 2.67471 35.9582 6
      vertex 1.60327 35.9582 6
    endloop
  endfacet
  facet normal 0 -1 -0
    outer loop
      vertex 2.67471 35.9582 6
      vertex 1.60327 35.9582 5.5
      vertex 2.67471 35.9582 5.5
    endloop
  endfacet
  facet normal 1 -0 0
    outer loop
      vertex 1.60327 32.1363 6
      vertex 1.60327 35.9582 5.5
      vertex 1.60327 35.9582 6
    endloop
  endfacet
  facet normal 1 0 0
    outer loop
      vertex 1.60327 35.9582 5.5
      vertex 1.60327 32.1363 6
      vertex 1.60327 32.1363 5.5
    endloop
  endfacet
  facet normal 0 1 -0
    outer loop
      vertex 2.31395 32.1363 5.5
      vertex 1.60327 32.1363 6
      vertex 2.31395 32.1363 6
    endloop
  endfacet
  facet normal 0 1 0
    outer loop
      vertex 1.60327 32.1363 6
      vertex 2.31395 32.1363 5.5
      vertex 1.60327 32.1363 5.5
    endloop
  endfacet
  facet normal -1 0 0
    outer loop
      vertex 2.31395 32.1363 5.5
      vertex 2.31395 34.4527 6
      vertex 2.31395 34.4527 5.5
    endloop
  endfacet
  facet normal -1 -0 0
    outer loop
      vertex 2.31395 34.4527 6
      vertex 2.31395 32.1363 5.5
      vertex 2.31395 32.1363 6
    endloop
  endfacet
endsolid OpenSCAD_Model
