solid OpenSCAD_Model
  facet normal -0 0 1
    outer loop
      vertex -13.97 0.915644 10
      vertex -4.09122 0.268152 10
      vertex -13.8802 1.82737 10
    endloop
  endfacet
  facet normal -0 0 1
    outer loop
      vertex -13.9804 0.599999 10
      vertex -4.09122 0.268152 10
      vertex -13.97 0.915644 10
    endloop
  endfacet
  facet normal 0 0 1
    outer loop
      vertex -13.9804 -0.599999 10
      vertex -4.1 0 10
      vertex -13.9804 0.599999 10
    endloop
  endfacet
  facet normal 0 0 1
    outer loop
      vertex -4.1 0 10
      vertex -13.731 -2.73126 10
      vertex -13.6593 -3.03883 10
    endloop
  endfacet
  facet normal 0 0 1
    outer loop
      vertex -4.09122 0.268152 10
      vertex -13.9804 0.599999 10
      vertex -4.1 0 10
    endloop
  endfacet
  facet normal 0 -0 1
    outer loop
      vertex -13.97 -0.915644 10
      vertex -4.1 0 10
      vertex -13.9804 -0.599999 10
    endloop
  endfacet
  facet normal 0 -0 1
    outer loop
      vertex -13.731 -2.73126 10
      vertex -4.1 0 10
      vertex -13.8802 -1.82737 10
    endloop
  endfacet
  facet normal 0 0 1
    outer loop
      vertex -4.1 0 10
      vertex -13.97 -0.915644 10
      vertex -13.8802 -1.82737 10
    endloop
  endfacet
  facet normal -0 0 1
    outer loop
      vertex -14 0.599999 10
      vertex -13.9804 -0.599999 10
      vertex -13.9804 0.599999 10
    endloop
  endfacet
  facet normal 0 0 1
    outer loop
      vertex -13.9804 -0.599999 10
      vertex -14 0.599999 10
      vertex -14 -0.599999 10
    endloop
  endfacet
  facet normal 0 0 1
    outer loop
      vertex -3.9603 1.06116 10
      vertex -13.6593 3.03883 10
      vertex -4.02122 0.79987 10
    endloop
  endfacet
  facet normal -0 0 1
    outer loop
      vertex -13.731 2.73126 10
      vertex -4.02122 0.79987 10
      vertex -13.6593 3.03883 10
    endloop
  endfacet
  facet normal -0 0 1
    outer loop
      vertex -13.8802 1.82737 10
      vertex -4.06492 0.535157 10
      vertex -13.731 2.73126 10
    endloop
  endfacet
  facet normal 0 0 1
    outer loop
      vertex -4.1 0 10
      vertex -12.5562 -6.19204 10
      vertex -12.4073 -6.47056 10
    endloop
  endfacet
  facet normal 0 0 1
    outer loop
      vertex -4.02122 0.79987 10
      vertex -13.731 2.73126 10
      vertex -4.06492 0.535157 10
    endloop
  endfacet
  facet normal 0 -0 1
    outer loop
      vertex -13.257 -4.50015 10
      vertex -4.1 0 10
      vertex -13.3487 -4.19794 10
    endloop
  endfacet
  facet normal 0 -0 1
    outer loop
      vertex -12.5562 -6.19204 10
      vertex -4.1 0 10
      vertex -12.9343 -5.35757 10
    endloop
  endfacet
  facet normal 0 0 1
    outer loop
      vertex -4.1 0 10
      vertex -13.257 -4.50015 10
      vertex -12.9343 -5.35757 10
    endloop
  endfacet
  facet normal 0 0 1
    outer loop
      vertex -13.6593 3.03883 10
      vertex -13.3487 4.19794 10
      vertex -13.3677 4.20302 10
    endloop
  endfacet
  facet normal 0 0 1
    outer loop
      vertex -4.06492 0.535157 10
      vertex -13.8802 1.82737 10
      vertex -4.09122 0.268152 10
    endloop
  endfacet
  facet normal 0 0 1
    outer loop
      vertex -4.1 0 10
      vertex -13.6593 -3.03883 10
      vertex -13.3487 -4.19794 10
    endloop
  endfacet
  facet normal 0 -0 1
    outer loop
      vertex -13.6593 3.03883 10
      vertex -13.3677 4.20302 10
      vertex -13.6783 3.04391 10
    endloop
  endfacet
  facet normal -0 0 1
    outer loop
      vertex -12.9343 5.35757 10
      vertex -3.78791 1.569 10
      vertex -12.5562 6.19204 10
    endloop
  endfacet
  facet normal 0 0 1
    outer loop
      vertex -3.78791 1.569 10
      vertex -12.9343 5.35757 10
      vertex -3.88241 1.3179 10
    endloop
  endfacet
  facet normal -0 0 1
    outer loop
      vertex -13.3487 4.19794 10
      vertex -3.88241 1.3179 10
      vertex -13.257 4.50015 10
    endloop
  endfacet
  facet normal 0 0 1
    outer loop
      vertex -4.1 0 10
      vertex -10.5258 -9.23084 10
      vertex -10.3099 -9.46134 10
    endloop
  endfacet
  facet normal -0 0 1
    outer loop
      vertex -13.257 4.50015 10
      vertex -3.88241 1.3179 10
      vertex -12.9343 5.35757 10
    endloop
  endfacet
  facet normal 0 -0 1
    outer loop
      vertex -11.6406 -7.77798 10
      vertex -4.1 0 10
      vertex -11.8073 -7.50979 10
    endloop
  endfacet
  facet normal 0 -0 1
    outer loop
      vertex -10.5258 -9.23084 10
      vertex -4.1 0 10
      vertex -11.1069 -8.52266 10
    endloop
  endfacet
  facet normal 0 0 1
    outer loop
      vertex -4.1 0 10
      vertex -11.6406 -7.77798 10
      vertex -11.1069 -8.52266 10
    endloop
  endfacet
  facet normal 0 0 1
    outer loop
      vertex -12.1244 7.00001 10
      vertex -11.8073 7.50979 10
      vertex -11.8244 7.51962 10
    endloop
  endfacet
  facet normal 0 0 1
    outer loop
      vertex -3.88241 1.3179 10
      vertex -13.3487 4.19794 10
      vertex -3.9603 1.06116 10
    endloop
  endfacet
  facet normal -0 0 1
    outer loop
      vertex -13.6593 3.03883 10
      vertex -3.9603 1.06116 10
      vertex -13.3487 4.19794 10
    endloop
  endfacet
  facet normal 0 0 1
    outer loop
      vertex -11.8073 -7.50979 10
      vertex -12.1244 -7.00001 10
      vertex -11.8244 -7.51962 10
    endloop
  endfacet
  facet normal 0 0 -1
    outer loop
      vertex -12.4073 6.47056 10
      vertex -12.1244 7.00001 10
      vertex -12.1244 7 10
    endloop
  endfacet
  facet normal 0 -0 1
    outer loop
      vertex -12.1244 -7.00001 10
      vertex -4.1 0 10
      vertex -12.4073 -6.47056 10
    endloop
  endfacet
  facet normal 0 0 -1
    outer loop
      vertex -12.4073 6.47056 10
      vertex -12.1244 7 10
      vertex -12.1244 6.99999 10
    endloop
  endfacet
  facet normal 0 0 1
    outer loop
      vertex -4.1 0 10
      vertex -12.1244 -7.00001 10
      vertex -11.8073 -7.50979 10
    endloop
  endfacet
  facet normal 0 0 -1
    outer loop
      vertex -12.1244 -7.00001 10
      vertex -12.4073 -6.47056 10
      vertex -12.1244 -7 10
    endloop
  endfacet
  facet normal 0 -0 1
    outer loop
      vertex -12.4073 6.47056 10
      vertex -12.1244 6.99999 10
      vertex -12.4244 6.48038 10
    endloop
  endfacet
  facet normal -0 0 1
    outer loop
      vertex -12.1244 7.00001 10
      vertex -3.5507 2.05 10
      vertex -11.8073 7.50979 10
    endloop
  endfacet
  facet normal -0 0 1
    outer loop
      vertex -12.4073 6.47056 10
      vertex -3.5507 2.05 10
      vertex -12.1244 7.00001 10
    endloop
  endfacet
  facet normal -0 0 1
    outer loop
      vertex -12.5562 6.19204 10
      vertex -3.67718 1.81338 10
      vertex -12.4073 6.47056 10
    endloop
  endfacet
  facet normal 0 0 1
    outer loop
      vertex -4.1 0 10
      vertex -7.77798 -11.6406 10
      vertex -7.50979 -11.8073 10
    endloop
  endfacet
  facet normal 0 0 1
    outer loop
      vertex -3.5507 2.05 10
      vertex -12.4073 6.47056 10
      vertex -3.67718 1.81338 10
    endloop
  endfacet
  facet normal 0 -0 1
    outer loop
      vertex -9.23084 -10.5258 10
      vertex -4.1 0 10
      vertex -9.46134 -10.3099 10
    endloop
  endfacet
  facet normal 0 -0 1
    outer loop
      vertex -7.77798 -11.6406 10
      vertex -4.1 0 10
      vertex -8.52266 -11.1069 10
    endloop
  endfacet
  facet normal 0 0 1
    outer loop
      vertex -4.1 0 10
      vertex -9.23084 -10.5258 10
      vertex -8.52266 -11.1069 10
    endloop
  endfacet
  facet normal 0 0 1
    outer loop
      vertex -10.3099 9.46134 10
      vertex -9.46134 10.3099 10
      vertex -9.47523 10.3238 10
    endloop
  endfacet
  facet normal 0 0 1
    outer loop
      vertex -3.67718 1.81338 10
      vertex -12.5562 6.19204 10
      vertex -3.78791 1.569 10
    endloop
  endfacet
  facet normal 0 0 1
    outer loop
      vertex -4.1 0 10
      vertex -10.3099 -9.46134 10
      vertex -9.46134 -10.3099 10
    endloop
  endfacet
  facet normal 0 -0 1
    outer loop
      vertex -10.3099 9.46134 10
      vertex -9.47523 10.3238 10
      vertex -10.3238 9.47523 10
    endloop
  endfacet
  facet normal 0 0 1
    outer loop
      vertex -3.08254 2.70332 10
      vertex -10.5258 9.23084 10
      vertex -3.25275 2.49592 10
    endloop
  endfacet
  facet normal -0 0 1
    outer loop
      vertex -11.1069 8.52266 10
      vertex -3.25275 2.49592 10
      vertex -10.5258 9.23084 10
    endloop
  endfacet
  facet normal -0 0 1
    outer loop
      vertex -11.6406 7.77798 10
      vertex -3.40903 2.27784 10
      vertex -11.1069 8.52266 10
    endloop
  endfacet
  facet normal 0 0 1
    outer loop
      vertex -4.1 0 10
      vertex -4.50015 -13.257 10
      vertex -4.19794 -13.3487 10
    endloop
  endfacet
  facet normal 0 0 1
    outer loop
      vertex -3.25275 2.49592 10
      vertex -11.1069 8.52266 10
      vertex -3.40903 2.27784 10
    endloop
  endfacet
  facet normal 0 -0 1
    outer loop
      vertex -6.19204 -12.5562 10
      vertex -4.1 0 10
      vertex -6.47056 -12.4073 10
    endloop
  endfacet
  facet normal 0 -0 1
    outer loop
      vertex -4.50015 -13.257 10
      vertex -4.1 0 10
      vertex -5.35757 -12.9343 10
    endloop
  endfacet
  facet normal 0 0 1
    outer loop
      vertex -4.1 0 10
      vertex -6.19204 -12.5562 10
      vertex -5.35757 -12.9343 10
    endloop
  endfacet
  facet normal 0 0 1
    outer loop
      vertex -6.99999 12.1244 10
      vertex -6.47056 12.4073 10
      vertex -6.48038 12.4244 10
    endloop
  endfacet
  facet normal 0 0 -1
    outer loop
      vertex -7 12.1244 10
      vertex -6.47056 12.4073 10
      vertex -6.99999 12.1244 10
    endloop
  endfacet
  facet normal 0 0 -1
    outer loop
      vertex -7.00001 12.1244 10
      vertex -6.47056 12.4073 10
      vertex -7 12.1244 10
    endloop
  endfacet
  facet normal 0 0 1
    outer loop
      vertex -6.47056 -12.4073 10
      vertex -6.99999 -12.1244 10
      vertex -6.48038 -12.4244 10
    endloop
  endfacet
  facet normal -0 0 1
    outer loop
      vertex -11.8073 7.50979 10
      vertex -3.40903 2.27784 10
      vertex -11.6406 7.77798 10
    endloop
  endfacet
  facet normal 0 0 -1
    outer loop
      vertex -6.47056 -12.4073 10
      vertex -7 -12.1244 10
      vertex -6.99999 -12.1244 10
    endloop
  endfacet
  facet normal 0 0 1
    outer loop
      vertex -3.40903 2.27784 10
      vertex -11.8073 7.50979 10
      vertex -3.5507 2.05 10
    endloop
  endfacet
  facet normal 0 0 -1
    outer loop
      vertex -6.47056 -12.4073 10
      vertex -7.00001 -12.1244 10
      vertex -7 -12.1244 10
    endloop
  endfacet
  facet normal 0 -0 1
    outer loop
      vertex -7.00001 -12.1244 10
      vertex -4.1 0 10
      vertex -7.50979 -11.8073 10
    endloop
  endfacet
  facet normal 0 -0 1
    outer loop
      vertex -7.50979 11.8073 10
      vertex -7.00001 12.1244 10
      vertex -7.51962 11.8244 10
    endloop
  endfacet
  facet normal 0 0 1
    outer loop
      vertex -1.82737 -13.8802 10
      vertex -0.535157 -4.06492 10
      vertex -0.79987 -4.02122 10
    endloop
  endfacet
  facet normal 0 0 1
    outer loop
      vertex -0.535157 -4.06492 10
      vertex -0.915644 -13.97 10
      vertex -0.599999 -13.9804 10
    endloop
  endfacet
  facet normal 0 0 1
    outer loop
      vertex -3.03883 -13.6593 10
      vertex -0.79987 -4.02122 10
      vertex -1.06116 -3.9603 10
    endloop
  endfacet
  facet normal 0 0 1
    outer loop
      vertex -4.19794 -13.3487 10
      vertex -1.06116 -3.9603 10
      vertex -1.3179 -3.88241 10
    endloop
  endfacet
  facet normal 0 0 1
    outer loop
      vertex -4.19794 -13.3487 10
      vertex -1.3179 -3.88241 10
      vertex -1.569 -3.78791 10
    endloop
  endfacet
  facet normal 0 0 1
    outer loop
      vertex -4.19794 -13.3487 10
      vertex -1.569 -3.78791 10
      vertex -1.81338 -3.67718 10
    endloop
  endfacet
  facet normal 0 0 1
    outer loop
      vertex -0.535157 -4.06492 10
      vertex -1.82737 -13.8802 10
      vertex -0.915644 -13.97 10
    endloop
  endfacet
  facet normal 0 0 1
    outer loop
      vertex -4.19794 -13.3487 10
      vertex -1.81338 -3.67718 10
      vertex -2.05 -3.5507 10
    endloop
  endfacet
  facet normal 0 0 1
    outer loop
      vertex -4.19794 -13.3487 10
      vertex -2.05 -3.5507 10
      vertex -2.27784 -3.40903 10
    endloop
  endfacet
  facet normal 0 0 1
    outer loop
      vertex -4.19794 -13.3487 10
      vertex -2.27784 -3.40903 10
      vertex -2.49592 -3.25275 10
    endloop
  endfacet
  facet normal 0 0 1
    outer loop
      vertex -4.19794 -13.3487 10
      vertex -2.49592 -3.25275 10
      vertex -2.70332 -3.08254 10
    endloop
  endfacet
  facet normal 0 0 1
    outer loop
      vertex -0.79987 -4.02122 10
      vertex -2.73126 -13.731 10
      vertex -1.82737 -13.8802 10
    endloop
  endfacet
  facet normal 0 0 1
    outer loop
      vertex -4.19794 -13.3487 10
      vertex -2.70332 -3.08254 10
      vertex -2.89914 -2.89914 10
    endloop
  endfacet
  facet normal 0 0 1
    outer loop
      vertex -0.79987 -4.02122 10
      vertex -3.03883 -13.6593 10
      vertex -2.73126 -13.731 10
    endloop
  endfacet
  facet normal 0 0 1
    outer loop
      vertex -1.06116 -3.9603 10
      vertex -4.19794 -13.3487 10
      vertex -3.03883 -13.6593 10
    endloop
  endfacet
  facet normal 0 0 1
    outer loop
      vertex -4.19794 -13.3487 10
      vertex -2.89914 -2.89914 10
      vertex -3.08254 -2.70332 10
    endloop
  endfacet
  facet normal 0 0 1
    outer loop
      vertex -4.19794 -13.3487 10
      vertex -3.08254 -2.70332 10
      vertex -3.25275 -2.49592 10
    endloop
  endfacet
  facet normal 0 0 1
    outer loop
      vertex -4.19794 -13.3487 10
      vertex -3.25275 -2.49592 10
      vertex -3.40903 -2.27784 10
    endloop
  endfacet
  facet normal 0 0 1
    outer loop
      vertex -4.19794 -13.3487 10
      vertex -3.40903 -2.27784 10
      vertex -3.5507 -2.05 10
    endloop
  endfacet
  facet normal 0 0 1
    outer loop
      vertex -4.19794 -13.3487 10
      vertex -3.5507 -2.05 10
      vertex -3.67718 -1.81338 10
    endloop
  endfacet
  facet normal 0 0 1
    outer loop
      vertex -4.19794 -13.3487 10
      vertex -3.67718 -1.81338 10
      vertex -3.78791 -1.569 10
    endloop
  endfacet
  facet normal 0 0 1
    outer loop
      vertex -4.19794 -13.3487 10
      vertex -3.78791 -1.569 10
      vertex -3.88241 -1.3179 10
    endloop
  endfacet
  facet normal 0 0 1
    outer loop
      vertex -4.19794 -13.3487 10
      vertex -3.88241 -1.3179 10
      vertex -3.9603 -1.06116 10
    endloop
  endfacet
  facet normal 0 0 1
    outer loop
      vertex -4.19794 -13.3487 10
      vertex -3.9603 -1.06116 10
      vertex -4.02122 -0.79987 10
    endloop
  endfacet
  facet normal 0 0 1
    outer loop
      vertex -4.19794 -13.3487 10
      vertex -4.02122 -0.79987 10
      vertex -4.06492 -0.535157 10
    endloop
  endfacet
  facet normal 0 0 1
    outer loop
      vertex -4.19794 -13.3487 10
      vertex -4.06492 -0.535157 10
      vertex -4.09122 -0.268152 10
    endloop
  endfacet
  facet normal -0 0 1
    outer loop
      vertex -10.5258 9.23084 10
      vertex -3.08254 2.70332 10
      vertex -10.3099 9.46134 10
    endloop
  endfacet
  facet normal 0 0 1
    outer loop
      vertex -4.19794 -13.3487 10
      vertex -4.09122 -0.268152 10
      vertex -4.1 0 10
    endloop
  endfacet
  facet normal 0 0 1
    outer loop
      vertex -3.03883 -13.6593 10
      vertex -4.19794 -13.3487 10
      vertex -3.04391 -13.6783 10
    endloop
  endfacet
  facet normal 0 0 1
    outer loop
      vertex -3.04391 -13.6783 10
      vertex -4.19794 -13.3487 10
      vertex -4.20302 -13.3677 10
    endloop
  endfacet
  facet normal 0 0 1
    outer loop
      vertex -0.599999 13.9804 10
      vertex 0.599999 13.9804 10
      vertex 0.599999 14 10
    endloop
  endfacet
  facet normal 0 0 1
    outer loop
      vertex 0.599999 13.9804 10
      vertex 0.268152 4.09122 10
      vertex 0.535157 4.06492 10
    endloop
  endfacet
  facet normal 0 0 1
    outer loop
      vertex 0.599999 13.9804 10
      vertex 0 4.1 10
      vertex 0.268152 4.09122 10
    endloop
  endfacet
  facet normal 0 0 1
    outer loop
      vertex 0.599999 13.9804 10
      vertex -0.599999 13.9804 10
      vertex 0 4.1 10
    endloop
  endfacet
  facet normal 0 0 1
    outer loop
      vertex 0 4.1 10
      vertex -0.599999 13.9804 10
      vertex -0.268152 4.09122 10
    endloop
  endfacet
  facet normal 0 0 1
    outer loop
      vertex -0.599999 13.9804 10
      vertex 0.599999 14 10
      vertex -0.599999 14 10
    endloop
  endfacet
  facet normal -0 0 1
    outer loop
      vertex -0.915644 13.97 10
      vertex -0.268152 4.09122 10
      vertex -0.599999 13.9804 10
    endloop
  endfacet
  facet normal 0 0 1
    outer loop
      vertex -0.268152 4.09122 10
      vertex -0.915644 13.97 10
      vertex -0.535157 4.06492 10
    endloop
  endfacet
  facet normal -0 0 1
    outer loop
      vertex -1.82737 13.8802 10
      vertex -0.535157 4.06492 10
      vertex -0.915644 13.97 10
    endloop
  endfacet
  facet normal 0 0 1
    outer loop
      vertex -0.535157 4.06492 10
      vertex -1.82737 13.8802 10
      vertex -0.79987 4.02122 10
    endloop
  endfacet
  facet normal -0 0 1
    outer loop
      vertex -2.73126 13.731 10
      vertex -0.79987 4.02122 10
      vertex -1.82737 13.8802 10
    endloop
  endfacet
  facet normal -0 0 1
    outer loop
      vertex -3.03883 13.6593 10
      vertex -0.79987 4.02122 10
      vertex -2.73126 13.731 10
    endloop
  endfacet
  facet normal 0 0 1
    outer loop
      vertex -0.79987 4.02122 10
      vertex -3.03883 13.6593 10
      vertex -1.06116 3.9603 10
    endloop
  endfacet
  facet normal -0 0 1
    outer loop
      vertex -4.19794 13.3487 10
      vertex -1.06116 3.9603 10
      vertex -3.03883 13.6593 10
    endloop
  endfacet
  facet normal 0 0 1
    outer loop
      vertex -1.06116 3.9603 10
      vertex -4.19794 13.3487 10
      vertex -1.3179 3.88241 10
    endloop
  endfacet
  facet normal -0 0 1
    outer loop
      vertex -4.50015 13.257 10
      vertex -1.3179 3.88241 10
      vertex -4.19794 13.3487 10
    endloop
  endfacet
  facet normal 0 0 1
    outer loop
      vertex -1.3179 3.88241 10
      vertex -4.50015 13.257 10
      vertex -1.569 3.78791 10
    endloop
  endfacet
  facet normal -0 0 1
    outer loop
      vertex -5.35757 12.9343 10
      vertex -1.569 3.78791 10
      vertex -4.50015 13.257 10
    endloop
  endfacet
  facet normal 0 0 1
    outer loop
      vertex -1.569 3.78791 10
      vertex -5.35757 12.9343 10
      vertex -1.81338 3.67718 10
    endloop
  endfacet
  facet normal -0 0 1
    outer loop
      vertex -6.19204 12.5562 10
      vertex -1.81338 3.67718 10
      vertex -5.35757 12.9343 10
    endloop
  endfacet
  facet normal -0 0 1
    outer loop
      vertex -6.47056 12.4073 10
      vertex -1.81338 3.67718 10
      vertex -6.19204 12.5562 10
    endloop
  endfacet
  facet normal 0 0 1
    outer loop
      vertex -4.19794 13.3487 10
      vertex -3.03883 13.6593 10
      vertex -3.04391 13.6783 10
    endloop
  endfacet
  facet normal 0 0 1
    outer loop
      vertex -1.81338 3.67718 10
      vertex -6.47056 12.4073 10
      vertex -2.05 3.5507 10
    endloop
  endfacet
  facet normal -0 0 1
    outer loop
      vertex -7.00001 12.1244 10
      vertex -2.05 3.5507 10
      vertex -6.47056 12.4073 10
    endloop
  endfacet
  facet normal -0 0 1
    outer loop
      vertex -7.50979 11.8073 10
      vertex -2.05 3.5507 10
      vertex -7.00001 12.1244 10
    endloop
  endfacet
  facet normal 0 0 1
    outer loop
      vertex -2.05 3.5507 10
      vertex -7.50979 11.8073 10
      vertex -2.27784 3.40903 10
    endloop
  endfacet
  facet normal -0 0 1
    outer loop
      vertex -7.77798 11.6406 10
      vertex -2.27784 3.40903 10
      vertex -7.50979 11.8073 10
    endloop
  endfacet
  facet normal 0 0 1
    outer loop
      vertex -2.27784 3.40903 10
      vertex -7.77798 11.6406 10
      vertex -2.49592 3.25275 10
    endloop
  endfacet
  facet normal -0 0 1
    outer loop
      vertex -8.52266 11.1069 10
      vertex -2.49592 3.25275 10
      vertex -7.77798 11.6406 10
    endloop
  endfacet
  facet normal 0 0 1
    outer loop
      vertex -2.49592 3.25275 10
      vertex -8.52266 11.1069 10
      vertex -2.70332 3.08254 10
    endloop
  endfacet
  facet normal -0 0 1
    outer loop
      vertex -9.23084 10.5258 10
      vertex -2.70332 3.08254 10
      vertex -8.52266 11.1069 10
    endloop
  endfacet
  facet normal -0 0 1
    outer loop
      vertex -9.46134 10.3099 10
      vertex -2.70332 3.08254 10
      vertex -9.23084 10.5258 10
    endloop
  endfacet
  facet normal 0 0 1
    outer loop
      vertex -2.70332 3.08254 10
      vertex -9.46134 10.3099 10
      vertex -2.89914 2.89914 10
    endloop
  endfacet
  facet normal 0 0 1
    outer loop
      vertex -2.89914 2.89914 10
      vertex -10.3099 9.46134 10
      vertex -3.08254 2.70332 10
    endloop
  endfacet
  facet normal -0 0 1
    outer loop
      vertex -10.3099 9.46134 10
      vertex -2.89914 2.89914 10
      vertex -9.46134 10.3099 10
    endloop
  endfacet
  facet normal 0 -0 1
    outer loop
      vertex -4.19794 13.3487 10
      vertex -3.04391 13.6783 10
      vertex -4.20302 13.3677 10
    endloop
  endfacet
  facet normal 0 0 1
    outer loop
      vertex 10.5258 -9.23084 10
      vertex 3.08254 -2.70332 10
      vertex 10.3099 -9.46134 10
    endloop
  endfacet
  facet normal 0 0 1
    outer loop
      vertex 4.50015 13.257 10
      vertex 4.09122 0.268152 10
      vertex 4.1 0 10
    endloop
  endfacet
  facet normal 0 0 1
    outer loop
      vertex 4.50015 13.257 10
      vertex 4.06492 0.535157 10
      vertex 4.09122 0.268152 10
    endloop
  endfacet
  facet normal 0 0 1
    outer loop
      vertex 4.50015 13.257 10
      vertex 4.02122 0.79987 10
      vertex 4.06492 0.535157 10
    endloop
  endfacet
  facet normal 0 0 1
    outer loop
      vertex 4.50015 13.257 10
      vertex 3.9603 1.06116 10
      vertex 4.02122 0.79987 10
    endloop
  endfacet
  facet normal 0 0 1
    outer loop
      vertex 4.50015 13.257 10
      vertex 3.88241 1.3179 10
      vertex 3.9603 1.06116 10
    endloop
  endfacet
  facet normal 0 0 1
    outer loop
      vertex 4.50015 13.257 10
      vertex 3.78791 1.569 10
      vertex 3.88241 1.3179 10
    endloop
  endfacet
  facet normal 0 0 1
    outer loop
      vertex 4.50015 13.257 10
      vertex 3.67718 1.81338 10
      vertex 3.78791 1.569 10
    endloop
  endfacet
  facet normal 0 0 1
    outer loop
      vertex 4.50015 13.257 10
      vertex 3.5507 2.05 10
      vertex 3.67718 1.81338 10
    endloop
  endfacet
  facet normal 0 0 1
    outer loop
      vertex 4.50015 13.257 10
      vertex 3.40903 2.27784 10
      vertex 3.5507 2.05 10
    endloop
  endfacet
  facet normal 0 0 1
    outer loop
      vertex 4.50015 13.257 10
      vertex 3.25275 2.49592 10
      vertex 3.40903 2.27784 10
    endloop
  endfacet
  facet normal 0 0 1
    outer loop
      vertex 4.50015 13.257 10
      vertex 3.08254 2.70332 10
      vertex 3.25275 2.49592 10
    endloop
  endfacet
  facet normal 0 0 1
    outer loop
      vertex 3.04391 13.6783 10
      vertex 4.19794 13.3487 10
      vertex 4.20302 13.3677 10
    endloop
  endfacet
  facet normal -0 0 1
    outer loop
      vertex 3.03883 13.6593 10
      vertex 4.19794 13.3487 10
      vertex 3.04391 13.6783 10
    endloop
  endfacet
  facet normal 0 0 1
    outer loop
      vertex 1.06116 3.9603 10
      vertex 4.19794 13.3487 10
      vertex 3.03883 13.6593 10
    endloop
  endfacet
  facet normal 0 0 1
    outer loop
      vertex 4.50015 13.257 10
      vertex 2.89914 2.89914 10
      vertex 3.08254 2.70332 10
    endloop
  endfacet
  facet normal 0 0 1
    outer loop
      vertex 0.79987 4.02122 10
      vertex 3.03883 13.6593 10
      vertex 2.73126 13.731 10
    endloop
  endfacet
  facet normal 0 0 1
    outer loop
      vertex 4.50015 13.257 10
      vertex 2.70332 3.08254 10
      vertex 2.89914 2.89914 10
    endloop
  endfacet
  facet normal 0 0 1
    outer loop
      vertex 4.50015 13.257 10
      vertex 2.49592 3.25275 10
      vertex 2.70332 3.08254 10
    endloop
  endfacet
  facet normal 0 0 1
    outer loop
      vertex 4.50015 13.257 10
      vertex 2.27784 3.40903 10
      vertex 2.49592 3.25275 10
    endloop
  endfacet
  facet normal 0 0 1
    outer loop
      vertex 4.50015 13.257 10
      vertex 2.05 3.5507 10
      vertex 2.27784 3.40903 10
    endloop
  endfacet
  facet normal 0 0 1
    outer loop
      vertex 0.79987 4.02122 10
      vertex 2.73126 13.731 10
      vertex 1.82737 13.8802 10
    endloop
  endfacet
  facet normal 0 0 1
    outer loop
      vertex 4.50015 13.257 10
      vertex 1.81338 3.67718 10
      vertex 2.05 3.5507 10
    endloop
  endfacet
  facet normal 0 0 1
    outer loop
      vertex 4.50015 13.257 10
      vertex 1.569 3.78791 10
      vertex 1.81338 3.67718 10
    endloop
  endfacet
  facet normal 0 0 1
    outer loop
      vertex 4.50015 13.257 10
      vertex 1.3179 3.88241 10
      vertex 1.569 3.78791 10
    endloop
  endfacet
  facet normal 0 0 1
    outer loop
      vertex 4.19794 13.3487 10
      vertex 1.06116 3.9603 10
      vertex 1.3179 3.88241 10
    endloop
  endfacet
  facet normal 0 0 1
    outer loop
      vertex 0.535157 4.06492 10
      vertex 1.82737 13.8802 10
      vertex 0.915644 13.97 10
    endloop
  endfacet
  facet normal 0 0 1
    outer loop
      vertex 3.03883 13.6593 10
      vertex 0.79987 4.02122 10
      vertex 1.06116 3.9603 10
    endloop
  endfacet
  facet normal 0 0 1
    outer loop
      vertex 0.535157 4.06492 10
      vertex 0.915644 13.97 10
      vertex 0.599999 13.9804 10
    endloop
  endfacet
  facet normal 0 0 1
    outer loop
      vertex 1.82737 13.8802 10
      vertex 0.535157 4.06492 10
      vertex 0.79987 4.02122 10
    endloop
  endfacet
  facet normal 0 0 1
    outer loop
      vertex 4.1 0 10
      vertex 7.00001 12.1244 10
      vertex 6.47056 12.4073 10
    endloop
  endfacet
  facet normal 0 0 1
    outer loop
      vertex 7.00001 12.1244 10
      vertex 7.50979 11.8073 10
      vertex 7.51962 11.8244 10
    endloop
  endfacet
  facet normal -0 0 1
    outer loop
      vertex 9.46134 10.3099 10
      vertex 10.3099 9.46134 10
      vertex 9.47523 10.3238 10
    endloop
  endfacet
  facet normal 0 0 1
    outer loop
      vertex 9.47523 10.3238 10
      vertex 10.3099 9.46134 10
      vertex 10.3238 9.47523 10
    endloop
  endfacet
  facet normal 0 0 -1
    outer loop
      vertex 12.1244 7 10
      vertex 12.4073 6.47056 10
      vertex 12.1244 6.99999 10
    endloop
  endfacet
  facet normal 0 0 1
    outer loop
      vertex 12.1244 6.99999 10
      vertex 12.4073 6.47056 10
      vertex 12.4244 6.48038 10
    endloop
  endfacet
  facet normal -0 0 1
    outer loop
      vertex 13.3487 4.19794 10
      vertex 13.6593 3.03883 10
      vertex 13.3677 4.20302 10
    endloop
  endfacet
  facet normal 0 0 1
    outer loop
      vertex 13.3677 4.20302 10
      vertex 13.6593 3.03883 10
      vertex 13.6783 3.04391 10
    endloop
  endfacet
  facet normal -0 0 1
    outer loop
      vertex 13.9804 0.599999 10
      vertex 14 -0.599999 10
      vertex 14 0.599999 10
    endloop
  endfacet
  facet normal 0 0 1
    outer loop
      vertex 13.9804 0.599999 10
      vertex 13.9804 -0.599999 10
      vertex 14 -0.599999 10
    endloop
  endfacet
  facet normal 0 0 1
    outer loop
      vertex 4.1 0 10
      vertex 13.97 0.915644 10
      vertex 13.8802 1.82737 10
    endloop
  endfacet
  facet normal 0 0 1
    outer loop
      vertex 13.731 2.73126 10
      vertex 4.1 0 10
      vertex 13.8802 1.82737 10
    endloop
  endfacet
  facet normal 0 0 1
    outer loop
      vertex 13.97 0.915644 10
      vertex 4.1 0 10
      vertex 13.9804 0.599999 10
    endloop
  endfacet
  facet normal -0 0 1
    outer loop
      vertex 4.09122 -0.268152 10
      vertex 13.9804 -0.599999 10
      vertex 4.1 0 10
    endloop
  endfacet
  facet normal 0 0 1
    outer loop
      vertex 4.1 0 10
      vertex 13.731 2.73126 10
      vertex 13.6593 3.03883 10
    endloop
  endfacet
  facet normal 0 0 1
    outer loop
      vertex 13.9804 0.599999 10
      vertex 4.1 0 10
      vertex 13.9804 -0.599999 10
    endloop
  endfacet
  facet normal 0 0 1
    outer loop
      vertex 13.9804 -0.599999 10
      vertex 4.09122 -0.268152 10
      vertex 13.97 -0.915644 10
    endloop
  endfacet
  facet normal 0 0 1
    outer loop
      vertex 13.97 -0.915644 10
      vertex 4.09122 -0.268152 10
      vertex 13.8802 -1.82737 10
    endloop
  endfacet
  facet normal 0 0 1
    outer loop
      vertex 13.6593 -3.03883 10
      vertex 13.3677 -4.20302 10
      vertex 13.6783 -3.04391 10
    endloop
  endfacet
  facet normal 0 0 1
    outer loop
      vertex 4.1 0 10
      vertex 13.6593 3.03883 10
      vertex 13.3487 4.19794 10
    endloop
  endfacet
  facet normal -0 0 1
    outer loop
      vertex 4.06492 -0.535157 10
      vertex 13.8802 -1.82737 10
      vertex 4.09122 -0.268152 10
    endloop
  endfacet
  facet normal 0 0 1
    outer loop
      vertex 13.6593 -3.03883 10
      vertex 13.3487 -4.19794 10
      vertex 13.3677 -4.20302 10
    endloop
  endfacet
  facet normal 0 0 1
    outer loop
      vertex 4.1 0 10
      vertex 13.257 4.50015 10
      vertex 12.9343 5.35757 10
    endloop
  endfacet
  facet normal 0 0 1
    outer loop
      vertex 12.5562 6.19204 10
      vertex 4.1 0 10
      vertex 12.9343 5.35757 10
    endloop
  endfacet
  facet normal 0 0 1
    outer loop
      vertex 13.257 4.50015 10
      vertex 4.1 0 10
      vertex 13.3487 4.19794 10
    endloop
  endfacet
  facet normal -0 0 1
    outer loop
      vertex 4.02122 -0.79987 10
      vertex 13.731 -2.73126 10
      vertex 4.06492 -0.535157 10
    endloop
  endfacet
  facet normal 0 0 1
    outer loop
      vertex 4.1 0 10
      vertex 12.5562 6.19204 10
      vertex 12.4073 6.47056 10
    endloop
  endfacet
  facet normal 0 0 1
    outer loop
      vertex 13.8802 -1.82737 10
      vertex 4.06492 -0.535157 10
      vertex 13.731 -2.73126 10
    endloop
  endfacet
  facet normal 0 0 1
    outer loop
      vertex 13.731 -2.73126 10
      vertex 4.02122 -0.79987 10
      vertex 13.6593 -3.03883 10
    endloop
  endfacet
  facet normal -0 0 1
    outer loop
      vertex 3.9603 -1.06116 10
      vertex 13.6593 -3.03883 10
      vertex 4.02122 -0.79987 10
    endloop
  endfacet
  facet normal 0 0 1
    outer loop
      vertex 12.4073 -6.47056 10
      vertex 12.1244 -6.99999 10
      vertex 12.4244 -6.48038 10
    endloop
  endfacet
  facet normal 0 0 -1
    outer loop
      vertex 12.1244 7.00001 10
      vertex 12.4073 6.47056 10
      vertex 12.1244 7 10
    endloop
  endfacet
  facet normal 0 0 1
    outer loop
      vertex 4.1 0 10
      vertex 12.1244 7.00001 10
      vertex 11.8073 7.50979 10
    endloop
  endfacet
  facet normal 0 0 -1
    outer loop
      vertex 12.4073 -6.47056 10
      vertex 12.1244 -7 10
      vertex 12.1244 -6.99999 10
    endloop
  endfacet
  facet normal 0 0 1
    outer loop
      vertex 12.1244 7.00001 10
      vertex 4.1 0 10
      vertex 12.4073 6.47056 10
    endloop
  endfacet
  facet normal 0 0 -1
    outer loop
      vertex 12.4073 -6.47056 10
      vertex 12.1244 -7.00001 10
      vertex 12.1244 -7 10
    endloop
  endfacet
  facet normal -0 0 1
    outer loop
      vertex 11.8073 7.50979 10
      vertex 12.1244 7.00001 10
      vertex 11.8244 7.51962 10
    endloop
  endfacet
  facet normal 0 0 1
    outer loop
      vertex 13.6593 -3.03883 10
      vertex 3.9603 -1.06116 10
      vertex 13.3487 -4.19794 10
    endloop
  endfacet
  facet normal -0 0 1
    outer loop
      vertex 3.88241 -1.3179 10
      vertex 13.3487 -4.19794 10
      vertex 3.9603 -1.06116 10
    endloop
  endfacet
  facet normal 0 0 1
    outer loop
      vertex 12.1244 -7.00001 10
      vertex 11.8073 -7.50979 10
      vertex 11.8244 -7.51962 10
    endloop
  endfacet
  facet normal 0 0 1
    outer loop
      vertex 4.1 0 10
      vertex 11.6406 7.77798 10
      vertex 11.1069 8.52266 10
    endloop
  endfacet
  facet normal 0 0 1
    outer loop
      vertex 10.5258 9.23084 10
      vertex 4.1 0 10
      vertex 11.1069 8.52266 10
    endloop
  endfacet
  facet normal 0 0 1
    outer loop
      vertex 11.6406 7.77798 10
      vertex 4.1 0 10
      vertex 11.8073 7.50979 10
    endloop
  endfacet
  facet normal 0 0 1
    outer loop
      vertex 13.257 -4.50015 10
      vertex 3.88241 -1.3179 10
      vertex 12.9343 -5.35757 10
    endloop
  endfacet
  facet normal 0 0 1
    outer loop
      vertex 4.1 0 10
      vertex 10.5258 9.23084 10
      vertex 10.3099 9.46134 10
    endloop
  endfacet
  facet normal 0 0 1
    outer loop
      vertex 13.3487 -4.19794 10
      vertex 3.88241 -1.3179 10
      vertex 13.257 -4.50015 10
    endloop
  endfacet
  facet normal -0 0 1
    outer loop
      vertex 3.78791 -1.569 10
      vertex 12.9343 -5.35757 10
      vertex 3.88241 -1.3179 10
    endloop
  endfacet
  facet normal 0 0 1
    outer loop
      vertex 12.9343 -5.35757 10
      vertex 3.78791 -1.569 10
      vertex 12.5562 -6.19204 10
    endloop
  endfacet
  facet normal 0 0 1
    outer loop
      vertex 10.3099 -9.46134 10
      vertex 9.47523 -10.3238 10
      vertex 10.3238 -9.47523 10
    endloop
  endfacet
  facet normal 0 0 1
    outer loop
      vertex 4.1 0 10
      vertex 10.3099 9.46134 10
      vertex 9.46134 10.3099 10
    endloop
  endfacet
  facet normal -0 0 1
    outer loop
      vertex 3.67718 -1.81338 10
      vertex 12.5562 -6.19204 10
      vertex 3.78791 -1.569 10
    endloop
  endfacet
  facet normal 0 0 1
    outer loop
      vertex 10.3099 -9.46134 10
      vertex 9.46134 -10.3099 10
      vertex 9.47523 -10.3238 10
    endloop
  endfacet
  facet normal 0 0 1
    outer loop
      vertex 4.1 0 10
      vertex 9.23084 10.5258 10
      vertex 8.52266 11.1069 10
    endloop
  endfacet
  facet normal 0 0 1
    outer loop
      vertex 7.77798 11.6406 10
      vertex 4.1 0 10
      vertex 8.52266 11.1069 10
    endloop
  endfacet
  facet normal 0 0 1
    outer loop
      vertex 9.23084 10.5258 10
      vertex 4.1 0 10
      vertex 9.46134 10.3099 10
    endloop
  endfacet
  facet normal -0 0 1
    outer loop
      vertex 3.5507 -2.05 10
      vertex 12.4073 -6.47056 10
      vertex 3.67718 -1.81338 10
    endloop
  endfacet
  facet normal 0 0 1
    outer loop
      vertex 4.1 0 10
      vertex 7.77798 11.6406 10
      vertex 7.50979 11.8073 10
    endloop
  endfacet
  facet normal 0 0 1
    outer loop
      vertex 12.5562 -6.19204 10
      vertex 3.67718 -1.81338 10
      vertex 12.4073 -6.47056 10
    endloop
  endfacet
  facet normal 0 0 1
    outer loop
      vertex 12.4073 -6.47056 10
      vertex 3.5507 -2.05 10
      vertex 12.1244 -7.00001 10
    endloop
  endfacet
  facet normal 0 0 1
    outer loop
      vertex 12.1244 -7.00001 10
      vertex 3.5507 -2.05 10
      vertex 11.8073 -7.50979 10
    endloop
  endfacet
  facet normal 0 0 1
    outer loop
      vertex 7.50979 -11.8073 10
      vertex 7.00001 -12.1244 10
      vertex 7.51962 -11.8244 10
    endloop
  endfacet
  facet normal 0 0 1
    outer loop
      vertex 7.00001 12.1244 10
      vertex 4.1 0 10
      vertex 7.50979 11.8073 10
    endloop
  endfacet
  facet normal 0 0 -1
    outer loop
      vertex 6.47056 12.4073 10
      vertex 7.00001 12.1244 10
      vertex 7 12.1244 10
    endloop
  endfacet
  facet normal -0 0 1
    outer loop
      vertex 3.40903 -2.27784 10
      vertex 11.8073 -7.50979 10
      vertex 3.5507 -2.05 10
    endloop
  endfacet
  facet normal 0 0 -1
    outer loop
      vertex 6.47056 12.4073 10
      vertex 7 12.1244 10
      vertex 6.99999 12.1244 10
    endloop
  endfacet
  facet normal 0 0 1
    outer loop
      vertex 11.8073 -7.50979 10
      vertex 3.40903 -2.27784 10
      vertex 11.6406 -7.77798 10
    endloop
  endfacet
  facet normal -0 0 1
    outer loop
      vertex 6.47056 12.4073 10
      vertex 6.99999 12.1244 10
      vertex 6.48038 12.4244 10
    endloop
  endfacet
  facet normal -0 0 -1
    outer loop
      vertex 7.00001 -12.1244 10
      vertex 6.47056 -12.4073 10
      vertex 7 -12.1244 10
    endloop
  endfacet
  facet normal -0 0 -1
    outer loop
      vertex 7 -12.1244 10
      vertex 6.47056 -12.4073 10
      vertex 6.99999 -12.1244 10
    endloop
  endfacet
  facet normal 0 0 1
    outer loop
      vertex 6.99999 -12.1244 10
      vertex 6.47056 -12.4073 10
      vertex 6.48038 -12.4244 10
    endloop
  endfacet
  facet normal 0 0 1
    outer loop
      vertex 4.1 0 10
      vertex 6.19204 12.5562 10
      vertex 5.35757 12.9343 10
    endloop
  endfacet
  facet normal 0 0 1
    outer loop
      vertex 4.50015 13.257 10
      vertex 4.1 0 10
      vertex 5.35757 12.9343 10
    endloop
  endfacet
  facet normal 0 0 1
    outer loop
      vertex 6.19204 12.5562 10
      vertex 4.1 0 10
      vertex 6.47056 12.4073 10
    endloop
  endfacet
  facet normal -0 0 1
    outer loop
      vertex 3.25275 -2.49592 10
      vertex 11.1069 -8.52266 10
      vertex 3.40903 -2.27784 10
    endloop
  endfacet
  facet normal 0 0 1
    outer loop
      vertex 1.3179 3.88241 10
      vertex 4.50015 13.257 10
      vertex 4.19794 13.3487 10
    endloop
  endfacet
  facet normal 0 0 1
    outer loop
      vertex 11.6406 -7.77798 10
      vertex 3.40903 -2.27784 10
      vertex 11.1069 -8.52266 10
    endloop
  endfacet
  facet normal 0 0 1
    outer loop
      vertex 11.1069 -8.52266 10
      vertex 3.25275 -2.49592 10
      vertex 10.5258 -9.23084 10
    endloop
  endfacet
  facet normal -0 0 1
    outer loop
      vertex 3.08254 -2.70332 10
      vertex 10.5258 -9.23084 10
      vertex 3.25275 -2.49592 10
    endloop
  endfacet
  facet normal -0 0 1
    outer loop
      vertex 2.89914 -2.89914 10
      vertex 10.3099 -9.46134 10
      vertex 3.08254 -2.70332 10
    endloop
  endfacet
  facet normal 0 0 1
    outer loop
      vertex 10.3099 -9.46134 10
      vertex 2.89914 -2.89914 10
      vertex 9.46134 -10.3099 10
    endloop
  endfacet
  facet normal -0 0 1
    outer loop
      vertex 2.70332 -3.08254 10
      vertex 9.46134 -10.3099 10
      vertex 2.89914 -2.89914 10
    endloop
  endfacet
  facet normal 0 0 1
    outer loop
      vertex 9.46134 -10.3099 10
      vertex 2.70332 -3.08254 10
      vertex 9.23084 -10.5258 10
    endloop
  endfacet
  facet normal 0 0 1
    outer loop
      vertex 9.23084 -10.5258 10
      vertex 2.70332 -3.08254 10
      vertex 8.52266 -11.1069 10
    endloop
  endfacet
  facet normal -0 0 1
    outer loop
      vertex 2.49592 -3.25275 10
      vertex 8.52266 -11.1069 10
      vertex 2.70332 -3.08254 10
    endloop
  endfacet
  facet normal 0 0 1
    outer loop
      vertex 8.52266 -11.1069 10
      vertex 2.49592 -3.25275 10
      vertex 7.77798 -11.6406 10
    endloop
  endfacet
  facet normal -0 0 1
    outer loop
      vertex 2.27784 -3.40903 10
      vertex 7.77798 -11.6406 10
      vertex 2.49592 -3.25275 10
    endloop
  endfacet
  facet normal 0 0 1
    outer loop
      vertex 7.77798 -11.6406 10
      vertex 2.27784 -3.40903 10
      vertex 7.50979 -11.8073 10
    endloop
  endfacet
  facet normal -0 0 1
    outer loop
      vertex 2.05 -3.5507 10
      vertex 7.50979 -11.8073 10
      vertex 2.27784 -3.40903 10
    endloop
  endfacet
  facet normal 0 0 1
    outer loop
      vertex 7.50979 -11.8073 10
      vertex 2.05 -3.5507 10
      vertex 7.00001 -12.1244 10
    endloop
  endfacet
  facet normal 0 0 1
    outer loop
      vertex 4.19794 -13.3487 10
      vertex 3.04391 -13.6783 10
      vertex 4.20302 -13.3677 10
    endloop
  endfacet
  facet normal 0 0 1
    outer loop
      vertex 7.00001 -12.1244 10
      vertex 2.05 -3.5507 10
      vertex 6.47056 -12.4073 10
    endloop
  endfacet
  facet normal 0 0 1
    outer loop
      vertex 4.19794 -13.3487 10
      vertex 3.03883 -13.6593 10
      vertex 3.04391 -13.6783 10
    endloop
  endfacet
  facet normal -0 0 1
    outer loop
      vertex 1.81338 -3.67718 10
      vertex 6.47056 -12.4073 10
      vertex 2.05 -3.5507 10
    endloop
  endfacet
  facet normal 0 0 1
    outer loop
      vertex 6.47056 -12.4073 10
      vertex 1.81338 -3.67718 10
      vertex 6.19204 -12.5562 10
    endloop
  endfacet
  facet normal 0 0 1
    outer loop
      vertex 6.19204 -12.5562 10
      vertex 1.81338 -3.67718 10
      vertex 5.35757 -12.9343 10
    endloop
  endfacet
  facet normal -0 0 1
    outer loop
      vertex 1.569 -3.78791 10
      vertex 5.35757 -12.9343 10
      vertex 1.81338 -3.67718 10
    endloop
  endfacet
  facet normal 0 0 1
    outer loop
      vertex 5.35757 -12.9343 10
      vertex 1.569 -3.78791 10
      vertex 4.50015 -13.257 10
    endloop
  endfacet
  facet normal -0 0 1
    outer loop
      vertex 1.3179 -3.88241 10
      vertex 4.50015 -13.257 10
      vertex 1.569 -3.78791 10
    endloop
  endfacet
  facet normal 0 0 1
    outer loop
      vertex 4.50015 -13.257 10
      vertex 1.3179 -3.88241 10
      vertex 4.19794 -13.3487 10
    endloop
  endfacet
  facet normal -0 0 1
    outer loop
      vertex 1.06116 -3.9603 10
      vertex 4.19794 -13.3487 10
      vertex 1.3179 -3.88241 10
    endloop
  endfacet
  facet normal 0 0 1
    outer loop
      vertex 4.19794 -13.3487 10
      vertex 1.06116 -3.9603 10
      vertex 3.03883 -13.6593 10
    endloop
  endfacet
  facet normal -0 0 1
    outer loop
      vertex 0.79987 -4.02122 10
      vertex 3.03883 -13.6593 10
      vertex 1.06116 -3.9603 10
    endloop
  endfacet
  facet normal 0 0 1
    outer loop
      vertex 3.03883 -13.6593 10
      vertex 0.79987 -4.02122 10
      vertex 2.73126 -13.731 10
    endloop
  endfacet
  facet normal 0 0 1
    outer loop
      vertex 2.73126 -13.731 10
      vertex 0.79987 -4.02122 10
      vertex 1.82737 -13.8802 10
    endloop
  endfacet
  facet normal -0 0 1
    outer loop
      vertex 0.535157 -4.06492 10
      vertex 1.82737 -13.8802 10
      vertex 0.79987 -4.02122 10
    endloop
  endfacet
  facet normal 0 0 1
    outer loop
      vertex 1.82737 -13.8802 10
      vertex 0.535157 -4.06492 10
      vertex 0.915644 -13.97 10
    endloop
  endfacet
  facet normal -0 0 1
    outer loop
      vertex 0.268152 -4.09122 10
      vertex 0.915644 -13.97 10
      vertex 0.535157 -4.06492 10
    endloop
  endfacet
  facet normal 0 0 1
    outer loop
      vertex 0.915644 -13.97 10
      vertex 0.268152 -4.09122 10
      vertex 0.599999 -13.9804 10
    endloop
  endfacet
  facet normal -0 0 1
    outer loop
      vertex 0 -4.1 10
      vertex 0.599999 -13.9804 10
      vertex 0.268152 -4.09122 10
    endloop
  endfacet
  facet normal 0 0 1
    outer loop
      vertex -0.599999 -13.9804 10
      vertex 0.599999 -13.9804 10
      vertex 0 -4.1 10
    endloop
  endfacet
  facet normal 0 0 1
    outer loop
      vertex -0.599999 -13.9804 10
      vertex 0 -4.1 10
      vertex -0.268152 -4.09122 10
    endloop
  endfacet
  facet normal 0 0 1
    outer loop
      vertex -0.599999 -13.9804 10
      vertex -0.268152 -4.09122 10
      vertex -0.535157 -4.06492 10
    endloop
  endfacet
  facet normal 0 0 1
    outer loop
      vertex 0.599999 -13.9804 10
      vertex -0.599999 -13.9804 10
      vertex 0.599999 -14 10
    endloop
  endfacet
  facet normal 0 0 1
    outer loop
      vertex 0.599999 -14 10
      vertex -0.599999 -13.9804 10
      vertex -0.599999 -14 10
    endloop
  endfacet
  facet normal 0 0 1
    outer loop
      vertex -4.1 0 10
      vertex -7.00001 -12.1244 10
      vertex -6.47056 -12.4073 10
    endloop
  endfacet
  facet normal 0 0 1
    outer loop
      vertex -7.00001 -12.1244 10
      vertex -7.50979 -11.8073 10
      vertex -7.51962 -11.8244 10
    endloop
  endfacet
  facet normal 0 0 1
    outer loop
      vertex -9.46134 -10.3099 10
      vertex -10.3099 -9.46134 10
      vertex -9.47523 -10.3238 10
    endloop
  endfacet
  facet normal 0 0 1
    outer loop
      vertex -9.47523 -10.3238 10
      vertex -10.3099 -9.46134 10
      vertex -10.3238 -9.47523 10
    endloop
  endfacet
  facet normal 0 0 -1
    outer loop
      vertex -12.1244 -7 10
      vertex -12.4073 -6.47056 10
      vertex -12.1244 -6.99999 10
    endloop
  endfacet
  facet normal 0 0 1
    outer loop
      vertex -12.1244 -6.99999 10
      vertex -12.4073 -6.47056 10
      vertex -12.4244 -6.48038 10
    endloop
  endfacet
  facet normal 0 0 1
    outer loop
      vertex -13.3487 -4.19794 10
      vertex -13.6593 -3.03883 10
      vertex -13.3677 -4.20302 10
    endloop
  endfacet
  facet normal 0 0 1
    outer loop
      vertex -13.3677 -4.20302 10
      vertex -13.6593 -3.03883 10
      vertex -13.6783 -3.04391 10
    endloop
  endfacet
  facet normal 1 -0 0
    outer loop
      vertex 14 -0.599999 10
      vertex 14 0.599999 0
      vertex 14 0.599999 10
    endloop
  endfacet
  facet normal 1 0 0
    outer loop
      vertex 14 0.599999 0
      vertex 14 -0.599999 10
      vertex 14 -0.599999 0
    endloop
  endfacet
  facet normal 0 0 -1
    outer loop
      vertex -13.97 -0.915644 0
      vertex -4.09122 -0.268152 0
      vertex -13.8802 -1.82737 0
    endloop
  endfacet
  facet normal 0 0 -1
    outer loop
      vertex -13.9804 -0.599999 0
      vertex -4.09122 -0.268152 0
      vertex -13.97 -0.915644 0
    endloop
  endfacet
  facet normal 0 0 -1
    outer loop
      vertex -13.9804 0.599999 0
      vertex -4.1 0 0
      vertex -13.9804 -0.599999 0
    endloop
  endfacet
  facet normal 0 0 -1
    outer loop
      vertex -4.1 0 0
      vertex -13.731 2.73126 0
      vertex -13.6593 3.03883 0
    endloop
  endfacet
  facet normal -0 0 -1
    outer loop
      vertex -4.09122 -0.268152 0
      vertex -13.9804 -0.599999 0
      vertex -4.1 0 0
    endloop
  endfacet
  facet normal 0 -0 -1
    outer loop
      vertex -13.97 0.915644 0
      vertex -4.1 0 0
      vertex -13.9804 0.599999 0
    endloop
  endfacet
  facet normal 0 -0 -1
    outer loop
      vertex -13.731 2.73126 0
      vertex -4.1 0 0
      vertex -13.8802 1.82737 0
    endloop
  endfacet
  facet normal 0 0 -1
    outer loop
      vertex -4.1 0 0
      vertex -13.97 0.915644 0
      vertex -13.8802 1.82737 0
    endloop
  endfacet
  facet normal 0 0 -1
    outer loop
      vertex -14 -0.599999 0
      vertex -13.9804 0.599999 0
      vertex -13.9804 -0.599999 0
    endloop
  endfacet
  facet normal -0 0 -1
    outer loop
      vertex -13.9804 0.599999 0
      vertex -14 -0.599999 0
      vertex -14 0.599999 0
    endloop
  endfacet
  facet normal -0 0 -1
    outer loop
      vertex -3.9603 -1.06116 0
      vertex -13.6593 -3.03883 0
      vertex -4.02122 -0.79987 0
    endloop
  endfacet
  facet normal 0 0 -1
    outer loop
      vertex -13.731 -2.73126 0
      vertex -4.02122 -0.79987 0
      vertex -13.6593 -3.03883 0
    endloop
  endfacet
  facet normal 0 0 -1
    outer loop
      vertex -13.8802 -1.82737 0
      vertex -4.06492 -0.535157 0
      vertex -13.731 -2.73126 0
    endloop
  endfacet
  facet normal 0 0 -1
    outer loop
      vertex -4.1 0 0
      vertex -12.5562 6.19204 0
      vertex -12.4073 6.47056 0
    endloop
  endfacet
  facet normal -0 0 -1
    outer loop
      vertex -4.02122 -0.79987 0
      vertex -13.731 -2.73126 0
      vertex -4.06492 -0.535157 0
    endloop
  endfacet
  facet normal 0 -0 -1
    outer loop
      vertex -13.257 4.50015 0
      vertex -4.1 0 0
      vertex -13.3487 4.19794 0
    endloop
  endfacet
  facet normal 0 -0 -1
    outer loop
      vertex -12.5562 6.19204 0
      vertex -4.1 0 0
      vertex -12.9343 5.35757 0
    endloop
  endfacet
  facet normal 0 0 -1
    outer loop
      vertex -4.1 0 0
      vertex -13.257 4.50015 0
      vertex -12.9343 5.35757 0
    endloop
  endfacet
  facet normal 0 0 -1
    outer loop
      vertex -13.6593 -3.03883 0
      vertex -13.3487 -4.19794 0
      vertex -13.3677 -4.20302 0
    endloop
  endfacet
  facet normal -0 0 -1
    outer loop
      vertex -4.06492 -0.535157 0
      vertex -13.8802 -1.82737 0
      vertex -4.09122 -0.268152 0
    endloop
  endfacet
  facet normal 0 0 -1
    outer loop
      vertex -4.1 0 0
      vertex -13.6593 3.03883 0
      vertex -13.3487 4.19794 0
    endloop
  endfacet
  facet normal 0 -0 -1
    outer loop
      vertex -13.6593 -3.03883 0
      vertex -13.3677 -4.20302 0
      vertex -13.6783 -3.04391 0
    endloop
  endfacet
  facet normal 0 0 -1
    outer loop
      vertex -12.9343 -5.35757 0
      vertex -3.78791 -1.569 0
      vertex -12.5562 -6.19204 0
    endloop
  endfacet
  facet normal -0 0 -1
    outer loop
      vertex -3.78791 -1.569 0
      vertex -12.9343 -5.35757 0
      vertex -3.88241 -1.3179 0
    endloop
  endfacet
  facet normal 0 0 -1
    outer loop
      vertex -13.3487 -4.19794 0
      vertex -3.88241 -1.3179 0
      vertex -13.257 -4.50015 0
    endloop
  endfacet
  facet normal 0 0 -1
    outer loop
      vertex -4.1 0 0
      vertex -10.5258 9.23084 0
      vertex -10.3099 9.46134 0
    endloop
  endfacet
  facet normal 0 0 -1
    outer loop
      vertex -13.257 -4.50015 0
      vertex -3.88241 -1.3179 0
      vertex -12.9343 -5.35757 0
    endloop
  endfacet
  facet normal 0 -0 -1
    outer loop
      vertex -11.6406 7.77798 0
      vertex -4.1 0 0
      vertex -11.8073 7.50979 0
    endloop
  endfacet
  facet normal 0 -0 -1
    outer loop
      vertex -10.5258 9.23084 0
      vertex -4.1 0 0
      vertex -11.1069 8.52266 0
    endloop
  endfacet
  facet normal 0 0 -1
    outer loop
      vertex -4.1 0 0
      vertex -11.6406 7.77798 0
      vertex -11.1069 8.52266 0
    endloop
  endfacet
  facet normal 0 0 -1
    outer loop
      vertex -12.1244 -7.00001 0
      vertex -11.8073 -7.50979 0
      vertex -11.8244 -7.51962 0
    endloop
  endfacet
  facet normal -0 0 -1
    outer loop
      vertex -3.88241 -1.3179 0
      vertex -13.3487 -4.19794 0
      vertex -3.9603 -1.06116 0
    endloop
  endfacet
  facet normal 0 0 -1
    outer loop
      vertex -13.6593 -3.03883 0
      vertex -3.9603 -1.06116 0
      vertex -13.3487 -4.19794 0
    endloop
  endfacet
  facet normal -0 0 -1
    outer loop
      vertex -11.8073 7.50979 0
      vertex -12.1244 7.00001 0
      vertex -11.8244 7.51962 0
    endloop
  endfacet
  facet normal 0 0 1
    outer loop
      vertex -12.4073 -6.47056 0
      vertex -12.1244 -7.00001 0
      vertex -12.1244 -7 0
    endloop
  endfacet
  facet normal 0 -0 -1
    outer loop
      vertex -12.1244 7.00001 0
      vertex -4.1 0 0
      vertex -12.4073 6.47056 0
    endloop
  endfacet
  facet normal 0 0 1
    outer loop
      vertex -12.4073 -6.47056 0
      vertex -12.1244 -7 0
      vertex -12.1244 -6.99999 0
    endloop
  endfacet
  facet normal 0 0 -1
    outer loop
      vertex -4.1 0 0
      vertex -12.1244 7.00001 0
      vertex -11.8073 7.50979 0
    endloop
  endfacet
  facet normal 0 0 1
    outer loop
      vertex -12.1244 7.00001 0
      vertex -12.4073 6.47056 0
      vertex -12.1244 7 0
    endloop
  endfacet
  facet normal 0 -0 -1
    outer loop
      vertex -12.4073 -6.47056 0
      vertex -12.1244 -6.99999 0
      vertex -12.4244 -6.48038 0
    endloop
  endfacet
  facet normal 0 0 -1
    outer loop
      vertex -12.1244 -7.00001 0
      vertex -3.5507 -2.05 0
      vertex -11.8073 -7.50979 0
    endloop
  endfacet
  facet normal 0 0 -1
    outer loop
      vertex -12.4073 -6.47056 0
      vertex -3.5507 -2.05 0
      vertex -12.1244 -7.00001 0
    endloop
  endfacet
  facet normal 0 0 -1
    outer loop
      vertex -12.5562 -6.19204 0
      vertex -3.67718 -1.81338 0
      vertex -12.4073 -6.47056 0
    endloop
  endfacet
  facet normal 0 0 -1
    outer loop
      vertex -4.1 0 0
      vertex -7.77798 11.6406 0
      vertex -7.50979 11.8073 0
    endloop
  endfacet
  facet normal -0 0 -1
    outer loop
      vertex -3.5507 -2.05 0
      vertex -12.4073 -6.47056 0
      vertex -3.67718 -1.81338 0
    endloop
  endfacet
  facet normal 0 -0 -1
    outer loop
      vertex -9.23084 10.5258 0
      vertex -4.1 0 0
      vertex -9.46134 10.3099 0
    endloop
  endfacet
  facet normal 0 -0 -1
    outer loop
      vertex -7.77798 11.6406 0
      vertex -4.1 0 0
      vertex -8.52266 11.1069 0
    endloop
  endfacet
  facet normal 0 0 -1
    outer loop
      vertex -4.1 0 0
      vertex -9.23084 10.5258 0
      vertex -8.52266 11.1069 0
    endloop
  endfacet
  facet normal 0 0 -1
    outer loop
      vertex -10.3099 -9.46134 0
      vertex -9.46134 -10.3099 0
      vertex -9.47523 -10.3238 0
    endloop
  endfacet
  facet normal -0 0 -1
    outer loop
      vertex -3.67718 -1.81338 0
      vertex -12.5562 -6.19204 0
      vertex -3.78791 -1.569 0
    endloop
  endfacet
  facet normal 0 0 -1
    outer loop
      vertex -4.1 0 0
      vertex -10.3099 9.46134 0
      vertex -9.46134 10.3099 0
    endloop
  endfacet
  facet normal 0 -0 -1
    outer loop
      vertex -10.3099 -9.46134 0
      vertex -9.47523 -10.3238 0
      vertex -10.3238 -9.47523 0
    endloop
  endfacet
  facet normal -0 0 -1
    outer loop
      vertex -3.08254 -2.70332 0
      vertex -10.5258 -9.23084 0
      vertex -3.25275 -2.49592 0
    endloop
  endfacet
  facet normal 0 0 -1
    outer loop
      vertex -11.1069 -8.52266 0
      vertex -3.25275 -2.49592 0
      vertex -10.5258 -9.23084 0
    endloop
  endfacet
  facet normal 0 0 -1
    outer loop
      vertex -11.6406 -7.77798 0
      vertex -3.40903 -2.27784 0
      vertex -11.1069 -8.52266 0
    endloop
  endfacet
  facet normal 0 0 -1
    outer loop
      vertex -4.1 0 0
      vertex -4.50015 13.257 0
      vertex -4.19794 13.3487 0
    endloop
  endfacet
  facet normal -0 0 -1
    outer loop
      vertex -3.25275 -2.49592 0
      vertex -11.1069 -8.52266 0
      vertex -3.40903 -2.27784 0
    endloop
  endfacet
  facet normal 0 -0 -1
    outer loop
      vertex -6.19204 12.5562 0
      vertex -4.1 0 0
      vertex -6.47056 12.4073 0
    endloop
  endfacet
  facet normal 0 -0 -1
    outer loop
      vertex -4.50015 13.257 0
      vertex -4.1 0 0
      vertex -5.35757 12.9343 0
    endloop
  endfacet
  facet normal 0 0 -1
    outer loop
      vertex -4.1 0 0
      vertex -6.19204 12.5562 0
      vertex -5.35757 12.9343 0
    endloop
  endfacet
  facet normal 0 0 -1
    outer loop
      vertex -6.99999 -12.1244 0
      vertex -6.47056 -12.4073 0
      vertex -6.48038 -12.4244 0
    endloop
  endfacet
  facet normal -0 0 1
    outer loop
      vertex -7 -12.1244 0
      vertex -6.47056 -12.4073 0
      vertex -6.99999 -12.1244 0
    endloop
  endfacet
  facet normal -0 0 1
    outer loop
      vertex -7.00001 -12.1244 0
      vertex -6.47056 -12.4073 0
      vertex -7 -12.1244 0
    endloop
  endfacet
  facet normal -0 0 -1
    outer loop
      vertex -6.47056 12.4073 0
      vertex -6.99999 12.1244 0
      vertex -6.48038 12.4244 0
    endloop
  endfacet
  facet normal 0 0 -1
    outer loop
      vertex -11.8073 -7.50979 0
      vertex -3.40903 -2.27784 0
      vertex -11.6406 -7.77798 0
    endloop
  endfacet
  facet normal 0 0 1
    outer loop
      vertex -6.47056 12.4073 0
      vertex -7 12.1244 0
      vertex -6.99999 12.1244 0
    endloop
  endfacet
  facet normal -0 0 -1
    outer loop
      vertex -3.40903 -2.27784 0
      vertex -11.8073 -7.50979 0
      vertex -3.5507 -2.05 0
    endloop
  endfacet
  facet normal 0 0 1
    outer loop
      vertex -6.47056 12.4073 0
      vertex -7.00001 12.1244 0
      vertex -7 12.1244 0
    endloop
  endfacet
  facet normal 0 -0 -1
    outer loop
      vertex -7.00001 12.1244 0
      vertex -4.1 0 0
      vertex -7.50979 11.8073 0
    endloop
  endfacet
  facet normal 0 -0 -1
    outer loop
      vertex -7.50979 -11.8073 0
      vertex -7.00001 -12.1244 0
      vertex -7.51962 -11.8244 0
    endloop
  endfacet
  facet normal 0 0 -1
    outer loop
      vertex -1.82737 13.8802 0
      vertex -0.535157 4.06492 0
      vertex -0.79987 4.02122 0
    endloop
  endfacet
  facet normal 0 0 -1
    outer loop
      vertex -0.535157 4.06492 0
      vertex -0.915644 13.97 0
      vertex -0.599999 13.9804 0
    endloop
  endfacet
  facet normal 0 0 -1
    outer loop
      vertex -3.03883 13.6593 0
      vertex -0.79987 4.02122 0
      vertex -1.06116 3.9603 0
    endloop
  endfacet
  facet normal 0 0 -1
    outer loop
      vertex -4.19794 13.3487 0
      vertex -1.06116 3.9603 0
      vertex -1.3179 3.88241 0
    endloop
  endfacet
  facet normal 0 0 -1
    outer loop
      vertex -4.19794 13.3487 0
      vertex -1.3179 3.88241 0
      vertex -1.569 3.78791 0
    endloop
  endfacet
  facet normal 0 0 -1
    outer loop
      vertex -4.19794 13.3487 0
      vertex -1.569 3.78791 0
      vertex -1.81338 3.67718 0
    endloop
  endfacet
  facet normal 0 0 -1
    outer loop
      vertex -0.535157 4.06492 0
      vertex -1.82737 13.8802 0
      vertex -0.915644 13.97 0
    endloop
  endfacet
  facet normal 0 0 -1
    outer loop
      vertex -4.19794 13.3487 0
      vertex -1.81338 3.67718 0
      vertex -2.05 3.5507 0
    endloop
  endfacet
  facet normal 0 0 -1
    outer loop
      vertex -4.19794 13.3487 0
      vertex -2.05 3.5507 0
      vertex -2.27784 3.40903 0
    endloop
  endfacet
  facet normal 0 0 -1
    outer loop
      vertex -4.19794 13.3487 0
      vertex -2.27784 3.40903 0
      vertex -2.49592 3.25275 0
    endloop
  endfacet
  facet normal 0 0 -1
    outer loop
      vertex -4.19794 13.3487 0
      vertex -2.49592 3.25275 0
      vertex -2.70332 3.08254 0
    endloop
  endfacet
  facet normal 0 0 -1
    outer loop
      vertex -0.79987 4.02122 0
      vertex -2.73126 13.731 0
      vertex -1.82737 13.8802 0
    endloop
  endfacet
  facet normal 0 0 -1
    outer loop
      vertex -4.19794 13.3487 0
      vertex -2.70332 3.08254 0
      vertex -2.89914 2.89914 0
    endloop
  endfacet
  facet normal 0 0 -1
    outer loop
      vertex -0.79987 4.02122 0
      vertex -3.03883 13.6593 0
      vertex -2.73126 13.731 0
    endloop
  endfacet
  facet normal 0 0 -1
    outer loop
      vertex -1.06116 3.9603 0
      vertex -4.19794 13.3487 0
      vertex -3.03883 13.6593 0
    endloop
  endfacet
  facet normal 0 0 -1
    outer loop
      vertex -4.19794 13.3487 0
      vertex -2.89914 2.89914 0
      vertex -3.08254 2.70332 0
    endloop
  endfacet
  facet normal 0 0 -1
    outer loop
      vertex -4.19794 13.3487 0
      vertex -3.08254 2.70332 0
      vertex -3.25275 2.49592 0
    endloop
  endfacet
  facet normal 0 0 -1
    outer loop
      vertex -4.19794 13.3487 0
      vertex -3.25275 2.49592 0
      vertex -3.40903 2.27784 0
    endloop
  endfacet
  facet normal 0 0 -1
    outer loop
      vertex -4.19794 13.3487 0
      vertex -3.40903 2.27784 0
      vertex -3.5507 2.05 0
    endloop
  endfacet
  facet normal 0 0 -1
    outer loop
      vertex -4.19794 13.3487 0
      vertex -3.5507 2.05 0
      vertex -3.67718 1.81338 0
    endloop
  endfacet
  facet normal 0 0 -1
    outer loop
      vertex -4.19794 13.3487 0
      vertex -3.67718 1.81338 0
      vertex -3.78791 1.569 0
    endloop
  endfacet
  facet normal 0 0 -1
    outer loop
      vertex -4.19794 13.3487 0
      vertex -3.78791 1.569 0
      vertex -3.88241 1.3179 0
    endloop
  endfacet
  facet normal 0 0 -1
    outer loop
      vertex -4.19794 13.3487 0
      vertex -3.88241 1.3179 0
      vertex -3.9603 1.06116 0
    endloop
  endfacet
  facet normal 0 0 -1
    outer loop
      vertex -4.19794 13.3487 0
      vertex -3.9603 1.06116 0
      vertex -4.02122 0.79987 0
    endloop
  endfacet
  facet normal 0 0 -1
    outer loop
      vertex -4.19794 13.3487 0
      vertex -4.02122 0.79987 0
      vertex -4.06492 0.535157 0
    endloop
  endfacet
  facet normal 0 0 -1
    outer loop
      vertex -4.19794 13.3487 0
      vertex -4.06492 0.535157 0
      vertex -4.09122 0.268152 0
    endloop
  endfacet
  facet normal 0 0 -1
    outer loop
      vertex -10.5258 -9.23084 0
      vertex -3.08254 -2.70332 0
      vertex -10.3099 -9.46134 0
    endloop
  endfacet
  facet normal 0 0 -1
    outer loop
      vertex -4.19794 13.3487 0
      vertex -4.09122 0.268152 0
      vertex -4.1 0 0
    endloop
  endfacet
  facet normal -0 0 -1
    outer loop
      vertex -3.03883 13.6593 0
      vertex -4.19794 13.3487 0
      vertex -3.04391 13.6783 0
    endloop
  endfacet
  facet normal 0 0 -1
    outer loop
      vertex -3.04391 13.6783 0
      vertex -4.19794 13.3487 0
      vertex -4.20302 13.3677 0
    endloop
  endfacet
  facet normal 0 0 -1
    outer loop
      vertex -0.599999 -13.9804 0
      vertex 0.599999 -13.9804 0
      vertex 0.599999 -14 0
    endloop
  endfacet
  facet normal 0 0 -1
    outer loop
      vertex 0.599999 -13.9804 0
      vertex 0.268152 -4.09122 0
      vertex 0.535157 -4.06492 0
    endloop
  endfacet
  facet normal 0 0 -1
    outer loop
      vertex 0.599999 -13.9804 0
      vertex 0 -4.1 0
      vertex 0.268152 -4.09122 0
    endloop
  endfacet
  facet normal 0 0 -1
    outer loop
      vertex 0.599999 -13.9804 0
      vertex -0.599999 -13.9804 0
      vertex 0 -4.1 0
    endloop
  endfacet
  facet normal -0 0 -1
    outer loop
      vertex 0 -4.1 0
      vertex -0.599999 -13.9804 0
      vertex -0.268152 -4.09122 0
    endloop
  endfacet
  facet normal 0 0 -1
    outer loop
      vertex -0.599999 -13.9804 0
      vertex 0.599999 -14 0
      vertex -0.599999 -14 0
    endloop
  endfacet
  facet normal 0 0 -1
    outer loop
      vertex -0.915644 -13.97 0
      vertex -0.268152 -4.09122 0
      vertex -0.599999 -13.9804 0
    endloop
  endfacet
  facet normal -0 0 -1
    outer loop
      vertex -0.268152 -4.09122 0
      vertex -0.915644 -13.97 0
      vertex -0.535157 -4.06492 0
    endloop
  endfacet
  facet normal 0 0 -1
    outer loop
      vertex -1.82737 -13.8802 0
      vertex -0.535157 -4.06492 0
      vertex -0.915644 -13.97 0
    endloop
  endfacet
  facet normal -0 0 -1
    outer loop
      vertex -0.535157 -4.06492 0
      vertex -1.82737 -13.8802 0
      vertex -0.79987 -4.02122 0
    endloop
  endfacet
  facet normal 0 0 -1
    outer loop
      vertex -2.73126 -13.731 0
      vertex -0.79987 -4.02122 0
      vertex -1.82737 -13.8802 0
    endloop
  endfacet
  facet normal 0 0 -1
    outer loop
      vertex -3.03883 -13.6593 0
      vertex -0.79987 -4.02122 0
      vertex -2.73126 -13.731 0
    endloop
  endfacet
  facet normal -0 0 -1
    outer loop
      vertex -0.79987 -4.02122 0
      vertex -3.03883 -13.6593 0
      vertex -1.06116 -3.9603 0
    endloop
  endfacet
  facet normal 0 0 -1
    outer loop
      vertex -4.19794 -13.3487 0
      vertex -1.06116 -3.9603 0
      vertex -3.03883 -13.6593 0
    endloop
  endfacet
  facet normal -0 0 -1
    outer loop
      vertex -1.06116 -3.9603 0
      vertex -4.19794 -13.3487 0
      vertex -1.3179 -3.88241 0
    endloop
  endfacet
  facet normal 0 0 -1
    outer loop
      vertex -4.50015 -13.257 0
      vertex -1.3179 -3.88241 0
      vertex -4.19794 -13.3487 0
    endloop
  endfacet
  facet normal -0 0 -1
    outer loop
      vertex -1.3179 -3.88241 0
      vertex -4.50015 -13.257 0
      vertex -1.569 -3.78791 0
    endloop
  endfacet
  facet normal 0 0 -1
    outer loop
      vertex -5.35757 -12.9343 0
      vertex -1.569 -3.78791 0
      vertex -4.50015 -13.257 0
    endloop
  endfacet
  facet normal -0 0 -1
    outer loop
      vertex -1.569 -3.78791 0
      vertex -5.35757 -12.9343 0
      vertex -1.81338 -3.67718 0
    endloop
  endfacet
  facet normal 0 0 -1
    outer loop
      vertex -6.19204 -12.5562 0
      vertex -1.81338 -3.67718 0
      vertex -5.35757 -12.9343 0
    endloop
  endfacet
  facet normal 0 0 -1
    outer loop
      vertex -6.47056 -12.4073 0
      vertex -1.81338 -3.67718 0
      vertex -6.19204 -12.5562 0
    endloop
  endfacet
  facet normal 0 0 -1
    outer loop
      vertex -4.19794 -13.3487 0
      vertex -3.03883 -13.6593 0
      vertex -3.04391 -13.6783 0
    endloop
  endfacet
  facet normal -0 0 -1
    outer loop
      vertex -1.81338 -3.67718 0
      vertex -6.47056 -12.4073 0
      vertex -2.05 -3.5507 0
    endloop
  endfacet
  facet normal 0 0 -1
    outer loop
      vertex -7.00001 -12.1244 0
      vertex -2.05 -3.5507 0
      vertex -6.47056 -12.4073 0
    endloop
  endfacet
  facet normal 0 0 -1
    outer loop
      vertex -7.50979 -11.8073 0
      vertex -2.05 -3.5507 0
      vertex -7.00001 -12.1244 0
    endloop
  endfacet
  facet normal -0 0 -1
    outer loop
      vertex -2.05 -3.5507 0
      vertex -7.50979 -11.8073 0
      vertex -2.27784 -3.40903 0
    endloop
  endfacet
  facet normal 0 0 -1
    outer loop
      vertex -7.77798 -11.6406 0
      vertex -2.27784 -3.40903 0
      vertex -7.50979 -11.8073 0
    endloop
  endfacet
  facet normal -0 0 -1
    outer loop
      vertex -2.27784 -3.40903 0
      vertex -7.77798 -11.6406 0
      vertex -2.49592 -3.25275 0
    endloop
  endfacet
  facet normal 0 0 -1
    outer loop
      vertex -8.52266 -11.1069 0
      vertex -2.49592 -3.25275 0
      vertex -7.77798 -11.6406 0
    endloop
  endfacet
  facet normal -0 0 -1
    outer loop
      vertex -2.49592 -3.25275 0
      vertex -8.52266 -11.1069 0
      vertex -2.70332 -3.08254 0
    endloop
  endfacet
  facet normal 0 0 -1
    outer loop
      vertex -9.23084 -10.5258 0
      vertex -2.70332 -3.08254 0
      vertex -8.52266 -11.1069 0
    endloop
  endfacet
  facet normal 0 0 -1
    outer loop
      vertex -9.46134 -10.3099 0
      vertex -2.70332 -3.08254 0
      vertex -9.23084 -10.5258 0
    endloop
  endfacet
  facet normal -0 0 -1
    outer loop
      vertex -2.70332 -3.08254 0
      vertex -9.46134 -10.3099 0
      vertex -2.89914 -2.89914 0
    endloop
  endfacet
  facet normal -0 0 -1
    outer loop
      vertex -2.89914 -2.89914 0
      vertex -10.3099 -9.46134 0
      vertex -3.08254 -2.70332 0
    endloop
  endfacet
  facet normal 0 0 -1
    outer loop
      vertex -10.3099 -9.46134 0
      vertex -2.89914 -2.89914 0
      vertex -9.46134 -10.3099 0
    endloop
  endfacet
  facet normal 0 -0 -1
    outer loop
      vertex -4.19794 -13.3487 0
      vertex -3.04391 -13.6783 0
      vertex -4.20302 -13.3677 0
    endloop
  endfacet
  facet normal -0 0 -1
    outer loop
      vertex 10.5258 9.23084 0
      vertex 3.08254 2.70332 0
      vertex 10.3099 9.46134 0
    endloop
  endfacet
  facet normal 0 0 -1
    outer loop
      vertex 4.50015 -13.257 0
      vertex 4.09122 -0.268152 0
      vertex 4.1 0 0
    endloop
  endfacet
  facet normal 0 0 -1
    outer loop
      vertex 4.50015 -13.257 0
      vertex 4.06492 -0.535157 0
      vertex 4.09122 -0.268152 0
    endloop
  endfacet
  facet normal 0 0 -1
    outer loop
      vertex 4.50015 -13.257 0
      vertex 4.02122 -0.79987 0
      vertex 4.06492 -0.535157 0
    endloop
  endfacet
  facet normal 0 0 -1
    outer loop
      vertex 4.50015 -13.257 0
      vertex 3.9603 -1.06116 0
      vertex 4.02122 -0.79987 0
    endloop
  endfacet
  facet normal 0 0 -1
    outer loop
      vertex 4.50015 -13.257 0
      vertex 3.88241 -1.3179 0
      vertex 3.9603 -1.06116 0
    endloop
  endfacet
  facet normal 0 0 -1
    outer loop
      vertex 4.50015 -13.257 0
      vertex 3.78791 -1.569 0
      vertex 3.88241 -1.3179 0
    endloop
  endfacet
  facet normal 0 0 -1
    outer loop
      vertex 4.50015 -13.257 0
      vertex 3.67718 -1.81338 0
      vertex 3.78791 -1.569 0
    endloop
  endfacet
  facet normal 0 0 -1
    outer loop
      vertex 4.50015 -13.257 0
      vertex 3.5507 -2.05 0
      vertex 3.67718 -1.81338 0
    endloop
  endfacet
  facet normal 0 0 -1
    outer loop
      vertex 4.50015 -13.257 0
      vertex 3.40903 -2.27784 0
      vertex 3.5507 -2.05 0
    endloop
  endfacet
  facet normal 0 0 -1
    outer loop
      vertex 4.50015 -13.257 0
      vertex 3.25275 -2.49592 0
      vertex 3.40903 -2.27784 0
    endloop
  endfacet
  facet normal 0 0 -1
    outer loop
      vertex 4.50015 -13.257 0
      vertex 3.08254 -2.70332 0
      vertex 3.25275 -2.49592 0
    endloop
  endfacet
  facet normal 0 0 -1
    outer loop
      vertex 3.04391 -13.6783 0
      vertex 4.19794 -13.3487 0
      vertex 4.20302 -13.3677 0
    endloop
  endfacet
  facet normal 0 0 -1
    outer loop
      vertex 3.03883 -13.6593 0
      vertex 4.19794 -13.3487 0
      vertex 3.04391 -13.6783 0
    endloop
  endfacet
  facet normal 0 0 -1
    outer loop
      vertex 1.06116 -3.9603 0
      vertex 4.19794 -13.3487 0
      vertex 3.03883 -13.6593 0
    endloop
  endfacet
  facet normal 0 0 -1
    outer loop
      vertex 4.50015 -13.257 0
      vertex 2.89914 -2.89914 0
      vertex 3.08254 -2.70332 0
    endloop
  endfacet
  facet normal 0 0 -1
    outer loop
      vertex 0.79987 -4.02122 0
      vertex 3.03883 -13.6593 0
      vertex 2.73126 -13.731 0
    endloop
  endfacet
  facet normal 0 0 -1
    outer loop
      vertex 4.50015 -13.257 0
      vertex 2.70332 -3.08254 0
      vertex 2.89914 -2.89914 0
    endloop
  endfacet
  facet normal 0 0 -1
    outer loop
      vertex 4.50015 -13.257 0
      vertex 2.49592 -3.25275 0
      vertex 2.70332 -3.08254 0
    endloop
  endfacet
  facet normal 0 0 -1
    outer loop
      vertex 4.50015 -13.257 0
      vertex 2.27784 -3.40903 0
      vertex 2.49592 -3.25275 0
    endloop
  endfacet
  facet normal 0 0 -1
    outer loop
      vertex 4.50015 -13.257 0
      vertex 2.05 -3.5507 0
      vertex 2.27784 -3.40903 0
    endloop
  endfacet
  facet normal 0 0 -1
    outer loop
      vertex 0.79987 -4.02122 0
      vertex 2.73126 -13.731 0
      vertex 1.82737 -13.8802 0
    endloop
  endfacet
  facet normal 0 0 -1
    outer loop
      vertex 4.50015 -13.257 0
      vertex 1.81338 -3.67718 0
      vertex 2.05 -3.5507 0
    endloop
  endfacet
  facet normal 0 0 -1
    outer loop
      vertex 4.50015 -13.257 0
      vertex 1.569 -3.78791 0
      vertex 1.81338 -3.67718 0
    endloop
  endfacet
  facet normal 0 0 -1
    outer loop
      vertex 4.50015 -13.257 0
      vertex 1.3179 -3.88241 0
      vertex 1.569 -3.78791 0
    endloop
  endfacet
  facet normal 0 0 -1
    outer loop
      vertex 4.19794 -13.3487 0
      vertex 1.06116 -3.9603 0
      vertex 1.3179 -3.88241 0
    endloop
  endfacet
  facet normal 0 0 -1
    outer loop
      vertex 0.535157 -4.06492 0
      vertex 1.82737 -13.8802 0
      vertex 0.915644 -13.97 0
    endloop
  endfacet
  facet normal 0 0 -1
    outer loop
      vertex 3.03883 -13.6593 0
      vertex 0.79987 -4.02122 0
      vertex 1.06116 -3.9603 0
    endloop
  endfacet
  facet normal 0 0 -1
    outer loop
      vertex 0.535157 -4.06492 0
      vertex 0.915644 -13.97 0
      vertex 0.599999 -13.9804 0
    endloop
  endfacet
  facet normal 0 0 -1
    outer loop
      vertex 1.82737 -13.8802 0
      vertex 0.535157 -4.06492 0
      vertex 0.79987 -4.02122 0
    endloop
  endfacet
  facet normal 0 0 -1
    outer loop
      vertex 4.1 0 0
      vertex 7.00001 -12.1244 0
      vertex 6.47056 -12.4073 0
    endloop
  endfacet
  facet normal 0 0 -1
    outer loop
      vertex 7.00001 -12.1244 0
      vertex 7.50979 -11.8073 0
      vertex 7.51962 -11.8244 0
    endloop
  endfacet
  facet normal 0 0 -1
    outer loop
      vertex 9.46134 -10.3099 0
      vertex 10.3099 -9.46134 0
      vertex 9.47523 -10.3238 0
    endloop
  endfacet
  facet normal 0 0 -1
    outer loop
      vertex 9.47523 -10.3238 0
      vertex 10.3099 -9.46134 0
      vertex 10.3238 -9.47523 0
    endloop
  endfacet
  facet normal 0 0 1
    outer loop
      vertex 12.1244 -7 0
      vertex 12.4073 -6.47056 0
      vertex 12.1244 -6.99999 0
    endloop
  endfacet
  facet normal 0 0 -1
    outer loop
      vertex 12.1244 -6.99999 0
      vertex 12.4073 -6.47056 0
      vertex 12.4244 -6.48038 0
    endloop
  endfacet
  facet normal 0 0 -1
    outer loop
      vertex 13.3487 -4.19794 0
      vertex 13.6593 -3.03883 0
      vertex 13.3677 -4.20302 0
    endloop
  endfacet
  facet normal 0 0 -1
    outer loop
      vertex 13.3677 -4.20302 0
      vertex 13.6593 -3.03883 0
      vertex 13.6783 -3.04391 0
    endloop
  endfacet
  facet normal 0 0 -1
    outer loop
      vertex 13.9804 -0.599999 0
      vertex 14 0.599999 0
      vertex 14 -0.599999 0
    endloop
  endfacet
  facet normal 0 0 -1
    outer loop
      vertex 13.9804 -0.599999 0
      vertex 13.9804 0.599999 0
      vertex 14 0.599999 0
    endloop
  endfacet
  facet normal 0 0 -1
    outer loop
      vertex 4.1 0 0
      vertex 13.97 -0.915644 0
      vertex 13.8802 -1.82737 0
    endloop
  endfacet
  facet normal 0 0 -1
    outer loop
      vertex 13.731 -2.73126 0
      vertex 4.1 0 0
      vertex 13.8802 -1.82737 0
    endloop
  endfacet
  facet normal 0 0 -1
    outer loop
      vertex 13.97 -0.915644 0
      vertex 4.1 0 0
      vertex 13.9804 -0.599999 0
    endloop
  endfacet
  facet normal 0 0 -1
    outer loop
      vertex 4.09122 0.268152 0
      vertex 13.9804 0.599999 0
      vertex 4.1 0 0
    endloop
  endfacet
  facet normal 0 0 -1
    outer loop
      vertex 4.1 0 0
      vertex 13.731 -2.73126 0
      vertex 13.6593 -3.03883 0
    endloop
  endfacet
  facet normal 0 0 -1
    outer loop
      vertex 13.9804 -0.599999 0
      vertex 4.1 0 0
      vertex 13.9804 0.599999 0
    endloop
  endfacet
  facet normal -0 0 -1
    outer loop
      vertex 13.9804 0.599999 0
      vertex 4.09122 0.268152 0
      vertex 13.97 0.915644 0
    endloop
  endfacet
  facet normal -0 0 -1
    outer loop
      vertex 13.97 0.915644 0
      vertex 4.09122 0.268152 0
      vertex 13.8802 1.82737 0
    endloop
  endfacet
  facet normal 0 0 -1
    outer loop
      vertex 13.6593 3.03883 0
      vertex 13.3677 4.20302 0
      vertex 13.6783 3.04391 0
    endloop
  endfacet
  facet normal 0 0 -1
    outer loop
      vertex 4.1 0 0
      vertex 13.6593 -3.03883 0
      vertex 13.3487 -4.19794 0
    endloop
  endfacet
  facet normal 0 0 -1
    outer loop
      vertex 4.06492 0.535157 0
      vertex 13.8802 1.82737 0
      vertex 4.09122 0.268152 0
    endloop
  endfacet
  facet normal 0 0 -1
    outer loop
      vertex 13.6593 3.03883 0
      vertex 13.3487 4.19794 0
      vertex 13.3677 4.20302 0
    endloop
  endfacet
  facet normal 0 0 -1
    outer loop
      vertex 4.1 0 0
      vertex 13.257 -4.50015 0
      vertex 12.9343 -5.35757 0
    endloop
  endfacet
  facet normal 0 0 -1
    outer loop
      vertex 12.5562 -6.19204 0
      vertex 4.1 0 0
      vertex 12.9343 -5.35757 0
    endloop
  endfacet
  facet normal 0 0 -1
    outer loop
      vertex 13.257 -4.50015 0
      vertex 4.1 0 0
      vertex 13.3487 -4.19794 0
    endloop
  endfacet
  facet normal 0 0 -1
    outer loop
      vertex 4.02122 0.79987 0
      vertex 13.731 2.73126 0
      vertex 4.06492 0.535157 0
    endloop
  endfacet
  facet normal 0 0 -1
    outer loop
      vertex 4.1 0 0
      vertex 12.5562 -6.19204 0
      vertex 12.4073 -6.47056 0
    endloop
  endfacet
  facet normal -0 0 -1
    outer loop
      vertex 13.8802 1.82737 0
      vertex 4.06492 0.535157 0
      vertex 13.731 2.73126 0
    endloop
  endfacet
  facet normal -0 0 -1
    outer loop
      vertex 13.731 2.73126 0
      vertex 4.02122 0.79987 0
      vertex 13.6593 3.03883 0
    endloop
  endfacet
  facet normal 0 0 -1
    outer loop
      vertex 3.9603 1.06116 0
      vertex 13.6593 3.03883 0
      vertex 4.02122 0.79987 0
    endloop
  endfacet
  facet normal 0 0 -1
    outer loop
      vertex 12.4073 6.47056 0
      vertex 12.1244 6.99999 0
      vertex 12.4244 6.48038 0
    endloop
  endfacet
  facet normal 0 0 1
    outer loop
      vertex 12.1244 -7.00001 0
      vertex 12.4073 -6.47056 0
      vertex 12.1244 -7 0
    endloop
  endfacet
  facet normal 0 0 -1
    outer loop
      vertex 4.1 0 0
      vertex 12.1244 -7.00001 0
      vertex 11.8073 -7.50979 0
    endloop
  endfacet
  facet normal 0 0 1
    outer loop
      vertex 12.4073 6.47056 0
      vertex 12.1244 7 0
      vertex 12.1244 6.99999 0
    endloop
  endfacet
  facet normal 0 0 -1
    outer loop
      vertex 12.1244 -7.00001 0
      vertex 4.1 0 0
      vertex 12.4073 -6.47056 0
    endloop
  endfacet
  facet normal 0 0 1
    outer loop
      vertex 12.4073 6.47056 0
      vertex 12.1244 7.00001 0
      vertex 12.1244 7 0
    endloop
  endfacet
  facet normal 0 0 -1
    outer loop
      vertex 11.8073 -7.50979 0
      vertex 12.1244 -7.00001 0
      vertex 11.8244 -7.51962 0
    endloop
  endfacet
  facet normal -0 0 -1
    outer loop
      vertex 13.6593 3.03883 0
      vertex 3.9603 1.06116 0
      vertex 13.3487 4.19794 0
    endloop
  endfacet
  facet normal 0 0 -1
    outer loop
      vertex 3.88241 1.3179 0
      vertex 13.3487 4.19794 0
      vertex 3.9603 1.06116 0
    endloop
  endfacet
  facet normal 0 0 -1
    outer loop
      vertex 12.1244 7.00001 0
      vertex 11.8073 7.50979 0
      vertex 11.8244 7.51962 0
    endloop
  endfacet
  facet normal 0 0 -1
    outer loop
      vertex 4.1 0 0
      vertex 11.6406 -7.77798 0
      vertex 11.1069 -8.52266 0
    endloop
  endfacet
  facet normal 0 0 -1
    outer loop
      vertex 10.5258 -9.23084 0
      vertex 4.1 0 0
      vertex 11.1069 -8.52266 0
    endloop
  endfacet
  facet normal 0 0 -1
    outer loop
      vertex 11.6406 -7.77798 0
      vertex 4.1 0 0
      vertex 11.8073 -7.50979 0
    endloop
  endfacet
  facet normal -0 0 -1
    outer loop
      vertex 13.257 4.50015 0
      vertex 3.88241 1.3179 0
      vertex 12.9343 5.35757 0
    endloop
  endfacet
  facet normal 0 0 -1
    outer loop
      vertex 4.1 0 0
      vertex 10.5258 -9.23084 0
      vertex 10.3099 -9.46134 0
    endloop
  endfacet
  facet normal -0 0 -1
    outer loop
      vertex 13.3487 4.19794 0
      vertex 3.88241 1.3179 0
      vertex 13.257 4.50015 0
    endloop
  endfacet
  facet normal 0 0 -1
    outer loop
      vertex 3.78791 1.569 0
      vertex 12.9343 5.35757 0
      vertex 3.88241 1.3179 0
    endloop
  endfacet
  facet normal -0 0 -1
    outer loop
      vertex 12.9343 5.35757 0
      vertex 3.78791 1.569 0
      vertex 12.5562 6.19204 0
    endloop
  endfacet
  facet normal 0 0 -1
    outer loop
      vertex 10.3099 9.46134 0
      vertex 9.47523 10.3238 0
      vertex 10.3238 9.47523 0
    endloop
  endfacet
  facet normal 0 0 -1
    outer loop
      vertex 4.1 0 0
      vertex 10.3099 -9.46134 0
      vertex 9.46134 -10.3099 0
    endloop
  endfacet
  facet normal 0 0 -1
    outer loop
      vertex 3.67718 1.81338 0
      vertex 12.5562 6.19204 0
      vertex 3.78791 1.569 0
    endloop
  endfacet
  facet normal 0 0 -1
    outer loop
      vertex 10.3099 9.46134 0
      vertex 9.46134 10.3099 0
      vertex 9.47523 10.3238 0
    endloop
  endfacet
  facet normal 0 0 -1
    outer loop
      vertex 4.1 0 0
      vertex 9.23084 -10.5258 0
      vertex 8.52266 -11.1069 0
    endloop
  endfacet
  facet normal 0 0 -1
    outer loop
      vertex 7.77798 -11.6406 0
      vertex 4.1 0 0
      vertex 8.52266 -11.1069 0
    endloop
  endfacet
  facet normal 0 0 -1
    outer loop
      vertex 9.23084 -10.5258 0
      vertex 4.1 0 0
      vertex 9.46134 -10.3099 0
    endloop
  endfacet
  facet normal 0 0 -1
    outer loop
      vertex 3.5507 2.05 0
      vertex 12.4073 6.47056 0
      vertex 3.67718 1.81338 0
    endloop
  endfacet
  facet normal 0 0 -1
    outer loop
      vertex 4.1 0 0
      vertex 7.77798 -11.6406 0
      vertex 7.50979 -11.8073 0
    endloop
  endfacet
  facet normal -0 0 -1
    outer loop
      vertex 12.5562 6.19204 0
      vertex 3.67718 1.81338 0
      vertex 12.4073 6.47056 0
    endloop
  endfacet
  facet normal -0 0 -1
    outer loop
      vertex 12.4073 6.47056 0
      vertex 3.5507 2.05 0
      vertex 12.1244 7.00001 0
    endloop
  endfacet
  facet normal -0 0 -1
    outer loop
      vertex 12.1244 7.00001 0
      vertex 3.5507 2.05 0
      vertex 11.8073 7.50979 0
    endloop
  endfacet
  facet normal 0 0 -1
    outer loop
      vertex 7.50979 11.8073 0
      vertex 7.00001 12.1244 0
      vertex 7.51962 11.8244 0
    endloop
  endfacet
  facet normal 0 0 -1
    outer loop
      vertex 7.00001 -12.1244 0
      vertex 4.1 0 0
      vertex 7.50979 -11.8073 0
    endloop
  endfacet
  facet normal 0 0 1
    outer loop
      vertex 6.47056 -12.4073 0
      vertex 7.00001 -12.1244 0
      vertex 7 -12.1244 0
    endloop
  endfacet
  facet normal 0 0 -1
    outer loop
      vertex 3.40903 2.27784 0
      vertex 11.8073 7.50979 0
      vertex 3.5507 2.05 0
    endloop
  endfacet
  facet normal 0 0 1
    outer loop
      vertex 6.47056 -12.4073 0
      vertex 7 -12.1244 0
      vertex 6.99999 -12.1244 0
    endloop
  endfacet
  facet normal -0 0 -1
    outer loop
      vertex 11.8073 7.50979 0
      vertex 3.40903 2.27784 0
      vertex 11.6406 7.77798 0
    endloop
  endfacet
  facet normal 0 0 -1
    outer loop
      vertex 6.47056 -12.4073 0
      vertex 6.99999 -12.1244 0
      vertex 6.48038 -12.4244 0
    endloop
  endfacet
  facet normal 0 0 1
    outer loop
      vertex 7.00001 12.1244 0
      vertex 6.47056 12.4073 0
      vertex 7 12.1244 0
    endloop
  endfacet
  facet normal 0 0 1
    outer loop
      vertex 7 12.1244 0
      vertex 6.47056 12.4073 0
      vertex 6.99999 12.1244 0
    endloop
  endfacet
  facet normal 0 0 -1
    outer loop
      vertex 6.99999 12.1244 0
      vertex 6.47056 12.4073 0
      vertex 6.48038 12.4244 0
    endloop
  endfacet
  facet normal 0 0 -1
    outer loop
      vertex 4.1 0 0
      vertex 6.19204 -12.5562 0
      vertex 5.35757 -12.9343 0
    endloop
  endfacet
  facet normal 0 0 -1
    outer loop
      vertex 4.50015 -13.257 0
      vertex 4.1 0 0
      vertex 5.35757 -12.9343 0
    endloop
  endfacet
  facet normal 0 0 -1
    outer loop
      vertex 6.19204 -12.5562 0
      vertex 4.1 0 0
      vertex 6.47056 -12.4073 0
    endloop
  endfacet
  facet normal 0 0 -1
    outer loop
      vertex 3.25275 2.49592 0
      vertex 11.1069 8.52266 0
      vertex 3.40903 2.27784 0
    endloop
  endfacet
  facet normal 0 0 -1
    outer loop
      vertex 1.3179 -3.88241 0
      vertex 4.50015 -13.257 0
      vertex 4.19794 -13.3487 0
    endloop
  endfacet
  facet normal -0 0 -1
    outer loop
      vertex 11.6406 7.77798 0
      vertex 3.40903 2.27784 0
      vertex 11.1069 8.52266 0
    endloop
  endfacet
  facet normal -0 0 -1
    outer loop
      vertex 11.1069 8.52266 0
      vertex 3.25275 2.49592 0
      vertex 10.5258 9.23084 0
    endloop
  endfacet
  facet normal 0 0 -1
    outer loop
      vertex 3.08254 2.70332 0
      vertex 10.5258 9.23084 0
      vertex 3.25275 2.49592 0
    endloop
  endfacet
  facet normal 0 0 -1
    outer loop
      vertex 2.89914 2.89914 0
      vertex 10.3099 9.46134 0
      vertex 3.08254 2.70332 0
    endloop
  endfacet
  facet normal -0 0 -1
    outer loop
      vertex 10.3099 9.46134 0
      vertex 2.89914 2.89914 0
      vertex 9.46134 10.3099 0
    endloop
  endfacet
  facet normal 0 0 -1
    outer loop
      vertex 2.70332 3.08254 0
      vertex 9.46134 10.3099 0
      vertex 2.89914 2.89914 0
    endloop
  endfacet
  facet normal -0 0 -1
    outer loop
      vertex 9.46134 10.3099 0
      vertex 2.70332 3.08254 0
      vertex 9.23084 10.5258 0
    endloop
  endfacet
  facet normal -0 0 -1
    outer loop
      vertex 9.23084 10.5258 0
      vertex 2.70332 3.08254 0
      vertex 8.52266 11.1069 0
    endloop
  endfacet
  facet normal 0 0 -1
    outer loop
      vertex 2.49592 3.25275 0
      vertex 8.52266 11.1069 0
      vertex 2.70332 3.08254 0
    endloop
  endfacet
  facet normal -0 0 -1
    outer loop
      vertex 8.52266 11.1069 0
      vertex 2.49592 3.25275 0
      vertex 7.77798 11.6406 0
    endloop
  endfacet
  facet normal 0 0 -1
    outer loop
      vertex 2.27784 3.40903 0
      vertex 7.77798 11.6406 0
      vertex 2.49592 3.25275 0
    endloop
  endfacet
  facet normal -0 0 -1
    outer loop
      vertex 7.77798 11.6406 0
      vertex 2.27784 3.40903 0
      vertex 7.50979 11.8073 0
    endloop
  endfacet
  facet normal 0 0 -1
    outer loop
      vertex 2.05 3.5507 0
      vertex 7.50979 11.8073 0
      vertex 2.27784 3.40903 0
    endloop
  endfacet
  facet normal -0 0 -1
    outer loop
      vertex 7.50979 11.8073 0
      vertex 2.05 3.5507 0
      vertex 7.00001 12.1244 0
    endloop
  endfacet
  facet normal 0 0 -1
    outer loop
      vertex 4.19794 13.3487 0
      vertex 3.04391 13.6783 0
      vertex 4.20302 13.3677 0
    endloop
  endfacet
  facet normal -0 0 -1
    outer loop
      vertex 7.00001 12.1244 0
      vertex 2.05 3.5507 0
      vertex 6.47056 12.4073 0
    endloop
  endfacet
  facet normal 0 0 -1
    outer loop
      vertex 4.19794 13.3487 0
      vertex 3.03883 13.6593 0
      vertex 3.04391 13.6783 0
    endloop
  endfacet
  facet normal 0 0 -1
    outer loop
      vertex 1.81338 3.67718 0
      vertex 6.47056 12.4073 0
      vertex 2.05 3.5507 0
    endloop
  endfacet
  facet normal -0 0 -1
    outer loop
      vertex 6.47056 12.4073 0
      vertex 1.81338 3.67718 0
      vertex 6.19204 12.5562 0
    endloop
  endfacet
  facet normal -0 0 -1
    outer loop
      vertex 6.19204 12.5562 0
      vertex 1.81338 3.67718 0
      vertex 5.35757 12.9343 0
    endloop
  endfacet
  facet normal 0 0 -1
    outer loop
      vertex 1.569 3.78791 0
      vertex 5.35757 12.9343 0
      vertex 1.81338 3.67718 0
    endloop
  endfacet
  facet normal -0 0 -1
    outer loop
      vertex 5.35757 12.9343 0
      vertex 1.569 3.78791 0
      vertex 4.50015 13.257 0
    endloop
  endfacet
  facet normal 0 0 -1
    outer loop
      vertex 1.3179 3.88241 0
      vertex 4.50015 13.257 0
      vertex 1.569 3.78791 0
    endloop
  endfacet
  facet normal -0 0 -1
    outer loop
      vertex 4.50015 13.257 0
      vertex 1.3179 3.88241 0
      vertex 4.19794 13.3487 0
    endloop
  endfacet
  facet normal 0 0 -1
    outer loop
      vertex 1.06116 3.9603 0
      vertex 4.19794 13.3487 0
      vertex 1.3179 3.88241 0
    endloop
  endfacet
  facet normal -0 0 -1
    outer loop
      vertex 4.19794 13.3487 0
      vertex 1.06116 3.9603 0
      vertex 3.03883 13.6593 0
    endloop
  endfacet
  facet normal 0 0 -1
    outer loop
      vertex 0.79987 4.02122 0
      vertex 3.03883 13.6593 0
      vertex 1.06116 3.9603 0
    endloop
  endfacet
  facet normal -0 0 -1
    outer loop
      vertex 3.03883 13.6593 0
      vertex 0.79987 4.02122 0
      vertex 2.73126 13.731 0
    endloop
  endfacet
  facet normal -0 0 -1
    outer loop
      vertex 2.73126 13.731 0
      vertex 0.79987 4.02122 0
      vertex 1.82737 13.8802 0
    endloop
  endfacet
  facet normal 0 0 -1
    outer loop
      vertex 0.535157 4.06492 0
      vertex 1.82737 13.8802 0
      vertex 0.79987 4.02122 0
    endloop
  endfacet
  facet normal -0 0 -1
    outer loop
      vertex 1.82737 13.8802 0
      vertex 0.535157 4.06492 0
      vertex 0.915644 13.97 0
    endloop
  endfacet
  facet normal 0 0 -1
    outer loop
      vertex 0.268152 4.09122 0
      vertex 0.915644 13.97 0
      vertex 0.535157 4.06492 0
    endloop
  endfacet
  facet normal -0 0 -1
    outer loop
      vertex 0.915644 13.97 0
      vertex 0.268152 4.09122 0
      vertex 0.599999 13.9804 0
    endloop
  endfacet
  facet normal 0 0 -1
    outer loop
      vertex 0 4.1 0
      vertex 0.599999 13.9804 0
      vertex 0.268152 4.09122 0
    endloop
  endfacet
  facet normal 0 0 -1
    outer loop
      vertex -0.599999 13.9804 0
      vertex 0.599999 13.9804 0
      vertex 0 4.1 0
    endloop
  endfacet
  facet normal 0 0 -1
    outer loop
      vertex -0.599999 13.9804 0
      vertex 0 4.1 0
      vertex -0.268152 4.09122 0
    endloop
  endfacet
  facet normal 0 0 -1
    outer loop
      vertex -0.599999 13.9804 0
      vertex -0.268152 4.09122 0
      vertex -0.535157 4.06492 0
    endloop
  endfacet
  facet normal 0 0 -1
    outer loop
      vertex 0.599999 13.9804 0
      vertex -0.599999 13.9804 0
      vertex 0.599999 14 0
    endloop
  endfacet
  facet normal -0 0 -1
    outer loop
      vertex 0.599999 14 0
      vertex -0.599999 13.9804 0
      vertex -0.599999 14 0
    endloop
  endfacet
  facet normal 0 0 -1
    outer loop
      vertex -4.1 0 0
      vertex -7.00001 12.1244 0
      vertex -6.47056 12.4073 0
    endloop
  endfacet
  facet normal 0 0 -1
    outer loop
      vertex -7.00001 12.1244 0
      vertex -7.50979 11.8073 0
      vertex -7.51962 11.8244 0
    endloop
  endfacet
  facet normal -0 0 -1
    outer loop
      vertex -9.46134 10.3099 0
      vertex -10.3099 9.46134 0
      vertex -9.47523 10.3238 0
    endloop
  endfacet
  facet normal 0 0 -1
    outer loop
      vertex -9.47523 10.3238 0
      vertex -10.3099 9.46134 0
      vertex -10.3238 9.47523 0
    endloop
  endfacet
  facet normal 0 0 1
    outer loop
      vertex -12.1244 7 0
      vertex -12.4073 6.47056 0
      vertex -12.1244 6.99999 0
    endloop
  endfacet
  facet normal 0 0 -1
    outer loop
      vertex -12.1244 6.99999 0
      vertex -12.4073 6.47056 0
      vertex -12.4244 6.48038 0
    endloop
  endfacet
  facet normal -0 0 -1
    outer loop
      vertex -13.3487 4.19794 0
      vertex -13.6593 3.03883 0
      vertex -13.3677 4.20302 0
    endloop
  endfacet
  facet normal 0 0 -1
    outer loop
      vertex -13.3677 4.20302 0
      vertex -13.6593 3.03883 0
      vertex -13.6783 3.04391 0
    endloop
  endfacet
  facet normal 0 -1 0
    outer loop
      vertex 13.9804 -0.599999 0
      vertex 14 -0.599999 10
      vertex 13.9804 -0.599999 10
    endloop
  endfacet
  facet normal 0 -1 -0
    outer loop
      vertex 14 -0.599999 10
      vertex 13.9804 -0.599999 0
      vertex 14 -0.599999 0
    endloop
  endfacet
  facet normal 0 1 -0
    outer loop
      vertex 14 0.599999 0
      vertex 13.9804 0.599999 10
      vertex 14 0.599999 10
    endloop
  endfacet
  facet normal 0 1 0
    outer loop
      vertex 13.9804 0.599999 10
      vertex 14 0.599999 0
      vertex 13.9804 0.599999 0
    endloop
  endfacet
  facet normal 0.965922 0.258833 0
    outer loop
      vertex 13.6783 3.04391 10
      vertex 13.3677 4.20302 0
      vertex 13.3677 4.20302 10
    endloop
  endfacet
  facet normal 0.965922 0.258833 0
    outer loop
      vertex 13.3677 4.20302 0
      vertex 13.6783 3.04391 10
      vertex 13.6783 3.04391 0
    endloop
  endfacet
  facet normal -0.258296 0.966066 0
    outer loop
      vertex 13.3677 4.20302 0
      vertex 13.3487 4.19794 10
      vertex 13.3677 4.20302 10
    endloop
  endfacet
  facet normal -0.258296 0.966066 0
    outer loop
      vertex 13.3487 4.19794 10
      vertex 13.3677 4.20302 0
      vertex 13.3487 4.19794 0
    endloop
  endfacet
  facet normal 0.258296 -0.966066 0
    outer loop
      vertex 13.6593 3.03883 0
      vertex 13.6783 3.04391 10
      vertex 13.6593 3.03883 10
    endloop
  endfacet
  facet normal 0.258296 -0.966066 0
    outer loop
      vertex 13.6783 3.04391 10
      vertex 13.6593 3.03883 0
      vertex 13.6783 3.04391 0
    endloop
  endfacet
  facet normal 0.866023 0.500004 0
    outer loop
      vertex 12.4244 6.48038 10
      vertex 12.1244 6.99999 0
      vertex 12.1244 6.99999 10
    endloop
  endfacet
  facet normal 0.866023 0.500004 0
    outer loop
      vertex 12.1244 6.99999 0
      vertex 12.4244 6.48038 10
      vertex 12.4244 6.48038 0
    endloop
  endfacet
  facet normal 0.866023 0.500004 0
    outer loop
      vertex 12.1244 7.00001 10
      vertex 11.8244 7.51962 0
      vertex 11.8244 7.51962 10
    endloop
  endfacet
  facet normal 0.866023 0.500004 0
    outer loop
      vertex 11.8244 7.51962 0
      vertex 12.1244 7.00001 10
      vertex 12.1244 7.00001 0
    endloop
  endfacet
  facet normal -0.498376 0.866961 0
    outer loop
      vertex 11.8244 7.51962 0
      vertex 11.8073 7.50979 10
      vertex 11.8244 7.51962 10
    endloop
  endfacet
  facet normal -0.498376 0.866961 0
    outer loop
      vertex 11.8073 7.50979 10
      vertex 11.8244 7.51962 0
      vertex 11.8073 7.50979 0
    endloop
  endfacet
  facet normal 0.497995 -0.86718 0
    outer loop
      vertex 12.4073 6.47056 0
      vertex 12.4244 6.48038 10
      vertex 12.4073 6.47056 10
    endloop
  endfacet
  facet normal 0.497995 -0.86718 0
    outer loop
      vertex 12.4244 6.48038 10
      vertex 12.4073 6.47056 0
      vertex 12.4244 6.48038 0
    endloop
  endfacet
  facet normal 0.707107 0.707107 0
    outer loop
      vertex 10.3238 9.47523 10
      vertex 9.47523 10.3238 0
      vertex 9.47523 10.3238 10
    endloop
  endfacet
  facet normal 0.707107 0.707107 0
    outer loop
      vertex 9.47523 10.3238 0
      vertex 10.3238 9.47523 10
      vertex 10.3238 9.47523 0
    endloop
  endfacet
  facet normal 0.706852 -0.707361 0
    outer loop
      vertex 10.3099 9.46134 10
      vertex 10.3238 9.47523 0
      vertex 10.3238 9.47523 10
    endloop
  endfacet
  facet normal 0.706852 -0.707361 0
    outer loop
      vertex 10.3238 9.47523 0
      vertex 10.3099 9.46134 10
      vertex 10.3099 9.46134 0
    endloop
  endfacet
  facet normal -0.707361 0.706852 0
    outer loop
      vertex 9.46134 10.3099 0
      vertex 9.47523 10.3238 10
      vertex 9.47523 10.3238 0
    endloop
  endfacet
  facet normal -0.707361 0.706852 0
    outer loop
      vertex 9.47523 10.3238 10
      vertex 9.46134 10.3099 0
      vertex 9.46134 10.3099 10
    endloop
  endfacet
  facet normal 0.500004 0.866023 -0
    outer loop
      vertex 7.51962 11.8244 0
      vertex 7.00001 12.1244 10
      vertex 7.51962 11.8244 10
    endloop
  endfacet
  facet normal 0.500004 0.866023 0
    outer loop
      vertex 7.00001 12.1244 10
      vertex 7.51962 11.8244 0
      vertex 7.00001 12.1244 0
    endloop
  endfacet
  facet normal 0.500004 0.866023 -0
    outer loop
      vertex 6.99999 12.1244 0
      vertex 6.48038 12.4244 10
      vertex 6.99999 12.1244 10
    endloop
  endfacet
  facet normal 0.500004 0.866023 0
    outer loop
      vertex 6.48038 12.4244 10
      vertex 6.99999 12.1244 0
      vertex 6.48038 12.4244 0
    endloop
  endfacet
  facet normal 0.866961 -0.498376 0
    outer loop
      vertex 7.50979 11.8073 10
      vertex 7.51962 11.8244 0
      vertex 7.51962 11.8244 10
    endloop
  endfacet
  facet normal 0.866961 -0.498376 0
    outer loop
      vertex 7.51962 11.8244 0
      vertex 7.50979 11.8073 10
      vertex 7.50979 11.8073 0
    endloop
  endfacet
  facet normal -0.86718 0.497995 0
    outer loop
      vertex 6.47056 12.4073 0
      vertex 6.48038 12.4244 10
      vertex 6.48038 12.4244 0
    endloop
  endfacet
  facet normal -0.86718 0.497995 0
    outer loop
      vertex 6.48038 12.4244 10
      vertex 6.47056 12.4073 0
      vertex 6.47056 12.4073 10
    endloop
  endfacet
  facet normal 0.258833 0.965922 -0
    outer loop
      vertex 4.20302 13.3677 0
      vertex 3.04391 13.6783 10
      vertex 4.20302 13.3677 10
    endloop
  endfacet
  facet normal 0.258833 0.965922 0
    outer loop
      vertex 3.04391 13.6783 10
      vertex 4.20302 13.3677 0
      vertex 3.04391 13.6783 0
    endloop
  endfacet
  facet normal -0.966066 0.258296 0
    outer loop
      vertex 3.03883 13.6593 0
      vertex 3.04391 13.6783 10
      vertex 3.04391 13.6783 0
    endloop
  endfacet
  facet normal -0.966066 0.258296 0
    outer loop
      vertex 3.04391 13.6783 10
      vertex 3.03883 13.6593 0
      vertex 3.03883 13.6593 10
    endloop
  endfacet
  facet normal 0.966066 -0.258296 0
    outer loop
      vertex 4.19794 13.3487 10
      vertex 4.20302 13.3677 0
      vertex 4.20302 13.3677 10
    endloop
  endfacet
  facet normal 0.966066 -0.258296 0
    outer loop
      vertex 4.20302 13.3677 0
      vertex 4.19794 13.3487 10
      vertex 4.19794 13.3487 0
    endloop
  endfacet
  facet normal 0 1 -0
    outer loop
      vertex 0.599999 14 0
      vertex -0.599999 14 10
      vertex 0.599999 14 10
    endloop
  endfacet
  facet normal 0 1 0
    outer loop
      vertex -0.599999 14 10
      vertex 0.599999 14 0
      vertex -0.599999 14 0
    endloop
  endfacet
  facet normal 1 -0 0
    outer loop
      vertex 0.599999 13.9804 10
      vertex 0.599999 14 0
      vertex 0.599999 14 10
    endloop
  endfacet
  facet normal 1 0 0
    outer loop
      vertex 0.599999 14 0
      vertex 0.599999 13.9804 10
      vertex 0.599999 13.9804 0
    endloop
  endfacet
  facet normal -1 0 0
    outer loop
      vertex -0.599999 13.9804 0
      vertex -0.599999 14 10
      vertex -0.599999 14 0
    endloop
  endfacet
  facet normal -1 -0 0
    outer loop
      vertex -0.599999 14 10
      vertex -0.599999 13.9804 0
      vertex -0.599999 13.9804 10
    endloop
  endfacet
  facet normal -0.258833 0.965922 0
    outer loop
      vertex -3.04391 13.6783 0
      vertex -4.20302 13.3677 10
      vertex -3.04391 13.6783 10
    endloop
  endfacet
  facet normal -0.258833 0.965922 0
    outer loop
      vertex -4.20302 13.3677 10
      vertex -3.04391 13.6783 0
      vertex -4.20302 13.3677 0
    endloop
  endfacet
  facet normal 0.966066 0.258296 0
    outer loop
      vertex -3.03883 13.6593 10
      vertex -3.04391 13.6783 0
      vertex -3.04391 13.6783 10
    endloop
  endfacet
  facet normal 0.966066 0.258296 0
    outer loop
      vertex -3.04391 13.6783 0
      vertex -3.03883 13.6593 10
      vertex -3.03883 13.6593 0
    endloop
  endfacet
  facet normal -0.966066 -0.258296 0
    outer loop
      vertex -4.19794 13.3487 0
      vertex -4.20302 13.3677 10
      vertex -4.20302 13.3677 0
    endloop
  endfacet
  facet normal -0.966066 -0.258296 0
    outer loop
      vertex -4.20302 13.3677 10
      vertex -4.19794 13.3487 0
      vertex -4.19794 13.3487 10
    endloop
  endfacet
  facet normal -0.500004 0.866023 0
    outer loop
      vertex -6.48038 12.4244 0
      vertex -6.99999 12.1244 10
      vertex -6.48038 12.4244 10
    endloop
  endfacet
  facet normal -0.500004 0.866023 0
    outer loop
      vertex -6.99999 12.1244 10
      vertex -6.48038 12.4244 0
      vertex -6.99999 12.1244 0
    endloop
  endfacet
  facet normal -0.500004 0.866023 0
    outer loop
      vertex -7.00001 12.1244 0
      vertex -7.51962 11.8244 10
      vertex -7.00001 12.1244 10
    endloop
  endfacet
  facet normal -0.500004 0.866023 0
    outer loop
      vertex -7.51962 11.8244 10
      vertex -7.00001 12.1244 0
      vertex -7.51962 11.8244 0
    endloop
  endfacet
  facet normal 0.86718 0.497995 0
    outer loop
      vertex -6.47056 12.4073 10
      vertex -6.48038 12.4244 0
      vertex -6.48038 12.4244 10
    endloop
  endfacet
  facet normal 0.86718 0.497995 0
    outer loop
      vertex -6.48038 12.4244 0
      vertex -6.47056 12.4073 10
      vertex -6.47056 12.4073 0
    endloop
  endfacet
  facet normal -0.866961 -0.498376 0
    outer loop
      vertex -7.50979 11.8073 0
      vertex -7.51962 11.8244 10
      vertex -7.51962 11.8244 0
    endloop
  endfacet
  facet normal -0.866961 -0.498376 0
    outer loop
      vertex -7.51962 11.8244 10
      vertex -7.50979 11.8073 0
      vertex -7.50979 11.8073 10
    endloop
  endfacet
  facet normal -0.707107 0.707107 0
    outer loop
      vertex -10.3238 9.47523 0
      vertex -9.47523 10.3238 10
      vertex -9.47523 10.3238 0
    endloop
  endfacet
  facet normal -0.707107 0.707107 0
    outer loop
      vertex -9.47523 10.3238 10
      vertex -10.3238 9.47523 0
      vertex -10.3238 9.47523 10
    endloop
  endfacet
  facet normal 0.707361 0.706852 0
    outer loop
      vertex -9.46134 10.3099 10
      vertex -9.47523 10.3238 0
      vertex -9.47523 10.3238 10
    endloop
  endfacet
  facet normal 0.707361 0.706852 0
    outer loop
      vertex -9.47523 10.3238 0
      vertex -9.46134 10.3099 10
      vertex -9.46134 10.3099 0
    endloop
  endfacet
  facet normal -0.706852 -0.707361 0
    outer loop
      vertex -10.3099 9.46134 0
      vertex -10.3238 9.47523 10
      vertex -10.3238 9.47523 0
    endloop
  endfacet
  facet normal -0.706852 -0.707361 0
    outer loop
      vertex -10.3238 9.47523 10
      vertex -10.3099 9.46134 0
      vertex -10.3099 9.46134 10
    endloop
  endfacet
  facet normal -0.866023 0.500004 0
    outer loop
      vertex -12.1244 7.00001 0
      vertex -11.8244 7.51962 10
      vertex -11.8244 7.51962 0
    endloop
  endfacet
  facet normal -0.866023 0.500004 0
    outer loop
      vertex -11.8244 7.51962 10
      vertex -12.1244 7.00001 0
      vertex -12.1244 7.00001 10
    endloop
  endfacet
  facet normal -0.866023 0.500004 0
    outer loop
      vertex -12.4244 6.48038 0
      vertex -12.1244 6.99999 10
      vertex -12.1244 6.99999 0
    endloop
  endfacet
  facet normal -0.866023 0.500004 0
    outer loop
      vertex -12.1244 6.99999 10
      vertex -12.4244 6.48038 0
      vertex -12.4244 6.48038 10
    endloop
  endfacet
  facet normal 0.498376 0.866961 -0
    outer loop
      vertex -11.8073 7.50979 0
      vertex -11.8244 7.51962 10
      vertex -11.8073 7.50979 10
    endloop
  endfacet
  facet normal 0.498376 0.866961 0
    outer loop
      vertex -11.8244 7.51962 10
      vertex -11.8073 7.50979 0
      vertex -11.8244 7.51962 0
    endloop
  endfacet
  facet normal -0.497995 -0.86718 0
    outer loop
      vertex -12.4244 6.48038 0
      vertex -12.4073 6.47056 10
      vertex -12.4244 6.48038 10
    endloop
  endfacet
  facet normal -0.497995 -0.86718 -0
    outer loop
      vertex -12.4073 6.47056 10
      vertex -12.4244 6.48038 0
      vertex -12.4073 6.47056 0
    endloop
  endfacet
  facet normal -0.965922 0.258833 0
    outer loop
      vertex -13.6783 3.04391 0
      vertex -13.3677 4.20302 10
      vertex -13.3677 4.20302 0
    endloop
  endfacet
  facet normal -0.965922 0.258833 0
    outer loop
      vertex -13.3677 4.20302 10
      vertex -13.6783 3.04391 0
      vertex -13.6783 3.04391 10
    endloop
  endfacet
  facet normal 0.258296 0.966066 -0
    outer loop
      vertex -13.3487 4.19794 0
      vertex -13.3677 4.20302 10
      vertex -13.3487 4.19794 10
    endloop
  endfacet
  facet normal 0.258296 0.966066 0
    outer loop
      vertex -13.3677 4.20302 10
      vertex -13.3487 4.19794 0
      vertex -13.3677 4.20302 0
    endloop
  endfacet
  facet normal -0.258296 -0.966066 0
    outer loop
      vertex -13.6783 3.04391 0
      vertex -13.6593 3.03883 10
      vertex -13.6783 3.04391 10
    endloop
  endfacet
  facet normal -0.258296 -0.966066 -0
    outer loop
      vertex -13.6593 3.03883 10
      vertex -13.6783 3.04391 0
      vertex -13.6593 3.03883 0
    endloop
  endfacet
  facet normal -1 0 0
    outer loop
      vertex -14 -0.599999 0
      vertex -14 0.599999 10
      vertex -14 0.599999 0
    endloop
  endfacet
  facet normal -1 -0 0
    outer loop
      vertex -14 0.599999 10
      vertex -14 -0.599999 0
      vertex -14 -0.599999 10
    endloop
  endfacet
  facet normal 0 1 -0
    outer loop
      vertex -13.9804 0.599999 0
      vertex -14 0.599999 10
      vertex -13.9804 0.599999 10
    endloop
  endfacet
  facet normal 0 1 0
    outer loop
      vertex -14 0.599999 10
      vertex -13.9804 0.599999 0
      vertex -14 0.599999 0
    endloop
  endfacet
  facet normal 0 -1 0
    outer loop
      vertex -14 -0.599999 0
      vertex -13.9804 -0.599999 10
      vertex -14 -0.599999 10
    endloop
  endfacet
  facet normal 0 -1 -0
    outer loop
      vertex -13.9804 -0.599999 10
      vertex -14 -0.599999 0
      vertex -13.9804 -0.599999 0
    endloop
  endfacet
  facet normal -0.965922 -0.258833 0
    outer loop
      vertex -13.3677 -4.20302 0
      vertex -13.6783 -3.04391 10
      vertex -13.6783 -3.04391 0
    endloop
  endfacet
  facet normal -0.965922 -0.258833 0
    outer loop
      vertex -13.6783 -3.04391 10
      vertex -13.3677 -4.20302 0
      vertex -13.3677 -4.20302 10
    endloop
  endfacet
  facet normal -0.258296 0.966066 0
    outer loop
      vertex -13.6593 -3.03883 0
      vertex -13.6783 -3.04391 10
      vertex -13.6593 -3.03883 10
    endloop
  endfacet
  facet normal -0.258296 0.966066 0
    outer loop
      vertex -13.6783 -3.04391 10
      vertex -13.6593 -3.03883 0
      vertex -13.6783 -3.04391 0
    endloop
  endfacet
  facet normal 0.258296 -0.966066 0
    outer loop
      vertex -13.3677 -4.20302 0
      vertex -13.3487 -4.19794 10
      vertex -13.3677 -4.20302 10
    endloop
  endfacet
  facet normal 0.258296 -0.966066 0
    outer loop
      vertex -13.3487 -4.19794 10
      vertex -13.3677 -4.20302 0
      vertex -13.3487 -4.19794 0
    endloop
  endfacet
  facet normal -0.866023 -0.500004 0
    outer loop
      vertex -12.1244 -6.99999 0
      vertex -12.4244 -6.48038 10
      vertex -12.4244 -6.48038 0
    endloop
  endfacet
  facet normal -0.866023 -0.500004 0
    outer loop
      vertex -12.4244 -6.48038 10
      vertex -12.1244 -6.99999 0
      vertex -12.1244 -6.99999 10
    endloop
  endfacet
  facet normal -0.866023 -0.500004 0
    outer loop
      vertex -11.8244 -7.51962 0
      vertex -12.1244 -7.00001 10
      vertex -12.1244 -7.00001 0
    endloop
  endfacet
  facet normal -0.866023 -0.500004 0
    outer loop
      vertex -12.1244 -7.00001 10
      vertex -11.8244 -7.51962 0
      vertex -11.8244 -7.51962 10
    endloop
  endfacet
  facet normal -0.497995 0.86718 0
    outer loop
      vertex -12.4073 -6.47056 0
      vertex -12.4244 -6.48038 10
      vertex -12.4073 -6.47056 10
    endloop
  endfacet
  facet normal -0.497995 0.86718 0
    outer loop
      vertex -12.4244 -6.48038 10
      vertex -12.4073 -6.47056 0
      vertex -12.4244 -6.48038 0
    endloop
  endfacet
  facet normal 0.498376 -0.866961 0
    outer loop
      vertex -11.8244 -7.51962 0
      vertex -11.8073 -7.50979 10
      vertex -11.8244 -7.51962 10
    endloop
  endfacet
  facet normal 0.498376 -0.866961 0
    outer loop
      vertex -11.8073 -7.50979 10
      vertex -11.8244 -7.51962 0
      vertex -11.8073 -7.50979 0
    endloop
  endfacet
  facet normal -0.707107 -0.707107 0
    outer loop
      vertex -9.47523 -10.3238 0
      vertex -10.3238 -9.47523 10
      vertex -10.3238 -9.47523 0
    endloop
  endfacet
  facet normal -0.707107 -0.707107 0
    outer loop
      vertex -10.3238 -9.47523 10
      vertex -9.47523 -10.3238 0
      vertex -9.47523 -10.3238 10
    endloop
  endfacet
  facet normal -0.706852 0.707361 0
    outer loop
      vertex -10.3238 -9.47523 0
      vertex -10.3099 -9.46134 10
      vertex -10.3099 -9.46134 0
    endloop
  endfacet
  facet normal -0.706852 0.707361 0
    outer loop
      vertex -10.3099 -9.46134 10
      vertex -10.3238 -9.47523 0
      vertex -10.3238 -9.47523 10
    endloop
  endfacet
  facet normal 0.707361 -0.706852 0
    outer loop
      vertex -9.47523 -10.3238 10
      vertex -9.46134 -10.3099 0
      vertex -9.46134 -10.3099 10
    endloop
  endfacet
  facet normal 0.707361 -0.706852 0
    outer loop
      vertex -9.46134 -10.3099 0
      vertex -9.47523 -10.3238 10
      vertex -9.47523 -10.3238 0
    endloop
  endfacet
  facet normal -0.500004 -0.866023 0
    outer loop
      vertex -7.51962 -11.8244 0
      vertex -7.00001 -12.1244 10
      vertex -7.51962 -11.8244 10
    endloop
  endfacet
  facet normal -0.500004 -0.866023 -0
    outer loop
      vertex -7.00001 -12.1244 10
      vertex -7.51962 -11.8244 0
      vertex -7.00001 -12.1244 0
    endloop
  endfacet
  facet normal -0.500004 -0.866023 0
    outer loop
      vertex -6.99999 -12.1244 0
      vertex -6.48038 -12.4244 10
      vertex -6.99999 -12.1244 10
    endloop
  endfacet
  facet normal -0.500004 -0.866023 -0
    outer loop
      vertex -6.48038 -12.4244 10
      vertex -6.99999 -12.1244 0
      vertex -6.48038 -12.4244 0
    endloop
  endfacet
  facet normal -0.866961 0.498376 0
    outer loop
      vertex -7.51962 -11.8244 0
      vertex -7.50979 -11.8073 10
      vertex -7.50979 -11.8073 0
    endloop
  endfacet
  facet normal -0.866961 0.498376 0
    outer loop
      vertex -7.50979 -11.8073 10
      vertex -7.51962 -11.8244 0
      vertex -7.51962 -11.8244 10
    endloop
  endfacet
  facet normal 0.86718 -0.497995 0
    outer loop
      vertex -6.48038 -12.4244 10
      vertex -6.47056 -12.4073 0
      vertex -6.47056 -12.4073 10
    endloop
  endfacet
  facet normal 0.86718 -0.497995 0
    outer loop
      vertex -6.47056 -12.4073 0
      vertex -6.48038 -12.4244 10
      vertex -6.48038 -12.4244 0
    endloop
  endfacet
  facet normal -0.258833 -0.965922 0
    outer loop
      vertex -4.20302 -13.3677 0
      vertex -3.04391 -13.6783 10
      vertex -4.20302 -13.3677 10
    endloop
  endfacet
  facet normal -0.258833 -0.965922 -0
    outer loop
      vertex -3.04391 -13.6783 10
      vertex -4.20302 -13.3677 0
      vertex -3.04391 -13.6783 0
    endloop
  endfacet
  facet normal -0.966066 0.258296 0
    outer loop
      vertex -4.20302 -13.3677 0
      vertex -4.19794 -13.3487 10
      vertex -4.19794 -13.3487 0
    endloop
  endfacet
  facet normal -0.966066 0.258296 0
    outer loop
      vertex -4.19794 -13.3487 10
      vertex -4.20302 -13.3677 0
      vertex -4.20302 -13.3677 10
    endloop
  endfacet
  facet normal 0.966066 -0.258296 0
    outer loop
      vertex -3.04391 -13.6783 10
      vertex -3.03883 -13.6593 0
      vertex -3.03883 -13.6593 10
    endloop
  endfacet
  facet normal 0.966066 -0.258296 0
    outer loop
      vertex -3.03883 -13.6593 0
      vertex -3.04391 -13.6783 10
      vertex -3.04391 -13.6783 0
    endloop
  endfacet
  facet normal 0 -1 0
    outer loop
      vertex -0.599999 -14 10
      vertex 0 -14 6.3
      vertex 0.599999 -14 10
    endloop
  endfacet
  facet normal 0 -1 0
    outer loop
      vertex -0.599999 -14 10
      vertex -0.0850239 -14 6.29722
      vertex 0 -14 6.3
    endloop
  endfacet
  facet normal 0 -1 0
    outer loop
      vertex -0.599999 -14 10
      vertex -0.169683 -14 6.28888
      vertex -0.0850239 -14 6.29722
    endloop
  endfacet
  facet normal 0 -1 0
    outer loop
      vertex -0.599999 -14 10
      vertex -0.253617 -14 6.27502
      vertex -0.169683 -14 6.28888
    endloop
  endfacet
  facet normal 0 -1 0
    outer loop
      vertex -0.599999 -14 10
      vertex -0.336464 -14 6.2557
      vertex -0.253617 -14 6.27502
    endloop
  endfacet
  facet normal 0 -1 0
    outer loop
      vertex -0.599999 -14 10
      vertex -0.417871 -14 6.23101
      vertex -0.336464 -14 6.2557
    endloop
  endfacet
  facet normal 0 -1 0
    outer loop
      vertex -0.599999 -14 10
      vertex -0.497488 -14 6.20104
      vertex -0.417871 -14 6.23101
    endloop
  endfacet
  facet normal 0 -1 0
    outer loop
      vertex -0.599999 -14 10
      vertex -0.574975 -14 6.16593
      vertex -0.497488 -14 6.20104
    endloop
  endfacet
  facet normal -0 -1 0
    outer loop
      vertex -0.574975 -14 6.16593
      vertex -0.599999 -14 10
      vertex -0.599999 -14 6.15256
    endloop
  endfacet
  facet normal 0 -1 0
    outer loop
      vertex 0.0850239 -14 6.29722
      vertex 0.599999 -14 10
      vertex 0 -14 6.3
    endloop
  endfacet
  facet normal 0 -1 0
    outer loop
      vertex 0.169683 -14 6.28888
      vertex 0.599999 -14 10
      vertex 0.0850239 -14 6.29722
    endloop
  endfacet
  facet normal 0 -1 0
    outer loop
      vertex 0.253617 -14 6.27502
      vertex 0.599999 -14 10
      vertex 0.169683 -14 6.28888
    endloop
  endfacet
  facet normal 0 -1 0
    outer loop
      vertex 0.336464 -14 6.2557
      vertex 0.599999 -14 10
      vertex 0.253617 -14 6.27502
    endloop
  endfacet
  facet normal 0 -1 0
    outer loop
      vertex 0.417871 -14 6.23101
      vertex 0.599999 -14 10
      vertex 0.336464 -14 6.2557
    endloop
  endfacet
  facet normal 0 -1 0
    outer loop
      vertex 0.497488 -14 6.20104
      vertex 0.599999 -14 10
      vertex 0.417871 -14 6.23101
    endloop
  endfacet
  facet normal 0 -1 0
    outer loop
      vertex 0.574975 -14 6.16593
      vertex 0.599999 -14 10
      vertex 0.497488 -14 6.20104
    endloop
  endfacet
  facet normal 0 -1 -0
    outer loop
      vertex 0.599999 -14 10
      vertex 0.574975 -14 6.16593
      vertex 0.599999 -14 6.15256
    endloop
  endfacet
  facet normal 0 -1 -0
    outer loop
      vertex -0.0850239 -14 3.70278
      vertex -0.599999 -14 0
      vertex 0 -14 3.7
    endloop
  endfacet
  facet normal 0 -1 -0
    outer loop
      vertex -0.169683 -14 3.71112
      vertex -0.599999 -14 0
      vertex -0.0850239 -14 3.70278
    endloop
  endfacet
  facet normal 0 -1 -0
    outer loop
      vertex -0.253617 -14 3.72498
      vertex -0.599999 -14 0
      vertex -0.169683 -14 3.71112
    endloop
  endfacet
  facet normal 0 -1 -0
    outer loop
      vertex -0.336464 -14 3.7443
      vertex -0.599999 -14 0
      vertex -0.253617 -14 3.72498
    endloop
  endfacet
  facet normal 0 -1 -0
    outer loop
      vertex -0.417871 -14 3.76899
      vertex -0.599999 -14 0
      vertex -0.336464 -14 3.7443
    endloop
  endfacet
  facet normal 0 -1 -0
    outer loop
      vertex -0.497488 -14 3.79896
      vertex -0.599999 -14 0
      vertex -0.417871 -14 3.76899
    endloop
  endfacet
  facet normal 0 -1 -0
    outer loop
      vertex -0.574975 -14 3.83406
      vertex -0.599999 -14 0
      vertex -0.497488 -14 3.79896
    endloop
  endfacet
  facet normal 0 -1 0
    outer loop
      vertex -0.599999 -14 0
      vertex -0.574975 -14 3.83406
      vertex -0.599999 -14 3.84744
    endloop
  endfacet
  facet normal 0 -1 0
    outer loop
      vertex 0.599999 -14 0
      vertex 0 -14 3.7
      vertex -0.599999 -14 0
    endloop
  endfacet
  facet normal 0 -1 0
    outer loop
      vertex 0 -14 3.7
      vertex 0.599999 -14 0
      vertex 0.0850239 -14 3.70278
    endloop
  endfacet
  facet normal 0 -1 0
    outer loop
      vertex 0.0850239 -14 3.70278
      vertex 0.599999 -14 0
      vertex 0.169683 -14 3.71112
    endloop
  endfacet
  facet normal 0 -1 0
    outer loop
      vertex 0.169683 -14 3.71112
      vertex 0.599999 -14 0
      vertex 0.253617 -14 3.72498
    endloop
  endfacet
  facet normal 0 -1 0
    outer loop
      vertex 0.253617 -14 3.72498
      vertex 0.599999 -14 0
      vertex 0.336464 -14 3.7443
    endloop
  endfacet
  facet normal 0 -1 0
    outer loop
      vertex 0.336464 -14 3.7443
      vertex 0.599999 -14 0
      vertex 0.417871 -14 3.76899
    endloop
  endfacet
  facet normal 0 -1 0
    outer loop
      vertex 0.417871 -14 3.76899
      vertex 0.599999 -14 0
      vertex 0.497488 -14 3.79896
    endloop
  endfacet
  facet normal 0 -1 0
    outer loop
      vertex 0.497488 -14 3.79896
      vertex 0.599999 -14 0
      vertex 0.574975 -14 3.83406
    endloop
  endfacet
  facet normal 0 -1 0
    outer loop
      vertex 0.574975 -14 3.83406
      vertex 0.599999 -14 0
      vertex 0.599999 -14 3.84744
    endloop
  endfacet
  facet normal -1 0 0
    outer loop
      vertex -0.599999 -14 6.15256
      vertex -0.599999 -13.9804 10
      vertex -0.599999 -13.9804 6.15256
    endloop
  endfacet
  facet normal -1 -0 0
    outer loop
      vertex -0.599999 -13.9804 10
      vertex -0.599999 -14 6.15256
      vertex -0.599999 -14 10
    endloop
  endfacet
  facet normal -1 0 0
    outer loop
      vertex -0.599999 -14 0
      vertex -0.599999 -13.9804 3.84744
      vertex -0.599999 -13.9804 0
    endloop
  endfacet
  facet normal -1 -0 0
    outer loop
      vertex -0.599999 -13.9804 3.84744
      vertex -0.599999 -14 0
      vertex -0.599999 -14 3.84744
    endloop
  endfacet
  facet normal 1 -0 0
    outer loop
      vertex 0.599999 -14 3.84744
      vertex 0.599999 -13.9804 0
      vertex 0.599999 -13.9804 3.84744
    endloop
  endfacet
  facet normal 1 0 0
    outer loop
      vertex 0.599999 -13.9804 0
      vertex 0.599999 -14 3.84744
      vertex 0.599999 -14 0
    endloop
  endfacet
  facet normal 1 -0 0
    outer loop
      vertex 0.599999 -14 10
      vertex 0.599999 -13.9804 6.15256
      vertex 0.599999 -13.9804 10
    endloop
  endfacet
  facet normal 1 0 0
    outer loop
      vertex 0.599999 -13.9804 6.15256
      vertex 0.599999 -14 10
      vertex 0.599999 -14 6.15256
    endloop
  endfacet
  facet normal 0.258833 -0.965922 0
    outer loop
      vertex 3.04391 -13.6783 0
      vertex 4.20302 -13.3677 10
      vertex 3.04391 -13.6783 10
    endloop
  endfacet
  facet normal 0.258833 -0.965922 0
    outer loop
      vertex 4.20302 -13.3677 10
      vertex 3.04391 -13.6783 0
      vertex 4.20302 -13.3677 0
    endloop
  endfacet
  facet normal -0.966066 -0.258296 0
    outer loop
      vertex 3.04391 -13.6783 0
      vertex 3.03883 -13.6593 10
      vertex 3.03883 -13.6593 0
    endloop
  endfacet
  facet normal -0.966066 -0.258296 0
    outer loop
      vertex 3.03883 -13.6593 10
      vertex 3.04391 -13.6783 0
      vertex 3.04391 -13.6783 10
    endloop
  endfacet
  facet normal 0.966066 0.258296 0
    outer loop
      vertex 4.20302 -13.3677 10
      vertex 4.19794 -13.3487 0
      vertex 4.19794 -13.3487 10
    endloop
  endfacet
  facet normal 0.966066 0.258296 0
    outer loop
      vertex 4.19794 -13.3487 0
      vertex 4.20302 -13.3677 10
      vertex 4.20302 -13.3677 0
    endloop
  endfacet
  facet normal 0.500004 -0.866023 0
    outer loop
      vertex 6.48038 -12.4244 0
      vertex 6.99999 -12.1244 10
      vertex 6.48038 -12.4244 10
    endloop
  endfacet
  facet normal 0.500004 -0.866023 0
    outer loop
      vertex 6.99999 -12.1244 10
      vertex 6.48038 -12.4244 0
      vertex 6.99999 -12.1244 0
    endloop
  endfacet
  facet normal 0.500004 -0.866023 0
    outer loop
      vertex 7.00001 -12.1244 0
      vertex 7.51962 -11.8244 10
      vertex 7.00001 -12.1244 10
    endloop
  endfacet
  facet normal 0.500004 -0.866023 0
    outer loop
      vertex 7.51962 -11.8244 10
      vertex 7.00001 -12.1244 0
      vertex 7.51962 -11.8244 0
    endloop
  endfacet
  facet normal 0.866961 0.498376 0
    outer loop
      vertex 7.51962 -11.8244 10
      vertex 7.50979 -11.8073 0
      vertex 7.50979 -11.8073 10
    endloop
  endfacet
  facet normal 0.866961 0.498376 0
    outer loop
      vertex 7.50979 -11.8073 0
      vertex 7.51962 -11.8244 10
      vertex 7.51962 -11.8244 0
    endloop
  endfacet
  facet normal -0.86718 -0.497995 0
    outer loop
      vertex 6.48038 -12.4244 0
      vertex 6.47056 -12.4073 10
      vertex 6.47056 -12.4073 0
    endloop
  endfacet
  facet normal -0.86718 -0.497995 0
    outer loop
      vertex 6.47056 -12.4073 10
      vertex 6.48038 -12.4244 0
      vertex 6.48038 -12.4244 10
    endloop
  endfacet
  facet normal 0.707107 -0.707107 0
    outer loop
      vertex 9.47523 -10.3238 10
      vertex 10.3238 -9.47523 0
      vertex 10.3238 -9.47523 10
    endloop
  endfacet
  facet normal 0.707107 -0.707107 0
    outer loop
      vertex 10.3238 -9.47523 0
      vertex 9.47523 -10.3238 10
      vertex 9.47523 -10.3238 0
    endloop
  endfacet
  facet normal 0.706852 0.707361 0
    outer loop
      vertex 10.3238 -9.47523 10
      vertex 10.3099 -9.46134 0
      vertex 10.3099 -9.46134 10
    endloop
  endfacet
  facet normal 0.706852 0.707361 0
    outer loop
      vertex 10.3099 -9.46134 0
      vertex 10.3238 -9.47523 10
      vertex 10.3238 -9.47523 0
    endloop
  endfacet
  facet normal -0.707361 -0.706852 0
    outer loop
      vertex 9.47523 -10.3238 0
      vertex 9.46134 -10.3099 10
      vertex 9.46134 -10.3099 0
    endloop
  endfacet
  facet normal -0.707361 -0.706852 0
    outer loop
      vertex 9.46134 -10.3099 10
      vertex 9.47523 -10.3238 0
      vertex 9.47523 -10.3238 10
    endloop
  endfacet
  facet normal 0.866023 -0.500004 0
    outer loop
      vertex 11.8244 -7.51962 10
      vertex 12.1244 -7.00001 0
      vertex 12.1244 -7.00001 10
    endloop
  endfacet
  facet normal 0.866023 -0.500004 0
    outer loop
      vertex 12.1244 -7.00001 0
      vertex 11.8244 -7.51962 10
      vertex 11.8244 -7.51962 0
    endloop
  endfacet
  facet normal 0.866023 -0.500004 0
    outer loop
      vertex 12.1244 -6.99999 10
      vertex 12.4244 -6.48038 0
      vertex 12.4244 -6.48038 10
    endloop
  endfacet
  facet normal 0.866023 -0.500004 0
    outer loop
      vertex 12.4244 -6.48038 0
      vertex 12.1244 -6.99999 10
      vertex 12.1244 -6.99999 0
    endloop
  endfacet
  facet normal -0.498376 -0.866961 0
    outer loop
      vertex 11.8073 -7.50979 0
      vertex 11.8244 -7.51962 10
      vertex 11.8073 -7.50979 10
    endloop
  endfacet
  facet normal -0.498376 -0.866961 -0
    outer loop
      vertex 11.8244 -7.51962 10
      vertex 11.8073 -7.50979 0
      vertex 11.8244 -7.51962 0
    endloop
  endfacet
  facet normal 0.497995 0.86718 -0
    outer loop
      vertex 12.4244 -6.48038 0
      vertex 12.4073 -6.47056 10
      vertex 12.4244 -6.48038 10
    endloop
  endfacet
  facet normal 0.497995 0.86718 0
    outer loop
      vertex 12.4073 -6.47056 10
      vertex 12.4244 -6.48038 0
      vertex 12.4073 -6.47056 0
    endloop
  endfacet
  facet normal 0.965922 -0.258833 0
    outer loop
      vertex 13.3677 -4.20302 10
      vertex 13.6783 -3.04391 0
      vertex 13.6783 -3.04391 10
    endloop
  endfacet
  facet normal 0.965922 -0.258833 0
    outer loop
      vertex 13.6783 -3.04391 0
      vertex 13.3677 -4.20302 10
      vertex 13.3677 -4.20302 0
    endloop
  endfacet
  facet normal 0.258296 0.966066 -0
    outer loop
      vertex 13.6783 -3.04391 0
      vertex 13.6593 -3.03883 10
      vertex 13.6783 -3.04391 10
    endloop
  endfacet
  facet normal 0.258296 0.966066 0
    outer loop
      vertex 13.6593 -3.03883 10
      vertex 13.6783 -3.04391 0
      vertex 13.6593 -3.03883 0
    endloop
  endfacet
  facet normal -0.258296 -0.966066 0
    outer loop
      vertex 13.3487 -4.19794 0
      vertex 13.3677 -4.20302 10
      vertex 13.3487 -4.19794 10
    endloop
  endfacet
  facet normal -0.258296 -0.966066 -0
    outer loop
      vertex 13.3677 -4.20302 10
      vertex 13.3487 -4.19794 0
      vertex 13.3677 -4.20302 0
    endloop
  endfacet
  facet normal 0.999458 0.0329305 0
    outer loop
      vertex 13.9804 0.599999 10
      vertex 13.97 0.915644 0
      vertex 13.97 0.915644 10
    endloop
  endfacet
  facet normal 0.999458 0.0329305 0
    outer loop
      vertex 13.97 0.915644 0
      vertex 13.9804 0.599999 10
      vertex 13.9804 0.599999 0
    endloop
  endfacet
  facet normal -0.683615 0.729843 0
    outer loop
      vertex -9.23084 10.5258 0
      vertex -9.46134 10.3099 10
      vertex -9.23084 10.5258 10
    endloop
  endfacet
  facet normal -0.683615 0.729843 0
    outer loop
      vertex -9.46134 10.3099 10
      vertex -9.23084 10.5258 0
      vertex -9.46134 10.3099 0
    endloop
  endfacet
  facet normal 0.956918 0.290359 0
    outer loop
      vertex 13.3487 4.19794 10
      vertex 13.257 4.50015 0
      vertex 13.257 4.50015 10
    endloop
  endfacet
  facet normal 0.956918 0.290359 0
    outer loop
      vertex 13.257 4.50015 0
      vertex 13.3487 4.19794 10
      vertex 13.3487 4.19794 0
    endloop
  endfacet
  facet normal 0.412713 0.910861 -0
    outer loop
      vertex 6.19204 12.5562 0
      vertex 5.35757 12.9343 10
      vertex 6.19204 12.5562 10
    endloop
  endfacet
  facet normal 0.412713 0.910861 0
    outer loop
      vertex 5.35757 12.9343 10
      vertex 6.19204 12.5562 0
      vertex 5.35757 12.9343 0
    endloop
  endfacet
  facet normal -0.849303 0.527905 0
    outer loop
      vertex -11.8073 7.50979 0
      vertex -11.6406 7.77798 10
      vertex -11.6406 7.77798 0
    endloop
  endfacet
  facet normal -0.849303 0.527905 0
    outer loop
      vertex -11.6406 7.77798 10
      vertex -11.8073 7.50979 0
      vertex -11.8073 7.50979 10
    endloop
  endfacet
  facet normal -1 0 0
    outer loop
      vertex -12.1244 7 0
      vertex -12.1244 7.00001 10
      vertex -12.1244 7.00001 0
    endloop
  endfacet
  facet normal -1 -0 0
    outer loop
      vertex -12.1244 7.00001 10
      vertex -12.1244 7 0
      vertex -12.1244 7 10
    endloop
  endfacet
  facet normal -0.290359 0.956918 0
    outer loop
      vertex -4.19794 13.3487 0
      vertex -4.50015 13.257 10
      vertex -4.19794 13.3487 10
    endloop
  endfacet
  facet normal -0.290359 0.956918 0
    outer loop
      vertex -4.50015 13.257 10
      vertex -4.19794 13.3487 0
      vertex -4.50015 13.257 0
    endloop
  endfacet
  facet normal 1 -0 0
    outer loop
      vertex 12.1244 -7 10
      vertex 12.1244 -6.99999 0
      vertex 12.1244 -6.99999 10
    endloop
  endfacet
  facet normal 1 0 0
    outer loop
      vertex 12.1244 -6.99999 0
      vertex 12.1244 -7 10
      vertex 12.1244 -7 0
    endloop
  endfacet
  facet normal 0.881884 -0.471466 0
    outer loop
      vertex 12.4073 -6.47056 10
      vertex 12.5562 -6.19204 0
      vertex 12.5562 -6.19204 10
    endloop
  endfacet
  facet normal 0.881884 -0.471466 0
    outer loop
      vertex 12.5562 -6.19204 0
      vertex 12.4073 -6.47056 10
      vertex 12.4073 -6.47056 0
    endloop
  endfacet
  facet normal 0.22703 -0.973888 0
    outer loop
      vertex 2.73126 -13.731 0
      vertex 3.03883 -13.6593 10
      vertex 2.73126 -13.731 10
    endloop
  endfacet
  facet normal 0.22703 -0.973888 0
    outer loop
      vertex 3.03883 -13.6593 10
      vertex 2.73126 -13.731 0
      vertex 3.03883 -13.6593 0
    endloop
  endfacet
  facet normal 0.683615 -0.729843 0
    outer loop
      vertex 9.23084 -10.5258 0
      vertex 9.46134 -10.3099 10
      vertex 9.23084 -10.5258 10
    endloop
  endfacet
  facet normal 0.683615 -0.729843 0
    outer loop
      vertex 9.46134 -10.3099 10
      vertex 9.23084 -10.5258 0
      vertex 9.46134 -10.3099 0
    endloop
  endfacet
  facet normal 0.956918 -0.290359 0
    outer loop
      vertex 13.257 -4.50015 10
      vertex 13.3487 -4.19794 0
      vertex 13.3487 -4.19794 10
    endloop
  endfacet
  facet normal 0.956918 -0.290359 0
    outer loop
      vertex 13.3487 -4.19794 0
      vertex 13.257 -4.50015 10
      vertex 13.257 -4.50015 0
    endloop
  endfacet
  facet normal -0.35224 -0.93591 0
    outer loop
      vertex -5.35757 -12.9343 0
      vertex -4.50015 -13.257 10
      vertex -5.35757 -12.9343 10
    endloop
  endfacet
  facet normal -0.35224 -0.93591 -0
    outer loop
      vertex -4.50015 -13.257 10
      vertex -5.35757 -12.9343 0
      vertex -4.50015 -13.257 0
    endloop
  endfacet
  facet normal 0.995184 0.0980202 0
    outer loop
      vertex 13.97 0.915644 10
      vertex 13.8802 1.82737 0
      vertex 13.8802 1.82737 10
    endloop
  endfacet
  facet normal 0.995184 0.0980202 0
    outer loop
      vertex 13.8802 1.82737 0
      vertex 13.97 0.915644 10
      vertex 13.97 0.915644 0
    endloop
  endfacet
  facet normal 0.910861 0.412713 0
    outer loop
      vertex 12.9343 5.35757 10
      vertex 12.5562 6.19204 0
      vertex 12.5562 6.19204 10
    endloop
  endfacet
  facet normal 0.910861 0.412713 0
    outer loop
      vertex 12.5562 6.19204 0
      vertex 12.9343 5.35757 10
      vertex 12.9343 5.35757 0
    endloop
  endfacet
  facet normal 1 -0 0
    outer loop
      vertex 12.1244 7 10
      vertex 12.1244 7.00001 0
      vertex 12.1244 7.00001 10
    endloop
  endfacet
  facet normal 1 0 0
    outer loop
      vertex 12.1244 7.00001 0
      vertex 12.1244 7 10
      vertex 12.1244 7 0
    endloop
  endfacet
  facet normal 0.849303 0.527905 0
    outer loop
      vertex 11.8073 7.50979 10
      vertex 11.6406 7.77798 0
      vertex 11.6406 7.77798 10
    endloop
  endfacet
  facet normal 0.849303 0.527905 0
    outer loop
      vertex 11.6406 7.77798 0
      vertex 11.8073 7.50979 10
      vertex 11.8073 7.50979 0
    endloop
  endfacet
  facet normal 0.773058 0.634336 0
    outer loop
      vertex 11.1069 8.52266 10
      vertex 10.5258 9.23084 0
      vertex 10.5258 9.23084 10
    endloop
  endfacet
  facet normal 0.773058 0.634336 0
    outer loop
      vertex 10.5258 9.23084 0
      vertex 11.1069 8.52266 10
      vertex 11.1069 8.52266 0
    endloop
  endfacet
  facet normal 0.812811 0.582528 0
    outer loop
      vertex 11.6406 7.77798 10
      vertex 11.1069 8.52266 0
      vertex 11.1069 8.52266 10
    endloop
  endfacet
  facet normal 0.812811 0.582528 0
    outer loop
      vertex 11.1069 8.52266 0
      vertex 11.6406 7.77798 10
      vertex 11.6406 7.77798 0
    endloop
  endfacet
  facet normal 0.22703 0.973888 -0
    outer loop
      vertex 3.03883 13.6593 0
      vertex 2.73126 13.731 10
      vertex 3.03883 13.6593 10
    endloop
  endfacet
  facet normal 0.22703 0.973888 0
    outer loop
      vertex 2.73126 13.731 10
      vertex 3.03883 13.6593 0
      vertex 2.73126 13.731 0
    endloop
  endfacet
  facet normal 0.162861 0.986649 -0
    outer loop
      vertex 2.73126 13.731 0
      vertex 1.82737 13.8802 10
      vertex 2.73126 13.731 10
    endloop
  endfacet
  facet normal 0.162861 0.986649 0
    outer loop
      vertex 1.82737 13.8802 10
      vertex 2.73126 13.731 0
      vertex 1.82737 13.8802 0
    endloop
  endfacet
  facet normal 0.582528 0.812811 -0
    outer loop
      vertex 8.52266 11.1069 0
      vertex 7.77798 11.6406 10
      vertex 8.52266 11.1069 10
    endloop
  endfacet
  facet normal 0.582528 0.812811 0
    outer loop
      vertex 7.77798 11.6406 10
      vertex 8.52266 11.1069 0
      vertex 7.77798 11.6406 0
    endloop
  endfacet
  facet normal 0.471466 0.881884 -0
    outer loop
      vertex 6.47056 12.4073 0
      vertex 6.19204 12.5562 10
      vertex 6.47056 12.4073 10
    endloop
  endfacet
  facet normal 0.471466 0.881884 0
    outer loop
      vertex 6.19204 12.5562 10
      vertex 6.47056 12.4073 0
      vertex 6.19204 12.5562 0
    endloop
  endfacet
  facet normal 0 1 -0
    outer loop
      vertex 7 12.1244 0
      vertex 6.99999 12.1244 10
      vertex 7 12.1244 10
    endloop
  endfacet
  facet normal 0 1 0
    outer loop
      vertex 6.99999 12.1244 10
      vertex 7 12.1244 0
      vertex 6.99999 12.1244 0
    endloop
  endfacet
  facet normal 0 1 -0
    outer loop
      vertex 7.00001 12.1244 0
      vertex 7 12.1244 10
      vertex 7.00001 12.1244 10
    endloop
  endfacet
  facet normal 0 1 0
    outer loop
      vertex 7 12.1244 10
      vertex 7.00001 12.1244 0
      vertex 7 12.1244 0
    endloop
  endfacet
  facet normal 0.527905 0.849303 -0
    outer loop
      vertex 7.77798 11.6406 0
      vertex 7.50979 11.8073 10
      vertex 7.77798 11.6406 10
    endloop
  endfacet
  facet normal 0.527905 0.849303 0
    outer loop
      vertex 7.50979 11.8073 10
      vertex 7.77798 11.6406 0
      vertex 7.50979 11.8073 0
    endloop
  endfacet
  facet normal -0.729843 0.683615 0
    outer loop
      vertex -10.5258 9.23084 0
      vertex -10.3099 9.46134 10
      vertex -10.3099 9.46134 0
    endloop
  endfacet
  facet normal -0.729843 0.683615 0
    outer loop
      vertex -10.3099 9.46134 10
      vertex -10.5258 9.23084 0
      vertex -10.5258 9.23084 10
    endloop
  endfacet
  facet normal -0.910861 0.412713 0
    outer loop
      vertex -12.9343 5.35757 0
      vertex -12.5562 6.19204 10
      vertex -12.5562 6.19204 0
    endloop
  endfacet
  facet normal -0.910861 0.412713 0
    outer loop
      vertex -12.5562 6.19204 10
      vertex -12.9343 5.35757 0
      vertex -12.9343 5.35757 10
    endloop
  endfacet
  facet normal -0.973888 0.22703 0
    outer loop
      vertex -13.731 2.73126 0
      vertex -13.6593 3.03883 10
      vertex -13.6593 3.03883 0
    endloop
  endfacet
  facet normal -0.973888 0.22703 0
    outer loop
      vertex -13.6593 3.03883 10
      vertex -13.731 2.73126 0
      vertex -13.731 2.73126 10
    endloop
  endfacet
  facet normal -0.986649 0.162861 0
    outer loop
      vertex -13.8802 1.82737 0
      vertex -13.731 2.73126 10
      vertex -13.731 2.73126 0
    endloop
  endfacet
  facet normal -0.986649 0.162861 0
    outer loop
      vertex -13.731 2.73126 10
      vertex -13.8802 1.82737 0
      vertex -13.8802 1.82737 10
    endloop
  endfacet
  facet normal -0.527905 0.849303 0
    outer loop
      vertex -7.50979 11.8073 0
      vertex -7.77798 11.6406 10
      vertex -7.50979 11.8073 10
    endloop
  endfacet
  facet normal -0.527905 0.849303 0
    outer loop
      vertex -7.77798 11.6406 10
      vertex -7.50979 11.8073 0
      vertex -7.77798 11.6406 0
    endloop
  endfacet
  facet normal 0 1 -0
    outer loop
      vertex -7 12.1244 0
      vertex -7.00001 12.1244 10
      vertex -7 12.1244 10
    endloop
  endfacet
  facet normal 0 1 0
    outer loop
      vertex -7.00001 12.1244 10
      vertex -7 12.1244 0
      vertex -7.00001 12.1244 0
    endloop
  endfacet
  facet normal -0.412713 0.910861 0
    outer loop
      vertex -5.35757 12.9343 0
      vertex -6.19204 12.5562 10
      vertex -5.35757 12.9343 10
    endloop
  endfacet
  facet normal -0.412713 0.910861 0
    outer loop
      vertex -6.19204 12.5562 10
      vertex -5.35757 12.9343 0
      vertex -6.19204 12.5562 0
    endloop
  endfacet
  facet normal -0.634336 0.773058 0
    outer loop
      vertex -8.52266 11.1069 0
      vertex -9.23084 10.5258 10
      vertex -8.52266 11.1069 10
    endloop
  endfacet
  facet normal -0.634336 0.773058 0
    outer loop
      vertex -9.23084 10.5258 10
      vertex -8.52266 11.1069 0
      vertex -9.23084 10.5258 0
    endloop
  endfacet
  facet normal -0.0980202 0.995184 0
    outer loop
      vertex -0.915644 13.97 0
      vertex -1.82737 13.8802 10
      vertex -0.915644 13.97 10
    endloop
  endfacet
  facet normal -0.0980202 0.995184 0
    outer loop
      vertex -1.82737 13.8802 10
      vertex -0.915644 13.97 0
      vertex -1.82737 13.8802 0
    endloop
  endfacet
  facet normal -0.22703 0.973888 0
    outer loop
      vertex -2.73126 13.731 0
      vertex -3.03883 13.6593 10
      vertex -2.73126 13.731 10
    endloop
  endfacet
  facet normal -0.22703 0.973888 0
    outer loop
      vertex -3.03883 13.6593 10
      vertex -2.73126 13.731 0
      vertex -3.03883 13.6593 0
    endloop
  endfacet
  facet normal -0.162861 0.986649 0
    outer loop
      vertex -1.82737 13.8802 0
      vertex -2.73126 13.731 10
      vertex -1.82737 13.8802 10
    endloop
  endfacet
  facet normal -0.162861 0.986649 0
    outer loop
      vertex -2.73126 13.731 10
      vertex -1.82737 13.8802 0
      vertex -2.73126 13.731 0
    endloop
  endfacet
  facet normal 0.162861 -0.986649 0
    outer loop
      vertex 1.82737 -13.8802 0
      vertex 2.73126 -13.731 10
      vertex 1.82737 -13.8802 10
    endloop
  endfacet
  facet normal 0.162861 -0.986649 0
    outer loop
      vertex 2.73126 -13.731 10
      vertex 1.82737 -13.8802 0
      vertex 2.73126 -13.731 0
    endloop
  endfacet
  facet normal 0.527905 -0.849303 0
    outer loop
      vertex 7.50979 -11.8073 0
      vertex 7.77798 -11.6406 10
      vertex 7.50979 -11.8073 10
    endloop
  endfacet
  facet normal 0.527905 -0.849303 0
    outer loop
      vertex 7.77798 -11.6406 10
      vertex 7.50979 -11.8073 0
      vertex 7.77798 -11.6406 0
    endloop
  endfacet
  facet normal 0 -1 0
    outer loop
      vertex 7 -12.1244 0
      vertex 7.00001 -12.1244 10
      vertex 7 -12.1244 10
    endloop
  endfacet
  facet normal 0 -1 -0
    outer loop
      vertex 7.00001 -12.1244 10
      vertex 7 -12.1244 0
      vertex 7.00001 -12.1244 0
    endloop
  endfacet
  facet normal 0.634336 -0.773058 0
    outer loop
      vertex 8.52266 -11.1069 0
      vertex 9.23084 -10.5258 10
      vertex 8.52266 -11.1069 10
    endloop
  endfacet
  facet normal 0.634336 -0.773058 0
    outer loop
      vertex 9.23084 -10.5258 10
      vertex 8.52266 -11.1069 0
      vertex 9.23084 -10.5258 0
    endloop
  endfacet
  facet normal 0.582528 -0.812811 0
    outer loop
      vertex 7.77798 -11.6406 0
      vertex 8.52266 -11.1069 10
      vertex 7.77798 -11.6406 10
    endloop
  endfacet
  facet normal 0.582528 -0.812811 0
    outer loop
      vertex 8.52266 -11.1069 10
      vertex 7.77798 -11.6406 0
      vertex 8.52266 -11.1069 0
    endloop
  endfacet
  facet normal 1 -0 0
    outer loop
      vertex 12.1244 -7.00001 10
      vertex 12.1244 -7 0
      vertex 12.1244 -7 10
    endloop
  endfacet
  facet normal 1 0 0
    outer loop
      vertex 12.1244 -7 0
      vertex 12.1244 -7.00001 10
      vertex 12.1244 -7.00001 0
    endloop
  endfacet
  facet normal 0.849303 -0.527905 0
    outer loop
      vertex 11.6406 -7.77798 10
      vertex 11.8073 -7.50979 0
      vertex 11.8073 -7.50979 10
    endloop
  endfacet
  facet normal 0.849303 -0.527905 0
    outer loop
      vertex 11.8073 -7.50979 0
      vertex 11.6406 -7.77798 10
      vertex 11.6406 -7.77798 0
    endloop
  endfacet
  facet normal -0.162861 -0.986649 0
    outer loop
      vertex -2.73126 -13.731 0
      vertex -1.82737 -13.8802 10
      vertex -2.73126 -13.731 10
    endloop
  endfacet
  facet normal -0.162861 -0.986649 -0
    outer loop
      vertex -1.82737 -13.8802 10
      vertex -2.73126 -13.731 0
      vertex -1.82737 -13.8802 0
    endloop
  endfacet
  facet normal -0.683615 -0.729843 0
    outer loop
      vertex -9.46134 -10.3099 0
      vertex -9.23084 -10.5258 10
      vertex -9.46134 -10.3099 10
    endloop
  endfacet
  facet normal -0.683615 -0.729843 -0
    outer loop
      vertex -9.23084 -10.5258 10
      vertex -9.46134 -10.3099 0
      vertex -9.23084 -10.5258 0
    endloop
  endfacet
  facet normal -0.0980202 -0.995184 0
    outer loop
      vertex -1.82737 -13.8802 10
      vertex -0.915644 -13.97 5.9226
      vertex -0.915644 -13.97 10
    endloop
  endfacet
  facet normal -0.0857524 -0.996313 0.00276798
    outer loop
      vertex -1.82737 -13.8802 10
      vertex -0.919238 -13.9697 5.91924
      vertex -0.915644 -13.97 5.9226
    endloop
  endfacet
  facet normal -0.0990207 -0.995085 -0.000211666
    outer loop
      vertex -1.82737 -13.8802 10
      vertex -0.977391 -13.9639 5.85715
      vertex -0.919238 -13.9697 5.91924
    endloop
  endfacet
  facet normal -0.0977873 -0.995207 4.38585e-05
    outer loop
      vertex -1.82737 -13.8802 10
      vertex -1.03136 -13.9586 5.79139
      vertex -0.977391 -13.9639 5.85715
    endloop
  endfacet
  facet normal -0.0983279 -0.995154 -5.93851e-05
    outer loop
      vertex -1.82737 -13.8802 10
      vertex -1.08091 -13.9537 5.72224
      vertex -1.03136 -13.9586 5.79139
    endloop
  endfacet
  facet normal -0.0975961 -0.995226 6.95458e-05
    outer loop
      vertex -1.82737 -13.8802 10
      vertex -1.12583 -13.9493 5.65
      vertex -1.08091 -13.9537 5.72224
    endloop
  endfacet
  facet normal -0.0970837 -0.995276 0.000152992
    outer loop
      vertex -1.82737 -13.8802 10
      vertex -1.16593 -13.9454 5.57498
      vertex -1.12583 -13.9493 5.65
    endloop
  endfacet
  facet normal -0.0989228 -0.995095 -0.000124583
    outer loop
      vertex -1.82737 -13.8802 10
      vertex -1.20104 -13.9419 5.49749
      vertex -1.16593 -13.9454 5.57498
    endloop
  endfacet
  facet normal -0.0967784 -0.995306 0.000176605
    outer loop
      vertex -1.82737 -13.8802 10
      vertex -1.23101 -13.939 5.41787
      vertex -1.20104 -13.9419 5.49749
    endloop
  endfacet
  facet normal -0.0999545 -0.994992 -0.000240793
    outer loop
      vertex -1.82737 -13.8802 10
      vertex -1.2557 -13.9365 5.33646
      vertex -1.23101 -13.939 5.41787
    endloop
  endfacet
  facet normal -0.097919 -0.995194 1.11714e-05
    outer loop
      vertex -1.82737 -13.8802 10
      vertex -1.27502 -13.9346 5.25362
      vertex -1.2557 -13.9365 5.33646
    endloop
  endfacet
  facet normal -0.0952996 -0.995449 0.00031891
    outer loop
      vertex -1.82737 -13.8802 10
      vertex -1.28888 -13.9333 5.16968
      vertex -1.27502 -13.9346 5.25362
    endloop
  endfacet
  facet normal -0.102432 -0.99474 -0.000484052
    outer loop
      vertex -1.82737 -13.8802 10
      vertex -1.29722 -13.9324 5.08502
      vertex -1.28888 -13.9333 5.16968
    endloop
  endfacet
  facet normal -0.0919028 -0.995768 0.000662625
    outer loop
      vertex -1.82737 -13.8802 10
      vertex -1.3 -13.9322 5
      vertex -1.29722 -13.9324 5.08502
    endloop
  endfacet
  facet normal -0.0981266 -0.995174 0
    outer loop
      vertex -1.82737 -13.8802 0
      vertex -1.3 -13.9322 5
      vertex -1.82737 -13.8802 10
    endloop
  endfacet
  facet normal -0.0919028 -0.995768 -0.000662625
    outer loop
      vertex -1.3 -13.9322 5
      vertex -1.82737 -13.8802 0
      vertex -1.29722 -13.9324 4.91498
    endloop
  endfacet
  facet normal -0.102432 -0.99474 0.000484052
    outer loop
      vertex -1.29722 -13.9324 4.91498
      vertex -1.82737 -13.8802 0
      vertex -1.28888 -13.9333 4.83032
    endloop
  endfacet
  facet normal -0.0952996 -0.995449 -0.00031891
    outer loop
      vertex -1.82737 -13.8802 0
      vertex -1.27502 -13.9346 4.74638
      vertex -1.28888 -13.9333 4.83032
    endloop
  endfacet
  facet normal -0.097919 -0.995194 -1.11714e-05
    outer loop
      vertex -1.82737 -13.8802 0
      vertex -1.2557 -13.9365 4.66354
      vertex -1.27502 -13.9346 4.74638
    endloop
  endfacet
  facet normal -0.0999545 -0.994992 0.000240793
    outer loop
      vertex -1.82737 -13.8802 0
      vertex -1.23101 -13.939 4.58213
      vertex -1.2557 -13.9365 4.66354
    endloop
  endfacet
  facet normal -0.0967784 -0.995306 -0.000176605
    outer loop
      vertex -1.82737 -13.8802 0
      vertex -1.20104 -13.9419 4.50251
      vertex -1.23101 -13.939 4.58213
    endloop
  endfacet
  facet normal -0.0989228 -0.995095 0.000124583
    outer loop
      vertex -1.82737 -13.8802 0
      vertex -1.16593 -13.9454 4.42502
      vertex -1.20104 -13.9419 4.50251
    endloop
  endfacet
  facet normal -0.0970837 -0.995276 -0.000152992
    outer loop
      vertex -1.82737 -13.8802 0
      vertex -1.12583 -13.9493 4.35
      vertex -1.16593 -13.9454 4.42502
    endloop
  endfacet
  facet normal -0.0975961 -0.995226 -6.95458e-05
    outer loop
      vertex -1.82737 -13.8802 0
      vertex -1.08091 -13.9537 4.27776
      vertex -1.12583 -13.9493 4.35
    endloop
  endfacet
  facet normal -0.0983279 -0.995154 5.93851e-05
    outer loop
      vertex -1.82737 -13.8802 0
      vertex -1.03136 -13.9586 4.20861
      vertex -1.08091 -13.9537 4.27776
    endloop
  endfacet
  facet normal -0.0977873 -0.995207 -4.38585e-05
    outer loop
      vertex -1.82737 -13.8802 0
      vertex -0.977391 -13.9639 4.14285
      vertex -1.03136 -13.9586 4.20861
    endloop
  endfacet
  facet normal -0.0990207 -0.995085 0.000211666
    outer loop
      vertex -1.82737 -13.8802 0
      vertex -0.919238 -13.9697 4.08076
      vertex -0.977391 -13.9639 4.14285
    endloop
  endfacet
  facet normal -0.0857587 -0.996312 -0.00276656
    outer loop
      vertex -1.82737 -13.8802 0
      vertex -0.915644 -13.97 4.07739
      vertex -0.919238 -13.9697 4.08076
    endloop
  endfacet
  facet normal -0.0980202 -0.995184 -0
    outer loop
      vertex -0.915644 -13.97 4.07739
      vertex -1.82737 -13.8802 0
      vertex -0.915644 -13.97 0
    endloop
  endfacet
  facet normal -0.582528 -0.812811 0
    outer loop
      vertex -8.52266 -11.1069 0
      vertex -7.77798 -11.6406 10
      vertex -8.52266 -11.1069 10
    endloop
  endfacet
  facet normal -0.582528 -0.812811 -0
    outer loop
      vertex -7.77798 -11.6406 10
      vertex -8.52266 -11.1069 0
      vertex -7.77798 -11.6406 0
    endloop
  endfacet
  facet normal -0.729843 -0.683615 0
    outer loop
      vertex -10.3099 -9.46134 0
      vertex -10.5258 -9.23084 10
      vertex -10.5258 -9.23084 0
    endloop
  endfacet
  facet normal -0.729843 -0.683615 0
    outer loop
      vertex -10.5258 -9.23084 10
      vertex -10.3099 -9.46134 0
      vertex -10.3099 -9.46134 10
    endloop
  endfacet
  facet normal -0.910861 -0.412713 0
    outer loop
      vertex -12.5562 -6.19204 0
      vertex -12.9343 -5.35757 10
      vertex -12.9343 -5.35757 0
    endloop
  endfacet
  facet normal -0.910861 -0.412713 0
    outer loop
      vertex -12.9343 -5.35757 10
      vertex -12.5562 -6.19204 0
      vertex -12.5562 -6.19204 10
    endloop
  endfacet
  facet normal -0.973888 -0.22703 0
    outer loop
      vertex -13.6593 -3.03883 0
      vertex -13.731 -2.73126 10
      vertex -13.731 -2.73126 0
    endloop
  endfacet
  facet normal -0.973888 -0.22703 0
    outer loop
      vertex -13.731 -2.73126 10
      vertex -13.6593 -3.03883 0
      vertex -13.6593 -3.03883 10
    endloop
  endfacet
  facet normal 0.93591 0.35224 0
    outer loop
      vertex 13.257 4.50015 10
      vertex 12.9343 5.35757 0
      vertex 12.9343 5.35757 10
    endloop
  endfacet
  facet normal 0.93591 0.35224 0
    outer loop
      vertex 12.9343 5.35757 0
      vertex 13.257 4.50015 10
      vertex 13.257 4.50015 0
    endloop
  endfacet
  facet normal 0.683615 0.729843 -0
    outer loop
      vertex 9.46134 10.3099 0
      vertex 9.23084 10.5258 10
      vertex 9.46134 10.3099 10
    endloop
  endfacet
  facet normal 0.683615 0.729843 0
    outer loop
      vertex 9.23084 10.5258 10
      vertex 9.46134 10.3099 0
      vertex 9.23084 10.5258 0
    endloop
  endfacet
  facet normal 1 -0 0
    outer loop
      vertex 12.1244 6.99999 10
      vertex 12.1244 7 0
      vertex 12.1244 7 10
    endloop
  endfacet
  facet normal 1 0 0
    outer loop
      vertex 12.1244 7 0
      vertex 12.1244 6.99999 10
      vertex 12.1244 6.99999 0
    endloop
  endfacet
  facet normal 0.881884 0.471466 0
    outer loop
      vertex 12.5562 6.19204 10
      vertex 12.4073 6.47056 0
      vertex 12.4073 6.47056 10
    endloop
  endfacet
  facet normal 0.881884 0.471466 0
    outer loop
      vertex 12.4073 6.47056 0
      vertex 12.5562 6.19204 10
      vertex 12.5562 6.19204 0
    endloop
  endfacet
  facet normal 0.0329305 0.999458 -0
    outer loop
      vertex 0.915644 13.97 0
      vertex 0.599999 13.9804 10
      vertex 0.915644 13.97 10
    endloop
  endfacet
  facet normal 0.0329305 0.999458 0
    outer loop
      vertex 0.599999 13.9804 10
      vertex 0.915644 13.97 0
      vertex 0.599999 13.9804 0
    endloop
  endfacet
  facet normal 0.290359 0.956918 -0
    outer loop
      vertex 4.50015 13.257 0
      vertex 4.19794 13.3487 10
      vertex 4.50015 13.257 10
    endloop
  endfacet
  facet normal 0.290359 0.956918 0
    outer loop
      vertex 4.19794 13.3487 10
      vertex 4.50015 13.257 0
      vertex 4.19794 13.3487 0
    endloop
  endfacet
  facet normal 0.634336 0.773058 -0
    outer loop
      vertex 9.23084 10.5258 0
      vertex 8.52266 11.1069 10
      vertex 9.23084 10.5258 10
    endloop
  endfacet
  facet normal 0.634336 0.773058 0
    outer loop
      vertex 8.52266 11.1069 10
      vertex 9.23084 10.5258 0
      vertex 8.52266 11.1069 0
    endloop
  endfacet
  facet normal -0.999458 0.0329305 0
    outer loop
      vertex -13.9804 0.599999 0
      vertex -13.97 0.915644 10
      vertex -13.97 0.915644 0
    endloop
  endfacet
  facet normal -0.999458 0.0329305 0
    outer loop
      vertex -13.97 0.915644 10
      vertex -13.9804 0.599999 0
      vertex -13.9804 0.599999 10
    endloop
  endfacet
  facet normal -1 0 0
    outer loop
      vertex -12.1244 6.99999 0
      vertex -12.1244 7 10
      vertex -12.1244 7 0
    endloop
  endfacet
  facet normal -1 -0 0
    outer loop
      vertex -12.1244 7 10
      vertex -12.1244 6.99999 0
      vertex -12.1244 6.99999 10
    endloop
  endfacet
  facet normal -0.881884 0.471466 0
    outer loop
      vertex -12.5562 6.19204 0
      vertex -12.4073 6.47056 10
      vertex -12.4073 6.47056 0
    endloop
  endfacet
  facet normal -0.881884 0.471466 0
    outer loop
      vertex -12.4073 6.47056 10
      vertex -12.5562 6.19204 0
      vertex -12.5562 6.19204 10
    endloop
  endfacet
  facet normal -0.956918 0.290359 0
    outer loop
      vertex -13.3487 4.19794 0
      vertex -13.257 4.50015 10
      vertex -13.257 4.50015 0
    endloop
  endfacet
  facet normal -0.956918 0.290359 0
    outer loop
      vertex -13.257 4.50015 10
      vertex -13.3487 4.19794 0
      vertex -13.3487 4.19794 10
    endloop
  endfacet
  facet normal -0.471466 0.881884 0
    outer loop
      vertex -6.19204 12.5562 0
      vertex -6.47056 12.4073 10
      vertex -6.19204 12.5562 10
    endloop
  endfacet
  facet normal -0.471466 0.881884 0
    outer loop
      vertex -6.47056 12.4073 10
      vertex -6.19204 12.5562 0
      vertex -6.47056 12.4073 0
    endloop
  endfacet
  facet normal 0 1 -0
    outer loop
      vertex -6.99999 12.1244 0
      vertex -7 12.1244 10
      vertex -6.99999 12.1244 10
    endloop
  endfacet
  facet normal 0 1 0
    outer loop
      vertex -7 12.1244 10
      vertex -6.99999 12.1244 0
      vertex -7 12.1244 0
    endloop
  endfacet
  facet normal -0.582528 0.812811 0
    outer loop
      vertex -7.77798 11.6406 0
      vertex -8.52266 11.1069 10
      vertex -7.77798 11.6406 10
    endloop
  endfacet
  facet normal -0.582528 0.812811 0
    outer loop
      vertex -8.52266 11.1069 10
      vertex -7.77798 11.6406 0
      vertex -8.52266 11.1069 0
    endloop
  endfacet
  facet normal -0.35224 0.93591 0
    outer loop
      vertex -4.50015 13.257 0
      vertex -5.35757 12.9343 10
      vertex -4.50015 13.257 10
    endloop
  endfacet
  facet normal -0.35224 0.93591 0
    outer loop
      vertex -5.35757 12.9343 10
      vertex -4.50015 13.257 0
      vertex -5.35757 12.9343 0
    endloop
  endfacet
  facet normal -0.0329305 0.999458 0
    outer loop
      vertex -0.599999 13.9804 0
      vertex -0.915644 13.97 10
      vertex -0.599999 13.9804 10
    endloop
  endfacet
  facet normal -0.0329305 0.999458 0
    outer loop
      vertex -0.915644 13.97 10
      vertex -0.599999 13.9804 0
      vertex -0.915644 13.97 0
    endloop
  endfacet
  facet normal 0.995184 -0.0980202 0
    outer loop
      vertex 13.8802 -1.82737 10
      vertex 13.97 -0.915644 0
      vertex 13.97 -0.915644 10
    endloop
  endfacet
  facet normal 0.995184 -0.0980202 0
    outer loop
      vertex 13.97 -0.915644 0
      vertex 13.8802 -1.82737 10
      vertex 13.8802 -1.82737 0
    endloop
  endfacet
  facet normal 0.0329305 -0.999458 0
    outer loop
      vertex 0.599999 -13.9804 6.15256
      vertex 0.915644 -13.97 10
      vertex 0.599999 -13.9804 10
    endloop
  endfacet
  facet normal 0.0339356 -0.999424 -8.25472e-05
    outer loop
      vertex 0.65 -13.9787 6.12583
      vertex 0.915644 -13.97 10
      vertex 0.599999 -13.9804 6.15256
    endloop
  endfacet
  facet normal 0.0318594 -0.999492 5.99649e-05
    outer loop
      vertex 0.72224 -13.9764 6.08091
      vertex 0.915644 -13.97 10
      vertex 0.65 -13.9787 6.12583
    endloop
  endfacet
  facet normal 0.0332373 -0.999447 -8.10574e-06
    outer loop
      vertex 0.791389 -13.9741 6.03136
      vertex 0.915644 -13.97 10
      vertex 0.72224 -13.9764 6.08091
    endloop
  endfacet
  facet normal 0.0334248 -0.999441 -1.39826e-05
    outer loop
      vertex 0.857149 -13.9719 5.97739
      vertex 0.915644 -13.97 10
      vertex 0.791389 -13.9741 6.03136
    endloop
  endfacet
  facet normal 0.0324643 -0.999473 0
    outer loop
      vertex 0.915644 -13.97 10
      vertex 0.857149 -13.9719 5.97739
      vertex 0.915644 -13.97 5.9226
    endloop
  endfacet
  facet normal 0.0329305 -0.999458 0
    outer loop
      vertex 0.915644 -13.97 0
      vertex 0.599999 -13.9804 3.84744
      vertex 0.599999 -13.9804 0
    endloop
  endfacet
  facet normal 0.0339356 -0.999424 8.25472e-05
    outer loop
      vertex 0.599999 -13.9804 3.84744
      vertex 0.915644 -13.97 0
      vertex 0.65 -13.9787 3.87417
    endloop
  endfacet
  facet normal 0.0318594 -0.999492 -5.99649e-05
    outer loop
      vertex 0.65 -13.9787 3.87417
      vertex 0.915644 -13.97 0
      vertex 0.72224 -13.9764 3.91909
    endloop
  endfacet
  facet normal 0.0332373 -0.999447 8.10574e-06
    outer loop
      vertex 0.72224 -13.9764 3.91909
      vertex 0.915644 -13.97 0
      vertex 0.791389 -13.9741 3.96864
    endloop
  endfacet
  facet normal 0.0334248 -0.999441 1.39826e-05
    outer loop
      vertex 0.791389 -13.9741 3.96864
      vertex 0.915644 -13.97 0
      vertex 0.857149 -13.9719 4.02261
    endloop
  endfacet
  facet normal 0.0324643 -0.999473 0
    outer loop
      vertex 0.857149 -13.9719 4.02261
      vertex 0.915644 -13.97 0
      vertex 0.915644 -13.97 4.07739
    endloop
  endfacet
  facet normal 0.0980202 -0.995184 0
    outer loop
      vertex 0.915644 -13.97 5.9226
      vertex 1.82737 -13.8802 10
      vertex 0.915644 -13.97 10
    endloop
  endfacet
  facet normal 0.0857524 -0.996313 0.00276798
    outer loop
      vertex 0.919238 -13.9697 5.91924
      vertex 1.82737 -13.8802 10
      vertex 0.915644 -13.97 5.9226
    endloop
  endfacet
  facet normal 0.0990207 -0.995085 -0.000211666
    outer loop
      vertex 0.977391 -13.9639 5.85715
      vertex 1.82737 -13.8802 10
      vertex 0.919238 -13.9697 5.91924
    endloop
  endfacet
  facet normal 0.0977873 -0.995207 4.38585e-05
    outer loop
      vertex 1.03136 -13.9586 5.79139
      vertex 1.82737 -13.8802 10
      vertex 0.977391 -13.9639 5.85715
    endloop
  endfacet
  facet normal 0.0983279 -0.995154 -5.93851e-05
    outer loop
      vertex 1.08091 -13.9537 5.72224
      vertex 1.82737 -13.8802 10
      vertex 1.03136 -13.9586 5.79139
    endloop
  endfacet
  facet normal 0.0975961 -0.995226 6.95458e-05
    outer loop
      vertex 1.12583 -13.9493 5.65
      vertex 1.82737 -13.8802 10
      vertex 1.08091 -13.9537 5.72224
    endloop
  endfacet
  facet normal 0.0970837 -0.995276 0.000152992
    outer loop
      vertex 1.16593 -13.9454 5.57498
      vertex 1.82737 -13.8802 10
      vertex 1.12583 -13.9493 5.65
    endloop
  endfacet
  facet normal 0.0989228 -0.995095 -0.000124583
    outer loop
      vertex 1.20104 -13.9419 5.49749
      vertex 1.82737 -13.8802 10
      vertex 1.16593 -13.9454 5.57498
    endloop
  endfacet
  facet normal 0.0967784 -0.995306 0.000176605
    outer loop
      vertex 1.23101 -13.939 5.41787
      vertex 1.82737 -13.8802 10
      vertex 1.20104 -13.9419 5.49749
    endloop
  endfacet
  facet normal 0.0999545 -0.994992 -0.000240793
    outer loop
      vertex 1.2557 -13.9365 5.33646
      vertex 1.82737 -13.8802 10
      vertex 1.23101 -13.939 5.41787
    endloop
  endfacet
  facet normal 0.097919 -0.995194 1.11714e-05
    outer loop
      vertex 1.27502 -13.9346 5.25362
      vertex 1.82737 -13.8802 10
      vertex 1.2557 -13.9365 5.33646
    endloop
  endfacet
  facet normal 0.0952996 -0.995449 0.00031891
    outer loop
      vertex 1.28888 -13.9333 5.16968
      vertex 1.82737 -13.8802 10
      vertex 1.27502 -13.9346 5.25362
    endloop
  endfacet
  facet normal 0.102432 -0.99474 -0.000484052
    outer loop
      vertex 1.29722 -13.9324 5.08502
      vertex 1.82737 -13.8802 10
      vertex 1.28888 -13.9333 5.16968
    endloop
  endfacet
  facet normal 0.0919028 -0.995768 0.000662625
    outer loop
      vertex 1.3 -13.9322 5
      vertex 1.82737 -13.8802 10
      vertex 1.29722 -13.9324 5.08502
    endloop
  endfacet
  facet normal 0.0919028 -0.995768 -0.000662625
    outer loop
      vertex 1.82737 -13.8802 0
      vertex 1.3 -13.9322 5
      vertex 1.29722 -13.9324 4.91498
    endloop
  endfacet
  facet normal 0.102432 -0.99474 0.000484052
    outer loop
      vertex 1.82737 -13.8802 0
      vertex 1.29722 -13.9324 4.91498
      vertex 1.28888 -13.9333 4.83032
    endloop
  endfacet
  facet normal 0.0980202 -0.995184 0
    outer loop
      vertex 1.82737 -13.8802 0
      vertex 0.915644 -13.97 4.07739
      vertex 0.915644 -13.97 0
    endloop
  endfacet
  facet normal 0.0857587 -0.996312 -0.00276656
    outer loop
      vertex 0.915644 -13.97 4.07739
      vertex 1.82737 -13.8802 0
      vertex 0.919238 -13.9697 4.08076
    endloop
  endfacet
  facet normal 0.0990207 -0.995085 0.000211666
    outer loop
      vertex 0.919238 -13.9697 4.08076
      vertex 1.82737 -13.8802 0
      vertex 0.977391 -13.9639 4.14285
    endloop
  endfacet
  facet normal 0.0977873 -0.995207 -4.38585e-05
    outer loop
      vertex 0.977391 -13.9639 4.14285
      vertex 1.82737 -13.8802 0
      vertex 1.03136 -13.9586 4.20861
    endloop
  endfacet
  facet normal 0.0983279 -0.995154 5.93851e-05
    outer loop
      vertex 1.03136 -13.9586 4.20861
      vertex 1.82737 -13.8802 0
      vertex 1.08091 -13.9537 4.27776
    endloop
  endfacet
  facet normal 0.0975961 -0.995226 -6.95458e-05
    outer loop
      vertex 1.08091 -13.9537 4.27776
      vertex 1.82737 -13.8802 0
      vertex 1.12583 -13.9493 4.35
    endloop
  endfacet
  facet normal 0.0970837 -0.995276 -0.000152992
    outer loop
      vertex 1.12583 -13.9493 4.35
      vertex 1.82737 -13.8802 0
      vertex 1.16593 -13.9454 4.42502
    endloop
  endfacet
  facet normal 0.0989228 -0.995095 0.000124583
    outer loop
      vertex 1.16593 -13.9454 4.42502
      vertex 1.82737 -13.8802 0
      vertex 1.20104 -13.9419 4.50251
    endloop
  endfacet
  facet normal 0.0967784 -0.995306 -0.000176605
    outer loop
      vertex 1.20104 -13.9419 4.50251
      vertex 1.82737 -13.8802 0
      vertex 1.23101 -13.939 4.58213
    endloop
  endfacet
  facet normal 0.0999545 -0.994992 0.000240793
    outer loop
      vertex 1.23101 -13.939 4.58213
      vertex 1.82737 -13.8802 0
      vertex 1.2557 -13.9365 4.66354
    endloop
  endfacet
  facet normal 0.097919 -0.995194 -1.11714e-05
    outer loop
      vertex 1.2557 -13.9365 4.66354
      vertex 1.82737 -13.8802 0
      vertex 1.27502 -13.9346 4.74638
    endloop
  endfacet
  facet normal 0.0952996 -0.995449 -0.00031891
    outer loop
      vertex 1.27502 -13.9346 4.74638
      vertex 1.82737 -13.8802 0
      vertex 1.28888 -13.9333 4.83032
    endloop
  endfacet
  facet normal 0.0981266 -0.995174 0
    outer loop
      vertex 1.3 -13.9322 5
      vertex 1.82737 -13.8802 0
      vertex 1.82737 -13.8802 10
    endloop
  endfacet
  facet normal 0.35224 -0.93591 0
    outer loop
      vertex 4.50015 -13.257 0
      vertex 5.35757 -12.9343 10
      vertex 4.50015 -13.257 10
    endloop
  endfacet
  facet normal 0.35224 -0.93591 0
    outer loop
      vertex 5.35757 -12.9343 10
      vertex 4.50015 -13.257 0
      vertex 5.35757 -12.9343 0
    endloop
  endfacet
  facet normal 0.412713 -0.910861 0
    outer loop
      vertex 5.35757 -12.9343 0
      vertex 6.19204 -12.5562 10
      vertex 5.35757 -12.9343 10
    endloop
  endfacet
  facet normal 0.412713 -0.910861 0
    outer loop
      vertex 6.19204 -12.5562 10
      vertex 5.35757 -12.9343 0
      vertex 6.19204 -12.5562 0
    endloop
  endfacet
  facet normal 0.729843 -0.683615 0
    outer loop
      vertex 10.3099 -9.46134 10
      vertex 10.5258 -9.23084 0
      vertex 10.5258 -9.23084 10
    endloop
  endfacet
  facet normal 0.729843 -0.683615 0
    outer loop
      vertex 10.5258 -9.23084 0
      vertex 10.3099 -9.46134 10
      vertex 10.3099 -9.46134 0
    endloop
  endfacet
  facet normal 0 -1 0
    outer loop
      vertex 6.99999 -12.1244 0
      vertex 7 -12.1244 10
      vertex 6.99999 -12.1244 10
    endloop
  endfacet
  facet normal 0 -1 -0
    outer loop
      vertex 7 -12.1244 10
      vertex 6.99999 -12.1244 0
      vertex 7 -12.1244 0
    endloop
  endfacet
  facet normal 0.471466 -0.881884 0
    outer loop
      vertex 6.19204 -12.5562 0
      vertex 6.47056 -12.4073 10
      vertex 6.19204 -12.5562 10
    endloop
  endfacet
  facet normal 0.471466 -0.881884 0
    outer loop
      vertex 6.47056 -12.4073 10
      vertex 6.19204 -12.5562 0
      vertex 6.47056 -12.4073 0
    endloop
  endfacet
  facet normal 0.773058 -0.634336 0
    outer loop
      vertex 10.5258 -9.23084 10
      vertex 11.1069 -8.52266 0
      vertex 11.1069 -8.52266 10
    endloop
  endfacet
  facet normal 0.773058 -0.634336 0
    outer loop
      vertex 11.1069 -8.52266 0
      vertex 10.5258 -9.23084 10
      vertex 10.5258 -9.23084 0
    endloop
  endfacet
  facet normal 0.812811 -0.582528 0
    outer loop
      vertex 11.1069 -8.52266 10
      vertex 11.6406 -7.77798 0
      vertex 11.6406 -7.77798 10
    endloop
  endfacet
  facet normal 0.812811 -0.582528 0
    outer loop
      vertex 11.6406 -7.77798 0
      vertex 11.1069 -8.52266 10
      vertex 11.1069 -8.52266 0
    endloop
  endfacet
  facet normal 0.910861 -0.412713 0
    outer loop
      vertex 12.5562 -6.19204 10
      vertex 12.9343 -5.35757 0
      vertex 12.9343 -5.35757 10
    endloop
  endfacet
  facet normal 0.910861 -0.412713 0
    outer loop
      vertex 12.9343 -5.35757 0
      vertex 12.5562 -6.19204 10
      vertex 12.5562 -6.19204 0
    endloop
  endfacet
  facet normal 0.93591 -0.35224 0
    outer loop
      vertex 12.9343 -5.35757 10
      vertex 13.257 -4.50015 0
      vertex 13.257 -4.50015 10
    endloop
  endfacet
  facet normal 0.93591 -0.35224 0
    outer loop
      vertex 13.257 -4.50015 0
      vertex 12.9343 -5.35757 10
      vertex 12.9343 -5.35757 0
    endloop
  endfacet
  facet normal 0.973888 -0.22703 0
    outer loop
      vertex 13.6593 -3.03883 10
      vertex 13.731 -2.73126 0
      vertex 13.731 -2.73126 10
    endloop
  endfacet
  facet normal 0.973888 -0.22703 0
    outer loop
      vertex 13.731 -2.73126 0
      vertex 13.6593 -3.03883 10
      vertex 13.6593 -3.03883 0
    endloop
  endfacet
  facet normal 0.999458 -0.0329305 0
    outer loop
      vertex 13.97 -0.915644 10
      vertex 13.9804 -0.599999 0
      vertex 13.9804 -0.599999 10
    endloop
  endfacet
  facet normal 0.999458 -0.0329305 0
    outer loop
      vertex 13.9804 -0.599999 0
      vertex 13.97 -0.915644 10
      vertex 13.97 -0.915644 0
    endloop
  endfacet
  facet normal -0.0324643 -0.999473 0
    outer loop
      vertex -0.915644 -13.97 0
      vertex -0.857149 -13.9719 4.02261
      vertex -0.915644 -13.97 4.07739
    endloop
  endfacet
  facet normal -0.0334248 -0.999441 1.39826e-05
    outer loop
      vertex -0.915644 -13.97 0
      vertex -0.791389 -13.9741 3.96864
      vertex -0.857149 -13.9719 4.02261
    endloop
  endfacet
  facet normal -0.0332373 -0.999447 8.10574e-06
    outer loop
      vertex -0.915644 -13.97 0
      vertex -0.72224 -13.9764 3.91909
      vertex -0.791389 -13.9741 3.96864
    endloop
  endfacet
  facet normal -0.0318594 -0.999492 -5.99649e-05
    outer loop
      vertex -0.915644 -13.97 0
      vertex -0.65 -13.9787 3.87417
      vertex -0.72224 -13.9764 3.91909
    endloop
  endfacet
  facet normal -0.0339356 -0.999424 8.25472e-05
    outer loop
      vertex -0.915644 -13.97 0
      vertex -0.599999 -13.9804 3.84744
      vertex -0.65 -13.9787 3.87417
    endloop
  endfacet
  facet normal -0.0329305 -0.999458 -0
    outer loop
      vertex -0.599999 -13.9804 3.84744
      vertex -0.915644 -13.97 0
      vertex -0.599999 -13.9804 0
    endloop
  endfacet
  facet normal -0.0329305 -0.999458 0
    outer loop
      vertex -0.915644 -13.97 10
      vertex -0.599999 -13.9804 6.15256
      vertex -0.599999 -13.9804 10
    endloop
  endfacet
  facet normal -0.0339356 -0.999424 -8.25472e-05
    outer loop
      vertex -0.915644 -13.97 10
      vertex -0.65 -13.9787 6.12583
      vertex -0.599999 -13.9804 6.15256
    endloop
  endfacet
  facet normal -0.0318594 -0.999492 5.99649e-05
    outer loop
      vertex -0.915644 -13.97 10
      vertex -0.72224 -13.9764 6.08091
      vertex -0.65 -13.9787 6.12583
    endloop
  endfacet
  facet normal -0.0332373 -0.999447 -8.10574e-06
    outer loop
      vertex -0.915644 -13.97 10
      vertex -0.791389 -13.9741 6.03136
      vertex -0.72224 -13.9764 6.08091
    endloop
  endfacet
  facet normal -0.0334248 -0.999441 -1.39826e-05
    outer loop
      vertex -0.915644 -13.97 10
      vertex -0.857149 -13.9719 5.97739
      vertex -0.791389 -13.9741 6.03136
    endloop
  endfacet
  facet normal -0.0324643 -0.999473 0
    outer loop
      vertex -0.857149 -13.9719 5.97739
      vertex -0.915644 -13.97 10
      vertex -0.915644 -13.97 5.9226
    endloop
  endfacet
  facet normal -0.22703 -0.973888 0
    outer loop
      vertex -3.03883 -13.6593 0
      vertex -2.73126 -13.731 10
      vertex -3.03883 -13.6593 10
    endloop
  endfacet
  facet normal -0.22703 -0.973888 -0
    outer loop
      vertex -2.73126 -13.731 10
      vertex -3.03883 -13.6593 0
      vertex -2.73126 -13.731 0
    endloop
  endfacet
  facet normal -0.527905 -0.849303 0
    outer loop
      vertex -7.77798 -11.6406 0
      vertex -7.50979 -11.8073 10
      vertex -7.77798 -11.6406 10
    endloop
  endfacet
  facet normal -0.527905 -0.849303 -0
    outer loop
      vertex -7.50979 -11.8073 10
      vertex -7.77798 -11.6406 0
      vertex -7.50979 -11.8073 0
    endloop
  endfacet
  facet normal 0 -1 0
    outer loop
      vertex -7.00001 -12.1244 0
      vertex -7 -12.1244 10
      vertex -7.00001 -12.1244 10
    endloop
  endfacet
  facet normal 0 -1 -0
    outer loop
      vertex -7 -12.1244 10
      vertex -7.00001 -12.1244 0
      vertex -7 -12.1244 0
    endloop
  endfacet
  facet normal -0.412713 -0.910861 0
    outer loop
      vertex -6.19204 -12.5562 0
      vertex -5.35757 -12.9343 10
      vertex -6.19204 -12.5562 10
    endloop
  endfacet
  facet normal -0.412713 -0.910861 -0
    outer loop
      vertex -5.35757 -12.9343 10
      vertex -6.19204 -12.5562 0
      vertex -5.35757 -12.9343 0
    endloop
  endfacet
  facet normal -0.634336 -0.773058 0
    outer loop
      vertex -9.23084 -10.5258 0
      vertex -8.52266 -11.1069 10
      vertex -9.23084 -10.5258 10
    endloop
  endfacet
  facet normal -0.634336 -0.773058 -0
    outer loop
      vertex -8.52266 -11.1069 10
      vertex -9.23084 -10.5258 0
      vertex -8.52266 -11.1069 0
    endloop
  endfacet
  facet normal -0.812811 -0.582528 0
    outer loop
      vertex -11.1069 -8.52266 0
      vertex -11.6406 -7.77798 10
      vertex -11.6406 -7.77798 0
    endloop
  endfacet
  facet normal -0.812811 -0.582528 0
    outer loop
      vertex -11.6406 -7.77798 10
      vertex -11.1069 -8.52266 0
      vertex -11.1069 -8.52266 10
    endloop
  endfacet
  facet normal -0.881884 -0.471466 0
    outer loop
      vertex -12.4073 -6.47056 0
      vertex -12.5562 -6.19204 10
      vertex -12.5562 -6.19204 0
    endloop
  endfacet
  facet normal -0.881884 -0.471466 0
    outer loop
      vertex -12.5562 -6.19204 10
      vertex -12.4073 -6.47056 0
      vertex -12.4073 -6.47056 10
    endloop
  endfacet
  facet normal -1 0 0
    outer loop
      vertex -12.1244 -7 0
      vertex -12.1244 -6.99999 10
      vertex -12.1244 -6.99999 0
    endloop
  endfacet
  facet normal -1 -0 0
    outer loop
      vertex -12.1244 -6.99999 10
      vertex -12.1244 -7 0
      vertex -12.1244 -7 10
    endloop
  endfacet
  facet normal -0.986649 -0.162861 0
    outer loop
      vertex -13.731 -2.73126 0
      vertex -13.8802 -1.82737 10
      vertex -13.8802 -1.82737 0
    endloop
  endfacet
  facet normal -0.986649 -0.162861 0
    outer loop
      vertex -13.8802 -1.82737 10
      vertex -13.731 -2.73126 0
      vertex -13.731 -2.73126 10
    endloop
  endfacet
  facet normal -0.999458 -0.0329305 0
    outer loop
      vertex -13.97 -0.915644 0
      vertex -13.9804 -0.599999 10
      vertex -13.9804 -0.599999 0
    endloop
  endfacet
  facet normal -0.999458 -0.0329305 0
    outer loop
      vertex -13.9804 -0.599999 10
      vertex -13.97 -0.915644 0
      vertex -13.97 -0.915644 10
    endloop
  endfacet
  facet normal -0.956918 -0.290359 0
    outer loop
      vertex -13.257 -4.50015 0
      vertex -13.3487 -4.19794 10
      vertex -13.3487 -4.19794 0
    endloop
  endfacet
  facet normal -0.956918 -0.290359 0
    outer loop
      vertex -13.3487 -4.19794 10
      vertex -13.257 -4.50015 0
      vertex -13.257 -4.50015 10
    endloop
  endfacet
  facet normal 0.973888 0.22703 0
    outer loop
      vertex 13.731 2.73126 10
      vertex 13.6593 3.03883 0
      vertex 13.6593 3.03883 10
    endloop
  endfacet
  facet normal 0.973888 0.22703 0
    outer loop
      vertex 13.6593 3.03883 0
      vertex 13.731 2.73126 10
      vertex 13.731 2.73126 0
    endloop
  endfacet
  facet normal 0.986649 0.162861 0
    outer loop
      vertex 13.8802 1.82737 10
      vertex 13.731 2.73126 0
      vertex 13.731 2.73126 10
    endloop
  endfacet
  facet normal 0.986649 0.162861 0
    outer loop
      vertex 13.731 2.73126 0
      vertex 13.8802 1.82737 10
      vertex 13.8802 1.82737 0
    endloop
  endfacet
  facet normal 0.729843 0.683615 0
    outer loop
      vertex 10.5258 9.23084 10
      vertex 10.3099 9.46134 0
      vertex 10.3099 9.46134 10
    endloop
  endfacet
  facet normal 0.729843 0.683615 0
    outer loop
      vertex 10.3099 9.46134 0
      vertex 10.5258 9.23084 10
      vertex 10.5258 9.23084 0
    endloop
  endfacet
  facet normal 0.0980202 0.995184 -0
    outer loop
      vertex 1.82737 13.8802 0
      vertex 0.915644 13.97 10
      vertex 1.82737 13.8802 10
    endloop
  endfacet
  facet normal 0.0980202 0.995184 0
    outer loop
      vertex 0.915644 13.97 10
      vertex 1.82737 13.8802 0
      vertex 0.915644 13.97 0
    endloop
  endfacet
  facet normal 0.35224 0.93591 -0
    outer loop
      vertex 5.35757 12.9343 0
      vertex 4.50015 13.257 10
      vertex 5.35757 12.9343 10
    endloop
  endfacet
  facet normal 0.35224 0.93591 0
    outer loop
      vertex 4.50015 13.257 10
      vertex 5.35757 12.9343 0
      vertex 4.50015 13.257 0
    endloop
  endfacet
  facet normal -0.812811 0.582528 0
    outer loop
      vertex -11.6406 7.77798 0
      vertex -11.1069 8.52266 10
      vertex -11.1069 8.52266 0
    endloop
  endfacet
  facet normal -0.812811 0.582528 0
    outer loop
      vertex -11.1069 8.52266 10
      vertex -11.6406 7.77798 0
      vertex -11.6406 7.77798 10
    endloop
  endfacet
  facet normal -0.773058 0.634336 0
    outer loop
      vertex -11.1069 8.52266 0
      vertex -10.5258 9.23084 10
      vertex -10.5258 9.23084 0
    endloop
  endfacet
  facet normal -0.773058 0.634336 0
    outer loop
      vertex -10.5258 9.23084 10
      vertex -11.1069 8.52266 0
      vertex -11.1069 8.52266 10
    endloop
  endfacet
  facet normal -0.995184 0.0980202 0
    outer loop
      vertex -13.97 0.915644 0
      vertex -13.8802 1.82737 10
      vertex -13.8802 1.82737 0
    endloop
  endfacet
  facet normal -0.995184 0.0980202 0
    outer loop
      vertex -13.8802 1.82737 10
      vertex -13.97 0.915644 0
      vertex -13.97 0.915644 10
    endloop
  endfacet
  facet normal -0.93591 0.35224 0
    outer loop
      vertex -13.257 4.50015 0
      vertex -12.9343 5.35757 10
      vertex -12.9343 5.35757 0
    endloop
  endfacet
  facet normal -0.93591 0.35224 0
    outer loop
      vertex -12.9343 5.35757 10
      vertex -13.257 4.50015 0
      vertex -13.257 4.50015 10
    endloop
  endfacet
  facet normal 0.290359 -0.956918 0
    outer loop
      vertex 4.19794 -13.3487 0
      vertex 4.50015 -13.257 10
      vertex 4.19794 -13.3487 10
    endloop
  endfacet
  facet normal 0.290359 -0.956918 0
    outer loop
      vertex 4.50015 -13.257 10
      vertex 4.19794 -13.3487 0
      vertex 4.50015 -13.257 0
    endloop
  endfacet
  facet normal -0.290359 -0.956918 0
    outer loop
      vertex -4.50015 -13.257 0
      vertex -4.19794 -13.3487 10
      vertex -4.50015 -13.257 10
    endloop
  endfacet
  facet normal -0.290359 -0.956918 -0
    outer loop
      vertex -4.19794 -13.3487 10
      vertex -4.50015 -13.257 0
      vertex -4.19794 -13.3487 0
    endloop
  endfacet
  facet normal -0.471466 -0.881884 0
    outer loop
      vertex -6.47056 -12.4073 0
      vertex -6.19204 -12.5562 10
      vertex -6.47056 -12.4073 10
    endloop
  endfacet
  facet normal -0.471466 -0.881884 -0
    outer loop
      vertex -6.19204 -12.5562 10
      vertex -6.47056 -12.4073 0
      vertex -6.19204 -12.5562 0
    endloop
  endfacet
  facet normal 0 -1 0
    outer loop
      vertex -7 -12.1244 0
      vertex -6.99999 -12.1244 10
      vertex -7 -12.1244 10
    endloop
  endfacet
  facet normal 0 -1 -0
    outer loop
      vertex -6.99999 -12.1244 10
      vertex -7 -12.1244 0
      vertex -6.99999 -12.1244 0
    endloop
  endfacet
  facet normal -0.773058 -0.634336 0
    outer loop
      vertex -10.5258 -9.23084 0
      vertex -11.1069 -8.52266 10
      vertex -11.1069 -8.52266 0
    endloop
  endfacet
  facet normal -0.773058 -0.634336 0
    outer loop
      vertex -11.1069 -8.52266 10
      vertex -10.5258 -9.23084 0
      vertex -10.5258 -9.23084 10
    endloop
  endfacet
  facet normal -0.849303 -0.527905 0
    outer loop
      vertex -11.6406 -7.77798 0
      vertex -11.8073 -7.50979 10
      vertex -11.8073 -7.50979 0
    endloop
  endfacet
  facet normal -0.849303 -0.527905 0
    outer loop
      vertex -11.8073 -7.50979 10
      vertex -11.6406 -7.77798 0
      vertex -11.6406 -7.77798 10
    endloop
  endfacet
  facet normal -1 0 0
    outer loop
      vertex -12.1244 -7.00001 0
      vertex -12.1244 -7 10
      vertex -12.1244 -7 0
    endloop
  endfacet
  facet normal -1 -0 0
    outer loop
      vertex -12.1244 -7 10
      vertex -12.1244 -7.00001 0
      vertex -12.1244 -7.00001 10
    endloop
  endfacet
  facet normal -0.995184 -0.0980202 0
    outer loop
      vertex -13.8802 -1.82737 0
      vertex -13.97 -0.915644 10
      vertex -13.97 -0.915644 0
    endloop
  endfacet
  facet normal -0.995184 -0.0980202 0
    outer loop
      vertex -13.97 -0.915644 10
      vertex -13.8802 -1.82737 0
      vertex -13.8802 -1.82737 10
    endloop
  endfacet
  facet normal -0.93591 -0.35224 0
    outer loop
      vertex -12.9343 -5.35757 0
      vertex -13.257 -4.50015 10
      vertex -13.257 -4.50015 0
    endloop
  endfacet
  facet normal -0.93591 -0.35224 0
    outer loop
      vertex -13.257 -4.50015 10
      vertex -12.9343 -5.35757 0
      vertex -12.9343 -5.35757 10
    endloop
  endfacet
  facet normal 0.986649 -0.162861 0
    outer loop
      vertex 13.731 -2.73126 10
      vertex 13.8802 -1.82737 0
      vertex 13.8802 -1.82737 10
    endloop
  endfacet
  facet normal 0.986649 -0.162861 0
    outer loop
      vertex 13.8802 -1.82737 0
      vertex 13.731 -2.73126 10
      vertex 13.731 -2.73126 0
    endloop
  endfacet
  facet normal -0.683581 -0.729874 0
    outer loop
      vertex 2.70332 3.08254 0
      vertex 2.89914 2.89914 10
      vertex 2.70332 3.08254 10
    endloop
  endfacet
  facet normal -0.683581 -0.729874 -0
    outer loop
      vertex 2.89914 2.89914 10
      vertex 2.70332 3.08254 0
      vertex 2.89914 2.89914 0
    endloop
  endfacet
  facet normal 0.352226 -0.935915 0
    outer loop
      vertex -1.569 3.78791 0
      vertex -1.3179 3.88241 10
      vertex -1.569 3.78791 10
    endloop
  endfacet
  facet normal 0.352226 -0.935915 0
    outer loop
      vertex -1.3179 3.88241 10
      vertex -1.569 3.78791 0
      vertex -1.3179 3.88241 0
    endloop
  endfacet
  facet normal 0.91086 -0.412716 0
    outer loop
      vertex -3.78791 1.569 10
      vertex -3.67718 1.81338 0
      vertex -3.67718 1.81338 10
    endloop
  endfacet
  facet normal 0.91086 -0.412716 0
    outer loop
      vertex -3.67718 1.81338 0
      vertex -3.78791 1.569 10
      vertex -3.78791 1.569 0
    endloop
  endfacet
  facet normal -0.995184 0.0980256 0
    outer loop
      vertex 4.06492 -0.535157 0
      vertex 4.09122 -0.268152 10
      vertex 4.09122 -0.268152 0
    endloop
  endfacet
  facet normal -0.995184 0.0980256 0
    outer loop
      vertex 4.09122 -0.268152 10
      vertex 4.06492 -0.535157 0
      vertex 4.06492 -0.535157 10
    endloop
  endfacet
  facet normal 0.412716 0.91086 -0
    outer loop
      vertex -1.569 -3.78791 0
      vertex -1.81338 -3.67718 10
      vertex -1.569 -3.78791 10
    endloop
  endfacet
  facet normal 0.412716 0.91086 0
    outer loop
      vertex -1.81338 -3.67718 10
      vertex -1.569 -3.78791 0
      vertex -1.81338 -3.67718 0
    endloop
  endfacet
  facet normal -0.935915 -0.352226 0
    outer loop
      vertex 3.88241 1.3179 0
      vertex 3.78791 1.569 10
      vertex 3.78791 1.569 0
    endloop
  endfacet
  facet normal -0.935915 -0.352226 0
    outer loop
      vertex 3.78791 1.569 10
      vertex 3.88241 1.3179 0
      vertex 3.88241 1.3179 10
    endloop
  endfacet
  facet normal -0.91086 -0.412716 0
    outer loop
      vertex 3.78791 1.569 0
      vertex 3.67718 1.81338 10
      vertex 3.67718 1.81338 0
    endloop
  endfacet
  facet normal -0.91086 -0.412716 0
    outer loop
      vertex 3.67718 1.81338 10
      vertex 3.78791 1.569 0
      vertex 3.78791 1.569 10
    endloop
  endfacet
  facet normal -0.412716 -0.91086 0
    outer loop
      vertex 1.569 3.78791 0
      vertex 1.81338 3.67718 10
      vertex 1.569 3.78791 10
    endloop
  endfacet
  facet normal -0.412716 -0.91086 -0
    outer loop
      vertex 1.81338 3.67718 10
      vertex 1.569 3.78791 0
      vertex 1.81338 3.67718 0
    endloop
  endfacet
  facet normal -0.16288 -0.986646 0
    outer loop
      vertex 0.535157 4.06492 0
      vertex 0.79987 4.02122 10
      vertex 0.535157 4.06492 10
    endloop
  endfacet
  facet normal -0.16288 -0.986646 -0
    outer loop
      vertex 0.79987 4.02122 10
      vertex 0.535157 4.06492 0
      vertex 0.79987 4.02122 0
    endloop
  endfacet
  facet normal 0.986646 -0.16288 0
    outer loop
      vertex -4.06492 0.535157 10
      vertex -4.02122 0.79987 0
      vertex -4.02122 0.79987 10
    endloop
  endfacet
  facet normal 0.986646 -0.16288 0
    outer loop
      vertex -4.02122 0.79987 0
      vertex -4.06492 0.535157 10
      vertex -4.06492 0.535157 0
    endloop
  endfacet
  facet normal 0.729874 -0.683581 0
    outer loop
      vertex -3.08254 2.70332 10
      vertex -2.89914 2.89914 0
      vertex -2.89914 2.89914 10
    endloop
  endfacet
  facet normal 0.729874 -0.683581 0
    outer loop
      vertex -2.89914 2.89914 0
      vertex -3.08254 2.70332 10
      vertex -3.08254 2.70332 0
    endloop
  endfacet
  facet normal 0.16288 -0.986646 0
    outer loop
      vertex -0.79987 4.02122 0
      vertex -0.535157 4.06492 10
      vertex -0.79987 4.02122 10
    endloop
  endfacet
  facet normal 0.16288 -0.986646 0
    outer loop
      vertex -0.535157 4.06492 10
      vertex -0.79987 4.02122 0
      vertex -0.535157 4.06492 0
    endloop
  endfacet
  facet normal -0.935915 0.352226 0
    outer loop
      vertex 3.78791 -1.569 0
      vertex 3.88241 -1.3179 10
      vertex 3.88241 -1.3179 0
    endloop
  endfacet
  facet normal -0.935915 0.352226 0
    outer loop
      vertex 3.88241 -1.3179 10
      vertex 3.78791 -1.569 0
      vertex 3.78791 -1.569 10
    endloop
  endfacet
  facet normal 0.16288 0.986646 -0
    outer loop
      vertex -0.535157 -4.06492 6.18398
      vertex -0.79987 -4.02122 10
      vertex -0.535157 -4.06492 10
    endloop
  endfacet
  facet normal 0.162802 0.986659 -5.55383e-06
    outer loop
      vertex -0.574975 -4.05835 6.16593
      vertex -0.79987 -4.02122 10
      vertex -0.535157 -4.06492 6.18398
    endloop
  endfacet
  facet normal 0.162937 0.986637 2.56346e-06
    outer loop
      vertex -0.65 -4.04596 6.12583
      vertex -0.79987 -4.02122 10
      vertex -0.574975 -4.05835 6.16593
    endloop
  endfacet
  facet normal 0.162806 0.986658 -2.64117e-06
    outer loop
      vertex -0.72224 -4.03404 6.08091
      vertex -0.79987 -4.02122 10
      vertex -0.65 -4.04596 6.12583
    endloop
  endfacet
  facet normal 0.162943 0.986635 1.59457e-07
    outer loop
      vertex -0.791389 -4.02262 6.03136
      vertex -0.79987 -4.02122 10
      vertex -0.72224 -4.03404 6.08091
    endloop
  endfacet
  facet normal 0.162871 0.986647 0
    outer loop
      vertex -0.79987 -4.02122 10
      vertex -0.791389 -4.02262 6.03136
      vertex -0.79987 -4.02122 6.0244
    endloop
  endfacet
  facet normal 0.16288 0.986646 0
    outer loop
      vertex -0.79987 -4.02122 0
      vertex -0.535157 -4.06492 3.81602
      vertex -0.535157 -4.06492 0
    endloop
  endfacet
  facet normal 0.162802 0.986659 5.55392e-06
    outer loop
      vertex -0.535157 -4.06492 3.81602
      vertex -0.79987 -4.02122 0
      vertex -0.574975 -4.05835 3.83406
    endloop
  endfacet
  facet normal 0.162937 0.986637 -2.56344e-06
    outer loop
      vertex -0.574975 -4.05835 3.83406
      vertex -0.79987 -4.02122 0
      vertex -0.65 -4.04596 3.87417
    endloop
  endfacet
  facet normal 0.162806 0.986658 2.64117e-06
    outer loop
      vertex -0.65 -4.04596 3.87417
      vertex -0.79987 -4.02122 0
      vertex -0.72224 -4.03404 3.91909
    endloop
  endfacet
  facet normal 0.162943 0.986635 -1.59457e-07
    outer loop
      vertex -0.72224 -4.03404 3.91909
      vertex -0.79987 -4.02122 0
      vertex -0.791389 -4.02262 3.96864
    endloop
  endfacet
  facet normal 0.162871 0.986647 0
    outer loop
      vertex -0.791389 -4.02262 3.96864
      vertex -0.79987 -4.02122 0
      vertex -0.79987 -4.02122 3.9756
    endloop
  endfacet
  facet normal 0.683581 0.729874 -0
    outer loop
      vertex -2.70332 -3.08254 0
      vertex -2.89914 -2.89914 10
      vertex -2.70332 -3.08254 10
    endloop
  endfacet
  facet normal 0.683581 0.729874 0
    outer loop
      vertex -2.89914 -2.89914 10
      vertex -2.70332 -3.08254 0
      vertex -2.89914 -2.89914 0
    endloop
  endfacet
  facet normal -0.995184 -0.0980256 0
    outer loop
      vertex 4.09122 0.268152 0
      vertex 4.06492 0.535157 10
      vertex 4.06492 0.535157 0
    endloop
  endfacet
  facet normal -0.995184 -0.0980256 0
    outer loop
      vertex 4.06492 0.535157 10
      vertex 4.09122 0.268152 0
      vertex 4.09122 0.268152 10
    endloop
  endfacet
  facet normal -0.973881 -0.227061 0
    outer loop
      vertex 4.02122 0.79987 0
      vertex 3.9603 1.06116 10
      vertex 3.9603 1.06116 0
    endloop
  endfacet
  facet normal -0.973881 -0.227061 0
    outer loop
      vertex 3.9603 1.06116 10
      vertex 4.02122 0.79987 0
      vertex 4.02122 0.79987 10
    endloop
  endfacet
  facet normal -0.956931 -0.290315 0
    outer loop
      vertex 3.9603 1.06116 0
      vertex 3.88241 1.3179 10
      vertex 3.88241 1.3179 0
    endloop
  endfacet
  facet normal -0.956931 -0.290315 0
    outer loop
      vertex 3.88241 1.3179 10
      vertex 3.9603 1.06116 0
      vertex 3.9603 1.06116 10
    endloop
  endfacet
  facet normal -0.812836 -0.582493 0
    outer loop
      vertex 3.40903 2.27784 0
      vertex 3.25275 2.49592 10
      vertex 3.25275 2.49592 0
    endloop
  endfacet
  facet normal -0.812836 -0.582493 0
    outer loop
      vertex 3.25275 2.49592 10
      vertex 3.40903 2.27784 0
      vertex 3.40903 2.27784 10
    endloop
  endfacet
  facet normal -0.849219 -0.528041 0
    outer loop
      vertex 3.5507 2.05 0
      vertex 3.40903 2.27784 10
      vertex 3.40903 2.27784 0
    endloop
  endfacet
  facet normal -0.849219 -0.528041 0
    outer loop
      vertex 3.40903 2.27784 10
      vertex 3.5507 2.05 0
      vertex 3.5507 2.05 10
    endloop
  endfacet
  facet normal -0.582493 -0.812836 0
    outer loop
      vertex 2.27784 3.40903 0
      vertex 2.49592 3.25275 10
      vertex 2.27784 3.40903 10
    endloop
  endfacet
  facet normal -0.582493 -0.812836 -0
    outer loop
      vertex 2.49592 3.25275 10
      vertex 2.27784 3.40903 0
      vertex 2.49592 3.25275 0
    endloop
  endfacet
  facet normal -0.528041 -0.849219 0
    outer loop
      vertex 2.05 3.5507 0
      vertex 2.27784 3.40903 10
      vertex 2.05 3.5507 10
    endloop
  endfacet
  facet normal -0.528041 -0.849219 -0
    outer loop
      vertex 2.27784 3.40903 10
      vertex 2.05 3.5507 0
      vertex 2.27784 3.40903 0
    endloop
  endfacet
  facet normal -0.0980256 -0.995184 0
    outer loop
      vertex 0.268152 4.09122 0
      vertex 0.535157 4.06492 10
      vertex 0.268152 4.09122 10
    endloop
  endfacet
  facet normal -0.0980256 -0.995184 -0
    outer loop
      vertex 0.535157 4.06492 10
      vertex 0.268152 4.09122 0
      vertex 0.535157 4.06492 0
    endloop
  endfacet
  facet normal -0.227061 -0.973881 0
    outer loop
      vertex 0.79987 4.02122 0
      vertex 1.06116 3.9603 10
      vertex 0.79987 4.02122 10
    endloop
  endfacet
  facet normal -0.227061 -0.973881 -0
    outer loop
      vertex 1.06116 3.9603 10
      vertex 0.79987 4.02122 0
      vertex 1.06116 3.9603 0
    endloop
  endfacet
  facet normal 0.995184 -0.0980256 0
    outer loop
      vertex -4.09122 0.268152 10
      vertex -4.06492 0.535157 0
      vertex -4.06492 0.535157 10
    endloop
  endfacet
  facet normal 0.995184 -0.0980256 0
    outer loop
      vertex -4.06492 0.535157 0
      vertex -4.09122 0.268152 10
      vertex -4.09122 0.268152 0
    endloop
  endfacet
  facet normal 0.973881 -0.227061 0
    outer loop
      vertex -4.02122 0.79987 10
      vertex -3.9603 1.06116 0
      vertex -3.9603 1.06116 10
    endloop
  endfacet
  facet normal 0.973881 -0.227061 0
    outer loop
      vertex -3.9603 1.06116 0
      vertex -4.02122 0.79987 10
      vertex -4.02122 0.79987 0
    endloop
  endfacet
  facet normal 0.849219 -0.528041 0
    outer loop
      vertex -3.5507 2.05 10
      vertex -3.40903 2.27784 0
      vertex -3.40903 2.27784 10
    endloop
  endfacet
  facet normal 0.849219 -0.528041 0
    outer loop
      vertex -3.40903 2.27784 0
      vertex -3.5507 2.05 10
      vertex -3.5507 2.05 0
    endloop
  endfacet
  facet normal 0.812836 -0.582493 0
    outer loop
      vertex -3.40903 2.27784 10
      vertex -3.25275 2.49592 0
      vertex -3.25275 2.49592 10
    endloop
  endfacet
  facet normal 0.812836 -0.582493 0
    outer loop
      vertex -3.25275 2.49592 0
      vertex -3.40903 2.27784 10
      vertex -3.40903 2.27784 0
    endloop
  endfacet
  facet normal 0.227061 -0.973881 0
    outer loop
      vertex -1.06116 3.9603 0
      vertex -0.79987 4.02122 10
      vertex -1.06116 3.9603 10
    endloop
  endfacet
  facet normal 0.227061 -0.973881 0
    outer loop
      vertex -0.79987 4.02122 10
      vertex -1.06116 3.9603 0
      vertex -0.79987 4.02122 0
    endloop
  endfacet
  facet normal 0.0980256 -0.995184 0
    outer loop
      vertex -0.535157 4.06492 0
      vertex -0.268152 4.09122 10
      vertex -0.535157 4.06492 10
    endloop
  endfacet
  facet normal 0.0980256 -0.995184 0
    outer loop
      vertex -0.268152 4.09122 10
      vertex -0.535157 4.06492 0
      vertex -0.268152 4.09122 0
    endloop
  endfacet
  facet normal 0.528041 -0.849219 0
    outer loop
      vertex -2.27784 3.40903 0
      vertex -2.05 3.5507 10
      vertex -2.27784 3.40903 10
    endloop
  endfacet
  facet normal 0.528041 -0.849219 0
    outer loop
      vertex -2.05 3.5507 10
      vertex -2.27784 3.40903 0
      vertex -2.05 3.5507 0
    endloop
  endfacet
  facet normal 0.582493 -0.812836 0
    outer loop
      vertex -2.49592 3.25275 0
      vertex -2.27784 3.40903 10
      vertex -2.49592 3.25275 10
    endloop
  endfacet
  facet normal 0.582493 -0.812836 0
    outer loop
      vertex -2.27784 3.40903 10
      vertex -2.49592 3.25275 0
      vertex -2.27784 3.40903 0
    endloop
  endfacet
  facet normal 0.471408 -0.881915 0
    outer loop
      vertex -2.05 3.5507 0
      vertex -1.81338 3.67718 10
      vertex -2.05 3.5507 10
    endloop
  endfacet
  facet normal 0.471408 -0.881915 0
    outer loop
      vertex -1.81338 3.67718 10
      vertex -2.05 3.5507 0
      vertex -1.81338 3.67718 0
    endloop
  endfacet
  facet normal -0.999464 -0.0327251 0
    outer loop
      vertex 4.1 0 0
      vertex 4.09122 0.268152 10
      vertex 4.09122 0.268152 0
    endloop
  endfacet
  facet normal -0.999464 -0.0327251 0
    outer loop
      vertex 4.09122 0.268152 10
      vertex 4.1 0 0
      vertex 4.1 0 10
    endloop
  endfacet
  facet normal -0.956931 0.290315 0
    outer loop
      vertex 3.88241 -1.3179 0
      vertex 3.9603 -1.06116 10
      vertex 3.9603 -1.06116 0
    endloop
  endfacet
  facet normal -0.956931 0.290315 0
    outer loop
      vertex 3.9603 -1.06116 10
      vertex 3.88241 -1.3179 0
      vertex 3.88241 -1.3179 10
    endloop
  endfacet
  facet normal -0.729874 0.683581 0
    outer loop
      vertex 2.89914 -2.89914 0
      vertex 3.08254 -2.70332 10
      vertex 3.08254 -2.70332 0
    endloop
  endfacet
  facet normal -0.729874 0.683581 0
    outer loop
      vertex 3.08254 -2.70332 10
      vertex 2.89914 -2.89914 0
      vertex 2.89914 -2.89914 10
    endloop
  endfacet
  facet normal -0.16288 0.986646 0
    outer loop
      vertex 0.79987 -4.02122 10
      vertex 0.535157 -4.06492 6.18398
      vertex 0.535157 -4.06492 10
    endloop
  endfacet
  facet normal -0.162802 0.986659 -5.55383e-06
    outer loop
      vertex 0.79987 -4.02122 10
      vertex 0.574975 -4.05835 6.16593
      vertex 0.535157 -4.06492 6.18398
    endloop
  endfacet
  facet normal -0.162937 0.986637 2.56346e-06
    outer loop
      vertex 0.79987 -4.02122 10
      vertex 0.65 -4.04596 6.12583
      vertex 0.574975 -4.05835 6.16593
    endloop
  endfacet
  facet normal -0.162806 0.986658 -2.64117e-06
    outer loop
      vertex 0.79987 -4.02122 10
      vertex 0.72224 -4.03404 6.08091
      vertex 0.65 -4.04596 6.12583
    endloop
  endfacet
  facet normal -0.162943 0.986635 1.59457e-07
    outer loop
      vertex 0.79987 -4.02122 10
      vertex 0.791389 -4.02262 6.03136
      vertex 0.72224 -4.03404 6.08091
    endloop
  endfacet
  facet normal -0.162871 0.986647 0
    outer loop
      vertex 0.791389 -4.02262 6.03136
      vertex 0.79987 -4.02122 10
      vertex 0.79987 -4.02122 6.0244
    endloop
  endfacet
  facet normal -0.162871 0.986647 0
    outer loop
      vertex 0.79987 -4.02122 0
      vertex 0.791389 -4.02262 3.96864
      vertex 0.79987 -4.02122 3.9756
    endloop
  endfacet
  facet normal -0.162943 0.986635 -1.59457e-07
    outer loop
      vertex 0.79987 -4.02122 0
      vertex 0.72224 -4.03404 3.91909
      vertex 0.791389 -4.02262 3.96864
    endloop
  endfacet
  facet normal -0.162806 0.986658 2.64117e-06
    outer loop
      vertex 0.79987 -4.02122 0
      vertex 0.65 -4.04596 3.87417
      vertex 0.72224 -4.03404 3.91909
    endloop
  endfacet
  facet normal -0.162937 0.986637 -2.56344e-06
    outer loop
      vertex 0.79987 -4.02122 0
      vertex 0.574975 -4.05835 3.83406
      vertex 0.65 -4.04596 3.87417
    endloop
  endfacet
  facet normal -0.162802 0.986659 5.55392e-06
    outer loop
      vertex 0.79987 -4.02122 0
      vertex 0.535157 -4.06492 3.81602
      vertex 0.574975 -4.05835 3.83406
    endloop
  endfacet
  facet normal -0.16288 0.986646 0
    outer loop
      vertex 0.535157 -4.06492 3.81602
      vertex 0.79987 -4.02122 0
      vertex 0.535157 -4.06492 0
    endloop
  endfacet
  facet normal -0.227061 0.973881 0
    outer loop
      vertex 1.06116 -3.9603 10
      vertex 0.79987 -4.02122 6.0244
      vertex 0.79987 -4.02122 10
    endloop
  endfacet
  facet normal -0.227143 0.973861 5.67157e-06
    outer loop
      vertex 1.06116 -3.9603 10
      vertex 0.857149 -4.00786 5.97739
      vertex 0.79987 -4.02122 6.0244
    endloop
  endfacet
  facet normal -0.226981 0.973899 -2.97802e-06
    outer loop
      vertex 1.06116 -3.9603 10
      vertex 0.890874 -4 5.9458
      vertex 0.857149 -4.00786 5.97739
    endloop
  endfacet
  facet normal -0.227048 0.973883 0
    outer loop
      vertex 1.06116 -3.9603 10
      vertex 0.890874 -4 4.05419
      vertex 0.890874 -4 5.9458
    endloop
  endfacet
  facet normal -0.227048 0.973883 0
    outer loop
      vertex 1.06116 -3.9603 0
      vertex 0.890874 -4 4.05419
      vertex 1.06116 -3.9603 10
    endloop
  endfacet
  facet normal -0.226981 0.973899 2.97806e-06
    outer loop
      vertex 1.06116 -3.9603 0
      vertex 0.857149 -4.00786 4.02261
      vertex 0.890874 -4 4.05419
    endloop
  endfacet
  facet normal -0.227143 0.973861 -5.67157e-06
    outer loop
      vertex 1.06116 -3.9603 0
      vertex 0.79987 -4.02122 3.9756
      vertex 0.857149 -4.00786 4.02261
    endloop
  endfacet
  facet normal -0.227061 0.973881 0
    outer loop
      vertex 0.79987 -4.02122 3.9756
      vertex 1.06116 -3.9603 0
      vertex 0.79987 -4.02122 0
    endloop
  endfacet
  facet normal -0.582493 0.812836 0
    outer loop
      vertex 2.49592 -3.25275 0
      vertex 2.27784 -3.40903 10
      vertex 2.49592 -3.25275 10
    endloop
  endfacet
  facet normal -0.582493 0.812836 0
    outer loop
      vertex 2.27784 -3.40903 10
      vertex 2.49592 -3.25275 0
      vertex 2.27784 -3.40903 0
    endloop
  endfacet
  facet normal 0.0980256 0.995184 -0
    outer loop
      vertex -0.268152 -4.09122 6.27163
      vertex -0.535157 -4.06492 10
      vertex -0.268152 -4.09122 10
    endloop
  endfacet
  facet normal 0.0980436 0.995182 1.2992e-06
    outer loop
      vertex -0.336464 -4.08449 6.2557
      vertex -0.535157 -4.06492 10
      vertex -0.268152 -4.09122 6.27163
    endloop
  endfacet
  facet normal 0.0979232 0.995194 -5.15421e-06
    outer loop
      vertex -0.417871 -4.07648 6.23101
      vertex -0.535157 -4.06492 10
      vertex -0.336464 -4.08449 6.2557
    endloop
  endfacet
  facet normal 0.0981209 0.995175 1.05742e-06
    outer loop
      vertex -0.497488 -4.06863 6.20104
      vertex -0.535157 -4.06492 10
      vertex -0.417871 -4.07648 6.23101
    endloop
  endfacet
  facet normal 0.0980152 0.995185 0
    outer loop
      vertex -0.535157 -4.06492 10
      vertex -0.497488 -4.06863 6.20104
      vertex -0.535157 -4.06492 6.18398
    endloop
  endfacet
  facet normal 0.0980256 0.995184 0
    outer loop
      vertex -0.535157 -4.06492 0
      vertex -0.268152 -4.09122 3.72837
      vertex -0.268152 -4.09122 0
    endloop
  endfacet
  facet normal 0.0980436 0.995182 -1.2992e-06
    outer loop
      vertex -0.268152 -4.09122 3.72837
      vertex -0.535157 -4.06492 0
      vertex -0.336464 -4.08449 3.7443
    endloop
  endfacet
  facet normal 0.0979232 0.995194 5.15421e-06
    outer loop
      vertex -0.336464 -4.08449 3.7443
      vertex -0.535157 -4.06492 0
      vertex -0.417871 -4.07648 3.76899
    endloop
  endfacet
  facet normal 0.0981209 0.995175 -1.05742e-06
    outer loop
      vertex -0.417871 -4.07648 3.76899
      vertex -0.535157 -4.06492 0
      vertex -0.497488 -4.06863 3.79896
    endloop
  endfacet
  facet normal 0.0980152 0.995185 0
    outer loop
      vertex -0.497488 -4.06863 3.79896
      vertex -0.535157 -4.06492 0
      vertex -0.535157 -4.06492 3.81602
    endloop
  endfacet
  facet normal 0.528041 0.849219 -0
    outer loop
      vertex -2.05 -3.5507 0
      vertex -2.27784 -3.40903 10
      vertex -2.05 -3.5507 10
    endloop
  endfacet
  facet normal 0.528041 0.849219 0
    outer loop
      vertex -2.27784 -3.40903 10
      vertex -2.05 -3.5507 0
      vertex -2.27784 -3.40903 0
    endloop
  endfacet
  facet normal 0.973881 0.227061 0
    outer loop
      vertex -3.9603 -1.06116 10
      vertex -4.02122 -0.79987 0
      vertex -4.02122 -0.79987 10
    endloop
  endfacet
  facet normal 0.973881 0.227061 0
    outer loop
      vertex -4.02122 -0.79987 0
      vertex -3.9603 -1.06116 10
      vertex -3.9603 -1.06116 0
    endloop
  endfacet
  facet normal 0.812836 0.582493 0
    outer loop
      vertex -3.25275 -2.49592 10
      vertex -3.40903 -2.27784 0
      vertex -3.40903 -2.27784 10
    endloop
  endfacet
  facet normal 0.812836 0.582493 0
    outer loop
      vertex -3.40903 -2.27784 0
      vertex -3.25275 -2.49592 10
      vertex -3.25275 -2.49592 0
    endloop
  endfacet
  facet normal 0.773008 0.634396 0
    outer loop
      vertex -3.08254 -2.70332 10
      vertex -3.25275 -2.49592 0
      vertex -3.25275 -2.49592 10
    endloop
  endfacet
  facet normal 0.773008 0.634396 0
    outer loop
      vertex -3.25275 -2.49592 0
      vertex -3.08254 -2.70332 10
      vertex -3.08254 -2.70332 0
    endloop
  endfacet
  facet normal -0.986646 -0.16288 0
    outer loop
      vertex 4.06492 0.535157 0
      vertex 4.02122 0.79987 10
      vertex 4.02122 0.79987 0
    endloop
  endfacet
  facet normal -0.986646 -0.16288 0
    outer loop
      vertex 4.02122 0.79987 10
      vertex 4.06492 0.535157 0
      vertex 4.06492 0.535157 10
    endloop
  endfacet
  facet normal -0.881915 -0.471408 0
    outer loop
      vertex 3.67718 1.81338 0
      vertex 3.5507 2.05 10
      vertex 3.5507 2.05 0
    endloop
  endfacet
  facet normal -0.881915 -0.471408 0
    outer loop
      vertex 3.5507 2.05 10
      vertex 3.67718 1.81338 0
      vertex 3.67718 1.81338 10
    endloop
  endfacet
  facet normal -0.773008 -0.634396 0
    outer loop
      vertex 3.25275 2.49592 0
      vertex 3.08254 2.70332 10
      vertex 3.08254 2.70332 0
    endloop
  endfacet
  facet normal -0.773008 -0.634396 0
    outer loop
      vertex 3.08254 2.70332 10
      vertex 3.25275 2.49592 0
      vertex 3.25275 2.49592 10
    endloop
  endfacet
  facet normal -0.729874 -0.683581 0
    outer loop
      vertex 3.08254 2.70332 0
      vertex 2.89914 2.89914 10
      vertex 2.89914 2.89914 0
    endloop
  endfacet
  facet normal -0.729874 -0.683581 0
    outer loop
      vertex 2.89914 2.89914 10
      vertex 3.08254 2.70332 0
      vertex 3.08254 2.70332 10
    endloop
  endfacet
  facet normal -0.634396 -0.773008 0
    outer loop
      vertex 2.49592 3.25275 0
      vertex 2.70332 3.08254 10
      vertex 2.49592 3.25275 10
    endloop
  endfacet
  facet normal -0.634396 -0.773008 -0
    outer loop
      vertex 2.70332 3.08254 10
      vertex 2.49592 3.25275 0
      vertex 2.70332 3.08254 0
    endloop
  endfacet
  facet normal -0.0327251 -0.999464 0
    outer loop
      vertex 0 4.1 0
      vertex 0.268152 4.09122 10
      vertex 0 4.1 10
    endloop
  endfacet
  facet normal -0.0327251 -0.999464 -0
    outer loop
      vertex 0.268152 4.09122 10
      vertex 0 4.1 0
      vertex 0.268152 4.09122 0
    endloop
  endfacet
  facet normal -0.471408 -0.881915 0
    outer loop
      vertex 1.81338 3.67718 0
      vertex 2.05 3.5507 10
      vertex 1.81338 3.67718 10
    endloop
  endfacet
  facet normal -0.471408 -0.881915 -0
    outer loop
      vertex 2.05 3.5507 10
      vertex 1.81338 3.67718 0
      vertex 2.05 3.5507 0
    endloop
  endfacet
  facet normal -0.290315 -0.956931 0
    outer loop
      vertex 1.06116 3.9603 0
      vertex 1.3179 3.88241 10
      vertex 1.06116 3.9603 10
    endloop
  endfacet
  facet normal -0.290315 -0.956931 -0
    outer loop
      vertex 1.3179 3.88241 10
      vertex 1.06116 3.9603 0
      vertex 1.3179 3.88241 0
    endloop
  endfacet
  facet normal -0.352226 -0.935915 0
    outer loop
      vertex 1.3179 3.88241 0
      vertex 1.569 3.78791 10
      vertex 1.3179 3.88241 10
    endloop
  endfacet
  facet normal -0.352226 -0.935915 -0
    outer loop
      vertex 1.569 3.78791 10
      vertex 1.3179 3.88241 0
      vertex 1.569 3.78791 0
    endloop
  endfacet
  facet normal 0.999464 -0.0327251 0
    outer loop
      vertex -4.1 0 10
      vertex -4.09122 0.268152 0
      vertex -4.09122 0.268152 10
    endloop
  endfacet
  facet normal 0.999464 -0.0327251 0
    outer loop
      vertex -4.09122 0.268152 0
      vertex -4.1 0 10
      vertex -4.1 0 0
    endloop
  endfacet
  facet normal 0.956931 -0.290315 0
    outer loop
      vertex -3.9603 1.06116 10
      vertex -3.88241 1.3179 0
      vertex -3.88241 1.3179 10
    endloop
  endfacet
  facet normal 0.956931 -0.290315 0
    outer loop
      vertex -3.88241 1.3179 0
      vertex -3.9603 1.06116 10
      vertex -3.9603 1.06116 0
    endloop
  endfacet
  facet normal 0.935915 -0.352226 0
    outer loop
      vertex -3.88241 1.3179 10
      vertex -3.78791 1.569 0
      vertex -3.78791 1.569 10
    endloop
  endfacet
  facet normal 0.935915 -0.352226 0
    outer loop
      vertex -3.78791 1.569 0
      vertex -3.88241 1.3179 10
      vertex -3.88241 1.3179 0
    endloop
  endfacet
  facet normal 0.881915 -0.471408 0
    outer loop
      vertex -3.67718 1.81338 10
      vertex -3.5507 2.05 0
      vertex -3.5507 2.05 10
    endloop
  endfacet
  facet normal 0.881915 -0.471408 0
    outer loop
      vertex -3.5507 2.05 0
      vertex -3.67718 1.81338 10
      vertex -3.67718 1.81338 0
    endloop
  endfacet
  facet normal 0.773008 -0.634396 0
    outer loop
      vertex -3.25275 2.49592 10
      vertex -3.08254 2.70332 0
      vertex -3.08254 2.70332 10
    endloop
  endfacet
  facet normal 0.773008 -0.634396 0
    outer loop
      vertex -3.08254 2.70332 0
      vertex -3.25275 2.49592 10
      vertex -3.25275 2.49592 0
    endloop
  endfacet
  facet normal 0.290315 -0.956931 0
    outer loop
      vertex -1.3179 3.88241 0
      vertex -1.06116 3.9603 10
      vertex -1.3179 3.88241 10
    endloop
  endfacet
  facet normal 0.290315 -0.956931 0
    outer loop
      vertex -1.06116 3.9603 10
      vertex -1.3179 3.88241 0
      vertex -1.06116 3.9603 0
    endloop
  endfacet
  facet normal 0.0327251 -0.999464 0
    outer loop
      vertex -0.268152 4.09122 0
      vertex 0 4.1 10
      vertex -0.268152 4.09122 10
    endloop
  endfacet
  facet normal 0.0327251 -0.999464 0
    outer loop
      vertex 0 4.1 10
      vertex -0.268152 4.09122 0
      vertex 0 4.1 0
    endloop
  endfacet
  facet normal 0.412716 -0.91086 0
    outer loop
      vertex -1.81338 3.67718 0
      vertex -1.569 3.78791 10
      vertex -1.81338 3.67718 10
    endloop
  endfacet
  facet normal 0.412716 -0.91086 0
    outer loop
      vertex -1.569 3.78791 10
      vertex -1.81338 3.67718 0
      vertex -1.569 3.78791 0
    endloop
  endfacet
  facet normal 0.634396 -0.773008 0
    outer loop
      vertex -2.70332 3.08254 0
      vertex -2.49592 3.25275 10
      vertex -2.70332 3.08254 10
    endloop
  endfacet
  facet normal 0.634396 -0.773008 0
    outer loop
      vertex -2.49592 3.25275 10
      vertex -2.70332 3.08254 0
      vertex -2.49592 3.25275 0
    endloop
  endfacet
  facet normal 0.683581 -0.729874 0
    outer loop
      vertex -2.89914 2.89914 0
      vertex -2.70332 3.08254 10
      vertex -2.89914 2.89914 10
    endloop
  endfacet
  facet normal 0.683581 -0.729874 0
    outer loop
      vertex -2.70332 3.08254 10
      vertex -2.89914 2.89914 0
      vertex -2.70332 3.08254 0
    endloop
  endfacet
  facet normal -0.999464 0.0327251 0
    outer loop
      vertex 4.09122 -0.268152 0
      vertex 4.1 0 10
      vertex 4.1 0 0
    endloop
  endfacet
  facet normal -0.999464 0.0327251 0
    outer loop
      vertex 4.1 0 10
      vertex 4.09122 -0.268152 0
      vertex 4.09122 -0.268152 10
    endloop
  endfacet
  facet normal -0.0327251 0.999464 -1.0542e-06
    outer loop
      vertex 0.0850239 -4.09722 6.29722
      vertex 0 -4.1 10
      vertex 0.268152 -4.09122 10
    endloop
  endfacet
  facet normal -0.0326792 0.999466 0
    outer loop
      vertex 0 -4.1 10
      vertex 0.0850239 -4.09722 6.29722
      vertex 0 -4.1 6.3
    endloop
  endfacet
  facet normal -0.0328195 0.999461 3.6219e-06
    outer loop
      vertex 0.268152 -4.09122 10
      vertex 0.169683 -4.09444 6.28888
      vertex 0.0850239 -4.09722 6.29722
    endloop
  endfacet
  facet normal -0.0326276 0.999468 -1.47728e-06
    outer loop
      vertex 0.268152 -4.09122 10
      vertex 0.253617 -4.0917 6.27502
      vertex 0.169683 -4.09444 6.28888
    endloop
  endfacet
  facet normal -0.0330057 0.999455 0
    outer loop
      vertex 0.253617 -4.0917 6.27502
      vertex 0.268152 -4.09122 10
      vertex 0.268152 -4.09122 6.27163
    endloop
  endfacet
  facet normal -0.0330057 0.999455 0
    outer loop
      vertex 0.268152 -4.09122 0
      vertex 0.253617 -4.0917 3.72498
      vertex 0.268152 -4.09122 3.72837
    endloop
  endfacet
  facet normal -0.0326276 0.999468 1.47728e-06
    outer loop
      vertex 0.268152 -4.09122 0
      vertex 0.169683 -4.09444 3.71112
      vertex 0.253617 -4.0917 3.72498
    endloop
  endfacet
  facet normal -0.0328195 0.999461 -3.6219e-06
    outer loop
      vertex 0.268152 -4.09122 0
      vertex 0.0850239 -4.09722 3.70278
      vertex 0.169683 -4.09444 3.71112
    endloop
  endfacet
  facet normal -0.0327251 0.999464 1.0542e-06
    outer loop
      vertex 0 -4.1 0
      vertex 0.0850239 -4.09722 3.70278
      vertex 0.268152 -4.09122 0
    endloop
  endfacet
  facet normal -0.0326792 0.999466 0
    outer loop
      vertex 0.0850239 -4.09722 3.70278
      vertex 0 -4.1 0
      vertex 0 -4.1 3.7
    endloop
  endfacet
  facet normal -0.986646 0.16288 0
    outer loop
      vertex 4.02122 -0.79987 0
      vertex 4.06492 -0.535157 10
      vertex 4.06492 -0.535157 0
    endloop
  endfacet
  facet normal -0.986646 0.16288 0
    outer loop
      vertex 4.06492 -0.535157 10
      vertex 4.02122 -0.79987 0
      vertex 4.02122 -0.79987 10
    endloop
  endfacet
  facet normal -0.290315 0.956931 0
    outer loop
      vertex 1.3179 -3.88241 0
      vertex 1.06116 -3.9603 10
      vertex 1.3179 -3.88241 10
    endloop
  endfacet
  facet normal -0.290315 0.956931 0
    outer loop
      vertex 1.06116 -3.9603 10
      vertex 1.3179 -3.88241 0
      vertex 1.06116 -3.9603 0
    endloop
  endfacet
  facet normal -0.634396 0.773008 0
    outer loop
      vertex 2.70332 -3.08254 0
      vertex 2.49592 -3.25275 10
      vertex 2.70332 -3.08254 10
    endloop
  endfacet
  facet normal -0.634396 0.773008 0
    outer loop
      vertex 2.49592 -3.25275 10
      vertex 2.70332 -3.08254 0
      vertex 2.49592 -3.25275 0
    endloop
  endfacet
  facet normal -0.528041 0.849219 0
    outer loop
      vertex 2.27784 -3.40903 0
      vertex 2.05 -3.5507 10
      vertex 2.27784 -3.40903 10
    endloop
  endfacet
  facet normal -0.528041 0.849219 0
    outer loop
      vertex 2.05 -3.5507 10
      vertex 2.27784 -3.40903 0
      vertex 2.05 -3.5507 0
    endloop
  endfacet
  facet normal -0.412716 0.91086 0
    outer loop
      vertex 1.81338 -3.67718 0
      vertex 1.569 -3.78791 10
      vertex 1.81338 -3.67718 10
    endloop
  endfacet
  facet normal -0.412716 0.91086 0
    outer loop
      vertex 1.569 -3.78791 10
      vertex 1.81338 -3.67718 0
      vertex 1.569 -3.78791 0
    endloop
  endfacet
  facet normal 0.352226 0.935915 -0
    outer loop
      vertex -1.3179 -3.88241 0
      vertex -1.569 -3.78791 10
      vertex -1.3179 -3.88241 10
    endloop
  endfacet
  facet normal 0.352226 0.935915 0
    outer loop
      vertex -1.569 -3.78791 10
      vertex -1.3179 -3.88241 0
      vertex -1.569 -3.78791 0
    endloop
  endfacet
  facet normal 0.227061 0.973881 -0
    outer loop
      vertex -0.79987 -4.02122 6.0244
      vertex -1.06116 -3.9603 10
      vertex -0.79987 -4.02122 10
    endloop
  endfacet
  facet normal 0.227143 0.973861 5.67157e-06
    outer loop
      vertex -0.857149 -4.00786 5.97739
      vertex -1.06116 -3.9603 10
      vertex -0.79987 -4.02122 6.0244
    endloop
  endfacet
  facet normal 0.226981 0.973899 -2.97802e-06
    outer loop
      vertex -0.890874 -4 5.9458
      vertex -1.06116 -3.9603 10
      vertex -0.857149 -4.00786 5.97739
    endloop
  endfacet
  facet normal 0.227048 0.973883 -0
    outer loop
      vertex -0.890874 -4 4.05419
      vertex -1.06116 -3.9603 10
      vertex -0.890874 -4 5.9458
    endloop
  endfacet
  facet normal 0.227061 0.973881 0
    outer loop
      vertex -1.06116 -3.9603 0
      vertex -0.79987 -4.02122 3.9756
      vertex -0.79987 -4.02122 0
    endloop
  endfacet
  facet normal 0.227143 0.973861 -5.67157e-06
    outer loop
      vertex -0.79987 -4.02122 3.9756
      vertex -1.06116 -3.9603 0
      vertex -0.857149 -4.00786 4.02261
    endloop
  endfacet
  facet normal 0.226981 0.973899 2.97806e-06
    outer loop
      vertex -0.857149 -4.00786 4.02261
      vertex -1.06116 -3.9603 0
      vertex -0.890874 -4 4.05419
    endloop
  endfacet
  facet normal 0.227048 0.973883 0
    outer loop
      vertex -0.890874 -4 4.05419
      vertex -1.06116 -3.9603 0
      vertex -1.06116 -3.9603 10
    endloop
  endfacet
  facet normal 0.471408 0.881915 -0
    outer loop
      vertex -1.81338 -3.67718 0
      vertex -2.05 -3.5507 10
      vertex -1.81338 -3.67718 10
    endloop
  endfacet
  facet normal 0.471408 0.881915 0
    outer loop
      vertex -2.05 -3.5507 10
      vertex -1.81338 -3.67718 0
      vertex -2.05 -3.5507 0
    endloop
  endfacet
  facet normal 0.582493 0.812836 -0
    outer loop
      vertex -2.27784 -3.40903 0
      vertex -2.49592 -3.25275 10
      vertex -2.27784 -3.40903 10
    endloop
  endfacet
  facet normal 0.582493 0.812836 0
    outer loop
      vertex -2.49592 -3.25275 10
      vertex -2.27784 -3.40903 0
      vertex -2.49592 -3.25275 0
    endloop
  endfacet
  facet normal 0.956931 0.290315 0
    outer loop
      vertex -3.88241 -1.3179 10
      vertex -3.9603 -1.06116 0
      vertex -3.9603 -1.06116 10
    endloop
  endfacet
  facet normal 0.956931 0.290315 0
    outer loop
      vertex -3.9603 -1.06116 0
      vertex -3.88241 -1.3179 10
      vertex -3.88241 -1.3179 0
    endloop
  endfacet
  facet normal 0.986646 0.16288 0
    outer loop
      vertex -4.02122 -0.79987 10
      vertex -4.06492 -0.535157 0
      vertex -4.06492 -0.535157 10
    endloop
  endfacet
  facet normal 0.986646 0.16288 0
    outer loop
      vertex -4.06492 -0.535157 0
      vertex -4.02122 -0.79987 10
      vertex -4.02122 -0.79987 0
    endloop
  endfacet
  facet normal 0.999464 0.0327251 0
    outer loop
      vertex -4.09122 -0.268152 10
      vertex -4.1 0 0
      vertex -4.1 0 10
    endloop
  endfacet
  facet normal 0.999464 0.0327251 0
    outer loop
      vertex -4.1 0 0
      vertex -4.09122 -0.268152 10
      vertex -4.09122 -0.268152 0
    endloop
  endfacet
  facet normal 0.849219 0.528041 0
    outer loop
      vertex -3.40903 -2.27784 10
      vertex -3.5507 -2.05 0
      vertex -3.5507 -2.05 10
    endloop
  endfacet
  facet normal 0.849219 0.528041 0
    outer loop
      vertex -3.5507 -2.05 0
      vertex -3.40903 -2.27784 10
      vertex -3.40903 -2.27784 0
    endloop
  endfacet
  facet normal 0.91086 0.412716 0
    outer loop
      vertex -3.67718 -1.81338 10
      vertex -3.78791 -1.569 0
      vertex -3.78791 -1.569 10
    endloop
  endfacet
  facet normal 0.91086 0.412716 0
    outer loop
      vertex -3.78791 -1.569 0
      vertex -3.67718 -1.81338 10
      vertex -3.67718 -1.81338 0
    endloop
  endfacet
  facet normal -0.973881 0.227061 0
    outer loop
      vertex 3.9603 -1.06116 0
      vertex 4.02122 -0.79987 10
      vertex 4.02122 -0.79987 0
    endloop
  endfacet
  facet normal -0.973881 0.227061 0
    outer loop
      vertex 4.02122 -0.79987 10
      vertex 3.9603 -1.06116 0
      vertex 3.9603 -1.06116 10
    endloop
  endfacet
  facet normal -0.0980256 0.995184 0
    outer loop
      vertex 0.535157 -4.06492 10
      vertex 0.268152 -4.09122 6.27163
      vertex 0.268152 -4.09122 10
    endloop
  endfacet
  facet normal -0.0980436 0.995182 1.2992e-06
    outer loop
      vertex 0.535157 -4.06492 10
      vertex 0.336464 -4.08449 6.2557
      vertex 0.268152 -4.09122 6.27163
    endloop
  endfacet
  facet normal -0.0979232 0.995194 -5.15421e-06
    outer loop
      vertex 0.535157 -4.06492 10
      vertex 0.417871 -4.07648 6.23101
      vertex 0.336464 -4.08449 6.2557
    endloop
  endfacet
  facet normal -0.0981209 0.995175 1.05742e-06
    outer loop
      vertex 0.535157 -4.06492 10
      vertex 0.497488 -4.06863 6.20104
      vertex 0.417871 -4.07648 6.23101
    endloop
  endfacet
  facet normal -0.0980152 0.995185 0
    outer loop
      vertex 0.497488 -4.06863 6.20104
      vertex 0.535157 -4.06492 10
      vertex 0.535157 -4.06492 6.18398
    endloop
  endfacet
  facet normal -0.0980152 0.995185 0
    outer loop
      vertex 0.535157 -4.06492 0
      vertex 0.497488 -4.06863 3.79896
      vertex 0.535157 -4.06492 3.81602
    endloop
  endfacet
  facet normal -0.0981209 0.995175 -1.05742e-06
    outer loop
      vertex 0.535157 -4.06492 0
      vertex 0.417871 -4.07648 3.76899
      vertex 0.497488 -4.06863 3.79896
    endloop
  endfacet
  facet normal -0.0979232 0.995194 5.15421e-06
    outer loop
      vertex 0.535157 -4.06492 0
      vertex 0.336464 -4.08449 3.7443
      vertex 0.417871 -4.07648 3.76899
    endloop
  endfacet
  facet normal -0.0980436 0.995182 -1.2992e-06
    outer loop
      vertex 0.535157 -4.06492 0
      vertex 0.268152 -4.09122 3.72837
      vertex 0.336464 -4.08449 3.7443
    endloop
  endfacet
  facet normal -0.0980256 0.995184 0
    outer loop
      vertex 0.268152 -4.09122 3.72837
      vertex 0.535157 -4.06492 0
      vertex 0.268152 -4.09122 0
    endloop
  endfacet
  facet normal -0.352226 0.935915 0
    outer loop
      vertex 1.569 -3.78791 0
      vertex 1.3179 -3.88241 10
      vertex 1.569 -3.78791 10
    endloop
  endfacet
  facet normal -0.352226 0.935915 0
    outer loop
      vertex 1.3179 -3.88241 10
      vertex 1.569 -3.78791 0
      vertex 1.3179 -3.88241 0
    endloop
  endfacet
  facet normal -0.683581 0.729874 0
    outer loop
      vertex 2.89914 -2.89914 0
      vertex 2.70332 -3.08254 10
      vertex 2.89914 -2.89914 10
    endloop
  endfacet
  facet normal -0.683581 0.729874 0
    outer loop
      vertex 2.70332 -3.08254 10
      vertex 2.89914 -2.89914 0
      vertex 2.70332 -3.08254 0
    endloop
  endfacet
  facet normal -0.471408 0.881915 0
    outer loop
      vertex 2.05 -3.5507 0
      vertex 1.81338 -3.67718 10
      vertex 2.05 -3.5507 10
    endloop
  endfacet
  facet normal -0.471408 0.881915 0
    outer loop
      vertex 1.81338 -3.67718 10
      vertex 2.05 -3.5507 0
      vertex 1.81338 -3.67718 0
    endloop
  endfacet
  facet normal 0.0326792 0.999466 0
    outer loop
      vertex -0.0850239 -4.09722 6.29722
      vertex 0 -4.1 10
      vertex 0 -4.1 6.3
    endloop
  endfacet
  facet normal 0.0327251 0.999464 -1.0542e-06
    outer loop
      vertex 0 -4.1 10
      vertex -0.0850239 -4.09722 6.29722
      vertex -0.268152 -4.09122 10
    endloop
  endfacet
  facet normal 0.0328195 0.999461 3.6219e-06
    outer loop
      vertex -0.169683 -4.09444 6.28888
      vertex -0.268152 -4.09122 10
      vertex -0.0850239 -4.09722 6.29722
    endloop
  endfacet
  facet normal 0.0326276 0.999468 -1.47728e-06
    outer loop
      vertex -0.253617 -4.0917 6.27502
      vertex -0.268152 -4.09122 10
      vertex -0.169683 -4.09444 6.28888
    endloop
  endfacet
  facet normal 0.0330057 0.999455 0
    outer loop
      vertex -0.268152 -4.09122 10
      vertex -0.253617 -4.0917 6.27502
      vertex -0.268152 -4.09122 6.27163
    endloop
  endfacet
  facet normal 0.0326792 0.999466 -0
    outer loop
      vertex 0 -4.1 0
      vertex -0.0850239 -4.09722 3.70278
      vertex 0 -4.1 3.7
    endloop
  endfacet
  facet normal 0.0327251 0.999464 1.0542e-06
    outer loop
      vertex -0.268152 -4.09122 0
      vertex -0.0850239 -4.09722 3.70278
      vertex 0 -4.1 0
    endloop
  endfacet
  facet normal 0.0328195 0.999461 -3.6219e-06
    outer loop
      vertex -0.0850239 -4.09722 3.70278
      vertex -0.268152 -4.09122 0
      vertex -0.169683 -4.09444 3.71112
    endloop
  endfacet
  facet normal 0.0326276 0.999468 1.47728e-06
    outer loop
      vertex -0.169683 -4.09444 3.71112
      vertex -0.268152 -4.09122 0
      vertex -0.253617 -4.0917 3.72498
    endloop
  endfacet
  facet normal 0.0330057 0.999455 0
    outer loop
      vertex -0.253617 -4.0917 3.72498
      vertex -0.268152 -4.09122 0
      vertex -0.268152 -4.09122 3.72837
    endloop
  endfacet
  facet normal 0.290315 0.956931 -0
    outer loop
      vertex -1.06116 -3.9603 0
      vertex -1.3179 -3.88241 10
      vertex -1.06116 -3.9603 10
    endloop
  endfacet
  facet normal 0.290315 0.956931 0
    outer loop
      vertex -1.3179 -3.88241 10
      vertex -1.06116 -3.9603 0
      vertex -1.3179 -3.88241 0
    endloop
  endfacet
  facet normal 0.634396 0.773008 -0
    outer loop
      vertex -2.49592 -3.25275 0
      vertex -2.70332 -3.08254 10
      vertex -2.49592 -3.25275 10
    endloop
  endfacet
  facet normal 0.634396 0.773008 0
    outer loop
      vertex -2.70332 -3.08254 10
      vertex -2.49592 -3.25275 0
      vertex -2.70332 -3.08254 0
    endloop
  endfacet
  facet normal 0.935915 0.352226 0
    outer loop
      vertex -3.78791 -1.569 10
      vertex -3.88241 -1.3179 0
      vertex -3.88241 -1.3179 10
    endloop
  endfacet
  facet normal 0.935915 0.352226 0
    outer loop
      vertex -3.88241 -1.3179 0
      vertex -3.78791 -1.569 10
      vertex -3.78791 -1.569 0
    endloop
  endfacet
  facet normal 0.995184 0.0980256 0
    outer loop
      vertex -4.06492 -0.535157 10
      vertex -4.09122 -0.268152 0
      vertex -4.09122 -0.268152 10
    endloop
  endfacet
  facet normal 0.995184 0.0980256 0
    outer loop
      vertex -4.09122 -0.268152 0
      vertex -4.06492 -0.535157 10
      vertex -4.06492 -0.535157 0
    endloop
  endfacet
  facet normal 0.881915 0.471408 0
    outer loop
      vertex -3.5507 -2.05 10
      vertex -3.67718 -1.81338 0
      vertex -3.67718 -1.81338 10
    endloop
  endfacet
  facet normal 0.881915 0.471408 0
    outer loop
      vertex -3.67718 -1.81338 0
      vertex -3.5507 -2.05 10
      vertex -3.5507 -2.05 0
    endloop
  endfacet
  facet normal 0.729874 0.683581 0
    outer loop
      vertex -2.89914 -2.89914 10
      vertex -3.08254 -2.70332 0
      vertex -3.08254 -2.70332 10
    endloop
  endfacet
  facet normal 0.729874 0.683581 0
    outer loop
      vertex -3.08254 -2.70332 0
      vertex -2.89914 -2.89914 10
      vertex -2.89914 -2.89914 0
    endloop
  endfacet
  facet normal -0.881915 0.471408 0
    outer loop
      vertex 3.5507 -2.05 0
      vertex 3.67718 -1.81338 10
      vertex 3.67718 -1.81338 0
    endloop
  endfacet
  facet normal -0.881915 0.471408 0
    outer loop
      vertex 3.67718 -1.81338 10
      vertex 3.5507 -2.05 0
      vertex 3.5507 -2.05 10
    endloop
  endfacet
  facet normal -0.773008 0.634396 0
    outer loop
      vertex 3.08254 -2.70332 0
      vertex 3.25275 -2.49592 10
      vertex 3.25275 -2.49592 0
    endloop
  endfacet
  facet normal -0.773008 0.634396 0
    outer loop
      vertex 3.25275 -2.49592 10
      vertex 3.08254 -2.70332 0
      vertex 3.08254 -2.70332 10
    endloop
  endfacet
  facet normal -0.849219 0.528041 0
    outer loop
      vertex 3.40903 -2.27784 0
      vertex 3.5507 -2.05 10
      vertex 3.5507 -2.05 0
    endloop
  endfacet
  facet normal -0.849219 0.528041 0
    outer loop
      vertex 3.5507 -2.05 10
      vertex 3.40903 -2.27784 0
      vertex 3.40903 -2.27784 10
    endloop
  endfacet
  facet normal -0.812836 0.582493 0
    outer loop
      vertex 3.25275 -2.49592 0
      vertex 3.40903 -2.27784 10
      vertex 3.40903 -2.27784 0
    endloop
  endfacet
  facet normal -0.812836 0.582493 0
    outer loop
      vertex 3.40903 -2.27784 10
      vertex 3.25275 -2.49592 0
      vertex 3.25275 -2.49592 10
    endloop
  endfacet
  facet normal -0.91086 0.412716 0
    outer loop
      vertex 3.67718 -1.81338 0
      vertex 3.78791 -1.569 10
      vertex 3.78791 -1.569 0
    endloop
  endfacet
  facet normal -0.91086 0.412716 0
    outer loop
      vertex 3.78791 -1.569 10
      vertex 3.67718 -1.81338 0
      vertex 3.67718 -1.81338 10
    endloop
  endfacet
  facet normal -0.999466 0 0.0326807
    outer loop
      vertex 1.29722 -4 4.91498
      vertex 1.3 -13.9322 5
      vertex 1.3 -4 5
    endloop
  endfacet
  facet normal -0.999466 0 0.0326807
    outer loop
      vertex 1.3 -13.9322 5
      vertex 1.29722 -4 4.91498
      vertex 1.29722 -13.9324 4.91498
    endloop
  endfacet
  facet normal 0.999466 -0 0.0326807
    outer loop
      vertex -1.3 -13.9322 5
      vertex -1.29722 -4 4.91498
      vertex -1.3 -4 5
    endloop
  endfacet
  facet normal 0.999466 0 0.0326807
    outer loop
      vertex -1.29722 -4 4.91498
      vertex -1.3 -13.9322 5
      vertex -1.29722 -13.9324 4.91498
    endloop
  endfacet
  facet normal 0.0326792 -0 0.999466
    outer loop
      vertex -0.0850239 -14 3.70278
      vertex 0 -4.1 3.7
      vertex -0.0850239 -4.09722 3.70278
    endloop
  endfacet
  facet normal 0.0326792 0 0.999466
    outer loop
      vertex 0 -4.1 3.7
      vertex -0.0850239 -14 3.70278
      vertex 0 -14 3.7
    endloop
  endfacet
  facet normal -0.0326792 -0 -0.999466
    outer loop
      vertex 0 -4.1 6.3
      vertex 0.0850239 -14 6.29722
      vertex 0 -14 6.3
    endloop
  endfacet
  facet normal -0.0326792 0 -0.999466
    outer loop
      vertex 0.0850239 -14 6.29722
      vertex 0 -4.1 6.3
      vertex 0.0850239 -4.09722 6.29722
    endloop
  endfacet
  facet normal -0.683575 0 0.72988
    outer loop
      vertex 0.857149 -4.00786 4.02261
      vertex 0.919238 -13.9697 4.08076
      vertex 0.919238 -4 4.08076
    endloop
  endfacet
  facet normal -0.68365 0.00110689 0.72981
    outer loop
      vertex 0.857149 -4.00786 4.02261
      vertex 0.919238 -4 4.08076
      vertex 0.890874 -4 4.05419
    endloop
  endfacet
  facet normal -0.683575 0 0.72988
    outer loop
      vertex 0.857149 -13.9719 4.02261
      vertex 0.919238 -13.9697 4.08076
      vertex 0.857149 -4.00786 4.02261
    endloop
  endfacet
  facet normal -0.683157 -0.0169465 0.730075
    outer loop
      vertex 0.919238 -13.9697 4.08076
      vertex 0.857149 -13.9719 4.02261
      vertex 0.915644 -13.97 4.07739
    endloop
  endfacet
  facet normal 0.729868 -0 0.683588
    outer loop
      vertex -0.977391 -13.9639 4.14285
      vertex -0.919238 -4 4.08076
      vertex -0.977391 -4 4.14285
    endloop
  endfacet
  facet normal 0.729868 0 0.683588
    outer loop
      vertex -0.919238 -4 4.08076
      vertex -0.977391 -13.9639 4.14285
      vertex -0.919238 -13.9697 4.08076
    endloop
  endfacet
  facet normal 0.412555 6.17228e-07 0.910933
    outer loop
      vertex -0.574975 -14 3.83406
      vertex -0.497488 -4.06863 3.79896
      vertex -0.535157 -4.06492 3.81602
    endloop
  endfacet
  facet normal 0.412682 -0 0.910875
    outer loop
      vertex -0.574975 -14 3.83406
      vertex -0.535157 -4.06492 3.81602
      vertex -0.574975 -4.05835 3.83406
    endloop
  endfacet
  facet normal 0.41262 0 0.910903
    outer loop
      vertex -0.497488 -4.06863 3.79896
      vertex -0.574975 -14 3.83406
      vertex -0.497488 -14 3.79896
    endloop
  endfacet
  facet normal -0.910865 0 0.412704
    outer loop
      vertex 1.16593 -4 4.42502
      vertex 1.20104 -13.9419 4.50251
      vertex 1.20104 -4 4.50251
    endloop
  endfacet
  facet normal -0.910865 0 0.412704
    outer loop
      vertex 1.20104 -13.9419 4.50251
      vertex 1.16593 -4 4.42502
      vertex 1.16593 -13.9454 4.42502
    endloop
  endfacet
  facet normal -0.352294 0 0.935889
    outer loop
      vertex 0.417871 -4.07648 3.76899
      vertex 0.497488 -14 3.79896
      vertex 0.497488 -4.06863 3.79896
    endloop
  endfacet
  facet normal -0.352294 0 0.935889
    outer loop
      vertex 0.497488 -14 3.79896
      vertex 0.417871 -4.07648 3.76899
      vertex 0.417871 -14 3.76899
    endloop
  endfacet
  facet normal -0.528053 0 0.849211
    outer loop
      vertex 0.65 -4.04596 3.87417
      vertex 0.72224 -13.9764 3.91909
      vertex 0.72224 -4.03404 3.91909
    endloop
  endfacet
  facet normal -0.528053 0 0.849211
    outer loop
      vertex 0.72224 -13.9764 3.91909
      vertex 0.65 -4.04596 3.87417
      vertex 0.65 -13.9787 3.87417
    endloop
  endfacet
  facet normal 0.910865 -0 0.412704
    outer loop
      vertex -1.20104 -13.9419 4.50251
      vertex -1.16593 -4 4.42502
      vertex -1.20104 -4 4.50251
    endloop
  endfacet
  facet normal 0.910865 0 0.412704
    outer loop
      vertex -1.16593 -4 4.42502
      vertex -1.20104 -13.9419 4.50251
      vertex -1.16593 -13.9454 4.42502
    endloop
  endfacet
  facet normal 0.227134 -2.37488e-07 0.973863
    outer loop
      vertex -0.336464 -14 3.7443
      vertex -0.253617 -4.0917 3.72498
      vertex -0.268152 -4.09122 3.72837
    endloop
  endfacet
  facet normal 0.227102 -0 0.973871
    outer loop
      vertex -0.336464 -14 3.7443
      vertex -0.268152 -4.09122 3.72837
      vertex -0.336464 -4.08449 3.7443
    endloop
  endfacet
  facet normal 0.227107 0 0.97387
    outer loop
      vertex -0.253617 -4.0917 3.72498
      vertex -0.336464 -14 3.7443
      vertex -0.253617 -14 3.72498
    endloop
  endfacet
  facet normal -0.227102 0 -0.973871
    outer loop
      vertex 0.336464 -14 6.2557
      vertex 0.268152 -4.09122 6.27163
      vertex 0.336464 -4.08449 6.2557
    endloop
  endfacet
  facet normal -0.227107 -0 -0.97387
    outer loop
      vertex 0.253617 -4.0917 6.27502
      vertex 0.336464 -14 6.2557
      vertex 0.253617 -14 6.27502
    endloop
  endfacet
  facet normal -0.227134 -2.37488e-07 -0.973863
    outer loop
      vertex 0.336464 -14 6.2557
      vertex 0.253617 -4.0917 6.27502
      vertex 0.268152 -4.09122 6.27163
    endloop
  endfacet
  facet normal -0.973865 0 0.227126
    outer loop
      vertex 1.2557 -4 4.66354
      vertex 1.27502 -13.9346 4.74638
      vertex 1.27502 -4 4.74638
    endloop
  endfacet
  facet normal -0.973865 0 0.227126
    outer loop
      vertex 1.27502 -13.9346 4.74638
      vertex 1.2557 -4 4.66354
      vertex 1.2557 -13.9365 4.66354
    endloop
  endfacet
  facet normal -0.812859 0 0.582461
    outer loop
      vertex 1.03136 -4 4.20861
      vertex 1.08091 -13.9537 4.27776
      vertex 1.08091 -4 4.27776
    endloop
  endfacet
  facet normal -0.812859 0 0.582461
    outer loop
      vertex 1.08091 -13.9537 4.27776
      vertex 1.03136 -4 4.20861
      vertex 1.03136 -13.9586 4.20861
    endloop
  endfacet
  facet normal -0.773004 0 0.634401
    outer loop
      vertex 0.977391 -4 4.14285
      vertex 1.03136 -13.9586 4.20861
      vertex 1.03136 -4 4.20861
    endloop
  endfacet
  facet normal -0.773004 0 0.634401
    outer loop
      vertex 1.03136 -13.9586 4.20861
      vertex 0.977391 -4 4.14285
      vertex 0.977391 -13.9639 4.14285
    endloop
  endfacet
  facet normal -0.881917 0 0.471406
    outer loop
      vertex 1.12583 -4 4.35
      vertex 1.16593 -13.9454 4.42502
      vertex 1.16593 -4 4.42502
    endloop
  endfacet
  facet normal -0.881917 0 0.471406
    outer loop
      vertex 1.16593 -13.9454 4.42502
      vertex 1.12583 -4 4.35
      vertex 1.12583 -13.9493 4.35
    endloop
  endfacet
  facet normal -0.162923 0 0.986639
    outer loop
      vertex 0.169683 -4.09444 3.71112
      vertex 0.253617 -14 3.72498
      vertex 0.253617 -4.0917 3.72498
    endloop
  endfacet
  facet normal -0.162923 0 0.986639
    outer loop
      vertex 0.253617 -14 3.72498
      vertex 0.169683 -4.09444 3.71112
      vertex 0.169683 -14 3.71112
    endloop
  endfacet
  facet normal -0.0980382 0 0.995183
    outer loop
      vertex 0.0850239 -4.09722 3.70278
      vertex 0.169683 -14 3.71112
      vertex 0.169683 -4.09444 3.71112
    endloop
  endfacet
  facet normal -0.0980382 0 0.995183
    outer loop
      vertex 0.169683 -14 3.71112
      vertex 0.0850239 -4.09722 3.70278
      vertex 0.0850239 -14 3.70278
    endloop
  endfacet
  facet normal -0.471473 0 0.881881
    outer loop
      vertex 0.574975 -4.05835 3.83406
      vertex 0.65 -13.9787 3.87417
      vertex 0.65 -4.04596 3.87417
    endloop
  endfacet
  facet normal -0.47145 2.16601e-07 0.881893
    outer loop
      vertex 0.65 -13.9787 3.87417
      vertex 0.574975 -4.05835 3.83406
      vertex 0.599999 -13.9804 3.84744
    endloop
  endfacet
  facet normal -0.471517 0 0.881857
    outer loop
      vertex 0.574975 -14 3.83406
      vertex 0.599999 -13.9804 3.84744
      vertex 0.574975 -4.05835 3.83406
    endloop
  endfacet
  facet normal -0.471517 0 0.881857
    outer loop
      vertex 0.599999 -13.9804 3.84744
      vertex 0.574975 -14 3.83406
      vertex 0.599999 -14 3.84744
    endloop
  endfacet
  facet normal -0.634412 0 0.772995
    outer loop
      vertex 0.79987 -4.02122 3.9756
      vertex 0.857149 -13.9719 4.02261
      vertex 0.857149 -4.00786 4.02261
    endloop
  endfacet
  facet normal -0.634384 2.74261e-07 0.773018
    outer loop
      vertex 0.791389 -4.02262 3.96864
      vertex 0.857149 -13.9719 4.02261
      vertex 0.79987 -4.02122 3.9756
    endloop
  endfacet
  facet normal -0.634408 0 0.772998
    outer loop
      vertex 0.857149 -13.9719 4.02261
      vertex 0.791389 -4.02262 3.96864
      vertex 0.791389 -13.9741 3.96864
    endloop
  endfacet
  facet normal 0.973865 -0 0.227126
    outer loop
      vertex -1.27502 -13.9346 4.74638
      vertex -1.2557 -4 4.66354
      vertex -1.27502 -4 4.74638
    endloop
  endfacet
  facet normal 0.973865 0 0.227126
    outer loop
      vertex -1.2557 -4 4.66354
      vertex -1.27502 -13.9346 4.74638
      vertex -1.2557 -13.9365 4.66354
    endloop
  endfacet
  facet normal 0.849211 -0 0.528053
    outer loop
      vertex -1.12583 -13.9493 4.35
      vertex -1.08091 -4 4.27776
      vertex -1.12583 -4 4.35
    endloop
  endfacet
  facet normal 0.849211 0 0.528053
    outer loop
      vertex -1.08091 -4 4.27776
      vertex -1.12583 -13.9493 4.35
      vertex -1.08091 -13.9537 4.27776
    endloop
  endfacet
  facet normal 0.773004 -0 0.634401
    outer loop
      vertex -1.03136 -13.9586 4.20861
      vertex -0.977391 -4 4.14285
      vertex -1.03136 -4 4.20861
    endloop
  endfacet
  facet normal 0.773004 0 0.634401
    outer loop
      vertex -0.977391 -4 4.14285
      vertex -1.03136 -13.9586 4.20861
      vertex -0.977391 -13.9639 4.14285
    endloop
  endfacet
  facet normal 0.881917 -0 0.471406
    outer loop
      vertex -1.16593 -13.9454 4.42502
      vertex -1.12583 -4 4.35
      vertex -1.16593 -4 4.42502
    endloop
  endfacet
  facet normal 0.881917 0 0.471406
    outer loop
      vertex -1.12583 -4 4.35
      vertex -1.16593 -13.9454 4.42502
      vertex -1.12583 -13.9493 4.35
    endloop
  endfacet
  facet normal 0.935894 -0 0.352283
    outer loop
      vertex -1.23101 -13.939 4.58213
      vertex -1.20104 -4 4.50251
      vertex -1.23101 -4 4.58213
    endloop
  endfacet
  facet normal 0.935894 0 0.352283
    outer loop
      vertex -1.20104 -4 4.50251
      vertex -1.23101 -13.939 4.58213
      vertex -1.20104 -13.9419 4.50251
    endloop
  endfacet
  facet normal 0 -1 0
    outer loop
      vertex 0.890874 -4 5.9458
      vertex 0.977391 -4 5.85715
      vertex 0.919238 -4 5.91924
    endloop
  endfacet
  facet normal 0 -1 0
    outer loop
      vertex 0.890874 -4 5.9458
      vertex 1.03136 -4 5.79139
      vertex 0.977391 -4 5.85715
    endloop
  endfacet
  facet normal 0 -1 0
    outer loop
      vertex 0.890874 -4 5.9458
      vertex 1.08091 -4 5.72224
      vertex 1.03136 -4 5.79139
    endloop
  endfacet
  facet normal 0 -1 0
    outer loop
      vertex 0.890874 -4 5.9458
      vertex 1.12583 -4 5.65
      vertex 1.08091 -4 5.72224
    endloop
  endfacet
  facet normal 0 -1 0
    outer loop
      vertex 0.890874 -4 5.9458
      vertex 1.16593 -4 5.57498
      vertex 1.12583 -4 5.65
    endloop
  endfacet
  facet normal 0 -1 0
    outer loop
      vertex 0.890874 -4 5.9458
      vertex 1.20104 -4 5.49749
      vertex 1.16593 -4 5.57498
    endloop
  endfacet
  facet normal 0 -1 0
    outer loop
      vertex 0.890874 -4 5.9458
      vertex 1.23101 -4 5.41787
      vertex 1.20104 -4 5.49749
    endloop
  endfacet
  facet normal 0 -1 0
    outer loop
      vertex 0.890874 -4 5.9458
      vertex 1.2557 -4 5.33646
      vertex 1.23101 -4 5.41787
    endloop
  endfacet
  facet normal 0 -1 0
    outer loop
      vertex 0.890874 -4 5.9458
      vertex 1.27502 -4 5.25362
      vertex 1.2557 -4 5.33646
    endloop
  endfacet
  facet normal 0 -1 0
    outer loop
      vertex 0.890874 -4 5.9458
      vertex 1.28888 -4 5.16968
      vertex 1.27502 -4 5.25362
    endloop
  endfacet
  facet normal 0 -1 0
    outer loop
      vertex 0.890874 -4 5.9458
      vertex 1.29722 -4 5.08502
      vertex 1.28888 -4 5.16968
    endloop
  endfacet
  facet normal 0 -1 0
    outer loop
      vertex 0.890874 -4 5.9458
      vertex 1.3 -4 5
      vertex 1.29722 -4 5.08502
    endloop
  endfacet
  facet normal 0 -1 0
    outer loop
      vertex 0.890874 -4 5.9458
      vertex 1.29722 -4 4.91498
      vertex 1.3 -4 5
    endloop
  endfacet
  facet normal 0 -1 0
    outer loop
      vertex 0.890874 -4 5.9458
      vertex 1.28888 -4 4.83032
      vertex 1.29722 -4 4.91498
    endloop
  endfacet
  facet normal 0 -1 0
    outer loop
      vertex 0.890874 -4 5.9458
      vertex 1.27502 -4 4.74638
      vertex 1.28888 -4 4.83032
    endloop
  endfacet
  facet normal 0 -1 0
    outer loop
      vertex 0.890874 -4 5.9458
      vertex 1.2557 -4 4.66354
      vertex 1.27502 -4 4.74638
    endloop
  endfacet
  facet normal 0 -1 0
    outer loop
      vertex 0.890874 -4 5.9458
      vertex 1.23101 -4 4.58213
      vertex 1.2557 -4 4.66354
    endloop
  endfacet
  facet normal 0 -1 0
    outer loop
      vertex 0.890874 -4 5.9458
      vertex 1.20104 -4 4.50251
      vertex 1.23101 -4 4.58213
    endloop
  endfacet
  facet normal 0 -1 0
    outer loop
      vertex 0.890874 -4 5.9458
      vertex 1.16593 -4 4.42502
      vertex 1.20104 -4 4.50251
    endloop
  endfacet
  facet normal 0 -1 0
    outer loop
      vertex 0.890874 -4 5.9458
      vertex 1.12583 -4 4.35
      vertex 1.16593 -4 4.42502
    endloop
  endfacet
  facet normal 0 -1 0
    outer loop
      vertex 0.890874 -4 5.9458
      vertex 1.08091 -4 4.27776
      vertex 1.12583 -4 4.35
    endloop
  endfacet
  facet normal 0 -1 0
    outer loop
      vertex 0.890874 -4 5.9458
      vertex 1.03136 -4 4.20861
      vertex 1.08091 -4 4.27776
    endloop
  endfacet
  facet normal 0 -1 0
    outer loop
      vertex 0.890874 -4 5.9458
      vertex 0.977391 -4 4.14285
      vertex 1.03136 -4 4.20861
    endloop
  endfacet
  facet normal 0 -1 0
    outer loop
      vertex 0.890874 -4 4.05419
      vertex 0.977391 -4 4.14285
      vertex 0.890874 -4 5.9458
    endloop
  endfacet
  facet normal 0 -1 0
    outer loop
      vertex 0.977391 -4 4.14285
      vertex 0.890874 -4 4.05419
      vertex 0.919238 -4 4.08076
    endloop
  endfacet
  facet normal 0 -1 0
    outer loop
      vertex -0.977391 -4 5.85715
      vertex -0.890874 -4 5.9458
      vertex -0.919238 -4 5.91924
    endloop
  endfacet
  facet normal 0 -1 0
    outer loop
      vertex -1.03136 -4 5.79139
      vertex -0.890874 -4 5.9458
      vertex -0.977391 -4 5.85715
    endloop
  endfacet
  facet normal 0 -1 0
    outer loop
      vertex -1.08091 -4 5.72224
      vertex -0.890874 -4 5.9458
      vertex -1.03136 -4 5.79139
    endloop
  endfacet
  facet normal 0 -1 0
    outer loop
      vertex -1.12583 -4 5.65
      vertex -0.890874 -4 5.9458
      vertex -1.08091 -4 5.72224
    endloop
  endfacet
  facet normal 0 -1 0
    outer loop
      vertex -1.16593 -4 5.57498
      vertex -0.890874 -4 5.9458
      vertex -1.12583 -4 5.65
    endloop
  endfacet
  facet normal 0 -1 0
    outer loop
      vertex -1.20104 -4 5.49749
      vertex -0.890874 -4 5.9458
      vertex -1.16593 -4 5.57498
    endloop
  endfacet
  facet normal 0 -1 0
    outer loop
      vertex -1.23101 -4 5.41787
      vertex -0.890874 -4 5.9458
      vertex -1.20104 -4 5.49749
    endloop
  endfacet
  facet normal 0 -1 0
    outer loop
      vertex -1.2557 -4 5.33646
      vertex -0.890874 -4 5.9458
      vertex -1.23101 -4 5.41787
    endloop
  endfacet
  facet normal 0 -1 0
    outer loop
      vertex -1.27502 -4 5.25362
      vertex -0.890874 -4 5.9458
      vertex -1.2557 -4 5.33646
    endloop
  endfacet
  facet normal 0 -1 0
    outer loop
      vertex -1.28888 -4 5.16968
      vertex -0.890874 -4 5.9458
      vertex -1.27502 -4 5.25362
    endloop
  endfacet
  facet normal 0 -1 0
    outer loop
      vertex -1.29722 -4 5.08502
      vertex -0.890874 -4 5.9458
      vertex -1.28888 -4 5.16968
    endloop
  endfacet
  facet normal 0 -1 0
    outer loop
      vertex -1.3 -4 5
      vertex -0.890874 -4 5.9458
      vertex -1.29722 -4 5.08502
    endloop
  endfacet
  facet normal 0 -1 0
    outer loop
      vertex -1.29722 -4 4.91498
      vertex -0.890874 -4 5.9458
      vertex -1.3 -4 5
    endloop
  endfacet
  facet normal 0 -1 0
    outer loop
      vertex -1.28888 -4 4.83032
      vertex -0.890874 -4 5.9458
      vertex -1.29722 -4 4.91498
    endloop
  endfacet
  facet normal 0 -1 0
    outer loop
      vertex -1.27502 -4 4.74638
      vertex -0.890874 -4 5.9458
      vertex -1.28888 -4 4.83032
    endloop
  endfacet
  facet normal 0 -1 0
    outer loop
      vertex -1.2557 -4 4.66354
      vertex -0.890874 -4 5.9458
      vertex -1.27502 -4 4.74638
    endloop
  endfacet
  facet normal 0 -1 0
    outer loop
      vertex -1.23101 -4 4.58213
      vertex -0.890874 -4 5.9458
      vertex -1.2557 -4 4.66354
    endloop
  endfacet
  facet normal 0 -1 0
    outer loop
      vertex -1.20104 -4 4.50251
      vertex -0.890874 -4 5.9458
      vertex -1.23101 -4 4.58213
    endloop
  endfacet
  facet normal 0 -1 0
    outer loop
      vertex -1.16593 -4 4.42502
      vertex -0.890874 -4 5.9458
      vertex -1.20104 -4 4.50251
    endloop
  endfacet
  facet normal 0 -1 0
    outer loop
      vertex -1.12583 -4 4.35
      vertex -0.890874 -4 5.9458
      vertex -1.16593 -4 4.42502
    endloop
  endfacet
  facet normal 0 -1 0
    outer loop
      vertex -1.08091 -4 4.27776
      vertex -0.890874 -4 5.9458
      vertex -1.12583 -4 4.35
    endloop
  endfacet
  facet normal 0 -1 0
    outer loop
      vertex -1.03136 -4 4.20861
      vertex -0.890874 -4 5.9458
      vertex -1.08091 -4 4.27776
    endloop
  endfacet
  facet normal 0 -1 0
    outer loop
      vertex -0.977391 -4 4.14285
      vertex -0.890874 -4 5.9458
      vertex -1.03136 -4 4.20861
    endloop
  endfacet
  facet normal 0 -1 0
    outer loop
      vertex -0.890874 -4 4.05419
      vertex -0.977391 -4 4.14285
      vertex -0.919238 -4 4.08076
    endloop
  endfacet
  facet normal 0 -1 0
    outer loop
      vertex -0.977391 -4 4.14285
      vertex -0.890874 -4 4.05419
      vertex -0.890874 -4 5.9458
    endloop
  endfacet
  facet normal 0.582466 -0 0.812855
    outer loop
      vertex -0.791389 -13.9741 3.96864
      vertex -0.72224 -4.03404 3.91909
      vertex -0.791389 -4.02262 3.96864
    endloop
  endfacet
  facet normal 0.582466 0 0.812855
    outer loop
      vertex -0.72224 -4.03404 3.91909
      vertex -0.791389 -13.9741 3.96864
      vertex -0.72224 -13.9764 3.91909
    endloop
  endfacet
  facet normal 0.471517 0 0.881857
    outer loop
      vertex -0.574975 -4.05835 3.83406
      vertex -0.599999 -13.9804 3.84744
      vertex -0.574975 -14 3.83406
    endloop
  endfacet
  facet normal 0.471473 -0 0.881881
    outer loop
      vertex -0.65 -13.9787 3.87417
      vertex -0.574975 -4.05835 3.83406
      vertex -0.65 -4.04596 3.87417
    endloop
  endfacet
  facet normal 0.47145 2.16601e-07 0.881893
    outer loop
      vertex -0.574975 -4.05835 3.83406
      vertex -0.65 -13.9787 3.87417
      vertex -0.599999 -13.9804 3.84744
    endloop
  endfacet
  facet normal 0.471517 0 0.881857
    outer loop
      vertex -0.574975 -14 3.83406
      vertex -0.599999 -13.9804 3.84744
      vertex -0.599999 -14 3.84744
    endloop
  endfacet
  facet normal 0.634384 2.74261e-07 0.773018
    outer loop
      vertex -0.857149 -13.9719 4.02261
      vertex -0.791389 -4.02262 3.96864
      vertex -0.79987 -4.02122 3.9756
    endloop
  endfacet
  facet normal 0.634412 -0 0.772995
    outer loop
      vertex -0.857149 -13.9719 4.02261
      vertex -0.79987 -4.02122 3.9756
      vertex -0.857149 -4.00786 4.02261
    endloop
  endfacet
  facet normal 0.634408 0 0.772998
    outer loop
      vertex -0.791389 -4.02262 3.96864
      vertex -0.857149 -13.9719 4.02261
      vertex -0.791389 -13.9741 3.96864
    endloop
  endfacet
  facet normal 0.162923 -0 0.986639
    outer loop
      vertex -0.253617 -14 3.72498
      vertex -0.169683 -4.09444 3.71112
      vertex -0.253617 -4.0917 3.72498
    endloop
  endfacet
  facet normal 0.162923 0 0.986639
    outer loop
      vertex -0.169683 -4.09444 3.71112
      vertex -0.253617 -14 3.72498
      vertex -0.169683 -14 3.71112
    endloop
  endfacet
  facet normal -0.973865 0 -0.227126
    outer loop
      vertex 1.27502 -13.9346 5.25362
      vertex 1.2557 -4 5.33646
      vertex 1.27502 -4 5.25362
    endloop
  endfacet
  facet normal -0.973865 -0 -0.227126
    outer loop
      vertex 1.2557 -4 5.33646
      vertex 1.27502 -13.9346 5.25362
      vertex 1.2557 -13.9365 5.33646
    endloop
  endfacet
  facet normal -0.986641 0 0.162912
    outer loop
      vertex 1.27502 -4 4.74638
      vertex 1.28888 -13.9333 4.83032
      vertex 1.28888 -4 4.83032
    endloop
  endfacet
  facet normal -0.986641 0 0.162912
    outer loop
      vertex 1.28888 -13.9333 4.83032
      vertex 1.27502 -4 4.74638
      vertex 1.27502 -13.9346 4.74638
    endloop
  endfacet
  facet normal -0.995183 0 0.0980371
    outer loop
      vertex 1.28888 -4 4.83032
      vertex 1.29722 -13.9324 4.91498
      vertex 1.29722 -4 4.91498
    endloop
  endfacet
  facet normal -0.995183 0 0.0980371
    outer loop
      vertex 1.29722 -13.9324 4.91498
      vertex 1.28888 -4 4.83032
      vertex 1.28888 -13.9333 4.83032
    endloop
  endfacet
  facet normal -0.935894 0 0.352283
    outer loop
      vertex 1.20104 -4 4.50251
      vertex 1.23101 -13.939 4.58213
      vertex 1.23101 -4 4.58213
    endloop
  endfacet
  facet normal -0.935894 0 0.352283
    outer loop
      vertex 1.23101 -13.939 4.58213
      vertex 1.20104 -4 4.50251
      vertex 1.20104 -13.9419 4.50251
    endloop
  endfacet
  facet normal -0.956958 0 0.290226
    outer loop
      vertex 1.23101 -4 4.58213
      vertex 1.2557 -13.9365 4.66354
      vertex 1.2557 -4 4.66354
    endloop
  endfacet
  facet normal -0.956958 0 0.290226
    outer loop
      vertex 1.2557 -13.9365 4.66354
      vertex 1.23101 -4 4.58213
      vertex 1.23101 -13.939 4.58213
    endloop
  endfacet
  facet normal -0.729868 0 0.683588
    outer loop
      vertex 0.919238 -4 4.08076
      vertex 0.977391 -13.9639 4.14285
      vertex 0.977391 -4 4.14285
    endloop
  endfacet
  facet normal -0.729868 0 0.683588
    outer loop
      vertex 0.977391 -13.9639 4.14285
      vertex 0.919238 -4 4.08076
      vertex 0.919238 -13.9697 4.08076
    endloop
  endfacet
  facet normal -0.849211 0 0.528053
    outer loop
      vertex 1.08091 -4 4.27776
      vertex 1.12583 -13.9493 4.35
      vertex 1.12583 -4 4.35
    endloop
  endfacet
  facet normal -0.849211 0 0.528053
    outer loop
      vertex 1.12583 -13.9493 4.35
      vertex 1.08091 -4 4.27776
      vertex 1.08091 -13.9537 4.27776
    endloop
  endfacet
  facet normal -0.227102 0 0.973871
    outer loop
      vertex 0.268152 -4.09122 3.72837
      vertex 0.336464 -14 3.7443
      vertex 0.336464 -4.08449 3.7443
    endloop
  endfacet
  facet normal -0.227134 -2.37488e-07 0.973863
    outer loop
      vertex 0.253617 -4.0917 3.72498
      vertex 0.336464 -14 3.7443
      vertex 0.268152 -4.09122 3.72837
    endloop
  endfacet
  facet normal -0.227107 0 0.97387
    outer loop
      vertex 0.336464 -14 3.7443
      vertex 0.253617 -4.0917 3.72498
      vertex 0.253617 -14 3.72498
    endloop
  endfacet
  facet normal -0.290236 0 0.956955
    outer loop
      vertex 0.336464 -4.08449 3.7443
      vertex 0.417871 -14 3.76899
      vertex 0.417871 -4.07648 3.76899
    endloop
  endfacet
  facet normal -0.290236 0 0.956955
    outer loop
      vertex 0.417871 -14 3.76899
      vertex 0.336464 -4.08449 3.7443
      vertex 0.336464 -14 3.7443
    endloop
  endfacet
  facet normal -0.0326792 0 0.999466
    outer loop
      vertex 0 -4.1 3.7
      vertex 0.0850239 -14 3.70278
      vertex 0.0850239 -4.09722 3.70278
    endloop
  endfacet
  facet normal -0.0326792 0 0.999466
    outer loop
      vertex 0.0850239 -14 3.70278
      vertex 0 -4.1 3.7
      vertex 0 -14 3.7
    endloop
  endfacet
  facet normal -0.412682 0 0.910875
    outer loop
      vertex 0.535157 -4.06492 3.81602
      vertex 0.574975 -14 3.83406
      vertex 0.574975 -4.05835 3.83406
    endloop
  endfacet
  facet normal -0.412555 6.17228e-07 0.910933
    outer loop
      vertex 0.497488 -4.06863 3.79896
      vertex 0.574975 -14 3.83406
      vertex 0.535157 -4.06492 3.81602
    endloop
  endfacet
  facet normal -0.41262 0 0.910903
    outer loop
      vertex 0.574975 -14 3.83406
      vertex 0.497488 -4.06863 3.79896
      vertex 0.497488 -14 3.79896
    endloop
  endfacet
  facet normal -0.582466 0 0.812855
    outer loop
      vertex 0.72224 -4.03404 3.91909
      vertex 0.791389 -13.9741 3.96864
      vertex 0.791389 -4.02262 3.96864
    endloop
  endfacet
  facet normal -0.582466 0 0.812855
    outer loop
      vertex 0.791389 -13.9741 3.96864
      vertex 0.72224 -4.03404 3.91909
      vertex 0.72224 -13.9764 3.91909
    endloop
  endfacet
  facet normal 0.812859 -0 0.582461
    outer loop
      vertex -1.08091 -13.9537 4.27776
      vertex -1.03136 -4 4.20861
      vertex -1.08091 -4 4.27776
    endloop
  endfacet
  facet normal 0.812859 0 0.582461
    outer loop
      vertex -1.03136 -4 4.20861
      vertex -1.08091 -13.9537 4.27776
      vertex -1.03136 -13.9586 4.20861
    endloop
  endfacet
  facet normal 0.956958 -0 0.290226
    outer loop
      vertex -1.2557 -13.9365 4.66354
      vertex -1.23101 -4 4.58213
      vertex -1.2557 -4 4.66354
    endloop
  endfacet
  facet normal 0.956958 0 0.290226
    outer loop
      vertex -1.23101 -4 4.58213
      vertex -1.2557 -13.9365 4.66354
      vertex -1.23101 -13.939 4.58213
    endloop
  endfacet
  facet normal 0.986641 -0 0.162912
    outer loop
      vertex -1.28888 -13.9333 4.83032
      vertex -1.27502 -4 4.74638
      vertex -1.28888 -4 4.83032
    endloop
  endfacet
  facet normal 0.986641 0 0.162912
    outer loop
      vertex -1.27502 -4 4.74638
      vertex -1.28888 -13.9333 4.83032
      vertex -1.27502 -13.9346 4.74638
    endloop
  endfacet
  facet normal 0.995183 -0 0.0980371
    outer loop
      vertex -1.29722 -13.9324 4.91498
      vertex -1.28888 -4 4.83032
      vertex -1.29722 -4 4.91498
    endloop
  endfacet
  facet normal 0.995183 0 0.0980371
    outer loop
      vertex -1.28888 -4 4.83032
      vertex -1.29722 -13.9324 4.91498
      vertex -1.28888 -13.9333 4.83032
    endloop
  endfacet
  facet normal 0.528053 -0 0.849211
    outer loop
      vertex -0.72224 -13.9764 3.91909
      vertex -0.65 -4.04596 3.87417
      vertex -0.72224 -4.03404 3.91909
    endloop
  endfacet
  facet normal 0.528053 0 0.849211
    outer loop
      vertex -0.65 -4.04596 3.87417
      vertex -0.72224 -13.9764 3.91909
      vertex -0.65 -13.9787 3.87417
    endloop
  endfacet
  facet normal 0.68365 0.00110689 0.72981
    outer loop
      vertex -0.919238 -4 4.08076
      vertex -0.857149 -4.00786 4.02261
      vertex -0.890874 -4 4.05419
    endloop
  endfacet
  facet normal 0.683575 0 0.72988
    outer loop
      vertex -0.857149 -4.00786 4.02261
      vertex -0.919238 -13.9697 4.08076
      vertex -0.857149 -13.9719 4.02261
    endloop
  endfacet
  facet normal 0.683575 0 0.72988
    outer loop
      vertex -0.857149 -4.00786 4.02261
      vertex -0.919238 -4 4.08076
      vertex -0.919238 -13.9697 4.08076
    endloop
  endfacet
  facet normal 0.683157 -0.0169465 0.730075
    outer loop
      vertex -0.857149 -13.9719 4.02261
      vertex -0.919238 -13.9697 4.08076
      vertex -0.915644 -13.97 4.07739
    endloop
  endfacet
  facet normal 0.290236 -0 0.956955
    outer loop
      vertex -0.417871 -14 3.76899
      vertex -0.336464 -4.08449 3.7443
      vertex -0.417871 -4.07648 3.76899
    endloop
  endfacet
  facet normal 0.290236 0 0.956955
    outer loop
      vertex -0.336464 -4.08449 3.7443
      vertex -0.417871 -14 3.76899
      vertex -0.336464 -14 3.7443
    endloop
  endfacet
  facet normal 0.352294 -0 0.935889
    outer loop
      vertex -0.497488 -14 3.79896
      vertex -0.417871 -4.07648 3.76899
      vertex -0.497488 -4.06863 3.79896
    endloop
  endfacet
  facet normal 0.352294 0 0.935889
    outer loop
      vertex -0.417871 -4.07648 3.76899
      vertex -0.497488 -14 3.79896
      vertex -0.417871 -14 3.76899
    endloop
  endfacet
  facet normal 0.0980382 -0 0.995183
    outer loop
      vertex -0.169683 -14 3.71112
      vertex -0.0850239 -4.09722 3.70278
      vertex -0.169683 -4.09444 3.71112
    endloop
  endfacet
  facet normal 0.0980382 0 0.995183
    outer loop
      vertex -0.0850239 -4.09722 3.70278
      vertex -0.169683 -14 3.71112
      vertex -0.0850239 -14 3.70278
    endloop
  endfacet
  facet normal -0.986641 0 -0.162912
    outer loop
      vertex 1.28888 -13.9333 5.16968
      vertex 1.27502 -4 5.25362
      vertex 1.28888 -4 5.16968
    endloop
  endfacet
  facet normal -0.986641 -0 -0.162912
    outer loop
      vertex 1.27502 -4 5.25362
      vertex 1.28888 -13.9333 5.16968
      vertex 1.27502 -13.9346 5.25362
    endloop
  endfacet
  facet normal -0.995183 0 -0.0980371
    outer loop
      vertex 1.29722 -13.9324 5.08502
      vertex 1.28888 -4 5.16968
      vertex 1.29722 -4 5.08502
    endloop
  endfacet
  facet normal -0.995183 -0 -0.0980371
    outer loop
      vertex 1.28888 -4 5.16968
      vertex 1.29722 -13.9324 5.08502
      vertex 1.28888 -13.9333 5.16968
    endloop
  endfacet
  facet normal -0.773004 0 -0.634401
    outer loop
      vertex 1.03136 -13.9586 5.79139
      vertex 0.977391 -4 5.85715
      vertex 1.03136 -4 5.79139
    endloop
  endfacet
  facet normal -0.773004 -0 -0.634401
    outer loop
      vertex 0.977391 -4 5.85715
      vertex 1.03136 -13.9586 5.79139
      vertex 0.977391 -13.9639 5.85715
    endloop
  endfacet
  facet normal 0.290236 0 -0.956955
    outer loop
      vertex -0.417871 -14 6.23101
      vertex -0.336464 -4.08449 6.2557
      vertex -0.336464 -14 6.2557
    endloop
  endfacet
  facet normal 0.290236 0 -0.956955
    outer loop
      vertex -0.336464 -4.08449 6.2557
      vertex -0.417871 -14 6.23101
      vertex -0.417871 -4.07648 6.23101
    endloop
  endfacet
  facet normal -0.0980382 -0 -0.995183
    outer loop
      vertex 0.0850239 -4.09722 6.29722
      vertex 0.169683 -14 6.28888
      vertex 0.0850239 -14 6.29722
    endloop
  endfacet
  facet normal -0.0980382 0 -0.995183
    outer loop
      vertex 0.169683 -14 6.28888
      vertex 0.0850239 -4.09722 6.29722
      vertex 0.169683 -4.09444 6.28888
    endloop
  endfacet
  facet normal -0.412872 0 -0.910789
    outer loop
      vertex 0.574975 -14 6.16593
      vertex 0.535157 -4.06492 6.18398
      vertex 0.574975 -4.05835 6.16593
    endloop
  endfacet
  facet normal -0.412718 -0 -0.910859
    outer loop
      vertex 0.497488 -4.06863 6.20104
      vertex 0.574975 -14 6.16593
      vertex 0.497488 -14 6.20104
    endloop
  endfacet
  facet normal -0.412555 1.53375e-06 -0.910933
    outer loop
      vertex 0.574975 -14 6.16593
      vertex 0.497488 -4.06863 6.20104
      vertex 0.535157 -4.06492 6.18398
    endloop
  endfacet
  facet normal -0.352294 -0 -0.935889
    outer loop
      vertex 0.417871 -4.07648 6.23101
      vertex 0.497488 -14 6.20104
      vertex 0.417871 -14 6.23101
    endloop
  endfacet
  facet normal -0.352294 0 -0.935889
    outer loop
      vertex 0.497488 -14 6.20104
      vertex 0.417871 -4.07648 6.23101
      vertex 0.497488 -4.06863 6.20104
    endloop
  endfacet
  facet normal -0.881917 0 -0.471406
    outer loop
      vertex 1.16593 -13.9454 5.57498
      vertex 1.12583 -4 5.65
      vertex 1.16593 -4 5.57498
    endloop
  endfacet
  facet normal -0.881917 -0 -0.471406
    outer loop
      vertex 1.12583 -4 5.65
      vertex 1.16593 -13.9454 5.57498
      vertex 1.12583 -13.9493 5.65
    endloop
  endfacet
  facet normal -0.956958 0 -0.290226
    outer loop
      vertex 1.2557 -13.9365 5.33646
      vertex 1.23101 -4 5.41787
      vertex 1.2557 -4 5.33646
    endloop
  endfacet
  facet normal -0.956958 -0 -0.290226
    outer loop
      vertex 1.23101 -4 5.41787
      vertex 1.2557 -13.9365 5.33646
      vertex 1.23101 -13.939 5.41787
    endloop
  endfacet
  facet normal -0.999466 0 -0.0326807
    outer loop
      vertex 1.3 -13.9322 5
      vertex 1.29722 -4 5.08502
      vertex 1.3 -4 5
    endloop
  endfacet
  facet normal -0.999466 -0 -0.0326807
    outer loop
      vertex 1.29722 -4 5.08502
      vertex 1.3 -13.9322 5
      vertex 1.29722 -13.9324 5.08502
    endloop
  endfacet
  facet normal -0.683834 0.0253086 -0.729199
    outer loop
      vertex 0.857149 -13.9719 5.97739
      vertex 0.919238 -13.9697 5.91924
      vertex 0.915644 -13.97 5.9226
    endloop
  endfacet
  facet normal -0.683575 0 -0.72988
    outer loop
      vertex 0.919238 -13.9697 5.91924
      vertex 0.857149 -4.00786 5.97739
      vertex 0.919238 -4 5.91924
    endloop
  endfacet
  facet normal -0.683575 0 -0.72988
    outer loop
      vertex 0.919238 -13.9697 5.91924
      vertex 0.857149 -13.9719 5.97739
      vertex 0.857149 -4.00786 5.97739
    endloop
  endfacet
  facet normal -0.683513 -0.000925793 -0.729938
    outer loop
      vertex 0.919238 -4 5.91924
      vertex 0.857149 -4.00786 5.97739
      vertex 0.890874 -4 5.9458
    endloop
  endfacet
  facet normal -0.729868 0 -0.683588
    outer loop
      vertex 0.977391 -13.9639 5.85715
      vertex 0.919238 -4 5.91924
      vertex 0.977391 -4 5.85715
    endloop
  endfacet
  facet normal -0.729868 -0 -0.683588
    outer loop
      vertex 0.919238 -4 5.91924
      vertex 0.977391 -13.9639 5.85715
      vertex 0.919238 -13.9697 5.91924
    endloop
  endfacet
  facet normal -0.582466 -0 -0.812855
    outer loop
      vertex 0.72224 -4.03404 6.08091
      vertex 0.791389 -13.9741 6.03136
      vertex 0.72224 -13.9764 6.08091
    endloop
  endfacet
  facet normal -0.582466 0 -0.812855
    outer loop
      vertex 0.791389 -13.9741 6.03136
      vertex 0.72224 -4.03404 6.08091
      vertex 0.791389 -4.02262 6.03136
    endloop
  endfacet
  facet normal -0.634412 0 -0.772995
    outer loop
      vertex 0.857149 -13.9719 5.97739
      vertex 0.79987 -4.02122 6.0244
      vertex 0.857149 -4.00786 5.97739
    endloop
  endfacet
  facet normal -0.634408 -0 -0.772998
    outer loop
      vertex 0.791389 -4.02262 6.03136
      vertex 0.857149 -13.9719 5.97739
      vertex 0.791389 -13.9741 6.03136
    endloop
  endfacet
  facet normal -0.634384 2.74261e-07 -0.773018
    outer loop
      vertex 0.857149 -13.9719 5.97739
      vertex 0.791389 -4.02262 6.03136
      vertex 0.79987 -4.02122 6.0244
    endloop
  endfacet
  facet normal -0.849211 0 -0.528053
    outer loop
      vertex 1.12583 -13.9493 5.65
      vertex 1.08091 -4 5.72224
      vertex 1.12583 -4 5.65
    endloop
  endfacet
  facet normal -0.849211 -0 -0.528053
    outer loop
      vertex 1.08091 -4 5.72224
      vertex 1.12583 -13.9493 5.65
      vertex 1.08091 -13.9537 5.72224
    endloop
  endfacet
  facet normal -0.812859 0 -0.582461
    outer loop
      vertex 1.08091 -13.9537 5.72224
      vertex 1.03136 -4 5.79139
      vertex 1.08091 -4 5.72224
    endloop
  endfacet
  facet normal -0.812859 -0 -0.582461
    outer loop
      vertex 1.03136 -4 5.79139
      vertex 1.08091 -13.9537 5.72224
      vertex 1.03136 -13.9586 5.79139
    endloop
  endfacet
  facet normal 0.881917 0 -0.471406
    outer loop
      vertex -1.12583 -4 5.65
      vertex -1.16593 -13.9454 5.57498
      vertex -1.16593 -4 5.57498
    endloop
  endfacet
  facet normal 0.881917 0 -0.471406
    outer loop
      vertex -1.16593 -13.9454 5.57498
      vertex -1.12583 -4 5.65
      vertex -1.12583 -13.9493 5.65
    endloop
  endfacet
  facet normal 0.995183 0 -0.0980371
    outer loop
      vertex -1.28888 -4 5.16968
      vertex -1.29722 -13.9324 5.08502
      vertex -1.29722 -4 5.08502
    endloop
  endfacet
  facet normal 0.995183 0 -0.0980371
    outer loop
      vertex -1.29722 -13.9324 5.08502
      vertex -1.28888 -4 5.16968
      vertex -1.28888 -13.9333 5.16968
    endloop
  endfacet
  facet normal 0.999466 0 -0.0326807
    outer loop
      vertex -1.29722 -4 5.08502
      vertex -1.3 -13.9322 5
      vertex -1.3 -4 5
    endloop
  endfacet
  facet normal 0.999466 0 -0.0326807
    outer loop
      vertex -1.3 -13.9322 5
      vertex -1.29722 -4 5.08502
      vertex -1.29722 -13.9324 5.08502
    endloop
  endfacet
  facet normal -0.162923 -0 -0.986639
    outer loop
      vertex 0.169683 -4.09444 6.28888
      vertex 0.253617 -14 6.27502
      vertex 0.169683 -14 6.28888
    endloop
  endfacet
  facet normal -0.162923 0 -0.986639
    outer loop
      vertex 0.253617 -14 6.27502
      vertex 0.169683 -4.09444 6.28888
      vertex 0.253617 -4.0917 6.27502
    endloop
  endfacet
  facet normal -0.528053 -0 -0.849211
    outer loop
      vertex 0.65 -4.04596 6.12583
      vertex 0.72224 -13.9764 6.08091
      vertex 0.65 -13.9787 6.12583
    endloop
  endfacet
  facet normal -0.528053 0 -0.849211
    outer loop
      vertex 0.72224 -13.9764 6.08091
      vertex 0.65 -4.04596 6.12583
      vertex 0.72224 -4.03404 6.08091
    endloop
  endfacet
  facet normal -0.471243 0 -0.882003
    outer loop
      vertex 0.599999 -14 6.15256
      vertex 0.574975 -14 6.16593
      vertex 0.599999 -13.9804 6.15256
    endloop
  endfacet
  facet normal -0.47145 -6.72144e-07 -0.881893
    outer loop
      vertex 0.574975 -4.05835 6.16593
      vertex 0.65 -13.9787 6.12583
      vertex 0.599999 -13.9804 6.15256
    endloop
  endfacet
  facet normal -0.471243 -0 -0.882003
    outer loop
      vertex 0.574975 -4.05835 6.16593
      vertex 0.599999 -13.9804 6.15256
      vertex 0.574975 -14 6.16593
    endloop
  endfacet
  facet normal -0.471381 0 -0.88193
    outer loop
      vertex 0.65 -13.9787 6.12583
      vertex 0.574975 -4.05835 6.16593
      vertex 0.65 -4.04596 6.12583
    endloop
  endfacet
  facet normal 0.0326792 0 -0.999466
    outer loop
      vertex -0.0850239 -14 6.29722
      vertex 0 -4.1 6.3
      vertex 0 -14 6.3
    endloop
  endfacet
  facet normal 0.0326792 0 -0.999466
    outer loop
      vertex 0 -4.1 6.3
      vertex -0.0850239 -14 6.29722
      vertex -0.0850239 -4.09722 6.29722
    endloop
  endfacet
  facet normal 0.634408 0 -0.772998
    outer loop
      vertex -0.857149 -13.9719 5.97739
      vertex -0.791389 -4.02262 6.03136
      vertex -0.791389 -13.9741 6.03136
    endloop
  endfacet
  facet normal 0.634384 2.74261e-07 -0.773018
    outer loop
      vertex -0.791389 -4.02262 6.03136
      vertex -0.857149 -13.9719 5.97739
      vertex -0.79987 -4.02122 6.0244
    endloop
  endfacet
  facet normal 0.634412 0 -0.772995
    outer loop
      vertex -0.79987 -4.02122 6.0244
      vertex -0.857149 -13.9719 5.97739
      vertex -0.857149 -4.00786 5.97739
    endloop
  endfacet
  facet normal 0.528053 0 -0.849211
    outer loop
      vertex -0.72224 -13.9764 6.08091
      vertex -0.65 -4.04596 6.12583
      vertex -0.65 -13.9787 6.12583
    endloop
  endfacet
  facet normal 0.528053 0 -0.849211
    outer loop
      vertex -0.65 -4.04596 6.12583
      vertex -0.72224 -13.9764 6.08091
      vertex -0.72224 -4.03404 6.08091
    endloop
  endfacet
  facet normal 0.162923 0 -0.986639
    outer loop
      vertex -0.253617 -14 6.27502
      vertex -0.169683 -4.09444 6.28888
      vertex -0.169683 -14 6.28888
    endloop
  endfacet
  facet normal 0.162923 0 -0.986639
    outer loop
      vertex -0.169683 -4.09444 6.28888
      vertex -0.253617 -14 6.27502
      vertex -0.253617 -4.0917 6.27502
    endloop
  endfacet
  facet normal 0.227107 0 -0.97387
    outer loop
      vertex -0.336464 -14 6.2557
      vertex -0.253617 -4.0917 6.27502
      vertex -0.253617 -14 6.27502
    endloop
  endfacet
  facet normal 0.227134 -2.37488e-07 -0.973863
    outer loop
      vertex -0.253617 -4.0917 6.27502
      vertex -0.336464 -14 6.2557
      vertex -0.268152 -4.09122 6.27163
    endloop
  endfacet
  facet normal 0.227102 0 -0.973871
    outer loop
      vertex -0.268152 -4.09122 6.27163
      vertex -0.336464 -14 6.2557
      vertex -0.336464 -4.08449 6.2557
    endloop
  endfacet
  facet normal 0.0980382 0 -0.995183
    outer loop
      vertex -0.169683 -14 6.28888
      vertex -0.0850239 -4.09722 6.29722
      vertex -0.0850239 -14 6.29722
    endloop
  endfacet
  facet normal 0.0980382 0 -0.995183
    outer loop
      vertex -0.0850239 -4.09722 6.29722
      vertex -0.169683 -14 6.28888
      vertex -0.169683 -4.09444 6.28888
    endloop
  endfacet
  facet normal 0.773004 0 -0.634401
    outer loop
      vertex -0.977391 -4 5.85715
      vertex -1.03136 -13.9586 5.79139
      vertex -1.03136 -4 5.79139
    endloop
  endfacet
  facet normal 0.773004 0 -0.634401
    outer loop
      vertex -1.03136 -13.9586 5.79139
      vertex -0.977391 -4 5.85715
      vertex -0.977391 -13.9639 5.85715
    endloop
  endfacet
  facet normal 0.729868 0 -0.683588
    outer loop
      vertex -0.919238 -4 5.91924
      vertex -0.977391 -13.9639 5.85715
      vertex -0.977391 -4 5.85715
    endloop
  endfacet
  facet normal 0.729868 0 -0.683588
    outer loop
      vertex -0.977391 -13.9639 5.85715
      vertex -0.919238 -4 5.91924
      vertex -0.919238 -13.9697 5.91924
    endloop
  endfacet
  facet normal 0.683575 0 -0.72988
    outer loop
      vertex -0.919238 -13.9697 5.91924
      vertex -0.857149 -4.00786 5.97739
      vertex -0.857149 -13.9719 5.97739
    endloop
  endfacet
  facet normal 0.683834 0.0253086 -0.729199
    outer loop
      vertex -0.919238 -13.9697 5.91924
      vertex -0.857149 -13.9719 5.97739
      vertex -0.915644 -13.97 5.9226
    endloop
  endfacet
  facet normal 0.683575 0 -0.72988
    outer loop
      vertex -0.919238 -4 5.91924
      vertex -0.857149 -4.00786 5.97739
      vertex -0.919238 -13.9697 5.91924
    endloop
  endfacet
  facet normal 0.683513 -0.000925793 -0.729938
    outer loop
      vertex -0.857149 -4.00786 5.97739
      vertex -0.919238 -4 5.91924
      vertex -0.890874 -4 5.9458
    endloop
  endfacet
  facet normal 0.973865 0 -0.227126
    outer loop
      vertex -1.2557 -4 5.33646
      vertex -1.27502 -13.9346 5.25362
      vertex -1.27502 -4 5.25362
    endloop
  endfacet
  facet normal 0.973865 0 -0.227126
    outer loop
      vertex -1.27502 -13.9346 5.25362
      vertex -1.2557 -4 5.33646
      vertex -1.2557 -13.9365 5.33646
    endloop
  endfacet
  facet normal 0.935894 0 -0.352283
    outer loop
      vertex -1.20104 -4 5.49749
      vertex -1.23101 -13.939 5.41787
      vertex -1.23101 -4 5.41787
    endloop
  endfacet
  facet normal 0.935894 0 -0.352283
    outer loop
      vertex -1.23101 -13.939 5.41787
      vertex -1.20104 -4 5.49749
      vertex -1.20104 -13.9419 5.49749
    endloop
  endfacet
  facet normal 0.956958 0 -0.290226
    outer loop
      vertex -1.23101 -4 5.41787
      vertex -1.2557 -13.9365 5.33646
      vertex -1.2557 -4 5.33646
    endloop
  endfacet
  facet normal 0.956958 0 -0.290226
    outer loop
      vertex -1.2557 -13.9365 5.33646
      vertex -1.23101 -4 5.41787
      vertex -1.23101 -13.939 5.41787
    endloop
  endfacet
  facet normal 0.910865 0 -0.412704
    outer loop
      vertex -1.16593 -4 5.57498
      vertex -1.20104 -13.9419 5.49749
      vertex -1.20104 -4 5.49749
    endloop
  endfacet
  facet normal 0.910865 0 -0.412704
    outer loop
      vertex -1.20104 -13.9419 5.49749
      vertex -1.16593 -4 5.57498
      vertex -1.16593 -13.9454 5.57498
    endloop
  endfacet
  facet normal 0.986641 0 -0.162912
    outer loop
      vertex -1.27502 -4 5.25362
      vertex -1.28888 -13.9333 5.16968
      vertex -1.28888 -4 5.16968
    endloop
  endfacet
  facet normal 0.986641 0 -0.162912
    outer loop
      vertex -1.28888 -13.9333 5.16968
      vertex -1.27502 -4 5.25362
      vertex -1.27502 -13.9346 5.25362
    endloop
  endfacet
  facet normal -0.290236 -0 -0.956955
    outer loop
      vertex 0.336464 -4.08449 6.2557
      vertex 0.417871 -14 6.23101
      vertex 0.336464 -14 6.2557
    endloop
  endfacet
  facet normal -0.290236 0 -0.956955
    outer loop
      vertex 0.417871 -14 6.23101
      vertex 0.336464 -4.08449 6.2557
      vertex 0.417871 -4.07648 6.23101
    endloop
  endfacet
  facet normal -0.935894 0 -0.352283
    outer loop
      vertex 1.23101 -13.939 5.41787
      vertex 1.20104 -4 5.49749
      vertex 1.23101 -4 5.41787
    endloop
  endfacet
  facet normal -0.935894 -0 -0.352283
    outer loop
      vertex 1.20104 -4 5.49749
      vertex 1.23101 -13.939 5.41787
      vertex 1.20104 -13.9419 5.49749
    endloop
  endfacet
  facet normal -0.910865 0 -0.412704
    outer loop
      vertex 1.20104 -13.9419 5.49749
      vertex 1.16593 -4 5.57498
      vertex 1.20104 -4 5.49749
    endloop
  endfacet
  facet normal -0.910865 -0 -0.412704
    outer loop
      vertex 1.16593 -4 5.57498
      vertex 1.20104 -13.9419 5.49749
      vertex 1.16593 -13.9454 5.57498
    endloop
  endfacet
  facet normal 0.582466 0 -0.812855
    outer loop
      vertex -0.791389 -13.9741 6.03136
      vertex -0.72224 -4.03404 6.08091
      vertex -0.72224 -13.9764 6.08091
    endloop
  endfacet
  facet normal 0.582466 0 -0.812855
    outer loop
      vertex -0.72224 -4.03404 6.08091
      vertex -0.791389 -13.9741 6.03136
      vertex -0.791389 -4.02262 6.03136
    endloop
  endfacet
  facet normal 0.812859 0 -0.582461
    outer loop
      vertex -1.03136 -4 5.79139
      vertex -1.08091 -13.9537 5.72224
      vertex -1.08091 -4 5.72224
    endloop
  endfacet
  facet normal 0.812859 0 -0.582461
    outer loop
      vertex -1.08091 -13.9537 5.72224
      vertex -1.03136 -4 5.79139
      vertex -1.03136 -13.9586 5.79139
    endloop
  endfacet
  facet normal 0.849211 0 -0.528053
    outer loop
      vertex -1.08091 -4 5.72224
      vertex -1.12583 -13.9493 5.65
      vertex -1.12583 -4 5.65
    endloop
  endfacet
  facet normal 0.849211 0 -0.528053
    outer loop
      vertex -1.12583 -13.9493 5.65
      vertex -1.08091 -4 5.72224
      vertex -1.08091 -13.9537 5.72224
    endloop
  endfacet
  facet normal 0.352294 0 -0.935889
    outer loop
      vertex -0.497488 -14 6.20104
      vertex -0.417871 -4.07648 6.23101
      vertex -0.417871 -14 6.23101
    endloop
  endfacet
  facet normal 0.352294 0 -0.935889
    outer loop
      vertex -0.417871 -4.07648 6.23101
      vertex -0.497488 -14 6.20104
      vertex -0.497488 -4.06863 6.20104
    endloop
  endfacet
  facet normal 0.412718 0 -0.910859
    outer loop
      vertex -0.574975 -14 6.16593
      vertex -0.497488 -4.06863 6.20104
      vertex -0.497488 -14 6.20104
    endloop
  endfacet
  facet normal 0.412555 1.53375e-06 -0.910933
    outer loop
      vertex -0.497488 -4.06863 6.20104
      vertex -0.574975 -14 6.16593
      vertex -0.535157 -4.06492 6.18398
    endloop
  endfacet
  facet normal 0.412872 0 -0.910789
    outer loop
      vertex -0.535157 -4.06492 6.18398
      vertex -0.574975 -14 6.16593
      vertex -0.574975 -4.05835 6.16593
    endloop
  endfacet
  facet normal 0.471243 0 -0.882003
    outer loop
      vertex -0.599999 -13.9804 6.15256
      vertex -0.574975 -14 6.16593
      vertex -0.599999 -14 6.15256
    endloop
  endfacet
  facet normal 0.471243 0 -0.882003
    outer loop
      vertex -0.574975 -14 6.16593
      vertex -0.599999 -13.9804 6.15256
      vertex -0.574975 -4.05835 6.16593
    endloop
  endfacet
  facet normal 0.47145 -6.72144e-07 -0.881893
    outer loop
      vertex -0.65 -13.9787 6.12583
      vertex -0.574975 -4.05835 6.16593
      vertex -0.599999 -13.9804 6.15256
    endloop
  endfacet
  facet normal 0.471381 0 -0.88193
    outer loop
      vertex -0.574975 -4.05835 6.16593
      vertex -0.65 -13.9787 6.12583
      vertex -0.65 -4.04596 6.12583
    endloop
  endfacet
endsolid OpenSCAD_Model
