solid OpenSCAD_Model
  facet normal -0.998794 -0.0491022 0
    outer loop
      vertex 8.6 7 0
      vertex 8.59229 7.15683 3.2
      vertex 8.59229 7.15683 0
    endloop
  endfacet
  facet normal -0.998794 -0.0491022 0
    outer loop
      vertex 8.59229 7.15683 3.2
      vertex 8.6 7 0
      vertex 8.6 7 3.2
    endloop
  endfacet
  facet normal 0.0491022 -0.998794 0
    outer loop
      vertex 6.84317 8.59229 0
      vertex 7 8.6 3.2
      vertex 6.84317 8.59229 3.2
    endloop
  endfacet
  facet normal 0.0491022 -0.998794 0
    outer loop
      vertex 7 8.6 3.2
      vertex 6.84317 8.59229 0
      vertex 7 8.6 0
    endloop
  endfacet
  facet normal -0.0490387 0.998797 0
    outer loop
      vertex 7.15683 5.4077 0
      vertex 7 5.4 3.2
      vertex 7.15683 5.4077 3.2
    endloop
  endfacet
  facet normal -0.0490387 0.998797 0
    outer loop
      vertex 7 5.4 3.2
      vertex 7.15683 5.4077 0
      vertex 7 5.4 0
    endloop
  endfacet
  facet normal -0.671578 -0.740933 0
    outer loop
      vertex 8.01503 8.23682 0
      vertex 8.13137 8.13137 3.2
      vertex 8.01503 8.23682 3.2
    endloop
  endfacet
  facet normal -0.671578 -0.740933 -0
    outer loop
      vertex 8.13137 8.13137 3.2
      vertex 8.01503 8.23682 0
      vertex 8.13137 8.13137 0
    endloop
  endfacet
  facet normal 0.740933 -0.671578 0
    outer loop
      vertex 5.76318 8.01503 3.2
      vertex 5.86863 8.13137 0
      vertex 5.86863 8.13137 3.2
    endloop
  endfacet
  facet normal 0.740933 -0.671578 0
    outer loop
      vertex 5.86863 8.13137 0
      vertex 5.76318 8.01503 3.2
      vertex 5.76318 8.01503 0
    endloop
  endfacet
  facet normal 0.427569 -0.903983 0
    outer loop
      vertex 6.24576 8.41107 0
      vertex 6.38771 8.47821 3.2
      vertex 6.24576 8.41107 3.2
    endloop
  endfacet
  facet normal 0.427569 -0.903983 0
    outer loop
      vertex 6.38771 8.47821 3.2
      vertex 6.24576 8.41107 0
      vertex 6.38771 8.47821 0
    endloop
  endfacet
  facet normal -0.903971 -0.427594 0
    outer loop
      vertex 8.47821 7.61229 0
      vertex 8.41107 7.75423 3.2
      vertex 8.41107 7.75423 0
    endloop
  endfacet
  facet normal -0.903971 -0.427594 0
    outer loop
      vertex 8.41107 7.75423 3.2
      vertex 8.47821 7.61229 0
      vertex 8.47821 7.61229 3.2
    endloop
  endfacet
  facet normal -0.336845 -0.94156 0
    outer loop
      vertex 7.46445 8.5311 0
      vertex 7.61229 8.47821 3.2
      vertex 7.46445 8.5311 3.2
    endloop
  endfacet
  facet normal -0.336845 -0.94156 -0
    outer loop
      vertex 7.61229 8.47821 3.2
      vertex 7.46445 8.5311 0
      vertex 7.61229 8.47821 0
    endloop
  endfacet
  facet normal -0.514084 -0.85774 0
    outer loop
      vertex 7.75423 8.41107 0
      vertex 7.88891 8.33035 3.2
      vertex 7.75423 8.41107 3.2
    endloop
  endfacet
  facet normal -0.514084 -0.85774 -0
    outer loop
      vertex 7.88891 8.33035 3.2
      vertex 7.75423 8.41107 0
      vertex 7.88891 8.33035 0
    endloop
  endfacet
  facet normal 0.94154 -0.336901 0
    outer loop
      vertex 5.46889 7.46445 3.2
      vertex 5.52179 7.61229 0
      vertex 5.52179 7.61229 3.2
    endloop
  endfacet
  facet normal 0.94154 -0.336901 0
    outer loop
      vertex 5.52179 7.61229 0
      vertex 5.46889 7.46445 3.2
      vertex 5.46889 7.46445 0
    endloop
  endfacet
  facet normal 0.24303 -0.970019 0
    outer loop
      vertex 6.53554 8.5311 0
      vertex 6.68785 8.56926 3.2
      vertex 6.53554 8.5311 3.2
    endloop
  endfacet
  facet normal 0.24303 -0.970019 0
    outer loop
      vertex 6.68785 8.56926 3.2
      vertex 6.53554 8.5311 0
      vertex 6.68785 8.56926 0
    endloop
  endfacet
  facet normal -0.146743 0.989175 0
    outer loop
      vertex 7.31214 5.43074 0
      vertex 7.15683 5.4077 3.2
      vertex 7.31214 5.43074 3.2
    endloop
  endfacet
  facet normal -0.146743 0.989175 0
    outer loop
      vertex 7.15683 5.4077 3.2
      vertex 7.31214 5.43074 0
      vertex 7.15683 5.4077 0
    endloop
  endfacet
  facet normal -0.970019 -0.24303 0
    outer loop
      vertex 8.56926 7.31214 0
      vertex 8.5311 7.46445 3.2
      vertex 8.5311 7.46445 0
    endloop
  endfacet
  facet normal -0.970019 -0.24303 0
    outer loop
      vertex 8.5311 7.46445 3.2
      vertex 8.56926 7.31214 0
      vertex 8.56926 7.31214 3.2
    endloop
  endfacet
  facet normal -0.989184 -0.14668 0
    outer loop
      vertex 8.59229 7.15683 0
      vertex 8.56926 7.31214 3.2
      vertex 8.56926 7.31214 0
    endloop
  endfacet
  facet normal -0.989184 -0.14668 0
    outer loop
      vertex 8.56926 7.31214 3.2
      vertex 8.59229 7.15683 0
      vertex 8.59229 7.15683 3.2
    endloop
  endfacet
  facet normal -0.94156 -0.336845 0
    outer loop
      vertex 8.5311 7.46445 0
      vertex 8.47821 7.61229 3.2
      vertex 8.47821 7.61229 0
    endloop
  endfacet
  facet normal -0.94156 -0.336845 0
    outer loop
      vertex 8.47821 7.61229 3.2
      vertex 8.5311 7.46445 0
      vertex 8.5311 7.46445 3.2
    endloop
  endfacet
  facet normal -0.803229 -0.595671 0
    outer loop
      vertex 8.33035 7.88891 0
      vertex 8.23682 8.01503 3.2
      vertex 8.23682 8.01503 0
    endloop
  endfacet
  facet normal -0.803229 -0.595671 0
    outer loop
      vertex 8.23682 8.01503 3.2
      vertex 8.33035 7.88891 0
      vertex 8.33035 7.88891 3.2
    endloop
  endfacet
  facet normal -0.740933 -0.671578 0
    outer loop
      vertex 8.23682 8.01503 0
      vertex 8.13137 8.13137 3.2
      vertex 8.13137 8.13137 0
    endloop
  endfacet
  facet normal -0.740933 -0.671578 0
    outer loop
      vertex 8.13137 8.13137 3.2
      vertex 8.23682 8.01503 0
      vertex 8.23682 8.01503 3.2
    endloop
  endfacet
  facet normal -0.85774 -0.514084 0
    outer loop
      vertex 8.41107 7.75423 0
      vertex 8.33035 7.88891 3.2
      vertex 8.33035 7.88891 0
    endloop
  endfacet
  facet normal -0.85774 -0.514084 0
    outer loop
      vertex 8.33035 7.88891 3.2
      vertex 8.41107 7.75423 0
      vertex 8.41107 7.75423 3.2
    endloop
  endfacet
  facet normal -0.14668 -0.989184 0
    outer loop
      vertex 7.15683 8.59229 0
      vertex 7.31214 8.56926 3.2
      vertex 7.15683 8.59229 3.2
    endloop
  endfacet
  facet normal -0.14668 -0.989184 -0
    outer loop
      vertex 7.31214 8.56926 3.2
      vertex 7.15683 8.59229 0
      vertex 7.31214 8.56926 0
    endloop
  endfacet
  facet normal -0.24303 -0.970019 0
    outer loop
      vertex 7.31214 8.56926 0
      vertex 7.46445 8.5311 3.2
      vertex 7.31214 8.56926 3.2
    endloop
  endfacet
  facet normal -0.24303 -0.970019 -0
    outer loop
      vertex 7.46445 8.5311 3.2
      vertex 7.31214 8.56926 0
      vertex 7.46445 8.5311 0
    endloop
  endfacet
  facet normal -0.0491022 -0.998794 0
    outer loop
      vertex 7 8.6 0
      vertex 7.15683 8.59229 3.2
      vertex 7 8.6 3.2
    endloop
  endfacet
  facet normal -0.0491022 -0.998794 -0
    outer loop
      vertex 7.15683 8.59229 3.2
      vertex 7 8.6 0
      vertex 7.15683 8.59229 0
    endloop
  endfacet
  facet normal -0.427594 -0.903971 0
    outer loop
      vertex 7.61229 8.47821 0
      vertex 7.75423 8.41107 3.2
      vertex 7.61229 8.47821 3.2
    endloop
  endfacet
  facet normal -0.427594 -0.903971 -0
    outer loop
      vertex 7.75423 8.41107 3.2
      vertex 7.61229 8.47821 0
      vertex 7.75423 8.41107 0
    endloop
  endfacet
  facet normal -0.595671 -0.803229 0
    outer loop
      vertex 7.88891 8.33035 0
      vertex 8.01503 8.23682 3.2
      vertex 7.88891 8.33035 3.2
    endloop
  endfacet
  facet normal -0.595671 -0.803229 -0
    outer loop
      vertex 8.01503 8.23682 3.2
      vertex 7.88891 8.33035 0
      vertex 8.01503 8.23682 0
    endloop
  endfacet
  facet normal 0.989175 -0.146743 0
    outer loop
      vertex 5.4077 7.15683 3.2
      vertex 5.43074 7.31214 0
      vertex 5.43074 7.31214 3.2
    endloop
  endfacet
  facet normal 0.989175 -0.146743 0
    outer loop
      vertex 5.43074 7.31214 0
      vertex 5.4077 7.15683 3.2
      vertex 5.4077 7.15683 0
    endloop
  endfacet
  facet normal 0.85774 -0.514084 0
    outer loop
      vertex 5.58893 7.75423 3.2
      vertex 5.66965 7.88891 0
      vertex 5.66965 7.88891 3.2
    endloop
  endfacet
  facet normal 0.85774 -0.514084 0
    outer loop
      vertex 5.66965 7.88891 0
      vertex 5.58893 7.75423 3.2
      vertex 5.58893 7.75423 0
    endloop
  endfacet
  facet normal 0.803229 -0.595671 0
    outer loop
      vertex 5.66965 7.88891 3.2
      vertex 5.76318 8.01503 0
      vertex 5.76318 8.01503 3.2
    endloop
  endfacet
  facet normal 0.803229 -0.595671 0
    outer loop
      vertex 5.76318 8.01503 0
      vertex 5.66965 7.88891 3.2
      vertex 5.66965 7.88891 0
    endloop
  endfacet
  facet normal 0.903971 -0.427594 0
    outer loop
      vertex 5.52179 7.61229 3.2
      vertex 5.58893 7.75423 0
      vertex 5.58893 7.75423 3.2
    endloop
  endfacet
  facet normal 0.903971 -0.427594 0
    outer loop
      vertex 5.58893 7.75423 0
      vertex 5.52179 7.61229 3.2
      vertex 5.52179 7.61229 0
    endloop
  endfacet
  facet normal 0.970034 -0.24297 0
    outer loop
      vertex 5.43074 7.31214 3.2
      vertex 5.46889 7.46445 0
      vertex 5.46889 7.46445 3.2
    endloop
  endfacet
  facet normal 0.970034 -0.24297 0
    outer loop
      vertex 5.46889 7.46445 0
      vertex 5.43074 7.31214 3.2
      vertex 5.43074 7.31214 0
    endloop
  endfacet
  facet normal 0.998797 -0.0490387 0
    outer loop
      vertex 5.4 7 3.2
      vertex 5.4077 7.15683 0
      vertex 5.4077 7.15683 3.2
    endloop
  endfacet
  facet normal 0.998797 -0.0490387 0
    outer loop
      vertex 5.4077 7.15683 0
      vertex 5.4 7 3.2
      vertex 5.4 7 0
    endloop
  endfacet
  facet normal 0.595671 -0.803229 0
    outer loop
      vertex 5.98497 8.23682 0
      vertex 6.11109 8.33035 3.2
      vertex 5.98497 8.23682 3.2
    endloop
  endfacet
  facet normal 0.595671 -0.803229 0
    outer loop
      vertex 6.11109 8.33035 3.2
      vertex 5.98497 8.23682 0
      vertex 6.11109 8.33035 0
    endloop
  endfacet
  facet normal 0.514112 -0.857723 0
    outer loop
      vertex 6.11109 8.33035 0
      vertex 6.24576 8.41107 3.2
      vertex 6.11109 8.33035 3.2
    endloop
  endfacet
  facet normal 0.514112 -0.857723 0
    outer loop
      vertex 6.24576 8.41107 3.2
      vertex 6.11109 8.33035 0
      vertex 6.24576 8.41107 0
    endloop
  endfacet
  facet normal 0.671578 -0.740933 0
    outer loop
      vertex 5.86863 8.13137 0
      vertex 5.98497 8.23682 3.2
      vertex 5.86863 8.13137 3.2
    endloop
  endfacet
  facet normal 0.671578 -0.740933 0
    outer loop
      vertex 5.98497 8.23682 3.2
      vertex 5.86863 8.13137 0
      vertex 5.98497 8.23682 0
    endloop
  endfacet
  facet normal 0.336865 -0.941553 0
    outer loop
      vertex 6.38771 8.47821 0
      vertex 6.53554 8.5311 3.2
      vertex 6.38771 8.47821 3.2
    endloop
  endfacet
  facet normal 0.336865 -0.941553 0
    outer loop
      vertex 6.53554 8.5311 3.2
      vertex 6.38771 8.47821 0
      vertex 6.53554 8.5311 0
    endloop
  endfacet
  facet normal 0.146671 -0.989185 0
    outer loop
      vertex 6.68785 8.56926 0
      vertex 6.84317 8.59229 3.2
      vertex 6.68785 8.56926 3.2
    endloop
  endfacet
  facet normal 0.146671 -0.989185 0
    outer loop
      vertex 6.84317 8.59229 3.2
      vertex 6.68785 8.56926 0
      vertex 6.84317 8.59229 0
    endloop
  endfacet
  facet normal -0.998794 0.0491022 0
    outer loop
      vertex 8.59229 6.84317 0
      vertex 8.6 7 3.2
      vertex 8.6 7 0
    endloop
  endfacet
  facet normal -0.998794 0.0491022 0
    outer loop
      vertex 8.6 7 3.2
      vertex 8.59229 6.84317 0
      vertex 8.59229 6.84317 3.2
    endloop
  endfacet
  facet normal -0.740933 0.671578 0
    outer loop
      vertex 8.13137 5.86863 0
      vertex 8.23682 5.98497 3.2
      vertex 8.23682 5.98497 0
    endloop
  endfacet
  facet normal -0.740933 0.671578 0
    outer loop
      vertex 8.23682 5.98497 3.2
      vertex 8.13137 5.86863 0
      vertex 8.13137 5.86863 3.2
    endloop
  endfacet
  facet normal 0.595671 0.803229 -0
    outer loop
      vertex 6.11109 5.66965 0
      vertex 5.98497 5.76318 3.2
      vertex 6.11109 5.66965 3.2
    endloop
  endfacet
  facet normal 0.595671 0.803229 0
    outer loop
      vertex 5.98497 5.76318 3.2
      vertex 6.11109 5.66965 0
      vertex 5.98497 5.76318 0
    endloop
  endfacet
  facet normal 0.857723 0.514112 0
    outer loop
      vertex 5.66965 6.11109 3.2
      vertex 5.58893 6.24576 0
      vertex 5.58893 6.24576 3.2
    endloop
  endfacet
  facet normal 0.857723 0.514112 0
    outer loop
      vertex 5.58893 6.24576 0
      vertex 5.66965 6.11109 3.2
      vertex 5.66965 6.11109 0
    endloop
  endfacet
  facet normal 0.740933 0.671578 0
    outer loop
      vertex 5.86863 5.86863 3.2
      vertex 5.76318 5.98497 0
      vertex 5.76318 5.98497 3.2
    endloop
  endfacet
  facet normal 0.740933 0.671578 0
    outer loop
      vertex 5.76318 5.98497 0
      vertex 5.86863 5.86863 3.2
      vertex 5.86863 5.86863 0
    endloop
  endfacet
  facet normal 0.998797 0.0490387 0
    outer loop
      vertex 5.4077 6.84317 3.2
      vertex 5.4 7 0
      vertex 5.4 7 3.2
    endloop
  endfacet
  facet normal 0.998797 0.0490387 0
    outer loop
      vertex 5.4 7 0
      vertex 5.4077 6.84317 3.2
      vertex 5.4077 6.84317 0
    endloop
  endfacet
  facet normal -0.970019 0.24303 0
    outer loop
      vertex 8.5311 6.53554 0
      vertex 8.56926 6.68785 3.2
      vertex 8.56926 6.68785 0
    endloop
  endfacet
  facet normal -0.970019 0.24303 0
    outer loop
      vertex 8.56926 6.68785 3.2
      vertex 8.5311 6.53554 0
      vertex 8.5311 6.53554 3.2
    endloop
  endfacet
  facet normal -0.514084 0.85774 0
    outer loop
      vertex 7.88891 5.66965 0
      vertex 7.75423 5.58893 3.2
      vertex 7.88891 5.66965 3.2
    endloop
  endfacet
  facet normal -0.514084 0.85774 0
    outer loop
      vertex 7.75423 5.58893 3.2
      vertex 7.88891 5.66965 0
      vertex 7.75423 5.58893 0
    endloop
  endfacet
  facet normal -0.671578 0.740933 0
    outer loop
      vertex 8.13137 5.86863 0
      vertex 8.01503 5.76318 3.2
      vertex 8.13137 5.86863 3.2
    endloop
  endfacet
  facet normal -0.671578 0.740933 0
    outer loop
      vertex 8.01503 5.76318 3.2
      vertex 8.13137 5.86863 0
      vertex 8.01503 5.76318 0
    endloop
  endfacet
  facet normal -0.903983 0.427569 0
    outer loop
      vertex 8.41107 6.24576 0
      vertex 8.47821 6.38771 3.2
      vertex 8.47821 6.38771 0
    endloop
  endfacet
  facet normal -0.903983 0.427569 0
    outer loop
      vertex 8.47821 6.38771 3.2
      vertex 8.41107 6.24576 0
      vertex 8.41107 6.24576 3.2
    endloop
  endfacet
  facet normal -0.803229 0.595671 0
    outer loop
      vertex 8.23682 5.98497 0
      vertex 8.33035 6.11109 3.2
      vertex 8.33035 6.11109 0
    endloop
  endfacet
  facet normal -0.803229 0.595671 0
    outer loop
      vertex 8.33035 6.11109 3.2
      vertex 8.23682 5.98497 0
      vertex 8.23682 5.98497 3.2
    endloop
  endfacet
  facet normal 0.671578 0.740933 -0
    outer loop
      vertex 5.98497 5.76318 0
      vertex 5.86863 5.86863 3.2
      vertex 5.98497 5.76318 3.2
    endloop
  endfacet
  facet normal 0.671578 0.740933 0
    outer loop
      vertex 5.86863 5.86863 3.2
      vertex 5.98497 5.76318 0
      vertex 5.86863 5.86863 0
    endloop
  endfacet
  facet normal 0.941533 0.336921 0
    outer loop
      vertex 5.52179 6.38771 3.2
      vertex 5.46889 6.53554 0
      vertex 5.46889 6.53554 3.2
    endloop
  endfacet
  facet normal 0.941533 0.336921 0
    outer loop
      vertex 5.46889 6.53554 0
      vertex 5.52179 6.38771 3.2
      vertex 5.52179 6.38771 0
    endloop
  endfacet
  facet normal 0.903983 0.427569 0
    outer loop
      vertex 5.58893 6.24576 3.2
      vertex 5.52179 6.38771 0
      vertex 5.52179 6.38771 3.2
    endloop
  endfacet
  facet normal 0.903983 0.427569 0
    outer loop
      vertex 5.52179 6.38771 0
      vertex 5.58893 6.24576 3.2
      vertex 5.58893 6.24576 0
    endloop
  endfacet
  facet normal -0.427594 0.903971 0
    outer loop
      vertex 7.75423 5.58893 0
      vertex 7.61229 5.52179 3.2
      vertex 7.75423 5.58893 3.2
    endloop
  endfacet
  facet normal -0.427594 0.903971 0
    outer loop
      vertex 7.61229 5.52179 3.2
      vertex 7.75423 5.58893 0
      vertex 7.61229 5.52179 0
    endloop
  endfacet
  facet normal -0.336901 0.94154 0
    outer loop
      vertex 7.61229 5.52179 0
      vertex 7.46445 5.46889 3.2
      vertex 7.61229 5.52179 3.2
    endloop
  endfacet
  facet normal -0.336901 0.94154 0
    outer loop
      vertex 7.46445 5.46889 3.2
      vertex 7.61229 5.52179 0
      vertex 7.46445 5.46889 0
    endloop
  endfacet
  facet normal -0.24297 0.970034 0
    outer loop
      vertex 7.46445 5.46889 0
      vertex 7.31214 5.43074 3.2
      vertex 7.46445 5.46889 3.2
    endloop
  endfacet
  facet normal -0.24297 0.970034 0
    outer loop
      vertex 7.31214 5.43074 3.2
      vertex 7.46445 5.46889 0
      vertex 7.31214 5.43074 0
    endloop
  endfacet
  facet normal -0.989185 0.146671 0
    outer loop
      vertex 8.56926 6.68785 0
      vertex 8.59229 6.84317 3.2
      vertex 8.59229 6.84317 0
    endloop
  endfacet
  facet normal -0.989185 0.146671 0
    outer loop
      vertex 8.59229 6.84317 3.2
      vertex 8.56926 6.68785 0
      vertex 8.56926 6.68785 3.2
    endloop
  endfacet
  facet normal -0.941553 0.336865 0
    outer loop
      vertex 8.47821 6.38771 0
      vertex 8.5311 6.53554 3.2
      vertex 8.5311 6.53554 0
    endloop
  endfacet
  facet normal -0.941553 0.336865 0
    outer loop
      vertex 8.5311 6.53554 3.2
      vertex 8.47821 6.38771 0
      vertex 8.47821 6.38771 3.2
    endloop
  endfacet
  facet normal -0.857723 0.514112 0
    outer loop
      vertex 8.33035 6.11109 0
      vertex 8.41107 6.24576 3.2
      vertex 8.41107 6.24576 0
    endloop
  endfacet
  facet normal -0.857723 0.514112 0
    outer loop
      vertex 8.41107 6.24576 3.2
      vertex 8.33035 6.11109 0
      vertex 8.33035 6.11109 3.2
    endloop
  endfacet
  facet normal 0.0490387 0.998797 -0
    outer loop
      vertex 7 5.4 0
      vertex 6.84317 5.4077 3.2
      vertex 7 5.4 3.2
    endloop
  endfacet
  facet normal 0.0490387 0.998797 0
    outer loop
      vertex 6.84317 5.4077 3.2
      vertex 7 5.4 0
      vertex 6.84317 5.4077 0
    endloop
  endfacet
  facet normal 0.427569 0.903983 -0
    outer loop
      vertex 6.38771 5.52179 0
      vertex 6.24576 5.58893 3.2
      vertex 6.38771 5.52179 3.2
    endloop
  endfacet
  facet normal 0.427569 0.903983 0
    outer loop
      vertex 6.24576 5.58893 3.2
      vertex 6.38771 5.52179 0
      vertex 6.24576 5.58893 0
    endloop
  endfacet
  facet normal 0.803229 0.595671 0
    outer loop
      vertex 5.76318 5.98497 3.2
      vertex 5.66965 6.11109 0
      vertex 5.66965 6.11109 3.2
    endloop
  endfacet
  facet normal 0.803229 0.595671 0
    outer loop
      vertex 5.66965 6.11109 0
      vertex 5.76318 5.98497 3.2
      vertex 5.76318 5.98497 0
    endloop
  endfacet
  facet normal 0.970034 0.24297 0
    outer loop
      vertex 5.46889 6.53554 3.2
      vertex 5.43074 6.68785 0
      vertex 5.43074 6.68785 3.2
    endloop
  endfacet
  facet normal 0.970034 0.24297 0
    outer loop
      vertex 5.43074 6.68785 0
      vertex 5.46889 6.53554 3.2
      vertex 5.46889 6.53554 0
    endloop
  endfacet
  facet normal 0.989176 0.146733 0
    outer loop
      vertex 5.43074 6.68785 3.2
      vertex 5.4077 6.84317 0
      vertex 5.4077 6.84317 3.2
    endloop
  endfacet
  facet normal 0.989176 0.146733 0
    outer loop
      vertex 5.4077 6.84317 0
      vertex 5.43074 6.68785 3.2
      vertex 5.43074 6.68785 0
    endloop
  endfacet
  facet normal -0.595671 0.803229 0
    outer loop
      vertex 8.01503 5.76318 0
      vertex 7.88891 5.66965 3.2
      vertex 8.01503 5.76318 3.2
    endloop
  endfacet
  facet normal -0.595671 0.803229 0
    outer loop
      vertex 7.88891 5.66965 3.2
      vertex 8.01503 5.76318 0
      vertex 7.88891 5.66965 0
    endloop
  endfacet
  facet normal 0.146733 0.989176 -0
    outer loop
      vertex 6.84317 5.4077 0
      vertex 6.68785 5.43074 3.2
      vertex 6.84317 5.4077 3.2
    endloop
  endfacet
  facet normal 0.146733 0.989176 0
    outer loop
      vertex 6.68785 5.43074 3.2
      vertex 6.84317 5.4077 0
      vertex 6.68785 5.43074 0
    endloop
  endfacet
  facet normal 0.24297 0.970034 -0
    outer loop
      vertex 6.68785 5.43074 0
      vertex 6.53554 5.46889 3.2
      vertex 6.68785 5.43074 3.2
    endloop
  endfacet
  facet normal 0.24297 0.970034 0
    outer loop
      vertex 6.53554 5.46889 3.2
      vertex 6.68785 5.43074 0
      vertex 6.53554 5.46889 0
    endloop
  endfacet
  facet normal 0.514112 0.857723 -0
    outer loop
      vertex 6.24576 5.58893 0
      vertex 6.11109 5.66965 3.2
      vertex 6.24576 5.58893 3.2
    endloop
  endfacet
  facet normal 0.514112 0.857723 0
    outer loop
      vertex 6.11109 5.66965 3.2
      vertex 6.24576 5.58893 0
      vertex 6.11109 5.66965 0
    endloop
  endfacet
  facet normal 0.336921 0.941533 -0
    outer loop
      vertex 6.53554 5.46889 0
      vertex 6.38771 5.52179 3.2
      vertex 6.53554 5.46889 3.2
    endloop
  endfacet
  facet normal 0.336921 0.941533 0
    outer loop
      vertex 6.38771 5.52179 3.2
      vertex 6.53554 5.46889 0
      vertex 6.38771 5.52179 0
    endloop
  endfacet
  facet normal -0.857774 -0.514027 0
    outer loop
      vertex 8.41107 55.7542 0
      vertex 8.33035 55.8889 3.2
      vertex 8.33035 55.8889 0
    endloop
  endfacet
  facet normal -0.857774 -0.514027 0
    outer loop
      vertex 8.33035 55.8889 3.2
      vertex 8.41107 55.7542 0
      vertex 8.41107 55.7542 3.2
    endloop
  endfacet
  facet normal -0.336901 -0.94154 0
    outer loop
      vertex 7.46445 56.5311 0
      vertex 7.61229 56.4782 3.2
      vertex 7.46445 56.5311 3.2
    endloop
  endfacet
  facet normal -0.336901 -0.94154 -0
    outer loop
      vertex 7.61229 56.4782 3.2
      vertex 7.46445 56.5311 0
      vertex 7.61229 56.4782 0
    endloop
  endfacet
  facet normal 0.427361 -0.904081 0
    outer loop
      vertex 6.24576 56.4111 0
      vertex 6.38771 56.4782 3.2
      vertex 6.24576 56.4111 3.2
    endloop
  endfacet
  facet normal 0.427361 -0.904081 0
    outer loop
      vertex 6.38771 56.4782 3.2
      vertex 6.24576 56.4111 0
      vertex 6.38771 56.4782 0
    endloop
  endfacet
  facet normal 0.941511 -0.336982 0
    outer loop
      vertex 5.46889 55.4645 3.2
      vertex 5.52179 55.6123 0
      vertex 5.52179 55.6123 3.2
    endloop
  endfacet
  facet normal 0.941511 -0.336982 0
    outer loop
      vertex 5.52179 55.6123 0
      vertex 5.46889 55.4645 3.2
      vertex 5.46889 55.4645 0
    endloop
  endfacet
  facet normal -0.998793 0.0491116 0
    outer loop
      vertex 8.59229 54.8432 0
      vertex 8.6 55 3.2
      vertex 8.6 55 0
    endloop
  endfacet
  facet normal -0.998793 0.0491116 0
    outer loop
      vertex 8.6 55 3.2
      vertex 8.59229 54.8432 0
      vertex 8.59229 54.8432 3.2
    endloop
  endfacet
  facet normal -0.51399 -0.857796 0
    outer loop
      vertex 7.75423 56.4111 0
      vertex 7.88891 56.3304 3.2
      vertex 7.75423 56.4111 3.2
    endloop
  endfacet
  facet normal -0.51399 -0.857796 -0
    outer loop
      vertex 7.88891 56.3304 3.2
      vertex 7.75423 56.4111 0
      vertex 7.88891 56.3304 0
    endloop
  endfacet
  facet normal 0.998796 -0.049048 0
    outer loop
      vertex 5.4 55 3.2
      vertex 5.4077 55.1568 0
      vertex 5.4077 55.1568 3.2
    endloop
  endfacet
  facet normal 0.998796 -0.049048 0
    outer loop
      vertex 5.4077 55.1568 0
      vertex 5.4 55 3.2
      vertex 5.4 55 0
    endloop
  endfacet
  facet normal 0.803184 -0.595732 0
    outer loop
      vertex 5.66965 55.8889 3.2
      vertex 5.76318 56.015 0
      vertex 5.76318 56.015 3.2
    endloop
  endfacet
  facet normal 0.803184 -0.595732 0
    outer loop
      vertex 5.76318 56.015 0
      vertex 5.66965 55.8889 3.2
      vertex 5.66965 55.8889 0
    endloop
  endfacet
  facet normal 0.24327 -0.969959 0
    outer loop
      vertex 6.53554 56.5311 0
      vertex 6.68785 56.5693 3.2
      vertex 6.53554 56.5311 3.2
    endloop
  endfacet
  facet normal 0.24327 -0.969959 0
    outer loop
      vertex 6.68785 56.5693 3.2
      vertex 6.53554 56.5311 0
      vertex 6.68785 56.5693 0
    endloop
  endfacet
  facet normal 0.857774 0.514027 0
    outer loop
      vertex 5.66965 54.1111 3.2
      vertex 5.58893 54.2458 0
      vertex 5.58893 54.2458 3.2
    endloop
  endfacet
  facet normal 0.857774 0.514027 0
    outer loop
      vertex 5.58893 54.2458 0
      vertex 5.66965 54.1111 3.2
      vertex 5.66965 54.1111 0
    endloop
  endfacet
  facet normal -0.989183 -0.146689 0
    outer loop
      vertex 8.59229 55.1568 0
      vertex 8.56926 55.3121 3.2
      vertex 8.56926 55.3121 0
    endloop
  endfacet
  facet normal -0.989183 -0.146689 0
    outer loop
      vertex 8.56926 55.3121 3.2
      vertex 8.59229 55.1568 0
      vertex 8.59229 55.1568 3.2
    endloop
  endfacet
  facet normal -0.803184 -0.595732 0
    outer loop
      vertex 8.33035 55.8889 0
      vertex 8.23682 56.015 3.2
      vertex 8.23682 56.015 0
    endloop
  endfacet
  facet normal -0.803184 -0.595732 0
    outer loop
      vertex 8.23682 56.015 3.2
      vertex 8.33035 55.8889 0
      vertex 8.33035 55.8889 3.2
    endloop
  endfacet
  facet normal -0.671404 -0.741092 0
    outer loop
      vertex 8.01503 56.2368 0
      vertex 8.13137 56.1314 3.2
      vertex 8.01503 56.2368 3.2
    endloop
  endfacet
  facet normal -0.671404 -0.741092 -0
    outer loop
      vertex 8.13137 56.1314 3.2
      vertex 8.01503 56.2368 0
      vertex 8.13137 56.1314 0
    endloop
  endfacet
  facet normal 0.0490387 -0.998797 0
    outer loop
      vertex 6.84317 56.5923 0
      vertex 7 56.6 3.2
      vertex 6.84317 56.5923 3.2
    endloop
  endfacet
  facet normal 0.0490387 -0.998797 0
    outer loop
      vertex 7 56.6 3.2
      vertex 6.84317 56.5923 0
      vertex 7 56.6 0
    endloop
  endfacet
  facet normal -0.24327 -0.969959 0
    outer loop
      vertex 7.31214 56.5693 0
      vertex 7.46445 56.5311 3.2
      vertex 7.31214 56.5693 3.2
    endloop
  endfacet
  facet normal -0.24327 -0.969959 -0
    outer loop
      vertex 7.46445 56.5311 3.2
      vertex 7.31214 56.5693 0
      vertex 7.46445 56.5311 0
    endloop
  endfacet
  facet normal -0.146493 -0.989212 0
    outer loop
      vertex 7.15683 56.5923 0
      vertex 7.31214 56.5693 3.2
      vertex 7.15683 56.5923 3.2
    endloop
  endfacet
  facet normal -0.146493 -0.989212 -0
    outer loop
      vertex 7.31214 56.5693 3.2
      vertex 7.15683 56.5923 0
      vertex 7.31214 56.5693 0
    endloop
  endfacet
  facet normal -0.427385 -0.90407 0
    outer loop
      vertex 7.61229 56.4782 0
      vertex 7.75423 56.4111 3.2
      vertex 7.61229 56.4782 3.2
    endloop
  endfacet
  facet normal -0.427385 -0.90407 -0
    outer loop
      vertex 7.75423 56.4111 3.2
      vertex 7.61229 56.4782 0
      vertex 7.75423 56.4111 0
    endloop
  endfacet
  facet normal -0.595958 -0.803015 0
    outer loop
      vertex 7.88891 56.3304 0
      vertex 8.01503 56.2368 3.2
      vertex 7.88891 56.3304 3.2
    endloop
  endfacet
  facet normal -0.595958 -0.803015 -0
    outer loop
      vertex 8.01503 56.2368 3.2
      vertex 7.88891 56.3304 0
      vertex 8.01503 56.2368 0
    endloop
  endfacet
  facet normal 0.998796 0.049048 0
    outer loop
      vertex 5.4077 54.8432 3.2
      vertex 5.4 55 0
      vertex 5.4 55 3.2
    endloop
  endfacet
  facet normal 0.998796 0.049048 0
    outer loop
      vertex 5.4 55 0
      vertex 5.4077 54.8432 3.2
      vertex 5.4077 54.8432 0
    endloop
  endfacet
  facet normal 0.970068 -0.242835 0
    outer loop
      vertex 5.43074 55.3121 3.2
      vertex 5.46889 55.4645 0
      vertex 5.46889 55.4645 3.2
    endloop
  endfacet
  facet normal 0.970068 -0.242835 0
    outer loop
      vertex 5.46889 55.4645 0
      vertex 5.43074 55.3121 3.2
      vertex 5.43074 55.3121 0
    endloop
  endfacet
  facet normal 0.989173 -0.146752 0
    outer loop
      vertex 5.4077 55.1568 3.2
      vertex 5.43074 55.3121 0
      vertex 5.43074 55.3121 3.2
    endloop
  endfacet
  facet normal 0.989173 -0.146752 0
    outer loop
      vertex 5.43074 55.3121 0
      vertex 5.4077 55.1568 3.2
      vertex 5.4077 55.1568 0
    endloop
  endfacet
  facet normal 0.903925 -0.427692 0
    outer loop
      vertex 5.52179 55.6123 3.2
      vertex 5.58893 55.7542 0
      vertex 5.58893 55.7542 3.2
    endloop
  endfacet
  facet normal 0.903925 -0.427692 0
    outer loop
      vertex 5.58893 55.7542 0
      vertex 5.52179 55.6123 3.2
      vertex 5.52179 55.6123 0
    endloop
  endfacet
  facet normal 0.857774 -0.514027 0
    outer loop
      vertex 5.58893 55.7542 3.2
      vertex 5.66965 55.8889 0
      vertex 5.66965 55.8889 3.2
    endloop
  endfacet
  facet normal 0.857774 -0.514027 0
    outer loop
      vertex 5.66965 55.8889 0
      vertex 5.58893 55.7542 3.2
      vertex 5.58893 55.7542 0
    endloop
  endfacet
  facet normal 0.336921 -0.941533 0
    outer loop
      vertex 6.38771 56.4782 0
      vertex 6.53554 56.5311 3.2
      vertex 6.38771 56.4782 3.2
    endloop
  endfacet
  facet normal 0.336921 -0.941533 0
    outer loop
      vertex 6.53554 56.5311 3.2
      vertex 6.38771 56.4782 0
      vertex 6.53554 56.5311 0
    endloop
  endfacet
  facet normal 0.146484 -0.989213 0
    outer loop
      vertex 6.68785 56.5693 0
      vertex 6.84317 56.5923 3.2
      vertex 6.68785 56.5693 3.2
    endloop
  endfacet
  facet normal 0.146484 -0.989213 0
    outer loop
      vertex 6.84317 56.5923 3.2
      vertex 6.68785 56.5693 0
      vertex 6.84317 56.5923 0
    endloop
  endfacet
  facet normal 0.595958 -0.803015 0
    outer loop
      vertex 5.98497 56.2368 0
      vertex 6.11109 56.3304 3.2
      vertex 5.98497 56.2368 3.2
    endloop
  endfacet
  facet normal 0.595958 -0.803015 0
    outer loop
      vertex 6.11109 56.3304 3.2
      vertex 5.98497 56.2368 0
      vertex 6.11109 56.3304 0
    endloop
  endfacet
  facet normal 0.671404 -0.741092 0
    outer loop
      vertex 5.86863 56.1314 0
      vertex 5.98497 56.2368 3.2
      vertex 5.86863 56.1314 3.2
    endloop
  endfacet
  facet normal 0.671404 -0.741092 0
    outer loop
      vertex 5.98497 56.2368 3.2
      vertex 5.86863 56.1314 0
      vertex 5.98497 56.2368 0
    endloop
  endfacet
  facet normal 0.514018 -0.857779 0
    outer loop
      vertex 6.11109 56.3304 0
      vertex 6.24576 56.4111 3.2
      vertex 6.11109 56.3304 3.2
    endloop
  endfacet
  facet normal 0.514018 -0.857779 0
    outer loop
      vertex 6.24576 56.4111 3.2
      vertex 6.11109 56.3304 0
      vertex 6.24576 56.4111 0
    endloop
  endfacet
  facet normal 0.741106 -0.671388 0
    outer loop
      vertex 5.76318 56.015 3.2
      vertex 5.86863 56.1314 0
      vertex 5.86863 56.1314 3.2
    endloop
  endfacet
  facet normal 0.741106 -0.671388 0
    outer loop
      vertex 5.86863 56.1314 0
      vertex 5.76318 56.015 3.2
      vertex 5.76318 56.015 0
    endloop
  endfacet
  facet normal -0.998793 -0.0491116 0
    outer loop
      vertex 8.6 55 0
      vertex 8.59229 55.1568 3.2
      vertex 8.59229 55.1568 0
    endloop
  endfacet
  facet normal -0.998793 -0.0491116 0
    outer loop
      vertex 8.59229 55.1568 3.2
      vertex 8.6 55 0
      vertex 8.6 55 3.2
    endloop
  endfacet
  facet normal -0.970053 0.242895 0
    outer loop
      vertex 8.5311 54.5355 0
      vertex 8.56926 54.6879 3.2
      vertex 8.56926 54.6879 0
    endloop
  endfacet
  facet normal -0.970053 0.242895 0
    outer loop
      vertex 8.56926 54.6879 3.2
      vertex 8.5311 54.5355 0
      vertex 8.5311 54.5355 3.2
    endloop
  endfacet
  facet normal -0.803184 0.595732 0
    outer loop
      vertex 8.23682 53.985 0
      vertex 8.33035 54.1111 3.2
      vertex 8.33035 54.1111 0
    endloop
  endfacet
  facet normal -0.803184 0.595732 0
    outer loop
      vertex 8.33035 54.1111 3.2
      vertex 8.23682 53.985 0
      vertex 8.23682 53.985 3.2
    endloop
  endfacet
  facet normal -0.146493 0.989212 0
    outer loop
      vertex 7.31214 53.4307 0
      vertex 7.15683 53.4077 3.2
      vertex 7.31214 53.4307 3.2
    endloop
  endfacet
  facet normal -0.146493 0.989212 0
    outer loop
      vertex 7.15683 53.4077 3.2
      vertex 7.31214 53.4307 0
      vertex 7.15683 53.4077 0
    endloop
  endfacet
  facet normal -0.336901 0.94154 0
    outer loop
      vertex 7.61229 53.5218 0
      vertex 7.46445 53.4689 3.2
      vertex 7.61229 53.5218 3.2
    endloop
  endfacet
  facet normal -0.336901 0.94154 0
    outer loop
      vertex 7.46445 53.4689 3.2
      vertex 7.61229 53.5218 0
      vertex 7.46445 53.4689 0
    endloop
  endfacet
  facet normal -0.903925 -0.427692 0
    outer loop
      vertex 8.47821 55.6123 0
      vertex 8.41107 55.7542 3.2
      vertex 8.41107 55.7542 0
    endloop
  endfacet
  facet normal -0.903925 -0.427692 0
    outer loop
      vertex 8.41107 55.7542 3.2
      vertex 8.47821 55.6123 0
      vertex 8.47821 55.6123 3.2
    endloop
  endfacet
  facet normal -0.941531 -0.336926 0
    outer loop
      vertex 8.5311 55.4645 0
      vertex 8.47821 55.6123 3.2
      vertex 8.47821 55.6123 0
    endloop
  endfacet
  facet normal -0.941531 -0.336926 0
    outer loop
      vertex 8.47821 55.6123 3.2
      vertex 8.5311 55.4645 0
      vertex 8.5311 55.4645 3.2
    endloop
  endfacet
  facet normal -0.741106 -0.671388 0
    outer loop
      vertex 8.23682 56.015 0
      vertex 8.13137 56.1314 3.2
      vertex 8.13137 56.1314 0
    endloop
  endfacet
  facet normal -0.741106 -0.671388 0
    outer loop
      vertex 8.13137 56.1314 3.2
      vertex 8.23682 56.015 0
      vertex 8.23682 56.015 3.2
    endloop
  endfacet
  facet normal -0.0490387 -0.998797 0
    outer loop
      vertex 7 56.6 0
      vertex 7.15683 56.5923 3.2
      vertex 7 56.6 3.2
    endloop
  endfacet
  facet normal -0.0490387 -0.998797 -0
    outer loop
      vertex 7.15683 56.5923 3.2
      vertex 7 56.6 0
      vertex 7.15683 56.5923 0
    endloop
  endfacet
  facet normal -0.941531 0.336926 0
    outer loop
      vertex 8.47821 54.3877 0
      vertex 8.5311 54.5355 3.2
      vertex 8.5311 54.5355 0
    endloop
  endfacet
  facet normal -0.941531 0.336926 0
    outer loop
      vertex 8.5311 54.5355 3.2
      vertex 8.47821 54.3877 0
      vertex 8.47821 54.3877 3.2
    endloop
  endfacet
  facet normal -0.903925 0.427692 0
    outer loop
      vertex 8.41107 54.2458 0
      vertex 8.47821 54.3877 3.2
      vertex 8.47821 54.3877 0
    endloop
  endfacet
  facet normal -0.903925 0.427692 0
    outer loop
      vertex 8.47821 54.3877 3.2
      vertex 8.41107 54.2458 0
      vertex 8.41107 54.2458 3.2
    endloop
  endfacet
  facet normal 0.0490387 0.998797 -0
    outer loop
      vertex 7 53.4 0
      vertex 6.84317 53.4077 3.2
      vertex 7 53.4 3.2
    endloop
  endfacet
  facet normal 0.0490387 0.998797 0
    outer loop
      vertex 6.84317 53.4077 3.2
      vertex 7 53.4 0
      vertex 6.84317 53.4077 0
    endloop
  endfacet
  facet normal 0.427361 0.904081 -0
    outer loop
      vertex 6.38771 53.5218 0
      vertex 6.24576 53.5889 3.2
      vertex 6.38771 53.5218 3.2
    endloop
  endfacet
  facet normal 0.427361 0.904081 0
    outer loop
      vertex 6.24576 53.5889 3.2
      vertex 6.38771 53.5218 0
      vertex 6.24576 53.5889 0
    endloop
  endfacet
  facet normal 0.989173 0.146752 0
    outer loop
      vertex 5.43074 54.6879 3.2
      vertex 5.4077 54.8432 0
      vertex 5.4077 54.8432 3.2
    endloop
  endfacet
  facet normal 0.989173 0.146752 0
    outer loop
      vertex 5.4077 54.8432 0
      vertex 5.43074 54.6879 3.2
      vertex 5.43074 54.6879 0
    endloop
  endfacet
  facet normal 0.941511 0.336982 0
    outer loop
      vertex 5.52179 54.3877 3.2
      vertex 5.46889 54.5355 0
      vertex 5.46889 54.5355 3.2
    endloop
  endfacet
  facet normal 0.941511 0.336982 0
    outer loop
      vertex 5.46889 54.5355 0
      vertex 5.52179 54.3877 3.2
      vertex 5.52179 54.3877 0
    endloop
  endfacet
  facet normal -0.24327 0.969959 0
    outer loop
      vertex 7.46445 53.4689 0
      vertex 7.31214 53.4307 3.2
      vertex 7.46445 53.4689 3.2
    endloop
  endfacet
  facet normal -0.24327 0.969959 0
    outer loop
      vertex 7.31214 53.4307 3.2
      vertex 7.46445 53.4689 0
      vertex 7.31214 53.4307 0
    endloop
  endfacet
  facet normal -0.970053 -0.242895 0
    outer loop
      vertex 8.56926 55.3121 0
      vertex 8.5311 55.4645 3.2
      vertex 8.5311 55.4645 0
    endloop
  endfacet
  facet normal -0.970053 -0.242895 0
    outer loop
      vertex 8.5311 55.4645 3.2
      vertex 8.56926 55.3121 0
      vertex 8.56926 55.3121 3.2
    endloop
  endfacet
  facet normal -0.989183 0.146689 0
    outer loop
      vertex 8.56926 54.6879 0
      vertex 8.59229 54.8432 3.2
      vertex 8.59229 54.8432 0
    endloop
  endfacet
  facet normal -0.989183 0.146689 0
    outer loop
      vertex 8.59229 54.8432 3.2
      vertex 8.56926 54.6879 0
      vertex 8.56926 54.6879 3.2
    endloop
  endfacet
  facet normal -0.51399 0.857796 0
    outer loop
      vertex 7.88891 53.6696 0
      vertex 7.75423 53.5889 3.2
      vertex 7.88891 53.6696 3.2
    endloop
  endfacet
  facet normal -0.51399 0.857796 0
    outer loop
      vertex 7.75423 53.5889 3.2
      vertex 7.88891 53.6696 0
      vertex 7.75423 53.5889 0
    endloop
  endfacet
  facet normal -0.857774 0.514027 0
    outer loop
      vertex 8.33035 54.1111 0
      vertex 8.41107 54.2458 3.2
      vertex 8.41107 54.2458 0
    endloop
  endfacet
  facet normal -0.857774 0.514027 0
    outer loop
      vertex 8.41107 54.2458 3.2
      vertex 8.33035 54.1111 0
      vertex 8.33035 54.1111 3.2
    endloop
  endfacet
  facet normal 0.595958 0.803015 -0
    outer loop
      vertex 6.11109 53.6696 0
      vertex 5.98497 53.7632 3.2
      vertex 6.11109 53.6696 3.2
    endloop
  endfacet
  facet normal 0.595958 0.803015 0
    outer loop
      vertex 5.98497 53.7632 3.2
      vertex 6.11109 53.6696 0
      vertex 5.98497 53.7632 0
    endloop
  endfacet
  facet normal -0.0490387 0.998797 0
    outer loop
      vertex 7.15683 53.4077 0
      vertex 7 53.4 3.2
      vertex 7.15683 53.4077 3.2
    endloop
  endfacet
  facet normal -0.0490387 0.998797 0
    outer loop
      vertex 7 53.4 3.2
      vertex 7.15683 53.4077 0
      vertex 7 53.4 0
    endloop
  endfacet
  facet normal 0.336921 0.941533 -0
    outer loop
      vertex 6.53554 53.4689 0
      vertex 6.38771 53.5218 3.2
      vertex 6.53554 53.4689 3.2
    endloop
  endfacet
  facet normal 0.336921 0.941533 0
    outer loop
      vertex 6.38771 53.5218 3.2
      vertex 6.53554 53.4689 0
      vertex 6.38771 53.5218 0
    endloop
  endfacet
  facet normal 0.24327 0.969959 -0
    outer loop
      vertex 6.68785 53.4307 0
      vertex 6.53554 53.4689 3.2
      vertex 6.68785 53.4307 3.2
    endloop
  endfacet
  facet normal 0.24327 0.969959 0
    outer loop
      vertex 6.53554 53.4689 3.2
      vertex 6.68785 53.4307 0
      vertex 6.53554 53.4689 0
    endloop
  endfacet
  facet normal 0.146484 0.989213 -0
    outer loop
      vertex 6.84317 53.4077 0
      vertex 6.68785 53.4307 3.2
      vertex 6.84317 53.4077 3.2
    endloop
  endfacet
  facet normal 0.146484 0.989213 0
    outer loop
      vertex 6.68785 53.4307 3.2
      vertex 6.84317 53.4077 0
      vertex 6.68785 53.4307 0
    endloop
  endfacet
  facet normal 0.514018 0.857779 -0
    outer loop
      vertex 6.24576 53.5889 0
      vertex 6.11109 53.6696 3.2
      vertex 6.24576 53.5889 3.2
    endloop
  endfacet
  facet normal 0.514018 0.857779 0
    outer loop
      vertex 6.11109 53.6696 3.2
      vertex 6.24576 53.5889 0
      vertex 6.11109 53.6696 0
    endloop
  endfacet
  facet normal 0.970068 0.242835 0
    outer loop
      vertex 5.46889 54.5355 3.2
      vertex 5.43074 54.6879 0
      vertex 5.43074 54.6879 3.2
    endloop
  endfacet
  facet normal 0.970068 0.242835 0
    outer loop
      vertex 5.43074 54.6879 0
      vertex 5.46889 54.5355 3.2
      vertex 5.46889 54.5355 0
    endloop
  endfacet
  facet normal 0.903925 0.427692 0
    outer loop
      vertex 5.58893 54.2458 3.2
      vertex 5.52179 54.3877 0
      vertex 5.52179 54.3877 3.2
    endloop
  endfacet
  facet normal 0.903925 0.427692 0
    outer loop
      vertex 5.52179 54.3877 0
      vertex 5.58893 54.2458 3.2
      vertex 5.58893 54.2458 0
    endloop
  endfacet
  facet normal 0.803184 0.595732 0
    outer loop
      vertex 5.76318 53.985 3.2
      vertex 5.66965 54.1111 0
      vertex 5.66965 54.1111 3.2
    endloop
  endfacet
  facet normal 0.803184 0.595732 0
    outer loop
      vertex 5.66965 54.1111 0
      vertex 5.76318 53.985 3.2
      vertex 5.76318 53.985 0
    endloop
  endfacet
  facet normal 0.671404 0.741092 -0
    outer loop
      vertex 5.98497 53.7632 0
      vertex 5.86863 53.8686 3.2
      vertex 5.98497 53.7632 3.2
    endloop
  endfacet
  facet normal 0.671404 0.741092 0
    outer loop
      vertex 5.86863 53.8686 3.2
      vertex 5.98497 53.7632 0
      vertex 5.86863 53.8686 0
    endloop
  endfacet
  facet normal 0.741106 0.671388 0
    outer loop
      vertex 5.86863 53.8686 3.2
      vertex 5.76318 53.985 0
      vertex 5.76318 53.985 3.2
    endloop
  endfacet
  facet normal 0.741106 0.671388 0
    outer loop
      vertex 5.76318 53.985 0
      vertex 5.86863 53.8686 3.2
      vertex 5.86863 53.8686 0
    endloop
  endfacet
  facet normal -0.427385 0.90407 0
    outer loop
      vertex 7.75423 53.5889 0
      vertex 7.61229 53.5218 3.2
      vertex 7.75423 53.5889 3.2
    endloop
  endfacet
  facet normal -0.427385 0.90407 0
    outer loop
      vertex 7.61229 53.5218 3.2
      vertex 7.75423 53.5889 0
      vertex 7.61229 53.5218 0
    endloop
  endfacet
  facet normal -0.595958 0.803015 0
    outer loop
      vertex 8.01503 53.7632 0
      vertex 7.88891 53.6696 3.2
      vertex 8.01503 53.7632 3.2
    endloop
  endfacet
  facet normal -0.595958 0.803015 0
    outer loop
      vertex 7.88891 53.6696 3.2
      vertex 8.01503 53.7632 0
      vertex 7.88891 53.6696 0
    endloop
  endfacet
  facet normal -0.741106 0.671388 0
    outer loop
      vertex 8.13137 53.8686 0
      vertex 8.23682 53.985 3.2
      vertex 8.23682 53.985 0
    endloop
  endfacet
  facet normal -0.741106 0.671388 0
    outer loop
      vertex 8.23682 53.985 3.2
      vertex 8.13137 53.8686 0
      vertex 8.13137 53.8686 3.2
    endloop
  endfacet
  facet normal -0.671404 0.741092 0
    outer loop
      vertex 8.13137 53.8686 0
      vertex 8.01503 53.7632 3.2
      vertex 8.13137 53.8686 3.2
    endloop
  endfacet
  facet normal -0.671404 0.741092 0
    outer loop
      vertex 8.01503 53.7632 3.2
      vertex 8.13137 53.8686 0
      vertex 8.01503 53.7632 0
    endloop
  endfacet
  facet normal -0.998701 -0.0509444 0
    outer loop
      vertex 114.6 7 0
      vertex 114.592 7.15683 3.2
      vertex 114.592 7.15683 0
    endloop
  endfacet
  facet normal -0.998701 -0.0509444 0
    outer loop
      vertex 114.592 7.15683 3.2
      vertex 114.6 7 0
      vertex 114.6 7 3.2
    endloop
  endfacet
  facet normal 0.0490492 -0.998796 0
    outer loop
      vertex 112.843 8.59229 0
      vertex 113 8.6 3.2
      vertex 112.843 8.59229 3.2
    endloop
  endfacet
  facet normal 0.0490492 -0.998796 0
    outer loop
      vertex 113 8.6 3.2
      vertex 112.843 8.59229 0
      vertex 113 8.6 0
    endloop
  endfacet
  facet normal -0.0489857 0.998799 0
    outer loop
      vertex 113.157 5.4077 0
      vertex 113 5.4 3.2
      vertex 113.157 5.4077 3.2
    endloop
  endfacet
  facet normal -0.0489857 0.998799 0
    outer loop
      vertex 113 5.4 3.2
      vertex 113.157 5.4077 0
      vertex 113 5.4 0
    endloop
  endfacet
  facet normal -0.672657 -0.739955 0
    outer loop
      vertex 114.015 8.23682 0
      vertex 114.131 8.13137 3.2
      vertex 114.015 8.23682 3.2
    endloop
  endfacet
  facet normal -0.672657 -0.739955 -0
    outer loop
      vertex 114.131 8.13137 3.2
      vertex 114.015 8.23682 0
      vertex 114.131 8.13137 0
    endloop
  endfacet
  facet normal 0.739192 -0.673495 0
    outer loop
      vertex 111.763 8.01503 3.2
      vertex 111.869 8.13137 0
      vertex 111.869 8.13137 3.2
    endloop
  endfacet
  facet normal 0.739192 -0.673495 0
    outer loop
      vertex 111.869 8.13137 0
      vertex 111.763 8.01503 3.2
      vertex 111.763 8.01503 0
    endloop
  endfacet
  facet normal 0.427446 -0.904041 0
    outer loop
      vertex 112.246 8.41107 0
      vertex 112.388 8.47821 3.2
      vertex 112.246 8.41107 3.2
    endloop
  endfacet
  facet normal 0.427446 -0.904041 0
    outer loop
      vertex 112.388 8.47821 3.2
      vertex 112.246 8.41107 0
      vertex 112.388 8.47821 0
    endloop
  endfacet
  facet normal -0.856937 0.515422 0
    outer loop
      vertex 114.33 6.11109 0
      vertex 114.411 6.24576 3.2
      vertex 114.411 6.24576 0
    endloop
  endfacet
  facet normal -0.856937 0.515422 0
    outer loop
      vertex 114.411 6.24576 3.2
      vertex 114.33 6.11109 0
      vertex 114.33 6.11109 3.2
    endloop
  endfacet
  facet normal -0.904316 -0.426864 0
    outer loop
      vertex 114.478 7.61229 0
      vertex 114.411 7.75423 3.2
      vertex 114.411 7.75423 0
    endloop
  endfacet
  facet normal -0.904316 -0.426864 0
    outer loop
      vertex 114.411 7.75423 3.2
      vertex 114.478 7.61229 0
      vertex 114.478 7.61229 3.2
    endloop
  endfacet
  facet normal -0.336522 -0.941676 0
    outer loop
      vertex 113.464 8.5311 0
      vertex 113.612 8.47821 3.2
      vertex 113.464 8.5311 3.2
    endloop
  endfacet
  facet normal -0.336522 -0.941676 -0
    outer loop
      vertex 113.612 8.47821 3.2
      vertex 113.464 8.5311 0
      vertex 113.612 8.47821 0
    endloop
  endfacet
  facet normal -0.513186 -0.858277 0
    outer loop
      vertex 113.754 8.41107 0
      vertex 113.889 8.33035 3.2
      vertex 113.754 8.41107 3.2
    endloop
  endfacet
  facet normal -0.513186 -0.858277 -0
    outer loop
      vertex 113.889 8.33035 3.2
      vertex 113.754 8.41107 0
      vertex 113.889 8.33035 0
    endloop
  endfacet
  facet normal 0.941338 -0.337466 0
    outer loop
      vertex 111.469 7.46445 3.2
      vertex 111.522 7.61229 0
      vertex 111.522 7.61229 3.2
    endloop
  endfacet
  facet normal 0.941338 -0.337466 0
    outer loop
      vertex 111.522 7.61229 0
      vertex 111.469 7.46445 3.2
      vertex 111.469 7.46445 0
    endloop
  endfacet
  facet normal 0.243496 -0.969902 0
    outer loop
      vertex 112.536 8.5311 0
      vertex 112.688 8.56926 3.2
      vertex 112.536 8.5311 3.2
    endloop
  endfacet
  facet normal 0.243496 -0.969902 0
    outer loop
      vertex 112.688 8.56926 3.2
      vertex 112.536 8.5311 0
      vertex 112.688 8.56926 0
    endloop
  endfacet
  facet normal -0.14703 0.989132 0
    outer loop
      vertex 113.312 5.43074 0
      vertex 113.157 5.4077 3.2
      vertex 113.312 5.43074 3.2
    endloop
  endfacet
  facet normal -0.14703 0.989132 0
    outer loop
      vertex 113.157 5.4077 3.2
      vertex 113.312 5.43074 0
      vertex 113.157 5.4077 0
    endloop
  endfacet
  facet normal -0.970259 -0.242071 0
    outer loop
      vertex 114.569 7.31214 0
      vertex 114.531 7.46445 3.2
      vertex 114.531 7.46445 0
    endloop
  endfacet
  facet normal -0.970259 -0.242071 0
    outer loop
      vertex 114.531 7.46445 3.2
      vertex 114.569 7.31214 0
      vertex 114.569 7.31214 3.2
    endloop
  endfacet
  facet normal -0.989212 -0.146493 0
    outer loop
      vertex 114.592 7.15683 0
      vertex 114.569 7.31214 3.2
      vertex 114.569 7.31214 0
    endloop
  endfacet
  facet normal -0.989212 -0.146493 0
    outer loop
      vertex 114.569 7.31214 3.2
      vertex 114.592 7.15683 0
      vertex 114.592 7.15683 3.2
    endloop
  endfacet
  facet normal -0.941338 -0.337466 0
    outer loop
      vertex 114.531 7.46445 0
      vertex 114.478 7.61229 3.2
      vertex 114.478 7.61229 0
    endloop
  endfacet
  facet normal -0.941338 -0.337466 0
    outer loop
      vertex 114.478 7.61229 3.2
      vertex 114.531 7.46445 0
      vertex 114.531 7.46445 3.2
    endloop
  endfacet
  facet normal -0.804844 -0.593486 0
    outer loop
      vertex 114.33 7.88891 0
      vertex 114.237 8.01503 3.2
      vertex 114.237 8.01503 0
    endloop
  endfacet
  facet normal -0.804844 -0.593486 0
    outer loop
      vertex 114.237 8.01503 3.2
      vertex 114.33 7.88891 0
      vertex 114.33 7.88891 3.2
    endloop
  endfacet
  facet normal -0.739192 -0.673495 0
    outer loop
      vertex 114.237 8.01503 0
      vertex 114.131 8.13137 3.2
      vertex 114.131 8.13137 0
    endloop
  endfacet
  facet normal -0.739192 -0.673495 0
    outer loop
      vertex 114.131 8.13137 3.2
      vertex 114.237 8.01503 0
      vertex 114.237 8.01503 3.2
    endloop
  endfacet
  facet normal -0.856953 -0.515394 0
    outer loop
      vertex 114.411 7.75423 0
      vertex 114.33 7.88891 3.2
      vertex 114.33 7.88891 0
    endloop
  endfacet
  facet normal -0.856953 -0.515394 0
    outer loop
      vertex 114.33 7.88891 3.2
      vertex 114.411 7.75423 0
      vertex 114.411 7.75423 3.2
    endloop
  endfacet
  facet normal -0.146967 -0.989141 0
    outer loop
      vertex 113.157 8.59229 0
      vertex 113.312 8.56926 3.2
      vertex 113.157 8.59229 3.2
    endloop
  endfacet
  facet normal -0.146967 -0.989141 -0
    outer loop
      vertex 113.312 8.56926 3.2
      vertex 113.157 8.59229 0
      vertex 113.312 8.56926 0
    endloop
  endfacet
  facet normal -0.243496 -0.969902 0
    outer loop
      vertex 113.312 8.56926 0
      vertex 113.464 8.5311 3.2
      vertex 113.312 8.56926 3.2
    endloop
  endfacet
  facet normal -0.243496 -0.969902 -0
    outer loop
      vertex 113.464 8.5311 3.2
      vertex 113.312 8.56926 0
      vertex 113.464 8.5311 0
    endloop
  endfacet
  facet normal -0.0490492 -0.998796 0
    outer loop
      vertex 113 8.6 0
      vertex 113.157 8.59229 3.2
      vertex 113 8.6 3.2
    endloop
  endfacet
  facet normal -0.0490492 -0.998796 -0
    outer loop
      vertex 113.157 8.59229 3.2
      vertex 113 8.6 0
      vertex 113.157 8.59229 0
    endloop
  endfacet
  facet normal -0.427446 -0.904041 0
    outer loop
      vertex 113.612 8.47821 0
      vertex 113.754 8.41107 3.2
      vertex 113.612 8.47821 3.2
    endloop
  endfacet
  facet normal -0.427446 -0.904041 -0
    outer loop
      vertex 113.754 8.41107 3.2
      vertex 113.612 8.47821 0
      vertex 113.754 8.41107 0
    endloop
  endfacet
  facet normal -0.596037 -0.802957 0
    outer loop
      vertex 113.889 8.33035 0
      vertex 114.015 8.23682 3.2
      vertex 113.889 8.33035 3.2
    endloop
  endfacet
  facet normal -0.596037 -0.802957 -0
    outer loop
      vertex 114.015 8.23682 3.2
      vertex 113.889 8.33035 0
      vertex 114.015 8.23682 0
    endloop
  endfacet
  facet normal 0.989212 -0.146493 0
    outer loop
      vertex 111.408 7.15683 3.2
      vertex 111.431 7.31214 0
      vertex 111.431 7.31214 3.2
    endloop
  endfacet
  facet normal 0.989212 -0.146493 0
    outer loop
      vertex 111.431 7.31214 0
      vertex 111.408 7.15683 3.2
      vertex 111.408 7.15683 0
    endloop
  endfacet
  facet normal 0.856953 -0.515394 0
    outer loop
      vertex 111.589 7.75423 3.2
      vertex 111.67 7.88891 0
      vertex 111.67 7.88891 3.2
    endloop
  endfacet
  facet normal 0.856953 -0.515394 0
    outer loop
      vertex 111.67 7.88891 0
      vertex 111.589 7.75423 3.2
      vertex 111.589 7.75423 0
    endloop
  endfacet
  facet normal 0.804844 -0.593486 0
    outer loop
      vertex 111.67 7.88891 3.2
      vertex 111.763 8.01503 0
      vertex 111.763 8.01503 3.2
    endloop
  endfacet
  facet normal 0.804844 -0.593486 0
    outer loop
      vertex 111.763 8.01503 0
      vertex 111.67 7.88891 3.2
      vertex 111.67 7.88891 0
    endloop
  endfacet
  facet normal 0.904316 -0.426864 0
    outer loop
      vertex 111.522 7.61229 3.2
      vertex 111.589 7.75423 0
      vertex 111.589 7.75423 3.2
    endloop
  endfacet
  facet normal 0.904316 -0.426864 0
    outer loop
      vertex 111.589 7.75423 0
      vertex 111.522 7.61229 3.2
      vertex 111.522 7.61229 0
    endloop
  endfacet
  facet normal 0.970259 -0.242071 0
    outer loop
      vertex 111.431 7.31214 3.2
      vertex 111.469 7.46445 0
      vertex 111.469 7.46445 3.2
    endloop
  endfacet
  facet normal 0.970259 -0.242071 0
    outer loop
      vertex 111.469 7.46445 0
      vertex 111.431 7.31214 3.2
      vertex 111.431 7.31214 0
    endloop
  endfacet
  facet normal 0.998701 -0.0509444 0
    outer loop
      vertex 111.4 7 3.2
      vertex 111.408 7.15683 0
      vertex 111.408 7.15683 3.2
    endloop
  endfacet
  facet normal 0.998701 -0.0509444 0
    outer loop
      vertex 111.408 7.15683 0
      vertex 111.4 7 3.2
      vertex 111.4 7 0
    endloop
  endfacet
  facet normal 0.596037 -0.802957 0
    outer loop
      vertex 111.985 8.23682 0
      vertex 112.111 8.33035 3.2
      vertex 111.985 8.23682 3.2
    endloop
  endfacet
  facet normal 0.596037 -0.802957 0
    outer loop
      vertex 112.111 8.33035 3.2
      vertex 111.985 8.23682 0
      vertex 112.111 8.33035 0
    endloop
  endfacet
  facet normal 0.513186 -0.858277 0
    outer loop
      vertex 112.111 8.33035 0
      vertex 112.246 8.41107 3.2
      vertex 112.111 8.33035 3.2
    endloop
  endfacet
  facet normal 0.513186 -0.858277 0
    outer loop
      vertex 112.246 8.41107 3.2
      vertex 112.111 8.33035 0
      vertex 112.246 8.41107 0
    endloop
  endfacet
  facet normal 0.672657 -0.739955 0
    outer loop
      vertex 111.869 8.13137 0
      vertex 111.985 8.23682 3.2
      vertex 111.869 8.13137 3.2
    endloop
  endfacet
  facet normal 0.672657 -0.739955 0
    outer loop
      vertex 111.985 8.23682 3.2
      vertex 111.869 8.13137 0
      vertex 111.985 8.23682 0
    endloop
  endfacet
  facet normal 0.336522 -0.941676 0
    outer loop
      vertex 112.388 8.47821 0
      vertex 112.536 8.5311 3.2
      vertex 112.388 8.47821 3.2
    endloop
  endfacet
  facet normal 0.336522 -0.941676 0
    outer loop
      vertex 112.536 8.5311 3.2
      vertex 112.388 8.47821 0
      vertex 112.536 8.5311 0
    endloop
  endfacet
  facet normal 0.146967 -0.989141 0
    outer loop
      vertex 112.688 8.56926 0
      vertex 112.843 8.59229 3.2
      vertex 112.688 8.56926 3.2
    endloop
  endfacet
  facet normal 0.146967 -0.989141 0
    outer loop
      vertex 112.843 8.59229 3.2
      vertex 112.688 8.56926 0
      vertex 112.843 8.59229 0
    endloop
  endfacet
  facet normal -0.998701 0.0509444 0
    outer loop
      vertex 114.592 6.84317 0
      vertex 114.6 7 3.2
      vertex 114.6 7 0
    endloop
  endfacet
  facet normal -0.998701 0.0509444 0
    outer loop
      vertex 114.6 7 3.2
      vertex 114.592 6.84317 0
      vertex 114.592 6.84317 3.2
    endloop
  endfacet
  facet normal -0.739192 0.673495 0
    outer loop
      vertex 114.131 5.86863 0
      vertex 114.237 5.98497 3.2
      vertex 114.237 5.98497 0
    endloop
  endfacet
  facet normal -0.739192 0.673495 0
    outer loop
      vertex 114.237 5.98497 3.2
      vertex 114.131 5.86863 0
      vertex 114.131 5.86863 3.2
    endloop
  endfacet
  facet normal 0.596037 0.802957 -0
    outer loop
      vertex 112.111 5.66965 0
      vertex 111.985 5.76318 3.2
      vertex 112.111 5.66965 3.2
    endloop
  endfacet
  facet normal 0.596037 0.802957 0
    outer loop
      vertex 111.985 5.76318 3.2
      vertex 112.111 5.66965 0
      vertex 111.985 5.76318 0
    endloop
  endfacet
  facet normal 0.856937 0.515422 0
    outer loop
      vertex 111.67 6.11109 3.2
      vertex 111.589 6.24576 0
      vertex 111.589 6.24576 3.2
    endloop
  endfacet
  facet normal 0.856937 0.515422 0
    outer loop
      vertex 111.589 6.24576 0
      vertex 111.67 6.11109 3.2
      vertex 111.67 6.11109 0
    endloop
  endfacet
  facet normal 0.739192 0.673495 0
    outer loop
      vertex 111.869 5.86863 3.2
      vertex 111.763 5.98497 0
      vertex 111.763 5.98497 3.2
    endloop
  endfacet
  facet normal 0.739192 0.673495 0
    outer loop
      vertex 111.763 5.98497 0
      vertex 111.869 5.86863 3.2
      vertex 111.869 5.86863 0
    endloop
  endfacet
  facet normal 0.998701 0.0509444 0
    outer loop
      vertex 111.408 6.84317 3.2
      vertex 111.4 7 0
      vertex 111.4 7 3.2
    endloop
  endfacet
  facet normal 0.998701 0.0509444 0
    outer loop
      vertex 111.4 7 0
      vertex 111.408 6.84317 3.2
      vertex 111.408 6.84317 0
    endloop
  endfacet
  facet normal -0.989213 0.146484 0
    outer loop
      vertex 114.569 6.68785 0
      vertex 114.592 6.84317 3.2
      vertex 114.592 6.84317 0
    endloop
  endfacet
  facet normal -0.989213 0.146484 0
    outer loop
      vertex 114.592 6.84317 3.2
      vertex 114.569 6.68785 0
      vertex 114.569 6.68785 3.2
    endloop
  endfacet
  facet normal -0.970259 0.242071 0
    outer loop
      vertex 114.531 6.53554 0
      vertex 114.569 6.68785 3.2
      vertex 114.569 6.68785 0
    endloop
  endfacet
  facet normal -0.970259 0.242071 0
    outer loop
      vertex 114.569 6.68785 3.2
      vertex 114.531 6.53554 0
      vertex 114.531 6.53554 3.2
    endloop
  endfacet
  facet normal -0.513186 0.858277 0
    outer loop
      vertex 113.889 5.66965 0
      vertex 113.754 5.58893 3.2
      vertex 113.889 5.66965 3.2
    endloop
  endfacet
  facet normal -0.513186 0.858277 0
    outer loop
      vertex 113.754 5.58893 3.2
      vertex 113.889 5.66965 0
      vertex 113.754 5.58893 0
    endloop
  endfacet
  facet normal -0.672657 0.739955 0
    outer loop
      vertex 114.131 5.86863 0
      vertex 114.015 5.76318 3.2
      vertex 114.131 5.86863 3.2
    endloop
  endfacet
  facet normal -0.672657 0.739955 0
    outer loop
      vertex 114.015 5.76318 3.2
      vertex 114.131 5.86863 0
      vertex 114.015 5.76318 0
    endloop
  endfacet
  facet normal -0.904327 0.42684 0
    outer loop
      vertex 114.411 6.24576 0
      vertex 114.478 6.38771 3.2
      vertex 114.478 6.38771 0
    endloop
  endfacet
  facet normal -0.904327 0.42684 0
    outer loop
      vertex 114.478 6.38771 3.2
      vertex 114.411 6.24576 0
      vertex 114.411 6.24576 3.2
    endloop
  endfacet
  facet normal -0.804844 0.593486 0
    outer loop
      vertex 114.237 5.98497 0
      vertex 114.33 6.11109 3.2
      vertex 114.33 6.11109 0
    endloop
  endfacet
  facet normal -0.804844 0.593486 0
    outer loop
      vertex 114.33 6.11109 3.2
      vertex 114.237 5.98497 0
      vertex 114.237 5.98497 3.2
    endloop
  endfacet
  facet normal 0.243436 0.969917 -0
    outer loop
      vertex 112.688 5.43074 0
      vertex 112.536 5.46889 3.2
      vertex 112.688 5.43074 3.2
    endloop
  endfacet
  facet normal 0.243436 0.969917 0
    outer loop
      vertex 112.536 5.46889 3.2
      vertex 112.688 5.43074 0
      vertex 112.536 5.46889 0
    endloop
  endfacet
  facet normal 0.427446 0.904041 -0
    outer loop
      vertex 112.388 5.52179 0
      vertex 112.246 5.58893 3.2
      vertex 112.388 5.52179 3.2
    endloop
  endfacet
  facet normal 0.427446 0.904041 0
    outer loop
      vertex 112.246 5.58893 3.2
      vertex 112.388 5.52179 0
      vertex 112.246 5.58893 0
    endloop
  endfacet
  facet normal 0.672657 0.739955 -0
    outer loop
      vertex 111.985 5.76318 0
      vertex 111.869 5.86863 3.2
      vertex 111.985 5.76318 3.2
    endloop
  endfacet
  facet normal 0.672657 0.739955 0
    outer loop
      vertex 111.869 5.86863 3.2
      vertex 111.985 5.76318 0
      vertex 111.869 5.86863 0
    endloop
  endfacet
  facet normal 0.941331 0.337486 0
    outer loop
      vertex 111.522 6.38771 3.2
      vertex 111.469 6.53554 0
      vertex 111.469 6.53554 3.2
    endloop
  endfacet
  facet normal 0.941331 0.337486 0
    outer loop
      vertex 111.469 6.53554 0
      vertex 111.522 6.38771 3.2
      vertex 111.522 6.38771 0
    endloop
  endfacet
  facet normal 0.989213 0.146484 0
    outer loop
      vertex 111.431 6.68785 3.2
      vertex 111.408 6.84317 0
      vertex 111.408 6.84317 3.2
    endloop
  endfacet
  facet normal 0.989213 0.146484 0
    outer loop
      vertex 111.408 6.84317 0
      vertex 111.431 6.68785 3.2
      vertex 111.431 6.68785 0
    endloop
  endfacet
  facet normal -0.336578 0.941656 0
    outer loop
      vertex 113.612 5.52179 0
      vertex 113.464 5.46889 3.2
      vertex 113.612 5.52179 3.2
    endloop
  endfacet
  facet normal -0.336578 0.941656 0
    outer loop
      vertex 113.464 5.46889 3.2
      vertex 113.612 5.52179 0
      vertex 113.464 5.46889 0
    endloop
  endfacet
  facet normal -0.243436 0.969917 0
    outer loop
      vertex 113.464 5.46889 0
      vertex 113.312 5.43074 3.2
      vertex 113.464 5.46889 3.2
    endloop
  endfacet
  facet normal -0.243436 0.969917 0
    outer loop
      vertex 113.312 5.43074 3.2
      vertex 113.464 5.46889 0
      vertex 113.312 5.43074 0
    endloop
  endfacet
  facet normal -0.941331 0.337486 0
    outer loop
      vertex 114.478 6.38771 0
      vertex 114.531 6.53554 3.2
      vertex 114.531 6.53554 0
    endloop
  endfacet
  facet normal -0.941331 0.337486 0
    outer loop
      vertex 114.531 6.53554 3.2
      vertex 114.478 6.38771 0
      vertex 114.478 6.38771 3.2
    endloop
  endfacet
  facet normal 0.14703 0.989132 -0
    outer loop
      vertex 112.843 5.4077 0
      vertex 112.688 5.43074 3.2
      vertex 112.843 5.4077 3.2
    endloop
  endfacet
  facet normal 0.14703 0.989132 0
    outer loop
      vertex 112.688 5.43074 3.2
      vertex 112.843 5.4077 0
      vertex 112.688 5.43074 0
    endloop
  endfacet
  facet normal 0.804844 0.593486 0
    outer loop
      vertex 111.763 5.98497 3.2
      vertex 111.67 6.11109 0
      vertex 111.67 6.11109 3.2
    endloop
  endfacet
  facet normal 0.804844 0.593486 0
    outer loop
      vertex 111.67 6.11109 0
      vertex 111.763 5.98497 3.2
      vertex 111.763 5.98497 0
    endloop
  endfacet
  facet normal 0.904327 0.42684 0
    outer loop
      vertex 111.589 6.24576 3.2
      vertex 111.522 6.38771 0
      vertex 111.522 6.38771 3.2
    endloop
  endfacet
  facet normal 0.904327 0.42684 0
    outer loop
      vertex 111.522 6.38771 0
      vertex 111.589 6.24576 3.2
      vertex 111.589 6.24576 0
    endloop
  endfacet
  facet normal 0.970259 0.242071 0
    outer loop
      vertex 111.469 6.53554 3.2
      vertex 111.431 6.68785 0
      vertex 111.431 6.68785 3.2
    endloop
  endfacet
  facet normal 0.970259 0.242071 0
    outer loop
      vertex 111.431 6.68785 0
      vertex 111.469 6.53554 3.2
      vertex 111.469 6.53554 0
    endloop
  endfacet
  facet normal -0.427446 0.904041 0
    outer loop
      vertex 113.754 5.58893 0
      vertex 113.612 5.52179 3.2
      vertex 113.754 5.58893 3.2
    endloop
  endfacet
  facet normal -0.427446 0.904041 0
    outer loop
      vertex 113.612 5.52179 3.2
      vertex 113.754 5.58893 0
      vertex 113.612 5.52179 0
    endloop
  endfacet
  facet normal -0.596037 0.802957 0
    outer loop
      vertex 114.015 5.76318 0
      vertex 113.889 5.66965 3.2
      vertex 114.015 5.76318 3.2
    endloop
  endfacet
  facet normal -0.596037 0.802957 0
    outer loop
      vertex 113.889 5.66965 3.2
      vertex 114.015 5.76318 0
      vertex 113.889 5.66965 0
    endloop
  endfacet
  facet normal 0.0489857 0.998799 -0
    outer loop
      vertex 113 5.4 0
      vertex 112.843 5.4077 3.2
      vertex 113 5.4 3.2
    endloop
  endfacet
  facet normal 0.0489857 0.998799 0
    outer loop
      vertex 112.843 5.4077 3.2
      vertex 113 5.4 0
      vertex 112.843 5.4077 0
    endloop
  endfacet
  facet normal 0.513186 0.858277 -0
    outer loop
      vertex 112.246 5.58893 0
      vertex 112.111 5.66965 3.2
      vertex 112.246 5.58893 3.2
    endloop
  endfacet
  facet normal 0.513186 0.858277 0
    outer loop
      vertex 112.111 5.66965 3.2
      vertex 112.246 5.58893 0
      vertex 112.111 5.66965 0
    endloop
  endfacet
  facet normal 0.336578 0.941656 -0
    outer loop
      vertex 112.536 5.46889 0
      vertex 112.388 5.52179 3.2
      vertex 112.536 5.46889 3.2
    endloop
  endfacet
  facet normal 0.336578 0.941656 0
    outer loop
      vertex 112.388 5.52179 3.2
      vertex 112.536 5.46889 0
      vertex 112.388 5.52179 0
    endloop
  endfacet
  facet normal -0.998701 -0.0509541 0
    outer loop
      vertex 114.6 55 0
      vertex 114.592 55.1568 3.2
      vertex 114.592 55.1568 0
    endloop
  endfacet
  facet normal -0.998701 -0.0509541 0
    outer loop
      vertex 114.592 55.1568 3.2
      vertex 114.6 55 0
      vertex 114.6 55 3.2
    endloop
  endfacet
  facet normal 0.0489857 -0.998799 0
    outer loop
      vertex 112.843 56.5923 0
      vertex 113 56.6 3.2
      vertex 112.843 56.5923 3.2
    endloop
  endfacet
  facet normal 0.0489857 -0.998799 0
    outer loop
      vertex 113 56.6 3.2
      vertex 112.843 56.5923 0
      vertex 113 56.6 0
    endloop
  endfacet
  facet normal -0.672482 -0.740113 0
    outer loop
      vertex 114.015 56.2368 0
      vertex 114.131 56.1314 3.2
      vertex 114.015 56.2368 3.2
    endloop
  endfacet
  facet normal -0.672482 -0.740113 -0
    outer loop
      vertex 114.131 56.1314 3.2
      vertex 114.015 56.2368 0
      vertex 114.131 56.1314 0
    endloop
  endfacet
  facet normal 0.739365 -0.673305 0
    outer loop
      vertex 111.763 56.015 3.2
      vertex 111.869 56.1314 0
      vertex 111.869 56.1314 3.2
    endloop
  endfacet
  facet normal 0.739365 -0.673305 0
    outer loop
      vertex 111.869 56.1314 0
      vertex 111.763 56.015 3.2
      vertex 111.763 56.015 0
    endloop
  endfacet
  facet normal 0.427238 -0.904139 0
    outer loop
      vertex 112.246 56.4111 0
      vertex 112.388 56.4782 3.2
      vertex 112.246 56.4111 3.2
    endloop
  endfacet
  facet normal 0.427238 -0.904139 0
    outer loop
      vertex 112.388 56.4782 3.2
      vertex 112.246 56.4111 0
      vertex 112.388 56.4782 0
    endloop
  endfacet
  facet normal -0.904269 -0.426963 0
    outer loop
      vertex 114.478 55.6123 0
      vertex 114.411 55.7542 3.2
      vertex 114.411 55.7542 0
    endloop
  endfacet
  facet normal -0.904269 -0.426963 0
    outer loop
      vertex 114.411 55.7542 3.2
      vertex 114.478 55.6123 0
      vertex 114.478 55.6123 3.2
    endloop
  endfacet
  facet normal -0.336578 -0.941656 0
    outer loop
      vertex 113.464 56.5311 0
      vertex 113.612 56.4782 3.2
      vertex 113.464 56.5311 3.2
    endloop
  endfacet
  facet normal -0.336578 -0.941656 -0
    outer loop
      vertex 113.612 56.4782 3.2
      vertex 113.464 56.5311 0
      vertex 113.612 56.4782 0
    endloop
  endfacet
  facet normal 0.904269 -0.426963 0
    outer loop
      vertex 111.522 55.6123 3.2
      vertex 111.589 55.7542 0
      vertex 111.589 55.7542 3.2
    endloop
  endfacet
  facet normal 0.904269 -0.426963 0
    outer loop
      vertex 111.589 55.7542 0
      vertex 111.522 55.6123 3.2
      vertex 111.522 55.6123 0
    endloop
  endfacet
  facet normal 0.856987 -0.515338 0
    outer loop
      vertex 111.589 55.7542 3.2
      vertex 111.67 55.8889 0
      vertex 111.67 55.8889 3.2
    endloop
  endfacet
  facet normal 0.856987 -0.515338 0
    outer loop
      vertex 111.67 55.8889 0
      vertex 111.589 55.7542 3.2
      vertex 111.589 55.7542 0
    endloop
  endfacet
  facet normal 0.998701 0.0509541 0
    outer loop
      vertex 111.408 54.8432 3.2
      vertex 111.4 55 0
      vertex 111.4 55 3.2
    endloop
  endfacet
  facet normal 0.998701 0.0509541 0
    outer loop
      vertex 111.4 55 0
      vertex 111.408 54.8432 3.2
      vertex 111.408 54.8432 0
    endloop
  endfacet
  facet normal -0.14678 0.989169 0
    outer loop
      vertex 113.312 53.4307 0
      vertex 113.157 53.4077 3.2
      vertex 113.312 53.4307 3.2
    endloop
  endfacet
  facet normal -0.14678 0.989169 0
    outer loop
      vertex 113.157 53.4077 3.2
      vertex 113.312 53.4307 0
      vertex 113.157 53.4077 0
    endloop
  endfacet
  facet normal -0.970292 -0.241936 0
    outer loop
      vertex 114.569 55.3121 0
      vertex 114.531 55.4645 3.2
      vertex 114.531 55.4645 0
    endloop
  endfacet
  facet normal -0.970292 -0.241936 0
    outer loop
      vertex 114.531 55.4645 3.2
      vertex 114.569 55.3121 0
      vertex 114.569 55.3121 3.2
    endloop
  endfacet
  facet normal -0.98921 -0.146502 0
    outer loop
      vertex 114.592 55.1568 0
      vertex 114.569 55.3121 3.2
      vertex 114.569 55.3121 0
    endloop
  endfacet
  facet normal -0.98921 -0.146502 0
    outer loop
      vertex 114.569 55.3121 3.2
      vertex 114.592 55.1568 0
      vertex 114.592 55.1568 3.2
    endloop
  endfacet
  facet normal -0.941309 -0.337546 0
    outer loop
      vertex 114.531 55.4645 0
      vertex 114.478 55.6123 3.2
      vertex 114.478 55.6123 0
    endloop
  endfacet
  facet normal -0.941309 -0.337546 0
    outer loop
      vertex 114.478 55.6123 3.2
      vertex 114.531 55.4645 0
      vertex 114.531 55.4645 3.2
    endloop
  endfacet
  facet normal -0.804799 -0.593547 0
    outer loop
      vertex 114.33 55.8889 0
      vertex 114.237 56.015 3.2
      vertex 114.237 56.015 0
    endloop
  endfacet
  facet normal -0.804799 -0.593547 0
    outer loop
      vertex 114.237 56.015 3.2
      vertex 114.33 55.8889 0
      vertex 114.33 55.8889 3.2
    endloop
  endfacet
  facet normal -0.739365 -0.673305 0
    outer loop
      vertex 114.237 56.015 0
      vertex 114.131 56.1314 3.2
      vertex 114.131 56.1314 0
    endloop
  endfacet
  facet normal -0.739365 -0.673305 0
    outer loop
      vertex 114.131 56.1314 3.2
      vertex 114.237 56.015 0
      vertex 114.237 56.015 3.2
    endloop
  endfacet
  facet normal -0.14678 -0.989169 0
    outer loop
      vertex 113.157 56.5923 0
      vertex 113.312 56.5693 3.2
      vertex 113.157 56.5923 3.2
    endloop
  endfacet
  facet normal -0.14678 -0.989169 -0
    outer loop
      vertex 113.312 56.5693 3.2
      vertex 113.157 56.5923 0
      vertex 113.312 56.5693 0
    endloop
  endfacet
  facet normal -0.596324 -0.802744 0
    outer loop
      vertex 113.889 56.3304 0
      vertex 114.015 56.2368 3.2
      vertex 113.889 56.3304 3.2
    endloop
  endfacet
  facet normal -0.596324 -0.802744 -0
    outer loop
      vertex 114.015 56.2368 3.2
      vertex 113.889 56.3304 0
      vertex 114.015 56.2368 0
    endloop
  endfacet
  facet normal -0.513093 -0.858333 0
    outer loop
      vertex 113.754 56.4111 0
      vertex 113.889 56.3304 3.2
      vertex 113.754 56.4111 3.2
    endloop
  endfacet
  facet normal -0.513093 -0.858333 -0
    outer loop
      vertex 113.889 56.3304 3.2
      vertex 113.754 56.4111 0
      vertex 113.889 56.3304 0
    endloop
  endfacet
  facet normal 0.804799 -0.593547 0
    outer loop
      vertex 111.67 55.8889 3.2
      vertex 111.763 56.015 0
      vertex 111.763 56.015 3.2
    endloop
  endfacet
  facet normal 0.804799 -0.593547 0
    outer loop
      vertex 111.763 56.015 0
      vertex 111.67 55.8889 3.2
      vertex 111.67 55.8889 0
    endloop
  endfacet
  facet normal 0.941309 -0.337546 0
    outer loop
      vertex 111.469 55.4645 3.2
      vertex 111.522 55.6123 0
      vertex 111.522 55.6123 3.2
    endloop
  endfacet
  facet normal 0.941309 -0.337546 0
    outer loop
      vertex 111.522 55.6123 0
      vertex 111.469 55.4645 3.2
      vertex 111.469 55.4645 0
    endloop
  endfacet
  facet normal 0.98921 -0.146502 0
    outer loop
      vertex 111.408 55.1568 3.2
      vertex 111.431 55.3121 0
      vertex 111.431 55.3121 3.2
    endloop
  endfacet
  facet normal 0.98921 -0.146502 0
    outer loop
      vertex 111.431 55.3121 0
      vertex 111.408 55.1568 3.2
      vertex 111.408 55.1568 0
    endloop
  endfacet
  facet normal 0.998701 -0.0509541 0
    outer loop
      vertex 111.4 55 3.2
      vertex 111.408 55.1568 0
      vertex 111.408 55.1568 3.2
    endloop
  endfacet
  facet normal 0.998701 -0.0509541 0
    outer loop
      vertex 111.408 55.1568 0
      vertex 111.4 55 3.2
      vertex 111.4 55 0
    endloop
  endfacet
  facet normal 0.596324 -0.802744 0
    outer loop
      vertex 111.985 56.2368 0
      vertex 112.111 56.3304 3.2
      vertex 111.985 56.2368 3.2
    endloop
  endfacet
  facet normal 0.596324 -0.802744 0
    outer loop
      vertex 112.111 56.3304 3.2
      vertex 111.985 56.2368 0
      vertex 112.111 56.3304 0
    endloop
  endfacet
  facet normal 0.672482 -0.740113 0
    outer loop
      vertex 111.869 56.1314 0
      vertex 111.985 56.2368 3.2
      vertex 111.869 56.1314 3.2
    endloop
  endfacet
  facet normal 0.672482 -0.740113 0
    outer loop
      vertex 111.985 56.2368 3.2
      vertex 111.869 56.1314 0
      vertex 111.985 56.2368 0
    endloop
  endfacet
  facet normal 0.14678 -0.989169 0
    outer loop
      vertex 112.688 56.5693 0
      vertex 112.843 56.5923 3.2
      vertex 112.688 56.5693 3.2
    endloop
  endfacet
  facet normal 0.14678 -0.989169 0
    outer loop
      vertex 112.843 56.5923 3.2
      vertex 112.688 56.5693 0
      vertex 112.843 56.5923 0
    endloop
  endfacet
  facet normal 0.336578 -0.941656 0
    outer loop
      vertex 112.388 56.4782 0
      vertex 112.536 56.5311 3.2
      vertex 112.388 56.4782 3.2
    endloop
  endfacet
  facet normal 0.336578 -0.941656 0
    outer loop
      vertex 112.536 56.5311 3.2
      vertex 112.388 56.4782 0
      vertex 112.536 56.5311 0
    endloop
  endfacet
  facet normal 0.243736 -0.969841 0
    outer loop
      vertex 112.536 56.5311 0
      vertex 112.688 56.5693 3.2
      vertex 112.536 56.5311 3.2
    endloop
  endfacet
  facet normal 0.243736 -0.969841 0
    outer loop
      vertex 112.688 56.5693 3.2
      vertex 112.536 56.5311 0
      vertex 112.688 56.5693 0
    endloop
  endfacet
  facet normal -0.998701 0.0509541 0
    outer loop
      vertex 114.592 54.8432 0
      vertex 114.6 55 3.2
      vertex 114.6 55 0
    endloop
  endfacet
  facet normal -0.998701 0.0509541 0
    outer loop
      vertex 114.6 55 3.2
      vertex 114.592 54.8432 0
      vertex 114.592 54.8432 3.2
    endloop
  endfacet
  facet normal 0.739365 0.673305 0
    outer loop
      vertex 111.869 53.8686 3.2
      vertex 111.763 53.985 0
      vertex 111.763 53.985 3.2
    endloop
  endfacet
  facet normal 0.739365 0.673305 0
    outer loop
      vertex 111.763 53.985 0
      vertex 111.869 53.8686 3.2
      vertex 111.869 53.8686 0
    endloop
  endfacet
  facet normal 0.904269 0.426963 0
    outer loop
      vertex 111.589 54.2458 3.2
      vertex 111.522 54.3877 0
      vertex 111.522 54.3877 3.2
    endloop
  endfacet
  facet normal 0.904269 0.426963 0
    outer loop
      vertex 111.522 54.3877 0
      vertex 111.589 54.2458 3.2
      vertex 111.589 54.2458 0
    endloop
  endfacet
  facet normal -0.336578 0.941656 0
    outer loop
      vertex 113.612 53.5218 0
      vertex 113.464 53.4689 3.2
      vertex 113.612 53.5218 3.2
    endloop
  endfacet
  facet normal -0.336578 0.941656 0
    outer loop
      vertex 113.464 53.4689 3.2
      vertex 113.612 53.5218 0
      vertex 113.464 53.4689 0
    endloop
  endfacet
  facet normal -0.243736 0.969841 0
    outer loop
      vertex 113.464 53.4689 0
      vertex 113.312 53.4307 3.2
      vertex 113.464 53.4689 3.2
    endloop
  endfacet
  facet normal -0.243736 0.969841 0
    outer loop
      vertex 113.312 53.4307 3.2
      vertex 113.464 53.4689 0
      vertex 113.312 53.4307 0
    endloop
  endfacet
  facet normal -0.856987 -0.515338 0
    outer loop
      vertex 114.411 55.7542 0
      vertex 114.33 55.8889 3.2
      vertex 114.33 55.8889 0
    endloop
  endfacet
  facet normal -0.856987 -0.515338 0
    outer loop
      vertex 114.33 55.8889 3.2
      vertex 114.411 55.7542 0
      vertex 114.411 55.7542 3.2
    endloop
  endfacet
  facet normal -0.0489857 -0.998799 0
    outer loop
      vertex 113 56.6 0
      vertex 113.157 56.5923 3.2
      vertex 113 56.6 3.2
    endloop
  endfacet
  facet normal -0.0489857 -0.998799 -0
    outer loop
      vertex 113.157 56.5923 3.2
      vertex 113 56.6 0
      vertex 113.157 56.5923 0
    endloop
  endfacet
  facet normal -0.243736 -0.969841 0
    outer loop
      vertex 113.312 56.5693 0
      vertex 113.464 56.5311 3.2
      vertex 113.312 56.5693 3.2
    endloop
  endfacet
  facet normal -0.243736 -0.969841 -0
    outer loop
      vertex 113.464 56.5311 3.2
      vertex 113.312 56.5693 0
      vertex 113.464 56.5311 0
    endloop
  endfacet
  facet normal -0.427238 -0.904139 0
    outer loop
      vertex 113.612 56.4782 0
      vertex 113.754 56.4111 3.2
      vertex 113.612 56.4782 3.2
    endloop
  endfacet
  facet normal -0.427238 -0.904139 -0
    outer loop
      vertex 113.754 56.4111 3.2
      vertex 113.612 56.4782 0
      vertex 113.754 56.4111 0
    endloop
  endfacet
  facet normal 0.970292 -0.241936 0
    outer loop
      vertex 111.431 55.3121 3.2
      vertex 111.469 55.4645 0
      vertex 111.469 55.4645 3.2
    endloop
  endfacet
  facet normal 0.970292 -0.241936 0
    outer loop
      vertex 111.469 55.4645 0
      vertex 111.431 55.3121 3.2
      vertex 111.431 55.3121 0
    endloop
  endfacet
  facet normal 0.513093 -0.858333 0
    outer loop
      vertex 112.111 56.3304 0
      vertex 112.246 56.4111 3.2
      vertex 112.111 56.3304 3.2
    endloop
  endfacet
  facet normal 0.513093 -0.858333 0
    outer loop
      vertex 112.246 56.4111 3.2
      vertex 112.111 56.3304 0
      vertex 112.246 56.4111 0
    endloop
  endfacet
  facet normal -0.941309 0.337546 0
    outer loop
      vertex 114.478 54.3877 0
      vertex 114.531 54.5355 3.2
      vertex 114.531 54.5355 0
    endloop
  endfacet
  facet normal -0.941309 0.337546 0
    outer loop
      vertex 114.531 54.5355 3.2
      vertex 114.478 54.3877 0
      vertex 114.478 54.3877 3.2
    endloop
  endfacet
  facet normal -0.970292 0.241936 0
    outer loop
      vertex 114.531 54.5355 0
      vertex 114.569 54.6879 3.2
      vertex 114.569 54.6879 0
    endloop
  endfacet
  facet normal -0.970292 0.241936 0
    outer loop
      vertex 114.569 54.6879 3.2
      vertex 114.531 54.5355 0
      vertex 114.531 54.5355 3.2
    endloop
  endfacet
  facet normal -0.98921 0.146502 0
    outer loop
      vertex 114.569 54.6879 0
      vertex 114.592 54.8432 3.2
      vertex 114.592 54.8432 0
    endloop
  endfacet
  facet normal -0.98921 0.146502 0
    outer loop
      vertex 114.592 54.8432 3.2
      vertex 114.569 54.6879 0
      vertex 114.569 54.6879 3.2
    endloop
  endfacet
  facet normal -0.672482 0.740113 0
    outer loop
      vertex 114.131 53.8686 0
      vertex 114.015 53.7632 3.2
      vertex 114.131 53.8686 3.2
    endloop
  endfacet
  facet normal -0.672482 0.740113 0
    outer loop
      vertex 114.015 53.7632 3.2
      vertex 114.131 53.8686 0
      vertex 114.015 53.7632 0
    endloop
  endfacet
  facet normal -0.904269 0.426963 0
    outer loop
      vertex 114.411 54.2458 0
      vertex 114.478 54.3877 3.2
      vertex 114.478 54.3877 0
    endloop
  endfacet
  facet normal -0.904269 0.426963 0
    outer loop
      vertex 114.478 54.3877 3.2
      vertex 114.411 54.2458 0
      vertex 114.411 54.2458 3.2
    endloop
  endfacet
  facet normal -0.804799 0.593547 0
    outer loop
      vertex 114.237 53.985 0
      vertex 114.33 54.1111 3.2
      vertex 114.33 54.1111 0
    endloop
  endfacet
  facet normal -0.804799 0.593547 0
    outer loop
      vertex 114.33 54.1111 3.2
      vertex 114.237 53.985 0
      vertex 114.237 53.985 3.2
    endloop
  endfacet
  facet normal 0.0489857 0.998799 -0
    outer loop
      vertex 113 53.4 0
      vertex 112.843 53.4077 3.2
      vertex 113 53.4 3.2
    endloop
  endfacet
  facet normal 0.0489857 0.998799 0
    outer loop
      vertex 112.843 53.4077 3.2
      vertex 113 53.4 0
      vertex 112.843 53.4077 0
    endloop
  endfacet
  facet normal 0.513093 0.858333 -0
    outer loop
      vertex 112.246 53.5889 0
      vertex 112.111 53.6696 3.2
      vertex 112.246 53.5889 3.2
    endloop
  endfacet
  facet normal 0.513093 0.858333 0
    outer loop
      vertex 112.111 53.6696 3.2
      vertex 112.246 53.5889 0
      vertex 112.111 53.6696 0
    endloop
  endfacet
  facet normal 0.856987 0.515338 0
    outer loop
      vertex 111.67 54.1111 3.2
      vertex 111.589 54.2458 0
      vertex 111.589 54.2458 3.2
    endloop
  endfacet
  facet normal 0.856987 0.515338 0
    outer loop
      vertex 111.589 54.2458 0
      vertex 111.67 54.1111 3.2
      vertex 111.67 54.1111 0
    endloop
  endfacet
  facet normal 0.941309 0.337546 0
    outer loop
      vertex 111.522 54.3877 3.2
      vertex 111.469 54.5355 0
      vertex 111.469 54.5355 3.2
    endloop
  endfacet
  facet normal 0.941309 0.337546 0
    outer loop
      vertex 111.469 54.5355 0
      vertex 111.522 54.3877 3.2
      vertex 111.522 54.3877 0
    endloop
  endfacet
  facet normal 0.98921 0.146502 0
    outer loop
      vertex 111.431 54.6879 3.2
      vertex 111.408 54.8432 0
      vertex 111.408 54.8432 3.2
    endloop
  endfacet
  facet normal 0.98921 0.146502 0
    outer loop
      vertex 111.408 54.8432 0
      vertex 111.431 54.6879 3.2
      vertex 111.431 54.6879 0
    endloop
  endfacet
  facet normal -0.427238 0.904139 0
    outer loop
      vertex 113.754 53.5889 0
      vertex 113.612 53.5218 3.2
      vertex 113.754 53.5889 3.2
    endloop
  endfacet
  facet normal -0.427238 0.904139 0
    outer loop
      vertex 113.612 53.5218 3.2
      vertex 113.754 53.5889 0
      vertex 113.612 53.5218 0
    endloop
  endfacet
  facet normal -0.513093 0.858333 0
    outer loop
      vertex 113.889 53.6696 0
      vertex 113.754 53.5889 3.2
      vertex 113.889 53.6696 3.2
    endloop
  endfacet
  facet normal -0.513093 0.858333 0
    outer loop
      vertex 113.754 53.5889 3.2
      vertex 113.889 53.6696 0
      vertex 113.754 53.5889 0
    endloop
  endfacet
  facet normal -0.856987 0.515338 0
    outer loop
      vertex 114.33 54.1111 0
      vertex 114.411 54.2458 3.2
      vertex 114.411 54.2458 0
    endloop
  endfacet
  facet normal -0.856987 0.515338 0
    outer loop
      vertex 114.411 54.2458 3.2
      vertex 114.33 54.1111 0
      vertex 114.33 54.1111 3.2
    endloop
  endfacet
  facet normal -0.0489857 0.998799 0
    outer loop
      vertex 113.157 53.4077 0
      vertex 113 53.4 3.2
      vertex 113.157 53.4077 3.2
    endloop
  endfacet
  facet normal -0.0489857 0.998799 0
    outer loop
      vertex 113 53.4 3.2
      vertex 113.157 53.4077 0
      vertex 113 53.4 0
    endloop
  endfacet
  facet normal 0.427238 0.904139 -0
    outer loop
      vertex 112.388 53.5218 0
      vertex 112.246 53.5889 3.2
      vertex 112.388 53.5218 3.2
    endloop
  endfacet
  facet normal 0.427238 0.904139 0
    outer loop
      vertex 112.246 53.5889 3.2
      vertex 112.388 53.5218 0
      vertex 112.246 53.5889 0
    endloop
  endfacet
  facet normal 0.596324 0.802744 -0
    outer loop
      vertex 112.111 53.6696 0
      vertex 111.985 53.7632 3.2
      vertex 112.111 53.6696 3.2
    endloop
  endfacet
  facet normal 0.596324 0.802744 0
    outer loop
      vertex 111.985 53.7632 3.2
      vertex 112.111 53.6696 0
      vertex 111.985 53.7632 0
    endloop
  endfacet
  facet normal 0.672482 0.740113 -0
    outer loop
      vertex 111.985 53.7632 0
      vertex 111.869 53.8686 3.2
      vertex 111.985 53.7632 3.2
    endloop
  endfacet
  facet normal 0.672482 0.740113 0
    outer loop
      vertex 111.869 53.8686 3.2
      vertex 111.985 53.7632 0
      vertex 111.869 53.8686 0
    endloop
  endfacet
  facet normal 0.804799 0.593547 0
    outer loop
      vertex 111.763 53.985 3.2
      vertex 111.67 54.1111 0
      vertex 111.67 54.1111 3.2
    endloop
  endfacet
  facet normal 0.804799 0.593547 0
    outer loop
      vertex 111.67 54.1111 0
      vertex 111.763 53.985 3.2
      vertex 111.763 53.985 0
    endloop
  endfacet
  facet normal 0.970292 0.241936 0
    outer loop
      vertex 111.469 54.5355 3.2
      vertex 111.431 54.6879 0
      vertex 111.431 54.6879 3.2
    endloop
  endfacet
  facet normal 0.970292 0.241936 0
    outer loop
      vertex 111.431 54.6879 0
      vertex 111.469 54.5355 3.2
      vertex 111.469 54.5355 0
    endloop
  endfacet
  facet normal -0.596324 0.802744 0
    outer loop
      vertex 114.015 53.7632 0
      vertex 113.889 53.6696 3.2
      vertex 114.015 53.7632 3.2
    endloop
  endfacet
  facet normal -0.596324 0.802744 0
    outer loop
      vertex 113.889 53.6696 3.2
      vertex 114.015 53.7632 0
      vertex 113.889 53.6696 0
    endloop
  endfacet
  facet normal -0.739365 0.673305 0
    outer loop
      vertex 114.131 53.8686 0
      vertex 114.237 53.985 3.2
      vertex 114.237 53.985 0
    endloop
  endfacet
  facet normal -0.739365 0.673305 0
    outer loop
      vertex 114.237 53.985 3.2
      vertex 114.131 53.8686 0
      vertex 114.131 53.8686 3.2
    endloop
  endfacet
  facet normal 0.14678 0.989169 -0
    outer loop
      vertex 112.843 53.4077 0
      vertex 112.688 53.4307 3.2
      vertex 112.843 53.4077 3.2
    endloop
  endfacet
  facet normal 0.14678 0.989169 0
    outer loop
      vertex 112.688 53.4307 3.2
      vertex 112.843 53.4077 0
      vertex 112.688 53.4307 0
    endloop
  endfacet
  facet normal 0.243736 0.969841 -0
    outer loop
      vertex 112.688 53.4307 0
      vertex 112.536 53.4689 3.2
      vertex 112.688 53.4307 3.2
    endloop
  endfacet
  facet normal 0.243736 0.969841 0
    outer loop
      vertex 112.536 53.4689 3.2
      vertex 112.688 53.4307 0
      vertex 112.536 53.4689 0
    endloop
  endfacet
  facet normal 0.336578 0.941656 -0
    outer loop
      vertex 112.536 53.4689 0
      vertex 112.388 53.5218 3.2
      vertex 112.536 53.4689 3.2
    endloop
  endfacet
  facet normal 0.336578 0.941656 0
    outer loop
      vertex 112.388 53.5218 3.2
      vertex 112.536 53.4689 0
      vertex 112.388 53.5218 0
    endloop
  endfacet
  facet normal 0 0 -1
    outer loop
      vertex 8.47821 7.61229 0
      vertex 84.998 30.005 0
      vertex 8.5311 7.46445 0
    endloop
  endfacet
  facet normal 0 0 -1
    outer loop
      vertex 84.9 31 0
      vertex 8.59229 54.8432 0
      vertex 8.6 55 0
    endloop
  endfacet
  facet normal -0 0 -1
    outer loop
      vertex 84.998 30.005 0
      vertex 8.47821 7.61229 0
      vertex 84.9246 30.5001 0
    endloop
  endfacet
  facet normal 0 0 -1
    outer loop
      vertex 84.9 31 0
      vertex 8.56926 54.6879 0
      vertex 8.59229 54.8432 0
    endloop
  endfacet
  facet normal 0 0 -1
    outer loop
      vertex 8.41107 7.75423 0
      vertex 84.9246 30.5001 0
      vertex 8.47821 7.61229 0
    endloop
  endfacet
  facet normal 0 0 -1
    outer loop
      vertex 84.9 31 0
      vertex 8.5311 54.5355 0
      vertex 8.56926 54.6879 0
    endloop
  endfacet
  facet normal -0 0 -1
    outer loop
      vertex 84.9246 30.5001 0
      vertex 8.41107 7.75423 0
      vertex 84.9 31 0
    endloop
  endfacet
  facet normal 0 0 -1
    outer loop
      vertex 84.9 31 0
      vertex 8.47821 54.3877 0
      vertex 8.5311 54.5355 0
    endloop
  endfacet
  facet normal 0 0 -1
    outer loop
      vertex 8.33035 7.88891 0
      vertex 84.9 31 0
      vertex 8.41107 7.75423 0
    endloop
  endfacet
  facet normal 0 0 -1
    outer loop
      vertex 84.9 31 0
      vertex 8.41107 54.2458 0
      vertex 8.47821 54.3877 0
    endloop
  endfacet
  facet normal 0 0 -1
    outer loop
      vertex 8.33035 54.1111 0
      vertex 84.9 31 0
      vertex 8.33035 7.88891 0
    endloop
  endfacet
  facet normal 0 0 -1
    outer loop
      vertex 84.9 31 0
      vertex 8.33035 54.1111 0
      vertex 8.41107 54.2458 0
    endloop
  endfacet
  facet normal 0 0 -1
    outer loop
      vertex 8.23682 8.01503 0
      vertex 8.33035 54.1111 0
      vertex 8.33035 7.88891 0
    endloop
  endfacet
  facet normal 0 0 -1
    outer loop
      vertex 8.23682 8.01503 0
      vertex 8.23682 53.985 0
      vertex 8.33035 54.1111 0
    endloop
  endfacet
  facet normal 0 0 -1
    outer loop
      vertex 8.13137 8.13137 0
      vertex 8.23682 53.985 0
      vertex 8.23682 8.01503 0
    endloop
  endfacet
  facet normal 0 0 -1
    outer loop
      vertex 8.13137 8.13137 0
      vertex 8.13137 53.8686 0
      vertex 8.23682 53.985 0
    endloop
  endfacet
  facet normal 0 0 -1
    outer loop
      vertex 8.01503 8.23682 0
      vertex 8.13137 53.8686 0
      vertex 8.13137 8.13137 0
    endloop
  endfacet
  facet normal 0 0 -1
    outer loop
      vertex 8.01503 8.23682 0
      vertex 8.01503 53.7632 0
      vertex 8.13137 53.8686 0
    endloop
  endfacet
  facet normal 0 0 -1
    outer loop
      vertex 7.88891 8.33035 0
      vertex 8.01503 53.7632 0
      vertex 8.01503 8.23682 0
    endloop
  endfacet
  facet normal 0 0 -1
    outer loop
      vertex 7.88891 8.33035 0
      vertex 7.88891 53.6696 0
      vertex 8.01503 53.7632 0
    endloop
  endfacet
  facet normal 0 0 -1
    outer loop
      vertex 7.75423 8.41107 0
      vertex 7.88891 53.6696 0
      vertex 7.88891 8.33035 0
    endloop
  endfacet
  facet normal 0 0 -1
    outer loop
      vertex 7.75423 8.41107 0
      vertex 7.75423 53.5889 0
      vertex 7.88891 53.6696 0
    endloop
  endfacet
  facet normal 0 0 -1
    outer loop
      vertex 7.61229 8.47821 0
      vertex 7.75423 53.5889 0
      vertex 7.75423 8.41107 0
    endloop
  endfacet
  facet normal 0 0 -1
    outer loop
      vertex 7.61229 8.47821 0
      vertex 7.61229 53.5218 0
      vertex 7.75423 53.5889 0
    endloop
  endfacet
  facet normal 0 0 -1
    outer loop
      vertex 7.46445 8.5311 0
      vertex 7.61229 53.5218 0
      vertex 7.61229 8.47821 0
    endloop
  endfacet
  facet normal 0 0 -1
    outer loop
      vertex 7.46445 8.5311 0
      vertex 7.46445 53.4689 0
      vertex 7.61229 53.5218 0
    endloop
  endfacet
  facet normal 0 0 -1
    outer loop
      vertex 7.31214 8.56926 0
      vertex 7.46445 53.4689 0
      vertex 7.46445 8.5311 0
    endloop
  endfacet
  facet normal 0 0 -1
    outer loop
      vertex 7.31214 8.56926 0
      vertex 7.31214 53.4307 0
      vertex 7.46445 53.4689 0
    endloop
  endfacet
  facet normal 0 0 -1
    outer loop
      vertex 7.15683 8.59229 0
      vertex 7.31214 53.4307 0
      vertex 7.31214 8.56926 0
    endloop
  endfacet
  facet normal 0 0 -1
    outer loop
      vertex 7.15683 8.59229 0
      vertex 7.15683 53.4077 0
      vertex 7.31214 53.4307 0
    endloop
  endfacet
  facet normal 0 0 -1
    outer loop
      vertex 7 8.6 0
      vertex 7.15683 53.4077 0
      vertex 7.15683 8.59229 0
    endloop
  endfacet
  facet normal 0 0 -1
    outer loop
      vertex 7 8.6 0
      vertex 7 53.4 0
      vertex 7.15683 53.4077 0
    endloop
  endfacet
  facet normal 0 0 -1
    outer loop
      vertex 6.84317 8.59229 0
      vertex 7 53.4 0
      vertex 7 8.6 0
    endloop
  endfacet
  facet normal 0 0 -1
    outer loop
      vertex 6.84317 8.59229 0
      vertex 6.84317 53.4077 0
      vertex 7 53.4 0
    endloop
  endfacet
  facet normal 0 0 -1
    outer loop
      vertex 6.68785 8.56926 0
      vertex 6.84317 53.4077 0
      vertex 6.84317 8.59229 0
    endloop
  endfacet
  facet normal 0 0 -1
    outer loop
      vertex 6.68785 8.56926 0
      vertex 6.68785 53.4307 0
      vertex 6.84317 53.4077 0
    endloop
  endfacet
  facet normal 0 0 -1
    outer loop
      vertex 6.53554 8.5311 0
      vertex 6.68785 53.4307 0
      vertex 6.68785 8.56926 0
    endloop
  endfacet
  facet normal 0 0 -1
    outer loop
      vertex 6.53554 8.5311 0
      vertex 6.53554 53.4689 0
      vertex 6.68785 53.4307 0
    endloop
  endfacet
  facet normal 0 0 -1
    outer loop
      vertex 6.38771 8.47821 0
      vertex 6.53554 53.4689 0
      vertex 6.53554 8.5311 0
    endloop
  endfacet
  facet normal 0 0 -1
    outer loop
      vertex 6.38771 8.47821 0
      vertex 6.38771 53.5218 0
      vertex 6.53554 53.4689 0
    endloop
  endfacet
  facet normal 0 0 -1
    outer loop
      vertex 6.24576 8.41107 0
      vertex 6.38771 53.5218 0
      vertex 6.38771 8.47821 0
    endloop
  endfacet
  facet normal 0 0 -1
    outer loop
      vertex 6.24576 8.41107 0
      vertex 6.24576 53.5889 0
      vertex 6.38771 53.5218 0
    endloop
  endfacet
  facet normal 0 0 -1
    outer loop
      vertex 6.11109 8.33035 0
      vertex 6.24576 53.5889 0
      vertex 6.24576 8.41107 0
    endloop
  endfacet
  facet normal 0 0 -1
    outer loop
      vertex 6.11109 8.33035 0
      vertex 6.11109 53.6696 0
      vertex 6.24576 53.5889 0
    endloop
  endfacet
  facet normal 0 0 -1
    outer loop
      vertex 5.98497 8.23682 0
      vertex 6.11109 53.6696 0
      vertex 6.11109 8.33035 0
    endloop
  endfacet
  facet normal 0 0 -1
    outer loop
      vertex 5.98497 8.23682 0
      vertex 5.98497 53.7632 0
      vertex 6.11109 53.6696 0
    endloop
  endfacet
  facet normal 0 0 -1
    outer loop
      vertex 5.86863 8.13137 0
      vertex 5.98497 53.7632 0
      vertex 5.98497 8.23682 0
    endloop
  endfacet
  facet normal 0 0 -1
    outer loop
      vertex 5.86863 8.13137 0
      vertex 5.86863 53.8686 0
      vertex 5.98497 53.7632 0
    endloop
  endfacet
  facet normal 0 0 -1
    outer loop
      vertex 0 4 0
      vertex 5.86863 8.13137 0
      vertex 5.76318 8.01503 0
    endloop
  endfacet
  facet normal -0 0 -1
    outer loop
      vertex 5.86863 8.13137 0
      vertex 0 4 0
      vertex 5.86863 53.8686 0
    endloop
  endfacet
  facet normal 0 0 -1
    outer loop
      vertex 0 4 0
      vertex 5.76318 8.01503 0
      vertex 5.66965 7.88891 0
    endloop
  endfacet
  facet normal 0 0 -1
    outer loop
      vertex 0 58 0
      vertex 5.86863 53.8686 0
      vertex 0 4 0
    endloop
  endfacet
  facet normal 0 0 -1
    outer loop
      vertex 0 4 0
      vertex 5.66965 7.88891 0
      vertex 5.58893 7.75423 0
    endloop
  endfacet
  facet normal 0 0 -1
    outer loop
      vertex 5.86863 53.8686 0
      vertex 0 58 0
      vertex 5.76318 53.985 0
    endloop
  endfacet
  facet normal 0 0 -1
    outer loop
      vertex 0 4 0
      vertex 5.58893 7.75423 0
      vertex 5.52179 7.61229 0
    endloop
  endfacet
  facet normal 0 0 -1
    outer loop
      vertex 5.76318 53.985 0
      vertex 0 58 0
      vertex 5.66965 54.1111 0
    endloop
  endfacet
  facet normal 0 0 -1
    outer loop
      vertex 0 4 0
      vertex 5.52179 7.61229 0
      vertex 5.46889 7.46445 0
    endloop
  endfacet
  facet normal 0 0 -1
    outer loop
      vertex 5.66965 54.1111 0
      vertex 0 58 0
      vertex 5.58893 54.2458 0
    endloop
  endfacet
  facet normal 0 0 -1
    outer loop
      vertex 0 4 0
      vertex 5.46889 7.46445 0
      vertex 5.43074 7.31214 0
    endloop
  endfacet
  facet normal 0 0 -1
    outer loop
      vertex 5.58893 54.2458 0
      vertex 0 58 0
      vertex 5.52179 54.3877 0
    endloop
  endfacet
  facet normal 0 0 -1
    outer loop
      vertex 0 4 0
      vertex 5.43074 7.31214 0
      vertex 5.4077 7.15683 0
    endloop
  endfacet
  facet normal 0 0 -1
    outer loop
      vertex 5.52179 54.3877 0
      vertex 0 58 0
      vertex 5.46889 54.5355 0
    endloop
  endfacet
  facet normal 0 0 -1
    outer loop
      vertex 0 4 0
      vertex 5.4077 7.15683 0
      vertex 5.4 7 0
    endloop
  endfacet
  facet normal 0 0 -1
    outer loop
      vertex 5.46889 54.5355 0
      vertex 0 58 0
      vertex 5.43074 54.6879 0
    endloop
  endfacet
  facet normal 0 0 -1
    outer loop
      vertex 114.531 7.46445 0
      vertex 120 4 0
      vertex 114.569 7.31214 0
    endloop
  endfacet
  facet normal 0 0 -1
    outer loop
      vertex 120 58 0
      vertex 114.592 54.8432 0
      vertex 114.6 55 0
    endloop
  endfacet
  facet normal 0 0 -1
    outer loop
      vertex 114.478 7.61229 0
      vertex 120 4 0
      vertex 114.531 7.46445 0
    endloop
  endfacet
  facet normal 0 0 -1
    outer loop
      vertex 120 58 0
      vertex 114.569 54.6879 0
      vertex 114.592 54.8432 0
    endloop
  endfacet
  facet normal 0 0 -1
    outer loop
      vertex 114.411 7.75423 0
      vertex 120 4 0
      vertex 114.478 7.61229 0
    endloop
  endfacet
  facet normal 0 0 -1
    outer loop
      vertex 120 58 0
      vertex 114.531 54.5355 0
      vertex 114.569 54.6879 0
    endloop
  endfacet
  facet normal 0 0 -1
    outer loop
      vertex 114.33 7.88891 0
      vertex 120 4 0
      vertex 114.411 7.75423 0
    endloop
  endfacet
  facet normal 0 0 -1
    outer loop
      vertex 120 58 0
      vertex 114.478 54.3877 0
      vertex 114.531 54.5355 0
    endloop
  endfacet
  facet normal 0 0 -1
    outer loop
      vertex 114.237 8.01503 0
      vertex 120 4 0
      vertex 114.33 7.88891 0
    endloop
  endfacet
  facet normal 0 0 -1
    outer loop
      vertex 120 58 0
      vertex 114.411 54.2458 0
      vertex 114.478 54.3877 0
    endloop
  endfacet
  facet normal 0 0 -1
    outer loop
      vertex 114.131 8.13137 0
      vertex 120 4 0
      vertex 114.237 8.01503 0
    endloop
  endfacet
  facet normal 0 0 -1
    outer loop
      vertex 120 58 0
      vertex 114.33 54.1111 0
      vertex 114.411 54.2458 0
    endloop
  endfacet
  facet normal 0 0 -1
    outer loop
      vertex 120 4 0
      vertex 114.131 8.13137 0
      vertex 120 58 0
    endloop
  endfacet
  facet normal 0 0 -1
    outer loop
      vertex 120 58 0
      vertex 114.237 53.985 0
      vertex 114.33 54.1111 0
    endloop
  endfacet
  facet normal 0 0 -1
    outer loop
      vertex 114.131 53.8686 0
      vertex 120 58 0
      vertex 114.131 8.13137 0
    endloop
  endfacet
  facet normal 0 0 -1
    outer loop
      vertex 120 58 0
      vertex 114.131 53.8686 0
      vertex 114.237 53.985 0
    endloop
  endfacet
  facet normal 0 0 -1
    outer loop
      vertex 114.015 8.23682 0
      vertex 114.131 53.8686 0
      vertex 114.131 8.13137 0
    endloop
  endfacet
  facet normal 0 0 -1
    outer loop
      vertex 114.015 8.23682 0
      vertex 114.015 53.7632 0
      vertex 114.131 53.8686 0
    endloop
  endfacet
  facet normal 0 0 -1
    outer loop
      vertex 113.889 8.33035 0
      vertex 114.015 53.7632 0
      vertex 114.015 8.23682 0
    endloop
  endfacet
  facet normal 0 0 -1
    outer loop
      vertex 113.889 8.33035 0
      vertex 113.889 53.6696 0
      vertex 114.015 53.7632 0
    endloop
  endfacet
  facet normal 0 0 -1
    outer loop
      vertex 113.754 8.41107 0
      vertex 113.889 53.6696 0
      vertex 113.889 8.33035 0
    endloop
  endfacet
  facet normal 0 0 -1
    outer loop
      vertex 113.754 8.41107 0
      vertex 113.754 53.5889 0
      vertex 113.889 53.6696 0
    endloop
  endfacet
  facet normal 0 0 -1
    outer loop
      vertex 113.612 8.47821 0
      vertex 113.754 53.5889 0
      vertex 113.754 8.41107 0
    endloop
  endfacet
  facet normal 0 0 -1
    outer loop
      vertex 113.612 8.47821 0
      vertex 113.612 53.5218 0
      vertex 113.754 53.5889 0
    endloop
  endfacet
  facet normal 0 0 -1
    outer loop
      vertex 113.464 8.5311 0
      vertex 113.612 53.5218 0
      vertex 113.612 8.47821 0
    endloop
  endfacet
  facet normal 0 0 -1
    outer loop
      vertex 113.464 8.5311 0
      vertex 113.464 53.4689 0
      vertex 113.612 53.5218 0
    endloop
  endfacet
  facet normal 0 0 -1
    outer loop
      vertex 113.312 8.56926 0
      vertex 113.464 53.4689 0
      vertex 113.464 8.5311 0
    endloop
  endfacet
  facet normal 0 0 -1
    outer loop
      vertex 113.312 8.56926 0
      vertex 113.312 53.4307 0
      vertex 113.464 53.4689 0
    endloop
  endfacet
  facet normal 0 0 -1
    outer loop
      vertex 95.1 31 0
      vertex 113.312 8.56926 0
      vertex 113.157 8.59229 0
    endloop
  endfacet
  facet normal 0 0 -1
    outer loop
      vertex 113.312 8.56926 0
      vertex 95.1 31 0
      vertex 113.312 53.4307 0
    endloop
  endfacet
  facet normal 0 0 -1
    outer loop
      vertex 95.0754 30.5001 0
      vertex 113.157 8.59229 0
      vertex 113 8.6 0
    endloop
  endfacet
  facet normal 0 0 -1
    outer loop
      vertex 113.312 53.4307 0
      vertex 95.1 31 0
      vertex 113.157 53.4077 0
    endloop
  endfacet
  facet normal 0 0 -1
    outer loop
      vertex 95.002 30.005 0
      vertex 113 8.6 0
      vertex 112.843 8.59229 0
    endloop
  endfacet
  facet normal 0 0 -1
    outer loop
      vertex 95.0754 31.4999 0
      vertex 113.157 53.4077 0
      vertex 95.1 31 0
    endloop
  endfacet
  facet normal 0 0 -1
    outer loop
      vertex 94.8804 29.5195 0
      vertex 112.843 8.59229 0
      vertex 112.688 8.56926 0
    endloop
  endfacet
  facet normal 0 0 -1
    outer loop
      vertex 113.157 53.4077 0
      vertex 95.0754 31.4999 0
      vertex 113 53.4 0
    endloop
  endfacet
  facet normal 0 0 -1
    outer loop
      vertex 94.7118 29.0483 0
      vertex 112.688 8.56926 0
      vertex 112.536 8.5311 0
    endloop
  endfacet
  facet normal 0 0 -1
    outer loop
      vertex 95.002 31.995 0
      vertex 113 53.4 0
      vertex 95.0754 31.4999 0
    endloop
  endfacet
  facet normal 0 0 -1
    outer loop
      vertex 94.4978 28.5959 0
      vertex 112.536 8.5311 0
      vertex 112.388 8.47821 0
    endloop
  endfacet
  facet normal -0 0 -1
    outer loop
      vertex 113 53.4 0
      vertex 95.002 31.995 0
      vertex 112.843 53.4077 0
    endloop
  endfacet
  facet normal 0 0 -1
    outer loop
      vertex 94.4978 28.5959 0
      vertex 112.388 8.47821 0
      vertex 112.246 8.41107 0
    endloop
  endfacet
  facet normal 0 0 -1
    outer loop
      vertex 94.8804 32.4805 0
      vertex 112.843 53.4077 0
      vertex 95.002 31.995 0
    endloop
  endfacet
  facet normal 0 0 -1
    outer loop
      vertex 94.2405 28.1666 0
      vertex 112.246 8.41107 0
      vertex 112.111 8.33035 0
    endloop
  endfacet
  facet normal -0 0 -1
    outer loop
      vertex 112.843 53.4077 0
      vertex 94.8804 32.4805 0
      vertex 112.688 53.4307 0
    endloop
  endfacet
  facet normal 0 0 -1
    outer loop
      vertex 93.9424 27.7646 0
      vertex 112.111 8.33035 0
      vertex 111.985 8.23682 0
    endloop
  endfacet
  facet normal 0 0 -1
    outer loop
      vertex 94.7118 32.9517 0
      vertex 112.688 53.4307 0
      vertex 94.8804 32.4805 0
    endloop
  endfacet
  facet normal 0 0 -1
    outer loop
      vertex 93.6062 27.3938 0
      vertex 111.985 8.23682 0
      vertex 111.869 8.13137 0
    endloop
  endfacet
  facet normal -0 0 -1
    outer loop
      vertex 112.688 53.4307 0
      vertex 94.7118 32.9517 0
      vertex 112.536 53.4689 0
    endloop
  endfacet
  facet normal 0 0 -1
    outer loop
      vertex 93.2354 27.0576 0
      vertex 111.869 8.13137 0
      vertex 111.763 8.01503 0
    endloop
  endfacet
  facet normal 0 0 -1
    outer loop
      vertex 94.4978 33.4041 0
      vertex 112.536 53.4689 0
      vertex 94.7118 32.9517 0
    endloop
  endfacet
  facet normal 0 0 -1
    outer loop
      vertex 92.8334 26.7595 0
      vertex 111.763 8.01503 0
      vertex 111.67 7.88891 0
    endloop
  endfacet
  facet normal -0 0 -1
    outer loop
      vertex 112.536 53.4689 0
      vertex 94.4978 33.4041 0
      vertex 112.388 53.5218 0
    endloop
  endfacet
  facet normal 0 0 -1
    outer loop
      vertex 92.8334 26.7595 0
      vertex 111.67 7.88891 0
      vertex 111.589 7.75423 0
    endloop
  endfacet
  facet normal -0 0 -1
    outer loop
      vertex 112.388 53.5218 0
      vertex 94.4978 33.4041 0
      vertex 112.246 53.5889 0
    endloop
  endfacet
  facet normal 0 0 -1
    outer loop
      vertex 92.4041 26.5022 0
      vertex 111.589 7.75423 0
      vertex 111.522 7.61229 0
    endloop
  endfacet
  facet normal 0 0 -1
    outer loop
      vertex 94.2405 33.8334 0
      vertex 112.246 53.5889 0
      vertex 94.4978 33.4041 0
    endloop
  endfacet
  facet normal 0 0 -1
    outer loop
      vertex 91.9517 26.2882 0
      vertex 111.522 7.61229 0
      vertex 111.469 7.46445 0
    endloop
  endfacet
  facet normal -0 0 -1
    outer loop
      vertex 112.246 53.5889 0
      vertex 94.2405 33.8334 0
      vertex 112.111 53.6696 0
    endloop
  endfacet
  facet normal 0 0 -1
    outer loop
      vertex 91.4805 26.1196 0
      vertex 111.469 7.46445 0
      vertex 111.431 7.31214 0
    endloop
  endfacet
  facet normal 0 0 -1
    outer loop
      vertex 93.9424 34.2354 0
      vertex 112.111 53.6696 0
      vertex 94.2405 33.8334 0
    endloop
  endfacet
  facet normal 0 0 -1
    outer loop
      vertex 90.995 25.998 0
      vertex 111.431 7.31214 0
      vertex 111.408 7.15683 0
    endloop
  endfacet
  facet normal -0 0 -1
    outer loop
      vertex 112.111 53.6696 0
      vertex 93.9424 34.2354 0
      vertex 111.985 53.7632 0
    endloop
  endfacet
  facet normal 0 0 -1
    outer loop
      vertex 90.995 25.998 0
      vertex 111.408 7.15683 0
      vertex 111.4 7 0
    endloop
  endfacet
  facet normal 0 0 -1
    outer loop
      vertex 93.6062 34.6062 0
      vertex 111.985 53.7632 0
      vertex 93.9424 34.2354 0
    endloop
  endfacet
  facet normal 0 0 -1
    outer loop
      vertex 114.237 5.98497 0
      vertex 120 4 0
      vertex 119.981 3.60793 0
    endloop
  endfacet
  facet normal 0 0 -1
    outer loop
      vertex 114.592 7.15683 0
      vertex 120 4 0
      vertex 114.6 7 0
    endloop
  endfacet
  facet normal 0 0 -1
    outer loop
      vertex 114.237 5.98497 0
      vertex 119.981 3.60793 0
      vertex 119.923 3.21964 0
    endloop
  endfacet
  facet normal 0 0 -1
    outer loop
      vertex 114.569 7.31214 0
      vertex 120 4 0
      vertex 114.592 7.15683 0
    endloop
  endfacet
  facet normal 0 0 -1
    outer loop
      vertex 114.237 5.98497 0
      vertex 119.923 3.21964 0
      vertex 119.828 2.83885 0
    endloop
  endfacet
  facet normal 0 0 -1
    outer loop
      vertex 114.592 55.1568 0
      vertex 120 58 0
      vertex 114.6 55 0
    endloop
  endfacet
  facet normal 0 0 -1
    outer loop
      vertex 114.237 5.98497 0
      vertex 119.828 2.83885 0
      vertex 119.696 2.46925 0
    endloop
  endfacet
  facet normal 0 0 -1
    outer loop
      vertex 114.569 55.3121 0
      vertex 120 58 0
      vertex 114.592 55.1568 0
    endloop
  endfacet
  facet normal 0 0 -1
    outer loop
      vertex 114.237 5.98497 0
      vertex 119.696 2.46925 0
      vertex 119.528 2.11441 0
    endloop
  endfacet
  facet normal 0 0 -1
    outer loop
      vertex 114.531 55.4645 0
      vertex 120 58 0
      vertex 114.569 55.3121 0
    endloop
  endfacet
  facet normal 0 0 -1
    outer loop
      vertex 114.131 5.86863 0
      vertex 119.528 2.11441 0
      vertex 119.326 1.77771 0
    endloop
  endfacet
  facet normal 0 0 -1
    outer loop
      vertex 114.478 55.6123 0
      vertex 120 58 0
      vertex 114.531 55.4645 0
    endloop
  endfacet
  facet normal 0 0 -1
    outer loop
      vertex 114.131 5.86863 0
      vertex 119.326 1.77771 0
      vertex 119.092 1.46242 0
    endloop
  endfacet
  facet normal 0 0 -1
    outer loop
      vertex 114.411 55.7542 0
      vertex 120 58 0
      vertex 114.478 55.6123 0
    endloop
  endfacet
  facet normal 0 0 -1
    outer loop
      vertex 114.131 5.86863 0
      vertex 119.092 1.46242 0
      vertex 118.828 1.17157 0
    endloop
  endfacet
  facet normal 0 0 -1
    outer loop
      vertex 114.33 55.8889 0
      vertex 120 58 0
      vertex 114.411 55.7542 0
    endloop
  endfacet
  facet normal 0 0 -1
    outer loop
      vertex 114.131 5.86863 0
      vertex 118.828 1.17157 0
      vertex 118.538 0.907944 0
    endloop
  endfacet
  facet normal 0 0 -1
    outer loop
      vertex 114.237 56.015 0
      vertex 120 58 0
      vertex 114.33 55.8889 0
    endloop
  endfacet
  facet normal 0 0 -1
    outer loop
      vertex 114.131 5.86863 0
      vertex 118.538 0.907944 0
      vertex 118.222 0.674118 0
    endloop
  endfacet
  facet normal -0 0 -1
    outer loop
      vertex 120 58 0
      vertex 114.237 56.015 0
      vertex 119.981 58.3921 0
    endloop
  endfacet
  facet normal 0 0 -1
    outer loop
      vertex 114.131 5.86863 0
      vertex 118.222 0.674118 0
      vertex 117.886 0.472305 0
    endloop
  endfacet
  facet normal -0 0 -1
    outer loop
      vertex 119.981 58.3921 0
      vertex 114.237 56.015 0
      vertex 119.923 58.7803 0
    endloop
  endfacet
  facet normal 0 0 -1
    outer loop
      vertex 114.131 5.86863 0
      vertex 117.886 0.472305 0
      vertex 117.531 0.304474 0
    endloop
  endfacet
  facet normal -0 0 -1
    outer loop
      vertex 119.923 58.7803 0
      vertex 114.237 56.015 0
      vertex 119.828 59.1611 0
    endloop
  endfacet
  facet normal 0 0 -1
    outer loop
      vertex 114.015 5.76318 0
      vertex 117.531 0.304474 0
      vertex 117.161 0.172226 0
    endloop
  endfacet
  facet normal -0 0 -1
    outer loop
      vertex 119.828 59.1611 0
      vertex 114.237 56.015 0
      vertex 119.696 59.5307 0
    endloop
  endfacet
  facet normal 0 0 -1
    outer loop
      vertex 114.015 5.76318 0
      vertex 117.161 0.172226 0
      vertex 116.78 0.0768585 0
    endloop
  endfacet
  facet normal -0 0 -1
    outer loop
      vertex 119.696 59.5307 0
      vertex 114.237 56.015 0
      vertex 119.528 59.8856 0
    endloop
  endfacet
  facet normal 0 0 -1
    outer loop
      vertex 114.015 5.76318 0
      vertex 116.78 0.0768585 0
      vertex 116.392 0.0192566 0
    endloop
  endfacet
  facet normal 0 0 -1
    outer loop
      vertex 114.131 56.1314 0
      vertex 119.528 59.8856 0
      vertex 114.237 56.015 0
    endloop
  endfacet
  facet normal 0 0 -1
    outer loop
      vertex 114.015 5.76318 0
      vertex 116.392 0.0192566 0
      vertex 116 0 0
    endloop
  endfacet
  facet normal -0 0 -1
    outer loop
      vertex 119.528 59.8856 0
      vertex 114.131 56.1314 0
      vertex 119.326 60.2223 0
    endloop
  endfacet
  facet normal -0 0 -1
    outer loop
      vertex 119.326 60.2223 0
      vertex 114.131 56.1314 0
      vertex 119.092 60.5376 0
    endloop
  endfacet
  facet normal 0 0 -1
    outer loop
      vertex 120 4 0
      vertex 114.592 6.84317 0
      vertex 114.6 7 0
    endloop
  endfacet
  facet normal 0 0 -1
    outer loop
      vertex 120 4 0
      vertex 114.569 6.68785 0
      vertex 114.592 6.84317 0
    endloop
  endfacet
  facet normal 0 0 -1
    outer loop
      vertex 120 4 0
      vertex 114.531 6.53554 0
      vertex 114.569 6.68785 0
    endloop
  endfacet
  facet normal 0 0 -1
    outer loop
      vertex 120 4 0
      vertex 114.478 6.38771 0
      vertex 114.531 6.53554 0
    endloop
  endfacet
  facet normal 0 0 -1
    outer loop
      vertex 120 4 0
      vertex 114.411 6.24576 0
      vertex 114.478 6.38771 0
    endloop
  endfacet
  facet normal 0 0 -1
    outer loop
      vertex 120 4 0
      vertex 114.33 6.11109 0
      vertex 114.411 6.24576 0
    endloop
  endfacet
  facet normal 0 0 -1
    outer loop
      vertex 120 4 0
      vertex 114.237 5.98497 0
      vertex 114.33 6.11109 0
    endloop
  endfacet
  facet normal 0 0 -1
    outer loop
      vertex 119.528 2.11441 0
      vertex 114.131 5.86863 0
      vertex 114.237 5.98497 0
    endloop
  endfacet
  facet normal 0 0 -1
    outer loop
      vertex 117.531 0.304474 0
      vertex 114.015 5.76318 0
      vertex 114.131 5.86863 0
    endloop
  endfacet
  facet normal 0 0 -1
    outer loop
      vertex 116 0 0
      vertex 113.889 5.66965 0
      vertex 114.015 5.76318 0
    endloop
  endfacet
  facet normal 0 0 -1
    outer loop
      vertex 116 0 0
      vertex 113.754 5.58893 0
      vertex 113.889 5.66965 0
    endloop
  endfacet
  facet normal 0 0 -1
    outer loop
      vertex 116 0 0
      vertex 113.612 5.52179 0
      vertex 113.754 5.58893 0
    endloop
  endfacet
  facet normal 0 0 -1
    outer loop
      vertex 116 0 0
      vertex 113.464 5.46889 0
      vertex 113.612 5.52179 0
    endloop
  endfacet
  facet normal 0 0 -1
    outer loop
      vertex 116 0 0
      vertex 113.312 5.43074 0
      vertex 113.464 5.46889 0
    endloop
  endfacet
  facet normal 0 0 -1
    outer loop
      vertex 116 0 0
      vertex 113.157 5.4077 0
      vertex 113.312 5.43074 0
    endloop
  endfacet
  facet normal 0 0 -1
    outer loop
      vertex 116 0 0
      vertex 113 5.4 0
      vertex 113.157 5.4077 0
    endloop
  endfacet
  facet normal 0 0 -1
    outer loop
      vertex 116 0 0
      vertex 112.843 5.4077 0
      vertex 113 5.4 0
    endloop
  endfacet
  facet normal 0 0 -1
    outer loop
      vertex 116 0 0
      vertex 112.688 5.43074 0
      vertex 112.843 5.4077 0
    endloop
  endfacet
  facet normal 0 0 -1
    outer loop
      vertex 116 0 0
      vertex 112.536 5.46889 0
      vertex 112.688 5.43074 0
    endloop
  endfacet
  facet normal 0 0 -1
    outer loop
      vertex 116 0 0
      vertex 112.388 5.52179 0
      vertex 112.536 5.46889 0
    endloop
  endfacet
  facet normal 0 0 -1
    outer loop
      vertex 116 0 0
      vertex 112.246 5.58893 0
      vertex 112.388 5.52179 0
    endloop
  endfacet
  facet normal 0 0 -1
    outer loop
      vertex 116 0 0
      vertex 112.111 5.66965 0
      vertex 112.246 5.58893 0
    endloop
  endfacet
  facet normal 0 0 -1
    outer loop
      vertex 116 0 0
      vertex 111.985 5.76318 0
      vertex 112.111 5.66965 0
    endloop
  endfacet
  facet normal 0 0 -1
    outer loop
      vertex 116 0 0
      vertex 111.869 5.86863 0
      vertex 111.985 5.76318 0
    endloop
  endfacet
  facet normal 0 0 -1
    outer loop
      vertex 116 0 0
      vertex 111.763 5.98497 0
      vertex 111.869 5.86863 0
    endloop
  endfacet
  facet normal 0 0 -1
    outer loop
      vertex 8.23682 5.98497 0
      vertex 111.763 5.98497 0
      vertex 116 0 0
    endloop
  endfacet
  facet normal -0 0 -1
    outer loop
      vertex 111.985 53.7632 0
      vertex 93.6062 34.6062 0
      vertex 111.869 53.8686 0
    endloop
  endfacet
  facet normal 0 0 -1
    outer loop
      vertex 90.4999 25.9246 0
      vertex 111.4 7 0
      vertex 111.408 6.84317 0
    endloop
  endfacet
  facet normal 0 0 -1
    outer loop
      vertex 90 25.9 0
      vertex 111.408 6.84317 0
      vertex 111.431 6.68785 0
    endloop
  endfacet
  facet normal 0 0 -1
    outer loop
      vertex 89.5001 25.9246 0
      vertex 111.431 6.68785 0
      vertex 111.469 6.53554 0
    endloop
  endfacet
  facet normal 0 0 -1
    outer loop
      vertex 89.005 25.998 0
      vertex 111.469 6.53554 0
      vertex 111.522 6.38771 0
    endloop
  endfacet
  facet normal 0 0 -1
    outer loop
      vertex 88.5195 26.1196 0
      vertex 111.522 6.38771 0
      vertex 111.589 6.24576 0
    endloop
  endfacet
  facet normal 0 0 -1
    outer loop
      vertex 88.0483 26.2882 0
      vertex 111.589 6.24576 0
      vertex 111.67 6.11109 0
    endloop
  endfacet
  facet normal 0 0 -1
    outer loop
      vertex 113.157 8.59229 0
      vertex 95.0754 30.5001 0
      vertex 95.1 31 0
    endloop
  endfacet
  facet normal 0 0 -1
    outer loop
      vertex 113 8.6 0
      vertex 95.002 30.005 0
      vertex 95.0754 30.5001 0
    endloop
  endfacet
  facet normal 0 0 -1
    outer loop
      vertex 112.843 8.59229 0
      vertex 94.8804 29.5195 0
      vertex 95.002 30.005 0
    endloop
  endfacet
  facet normal 0 0 -1
    outer loop
      vertex 111.763 5.98497 0
      vertex 8.23682 5.98497 0
      vertex 111.67 6.11109 0
    endloop
  endfacet
  facet normal 0 0 -1
    outer loop
      vertex 112.688 8.56926 0
      vertex 94.7118 29.0483 0
      vertex 94.8804 29.5195 0
    endloop
  endfacet
  facet normal 0 0 -1
    outer loop
      vertex 112.536 8.5311 0
      vertex 94.4978 28.5959 0
      vertex 94.7118 29.0483 0
    endloop
  endfacet
  facet normal 0 0 -1
    outer loop
      vertex 112.246 8.41107 0
      vertex 94.2405 28.1666 0
      vertex 94.4978 28.5959 0
    endloop
  endfacet
  facet normal 0 0 -1
    outer loop
      vertex 112.111 8.33035 0
      vertex 93.9424 27.7646 0
      vertex 94.2405 28.1666 0
    endloop
  endfacet
  facet normal 0 0 -1
    outer loop
      vertex 111.985 8.23682 0
      vertex 93.6062 27.3938 0
      vertex 93.9424 27.7646 0
    endloop
  endfacet
  facet normal 0 0 -1
    outer loop
      vertex 111.869 8.13137 0
      vertex 93.2354 27.0576 0
      vertex 93.6062 27.3938 0
    endloop
  endfacet
  facet normal 0 0 -1
    outer loop
      vertex 111.763 8.01503 0
      vertex 92.8334 26.7595 0
      vertex 93.2354 27.0576 0
    endloop
  endfacet
  facet normal 0 0 -1
    outer loop
      vertex 111.589 7.75423 0
      vertex 92.4041 26.5022 0
      vertex 92.8334 26.7595 0
    endloop
  endfacet
  facet normal 0 0 -1
    outer loop
      vertex 111.522 7.61229 0
      vertex 91.9517 26.2882 0
      vertex 92.4041 26.5022 0
    endloop
  endfacet
  facet normal 0 0 -1
    outer loop
      vertex 111.469 7.46445 0
      vertex 91.4805 26.1196 0
      vertex 91.9517 26.2882 0
    endloop
  endfacet
  facet normal 0 0 -1
    outer loop
      vertex 111.431 7.31214 0
      vertex 90.995 25.998 0
      vertex 91.4805 26.1196 0
    endloop
  endfacet
  facet normal 0 0 -1
    outer loop
      vertex 111.4 7 0
      vertex 90.4999 25.9246 0
      vertex 90.995 25.998 0
    endloop
  endfacet
  facet normal 0 0 -1
    outer loop
      vertex 111.408 6.84317 0
      vertex 90 25.9 0
      vertex 90.4999 25.9246 0
    endloop
  endfacet
  facet normal 0 0 -1
    outer loop
      vertex 111.431 6.68785 0
      vertex 89.5001 25.9246 0
      vertex 90 25.9 0
    endloop
  endfacet
  facet normal 0 0 -1
    outer loop
      vertex 111.469 6.53554 0
      vertex 89.005 25.998 0
      vertex 89.5001 25.9246 0
    endloop
  endfacet
  facet normal 0 0 -1
    outer loop
      vertex 111.522 6.38771 0
      vertex 88.5195 26.1196 0
      vertex 89.005 25.998 0
    endloop
  endfacet
  facet normal 0 0 -1
    outer loop
      vertex 111.589 6.24576 0
      vertex 88.0483 26.2882 0
      vertex 88.5195 26.1196 0
    endloop
  endfacet
  facet normal 0 0 -1
    outer loop
      vertex 111.67 6.11109 0
      vertex 87.5959 26.5022 0
      vertex 88.0483 26.2882 0
    endloop
  endfacet
  facet normal 0 0 -1
    outer loop
      vertex 111.67 6.11109 0
      vertex 8.33035 6.11109 0
      vertex 87.5959 26.5022 0
    endloop
  endfacet
  facet normal 0 -0 -1
    outer loop
      vertex 8.41107 6.24576 0
      vertex 87.5959 26.5022 0
      vertex 8.33035 6.11109 0
    endloop
  endfacet
  facet normal -0 0 -1
    outer loop
      vertex 87.5959 26.5022 0
      vertex 8.41107 6.24576 0
      vertex 87.1666 26.7595 0
    endloop
  endfacet
  facet normal 0 0 -1
    outer loop
      vertex 8.5311 7.46445 0
      vertex 85.1196 29.5195 0
      vertex 8.56926 7.31214 0
    endloop
  endfacet
  facet normal -0 0 -1
    outer loop
      vertex 85.2882 29.0483 0
      vertex 8.56926 7.31214 0
      vertex 85.1196 29.5195 0
    endloop
  endfacet
  facet normal 0 0 -1
    outer loop
      vertex 8.56926 7.31214 0
      vertex 85.2882 29.0483 0
      vertex 8.59229 7.15683 0
    endloop
  endfacet
  facet normal -0 0 -1
    outer loop
      vertex 85.5022 28.5959 0
      vertex 8.59229 7.15683 0
      vertex 85.2882 29.0483 0
    endloop
  endfacet
  facet normal 0 0 -1
    outer loop
      vertex 8.59229 7.15683 0
      vertex 85.5022 28.5959 0
      vertex 8.6 7 0
    endloop
  endfacet
  facet normal -0 0 -1
    outer loop
      vertex 85.7595 28.1666 0
      vertex 8.6 7 0
      vertex 85.5022 28.5959 0
    endloop
  endfacet
  facet normal 0 0 -1
    outer loop
      vertex 8.59229 6.84317 0
      vertex 85.7595 28.1666 0
      vertex 86.0576 27.7646 0
    endloop
  endfacet
  facet normal 0 0 -1
    outer loop
      vertex 8.56926 6.68785 0
      vertex 86.0576 27.7646 0
      vertex 86.3938 27.3938 0
    endloop
  endfacet
  facet normal 0 -0 -1
    outer loop
      vertex 8.47821 6.38771 0
      vertex 87.1666 26.7595 0
      vertex 8.41107 6.24576 0
    endloop
  endfacet
  facet normal 0 0 -1
    outer loop
      vertex 85.7595 28.1666 0
      vertex 8.59229 6.84317 0
      vertex 8.6 7 0
    endloop
  endfacet
  facet normal 0 0 -1
    outer loop
      vertex 86.0576 27.7646 0
      vertex 8.56926 6.68785 0
      vertex 8.59229 6.84317 0
    endloop
  endfacet
  facet normal 0 0 -1
    outer loop
      vertex 86.3938 27.3938 0
      vertex 8.5311 6.53554 0
      vertex 8.56926 6.68785 0
    endloop
  endfacet
  facet normal -0 0 -1
    outer loop
      vertex 86.7646 27.0576 0
      vertex 8.5311 6.53554 0
      vertex 86.3938 27.3938 0
    endloop
  endfacet
  facet normal 0 -0 -1
    outer loop
      vertex 8.5311 6.53554 0
      vertex 86.7646 27.0576 0
      vertex 8.47821 6.38771 0
    endloop
  endfacet
  facet normal -0 0 -1
    outer loop
      vertex 87.1666 26.7595 0
      vertex 8.47821 6.38771 0
      vertex 86.7646 27.0576 0
    endloop
  endfacet
  facet normal -0 0 -1
    outer loop
      vertex 111.67 6.11109 0
      vertex 8.23682 5.98497 0
      vertex 8.33035 6.11109 0
    endloop
  endfacet
  facet normal 0 0 -1
    outer loop
      vertex 4 0 0
      vertex 8.23682 5.98497 0
      vertex 116 0 0
    endloop
  endfacet
  facet normal 0 0 -1
    outer loop
      vertex 8.23682 5.98497 0
      vertex 4 0 0
      vertex 8.13137 5.86863 0
    endloop
  endfacet
  facet normal 0 0 -1
    outer loop
      vertex 8.13137 5.86863 0
      vertex 4 0 0
      vertex 8.01503 5.76318 0
    endloop
  endfacet
  facet normal 0 0 -1
    outer loop
      vertex 8.01503 5.76318 0
      vertex 4 0 0
      vertex 7.88891 5.66965 0
    endloop
  endfacet
  facet normal 0 0 -1
    outer loop
      vertex 7.88891 5.66965 0
      vertex 4 0 0
      vertex 7.75423 5.58893 0
    endloop
  endfacet
  facet normal 0 0 -1
    outer loop
      vertex 7.75423 5.58893 0
      vertex 4 0 0
      vertex 7.61229 5.52179 0
    endloop
  endfacet
  facet normal 0 0 -1
    outer loop
      vertex 7.61229 5.52179 0
      vertex 4 0 0
      vertex 7.46445 5.46889 0
    endloop
  endfacet
  facet normal 0 0 -1
    outer loop
      vertex 7.46445 5.46889 0
      vertex 4 0 0
      vertex 7.31214 5.43074 0
    endloop
  endfacet
  facet normal 0 0 -1
    outer loop
      vertex 7.31214 5.43074 0
      vertex 4 0 0
      vertex 7.15683 5.4077 0
    endloop
  endfacet
  facet normal 0 0 -1
    outer loop
      vertex 7.15683 5.4077 0
      vertex 4 0 0
      vertex 7 5.4 0
    endloop
  endfacet
  facet normal 0 0 -1
    outer loop
      vertex 0.907944 1.46242 0
      vertex 5.86863 5.86863 0
      vertex 1.17157 1.17157 0
    endloop
  endfacet
  facet normal 0 0 -1
    outer loop
      vertex 1.17157 1.17157 0
      vertex 5.86863 5.86863 0
      vertex 1.46242 0.907944 0
    endloop
  endfacet
  facet normal 0 0 -1
    outer loop
      vertex 1.46242 0.907944 0
      vertex 5.86863 5.86863 0
      vertex 1.77771 0.674118 0
    endloop
  endfacet
  facet normal 0 0 -1
    outer loop
      vertex 1.77771 0.674118 0
      vertex 5.86863 5.86863 0
      vertex 2.11441 0.472305 0
    endloop
  endfacet
  facet normal 0 0 -1
    outer loop
      vertex 2.11441 0.472305 0
      vertex 5.86863 5.86863 0
      vertex 2.46925 0.304474 0
    endloop
  endfacet
  facet normal -0 0 -1
    outer loop
      vertex 5.98497 5.76318 0
      vertex 2.46925 0.304474 0
      vertex 5.86863 5.86863 0
    endloop
  endfacet
  facet normal 0 0 -1
    outer loop
      vertex 2.46925 0.304474 0
      vertex 5.98497 5.76318 0
      vertex 2.83885 0.172226 0
    endloop
  endfacet
  facet normal 0 0 -1
    outer loop
      vertex 2.83885 0.172226 0
      vertex 5.98497 5.76318 0
      vertex 3.21964 0.0768585 0
    endloop
  endfacet
  facet normal 0 0 -1
    outer loop
      vertex 3.21964 0.0768585 0
      vertex 5.98497 5.76318 0
      vertex 3.60793 0.0192566 0
    endloop
  endfacet
  facet normal 0 0 -1
    outer loop
      vertex 3.60793 0.0192566 0
      vertex 5.98497 5.76318 0
      vertex 4 0 0
    endloop
  endfacet
  facet normal -0 0 -1
    outer loop
      vertex 6.11109 5.66965 0
      vertex 4 0 0
      vertex 5.98497 5.76318 0
    endloop
  endfacet
  facet normal -0 0 -1
    outer loop
      vertex 6.24576 5.58893 0
      vertex 4 0 0
      vertex 6.11109 5.66965 0
    endloop
  endfacet
  facet normal -0 0 -1
    outer loop
      vertex 6.38771 5.52179 0
      vertex 4 0 0
      vertex 6.24576 5.58893 0
    endloop
  endfacet
  facet normal -0 0 -1
    outer loop
      vertex 6.53554 5.46889 0
      vertex 4 0 0
      vertex 6.38771 5.52179 0
    endloop
  endfacet
  facet normal -0 0 -1
    outer loop
      vertex 6.68785 5.43074 0
      vertex 4 0 0
      vertex 6.53554 5.46889 0
    endloop
  endfacet
  facet normal -0 0 -1
    outer loop
      vertex 6.84317 5.4077 0
      vertex 4 0 0
      vertex 6.68785 5.43074 0
    endloop
  endfacet
  facet normal -0 0 -1
    outer loop
      vertex 7 5.4 0
      vertex 4 0 0
      vertex 6.84317 5.4077 0
    endloop
  endfacet
  facet normal -0 0 -1
    outer loop
      vertex 119.092 60.5376 0
      vertex 114.131 56.1314 0
      vertex 118.828 60.8284 0
    endloop
  endfacet
  facet normal -0 0 -1
    outer loop
      vertex 118.828 60.8284 0
      vertex 114.131 56.1314 0
      vertex 118.538 61.092 0
    endloop
  endfacet
  facet normal -0 0 -1
    outer loop
      vertex 118.538 61.092 0
      vertex 114.131 56.1314 0
      vertex 118.222 61.3259 0
    endloop
  endfacet
  facet normal -0 0 -1
    outer loop
      vertex 118.222 61.3259 0
      vertex 114.131 56.1314 0
      vertex 117.886 61.5277 0
    endloop
  endfacet
  facet normal -0 0 -1
    outer loop
      vertex 117.886 61.5277 0
      vertex 114.131 56.1314 0
      vertex 117.531 61.6955 0
    endloop
  endfacet
  facet normal 0 0 -1
    outer loop
      vertex 114.015 56.2368 0
      vertex 117.531 61.6955 0
      vertex 114.131 56.1314 0
    endloop
  endfacet
  facet normal -0 0 -1
    outer loop
      vertex 117.531 61.6955 0
      vertex 114.015 56.2368 0
      vertex 117.161 61.8278 0
    endloop
  endfacet
  facet normal -0 0 -1
    outer loop
      vertex 117.161 61.8278 0
      vertex 114.015 56.2368 0
      vertex 116.78 61.9231 0
    endloop
  endfacet
  facet normal -0 0 -1
    outer loop
      vertex 116.78 61.9231 0
      vertex 114.015 56.2368 0
      vertex 116.392 61.9807 0
    endloop
  endfacet
  facet normal -0 0 -1
    outer loop
      vertex 116.392 61.9807 0
      vertex 114.015 56.2368 0
      vertex 116 62 0
    endloop
  endfacet
  facet normal 0 0 -1
    outer loop
      vertex 113.889 56.3304 0
      vertex 116 62 0
      vertex 114.015 56.2368 0
    endloop
  endfacet
  facet normal 0 0 -1
    outer loop
      vertex 113.754 56.4111 0
      vertex 116 62 0
      vertex 113.889 56.3304 0
    endloop
  endfacet
  facet normal 0 0 -1
    outer loop
      vertex 113.612 56.4782 0
      vertex 116 62 0
      vertex 113.754 56.4111 0
    endloop
  endfacet
  facet normal 0 0 -1
    outer loop
      vertex 113.464 56.5311 0
      vertex 116 62 0
      vertex 113.612 56.4782 0
    endloop
  endfacet
  facet normal 0 0 -1
    outer loop
      vertex 113.312 56.5693 0
      vertex 116 62 0
      vertex 113.464 56.5311 0
    endloop
  endfacet
  facet normal 0 0 -1
    outer loop
      vertex 113.157 56.5923 0
      vertex 116 62 0
      vertex 113.312 56.5693 0
    endloop
  endfacet
  facet normal 0 0 -1
    outer loop
      vertex 113 56.6 0
      vertex 116 62 0
      vertex 113.157 56.5923 0
    endloop
  endfacet
  facet normal 0 0 -1
    outer loop
      vertex 112.843 56.5923 0
      vertex 116 62 0
      vertex 113 56.6 0
    endloop
  endfacet
  facet normal 0 0 -1
    outer loop
      vertex 112.688 56.5693 0
      vertex 116 62 0
      vertex 112.843 56.5923 0
    endloop
  endfacet
  facet normal 0 0 -1
    outer loop
      vertex 112.536 56.5311 0
      vertex 116 62 0
      vertex 112.688 56.5693 0
    endloop
  endfacet
  facet normal 0 0 -1
    outer loop
      vertex 112.388 56.4782 0
      vertex 116 62 0
      vertex 112.536 56.5311 0
    endloop
  endfacet
  facet normal 0 0 -1
    outer loop
      vertex 112.246 56.4111 0
      vertex 116 62 0
      vertex 112.388 56.4782 0
    endloop
  endfacet
  facet normal 0 0 -1
    outer loop
      vertex 112.111 56.3304 0
      vertex 116 62 0
      vertex 112.246 56.4111 0
    endloop
  endfacet
  facet normal 0 0 -1
    outer loop
      vertex 111.985 56.2368 0
      vertex 116 62 0
      vertex 112.111 56.3304 0
    endloop
  endfacet
  facet normal 0 0 -1
    outer loop
      vertex 111.869 56.1314 0
      vertex 116 62 0
      vertex 111.985 56.2368 0
    endloop
  endfacet
  facet normal 0 0 -1
    outer loop
      vertex 111.763 56.015 0
      vertex 116 62 0
      vertex 111.869 56.1314 0
    endloop
  endfacet
  facet normal 0 0 -1
    outer loop
      vertex 8.23682 56.015 0
      vertex 111.763 56.015 0
      vertex 111.67 55.8889 0
    endloop
  endfacet
  facet normal 0 0 -1
    outer loop
      vertex 93.2354 34.9424 0
      vertex 111.869 53.8686 0
      vertex 93.6062 34.6062 0
    endloop
  endfacet
  facet normal -0 0 -1
    outer loop
      vertex 111.869 53.8686 0
      vertex 93.2354 34.9424 0
      vertex 111.763 53.985 0
    endloop
  endfacet
  facet normal 0 0 -1
    outer loop
      vertex 92.8334 35.2405 0
      vertex 111.763 53.985 0
      vertex 93.2354 34.9424 0
    endloop
  endfacet
  facet normal -0 0 -1
    outer loop
      vertex 111.763 53.985 0
      vertex 92.8334 35.2405 0
      vertex 111.67 54.1111 0
    endloop
  endfacet
  facet normal -0 0 -1
    outer loop
      vertex 111.67 54.1111 0
      vertex 92.8334 35.2405 0
      vertex 111.589 54.2458 0
    endloop
  endfacet
  facet normal 0 0 -1
    outer loop
      vertex 92.4041 35.4978 0
      vertex 111.589 54.2458 0
      vertex 92.8334 35.2405 0
    endloop
  endfacet
  facet normal -0 0 -1
    outer loop
      vertex 111.589 54.2458 0
      vertex 92.4041 35.4978 0
      vertex 111.522 54.3877 0
    endloop
  endfacet
  facet normal 0 0 -1
    outer loop
      vertex 91.9517 35.7118 0
      vertex 111.522 54.3877 0
      vertex 92.4041 35.4978 0
    endloop
  endfacet
  facet normal -0 0 -1
    outer loop
      vertex 111.522 54.3877 0
      vertex 91.9517 35.7118 0
      vertex 111.469 54.5355 0
    endloop
  endfacet
  facet normal 0 0 -1
    outer loop
      vertex 91.4805 35.8804 0
      vertex 111.469 54.5355 0
      vertex 91.9517 35.7118 0
    endloop
  endfacet
  facet normal -0 0 -1
    outer loop
      vertex 111.469 54.5355 0
      vertex 91.4805 35.8804 0
      vertex 111.431 54.6879 0
    endloop
  endfacet
  facet normal 0 0 -1
    outer loop
      vertex 90.995 36.002 0
      vertex 111.431 54.6879 0
      vertex 91.4805 35.8804 0
    endloop
  endfacet
  facet normal -0 0 -1
    outer loop
      vertex 111.431 54.6879 0
      vertex 90.995 36.002 0
      vertex 111.408 54.8432 0
    endloop
  endfacet
  facet normal -0 0 -1
    outer loop
      vertex 111.408 54.8432 0
      vertex 90.995 36.002 0
      vertex 111.4 55 0
    endloop
  endfacet
  facet normal 0 0 -1
    outer loop
      vertex 90.4999 36.0754 0
      vertex 111.4 55 0
      vertex 90.995 36.002 0
    endloop
  endfacet
  facet normal -0 0 -1
    outer loop
      vertex 111.4 55 0
      vertex 90.4999 36.0754 0
      vertex 111.408 55.1568 0
    endloop
  endfacet
  facet normal 0 0 -1
    outer loop
      vertex 90 36.1 0
      vertex 111.408 55.1568 0
      vertex 90.4999 36.0754 0
    endloop
  endfacet
  facet normal -0 0 -1
    outer loop
      vertex 111.408 55.1568 0
      vertex 90 36.1 0
      vertex 111.431 55.3121 0
    endloop
  endfacet
  facet normal 0 0 -1
    outer loop
      vertex 89.5001 36.0754 0
      vertex 111.431 55.3121 0
      vertex 90 36.1 0
    endloop
  endfacet
  facet normal -0 0 -1
    outer loop
      vertex 111.431 55.3121 0
      vertex 89.5001 36.0754 0
      vertex 111.469 55.4645 0
    endloop
  endfacet
  facet normal 0 0 -1
    outer loop
      vertex 89.005 36.002 0
      vertex 111.469 55.4645 0
      vertex 89.5001 36.0754 0
    endloop
  endfacet
  facet normal -0 0 -1
    outer loop
      vertex 111.469 55.4645 0
      vertex 89.005 36.002 0
      vertex 111.522 55.6123 0
    endloop
  endfacet
  facet normal 0 0 -1
    outer loop
      vertex 88.5195 35.8804 0
      vertex 111.522 55.6123 0
      vertex 89.005 36.002 0
    endloop
  endfacet
  facet normal -0 0 -1
    outer loop
      vertex 111.522 55.6123 0
      vertex 88.5195 35.8804 0
      vertex 111.589 55.7542 0
    endloop
  endfacet
  facet normal 0 0 -1
    outer loop
      vertex 88.0483 35.7118 0
      vertex 111.589 55.7542 0
      vertex 88.5195 35.8804 0
    endloop
  endfacet
  facet normal -0 0 -1
    outer loop
      vertex 111.589 55.7542 0
      vertex 88.0483 35.7118 0
      vertex 111.67 55.8889 0
    endloop
  endfacet
  facet normal 0 0 -1
    outer loop
      vertex 87.5959 35.4978 0
      vertex 111.67 55.8889 0
      vertex 88.0483 35.7118 0
    endloop
  endfacet
  facet normal 0 0 -1
    outer loop
      vertex 8.33035 55.8889 0
      vertex 111.67 55.8889 0
      vertex 87.5959 35.4978 0
    endloop
  endfacet
  facet normal 0 0 -1
    outer loop
      vertex 8.41107 55.7542 0
      vertex 87.5959 35.4978 0
      vertex 87.1666 35.2405 0
    endloop
  endfacet
  facet normal 0 0 -1
    outer loop
      vertex 8.47821 55.6123 0
      vertex 87.1666 35.2405 0
      vertex 86.7646 34.9424 0
    endloop
  endfacet
  facet normal 0 0 -1
    outer loop
      vertex 8.5311 55.4645 0
      vertex 86.7646 34.9424 0
      vertex 86.3938 34.6062 0
    endloop
  endfacet
  facet normal -0 0 -1
    outer loop
      vertex 85.1196 29.5195 0
      vertex 8.5311 7.46445 0
      vertex 84.998 30.005 0
    endloop
  endfacet
  facet normal 0 0 -1
    outer loop
      vertex 84.9 31 0
      vertex 8.6 55 0
      vertex 84.9246 31.4999 0
    endloop
  endfacet
  facet normal 0 0 -1
    outer loop
      vertex 84.9246 31.4999 0
      vertex 8.6 55 0
      vertex 84.998 31.995 0
    endloop
  endfacet
  facet normal 0 0 -1
    outer loop
      vertex 84.998 31.995 0
      vertex 8.6 55 0
      vertex 85.1196 32.4805 0
    endloop
  endfacet
  facet normal 0 0 -1
    outer loop
      vertex 85.1196 32.4805 0
      vertex 8.6 55 0
      vertex 85.2882 32.9517 0
    endloop
  endfacet
  facet normal 0 0 -1
    outer loop
      vertex 85.2882 32.9517 0
      vertex 8.6 55 0
      vertex 85.5022 33.4041 0
    endloop
  endfacet
  facet normal 0 0 -1
    outer loop
      vertex 85.5022 33.4041 0
      vertex 8.6 55 0
      vertex 85.7595 33.8334 0
    endloop
  endfacet
  facet normal 0 0 -1
    outer loop
      vertex 8.59229 55.1568 0
      vertex 85.7595 33.8334 0
      vertex 8.6 55 0
    endloop
  endfacet
  facet normal 0 0 -1
    outer loop
      vertex 85.7595 33.8334 0
      vertex 8.59229 55.1568 0
      vertex 86.0576 34.2354 0
    endloop
  endfacet
  facet normal 0 0 -1
    outer loop
      vertex 8.56926 55.3121 0
      vertex 86.0576 34.2354 0
      vertex 8.59229 55.1568 0
    endloop
  endfacet
  facet normal 0 0 -1
    outer loop
      vertex 86.0576 34.2354 0
      vertex 8.56926 55.3121 0
      vertex 86.3938 34.6062 0
    endloop
  endfacet
  facet normal 0 0 -1
    outer loop
      vertex 8.5311 55.4645 0
      vertex 86.3938 34.6062 0
      vertex 8.56926 55.3121 0
    endloop
  endfacet
  facet normal 0 0 -1
    outer loop
      vertex 86.7646 34.9424 0
      vertex 8.5311 55.4645 0
      vertex 8.47821 55.6123 0
    endloop
  endfacet
  facet normal 0 0 -1
    outer loop
      vertex 87.1666 35.2405 0
      vertex 8.47821 55.6123 0
      vertex 8.41107 55.7542 0
    endloop
  endfacet
  facet normal 0 0 -1
    outer loop
      vertex 87.5959 35.4978 0
      vertex 8.41107 55.7542 0
      vertex 8.33035 55.8889 0
    endloop
  endfacet
  facet normal 0 0 -1
    outer loop
      vertex 8.23682 56.015 0
      vertex 111.67 55.8889 0
      vertex 8.33035 55.8889 0
    endloop
  endfacet
  facet normal 0 0 -1
    outer loop
      vertex 111.763 56.015 0
      vertex 8.23682 56.015 0
      vertex 116 62 0
    endloop
  endfacet
  facet normal 0 0 -1
    outer loop
      vertex 4 62 0
      vertex 8.23682 56.015 0
      vertex 8.13137 56.1314 0
    endloop
  endfacet
  facet normal 0 0 -1
    outer loop
      vertex 4 62 0
      vertex 8.13137 56.1314 0
      vertex 8.01503 56.2368 0
    endloop
  endfacet
  facet normal 0 0 -1
    outer loop
      vertex 4 62 0
      vertex 8.01503 56.2368 0
      vertex 7.88891 56.3304 0
    endloop
  endfacet
  facet normal 0 0 -1
    outer loop
      vertex 4 62 0
      vertex 7.88891 56.3304 0
      vertex 7.75423 56.4111 0
    endloop
  endfacet
  facet normal 0 0 -1
    outer loop
      vertex 4 62 0
      vertex 7.75423 56.4111 0
      vertex 7.61229 56.4782 0
    endloop
  endfacet
  facet normal 0 0 -1
    outer loop
      vertex 4 62 0
      vertex 7.61229 56.4782 0
      vertex 7.46445 56.5311 0
    endloop
  endfacet
  facet normal 0 0 -1
    outer loop
      vertex 4 62 0
      vertex 7.46445 56.5311 0
      vertex 7.31214 56.5693 0
    endloop
  endfacet
  facet normal 0 0 -1
    outer loop
      vertex 4 62 0
      vertex 7.31214 56.5693 0
      vertex 7.15683 56.5923 0
    endloop
  endfacet
  facet normal 0 0 -1
    outer loop
      vertex 4 62 0
      vertex 7.15683 56.5923 0
      vertex 7 56.6 0
    endloop
  endfacet
  facet normal 0 0 -1
    outer loop
      vertex 4 62 0
      vertex 7 56.6 0
      vertex 6.84317 56.5923 0
    endloop
  endfacet
  facet normal 0 0 -1
    outer loop
      vertex 8.23682 56.015 0
      vertex 4 62 0
      vertex 116 62 0
    endloop
  endfacet
  facet normal 0 0 -1
    outer loop
      vertex 6.68785 56.5693 0
      vertex 4 62 0
      vertex 6.84317 56.5923 0
    endloop
  endfacet
  facet normal 0 0 -1
    outer loop
      vertex 6.53554 56.5311 0
      vertex 4 62 0
      vertex 6.68785 56.5693 0
    endloop
  endfacet
  facet normal 0 0 -1
    outer loop
      vertex 6.38771 56.4782 0
      vertex 4 62 0
      vertex 6.53554 56.5311 0
    endloop
  endfacet
  facet normal 0 0 -1
    outer loop
      vertex 6.24576 56.4111 0
      vertex 4 62 0
      vertex 6.38771 56.4782 0
    endloop
  endfacet
  facet normal 0 0 -1
    outer loop
      vertex 6.11109 56.3304 0
      vertex 4 62 0
      vertex 6.24576 56.4111 0
    endloop
  endfacet
  facet normal 0 0 -1
    outer loop
      vertex 5.98497 56.2368 0
      vertex 4 62 0
      vertex 6.11109 56.3304 0
    endloop
  endfacet
  facet normal 0 0 -1
    outer loop
      vertex 2.46925 61.6955 0
      vertex 5.98497 56.2368 0
      vertex 5.86863 56.1314 0
    endloop
  endfacet
  facet normal 0 0 -1
    outer loop
      vertex 0.472305 59.8856 0
      vertex 5.86863 56.1314 0
      vertex 5.76318 56.015 0
    endloop
  endfacet
  facet normal 0 0 -1
    outer loop
      vertex 0 58 0
      vertex 5.76318 56.015 0
      vertex 5.66965 55.8889 0
    endloop
  endfacet
  facet normal 0 0 -1
    outer loop
      vertex 0 58 0
      vertex 5.66965 55.8889 0
      vertex 5.58893 55.7542 0
    endloop
  endfacet
  facet normal 0 0 -1
    outer loop
      vertex 0 58 0
      vertex 5.58893 55.7542 0
      vertex 5.52179 55.6123 0
    endloop
  endfacet
  facet normal 0 0 -1
    outer loop
      vertex 0 58 0
      vertex 5.52179 55.6123 0
      vertex 5.46889 55.4645 0
    endloop
  endfacet
  facet normal 0 0 -1
    outer loop
      vertex 0 58 0
      vertex 5.46889 55.4645 0
      vertex 5.43074 55.3121 0
    endloop
  endfacet
  facet normal 0 0 -1
    outer loop
      vertex 0 58 0
      vertex 5.43074 55.3121 0
      vertex 5.4077 55.1568 0
    endloop
  endfacet
  facet normal 0 0 -1
    outer loop
      vertex 0 58 0
      vertex 5.4077 55.1568 0
      vertex 5.4 55 0
    endloop
  endfacet
  facet normal 0 0 -1
    outer loop
      vertex 5.43074 54.6879 0
      vertex 0 58 0
      vertex 5.4077 54.8432 0
    endloop
  endfacet
  facet normal 0 0 -1
    outer loop
      vertex 0.674118 1.77771 0
      vertex 5.86863 5.86863 0
      vertex 0.907944 1.46242 0
    endloop
  endfacet
  facet normal 0 0 -1
    outer loop
      vertex 5.4077 54.8432 0
      vertex 0 58 0
      vertex 5.4 55 0
    endloop
  endfacet
  facet normal 0 0 -1
    outer loop
      vertex 0.472305 2.11441 0
      vertex 5.86863 5.86863 0
      vertex 0.674118 1.77771 0
    endloop
  endfacet
  facet normal 0 0 -1
    outer loop
      vertex 5.76318 56.015 0
      vertex 0 58 0
      vertex 0.0192566 58.3921 0
    endloop
  endfacet
  facet normal -0 0 -1
    outer loop
      vertex 5.86863 5.86863 0
      vertex 0.472305 2.11441 0
      vertex 5.76318 5.98497 0
    endloop
  endfacet
  facet normal 0 0 -1
    outer loop
      vertex 5.98497 56.2368 0
      vertex 3.60793 61.9807 0
      vertex 4 62 0
    endloop
  endfacet
  facet normal 0 0 -1
    outer loop
      vertex 0.304474 2.46925 0
      vertex 5.76318 5.98497 0
      vertex 0.472305 2.11441 0
    endloop
  endfacet
  facet normal 0 0 -1
    outer loop
      vertex 5.98497 56.2368 0
      vertex 3.21964 61.9231 0
      vertex 3.60793 61.9807 0
    endloop
  endfacet
  facet normal 0 0 -1
    outer loop
      vertex 0.172226 2.83885 0
      vertex 5.76318 5.98497 0
      vertex 0.304474 2.46925 0
    endloop
  endfacet
  facet normal 0 0 -1
    outer loop
      vertex 5.98497 56.2368 0
      vertex 2.83885 61.8278 0
      vertex 3.21964 61.9231 0
    endloop
  endfacet
  facet normal 0 0 -1
    outer loop
      vertex 0.0768585 3.21964 0
      vertex 5.76318 5.98497 0
      vertex 0.172226 2.83885 0
    endloop
  endfacet
  facet normal 0 0 -1
    outer loop
      vertex 5.98497 56.2368 0
      vertex 2.46925 61.6955 0
      vertex 2.83885 61.8278 0
    endloop
  endfacet
  facet normal 0 0 -1
    outer loop
      vertex 0.0192566 3.60793 0
      vertex 5.76318 5.98497 0
      vertex 0.0768585 3.21964 0
    endloop
  endfacet
  facet normal 0 0 -1
    outer loop
      vertex 5.86863 56.1314 0
      vertex 2.11441 61.5277 0
      vertex 2.46925 61.6955 0
    endloop
  endfacet
  facet normal 0 0 -1
    outer loop
      vertex 0 4 0
      vertex 5.76318 5.98497 0
      vertex 0.0192566 3.60793 0
    endloop
  endfacet
  facet normal 0 0 -1
    outer loop
      vertex 5.86863 56.1314 0
      vertex 1.77771 61.3259 0
      vertex 2.11441 61.5277 0
    endloop
  endfacet
  facet normal -0 0 -1
    outer loop
      vertex 5.76318 5.98497 0
      vertex 0 4 0
      vertex 5.66965 6.11109 0
    endloop
  endfacet
  facet normal 0 0 -1
    outer loop
      vertex 5.86863 56.1314 0
      vertex 1.46242 61.092 0
      vertex 1.77771 61.3259 0
    endloop
  endfacet
  facet normal -0 0 -1
    outer loop
      vertex 5.66965 6.11109 0
      vertex 0 4 0
      vertex 5.58893 6.24576 0
    endloop
  endfacet
  facet normal 0 0 -1
    outer loop
      vertex 5.86863 56.1314 0
      vertex 1.17157 60.8284 0
      vertex 1.46242 61.092 0
    endloop
  endfacet
  facet normal -0 0 -1
    outer loop
      vertex 5.58893 6.24576 0
      vertex 0 4 0
      vertex 5.52179 6.38771 0
    endloop
  endfacet
  facet normal 0 0 -1
    outer loop
      vertex 5.86863 56.1314 0
      vertex 0.907944 60.5376 0
      vertex 1.17157 60.8284 0
    endloop
  endfacet
  facet normal -0 0 -1
    outer loop
      vertex 5.52179 6.38771 0
      vertex 0 4 0
      vertex 5.46889 6.53554 0
    endloop
  endfacet
  facet normal 0 0 -1
    outer loop
      vertex 5.86863 56.1314 0
      vertex 0.674118 60.2223 0
      vertex 0.907944 60.5376 0
    endloop
  endfacet
  facet normal -0 0 -1
    outer loop
      vertex 5.46889 6.53554 0
      vertex 0 4 0
      vertex 5.43074 6.68785 0
    endloop
  endfacet
  facet normal 0 0 -1
    outer loop
      vertex 5.86863 56.1314 0
      vertex 0.472305 59.8856 0
      vertex 0.674118 60.2223 0
    endloop
  endfacet
  facet normal -0 0 -1
    outer loop
      vertex 5.43074 6.68785 0
      vertex 0 4 0
      vertex 5.4077 6.84317 0
    endloop
  endfacet
  facet normal 0 0 -1
    outer loop
      vertex 5.76318 56.015 0
      vertex 0.304474 59.5307 0
      vertex 0.472305 59.8856 0
    endloop
  endfacet
  facet normal -0 0 -1
    outer loop
      vertex 5.4077 6.84317 0
      vertex 0 4 0
      vertex 5.4 7 0
    endloop
  endfacet
  facet normal 0 0 -1
    outer loop
      vertex 5.76318 56.015 0
      vertex 0.172226 59.1611 0
      vertex 0.304474 59.5307 0
    endloop
  endfacet
  facet normal 0 0 -1
    outer loop
      vertex 5.76318 56.015 0
      vertex 0.0768585 58.7803 0
      vertex 0.172226 59.1611 0
    endloop
  endfacet
  facet normal 0 0 -1
    outer loop
      vertex 5.76318 56.015 0
      vertex 0.0192566 58.3921 0
      vertex 0.0768585 58.7803 0
    endloop
  endfacet
  facet normal -0.989175 -0.146742 0
    outer loop
      vertex 0.0768585 3.21964 0
      vertex 0.0192566 3.60793 3.2
      vertex 0.0192566 3.60793 0
    endloop
  endfacet
  facet normal -0.989175 -0.146742 0
    outer loop
      vertex 0.0192566 3.60793 3.2
      vertex 0.0768585 3.21964 0
      vertex 0.0768585 3.21964 3.2
    endloop
  endfacet
  facet normal -1 0 0
    outer loop
      vertex 0 4 0
      vertex 0 58 3.2
      vertex 0 58 0
    endloop
  endfacet
  facet normal -1 -0 0
    outer loop
      vertex 0 58 3.2
      vertex 0 4 0
      vertex 0 4 3.2
    endloop
  endfacet
  facet normal 0.998828 0.0484002 0
    outer loop
      vertex 120 58 3.2
      vertex 119.981 58.3921 0
      vertex 119.981 58.3921 3.2
    endloop
  endfacet
  facet normal 0.998828 0.0484002 0
    outer loop
      vertex 119.981 58.3921 0
      vertex 120 58 3.2
      vertex 120 58 0
    endloop
  endfacet
  facet normal -0.998796 -0.0490561 0
    outer loop
      vertex 0.0192566 3.60793 0
      vertex 0 4 3.2
      vertex 0 4 0
    endloop
  endfacet
  facet normal -0.998796 -0.0490561 0
    outer loop
      vertex 0 4 3.2
      vertex 0.0192566 3.60793 0
      vertex 0.0192566 3.60793 3.2
    endloop
  endfacet
  facet normal -0.337014 0.9415 0
    outer loop
      vertex 2.83885 61.8278 0
      vertex 2.46925 61.6955 3.2
      vertex 2.83885 61.8278 3.2
    endloop
  endfacet
  facet normal -0.337014 0.9415 0
    outer loop
      vertex 2.46925 61.6955 3.2
      vertex 2.83885 61.8278 0
      vertex 2.46925 61.6955 0
    endloop
  endfacet
  facet normal 0 0 1
    outer loop
      vertex 111.092 52.5376 3.2
      vertex 112.111 53.6696 3.2
      vertex 111.985 53.7632 3.2
    endloop
  endfacet
  facet normal 0 0 1
    outer loop
      vertex 112.111 53.6696 3.2
      vertex 111.981 50.3921 3.2
      vertex 112 50 3.2
    endloop
  endfacet
  facet normal 0 0 1
    outer loop
      vertex 112.111 53.6696 3.2
      vertex 111.923 50.7803 3.2
      vertex 111.981 50.3921 3.2
    endloop
  endfacet
  facet normal 0 0 1
    outer loop
      vertex 110.828 52.8284 3.2
      vertex 111.985 53.7632 3.2
      vertex 111.869 53.8686 3.2
    endloop
  endfacet
  facet normal 0 0 1
    outer loop
      vertex 112.111 53.6696 3.2
      vertex 111.828 51.1611 3.2
      vertex 111.923 50.7803 3.2
    endloop
  endfacet
  facet normal 0 0 1
    outer loop
      vertex 110.828 52.8284 3.2
      vertex 111.869 53.8686 3.2
      vertex 111.763 53.985 3.2
    endloop
  endfacet
  facet normal 0 0 1
    outer loop
      vertex 112.111 53.6696 3.2
      vertex 111.696 51.5307 3.2
      vertex 111.828 51.1611 3.2
    endloop
  endfacet
  facet normal 0 0 1
    outer loop
      vertex 110.538 53.092 3.2
      vertex 111.763 53.985 3.2
      vertex 111.67 54.1111 3.2
    endloop
  endfacet
  facet normal 0 0 1
    outer loop
      vertex 110.538 53.092 3.2
      vertex 111.67 54.1111 3.2
      vertex 111.589 54.2458 3.2
    endloop
  endfacet
  facet normal 0 0 1
    outer loop
      vertex 112.111 53.6696 3.2
      vertex 111.528 51.8856 3.2
      vertex 111.696 51.5307 3.2
    endloop
  endfacet
  facet normal 0 0 1
    outer loop
      vertex 110.222 53.3259 3.2
      vertex 111.589 54.2458 3.2
      vertex 111.522 54.3877 3.2
    endloop
  endfacet
  facet normal 0 0 1
    outer loop
      vertex 110.222 53.3259 3.2
      vertex 111.522 54.3877 3.2
      vertex 111.469 54.5355 3.2
    endloop
  endfacet
  facet normal 0 0 1
    outer loop
      vertex 109.886 53.5277 3.2
      vertex 111.469 54.5355 3.2
      vertex 111.431 54.6879 3.2
    endloop
  endfacet
  facet normal 0 0 1
    outer loop
      vertex 109.886 53.5277 3.2
      vertex 111.431 54.6879 3.2
      vertex 111.408 54.8432 3.2
    endloop
  endfacet
  facet normal 0 0 1
    outer loop
      vertex 109.531 53.6955 3.2
      vertex 111.408 54.8432 3.2
      vertex 111.4 55 3.2
    endloop
  endfacet
  facet normal 0 0 1
    outer loop
      vertex 112.111 53.6696 3.2
      vertex 111.326 52.2223 3.2
      vertex 111.528 51.8856 3.2
    endloop
  endfacet
  facet normal 0 0 1
    outer loop
      vertex 120 58 3.2
      vertex 114.592 55.1568 3.2
      vertex 114.6 55 3.2
    endloop
  endfacet
  facet normal 0 0 1
    outer loop
      vertex 116.392 61.9807 3.2
      vertex 114.569 55.3121 3.2
      vertex 114.592 55.1568 3.2
    endloop
  endfacet
  facet normal 0 0 1
    outer loop
      vertex 116.392 61.9807 3.2
      vertex 114.531 55.4645 3.2
      vertex 114.569 55.3121 3.2
    endloop
  endfacet
  facet normal 0 0 1
    outer loop
      vertex 116.392 61.9807 3.2
      vertex 114.478 55.6123 3.2
      vertex 114.531 55.4645 3.2
    endloop
  endfacet
  facet normal 0 0 1
    outer loop
      vertex 116.392 61.9807 3.2
      vertex 114.411 55.7542 3.2
      vertex 114.478 55.6123 3.2
    endloop
  endfacet
  facet normal 0 0 1
    outer loop
      vertex 116.392 61.9807 3.2
      vertex 114.33 55.8889 3.2
      vertex 114.411 55.7542 3.2
    endloop
  endfacet
  facet normal 0 0 1
    outer loop
      vertex 116.392 61.9807 3.2
      vertex 114.237 56.015 3.2
      vertex 114.33 55.8889 3.2
    endloop
  endfacet
  facet normal 0 0 1
    outer loop
      vertex 116.392 61.9807 3.2
      vertex 114.131 56.1314 3.2
      vertex 114.237 56.015 3.2
    endloop
  endfacet
  facet normal 0 0 1
    outer loop
      vertex 116.392 61.9807 3.2
      vertex 114.015 56.2368 3.2
      vertex 114.131 56.1314 3.2
    endloop
  endfacet
  facet normal 0 0 1
    outer loop
      vertex 116 62 3.2
      vertex 113.889 56.3304 3.2
      vertex 114.015 56.2368 3.2
    endloop
  endfacet
  facet normal 0 0 1
    outer loop
      vertex 116 62 3.2
      vertex 113.754 56.4111 3.2
      vertex 113.889 56.3304 3.2
    endloop
  endfacet
  facet normal 0 0 1
    outer loop
      vertex 116 62 3.2
      vertex 113.612 56.4782 3.2
      vertex 113.754 56.4111 3.2
    endloop
  endfacet
  facet normal 0 0 1
    outer loop
      vertex 116 62 3.2
      vertex 113.464 56.5311 3.2
      vertex 113.612 56.4782 3.2
    endloop
  endfacet
  facet normal 0 0 1
    outer loop
      vertex 116 62 3.2
      vertex 113.312 56.5693 3.2
      vertex 113.464 56.5311 3.2
    endloop
  endfacet
  facet normal 0 0 1
    outer loop
      vertex 116 62 3.2
      vertex 113.157 56.5923 3.2
      vertex 113.312 56.5693 3.2
    endloop
  endfacet
  facet normal 0 0 1
    outer loop
      vertex 116 62 3.2
      vertex 113 56.6 3.2
      vertex 113.157 56.5923 3.2
    endloop
  endfacet
  facet normal 0 0 1
    outer loop
      vertex 116 62 3.2
      vertex 112.843 56.5923 3.2
      vertex 113 56.6 3.2
    endloop
  endfacet
  facet normal 0 0 1
    outer loop
      vertex 116 62 3.2
      vertex 112.688 56.5693 3.2
      vertex 112.843 56.5923 3.2
    endloop
  endfacet
  facet normal 0 0 1
    outer loop
      vertex 116 62 3.2
      vertex 112.536 56.5311 3.2
      vertex 112.688 56.5693 3.2
    endloop
  endfacet
  facet normal 0 0 1
    outer loop
      vertex 116 62 3.2
      vertex 112.388 56.4782 3.2
      vertex 112.536 56.5311 3.2
    endloop
  endfacet
  facet normal 0 0 1
    outer loop
      vertex 116 62 3.2
      vertex 112.246 56.4111 3.2
      vertex 112.388 56.4782 3.2
    endloop
  endfacet
  facet normal 0 0 1
    outer loop
      vertex 116 62 3.2
      vertex 112.111 56.3304 3.2
      vertex 112.246 56.4111 3.2
    endloop
  endfacet
  facet normal 0 0 1
    outer loop
      vertex 116 62 3.2
      vertex 111.985 56.2368 3.2
      vertex 112.111 56.3304 3.2
    endloop
  endfacet
  facet normal 0 0 1
    outer loop
      vertex 108 54 3.2
      vertex 111.985 56.2368 3.2
      vertex 116 62 3.2
    endloop
  endfacet
  facet normal 0 0 1
    outer loop
      vertex 111.985 56.2368 3.2
      vertex 108 54 3.2
      vertex 111.869 56.1314 3.2
    endloop
  endfacet
  facet normal 0 0 1
    outer loop
      vertex 111.869 56.1314 3.2
      vertex 108 54 3.2
      vertex 111.763 56.015 3.2
    endloop
  endfacet
  facet normal 0 0 1
    outer loop
      vertex 112.111 53.6696 3.2
      vertex 111.092 52.5376 3.2
      vertex 111.326 52.2223 3.2
    endloop
  endfacet
  facet normal 0 0 1
    outer loop
      vertex 109.531 53.6955 3.2
      vertex 111.4 55 3.2
      vertex 111.408 55.1568 3.2
    endloop
  endfacet
  facet normal 0 0 1
    outer loop
      vertex 111.985 53.7632 3.2
      vertex 110.828 52.8284 3.2
      vertex 111.092 52.5376 3.2
    endloop
  endfacet
  facet normal 0 0 1
    outer loop
      vertex 109.161 53.8278 3.2
      vertex 111.408 55.1568 3.2
      vertex 111.431 55.3121 3.2
    endloop
  endfacet
  facet normal 0 0 1
    outer loop
      vertex 111.763 53.985 3.2
      vertex 110.538 53.092 3.2
      vertex 110.828 52.8284 3.2
    endloop
  endfacet
  facet normal 0 0 1
    outer loop
      vertex 108.78 53.9231 3.2
      vertex 111.431 55.3121 3.2
      vertex 111.469 55.4645 3.2
    endloop
  endfacet
  facet normal 0 0 1
    outer loop
      vertex 108.78 53.9231 3.2
      vertex 111.469 55.4645 3.2
      vertex 111.522 55.6123 3.2
    endloop
  endfacet
  facet normal 0 0 1
    outer loop
      vertex 111.589 54.2458 3.2
      vertex 110.222 53.3259 3.2
      vertex 110.538 53.092 3.2
    endloop
  endfacet
  facet normal 0 0 1
    outer loop
      vertex 108.392 53.9807 3.2
      vertex 111.522 55.6123 3.2
      vertex 111.589 55.7542 3.2
    endloop
  endfacet
  facet normal 0 0 1
    outer loop
      vertex 111.469 54.5355 3.2
      vertex 109.886 53.5277 3.2
      vertex 110.222 53.3259 3.2
    endloop
  endfacet
  facet normal 0 0 1
    outer loop
      vertex 108.392 53.9807 3.2
      vertex 111.589 55.7542 3.2
      vertex 111.67 55.8889 3.2
    endloop
  endfacet
  facet normal 0 0 1
    outer loop
      vertex 111.763 56.015 3.2
      vertex 108 54 3.2
      vertex 111.67 55.8889 3.2
    endloop
  endfacet
  facet normal 0 0 1
    outer loop
      vertex 111.408 54.8432 3.2
      vertex 109.531 53.6955 3.2
      vertex 109.886 53.5277 3.2
    endloop
  endfacet
  facet normal 0 0 1
    outer loop
      vertex 111.408 55.1568 3.2
      vertex 109.161 53.8278 3.2
      vertex 109.531 53.6955 3.2
    endloop
  endfacet
  facet normal 0 0 1
    outer loop
      vertex 111.431 55.3121 3.2
      vertex 108.78 53.9231 3.2
      vertex 109.161 53.8278 3.2
    endloop
  endfacet
  facet normal 0 0 1
    outer loop
      vertex 111.522 55.6123 3.2
      vertex 108.392 53.9807 3.2
      vertex 108.78 53.9231 3.2
    endloop
  endfacet
  facet normal 0 0 1
    outer loop
      vertex 111.67 55.8889 3.2
      vertex 108 54 3.2
      vertex 108.392 53.9807 3.2
    endloop
  endfacet
  facet normal 0 0 1
    outer loop
      vertex 116 62 3.2
      vertex 12 54 3.2
      vertex 108 54 3.2
    endloop
  endfacet
  facet normal -0 0 1
    outer loop
      vertex 4 62 3.2
      vertex 12 54 3.2
      vertex 116 62 3.2
    endloop
  endfacet
  facet normal -0 0 1
    outer loop
      vertex 8.47821 54.3877 3.2
      vertex 9.77771 53.3259 3.2
      vertex 8.5311 54.5355 3.2
    endloop
  endfacet
  facet normal 0 0 1
    outer loop
      vertex 10.1144 53.5277 3.2
      vertex 8.5311 54.5355 3.2
      vertex 9.77771 53.3259 3.2
    endloop
  endfacet
  facet normal -0 0 1
    outer loop
      vertex 8.5311 54.5355 3.2
      vertex 10.1144 53.5277 3.2
      vertex 8.56926 54.6879 3.2
    endloop
  endfacet
  facet normal -0 0 1
    outer loop
      vertex 8.56926 54.6879 3.2
      vertex 10.1144 53.5277 3.2
      vertex 8.59229 54.8432 3.2
    endloop
  endfacet
  facet normal 0 0 1
    outer loop
      vertex 10.4693 53.6955 3.2
      vertex 8.59229 54.8432 3.2
      vertex 10.1144 53.5277 3.2
    endloop
  endfacet
  facet normal -0 0 1
    outer loop
      vertex 8.59229 54.8432 3.2
      vertex 10.4693 53.6955 3.2
      vertex 8.6 55 3.2
    endloop
  endfacet
  facet normal 0 0 1
    outer loop
      vertex 8.59229 55.1568 3.2
      vertex 10.4693 53.6955 3.2
      vertex 10.8389 53.8278 3.2
    endloop
  endfacet
  facet normal 0 0 1
    outer loop
      vertex 8.56926 55.3121 3.2
      vertex 10.8389 53.8278 3.2
      vertex 11.2196 53.9231 3.2
    endloop
  endfacet
  facet normal 0 0 1
    outer loop
      vertex 8.47821 55.6123 3.2
      vertex 11.2196 53.9231 3.2
      vertex 11.6079 53.9807 3.2
    endloop
  endfacet
  facet normal -0 -0 1
    outer loop
      vertex 8.01503 56.2368 3.2
      vertex 12 54 3.2
      vertex 4 62 3.2
    endloop
  endfacet
  facet normal 0 0 1
    outer loop
      vertex 10.4693 53.6955 3.2
      vertex 8.59229 55.1568 3.2
      vertex 8.6 55 3.2
    endloop
  endfacet
  facet normal 0 0 1
    outer loop
      vertex 10.8389 53.8278 3.2
      vertex 8.56926 55.3121 3.2
      vertex 8.59229 55.1568 3.2
    endloop
  endfacet
  facet normal 0 0 1
    outer loop
      vertex 11.2196 53.9231 3.2
      vertex 8.5311 55.4645 3.2
      vertex 8.56926 55.3121 3.2
    endloop
  endfacet
  facet normal 0 0 1
    outer loop
      vertex 11.2196 53.9231 3.2
      vertex 8.47821 55.6123 3.2
      vertex 8.5311 55.4645 3.2
    endloop
  endfacet
  facet normal 0 0 1
    outer loop
      vertex 11.6079 53.9807 3.2
      vertex 8.41107 55.7542 3.2
      vertex 8.47821 55.6123 3.2
    endloop
  endfacet
  facet normal 0 0 1
    outer loop
      vertex 11.6079 53.9807 3.2
      vertex 8.33035 55.8889 3.2
      vertex 8.41107 55.7542 3.2
    endloop
  endfacet
  facet normal 0 0 1
    outer loop
      vertex 12 54 3.2
      vertex 8.33035 55.8889 3.2
      vertex 11.6079 53.9807 3.2
    endloop
  endfacet
  facet normal -0 -0 1
    outer loop
      vertex 8.13137 56.1314 3.2
      vertex 12 54 3.2
      vertex 8.01503 56.2368 3.2
    endloop
  endfacet
  facet normal -0 -0 1
    outer loop
      vertex 8.33035 55.8889 3.2
      vertex 12 54 3.2
      vertex 8.23682 56.015 3.2
    endloop
  endfacet
  facet normal -0 -0 1
    outer loop
      vertex 8.23682 56.015 3.2
      vertex 12 54 3.2
      vertex 8.13137 56.1314 3.2
    endloop
  endfacet
  facet normal 0 0 1
    outer loop
      vertex 8.01503 56.2368 3.2
      vertex 4 62 3.2
      vertex 7.88891 56.3304 3.2
    endloop
  endfacet
  facet normal 0 0 1
    outer loop
      vertex 7.88891 56.3304 3.2
      vertex 4 62 3.2
      vertex 7.75423 56.4111 3.2
    endloop
  endfacet
  facet normal 0 0 1
    outer loop
      vertex 7.75423 56.4111 3.2
      vertex 4 62 3.2
      vertex 7.61229 56.4782 3.2
    endloop
  endfacet
  facet normal 0 0 1
    outer loop
      vertex 7.61229 56.4782 3.2
      vertex 4 62 3.2
      vertex 7.46445 56.5311 3.2
    endloop
  endfacet
  facet normal 0 0 1
    outer loop
      vertex 7.46445 56.5311 3.2
      vertex 4 62 3.2
      vertex 7.31214 56.5693 3.2
    endloop
  endfacet
  facet normal 0 0 1
    outer loop
      vertex 7.31214 56.5693 3.2
      vertex 4 62 3.2
      vertex 7.15683 56.5923 3.2
    endloop
  endfacet
  facet normal 0 0 1
    outer loop
      vertex 7.15683 56.5923 3.2
      vertex 4 62 3.2
      vertex 7 56.6 3.2
    endloop
  endfacet
  facet normal 0 0 1
    outer loop
      vertex 5.46889 7.46445 3.2
      vertex 0 4 3.2
      vertex 5.43074 7.31214 3.2
    endloop
  endfacet
  facet normal 0 0 1
    outer loop
      vertex 5.43074 55.3121 3.2
      vertex 0 58 3.2
      vertex 5.4077 55.1568 3.2
    endloop
  endfacet
  facet normal 0 0 1
    outer loop
      vertex 5.46889 55.4645 3.2
      vertex 0 58 3.2
      vertex 5.43074 55.3121 3.2
    endloop
  endfacet
  facet normal 0 0 1
    outer loop
      vertex 5.52179 55.6123 3.2
      vertex 0 58 3.2
      vertex 5.46889 55.4645 3.2
    endloop
  endfacet
  facet normal 0 0 1
    outer loop
      vertex 5.58893 55.7542 3.2
      vertex 0 58 3.2
      vertex 5.52179 55.6123 3.2
    endloop
  endfacet
  facet normal 0 0 1
    outer loop
      vertex 5.66965 55.8889 3.2
      vertex 0 58 3.2
      vertex 5.58893 55.7542 3.2
    endloop
  endfacet
  facet normal 0 0 1
    outer loop
      vertex 5.76318 56.015 3.2
      vertex 0 58 3.2
      vertex 5.66965 55.8889 3.2
    endloop
  endfacet
  facet normal 0 0 1
    outer loop
      vertex 5.86863 56.1314 3.2
      vertex 0 58 3.2
      vertex 5.76318 56.015 3.2
    endloop
  endfacet
  facet normal -0 0 1
    outer loop
      vertex 0 58 3.2
      vertex 5.86863 56.1314 3.2
      vertex 4 62 3.2
    endloop
  endfacet
  facet normal 0 0 1
    outer loop
      vertex 5.98497 56.2368 3.2
      vertex 4 62 3.2
      vertex 5.86863 56.1314 3.2
    endloop
  endfacet
  facet normal 0 0 1
    outer loop
      vertex 6.11109 56.3304 3.2
      vertex 4 62 3.2
      vertex 5.98497 56.2368 3.2
    endloop
  endfacet
  facet normal 0 0 1
    outer loop
      vertex 6.24576 56.4111 3.2
      vertex 4 62 3.2
      vertex 6.11109 56.3304 3.2
    endloop
  endfacet
  facet normal 0 0 1
    outer loop
      vertex 6.38771 56.4782 3.2
      vertex 4 62 3.2
      vertex 6.24576 56.4111 3.2
    endloop
  endfacet
  facet normal 0 0 1
    outer loop
      vertex 6.53554 56.5311 3.2
      vertex 4 62 3.2
      vertex 6.38771 56.4782 3.2
    endloop
  endfacet
  facet normal 0 0 1
    outer loop
      vertex 6.68785 56.5693 3.2
      vertex 4 62 3.2
      vertex 6.53554 56.5311 3.2
    endloop
  endfacet
  facet normal 0 0 1
    outer loop
      vertex 6.84317 56.5923 3.2
      vertex 4 62 3.2
      vertex 6.68785 56.5693 3.2
    endloop
  endfacet
  facet normal 0 0 1
    outer loop
      vertex 7 56.6 3.2
      vertex 4 62 3.2
      vertex 6.84317 56.5923 3.2
    endloop
  endfacet
  facet normal 0 0 1
    outer loop
      vertex 114.592 55.1568 3.2
      vertex 120 58 3.2
      vertex 119.981 58.3921 3.2
    endloop
  endfacet
  facet normal 0 0 1
    outer loop
      vertex 114.592 55.1568 3.2
      vertex 119.981 58.3921 3.2
      vertex 119.923 58.7803 3.2
    endloop
  endfacet
  facet normal 0 0 1
    outer loop
      vertex 114.592 55.1568 3.2
      vertex 119.923 58.7803 3.2
      vertex 119.828 59.1611 3.2
    endloop
  endfacet
  facet normal 0 0 1
    outer loop
      vertex 114.592 55.1568 3.2
      vertex 119.828 59.1611 3.2
      vertex 119.696 59.5307 3.2
    endloop
  endfacet
  facet normal 0 0 1
    outer loop
      vertex 114.592 55.1568 3.2
      vertex 119.696 59.5307 3.2
      vertex 119.528 59.8856 3.2
    endloop
  endfacet
  facet normal 0 0 1
    outer loop
      vertex 114.592 55.1568 3.2
      vertex 119.528 59.8856 3.2
      vertex 119.326 60.2223 3.2
    endloop
  endfacet
  facet normal 0 0 1
    outer loop
      vertex 114.592 55.1568 3.2
      vertex 119.326 60.2223 3.2
      vertex 119.092 60.5376 3.2
    endloop
  endfacet
  facet normal 0 0 1
    outer loop
      vertex 114.592 55.1568 3.2
      vertex 119.092 60.5376 3.2
      vertex 118.828 60.8284 3.2
    endloop
  endfacet
  facet normal 0 0 1
    outer loop
      vertex 114.592 55.1568 3.2
      vertex 118.828 60.8284 3.2
      vertex 118.538 61.092 3.2
    endloop
  endfacet
  facet normal 0 0 1
    outer loop
      vertex 114.592 55.1568 3.2
      vertex 118.538 61.092 3.2
      vertex 118.222 61.3259 3.2
    endloop
  endfacet
  facet normal 0 0 1
    outer loop
      vertex 114.592 55.1568 3.2
      vertex 118.222 61.3259 3.2
      vertex 117.886 61.5277 3.2
    endloop
  endfacet
  facet normal 0 0 1
    outer loop
      vertex 114.592 55.1568 3.2
      vertex 117.886 61.5277 3.2
      vertex 117.531 61.6955 3.2
    endloop
  endfacet
  facet normal 0 0 1
    outer loop
      vertex 114.592 55.1568 3.2
      vertex 117.531 61.6955 3.2
      vertex 117.161 61.8278 3.2
    endloop
  endfacet
  facet normal 0 0 1
    outer loop
      vertex 114.592 55.1568 3.2
      vertex 117.161 61.8278 3.2
      vertex 116.78 61.9231 3.2
    endloop
  endfacet
  facet normal 0 0 1
    outer loop
      vertex 114.592 55.1568 3.2
      vertex 116.78 61.9231 3.2
      vertex 116.392 61.9807 3.2
    endloop
  endfacet
  facet normal 0 0 1
    outer loop
      vertex 114.015 56.2368 3.2
      vertex 116.392 61.9807 3.2
      vertex 116 62 3.2
    endloop
  endfacet
  facet normal 0 0 1
    outer loop
      vertex 120 58 3.2
      vertex 114.6 55 3.2
      vertex 114.592 54.8432 3.2
    endloop
  endfacet
  facet normal 0 0 1
    outer loop
      vertex 120 58 3.2
      vertex 114.592 54.8432 3.2
      vertex 114.569 54.6879 3.2
    endloop
  endfacet
  facet normal 0 0 1
    outer loop
      vertex 120 58 3.2
      vertex 114.569 54.6879 3.2
      vertex 114.531 54.5355 3.2
    endloop
  endfacet
  facet normal 0 0 1
    outer loop
      vertex 120 58 3.2
      vertex 114.531 54.5355 3.2
      vertex 114.478 54.3877 3.2
    endloop
  endfacet
  facet normal 0 0 1
    outer loop
      vertex 120 58 3.2
      vertex 114.478 54.3877 3.2
      vertex 114.411 54.2458 3.2
    endloop
  endfacet
  facet normal 0 0 1
    outer loop
      vertex 120 58 3.2
      vertex 114.411 54.2458 3.2
      vertex 114.33 54.1111 3.2
    endloop
  endfacet
  facet normal 0 0 1
    outer loop
      vertex 114.237 53.985 3.2
      vertex 120 58 3.2
      vertex 114.33 54.1111 3.2
    endloop
  endfacet
  facet normal 0 0 1
    outer loop
      vertex 120 58 3.2
      vertex 114.237 53.985 3.2
      vertex 120 35 3.2
    endloop
  endfacet
  facet normal 0 0 1
    outer loop
      vertex 112 50 3.2
      vertex 114.237 53.985 3.2
      vertex 114.131 53.8686 3.2
    endloop
  endfacet
  facet normal 0 0 1
    outer loop
      vertex 112 50 3.2
      vertex 114.131 53.8686 3.2
      vertex 114.015 53.7632 3.2
    endloop
  endfacet
  facet normal 0 0 1
    outer loop
      vertex 112 50 3.2
      vertex 114.015 53.7632 3.2
      vertex 113.889 53.6696 3.2
    endloop
  endfacet
  facet normal 0 0 1
    outer loop
      vertex 112 50 3.2
      vertex 113.889 53.6696 3.2
      vertex 113.754 53.5889 3.2
    endloop
  endfacet
  facet normal 0 0 1
    outer loop
      vertex 112 50 3.2
      vertex 113.754 53.5889 3.2
      vertex 113.612 53.5218 3.2
    endloop
  endfacet
  facet normal 0 0 1
    outer loop
      vertex 112 50 3.2
      vertex 113.612 53.5218 3.2
      vertex 113.464 53.4689 3.2
    endloop
  endfacet
  facet normal 0 0 1
    outer loop
      vertex 112 50 3.2
      vertex 113.464 53.4689 3.2
      vertex 113.312 53.4307 3.2
    endloop
  endfacet
  facet normal 0 0 1
    outer loop
      vertex 112 50 3.2
      vertex 113.312 53.4307 3.2
      vertex 113.157 53.4077 3.2
    endloop
  endfacet
  facet normal 0 0 1
    outer loop
      vertex 112 50 3.2
      vertex 113.157 53.4077 3.2
      vertex 113 53.4 3.2
    endloop
  endfacet
  facet normal 0 0 1
    outer loop
      vertex 112 50 3.2
      vertex 113 53.4 3.2
      vertex 112.843 53.4077 3.2
    endloop
  endfacet
  facet normal 0 0 1
    outer loop
      vertex 112 50 3.2
      vertex 112.843 53.4077 3.2
      vertex 112.688 53.4307 3.2
    endloop
  endfacet
  facet normal 0 0 1
    outer loop
      vertex 112 50 3.2
      vertex 112.688 53.4307 3.2
      vertex 112.536 53.4689 3.2
    endloop
  endfacet
  facet normal 0 0 1
    outer loop
      vertex 112 50 3.2
      vertex 112.536 53.4689 3.2
      vertex 112.388 53.5218 3.2
    endloop
  endfacet
  facet normal 0 0 1
    outer loop
      vertex 112 50 3.2
      vertex 112.388 53.5218 3.2
      vertex 112.246 53.5889 3.2
    endloop
  endfacet
  facet normal 0 0 1
    outer loop
      vertex 112 50 3.2
      vertex 112.246 53.5889 3.2
      vertex 112.111 53.6696 3.2
    endloop
  endfacet
  facet normal 0 0 1
    outer loop
      vertex 114.237 53.985 3.2
      vertex 112 50 3.2
      vertex 120 35 3.2
    endloop
  endfacet
  facet normal 0 0 1
    outer loop
      vertex 120 35 3.2
      vertex 112 50 3.2
      vertex 112 35 3.2
    endloop
  endfacet
  facet normal -0 0 1
    outer loop
      vertex 8.41107 54.2458 3.2
      vertex 9.77771 53.3259 3.2
      vertex 8.47821 54.3877 3.2
    endloop
  endfacet
  facet normal 0 0 1
    outer loop
      vertex 9.77771 53.3259 3.2
      vertex 8.41107 54.2458 3.2
      vertex 9.46242 53.092 3.2
    endloop
  endfacet
  facet normal -0 0 1
    outer loop
      vertex 8.33035 54.1111 3.2
      vertex 9.46242 53.092 3.2
      vertex 8.41107 54.2458 3.2
    endloop
  endfacet
  facet normal -0 0 1
    outer loop
      vertex 8.23682 53.985 3.2
      vertex 9.46242 53.092 3.2
      vertex 8.33035 54.1111 3.2
    endloop
  endfacet
  facet normal 0 0 1
    outer loop
      vertex 9.46242 53.092 3.2
      vertex 8.23682 53.985 3.2
      vertex 9.17157 52.8284 3.2
    endloop
  endfacet
  facet normal -0 0 1
    outer loop
      vertex 8.13137 53.8686 3.2
      vertex 9.17157 52.8284 3.2
      vertex 8.23682 53.985 3.2
    endloop
  endfacet
  facet normal -0 0 1
    outer loop
      vertex 8.01503 53.7632 3.2
      vertex 9.17157 52.8284 3.2
      vertex 8.13137 53.8686 3.2
    endloop
  endfacet
  facet normal 0 0 1
    outer loop
      vertex 9.17157 52.8284 3.2
      vertex 8.01503 53.7632 3.2
      vertex 8.90794 52.5376 3.2
    endloop
  endfacet
  facet normal -0 0 1
    outer loop
      vertex 7.88891 53.6696 3.2
      vertex 8.90794 52.5376 3.2
      vertex 8.01503 53.7632 3.2
    endloop
  endfacet
  facet normal -0 0 1
    outer loop
      vertex 7.75423 53.5889 3.2
      vertex 8.90794 52.5376 3.2
      vertex 7.88891 53.6696 3.2
    endloop
  endfacet
  facet normal 0 0 1
    outer loop
      vertex 8.90794 52.5376 3.2
      vertex 7.75423 53.5889 3.2
      vertex 8.67412 52.2223 3.2
    endloop
  endfacet
  facet normal -0 0 1
    outer loop
      vertex 7.61229 53.5218 3.2
      vertex 8.67412 52.2223 3.2
      vertex 7.75423 53.5889 3.2
    endloop
  endfacet
  facet normal -0 0 1
    outer loop
      vertex 7.46445 53.4689 3.2
      vertex 8.67412 52.2223 3.2
      vertex 7.61229 53.5218 3.2
    endloop
  endfacet
  facet normal 0 0 1
    outer loop
      vertex 8.67412 52.2223 3.2
      vertex 7.46445 53.4689 3.2
      vertex 8.47231 51.8856 3.2
    endloop
  endfacet
  facet normal -0 0 1
    outer loop
      vertex 7.31214 53.4307 3.2
      vertex 8.47231 51.8856 3.2
      vertex 7.46445 53.4689 3.2
    endloop
  endfacet
  facet normal 0 0 1
    outer loop
      vertex 8.47231 51.8856 3.2
      vertex 7.15683 53.4077 3.2
      vertex 8.30447 51.5307 3.2
    endloop
  endfacet
  facet normal -0 0 1
    outer loop
      vertex 7.15683 53.4077 3.2
      vertex 8.47231 51.8856 3.2
      vertex 7.31214 53.4307 3.2
    endloop
  endfacet
  facet normal 0 0 1
    outer loop
      vertex 10.4693 8.30447 3.2
      vertex 8.59229 7.15683 3.2
      vertex 8.6 7 3.2
    endloop
  endfacet
  facet normal 0 0 1
    outer loop
      vertex 8.90794 9.46242 3.2
      vertex 8.56926 7.31214 3.2
      vertex 8.59229 7.15683 3.2
    endloop
  endfacet
  facet normal 0 0 1
    outer loop
      vertex 8.90794 9.46242 3.2
      vertex 8.5311 7.46445 3.2
      vertex 8.56926 7.31214 3.2
    endloop
  endfacet
  facet normal 0 0 1
    outer loop
      vertex 8.90794 9.46242 3.2
      vertex 8.47821 7.61229 3.2
      vertex 8.5311 7.46445 3.2
    endloop
  endfacet
  facet normal 0 0 1
    outer loop
      vertex 7.46445 8.5311 3.2
      vertex 8.67412 9.77771 3.2
      vertex 8.47231 10.1144 3.2
    endloop
  endfacet
  facet normal 0 0 1
    outer loop
      vertex 8.90794 9.46242 3.2
      vertex 8.41107 7.75423 3.2
      vertex 8.47821 7.61229 3.2
    endloop
  endfacet
  facet normal 0 0 1
    outer loop
      vertex 8.90794 9.46242 3.2
      vertex 8.33035 7.88891 3.2
      vertex 8.41107 7.75423 3.2
    endloop
  endfacet
  facet normal 0 0 1
    outer loop
      vertex 7.15683 8.59229 3.2
      vertex 8.47231 10.1144 3.2
      vertex 8.30447 10.4693 3.2
    endloop
  endfacet
  facet normal 0 0 1
    outer loop
      vertex 8.90794 9.46242 3.2
      vertex 8.23682 8.01503 3.2
      vertex 8.33035 7.88891 3.2
    endloop
  endfacet
  facet normal 0 0 1
    outer loop
      vertex 6.84317 8.59229 3.2
      vertex 8.30447 10.4693 3.2
      vertex 8.17223 10.8389 3.2
    endloop
  endfacet
  facet normal 0 0 1
    outer loop
      vertex 8.90794 9.46242 3.2
      vertex 8.13137 8.13137 3.2
      vertex 8.23682 8.01503 3.2
    endloop
  endfacet
  facet normal 0 0 1
    outer loop
      vertex 6.68785 8.56926 3.2
      vertex 8.17223 10.8389 3.2
      vertex 8.07686 11.2196 3.2
    endloop
  endfacet
  facet normal 0 0 1
    outer loop
      vertex 6.38771 8.47821 3.2
      vertex 8.07686 11.2196 3.2
      vertex 8.01926 11.6079 3.2
    endloop
  endfacet
  facet normal 0 0 1
    outer loop
      vertex 8.90794 9.46242 3.2
      vertex 8.01503 8.23682 3.2
      vertex 8.13137 8.13137 3.2
    endloop
  endfacet
  facet normal 0 0 1
    outer loop
      vertex 6.24576 8.41107 3.2
      vertex 8.01926 11.6079 3.2
      vertex 8 12 3.2
    endloop
  endfacet
  facet normal 0 0 1
    outer loop
      vertex 8.90794 9.46242 3.2
      vertex 7.88891 8.33035 3.2
      vertex 8.01503 8.23682 3.2
    endloop
  endfacet
  facet normal -0 0 1
    outer loop
      vertex 7 53.4 3.2
      vertex 8.30447 51.5307 3.2
      vertex 7.15683 53.4077 3.2
    endloop
  endfacet
  facet normal 0 0 1
    outer loop
      vertex 6.84317 53.4077 3.2
      vertex 8.30447 51.5307 3.2
      vertex 7 53.4 3.2
    endloop
  endfacet
  facet normal 0 0 1
    outer loop
      vertex 8.90794 9.46242 3.2
      vertex 7.75423 8.41107 3.2
      vertex 7.88891 8.33035 3.2
    endloop
  endfacet
  facet normal 0 0 1
    outer loop
      vertex 8.30447 51.5307 3.2
      vertex 6.84317 53.4077 3.2
      vertex 8.17223 51.1611 3.2
    endloop
  endfacet
  facet normal 0 0 1
    outer loop
      vertex 8.67412 9.77771 3.2
      vertex 7.61229 8.47821 3.2
      vertex 7.75423 8.41107 3.2
    endloop
  endfacet
  facet normal 0 0 1
    outer loop
      vertex 6.68785 53.4307 3.2
      vertex 8.17223 51.1611 3.2
      vertex 6.84317 53.4077 3.2
    endloop
  endfacet
  facet normal 0 0 1
    outer loop
      vertex 8.67412 9.77771 3.2
      vertex 7.46445 8.5311 3.2
      vertex 7.61229 8.47821 3.2
    endloop
  endfacet
  facet normal 0 0 1
    outer loop
      vertex 8.17223 51.1611 3.2
      vertex 6.68785 53.4307 3.2
      vertex 8.07686 50.7803 3.2
    endloop
  endfacet
  facet normal 0 0 1
    outer loop
      vertex 8.47231 10.1144 3.2
      vertex 7.31214 8.56926 3.2
      vertex 7.46445 8.5311 3.2
    endloop
  endfacet
  facet normal 0 0 1
    outer loop
      vertex 6.53554 53.4689 3.2
      vertex 8.07686 50.7803 3.2
      vertex 6.68785 53.4307 3.2
    endloop
  endfacet
  facet normal 0 0 1
    outer loop
      vertex 8.47231 10.1144 3.2
      vertex 7.15683 8.59229 3.2
      vertex 7.31214 8.56926 3.2
    endloop
  endfacet
  facet normal 0 0 1
    outer loop
      vertex 6.38771 53.5218 3.2
      vertex 8.07686 50.7803 3.2
      vertex 6.53554 53.4689 3.2
    endloop
  endfacet
  facet normal 0 0 1
    outer loop
      vertex 8.30447 10.4693 3.2
      vertex 7 8.6 3.2
      vertex 7.15683 8.59229 3.2
    endloop
  endfacet
  facet normal 0 0 1
    outer loop
      vertex 8.07686 50.7803 3.2
      vertex 6.38771 53.5218 3.2
      vertex 8.01926 50.3921 3.2
    endloop
  endfacet
  facet normal 0 0 1
    outer loop
      vertex 8.30447 10.4693 3.2
      vertex 6.84317 8.59229 3.2
      vertex 7 8.6 3.2
    endloop
  endfacet
  facet normal 0 0 1
    outer loop
      vertex 6.24576 53.5889 3.2
      vertex 8.01926 50.3921 3.2
      vertex 6.38771 53.5218 3.2
    endloop
  endfacet
  facet normal 0 0 1
    outer loop
      vertex 8.17223 10.8389 3.2
      vertex 6.68785 8.56926 3.2
      vertex 6.84317 8.59229 3.2
    endloop
  endfacet
  facet normal 0 0 1
    outer loop
      vertex 8.01926 50.3921 3.2
      vertex 6.24576 53.5889 3.2
      vertex 8 50 3.2
    endloop
  endfacet
  facet normal 0 0 1
    outer loop
      vertex 8.07686 11.2196 3.2
      vertex 6.53554 8.5311 3.2
      vertex 6.68785 8.56926 3.2
    endloop
  endfacet
  facet normal 0 0 1
    outer loop
      vertex 6.11109 53.6696 3.2
      vertex 8 50 3.2
      vertex 6.24576 53.5889 3.2
    endloop
  endfacet
  facet normal 0 0 1
    outer loop
      vertex 8.07686 11.2196 3.2
      vertex 6.38771 8.47821 3.2
      vertex 6.53554 8.5311 3.2
    endloop
  endfacet
  facet normal 0 0 1
    outer loop
      vertex 5.98497 53.7632 3.2
      vertex 8 50 3.2
      vertex 6.11109 53.6696 3.2
    endloop
  endfacet
  facet normal 0 0 1
    outer loop
      vertex 8.01926 11.6079 3.2
      vertex 6.24576 8.41107 3.2
      vertex 6.38771 8.47821 3.2
    endloop
  endfacet
  facet normal 0 0 1
    outer loop
      vertex 5.86863 53.8686 3.2
      vertex 8 50 3.2
      vertex 5.98497 53.7632 3.2
    endloop
  endfacet
  facet normal 0 0 1
    outer loop
      vertex 8 12 3.2
      vertex 6.11109 8.33035 3.2
      vertex 6.24576 8.41107 3.2
    endloop
  endfacet
  facet normal 0 0 1
    outer loop
      vertex 5.76318 53.985 3.2
      vertex 8 50 3.2
      vertex 5.86863 53.8686 3.2
    endloop
  endfacet
  facet normal 0 0 1
    outer loop
      vertex 8 12 3.2
      vertex 5.98497 8.23682 3.2
      vertex 6.11109 8.33035 3.2
    endloop
  endfacet
  facet normal 0 0 1
    outer loop
      vertex 0 58 3.2
      vertex 5.76318 53.985 3.2
      vertex 5.66965 54.1111 3.2
    endloop
  endfacet
  facet normal 0 0 1
    outer loop
      vertex 8 12 3.2
      vertex 5.86863 8.13137 3.2
      vertex 5.98497 8.23682 3.2
    endloop
  endfacet
  facet normal 0 0 1
    outer loop
      vertex 5.76318 53.985 3.2
      vertex 0 58 3.2
      vertex 8 50 3.2
    endloop
  endfacet
  facet normal 0 0 1
    outer loop
      vertex 8 12 3.2
      vertex 5.76318 8.01503 3.2
      vertex 5.86863 8.13137 3.2
    endloop
  endfacet
  facet normal 0 0 1
    outer loop
      vertex 8 50 3.2
      vertex 0 58 3.2
      vertex 8 12 3.2
    endloop
  endfacet
  facet normal 0 0 1
    outer loop
      vertex 0 4 3.2
      vertex 5.76318 8.01503 3.2
      vertex 8 12 3.2
    endloop
  endfacet
  facet normal 0 0 1
    outer loop
      vertex 0 58 3.2
      vertex 5.66965 54.1111 3.2
      vertex 5.58893 54.2458 3.2
    endloop
  endfacet
  facet normal 0 0 1
    outer loop
      vertex 0 4 3.2
      vertex 8 12 3.2
      vertex 0 58 3.2
    endloop
  endfacet
  facet normal 0 0 1
    outer loop
      vertex 0 58 3.2
      vertex 5.58893 54.2458 3.2
      vertex 5.52179 54.3877 3.2
    endloop
  endfacet
  facet normal 0 0 1
    outer loop
      vertex 5.76318 8.01503 3.2
      vertex 0 4 3.2
      vertex 5.66965 7.88891 3.2
    endloop
  endfacet
  facet normal 0 0 1
    outer loop
      vertex 0 58 3.2
      vertex 5.52179 54.3877 3.2
      vertex 5.46889 54.5355 3.2
    endloop
  endfacet
  facet normal 0 0 1
    outer loop
      vertex 5.66965 7.88891 3.2
      vertex 0 4 3.2
      vertex 5.58893 7.75423 3.2
    endloop
  endfacet
  facet normal 0 0 1
    outer loop
      vertex 0 58 3.2
      vertex 5.46889 54.5355 3.2
      vertex 5.43074 54.6879 3.2
    endloop
  endfacet
  facet normal 0 0 1
    outer loop
      vertex 5.58893 7.75423 3.2
      vertex 0 4 3.2
      vertex 5.52179 7.61229 3.2
    endloop
  endfacet
  facet normal 0 0 1
    outer loop
      vertex 5.4 55 3.2
      vertex 0 58 3.2
      vertex 5.4077 54.8432 3.2
    endloop
  endfacet
  facet normal 0 0 1
    outer loop
      vertex 5.4077 54.8432 3.2
      vertex 0 58 3.2
      vertex 5.43074 54.6879 3.2
    endloop
  endfacet
  facet normal 0 0 1
    outer loop
      vertex 5.4077 55.1568 3.2
      vertex 0 58 3.2
      vertex 5.4 55 3.2
    endloop
  endfacet
  facet normal 0 0 1
    outer loop
      vertex 5.52179 7.61229 3.2
      vertex 0 4 3.2
      vertex 5.46889 7.46445 3.2
    endloop
  endfacet
  facet normal -0 0 1
    outer loop
      vertex 114.237 8.01503 3.2
      vertex 120 4 3.2
      vertex 120 27 3.2
    endloop
  endfacet
  facet normal -0 -0 1
    outer loop
      vertex 114.411 7.75423 3.2
      vertex 120 4 3.2
      vertex 114.33 7.88891 3.2
    endloop
  endfacet
  facet normal -0 -0 1
    outer loop
      vertex 114.478 7.61229 3.2
      vertex 120 4 3.2
      vertex 114.411 7.75423 3.2
    endloop
  endfacet
  facet normal -0 -0 1
    outer loop
      vertex 114.531 7.46445 3.2
      vertex 120 4 3.2
      vertex 114.478 7.61229 3.2
    endloop
  endfacet
  facet normal -0 -0 1
    outer loop
      vertex 114.592 7.15683 3.2
      vertex 120 4 3.2
      vertex 114.569 7.31214 3.2
    endloop
  endfacet
  facet normal -0 -0 1
    outer loop
      vertex 114.6 7 3.2
      vertex 120 4 3.2
      vertex 114.592 7.15683 3.2
    endloop
  endfacet
  facet normal -0 0 1
    outer loop
      vertex 114.569 6.68785 3.2
      vertex 120 4 3.2
      vertex 114.592 6.84317 3.2
    endloop
  endfacet
  facet normal -0 0 1
    outer loop
      vertex 114.531 6.53554 3.2
      vertex 120 4 3.2
      vertex 114.569 6.68785 3.2
    endloop
  endfacet
  facet normal -0 0 1
    outer loop
      vertex 114.478 6.38771 3.2
      vertex 120 4 3.2
      vertex 114.531 6.53554 3.2
    endloop
  endfacet
  facet normal -0 0 1
    outer loop
      vertex 114.33 6.11109 3.2
      vertex 120 4 3.2
      vertex 114.411 6.24576 3.2
    endloop
  endfacet
  facet normal -0 0 1
    outer loop
      vertex 114.237 5.98497 3.2
      vertex 120 4 3.2
      vertex 114.33 6.11109 3.2
    endloop
  endfacet
  facet normal 0 0 1
    outer loop
      vertex 120 4 3.2
      vertex 114.237 5.98497 3.2
      vertex 119.981 3.60793 3.2
    endloop
  endfacet
  facet normal 0 0 1
    outer loop
      vertex 119.923 3.21964 3.2
      vertex 114.237 5.98497 3.2
      vertex 119.828 2.83885 3.2
    endloop
  endfacet
  facet normal 0 0 1
    outer loop
      vertex 119.828 2.83885 3.2
      vertex 114.237 5.98497 3.2
      vertex 119.696 2.46925 3.2
    endloop
  endfacet
  facet normal -0 0 1
    outer loop
      vertex 114.131 5.86863 3.2
      vertex 119.528 2.11441 3.2
      vertex 114.237 5.98497 3.2
    endloop
  endfacet
  facet normal 0 0 1
    outer loop
      vertex 119.528 2.11441 3.2
      vertex 114.131 5.86863 3.2
      vertex 119.326 1.77771 3.2
    endloop
  endfacet
  facet normal 0 0 1
    outer loop
      vertex 119.326 1.77771 3.2
      vertex 114.131 5.86863 3.2
      vertex 119.092 1.46242 3.2
    endloop
  endfacet
  facet normal 0 0 1
    outer loop
      vertex 119.092 1.46242 3.2
      vertex 114.131 5.86863 3.2
      vertex 118.828 1.17157 3.2
    endloop
  endfacet
  facet normal 0 0 1
    outer loop
      vertex 119.696 2.46925 3.2
      vertex 114.237 5.98497 3.2
      vertex 119.528 2.11441 3.2
    endloop
  endfacet
  facet normal 0 0 1
    outer loop
      vertex 119.981 3.60793 3.2
      vertex 114.237 5.98497 3.2
      vertex 119.923 3.21964 3.2
    endloop
  endfacet
  facet normal -0 0 1
    outer loop
      vertex 114.411 6.24576 3.2
      vertex 120 4 3.2
      vertex 114.478 6.38771 3.2
    endloop
  endfacet
  facet normal -0 0 1
    outer loop
      vertex 114.592 6.84317 3.2
      vertex 120 4 3.2
      vertex 114.6 7 3.2
    endloop
  endfacet
  facet normal -0 -0 1
    outer loop
      vertex 114.569 7.31214 3.2
      vertex 120 4 3.2
      vertex 114.531 7.46445 3.2
    endloop
  endfacet
  facet normal 0 0 1
    outer loop
      vertex 120 4 3.2
      vertex 114.237 8.01503 3.2
      vertex 114.33 7.88891 3.2
    endloop
  endfacet
  facet normal -0 0 1
    outer loop
      vertex 112 12 3.2
      vertex 114.237 8.01503 3.2
      vertex 120 27 3.2
    endloop
  endfacet
  facet normal 0 0 1
    outer loop
      vertex 114.237 8.01503 3.2
      vertex 112 12 3.2
      vertex 114.131 8.13137 3.2
    endloop
  endfacet
  facet normal 0 0 1
    outer loop
      vertex 114.131 8.13137 3.2
      vertex 112 12 3.2
      vertex 114.015 8.23682 3.2
    endloop
  endfacet
  facet normal 0 0 1
    outer loop
      vertex 114.015 8.23682 3.2
      vertex 112 12 3.2
      vertex 113.889 8.33035 3.2
    endloop
  endfacet
  facet normal 0 0 1
    outer loop
      vertex 113.889 8.33035 3.2
      vertex 112 12 3.2
      vertex 113.754 8.41107 3.2
    endloop
  endfacet
  facet normal -0 0 1
    outer loop
      vertex 111.981 11.6079 3.2
      vertex 113.754 8.41107 3.2
      vertex 112 12 3.2
    endloop
  endfacet
  facet normal 0 0 1
    outer loop
      vertex 113.754 8.41107 3.2
      vertex 111.981 11.6079 3.2
      vertex 113.612 8.47821 3.2
    endloop
  endfacet
  facet normal -0 0 1
    outer loop
      vertex 111.923 11.2196 3.2
      vertex 113.612 8.47821 3.2
      vertex 111.981 11.6079 3.2
    endloop
  endfacet
  facet normal 0 0 1
    outer loop
      vertex 113.612 8.47821 3.2
      vertex 111.923 11.2196 3.2
      vertex 113.464 8.5311 3.2
    endloop
  endfacet
  facet normal 0 0 1
    outer loop
      vertex 113.464 8.5311 3.2
      vertex 111.923 11.2196 3.2
      vertex 113.312 8.56926 3.2
    endloop
  endfacet
  facet normal -0 0 1
    outer loop
      vertex 111.828 10.8389 3.2
      vertex 113.312 8.56926 3.2
      vertex 111.923 11.2196 3.2
    endloop
  endfacet
  facet normal 0 0 1
    outer loop
      vertex 113.312 8.56926 3.2
      vertex 111.828 10.8389 3.2
      vertex 113.157 8.59229 3.2
    endloop
  endfacet
  facet normal -0 0 1
    outer loop
      vertex 111.696 10.4693 3.2
      vertex 113.157 8.59229 3.2
      vertex 111.828 10.8389 3.2
    endloop
  endfacet
  facet normal 0 0 1
    outer loop
      vertex 113.157 8.59229 3.2
      vertex 111.696 10.4693 3.2
      vertex 113 8.6 3.2
    endloop
  endfacet
  facet normal 0 0 1
    outer loop
      vertex 113 8.6 3.2
      vertex 111.696 10.4693 3.2
      vertex 112.843 8.59229 3.2
    endloop
  endfacet
  facet normal 0 0 1
    outer loop
      vertex 112 12 3.2
      vertex 120 27 3.2
      vertex 112 27 3.2
    endloop
  endfacet
  facet normal -0 0 1
    outer loop
      vertex 111.528 10.1144 3.2
      vertex 112.843 8.59229 3.2
      vertex 111.696 10.4693 3.2
    endloop
  endfacet
  facet normal 0 0 1
    outer loop
      vertex 112.843 8.59229 3.2
      vertex 111.528 10.1144 3.2
      vertex 112.688 8.56926 3.2
    endloop
  endfacet
  facet normal 0 0 1
    outer loop
      vertex 112.688 8.56926 3.2
      vertex 111.528 10.1144 3.2
      vertex 112.536 8.5311 3.2
    endloop
  endfacet
  facet normal -0 0 1
    outer loop
      vertex 111.326 9.77771 3.2
      vertex 112.536 8.5311 3.2
      vertex 111.528 10.1144 3.2
    endloop
  endfacet
  facet normal 0 0 1
    outer loop
      vertex 112.536 8.5311 3.2
      vertex 111.326 9.77771 3.2
      vertex 112.388 8.47821 3.2
    endloop
  endfacet
  facet normal 0 0 1
    outer loop
      vertex 112.388 8.47821 3.2
      vertex 111.326 9.77771 3.2
      vertex 112.246 8.41107 3.2
    endloop
  endfacet
  facet normal -0 0 1
    outer loop
      vertex 111.092 9.46242 3.2
      vertex 112.246 8.41107 3.2
      vertex 111.326 9.77771 3.2
    endloop
  endfacet
  facet normal 0 0 1
    outer loop
      vertex 112.246 8.41107 3.2
      vertex 111.092 9.46242 3.2
      vertex 112.111 8.33035 3.2
    endloop
  endfacet
  facet normal 0 0 1
    outer loop
      vertex 112.111 8.33035 3.2
      vertex 111.092 9.46242 3.2
      vertex 111.985 8.23682 3.2
    endloop
  endfacet
  facet normal -0 0 1
    outer loop
      vertex 110.828 9.17157 3.2
      vertex 111.985 8.23682 3.2
      vertex 111.092 9.46242 3.2
    endloop
  endfacet
  facet normal 0 0 1
    outer loop
      vertex 111.985 8.23682 3.2
      vertex 110.828 9.17157 3.2
      vertex 111.869 8.13137 3.2
    endloop
  endfacet
  facet normal 0 0 1
    outer loop
      vertex 111.869 8.13137 3.2
      vertex 110.828 9.17157 3.2
      vertex 111.763 8.01503 3.2
    endloop
  endfacet
  facet normal -0 0 1
    outer loop
      vertex 110.538 8.90794 3.2
      vertex 111.763 8.01503 3.2
      vertex 110.828 9.17157 3.2
    endloop
  endfacet
  facet normal 0 0 1
    outer loop
      vertex 111.763 8.01503 3.2
      vertex 110.538 8.90794 3.2
      vertex 111.67 7.88891 3.2
    endloop
  endfacet
  facet normal 0 0 1
    outer loop
      vertex 111.67 7.88891 3.2
      vertex 110.538 8.90794 3.2
      vertex 111.589 7.75423 3.2
    endloop
  endfacet
  facet normal -0 0 1
    outer loop
      vertex 110.222 8.67412 3.2
      vertex 111.589 7.75423 3.2
      vertex 110.538 8.90794 3.2
    endloop
  endfacet
  facet normal 0 0 1
    outer loop
      vertex 111.589 7.75423 3.2
      vertex 110.222 8.67412 3.2
      vertex 111.522 7.61229 3.2
    endloop
  endfacet
  facet normal 0 0 1
    outer loop
      vertex 118.828 1.17157 3.2
      vertex 114.131 5.86863 3.2
      vertex 118.538 0.907944 3.2
    endloop
  endfacet
  facet normal 0 0 1
    outer loop
      vertex 118.538 0.907944 3.2
      vertex 114.131 5.86863 3.2
      vertex 118.222 0.674118 3.2
    endloop
  endfacet
  facet normal 0 0 1
    outer loop
      vertex 118.222 0.674118 3.2
      vertex 114.131 5.86863 3.2
      vertex 117.886 0.472305 3.2
    endloop
  endfacet
  facet normal 0 0 1
    outer loop
      vertex 117.886 0.472305 3.2
      vertex 114.131 5.86863 3.2
      vertex 117.531 0.304474 3.2
    endloop
  endfacet
  facet normal -0 0 1
    outer loop
      vertex 114.015 5.76318 3.2
      vertex 117.531 0.304474 3.2
      vertex 114.131 5.86863 3.2
    endloop
  endfacet
  facet normal 0 0 1
    outer loop
      vertex 117.531 0.304474 3.2
      vertex 114.015 5.76318 3.2
      vertex 117.161 0.172226 3.2
    endloop
  endfacet
  facet normal 0 0 1
    outer loop
      vertex 117.161 0.172226 3.2
      vertex 114.015 5.76318 3.2
      vertex 116.78 0.0768585 3.2
    endloop
  endfacet
  facet normal 0 0 1
    outer loop
      vertex 116.78 0.0768585 3.2
      vertex 114.015 5.76318 3.2
      vertex 116.392 0.0192566 3.2
    endloop
  endfacet
  facet normal 0 0 1
    outer loop
      vertex 116.392 0.0192566 3.2
      vertex 114.015 5.76318 3.2
      vertex 116 0 3.2
    endloop
  endfacet
  facet normal -0 0 1
    outer loop
      vertex 113.889 5.66965 3.2
      vertex 116 0 3.2
      vertex 114.015 5.76318 3.2
    endloop
  endfacet
  facet normal -0 0 1
    outer loop
      vertex 113.754 5.58893 3.2
      vertex 116 0 3.2
      vertex 113.889 5.66965 3.2
    endloop
  endfacet
  facet normal -0 0 1
    outer loop
      vertex 113.612 5.52179 3.2
      vertex 116 0 3.2
      vertex 113.754 5.58893 3.2
    endloop
  endfacet
  facet normal -0 0 1
    outer loop
      vertex 113.464 5.46889 3.2
      vertex 116 0 3.2
      vertex 113.612 5.52179 3.2
    endloop
  endfacet
  facet normal -0 0 1
    outer loop
      vertex 113.312 5.43074 3.2
      vertex 116 0 3.2
      vertex 113.464 5.46889 3.2
    endloop
  endfacet
  facet normal -0 0 1
    outer loop
      vertex 113.157 5.4077 3.2
      vertex 116 0 3.2
      vertex 113.312 5.43074 3.2
    endloop
  endfacet
  facet normal -0 0 1
    outer loop
      vertex 113 5.4 3.2
      vertex 116 0 3.2
      vertex 113.157 5.4077 3.2
    endloop
  endfacet
  facet normal 0 0 1
    outer loop
      vertex 112.843 5.4077 3.2
      vertex 116 0 3.2
      vertex 113 5.4 3.2
    endloop
  endfacet
  facet normal 0 0 1
    outer loop
      vertex 112.688 5.43074 3.2
      vertex 116 0 3.2
      vertex 112.843 5.4077 3.2
    endloop
  endfacet
  facet normal 0 0 1
    outer loop
      vertex 112.536 5.46889 3.2
      vertex 116 0 3.2
      vertex 112.688 5.43074 3.2
    endloop
  endfacet
  facet normal 0 0 1
    outer loop
      vertex 112.388 5.52179 3.2
      vertex 116 0 3.2
      vertex 112.536 5.46889 3.2
    endloop
  endfacet
  facet normal 0 0 1
    outer loop
      vertex 112.246 5.58893 3.2
      vertex 116 0 3.2
      vertex 112.388 5.52179 3.2
    endloop
  endfacet
  facet normal 0 0 1
    outer loop
      vertex 112.111 5.66965 3.2
      vertex 116 0 3.2
      vertex 112.246 5.58893 3.2
    endloop
  endfacet
  facet normal 0 0 1
    outer loop
      vertex 111.985 5.76318 3.2
      vertex 116 0 3.2
      vertex 112.111 5.66965 3.2
    endloop
  endfacet
  facet normal 0 0 1
    outer loop
      vertex 108 8 3.2
      vertex 111.985 5.76318 3.2
      vertex 111.869 5.86863 3.2
    endloop
  endfacet
  facet normal 0 0 1
    outer loop
      vertex 108 8 3.2
      vertex 111.869 5.86863 3.2
      vertex 111.763 5.98497 3.2
    endloop
  endfacet
  facet normal 0 0 1
    outer loop
      vertex 108 8 3.2
      vertex 111.763 5.98497 3.2
      vertex 111.67 6.11109 3.2
    endloop
  endfacet
  facet normal 0 0 1
    outer loop
      vertex 111.522 7.61229 3.2
      vertex 110.222 8.67412 3.2
      vertex 111.469 7.46445 3.2
    endloop
  endfacet
  facet normal -0 0 1
    outer loop
      vertex 109.886 8.47231 3.2
      vertex 111.469 7.46445 3.2
      vertex 110.222 8.67412 3.2
    endloop
  endfacet
  facet normal 0 0 1
    outer loop
      vertex 111.469 7.46445 3.2
      vertex 109.886 8.47231 3.2
      vertex 111.431 7.31214 3.2
    endloop
  endfacet
  facet normal 0 0 1
    outer loop
      vertex 111.431 7.31214 3.2
      vertex 109.886 8.47231 3.2
      vertex 111.408 7.15683 3.2
    endloop
  endfacet
  facet normal -0 0 1
    outer loop
      vertex 109.531 8.30447 3.2
      vertex 111.408 7.15683 3.2
      vertex 109.886 8.47231 3.2
    endloop
  endfacet
  facet normal 0 0 1
    outer loop
      vertex 111.408 7.15683 3.2
      vertex 109.531 8.30447 3.2
      vertex 111.4 7 3.2
    endloop
  endfacet
  facet normal 0 0 1
    outer loop
      vertex 111.4 7 3.2
      vertex 109.531 8.30447 3.2
      vertex 111.408 6.84317 3.2
    endloop
  endfacet
  facet normal -0 0 1
    outer loop
      vertex 109.161 8.17223 3.2
      vertex 111.408 6.84317 3.2
      vertex 109.531 8.30447 3.2
    endloop
  endfacet
  facet normal 0 0 1
    outer loop
      vertex 111.408 6.84317 3.2
      vertex 109.161 8.17223 3.2
      vertex 111.431 6.68785 3.2
    endloop
  endfacet
  facet normal -0 0 1
    outer loop
      vertex 108.78 8.07686 3.2
      vertex 111.431 6.68785 3.2
      vertex 109.161 8.17223 3.2
    endloop
  endfacet
  facet normal 0 0 1
    outer loop
      vertex 111.431 6.68785 3.2
      vertex 108.78 8.07686 3.2
      vertex 111.469 6.53554 3.2
    endloop
  endfacet
  facet normal 0 0 1
    outer loop
      vertex 111.469 6.53554 3.2
      vertex 108.78 8.07686 3.2
      vertex 111.522 6.38771 3.2
    endloop
  endfacet
  facet normal -0 0 1
    outer loop
      vertex 108.392 8.01926 3.2
      vertex 111.522 6.38771 3.2
      vertex 108.78 8.07686 3.2
    endloop
  endfacet
  facet normal 0 0 1
    outer loop
      vertex 111.522 6.38771 3.2
      vertex 108.392 8.01926 3.2
      vertex 111.589 6.24576 3.2
    endloop
  endfacet
  facet normal 0 0 1
    outer loop
      vertex 111.589 6.24576 3.2
      vertex 108.392 8.01926 3.2
      vertex 111.67 6.11109 3.2
    endloop
  endfacet
  facet normal -0 0 1
    outer loop
      vertex 108 8 3.2
      vertex 111.67 6.11109 3.2
      vertex 108.392 8.01926 3.2
    endloop
  endfacet
  facet normal 0 0 1
    outer loop
      vertex 111.985 5.76318 3.2
      vertex 108 8 3.2
      vertex 116 0 3.2
    endloop
  endfacet
  facet normal -0 0 1
    outer loop
      vertex 12 8 3.2
      vertex 116 0 3.2
      vertex 108 8 3.2
    endloop
  endfacet
  facet normal 0 0 1
    outer loop
      vertex 8.33035 6.11109 3.2
      vertex 12 8 3.2
      vertex 11.6079 8.01926 3.2
    endloop
  endfacet
  facet normal 0 0 1
    outer loop
      vertex 7.75423 8.41107 3.2
      vertex 8.90794 9.46242 3.2
      vertex 8.67412 9.77771 3.2
    endloop
  endfacet
  facet normal 0 0 1
    outer loop
      vertex 8.59229 7.15683 3.2
      vertex 9.17157 9.17157 3.2
      vertex 8.90794 9.46242 3.2
    endloop
  endfacet
  facet normal 0 0 1
    outer loop
      vertex 8.59229 7.15683 3.2
      vertex 9.46242 8.90794 3.2
      vertex 9.17157 9.17157 3.2
    endloop
  endfacet
  facet normal 0 0 1
    outer loop
      vertex 8.59229 7.15683 3.2
      vertex 9.77771 8.67412 3.2
      vertex 9.46242 8.90794 3.2
    endloop
  endfacet
  facet normal 0 0 1
    outer loop
      vertex 8.59229 7.15683 3.2
      vertex 10.1144 8.47231 3.2
      vertex 9.77771 8.67412 3.2
    endloop
  endfacet
  facet normal 0 0 1
    outer loop
      vertex 8.59229 7.15683 3.2
      vertex 10.4693 8.30447 3.2
      vertex 10.1144 8.47231 3.2
    endloop
  endfacet
  facet normal 0 0 1
    outer loop
      vertex 8.59229 6.84317 3.2
      vertex 10.4693 8.30447 3.2
      vertex 8.6 7 3.2
    endloop
  endfacet
  facet normal 0 0 1
    outer loop
      vertex 10.4693 8.30447 3.2
      vertex 8.59229 6.84317 3.2
      vertex 10.8389 8.17223 3.2
    endloop
  endfacet
  facet normal 0 0 1
    outer loop
      vertex 8.56926 6.68785 3.2
      vertex 10.8389 8.17223 3.2
      vertex 8.59229 6.84317 3.2
    endloop
  endfacet
  facet normal 0 0 1
    outer loop
      vertex 10.8389 8.17223 3.2
      vertex 8.56926 6.68785 3.2
      vertex 11.2196 8.07686 3.2
    endloop
  endfacet
  facet normal 0 0 1
    outer loop
      vertex 8.5311 6.53554 3.2
      vertex 11.2196 8.07686 3.2
      vertex 8.56926 6.68785 3.2
    endloop
  endfacet
  facet normal 0 0 1
    outer loop
      vertex 8.47821 6.38771 3.2
      vertex 11.2196 8.07686 3.2
      vertex 8.5311 6.53554 3.2
    endloop
  endfacet
  facet normal 0 0 1
    outer loop
      vertex 11.2196 8.07686 3.2
      vertex 8.47821 6.38771 3.2
      vertex 11.6079 8.01926 3.2
    endloop
  endfacet
  facet normal 0 0 1
    outer loop
      vertex 8.41107 6.24576 3.2
      vertex 11.6079 8.01926 3.2
      vertex 8.47821 6.38771 3.2
    endloop
  endfacet
  facet normal 0 0 1
    outer loop
      vertex 8.33035 6.11109 3.2
      vertex 11.6079 8.01926 3.2
      vertex 8.41107 6.24576 3.2
    endloop
  endfacet
  facet normal 0 0 1
    outer loop
      vertex 12 8 3.2
      vertex 8.33035 6.11109 3.2
      vertex 8.23682 5.98497 3.2
    endloop
  endfacet
  facet normal 0 0 1
    outer loop
      vertex 12 8 3.2
      vertex 8.23682 5.98497 3.2
      vertex 8.13137 5.86863 3.2
    endloop
  endfacet
  facet normal 0 0 1
    outer loop
      vertex 12 8 3.2
      vertex 8.13137 5.86863 3.2
      vertex 8.01503 5.76318 3.2
    endloop
  endfacet
  facet normal 0 0 1
    outer loop
      vertex 12 8 3.2
      vertex 8.01503 5.76318 3.2
      vertex 4 0 3.2
    endloop
  endfacet
  facet normal 0 0 1
    outer loop
      vertex 4 0 3.2
      vertex 8.01503 5.76318 3.2
      vertex 7.88891 5.66965 3.2
    endloop
  endfacet
  facet normal 0 0 1
    outer loop
      vertex 4 0 3.2
      vertex 7.88891 5.66965 3.2
      vertex 7.75423 5.58893 3.2
    endloop
  endfacet
  facet normal 0 0 1
    outer loop
      vertex 4 0 3.2
      vertex 7.75423 5.58893 3.2
      vertex 7.61229 5.52179 3.2
    endloop
  endfacet
  facet normal 0 0 1
    outer loop
      vertex 4 0 3.2
      vertex 7.61229 5.52179 3.2
      vertex 7.46445 5.46889 3.2
    endloop
  endfacet
  facet normal 0 0 1
    outer loop
      vertex 4 0 3.2
      vertex 7.46445 5.46889 3.2
      vertex 7.31214 5.43074 3.2
    endloop
  endfacet
  facet normal 0 0 1
    outer loop
      vertex 4 0 3.2
      vertex 7.31214 5.43074 3.2
      vertex 7.15683 5.4077 3.2
    endloop
  endfacet
  facet normal 0 0 1
    outer loop
      vertex 4 0 3.2
      vertex 7.15683 5.4077 3.2
      vertex 7 5.4 3.2
    endloop
  endfacet
  facet normal 0 0 1
    outer loop
      vertex 4 0 3.2
      vertex 7 5.4 3.2
      vertex 6.84317 5.4077 3.2
    endloop
  endfacet
  facet normal 0 0 1
    outer loop
      vertex 12 8 3.2
      vertex 4 0 3.2
      vertex 116 0 3.2
    endloop
  endfacet
  facet normal 0 0 1
    outer loop
      vertex 6.68785 5.43074 3.2
      vertex 4 0 3.2
      vertex 6.84317 5.4077 3.2
    endloop
  endfacet
  facet normal 0 0 1
    outer loop
      vertex 6.53554 5.46889 3.2
      vertex 4 0 3.2
      vertex 6.68785 5.43074 3.2
    endloop
  endfacet
  facet normal 0 0 1
    outer loop
      vertex 6.38771 5.52179 3.2
      vertex 4 0 3.2
      vertex 6.53554 5.46889 3.2
    endloop
  endfacet
  facet normal 0 0 1
    outer loop
      vertex 6.24576 5.58893 3.2
      vertex 4 0 3.2
      vertex 6.38771 5.52179 3.2
    endloop
  endfacet
  facet normal 0 0 1
    outer loop
      vertex 6.11109 5.66965 3.2
      vertex 4 0 3.2
      vertex 6.24576 5.58893 3.2
    endloop
  endfacet
  facet normal 0 0 1
    outer loop
      vertex 5.98497 5.76318 3.2
      vertex 4 0 3.2
      vertex 6.11109 5.66965 3.2
    endloop
  endfacet
  facet normal 0 0 1
    outer loop
      vertex 2.46925 0.304474 3.2
      vertex 5.98497 5.76318 3.2
      vertex 5.86863 5.86863 3.2
    endloop
  endfacet
  facet normal 0 0 1
    outer loop
      vertex 0.472305 2.11441 3.2
      vertex 5.86863 5.86863 3.2
      vertex 5.76318 5.98497 3.2
    endloop
  endfacet
  facet normal 0 0 1
    outer loop
      vertex 0 4 3.2
      vertex 5.76318 5.98497 3.2
      vertex 5.66965 6.11109 3.2
    endloop
  endfacet
  facet normal 0 0 1
    outer loop
      vertex 0 4 3.2
      vertex 5.66965 6.11109 3.2
      vertex 5.58893 6.24576 3.2
    endloop
  endfacet
  facet normal 0 0 1
    outer loop
      vertex 0 4 3.2
      vertex 5.58893 6.24576 3.2
      vertex 5.52179 6.38771 3.2
    endloop
  endfacet
  facet normal 0 0 1
    outer loop
      vertex 0 4 3.2
      vertex 5.52179 6.38771 3.2
      vertex 5.46889 6.53554 3.2
    endloop
  endfacet
  facet normal 0 0 1
    outer loop
      vertex 0 4 3.2
      vertex 5.46889 6.53554 3.2
      vertex 5.43074 6.68785 3.2
    endloop
  endfacet
  facet normal 0 0 1
    outer loop
      vertex 0 4 3.2
      vertex 5.43074 6.68785 3.2
      vertex 5.4077 6.84317 3.2
    endloop
  endfacet
  facet normal 0 0 1
    outer loop
      vertex 0 4 3.2
      vertex 5.4077 6.84317 3.2
      vertex 5.4 7 3.2
    endloop
  endfacet
  facet normal 0 0 1
    outer loop
      vertex 5.43074 7.31214 3.2
      vertex 0 4 3.2
      vertex 5.4077 7.15683 3.2
    endloop
  endfacet
  facet normal 0 0 1
    outer loop
      vertex 0 58 3.2
      vertex 4 62 3.2
      vertex 3.60793 61.9807 3.2
    endloop
  endfacet
  facet normal 0 0 1
    outer loop
      vertex 5.4077 7.15683 3.2
      vertex 0 4 3.2
      vertex 5.4 7 3.2
    endloop
  endfacet
  facet normal 0 0 1
    outer loop
      vertex 0 58 3.2
      vertex 3.60793 61.9807 3.2
      vertex 3.21964 61.9231 3.2
    endloop
  endfacet
  facet normal 0 0 1
    outer loop
      vertex 5.76318 5.98497 3.2
      vertex 0 4 3.2
      vertex 0.0192566 3.60793 3.2
    endloop
  endfacet
  facet normal 0 0 1
    outer loop
      vertex 0 58 3.2
      vertex 3.21964 61.9231 3.2
      vertex 2.83885 61.8278 3.2
    endloop
  endfacet
  facet normal 0 0 1
    outer loop
      vertex 5.98497 5.76318 3.2
      vertex 3.60793 0.0192566 3.2
      vertex 4 0 3.2
    endloop
  endfacet
  facet normal 0 0 1
    outer loop
      vertex 0 58 3.2
      vertex 2.83885 61.8278 3.2
      vertex 2.46925 61.6955 3.2
    endloop
  endfacet
  facet normal 0 0 1
    outer loop
      vertex 5.98497 5.76318 3.2
      vertex 3.21964 0.0768585 3.2
      vertex 3.60793 0.0192566 3.2
    endloop
  endfacet
  facet normal 0 0 1
    outer loop
      vertex 0 58 3.2
      vertex 2.46925 61.6955 3.2
      vertex 2.11441 61.5277 3.2
    endloop
  endfacet
  facet normal 0 0 1
    outer loop
      vertex 5.98497 5.76318 3.2
      vertex 2.83885 0.172226 3.2
      vertex 3.21964 0.0768585 3.2
    endloop
  endfacet
  facet normal 0 0 1
    outer loop
      vertex 0 58 3.2
      vertex 2.11441 61.5277 3.2
      vertex 1.77771 61.3259 3.2
    endloop
  endfacet
  facet normal 0 0 1
    outer loop
      vertex 5.98497 5.76318 3.2
      vertex 2.46925 0.304474 3.2
      vertex 2.83885 0.172226 3.2
    endloop
  endfacet
  facet normal 0 0 1
    outer loop
      vertex 0 58 3.2
      vertex 1.77771 61.3259 3.2
      vertex 1.46242 61.092 3.2
    endloop
  endfacet
  facet normal 0 0 1
    outer loop
      vertex 5.86863 5.86863 3.2
      vertex 2.11441 0.472305 3.2
      vertex 2.46925 0.304474 3.2
    endloop
  endfacet
  facet normal 0 0 1
    outer loop
      vertex 0 58 3.2
      vertex 1.46242 61.092 3.2
      vertex 1.17157 60.8284 3.2
    endloop
  endfacet
  facet normal 0 0 1
    outer loop
      vertex 5.86863 5.86863 3.2
      vertex 1.77771 0.674118 3.2
      vertex 2.11441 0.472305 3.2
    endloop
  endfacet
  facet normal 0 0 1
    outer loop
      vertex 0 58 3.2
      vertex 1.17157 60.8284 3.2
      vertex 0.907944 60.5376 3.2
    endloop
  endfacet
  facet normal 0 0 1
    outer loop
      vertex 5.86863 5.86863 3.2
      vertex 1.46242 0.907944 3.2
      vertex 1.77771 0.674118 3.2
    endloop
  endfacet
  facet normal 0 0 1
    outer loop
      vertex 0 58 3.2
      vertex 0.907944 60.5376 3.2
      vertex 0.674118 60.2223 3.2
    endloop
  endfacet
  facet normal 0 0 1
    outer loop
      vertex 5.86863 5.86863 3.2
      vertex 1.17157 1.17157 3.2
      vertex 1.46242 0.907944 3.2
    endloop
  endfacet
  facet normal 0 0 1
    outer loop
      vertex 0 58 3.2
      vertex 0.674118 60.2223 3.2
      vertex 0.472305 59.8856 3.2
    endloop
  endfacet
  facet normal 0 0 1
    outer loop
      vertex 5.86863 5.86863 3.2
      vertex 0.907944 1.46242 3.2
      vertex 1.17157 1.17157 3.2
    endloop
  endfacet
  facet normal 0 0 1
    outer loop
      vertex 0 58 3.2
      vertex 0.472305 59.8856 3.2
      vertex 0.304474 59.5307 3.2
    endloop
  endfacet
  facet normal 0 0 1
    outer loop
      vertex 5.86863 5.86863 3.2
      vertex 0.674118 1.77771 3.2
      vertex 0.907944 1.46242 3.2
    endloop
  endfacet
  facet normal 0 0 1
    outer loop
      vertex 0 58 3.2
      vertex 0.304474 59.5307 3.2
      vertex 0.172226 59.1611 3.2
    endloop
  endfacet
  facet normal 0 0 1
    outer loop
      vertex 5.86863 5.86863 3.2
      vertex 0.472305 2.11441 3.2
      vertex 0.674118 1.77771 3.2
    endloop
  endfacet
  facet normal 0 0 1
    outer loop
      vertex 0 58 3.2
      vertex 0.172226 59.1611 3.2
      vertex 0.0768585 58.7803 3.2
    endloop
  endfacet
  facet normal 0 0 1
    outer loop
      vertex 5.76318 5.98497 3.2
      vertex 0.304474 2.46925 3.2
      vertex 0.472305 2.11441 3.2
    endloop
  endfacet
  facet normal 0 0 1
    outer loop
      vertex 0 58 3.2
      vertex 0.0768585 58.7803 3.2
      vertex 0.0192566 58.3921 3.2
    endloop
  endfacet
  facet normal 0 0 1
    outer loop
      vertex 5.76318 5.98497 3.2
      vertex 0.172226 2.83885 3.2
      vertex 0.304474 2.46925 3.2
    endloop
  endfacet
  facet normal 0 0 1
    outer loop
      vertex 5.76318 5.98497 3.2
      vertex 0.0768585 3.21964 3.2
      vertex 0.172226 2.83885 3.2
    endloop
  endfacet
  facet normal 0 0 1
    outer loop
      vertex 5.76318 5.98497 3.2
      vertex 0.0192566 3.60793 3.2
      vertex 0.0768585 3.21964 3.2
    endloop
  endfacet
  facet normal 0 0 1
    outer loop
      vertex 103 48 3.2
      vertex 106 45 3.2
      vertex 105.986 45.294 3.2
    endloop
  endfacet
  facet normal 0 0 1
    outer loop
      vertex 106 45 3.2
      vertex 95.1 31 3.2
      vertex 106 17 3.2
    endloop
  endfacet
  facet normal 0 0 1
    outer loop
      vertex 103 48 3.2
      vertex 105.986 45.294 3.2
      vertex 105.942 45.5853 3.2
    endloop
  endfacet
  facet normal -0 0 1
    outer loop
      vertex 95.0754 30.5001 3.2
      vertex 106 17 3.2
      vertex 95.1 31 3.2
    endloop
  endfacet
  facet normal 0 0 1
    outer loop
      vertex 103 48 3.2
      vertex 105.942 45.5853 3.2
      vertex 105.871 45.8708 3.2
    endloop
  endfacet
  facet normal -0 0 1
    outer loop
      vertex 95.002 30.005 3.2
      vertex 106 17 3.2
      vertex 95.0754 30.5001 3.2
    endloop
  endfacet
  facet normal 0 0 1
    outer loop
      vertex 103 48 3.2
      vertex 105.871 45.8708 3.2
      vertex 105.772 46.148 3.2
    endloop
  endfacet
  facet normal -0 0 1
    outer loop
      vertex 94.8804 29.5195 3.2
      vertex 106 17 3.2
      vertex 95.002 30.005 3.2
    endloop
  endfacet
  facet normal 0 0 1
    outer loop
      vertex 103 48 3.2
      vertex 105.772 46.148 3.2
      vertex 105.646 46.4142 3.2
    endloop
  endfacet
  facet normal -0 0 1
    outer loop
      vertex 94.7118 29.0483 3.2
      vertex 106 17 3.2
      vertex 94.8804 29.5195 3.2
    endloop
  endfacet
  facet normal 0 0 1
    outer loop
      vertex 103 48 3.2
      vertex 105.646 46.4142 3.2
      vertex 105.494 46.6667 3.2
    endloop
  endfacet
  facet normal -0 0 1
    outer loop
      vertex 94.4978 28.5959 3.2
      vertex 106 17 3.2
      vertex 94.7118 29.0483 3.2
    endloop
  endfacet
  facet normal 0 0 1
    outer loop
      vertex 103 48 3.2
      vertex 105.494 46.6667 3.2
      vertex 105.319 46.9032 3.2
    endloop
  endfacet
  facet normal -0 0 1
    outer loop
      vertex 94.2405 28.1666 3.2
      vertex 106 17 3.2
      vertex 94.4978 28.5959 3.2
    endloop
  endfacet
  facet normal 0 0 1
    outer loop
      vertex 103 48 3.2
      vertex 105.319 46.9032 3.2
      vertex 105.121 47.1213 3.2
    endloop
  endfacet
  facet normal -0 0 1
    outer loop
      vertex 93.9424 27.7646 3.2
      vertex 106 17 3.2
      vertex 94.2405 28.1666 3.2
    endloop
  endfacet
  facet normal 0 0 1
    outer loop
      vertex 103 48 3.2
      vertex 105.121 47.1213 3.2
      vertex 104.903 47.319 3.2
    endloop
  endfacet
  facet normal -0 0 1
    outer loop
      vertex 93.6062 27.3938 3.2
      vertex 106 17 3.2
      vertex 93.9424 27.7646 3.2
    endloop
  endfacet
  facet normal 0 0 1
    outer loop
      vertex 103 48 3.2
      vertex 104.903 47.319 3.2
      vertex 104.667 47.4944 3.2
    endloop
  endfacet
  facet normal 0 -0 1
    outer loop
      vertex 103 14 3.2
      vertex 106 17 3.2
      vertex 93.6062 27.3938 3.2
    endloop
  endfacet
  facet normal 0 0 1
    outer loop
      vertex 103 48 3.2
      vertex 104.667 47.4944 3.2
      vertex 104.414 47.6458 3.2
    endloop
  endfacet
  facet normal 0 0 1
    outer loop
      vertex 106 17 3.2
      vertex 103 14 3.2
      vertex 105.986 16.7059 3.2
    endloop
  endfacet
  facet normal 0 0 1
    outer loop
      vertex 103 48 3.2
      vertex 104.414 47.6458 3.2
      vertex 104.148 47.7716 3.2
    endloop
  endfacet
  facet normal 0 0 1
    outer loop
      vertex 105.986 16.7059 3.2
      vertex 103 14 3.2
      vertex 105.942 16.4147 3.2
    endloop
  endfacet
  facet normal 0 0 1
    outer loop
      vertex 103 48 3.2
      vertex 104.148 47.7716 3.2
      vertex 103.871 47.8708 3.2
    endloop
  endfacet
  facet normal 0 0 1
    outer loop
      vertex 105.942 16.4147 3.2
      vertex 103 14 3.2
      vertex 105.871 16.1291 3.2
    endloop
  endfacet
  facet normal 0 0 1
    outer loop
      vertex 103 48 3.2
      vertex 103.871 47.8708 3.2
      vertex 103.585 47.9424 3.2
    endloop
  endfacet
  facet normal 0 0 1
    outer loop
      vertex 105.772 15.8519 3.2
      vertex 103 14 3.2
      vertex 105.646 15.5858 3.2
    endloop
  endfacet
  facet normal 0 0 1
    outer loop
      vertex 103 48 3.2
      vertex 103.585 47.9424 3.2
      vertex 103.294 47.9855 3.2
    endloop
  endfacet
  facet normal 0 0 1
    outer loop
      vertex 105.646 15.5858 3.2
      vertex 103 14 3.2
      vertex 105.494 15.3333 3.2
    endloop
  endfacet
  facet normal 0 0 1
    outer loop
      vertex 106 45 3.2
      vertex 103 48 3.2
      vertex 93.6062 34.6062 3.2
    endloop
  endfacet
  facet normal 0 0 1
    outer loop
      vertex 105.494 15.3333 3.2
      vertex 103 14 3.2
      vertex 105.319 15.0968 3.2
    endloop
  endfacet
  facet normal 0 0 1
    outer loop
      vertex 105.319 15.0968 3.2
      vertex 103 14 3.2
      vertex 105.121 14.8787 3.2
    endloop
  endfacet
  facet normal 0 0 1
    outer loop
      vertex 106 45 3.2
      vertex 95.0754 31.4999 3.2
      vertex 95.1 31 3.2
    endloop
  endfacet
  facet normal 0 0 1
    outer loop
      vertex 106 45 3.2
      vertex 95.002 31.995 3.2
      vertex 95.0754 31.4999 3.2
    endloop
  endfacet
  facet normal 0 0 1
    outer loop
      vertex 106 45 3.2
      vertex 94.8804 32.4805 3.2
      vertex 95.002 31.995 3.2
    endloop
  endfacet
  facet normal 0 0 1
    outer loop
      vertex 106 45 3.2
      vertex 94.7118 32.9517 3.2
      vertex 94.8804 32.4805 3.2
    endloop
  endfacet
  facet normal 0 0 1
    outer loop
      vertex 106 45 3.2
      vertex 94.4978 33.4041 3.2
      vertex 94.7118 32.9517 3.2
    endloop
  endfacet
  facet normal 0 0 1
    outer loop
      vertex 106 45 3.2
      vertex 94.2405 33.8334 3.2
      vertex 94.4978 33.4041 3.2
    endloop
  endfacet
  facet normal 0 0 1
    outer loop
      vertex 106 45 3.2
      vertex 93.9424 34.2354 3.2
      vertex 94.2405 33.8334 3.2
    endloop
  endfacet
  facet normal 0 0 1
    outer loop
      vertex 106 45 3.2
      vertex 93.6062 34.6062 3.2
      vertex 93.9424 34.2354 3.2
    endloop
  endfacet
  facet normal 0 0 1
    outer loop
      vertex 103 48 3.2
      vertex 93.2354 34.9424 3.2
      vertex 93.6062 34.6062 3.2
    endloop
  endfacet
  facet normal 0 0 1
    outer loop
      vertex 103 48 3.2
      vertex 92.8334 35.2405 3.2
      vertex 93.2354 34.9424 3.2
    endloop
  endfacet
  facet normal 0 0 1
    outer loop
      vertex 103 48 3.2
      vertex 92.4041 35.4978 3.2
      vertex 92.8334 35.2405 3.2
    endloop
  endfacet
  facet normal 0 0 1
    outer loop
      vertex 103 48 3.2
      vertex 91.9517 35.7118 3.2
      vertex 92.4041 35.4978 3.2
    endloop
  endfacet
  facet normal 0 0 1
    outer loop
      vertex 103 48 3.2
      vertex 91.4805 35.8804 3.2
      vertex 91.9517 35.7118 3.2
    endloop
  endfacet
  facet normal 0 0 1
    outer loop
      vertex 103 48 3.2
      vertex 90.995 36.002 3.2
      vertex 91.4805 35.8804 3.2
    endloop
  endfacet
  facet normal 0 0 1
    outer loop
      vertex 103 48 3.2
      vertex 90.4999 36.0754 3.2
      vertex 90.995 36.002 3.2
    endloop
  endfacet
  facet normal 0 0 1
    outer loop
      vertex 103 48 3.2
      vertex 90 36.1 3.2
      vertex 90.4999 36.0754 3.2
    endloop
  endfacet
  facet normal 0 0 1
    outer loop
      vertex 103 48 3.2
      vertex 89.5001 36.0754 3.2
      vertex 90 36.1 3.2
    endloop
  endfacet
  facet normal 0 0 1
    outer loop
      vertex 103 48 3.2
      vertex 89.005 36.002 3.2
      vertex 89.5001 36.0754 3.2
    endloop
  endfacet
  facet normal 0 0 1
    outer loop
      vertex 103 48 3.2
      vertex 88.5195 35.8804 3.2
      vertex 89.005 36.002 3.2
    endloop
  endfacet
  facet normal 0 0 1
    outer loop
      vertex 103 48 3.2
      vertex 88.0483 35.7118 3.2
      vertex 88.5195 35.8804 3.2
    endloop
  endfacet
  facet normal 0 0 1
    outer loop
      vertex 103 48 3.2
      vertex 87.5959 35.4978 3.2
      vertex 88.0483 35.7118 3.2
    endloop
  endfacet
  facet normal -0 0 1
    outer loop
      vertex 17 48 3.2
      vertex 87.5959 35.4978 3.2
      vertex 103 48 3.2
    endloop
  endfacet
  facet normal 0 0 1
    outer loop
      vertex 87.5959 35.4978 3.2
      vertex 17 48 3.2
      vertex 87.1666 35.2405 3.2
    endloop
  endfacet
  facet normal 0 0 1
    outer loop
      vertex 84.9246 31.4999 3.2
      vertex 17 48 3.2
      vertex 84.9 31 3.2
    endloop
  endfacet
  facet normal 0 0 1
    outer loop
      vertex 84.998 31.995 3.2
      vertex 17 48 3.2
      vertex 84.9246 31.4999 3.2
    endloop
  endfacet
  facet normal 0 0 1
    outer loop
      vertex 85.1196 32.4805 3.2
      vertex 17 48 3.2
      vertex 84.998 31.995 3.2
    endloop
  endfacet
  facet normal 0 0 1
    outer loop
      vertex 85.2882 32.9517 3.2
      vertex 17 48 3.2
      vertex 85.1196 32.4805 3.2
    endloop
  endfacet
  facet normal 0 0 1
    outer loop
      vertex 85.5022 33.4041 3.2
      vertex 17 48 3.2
      vertex 85.2882 32.9517 3.2
    endloop
  endfacet
  facet normal 0 0 1
    outer loop
      vertex 85.7595 33.8334 3.2
      vertex 17 48 3.2
      vertex 85.5022 33.4041 3.2
    endloop
  endfacet
  facet normal 0 0 1
    outer loop
      vertex 86.0576 34.2354 3.2
      vertex 17 48 3.2
      vertex 85.7595 33.8334 3.2
    endloop
  endfacet
  facet normal 0 0 1
    outer loop
      vertex 86.3938 34.6062 3.2
      vertex 17 48 3.2
      vertex 86.0576 34.2354 3.2
    endloop
  endfacet
  facet normal 0 0 1
    outer loop
      vertex 86.7646 34.9424 3.2
      vertex 17 48 3.2
      vertex 86.3938 34.6062 3.2
    endloop
  endfacet
  facet normal 0 0 1
    outer loop
      vertex 87.1666 35.2405 3.2
      vertex 17 48 3.2
      vertex 86.7646 34.9424 3.2
    endloop
  endfacet
  facet normal 0 0 1
    outer loop
      vertex 104.903 14.681 3.2
      vertex 103 14 3.2
      vertex 104.667 14.5056 3.2
    endloop
  endfacet
  facet normal 0 0 1
    outer loop
      vertex 104.667 14.5056 3.2
      vertex 103 14 3.2
      vertex 104.414 14.3542 3.2
    endloop
  endfacet
  facet normal 0 0 1
    outer loop
      vertex 104.414 14.3542 3.2
      vertex 103 14 3.2
      vertex 104.148 14.2283 3.2
    endloop
  endfacet
  facet normal 0 0 1
    outer loop
      vertex 104.148 14.2283 3.2
      vertex 103 14 3.2
      vertex 103.871 14.1292 3.2
    endloop
  endfacet
  facet normal 0 0 1
    outer loop
      vertex 103.585 14.0576 3.2
      vertex 103 14 3.2
      vertex 103.294 14.0144 3.2
    endloop
  endfacet
  facet normal 0 0 1
    outer loop
      vertex 103.871 14.1292 3.2
      vertex 103 14 3.2
      vertex 103.585 14.0576 3.2
    endloop
  endfacet
  facet normal 0 0 1
    outer loop
      vertex 105.121 14.8787 3.2
      vertex 103 14 3.2
      vertex 104.903 14.681 3.2
    endloop
  endfacet
  facet normal 0 0 1
    outer loop
      vertex 105.871 16.1291 3.2
      vertex 103 14 3.2
      vertex 105.772 15.8519 3.2
    endloop
  endfacet
  facet normal -0 0 1
    outer loop
      vertex 93.2354 27.0576 3.2
      vertex 103 14 3.2
      vertex 93.6062 27.3938 3.2
    endloop
  endfacet
  facet normal -0 0 1
    outer loop
      vertex 92.8334 26.7595 3.2
      vertex 103 14 3.2
      vertex 93.2354 27.0576 3.2
    endloop
  endfacet
  facet normal -0 0 1
    outer loop
      vertex 92.4041 26.5022 3.2
      vertex 103 14 3.2
      vertex 92.8334 26.7595 3.2
    endloop
  endfacet
  facet normal -0 0 1
    outer loop
      vertex 91.9517 26.2882 3.2
      vertex 103 14 3.2
      vertex 92.4041 26.5022 3.2
    endloop
  endfacet
  facet normal -0 0 1
    outer loop
      vertex 91.4805 26.1196 3.2
      vertex 103 14 3.2
      vertex 91.9517 26.2882 3.2
    endloop
  endfacet
  facet normal -0 0 1
    outer loop
      vertex 90.995 25.998 3.2
      vertex 103 14 3.2
      vertex 91.4805 26.1196 3.2
    endloop
  endfacet
  facet normal -0 0 1
    outer loop
      vertex 90.4999 25.9246 3.2
      vertex 103 14 3.2
      vertex 90.995 25.998 3.2
    endloop
  endfacet
  facet normal -0 0 1
    outer loop
      vertex 90 25.9 3.2
      vertex 103 14 3.2
      vertex 90.4999 25.9246 3.2
    endloop
  endfacet
  facet normal 0 0 1
    outer loop
      vertex 89.5001 25.9246 3.2
      vertex 103 14 3.2
      vertex 90 25.9 3.2
    endloop
  endfacet
  facet normal 0 0 1
    outer loop
      vertex 89.005 25.998 3.2
      vertex 103 14 3.2
      vertex 89.5001 25.9246 3.2
    endloop
  endfacet
  facet normal 0 0 1
    outer loop
      vertex 88.5195 26.1196 3.2
      vertex 103 14 3.2
      vertex 89.005 25.998 3.2
    endloop
  endfacet
  facet normal 0 0 1
    outer loop
      vertex 88.0483 26.2882 3.2
      vertex 103 14 3.2
      vertex 88.5195 26.1196 3.2
    endloop
  endfacet
  facet normal 0 0 1
    outer loop
      vertex 87.5959 26.5022 3.2
      vertex 103 14 3.2
      vertex 88.0483 26.2882 3.2
    endloop
  endfacet
  facet normal 0 0 1
    outer loop
      vertex 17 14 3.2
      vertex 87.5959 26.5022 3.2
      vertex 87.1666 26.7595 3.2
    endloop
  endfacet
  facet normal 0 0 1
    outer loop
      vertex 17 14 3.2
      vertex 87.1666 26.7595 3.2
      vertex 86.7646 27.0576 3.2
    endloop
  endfacet
  facet normal 0 0 1
    outer loop
      vertex 17 14 3.2
      vertex 84.9 31 3.2
      vertex 17 48 3.2
    endloop
  endfacet
  facet normal 0 0 1
    outer loop
      vertex 84.9 31 3.2
      vertex 17 14 3.2
      vertex 84.9246 30.5001 3.2
    endloop
  endfacet
  facet normal 0 0 1
    outer loop
      vertex 84.9246 30.5001 3.2
      vertex 17 14 3.2
      vertex 84.998 30.005 3.2
    endloop
  endfacet
  facet normal 0 0 1
    outer loop
      vertex 84.998 30.005 3.2
      vertex 17 14 3.2
      vertex 85.1196 29.5195 3.2
    endloop
  endfacet
  facet normal 0 0 1
    outer loop
      vertex 85.1196 29.5195 3.2
      vertex 17 14 3.2
      vertex 85.2882 29.0483 3.2
    endloop
  endfacet
  facet normal 0 0 1
    outer loop
      vertex 85.2882 29.0483 3.2
      vertex 17 14 3.2
      vertex 85.5022 28.5959 3.2
    endloop
  endfacet
  facet normal 0 0 1
    outer loop
      vertex 85.5022 28.5959 3.2
      vertex 17 14 3.2
      vertex 85.7595 28.1666 3.2
    endloop
  endfacet
  facet normal 0 0 1
    outer loop
      vertex 85.7595 28.1666 3.2
      vertex 17 14 3.2
      vertex 86.0576 27.7646 3.2
    endloop
  endfacet
  facet normal 0 0 1
    outer loop
      vertex 86.0576 27.7646 3.2
      vertex 17 14 3.2
      vertex 86.3938 27.3938 3.2
    endloop
  endfacet
  facet normal 0 0 1
    outer loop
      vertex 86.3938 27.3938 3.2
      vertex 17 14 3.2
      vertex 86.7646 27.0576 3.2
    endloop
  endfacet
  facet normal 0 0 1
    outer loop
      vertex 87.5959 26.5022 3.2
      vertex 17 14 3.2
      vertex 103 14 3.2
    endloop
  endfacet
  facet normal 0 0 1
    outer loop
      vertex 14 45 3.2
      vertex 17 48 3.2
      vertex 16.7059 47.9855 3.2
    endloop
  endfacet
  facet normal 0 0 1
    outer loop
      vertex 17 48 3.2
      vertex 14 45 3.2
      vertex 17 14 3.2
    endloop
  endfacet
  facet normal 0 0 1
    outer loop
      vertex 14 45 3.2
      vertex 16.7059 47.9855 3.2
      vertex 16.4147 47.9424 3.2
    endloop
  endfacet
  facet normal -0 0 1
    outer loop
      vertex 14 17 3.2
      vertex 17 14 3.2
      vertex 14 45 3.2
    endloop
  endfacet
  facet normal 0 0 1
    outer loop
      vertex 14 45 3.2
      vertex 16.4147 47.9424 3.2
      vertex 16.1291 47.8708 3.2
    endloop
  endfacet
  facet normal 0 0 1
    outer loop
      vertex 17 14 3.2
      vertex 14 17 3.2
      vertex 16.7059 14.0144 3.2
    endloop
  endfacet
  facet normal 0 0 1
    outer loop
      vertex 14 45 3.2
      vertex 16.1291 47.8708 3.2
      vertex 15.8519 47.7716 3.2
    endloop
  endfacet
  facet normal 0 0 1
    outer loop
      vertex 16.7059 14.0144 3.2
      vertex 14 17 3.2
      vertex 16.4147 14.0576 3.2
    endloop
  endfacet
  facet normal 0 0 1
    outer loop
      vertex 14 45 3.2
      vertex 15.8519 47.7716 3.2
      vertex 15.5858 47.6458 3.2
    endloop
  endfacet
  facet normal 0 0 1
    outer loop
      vertex 16.4147 14.0576 3.2
      vertex 14 17 3.2
      vertex 16.1291 14.1292 3.2
    endloop
  endfacet
  facet normal 0 0 1
    outer loop
      vertex 14 45 3.2
      vertex 15.5858 47.6458 3.2
      vertex 15.3333 47.4944 3.2
    endloop
  endfacet
  facet normal 0 0 1
    outer loop
      vertex 16.1291 14.1292 3.2
      vertex 14 17 3.2
      vertex 15.8519 14.2283 3.2
    endloop
  endfacet
  facet normal 0 0 1
    outer loop
      vertex 14 45 3.2
      vertex 15.3333 47.4944 3.2
      vertex 15.0968 47.319 3.2
    endloop
  endfacet
  facet normal 0 0 1
    outer loop
      vertex 15.8519 14.2283 3.2
      vertex 14 17 3.2
      vertex 15.5858 14.3542 3.2
    endloop
  endfacet
  facet normal 0 0 1
    outer loop
      vertex 14 45 3.2
      vertex 15.0968 47.319 3.2
      vertex 14.8787 47.1213 3.2
    endloop
  endfacet
  facet normal 0 0 1
    outer loop
      vertex 15.5858 14.3542 3.2
      vertex 14 17 3.2
      vertex 15.3333 14.5056 3.2
    endloop
  endfacet
  facet normal 0 0 1
    outer loop
      vertex 14 45 3.2
      vertex 14.8787 47.1213 3.2
      vertex 14.681 46.9032 3.2
    endloop
  endfacet
  facet normal 0 0 1
    outer loop
      vertex 15.3333 14.5056 3.2
      vertex 14 17 3.2
      vertex 15.0968 14.681 3.2
    endloop
  endfacet
  facet normal 0 0 1
    outer loop
      vertex 14 45 3.2
      vertex 14.681 46.9032 3.2
      vertex 14.5056 46.6667 3.2
    endloop
  endfacet
  facet normal 0 0 1
    outer loop
      vertex 15.0968 14.681 3.2
      vertex 14 17 3.2
      vertex 14.8787 14.8787 3.2
    endloop
  endfacet
  facet normal 0 0 1
    outer loop
      vertex 14 45 3.2
      vertex 14.5056 46.6667 3.2
      vertex 14.3542 46.4142 3.2
    endloop
  endfacet
  facet normal 0 0 1
    outer loop
      vertex 14.8787 14.8787 3.2
      vertex 14 17 3.2
      vertex 14.681 15.0968 3.2
    endloop
  endfacet
  facet normal 0 0 1
    outer loop
      vertex 14 45 3.2
      vertex 14.3542 46.4142 3.2
      vertex 14.2283 46.148 3.2
    endloop
  endfacet
  facet normal 0 0 1
    outer loop
      vertex 14.681 15.0968 3.2
      vertex 14 17 3.2
      vertex 14.5056 15.3333 3.2
    endloop
  endfacet
  facet normal 0 0 1
    outer loop
      vertex 14 45 3.2
      vertex 14.2283 46.148 3.2
      vertex 14.1292 45.8708 3.2
    endloop
  endfacet
  facet normal 0 0 1
    outer loop
      vertex 14.5056 15.3333 3.2
      vertex 14 17 3.2
      vertex 14.3542 15.5858 3.2
    endloop
  endfacet
  facet normal 0 0 1
    outer loop
      vertex 14 45 3.2
      vertex 14.1292 45.8708 3.2
      vertex 14.0576 45.5853 3.2
    endloop
  endfacet
  facet normal 0 0 1
    outer loop
      vertex 14.3542 15.5858 3.2
      vertex 14 17 3.2
      vertex 14.2283 15.8519 3.2
    endloop
  endfacet
  facet normal 0 0 1
    outer loop
      vertex 14 45 3.2
      vertex 14.0576 45.5853 3.2
      vertex 14.0144 45.294 3.2
    endloop
  endfacet
  facet normal 0 0 1
    outer loop
      vertex 14.2283 15.8519 3.2
      vertex 14 17 3.2
      vertex 14.1292 16.1291 3.2
    endloop
  endfacet
  facet normal 0 0 1
    outer loop
      vertex 14.1292 16.1291 3.2
      vertex 14 17 3.2
      vertex 14.0576 16.4147 3.2
    endloop
  endfacet
  facet normal 0 0 1
    outer loop
      vertex 14.0576 16.4147 3.2
      vertex 14 17 3.2
      vertex 14.0144 16.7059 3.2
    endloop
  endfacet
  facet normal 0.0491751 0.99879 -0
    outer loop
      vertex 116.392 61.9807 0
      vertex 116 62 3.2
      vertex 116.392 61.9807 3.2
    endloop
  endfacet
  facet normal 0.0491751 0.99879 0
    outer loop
      vertex 116 62 3.2
      vertex 116.392 61.9807 0
      vertex 116 62 0
    endloop
  endfacet
  facet normal 0 1 -0
    outer loop
      vertex 116 62 0
      vertex 4 62 3.2
      vertex 116 62 3.2
    endloop
  endfacet
  facet normal 0 1 0
    outer loop
      vertex 4 62 3.2
      vertex 116 62 0
      vertex 4 62 0
    endloop
  endfacet
  facet normal -0.998796 0.0490523 0
    outer loop
      vertex 0 58 0
      vertex 0.0192566 58.3921 3.2
      vertex 0.0192566 58.3921 0
    endloop
  endfacet
  facet normal -0.998796 0.0490523 0
    outer loop
      vertex 0.0192566 58.3921 3.2
      vertex 0 58 0
      vertex 0 58 3.2
    endloop
  endfacet
  facet normal 1 0 0
    outer loop
      vertex 120 27 3.2
      vertex 120 4 3.2
      vertex 120 27 1.2
    endloop
  endfacet
  facet normal 1 0 0
    outer loop
      vertex 120 35 1.2
      vertex 120 58 3.2
      vertex 120 35 3.2
    endloop
  endfacet
  facet normal 1 0 0
    outer loop
      vertex 120 58 3.2
      vertex 120 35 1.2
      vertex 120 58 0
    endloop
  endfacet
  facet normal 1 -0 0
    outer loop
      vertex 120 27 1.2
      vertex 120 58 0
      vertex 120 35 1.2
    endloop
  endfacet
  facet normal 1 0 0
    outer loop
      vertex 120 27 1.2
      vertex 120 4 0
      vertex 120 58 0
    endloop
  endfacet
  facet normal 1 0 0
    outer loop
      vertex 120 4 0
      vertex 120 27 1.2
      vertex 120 4 3.2
    endloop
  endfacet
  facet normal 0 -1 0
    outer loop
      vertex 4 0 0
      vertex 116 0 3.2
      vertex 4 0 3.2
    endloop
  endfacet
  facet normal 0 -1 -0
    outer loop
      vertex 116 0 3.2
      vertex 4 0 0
      vertex 116 0 0
    endloop
  endfacet
  facet normal 0.857515 0.514458 0
    outer loop
      vertex 119.528 59.8856 3.2
      vertex 119.326 60.2223 0
      vertex 119.326 60.2223 3.2
    endloop
  endfacet
  facet normal 0.857515 0.514458 0
    outer loop
      vertex 119.326 60.2223 0
      vertex 119.528 59.8856 3.2
      vertex 119.528 59.8856 0
    endloop
  endfacet
  facet normal -0.671543 0.740965 0
    outer loop
      vertex 1.46242 61.092 0
      vertex 1.17157 60.8284 3.2
      vertex 1.46242 61.092 3.2
    endloop
  endfacet
  facet normal -0.671543 0.740965 0
    outer loop
      vertex 1.17157 60.8284 3.2
      vertex 1.46242 61.092 0
      vertex 1.17157 60.8284 0
    endloop
  endfacet
  facet normal 0.672658 -0.739953 0
    outer loop
      vertex 118.538 0.907944 0
      vertex 118.828 1.17157 3.2
      vertex 118.538 0.907944 3.2
    endloop
  endfacet
  facet normal 0.672658 -0.739953 0
    outer loop
      vertex 118.828 1.17157 3.2
      vertex 118.538 0.907944 0
      vertex 118.828 1.17157 0
    endloop
  endfacet
  facet normal 0.998828 -0.0484039 0
    outer loop
      vertex 119.981 3.60793 3.2
      vertex 120 4 0
      vertex 120 4 3.2
    endloop
  endfacet
  facet normal 0.998828 -0.0484039 0
    outer loop
      vertex 120 4 0
      vertex 119.981 3.60793 3.2
      vertex 119.981 3.60793 0
    endloop
  endfacet
  facet normal 0.336574 -0.941657 0
    outer loop
      vertex 117.161 0.172226 0
      vertex 117.531 0.304474 3.2
      vertex 117.161 0.172226 3.2
    endloop
  endfacet
  facet normal 0.336574 -0.941657 0
    outer loop
      vertex 117.531 0.304474 3.2
      vertex 117.161 0.172226 0
      vertex 117.531 0.304474 0
    endloop
  endfacet
  facet normal -0.0490561 -0.998796 0
    outer loop
      vertex 3.60793 0.0192566 0
      vertex 4 0 3.2
      vertex 3.60793 0.0192566 3.2
    endloop
  endfacet
  facet normal -0.0490561 -0.998796 -0
    outer loop
      vertex 4 0 3.2
      vertex 3.60793 0.0192566 0
      vertex 4 0 0
    endloop
  endfacet
  facet normal -0.941542 -0.336897 0
    outer loop
      vertex 0.304474 2.46925 0
      vertex 0.172226 2.83885 3.2
      vertex 0.172226 2.83885 0
    endloop
  endfacet
  facet normal -0.941542 -0.336897 0
    outer loop
      vertex 0.172226 2.83885 3.2
      vertex 0.304474 2.46925 0
      vertex 0.304474 2.46925 3.2
    endloop
  endfacet
  facet normal 0.514871 0.857268 -0
    outer loop
      vertex 118.222 61.3259 0
      vertex 117.886 61.5277 3.2
      vertex 118.222 61.3259 3.2
    endloop
  endfacet
  facet normal 0.514871 0.857268 0
    outer loop
      vertex 117.886 61.5277 3.2
      vertex 118.222 61.3259 0
      vertex 117.886 61.5277 0
    endloop
  endfacet
  facet normal 0.146844 0.98916 -0
    outer loop
      vertex 116.78 61.9231 0
      vertex 116.392 61.9807 3.2
      vertex 116.78 61.9231 3.2
    endloop
  endfacet
  facet normal 0.146844 0.98916 0
    outer loop
      vertex 116.392 61.9807 3.2
      vertex 116.78 61.9231 0
      vertex 116.392 61.9807 0
    endloop
  endfacet
  facet normal -0.146737 0.989176 0
    outer loop
      vertex 3.60793 61.9807 0
      vertex 3.21964 61.9231 3.2
      vertex 3.60793 61.9807 3.2
    endloop
  endfacet
  facet normal -0.146737 0.989176 0
    outer loop
      vertex 3.21964 61.9231 3.2
      vertex 3.60793 61.9807 0
      vertex 3.21964 61.9231 0
    endloop
  endfacet
  facet normal -0.242781 0.970081 0
    outer loop
      vertex 3.21964 61.9231 0
      vertex 2.83885 61.8278 3.2
      vertex 3.21964 61.9231 3.2
    endloop
  endfacet
  facet normal -0.242781 0.970081 0
    outer loop
      vertex 2.83885 61.8278 3.2
      vertex 3.21964 61.9231 0
      vertex 2.83885 61.8278 0
    endloop
  endfacet
  facet normal -0.427499 0.904016 0
    outer loop
      vertex 2.46925 61.6955 0
      vertex 2.11441 61.5277 3.2
      vertex 2.46925 61.6955 3.2
    endloop
  endfacet
  facet normal -0.427499 0.904016 0
    outer loop
      vertex 2.11441 61.5277 3.2
      vertex 2.46925 61.6955 0
      vertex 2.11441 61.5277 0
    endloop
  endfacet
  facet normal -0.803228 0.595672 0
    outer loop
      vertex 0.674118 60.2223 0
      vertex 0.907944 60.5376 3.2
      vertex 0.907944 60.5376 0
    endloop
  endfacet
  facet normal -0.803228 0.595672 0
    outer loop
      vertex 0.907944 60.5376 3.2
      vertex 0.674118 60.2223 0
      vertex 0.674118 60.2223 3.2
    endloop
  endfacet
  facet normal -0.857725 0.514108 0
    outer loop
      vertex 0.472305 59.8856 0
      vertex 0.674118 60.2223 3.2
      vertex 0.674118 60.2223 0
    endloop
  endfacet
  facet normal -0.857725 0.514108 0
    outer loop
      vertex 0.674118 60.2223 3.2
      vertex 0.472305 59.8856 0
      vertex 0.472305 59.8856 3.2
    endloop
  endfacet
  facet normal -0.98917 0.146775 0
    outer loop
      vertex 0.0192566 58.3921 0
      vertex 0.0768585 58.7803 3.2
      vertex 0.0768585 58.7803 0
    endloop
  endfacet
  facet normal -0.98917 0.146775 0
    outer loop
      vertex 0.0768585 58.7803 3.2
      vertex 0.0192566 58.3921 0
      vertex 0.0192566 58.3921 3.2
    endloop
  endfacet
  facet normal 0.427406 -0.90406 0
    outer loop
      vertex 117.531 0.304474 0
      vertex 117.886 0.472305 3.2
      vertex 117.531 0.304474 3.2
    endloop
  endfacet
  facet normal 0.427406 -0.90406 0
    outer loop
      vertex 117.886 0.472305 3.2
      vertex 117.531 0.304474 0
      vertex 117.886 0.472305 0
    endloop
  endfacet
  facet normal 0.857515 -0.514458 0
    outer loop
      vertex 119.326 1.77771 3.2
      vertex 119.528 2.11441 0
      vertex 119.528 2.11441 3.2
    endloop
  endfacet
  facet normal 0.857515 -0.514458 0
    outer loop
      vertex 119.528 2.11441 0
      vertex 119.326 1.77771 3.2
      vertex 119.326 1.77771 0
    endloop
  endfacet
  facet normal 0.146849 -0.989159 0
    outer loop
      vertex 116.392 0.0192566 0
      vertex 116.78 0.0768585 3.2
      vertex 116.392 0.0192566 3.2
    endloop
  endfacet
  facet normal 0.146849 -0.989159 0
    outer loop
      vertex 116.78 0.0768585 3.2
      vertex 116.392 0.0192566 0
      vertex 116.78 0.0768585 0
    endloop
  endfacet
  facet normal 0.0490648 -0.998796 0
    outer loop
      vertex 116 0 0
      vertex 116.392 0.0192566 3.2
      vertex 116 0 3.2
    endloop
  endfacet
  facet normal 0.0490648 -0.998796 0
    outer loop
      vertex 116.392 0.0192566 3.2
      vertex 116 0 0
      vertex 116.392 0.0192566 0
    endloop
  endfacet
  facet normal 0.242817 -0.970072 0
    outer loop
      vertex 116.78 0.0768585 0
      vertex 117.161 0.172226 3.2
      vertex 116.78 0.0768585 3.2
    endloop
  endfacet
  facet normal 0.242817 -0.970072 0
    outer loop
      vertex 117.161 0.172226 3.2
      vertex 116.78 0.0768585 0
      vertex 117.161 0.172226 0
    endloop
  endfacet
  facet normal -0.67158 -0.740932 0
    outer loop
      vertex 1.17157 1.17157 0
      vertex 1.46242 0.907944 3.2
      vertex 1.17157 1.17157 3.2
    endloop
  endfacet
  facet normal -0.67158 -0.740932 -0
    outer loop
      vertex 1.46242 0.907944 3.2
      vertex 1.17157 1.17157 0
      vertex 1.46242 0.907944 0
    endloop
  endfacet
  facet normal -0.740932 -0.67158 0
    outer loop
      vertex 1.17157 1.17157 0
      vertex 0.907944 1.46242 3.2
      vertex 0.907944 1.46242 0
    endloop
  endfacet
  facet normal -0.740932 -0.67158 0
    outer loop
      vertex 0.907944 1.46242 3.2
      vertex 1.17157 1.17157 0
      vertex 1.17157 1.17157 3.2
    endloop
  endfacet
  facet normal -0.970041 -0.242943 0
    outer loop
      vertex 0.172226 2.83885 0
      vertex 0.0768585 3.21964 3.2
      vertex 0.0768585 3.21964 0
    endloop
  endfacet
  facet normal -0.970041 -0.242943 0
    outer loop
      vertex 0.0768585 3.21964 3.2
      vertex 0.172226 2.83885 0
      vertex 0.172226 2.83885 3.2
    endloop
  endfacet
  facet normal 0.970262 0.242056 0
    outer loop
      vertex 119.923 58.7803 3.2
      vertex 119.828 59.1611 0
      vertex 119.828 59.1611 3.2
    endloop
  endfacet
  facet normal 0.970262 0.242056 0
    outer loop
      vertex 119.828 59.1611 0
      vertex 119.923 58.7803 3.2
      vertex 119.923 58.7803 0
    endloop
  endfacet
  facet normal 0.989022 0.147767 0
    outer loop
      vertex 119.981 58.3921 3.2
      vertex 119.923 58.7803 0
      vertex 119.923 58.7803 3.2
    endloop
  endfacet
  facet normal 0.989022 0.147767 0
    outer loop
      vertex 119.923 58.7803 0
      vertex 119.981 58.3921 3.2
      vertex 119.981 58.3921 0
    endloop
  endfacet
  facet normal 0.903847 0.427856 0
    outer loop
      vertex 119.696 59.5307 3.2
      vertex 119.528 59.8856 0
      vertex 119.528 59.8856 3.2
    endloop
  endfacet
  facet normal 0.903847 0.427856 0
    outer loop
      vertex 119.528 59.8856 0
      vertex 119.696 59.5307 3.2
      vertex 119.696 59.5307 0
    endloop
  endfacet
  facet normal 0.941742 0.336336 0
    outer loop
      vertex 119.828 59.1611 3.2
      vertex 119.696 59.5307 0
      vertex 119.696 59.5307 3.2
    endloop
  endfacet
  facet normal 0.941742 0.336336 0
    outer loop
      vertex 119.696 59.5307 0
      vertex 119.828 59.1611 3.2
      vertex 119.828 59.1611 0
    endloop
  endfacet
  facet normal 0.803015 0.595958 0
    outer loop
      vertex 119.326 60.2223 3.2
      vertex 119.092 60.5376 0
      vertex 119.092 60.5376 3.2
    endloop
  endfacet
  facet normal 0.803015 0.595958 0
    outer loop
      vertex 119.092 60.5376 0
      vertex 119.326 60.2223 3.2
      vertex 119.326 60.2223 0
    endloop
  endfacet
  facet normal 0.672622 0.739986 -0
    outer loop
      vertex 118.828 60.8284 0
      vertex 118.538 61.092 3.2
      vertex 118.828 60.8284 3.2
    endloop
  endfacet
  facet normal 0.672622 0.739986 0
    outer loop
      vertex 118.538 61.092 3.2
      vertex 118.828 60.8284 0
      vertex 118.538 61.092 0
    endloop
  endfacet
  facet normal 0.242655 0.970113 -0
    outer loop
      vertex 117.161 61.8278 0
      vertex 116.78 61.9231 3.2
      vertex 117.161 61.8278 3.2
    endloop
  endfacet
  facet normal 0.242655 0.970113 0
    outer loop
      vertex 116.78 61.9231 3.2
      vertex 117.161 61.8278 0
      vertex 116.78 61.9231 0
    endloop
  endfacet
  facet normal 0.427342 0.90409 -0
    outer loop
      vertex 117.886 61.5277 0
      vertex 117.531 61.6955 3.2
      vertex 117.886 61.5277 3.2
    endloop
  endfacet
  facet normal 0.427342 0.90409 0
    outer loop
      vertex 117.531 61.6955 3.2
      vertex 117.886 61.5277 0
      vertex 117.531 61.6955 0
    endloop
  endfacet
  facet normal 0.594942 0.803769 -0
    outer loop
      vertex 118.538 61.092 0
      vertex 118.222 61.3259 3.2
      vertex 118.538 61.092 3.2
    endloop
  endfacet
  facet normal 0.594942 0.803769 0
    outer loop
      vertex 118.222 61.3259 3.2
      vertex 118.538 61.092 0
      vertex 118.222 61.3259 0
    endloop
  endfacet
  facet normal 0.336691 0.941615 -0
    outer loop
      vertex 117.531 61.6955 0
      vertex 117.161 61.8278 3.2
      vertex 117.531 61.6955 3.2
    endloop
  endfacet
  facet normal 0.336691 0.941615 0
    outer loop
      vertex 117.161 61.8278 3.2
      vertex 117.531 61.6955 0
      vertex 117.161 61.8278 0
    endloop
  endfacet
  facet normal -0.0491664 0.998791 0
    outer loop
      vertex 4 62 0
      vertex 3.60793 61.9807 3.2
      vertex 4 62 3.2
    endloop
  endfacet
  facet normal -0.0491664 0.998791 0
    outer loop
      vertex 3.60793 61.9807 3.2
      vertex 4 62 0
      vertex 3.60793 61.9807 0
    endloop
  endfacet
  facet normal -0.595806 0.803128 0
    outer loop
      vertex 1.77771 61.3259 0
      vertex 1.46242 61.092 3.2
      vertex 1.77771 61.3259 3.2
    endloop
  endfacet
  facet normal -0.595806 0.803128 0
    outer loop
      vertex 1.46242 61.092 3.2
      vertex 1.77771 61.3259 0
      vertex 1.46242 61.092 0
    endloop
  endfacet
  facet normal -0.514084 0.85774 0
    outer loop
      vertex 2.11441 61.5277 0
      vertex 1.77771 61.3259 3.2
      vertex 2.11441 61.5277 3.2
    endloop
  endfacet
  facet normal -0.514084 0.85774 0
    outer loop
      vertex 1.77771 61.3259 3.2
      vertex 2.11441 61.5277 0
      vertex 1.77771 61.3259 0
    endloop
  endfacet
  facet normal -0.740875 0.671643 0
    outer loop
      vertex 0.907944 60.5376 0
      vertex 1.17157 60.8284 3.2
      vertex 1.17157 60.8284 0
    endloop
  endfacet
  facet normal -0.740875 0.671643 0
    outer loop
      vertex 1.17157 60.8284 3.2
      vertex 0.907944 60.5376 0
      vertex 0.907944 60.5376 3.2
    endloop
  endfacet
  facet normal -0.970042 0.242937 0
    outer loop
      vertex 0.0768585 58.7803 0
      vertex 0.172226 59.1611 3.2
      vertex 0.172226 59.1611 0
    endloop
  endfacet
  facet normal -0.970042 0.242937 0
    outer loop
      vertex 0.172226 59.1611 3.2
      vertex 0.0768585 58.7803 0
      vertex 0.0768585 58.7803 3.2
    endloop
  endfacet
  facet normal -0.904013 0.427505 0
    outer loop
      vertex 0.304474 59.5307 0
      vertex 0.472305 59.8856 3.2
      vertex 0.472305 59.8856 0
    endloop
  endfacet
  facet normal -0.904013 0.427505 0
    outer loop
      vertex 0.472305 59.8856 3.2
      vertex 0.304474 59.5307 0
      vertex 0.304474 59.5307 3.2
    endloop
  endfacet
  facet normal -0.941542 0.336897 0
    outer loop
      vertex 0.172226 59.1611 0
      vertex 0.304474 59.5307 3.2
      vertex 0.304474 59.5307 0
    endloop
  endfacet
  facet normal -0.941542 0.336897 0
    outer loop
      vertex 0.304474 59.5307 3.2
      vertex 0.172226 59.1611 0
      vertex 0.172226 59.1611 3.2
    endloop
  endfacet
  facet normal 0.514895 -0.857253 0
    outer loop
      vertex 117.886 0.472305 0
      vertex 118.222 0.674118 3.2
      vertex 117.886 0.472305 3.2
    endloop
  endfacet
  facet normal 0.514895 -0.857253 0
    outer loop
      vertex 118.222 0.674118 3.2
      vertex 117.886 0.472305 0
      vertex 118.222 0.674118 0
    endloop
  endfacet
  facet normal 0.803006 -0.59597 0
    outer loop
      vertex 119.092 1.46242 3.2
      vertex 119.326 1.77771 0
      vertex 119.326 1.77771 3.2
    endloop
  endfacet
  facet normal 0.803006 -0.59597 0
    outer loop
      vertex 119.326 1.77771 0
      vertex 119.092 1.46242 3.2
      vertex 119.092 1.46242 0
    endloop
  endfacet
  facet normal 0.970261 -0.242062 0
    outer loop
      vertex 119.828 2.83885 3.2
      vertex 119.923 3.21964 0
      vertex 119.923 3.21964 3.2
    endloop
  endfacet
  facet normal 0.970261 -0.242062 0
    outer loop
      vertex 119.923 3.21964 0
      vertex 119.828 2.83885 3.2
      vertex 119.828 2.83885 0
    endloop
  endfacet
  facet normal 0.903819 -0.427916 0
    outer loop
      vertex 119.528 2.11441 3.2
      vertex 119.696 2.46925 0
      vertex 119.696 2.46925 3.2
    endloop
  endfacet
  facet normal 0.903819 -0.427916 0
    outer loop
      vertex 119.696 2.46925 0
      vertex 119.528 2.11441 3.2
      vertex 119.528 2.11441 0
    endloop
  endfacet
  facet normal 0.941742 -0.336336 0
    outer loop
      vertex 119.696 2.46925 3.2
      vertex 119.828 2.83885 0
      vertex 119.828 2.83885 3.2
    endloop
  endfacet
  facet normal 0.941742 -0.336336 0
    outer loop
      vertex 119.828 2.83885 0
      vertex 119.696 2.46925 3.2
      vertex 119.696 2.46925 0
    endloop
  endfacet
  facet normal -0.595685 -0.803219 0
    outer loop
      vertex 1.46242 0.907944 0
      vertex 1.77771 0.674118 3.2
      vertex 1.46242 0.907944 3.2
    endloop
  endfacet
  facet normal -0.595685 -0.803219 -0
    outer loop
      vertex 1.77771 0.674118 3.2
      vertex 1.46242 0.907944 0
      vertex 1.77771 0.674118 0
    endloop
  endfacet
  facet normal -0.514108 -0.857725 0
    outer loop
      vertex 1.77771 0.674118 0
      vertex 2.11441 0.472305 3.2
      vertex 1.77771 0.674118 3.2
    endloop
  endfacet
  facet normal -0.514108 -0.857725 -0
    outer loop
      vertex 2.11441 0.472305 3.2
      vertex 1.77771 0.674118 0
      vertex 2.11441 0.472305 0
    endloop
  endfacet
  facet normal -0.427564 -0.903985 0
    outer loop
      vertex 2.11441 0.472305 0
      vertex 2.46925 0.304474 3.2
      vertex 2.11441 0.472305 3.2
    endloop
  endfacet
  facet normal -0.427564 -0.903985 -0
    outer loop
      vertex 2.46925 0.304474 3.2
      vertex 2.11441 0.472305 0
      vertex 2.46925 0.304474 0
    endloop
  endfacet
  facet normal -0.242943 -0.970041 0
    outer loop
      vertex 2.83885 0.172226 0
      vertex 3.21964 0.0768585 3.2
      vertex 2.83885 0.172226 3.2
    endloop
  endfacet
  facet normal -0.242943 -0.970041 -0
    outer loop
      vertex 3.21964 0.0768585 3.2
      vertex 2.83885 0.172226 0
      vertex 3.21964 0.0768585 0
    endloop
  endfacet
  facet normal -0.857725 -0.514108 0
    outer loop
      vertex 0.674118 1.77771 0
      vertex 0.472305 2.11441 3.2
      vertex 0.472305 2.11441 0
    endloop
  endfacet
  facet normal -0.857725 -0.514108 0
    outer loop
      vertex 0.472305 2.11441 3.2
      vertex 0.674118 1.77771 0
      vertex 0.674118 1.77771 3.2
    endloop
  endfacet
  facet normal 0.740401 0.672166 0
    outer loop
      vertex 119.092 60.5376 3.2
      vertex 118.828 60.8284 0
      vertex 118.828 60.8284 3.2
    endloop
  endfacet
  facet normal 0.740401 0.672166 0
    outer loop
      vertex 118.828 60.8284 0
      vertex 119.092 60.5376 3.2
      vertex 119.092 60.5376 0
    endloop
  endfacet
  facet normal 0.59482 -0.803859 0
    outer loop
      vertex 118.222 0.674118 0
      vertex 118.538 0.907944 3.2
      vertex 118.222 0.674118 3.2
    endloop
  endfacet
  facet normal 0.59482 -0.803859 0
    outer loop
      vertex 118.538 0.907944 3.2
      vertex 118.222 0.674118 0
      vertex 118.538 0.907944 0
    endloop
  endfacet
  facet normal 0.740458 -0.672102 0
    outer loop
      vertex 118.828 1.17157 3.2
      vertex 119.092 1.46242 0
      vertex 119.092 1.46242 3.2
    endloop
  endfacet
  facet normal 0.740458 -0.672102 0
    outer loop
      vertex 119.092 1.46242 0
      vertex 118.828 1.17157 3.2
      vertex 118.828 1.17157 0
    endloop
  endfacet
  facet normal 0.989027 -0.147734 0
    outer loop
      vertex 119.923 3.21964 3.2
      vertex 119.981 3.60793 0
      vertex 119.981 3.60793 3.2
    endloop
  endfacet
  facet normal 0.989027 -0.147734 0
    outer loop
      vertex 119.981 3.60793 0
      vertex 119.923 3.21964 3.2
      vertex 119.923 3.21964 0
    endloop
  endfacet
  facet normal -0.336897 -0.941542 0
    outer loop
      vertex 2.46925 0.304474 0
      vertex 2.83885 0.172226 3.2
      vertex 2.46925 0.304474 3.2
    endloop
  endfacet
  facet normal -0.336897 -0.941542 -0
    outer loop
      vertex 2.83885 0.172226 3.2
      vertex 2.46925 0.304474 0
      vertex 2.83885 0.172226 0
    endloop
  endfacet
  facet normal -0.146742 -0.989175 0
    outer loop
      vertex 3.21964 0.0768585 0
      vertex 3.60793 0.0192566 3.2
      vertex 3.21964 0.0768585 3.2
    endloop
  endfacet
  facet normal -0.146742 -0.989175 -0
    outer loop
      vertex 3.60793 0.0192566 3.2
      vertex 3.21964 0.0768585 0
      vertex 3.60793 0.0192566 0
    endloop
  endfacet
  facet normal -0.803219 -0.595685 0
    outer loop
      vertex 0.907944 1.46242 0
      vertex 0.674118 1.77771 3.2
      vertex 0.674118 1.77771 0
    endloop
  endfacet
  facet normal -0.803219 -0.595685 0
    outer loop
      vertex 0.674118 1.77771 3.2
      vertex 0.907944 1.46242 0
      vertex 0.907944 1.46242 3.2
    endloop
  endfacet
  facet normal -0.903985 -0.427564 0
    outer loop
      vertex 0.472305 2.11441 0
      vertex 0.304474 2.46925 3.2
      vertex 0.304474 2.46925 0
    endloop
  endfacet
  facet normal -0.903985 -0.427564 0
    outer loop
      vertex 0.304474 2.46925 3.2
      vertex 0.472305 2.11441 0
      vertex 0.472305 2.11441 3.2
    endloop
  endfacet
  facet normal -0.998791 -0.0491504 0
    outer loop
      vertex 95.1 31 0
      vertex 95.0754 31.4999 3.2
      vertex 95.0754 31.4999 0
    endloop
  endfacet
  facet normal -0.998791 -0.0491504 0
    outer loop
      vertex 95.0754 31.4999 3.2
      vertex 95.1 31 0
      vertex 95.1 31 3.2
    endloop
  endfacet
  facet normal 0.0491504 -0.998791 0
    outer loop
      vertex 89.5001 36.0754 0
      vertex 90 36.1 3.2
      vertex 89.5001 36.0754 3.2
    endloop
  endfacet
  facet normal 0.0491504 -0.998791 0
    outer loop
      vertex 90 36.1 3.2
      vertex 89.5001 36.0754 0
      vertex 90 36.1 0
    endloop
  endfacet
  facet normal -0.0491504 0.998791 0
    outer loop
      vertex 90.4999 25.9246 0
      vertex 90 25.9 3.2
      vertex 90.4999 25.9246 3.2
    endloop
  endfacet
  facet normal -0.0491504 0.998791 0
    outer loop
      vertex 90 25.9 3.2
      vertex 90.4999 25.9246 0
      vertex 90 25.9 0
    endloop
  endfacet
  facet normal -0.671698 -0.740825 0
    outer loop
      vertex 93.2354 34.9424 0
      vertex 93.6062 34.6062 3.2
      vertex 93.2354 34.9424 3.2
    endloop
  endfacet
  facet normal -0.671698 -0.740825 -0
    outer loop
      vertex 93.6062 34.6062 3.2
      vertex 93.2354 34.9424 0
      vertex 93.6062 34.6062 0
    endloop
  endfacet
  facet normal 0.740825 -0.671698 0
    outer loop
      vertex 86.0576 34.2354 3.2
      vertex 86.3938 34.6062 0
      vertex 86.3938 34.6062 3.2
    endloop
  endfacet
  facet normal 0.740825 -0.671698 0
    outer loop
      vertex 86.3938 34.6062 0
      vertex 86.0576 34.2354 3.2
      vertex 86.0576 34.2354 0
    endloop
  endfacet
  facet normal 0.427605 -0.903966 0
    outer loop
      vertex 87.5959 35.4978 0
      vertex 88.0483 35.7118 3.2
      vertex 87.5959 35.4978 3.2
    endloop
  endfacet
  facet normal 0.427605 -0.903966 0
    outer loop
      vertex 88.0483 35.7118 3.2
      vertex 87.5959 35.4978 0
      vertex 88.0483 35.7118 0
    endloop
  endfacet
  facet normal -0.85774 0.514084 0
    outer loop
      vertex 94.2405 28.1666 0
      vertex 94.4978 28.5959 3.2
      vertex 94.4978 28.5959 0
    endloop
  endfacet
  facet normal -0.85774 0.514084 0
    outer loop
      vertex 94.4978 28.5959 3.2
      vertex 94.2405 28.1666 0
      vertex 94.2405 28.1666 3.2
    endloop
  endfacet
  facet normal -0.903966 -0.427605 0
    outer loop
      vertex 94.7118 32.9517 0
      vertex 94.4978 33.4041 3.2
      vertex 94.4978 33.4041 0
    endloop
  endfacet
  facet normal -0.903966 -0.427605 0
    outer loop
      vertex 94.4978 33.4041 3.2
      vertex 94.7118 32.9517 0
      vertex 94.7118 32.9517 3.2
    endloop
  endfacet
  facet normal -0.336893 -0.941543 0
    outer loop
      vertex 91.4805 35.8804 0
      vertex 91.9517 35.7118 3.2
      vertex 91.4805 35.8804 3.2
    endloop
  endfacet
  facet normal -0.336893 -0.941543 -0
    outer loop
      vertex 91.9517 35.7118 3.2
      vertex 91.4805 35.8804 0
      vertex 91.9517 35.7118 0
    endloop
  endfacet
  facet normal -0.514084 -0.85774 0
    outer loop
      vertex 92.4041 35.4978 0
      vertex 92.8334 35.2405 3.2
      vertex 92.4041 35.4978 3.2
    endloop
  endfacet
  facet normal -0.514084 -0.85774 -0
    outer loop
      vertex 92.8334 35.2405 3.2
      vertex 92.4041 35.4978 0
      vertex 92.8334 35.2405 0
    endloop
  endfacet
  facet normal 0.941543 -0.336893 0
    outer loop
      vertex 85.1196 32.4805 3.2
      vertex 85.2882 32.9517 0
      vertex 85.2882 32.9517 3.2
    endloop
  endfacet
  facet normal 0.941543 -0.336893 0
    outer loop
      vertex 85.2882 32.9517 0
      vertex 85.1196 32.4805 3.2
      vertex 85.1196 32.4805 0
    endloop
  endfacet
  facet normal 0.242959 -0.970037 0
    outer loop
      vertex 88.5195 35.8804 0
      vertex 89.005 36.002 3.2
      vertex 88.5195 35.8804 3.2
    endloop
  endfacet
  facet normal 0.242959 -0.970037 0
    outer loop
      vertex 89.005 36.002 3.2
      vertex 88.5195 35.8804 0
      vertex 89.005 36.002 0
    endloop
  endfacet
  facet normal -0.970037 0.242959 0
    outer loop
      vertex 94.8804 29.5195 0
      vertex 95.002 30.005 3.2
      vertex 95.002 30.005 0
    endloop
  endfacet
  facet normal -0.970037 0.242959 0
    outer loop
      vertex 95.002 30.005 3.2
      vertex 94.8804 29.5195 0
      vertex 94.8804 29.5195 3.2
    endloop
  endfacet
  facet normal -0.14665 0.989188 0
    outer loop
      vertex 90.995 25.998 0
      vertex 90.4999 25.9246 3.2
      vertex 90.995 25.998 3.2
    endloop
  endfacet
  facet normal -0.14665 0.989188 0
    outer loop
      vertex 90.4999 25.9246 3.2
      vertex 90.995 25.998 0
      vertex 90.4999 25.9246 0
    endloop
  endfacet
  facet normal -0.970037 -0.242959 0
    outer loop
      vertex 95.002 31.995 0
      vertex 94.8804 32.4805 3.2
      vertex 94.8804 32.4805 0
    endloop
  endfacet
  facet normal -0.970037 -0.242959 0
    outer loop
      vertex 94.8804 32.4805 3.2
      vertex 95.002 31.995 0
      vertex 95.002 31.995 3.2
    endloop
  endfacet
  facet normal -0.989188 -0.14665 0
    outer loop
      vertex 95.0754 31.4999 0
      vertex 95.002 31.995 3.2
      vertex 95.002 31.995 0
    endloop
  endfacet
  facet normal -0.989188 -0.14665 0
    outer loop
      vertex 95.002 31.995 3.2
      vertex 95.0754 31.4999 0
      vertex 95.0754 31.4999 3.2
    endloop
  endfacet
  facet normal -0.941543 -0.336893 0
    outer loop
      vertex 94.8804 32.4805 0
      vertex 94.7118 32.9517 3.2
      vertex 94.7118 32.9517 0
    endloop
  endfacet
  facet normal -0.941543 -0.336893 0
    outer loop
      vertex 94.7118 32.9517 3.2
      vertex 94.8804 32.4805 0
      vertex 94.8804 32.4805 3.2
    endloop
  endfacet
  facet normal -0.803249 -0.595643 0
    outer loop
      vertex 94.2405 33.8334 0
      vertex 93.9424 34.2354 3.2
      vertex 93.9424 34.2354 0
    endloop
  endfacet
  facet normal -0.803249 -0.595643 0
    outer loop
      vertex 93.9424 34.2354 3.2
      vertex 94.2405 33.8334 0
      vertex 94.2405 33.8334 3.2
    endloop
  endfacet
  facet normal -0.740825 -0.671698 0
    outer loop
      vertex 93.9424 34.2354 0
      vertex 93.6062 34.6062 3.2
      vertex 93.6062 34.6062 0
    endloop
  endfacet
  facet normal -0.740825 -0.671698 0
    outer loop
      vertex 93.6062 34.6062 3.2
      vertex 93.9424 34.2354 0
      vertex 93.9424 34.2354 3.2
    endloop
  endfacet
  facet normal -0.85774 -0.514084 0
    outer loop
      vertex 94.4978 33.4041 0
      vertex 94.2405 33.8334 3.2
      vertex 94.2405 33.8334 0
    endloop
  endfacet
  facet normal -0.85774 -0.514084 0
    outer loop
      vertex 94.2405 33.8334 3.2
      vertex 94.4978 33.4041 0
      vertex 94.4978 33.4041 3.2
    endloop
  endfacet
  facet normal -0.14665 -0.989188 0
    outer loop
      vertex 90.4999 36.0754 0
      vertex 90.995 36.002 3.2
      vertex 90.4999 36.0754 3.2
    endloop
  endfacet
  facet normal -0.14665 -0.989188 -0
    outer loop
      vertex 90.995 36.002 3.2
      vertex 90.4999 36.0754 0
      vertex 90.995 36.002 0
    endloop
  endfacet
  facet normal -0.242959 -0.970037 0
    outer loop
      vertex 90.995 36.002 0
      vertex 91.4805 35.8804 3.2
      vertex 90.995 36.002 3.2
    endloop
  endfacet
  facet normal -0.242959 -0.970037 -0
    outer loop
      vertex 91.4805 35.8804 3.2
      vertex 90.995 36.002 0
      vertex 91.4805 35.8804 0
    endloop
  endfacet
  facet normal -0.0491504 -0.998791 0
    outer loop
      vertex 90 36.1 0
      vertex 90.4999 36.0754 3.2
      vertex 90 36.1 3.2
    endloop
  endfacet
  facet normal -0.0491504 -0.998791 -0
    outer loop
      vertex 90.4999 36.0754 3.2
      vertex 90 36.1 0
      vertex 90.4999 36.0754 0
    endloop
  endfacet
  facet normal -0.427605 -0.903966 0
    outer loop
      vertex 91.9517 35.7118 0
      vertex 92.4041 35.4978 3.2
      vertex 91.9517 35.7118 3.2
    endloop
  endfacet
  facet normal -0.427605 -0.903966 -0
    outer loop
      vertex 92.4041 35.4978 3.2
      vertex 91.9517 35.7118 0
      vertex 92.4041 35.4978 0
    endloop
  endfacet
  facet normal -0.595643 -0.803249 0
    outer loop
      vertex 92.8334 35.2405 0
      vertex 93.2354 34.9424 3.2
      vertex 92.8334 35.2405 3.2
    endloop
  endfacet
  facet normal -0.595643 -0.803249 -0
    outer loop
      vertex 93.2354 34.9424 3.2
      vertex 92.8334 35.2405 0
      vertex 93.2354 34.9424 0
    endloop
  endfacet
  facet normal 0.989188 -0.14665 0
    outer loop
      vertex 84.9246 31.4999 3.2
      vertex 84.998 31.995 0
      vertex 84.998 31.995 3.2
    endloop
  endfacet
  facet normal 0.989188 -0.14665 0
    outer loop
      vertex 84.998 31.995 0
      vertex 84.9246 31.4999 3.2
      vertex 84.9246 31.4999 0
    endloop
  endfacet
  facet normal 0.85774 -0.514084 0
    outer loop
      vertex 85.5022 33.4041 3.2
      vertex 85.7595 33.8334 0
      vertex 85.7595 33.8334 3.2
    endloop
  endfacet
  facet normal 0.85774 -0.514084 0
    outer loop
      vertex 85.7595 33.8334 0
      vertex 85.5022 33.4041 3.2
      vertex 85.5022 33.4041 0
    endloop
  endfacet
  facet normal 0.803249 -0.595643 0
    outer loop
      vertex 85.7595 33.8334 3.2
      vertex 86.0576 34.2354 0
      vertex 86.0576 34.2354 3.2
    endloop
  endfacet
  facet normal 0.803249 -0.595643 0
    outer loop
      vertex 86.0576 34.2354 0
      vertex 85.7595 33.8334 3.2
      vertex 85.7595 33.8334 0
    endloop
  endfacet
  facet normal 0.903966 -0.427605 0
    outer loop
      vertex 85.2882 32.9517 3.2
      vertex 85.5022 33.4041 0
      vertex 85.5022 33.4041 3.2
    endloop
  endfacet
  facet normal 0.903966 -0.427605 0
    outer loop
      vertex 85.5022 33.4041 0
      vertex 85.2882 32.9517 3.2
      vertex 85.2882 32.9517 0
    endloop
  endfacet
  facet normal 0.970037 -0.242959 0
    outer loop
      vertex 84.998 31.995 3.2
      vertex 85.1196 32.4805 0
      vertex 85.1196 32.4805 3.2
    endloop
  endfacet
  facet normal 0.970037 -0.242959 0
    outer loop
      vertex 85.1196 32.4805 0
      vertex 84.998 31.995 3.2
      vertex 84.998 31.995 0
    endloop
  endfacet
  facet normal 0.998791 -0.0491504 0
    outer loop
      vertex 84.9 31 3.2
      vertex 84.9246 31.4999 0
      vertex 84.9246 31.4999 3.2
    endloop
  endfacet
  facet normal 0.998791 -0.0491504 0
    outer loop
      vertex 84.9246 31.4999 0
      vertex 84.9 31 3.2
      vertex 84.9 31 0
    endloop
  endfacet
  facet normal 0.595643 -0.803249 0
    outer loop
      vertex 86.7646 34.9424 0
      vertex 87.1666 35.2405 3.2
      vertex 86.7646 34.9424 3.2
    endloop
  endfacet
  facet normal 0.595643 -0.803249 0
    outer loop
      vertex 87.1666 35.2405 3.2
      vertex 86.7646 34.9424 0
      vertex 87.1666 35.2405 0
    endloop
  endfacet
  facet normal 0.514084 -0.85774 0
    outer loop
      vertex 87.1666 35.2405 0
      vertex 87.5959 35.4978 3.2
      vertex 87.1666 35.2405 3.2
    endloop
  endfacet
  facet normal 0.514084 -0.85774 0
    outer loop
      vertex 87.5959 35.4978 3.2
      vertex 87.1666 35.2405 0
      vertex 87.5959 35.4978 0
    endloop
  endfacet
  facet normal 0.671698 -0.740825 0
    outer loop
      vertex 86.3938 34.6062 0
      vertex 86.7646 34.9424 3.2
      vertex 86.3938 34.6062 3.2
    endloop
  endfacet
  facet normal 0.671698 -0.740825 0
    outer loop
      vertex 86.7646 34.9424 3.2
      vertex 86.3938 34.6062 0
      vertex 86.7646 34.9424 0
    endloop
  endfacet
  facet normal 0.336893 -0.941543 0
    outer loop
      vertex 88.0483 35.7118 0
      vertex 88.5195 35.8804 3.2
      vertex 88.0483 35.7118 3.2
    endloop
  endfacet
  facet normal 0.336893 -0.941543 0
    outer loop
      vertex 88.5195 35.8804 3.2
      vertex 88.0483 35.7118 0
      vertex 88.5195 35.8804 0
    endloop
  endfacet
  facet normal 0.14665 -0.989188 0
    outer loop
      vertex 89.005 36.002 0
      vertex 89.5001 36.0754 3.2
      vertex 89.005 36.002 3.2
    endloop
  endfacet
  facet normal 0.14665 -0.989188 0
    outer loop
      vertex 89.5001 36.0754 3.2
      vertex 89.005 36.002 0
      vertex 89.5001 36.0754 0
    endloop
  endfacet
  facet normal -0.740825 0.671698 0
    outer loop
      vertex 93.6062 27.3938 0
      vertex 93.9424 27.7646 3.2
      vertex 93.9424 27.7646 0
    endloop
  endfacet
  facet normal -0.740825 0.671698 0
    outer loop
      vertex 93.9424 27.7646 3.2
      vertex 93.6062 27.3938 0
      vertex 93.6062 27.3938 3.2
    endloop
  endfacet
  facet normal 0.85774 0.514084 0
    outer loop
      vertex 85.7595 28.1666 3.2
      vertex 85.5022 28.5959 0
      vertex 85.5022 28.5959 3.2
    endloop
  endfacet
  facet normal 0.85774 0.514084 0
    outer loop
      vertex 85.5022 28.5959 0
      vertex 85.7595 28.1666 3.2
      vertex 85.7595 28.1666 0
    endloop
  endfacet
  facet normal 0.740825 0.671698 0
    outer loop
      vertex 86.3938 27.3938 3.2
      vertex 86.0576 27.7646 0
      vertex 86.0576 27.7646 3.2
    endloop
  endfacet
  facet normal 0.740825 0.671698 0
    outer loop
      vertex 86.0576 27.7646 0
      vertex 86.3938 27.3938 3.2
      vertex 86.3938 27.3938 0
    endloop
  endfacet
  facet normal 0.998791 0.0491504 0
    outer loop
      vertex 84.9246 30.5001 3.2
      vertex 84.9 31 0
      vertex 84.9 31 3.2
    endloop
  endfacet
  facet normal 0.998791 0.0491504 0
    outer loop
      vertex 84.9 31 0
      vertex 84.9246 30.5001 3.2
      vertex 84.9246 30.5001 0
    endloop
  endfacet
  facet normal -0.903966 0.427605 0
    outer loop
      vertex 94.4978 28.5959 0
      vertex 94.7118 29.0483 3.2
      vertex 94.7118 29.0483 0
    endloop
  endfacet
  facet normal -0.903966 0.427605 0
    outer loop
      vertex 94.7118 29.0483 3.2
      vertex 94.4978 28.5959 0
      vertex 94.4978 28.5959 3.2
    endloop
  endfacet
  facet normal -0.941543 0.336893 0
    outer loop
      vertex 94.7118 29.0483 0
      vertex 94.8804 29.5195 3.2
      vertex 94.8804 29.5195 0
    endloop
  endfacet
  facet normal -0.941543 0.336893 0
    outer loop
      vertex 94.8804 29.5195 3.2
      vertex 94.7118 29.0483 0
      vertex 94.7118 29.0483 3.2
    endloop
  endfacet
  facet normal -0.989188 0.14665 0
    outer loop
      vertex 95.002 30.005 0
      vertex 95.0754 30.5001 3.2
      vertex 95.0754 30.5001 0
    endloop
  endfacet
  facet normal -0.989188 0.14665 0
    outer loop
      vertex 95.0754 30.5001 3.2
      vertex 95.002 30.005 0
      vertex 95.002 30.005 3.2
    endloop
  endfacet
  facet normal -0.998791 0.0491504 0
    outer loop
      vertex 95.0754 30.5001 0
      vertex 95.1 31 3.2
      vertex 95.1 31 0
    endloop
  endfacet
  facet normal -0.998791 0.0491504 0
    outer loop
      vertex 95.1 31 3.2
      vertex 95.0754 30.5001 0
      vertex 95.0754 30.5001 3.2
    endloop
  endfacet
  facet normal -0.514084 0.85774 0
    outer loop
      vertex 92.8334 26.7595 0
      vertex 92.4041 26.5022 3.2
      vertex 92.8334 26.7595 3.2
    endloop
  endfacet
  facet normal -0.514084 0.85774 0
    outer loop
      vertex 92.4041 26.5022 3.2
      vertex 92.8334 26.7595 0
      vertex 92.4041 26.5022 0
    endloop
  endfacet
  facet normal -0.671698 0.740825 0
    outer loop
      vertex 93.6062 27.3938 0
      vertex 93.2354 27.0576 3.2
      vertex 93.6062 27.3938 3.2
    endloop
  endfacet
  facet normal -0.671698 0.740825 0
    outer loop
      vertex 93.2354 27.0576 3.2
      vertex 93.6062 27.3938 0
      vertex 93.2354 27.0576 0
    endloop
  endfacet
  facet normal -0.803249 0.595643 0
    outer loop
      vertex 93.9424 27.7646 0
      vertex 94.2405 28.1666 3.2
      vertex 94.2405 28.1666 0
    endloop
  endfacet
  facet normal -0.803249 0.595643 0
    outer loop
      vertex 94.2405 28.1666 3.2
      vertex 93.9424 27.7646 0
      vertex 93.9424 27.7646 3.2
    endloop
  endfacet
  facet normal 0.242959 0.970037 -0
    outer loop
      vertex 89.005 25.998 0
      vertex 88.5195 26.1196 3.2
      vertex 89.005 25.998 3.2
    endloop
  endfacet
  facet normal 0.242959 0.970037 0
    outer loop
      vertex 88.5195 26.1196 3.2
      vertex 89.005 25.998 0
      vertex 88.5195 26.1196 0
    endloop
  endfacet
  facet normal 0.671698 0.740825 -0
    outer loop
      vertex 86.7646 27.0576 0
      vertex 86.3938 27.3938 3.2
      vertex 86.7646 27.0576 3.2
    endloop
  endfacet
  facet normal 0.671698 0.740825 0
    outer loop
      vertex 86.3938 27.3938 3.2
      vertex 86.7646 27.0576 0
      vertex 86.3938 27.3938 0
    endloop
  endfacet
  facet normal 0.941543 0.336893 0
    outer loop
      vertex 85.2882 29.0483 3.2
      vertex 85.1196 29.5195 0
      vertex 85.1196 29.5195 3.2
    endloop
  endfacet
  facet normal 0.941543 0.336893 0
    outer loop
      vertex 85.1196 29.5195 0
      vertex 85.2882 29.0483 3.2
      vertex 85.2882 29.0483 0
    endloop
  endfacet
  facet normal 0.903966 0.427605 0
    outer loop
      vertex 85.5022 28.5959 3.2
      vertex 85.2882 29.0483 0
      vertex 85.2882 29.0483 3.2
    endloop
  endfacet
  facet normal 0.903966 0.427605 0
    outer loop
      vertex 85.2882 29.0483 0
      vertex 85.5022 28.5959 3.2
      vertex 85.5022 28.5959 0
    endloop
  endfacet
  facet normal 0.989188 0.14665 0
    outer loop
      vertex 84.998 30.005 3.2
      vertex 84.9246 30.5001 0
      vertex 84.9246 30.5001 3.2
    endloop
  endfacet
  facet normal 0.989188 0.14665 0
    outer loop
      vertex 84.9246 30.5001 0
      vertex 84.998 30.005 3.2
      vertex 84.998 30.005 0
    endloop
  endfacet
  facet normal -0.242959 0.970037 0
    outer loop
      vertex 91.4805 26.1196 0
      vertex 90.995 25.998 3.2
      vertex 91.4805 26.1196 3.2
    endloop
  endfacet
  facet normal -0.242959 0.970037 0
    outer loop
      vertex 90.995 25.998 3.2
      vertex 91.4805 26.1196 0
      vertex 90.995 25.998 0
    endloop
  endfacet
  facet normal -0.427605 0.903966 0
    outer loop
      vertex 92.4041 26.5022 0
      vertex 91.9517 26.2882 3.2
      vertex 92.4041 26.5022 3.2
    endloop
  endfacet
  facet normal -0.427605 0.903966 0
    outer loop
      vertex 91.9517 26.2882 3.2
      vertex 92.4041 26.5022 0
      vertex 91.9517 26.2882 0
    endloop
  endfacet
  facet normal -0.336893 0.941543 0
    outer loop
      vertex 91.9517 26.2882 0
      vertex 91.4805 26.1196 3.2
      vertex 91.9517 26.2882 3.2
    endloop
  endfacet
  facet normal -0.336893 0.941543 0
    outer loop
      vertex 91.4805 26.1196 3.2
      vertex 91.9517 26.2882 0
      vertex 91.4805 26.1196 0
    endloop
  endfacet
  facet normal 0.0491504 0.998791 -0
    outer loop
      vertex 90 25.9 0
      vertex 89.5001 25.9246 3.2
      vertex 90 25.9 3.2
    endloop
  endfacet
  facet normal 0.0491504 0.998791 0
    outer loop
      vertex 89.5001 25.9246 3.2
      vertex 90 25.9 0
      vertex 89.5001 25.9246 0
    endloop
  endfacet
  facet normal 0.336893 0.941543 -0
    outer loop
      vertex 88.5195 26.1196 0
      vertex 88.0483 26.2882 3.2
      vertex 88.5195 26.1196 3.2
    endloop
  endfacet
  facet normal 0.336893 0.941543 0
    outer loop
      vertex 88.0483 26.2882 3.2
      vertex 88.5195 26.1196 0
      vertex 88.0483 26.2882 0
    endloop
  endfacet
  facet normal 0.803249 0.595643 0
    outer loop
      vertex 86.0576 27.7646 3.2
      vertex 85.7595 28.1666 0
      vertex 85.7595 28.1666 3.2
    endloop
  endfacet
  facet normal 0.803249 0.595643 0
    outer loop
      vertex 85.7595 28.1666 0
      vertex 86.0576 27.7646 3.2
      vertex 86.0576 27.7646 0
    endloop
  endfacet
  facet normal 0.970037 0.242959 0
    outer loop
      vertex 85.1196 29.5195 3.2
      vertex 84.998 30.005 0
      vertex 84.998 30.005 3.2
    endloop
  endfacet
  facet normal 0.970037 0.242959 0
    outer loop
      vertex 84.998 30.005 0
      vertex 85.1196 29.5195 3.2
      vertex 85.1196 29.5195 0
    endloop
  endfacet
  facet normal -0.595643 0.803249 0
    outer loop
      vertex 93.2354 27.0576 0
      vertex 92.8334 26.7595 3.2
      vertex 93.2354 27.0576 3.2
    endloop
  endfacet
  facet normal -0.595643 0.803249 0
    outer loop
      vertex 92.8334 26.7595 3.2
      vertex 93.2354 27.0576 0
      vertex 92.8334 26.7595 0
    endloop
  endfacet
  facet normal 0.427605 0.903966 -0
    outer loop
      vertex 88.0483 26.2882 0
      vertex 87.5959 26.5022 3.2
      vertex 88.0483 26.2882 3.2
    endloop
  endfacet
  facet normal 0.427605 0.903966 0
    outer loop
      vertex 87.5959 26.5022 3.2
      vertex 88.0483 26.2882 0
      vertex 87.5959 26.5022 0
    endloop
  endfacet
  facet normal 0.14665 0.989188 -0
    outer loop
      vertex 89.5001 25.9246 0
      vertex 89.005 25.998 3.2
      vertex 89.5001 25.9246 3.2
    endloop
  endfacet
  facet normal 0.14665 0.989188 0
    outer loop
      vertex 89.005 25.998 3.2
      vertex 89.5001 25.9246 0
      vertex 89.005 25.998 0
    endloop
  endfacet
  facet normal 0.514084 0.85774 -0
    outer loop
      vertex 87.5959 26.5022 0
      vertex 87.1666 26.7595 3.2
      vertex 87.5959 26.5022 3.2
    endloop
  endfacet
  facet normal 0.514084 0.85774 0
    outer loop
      vertex 87.1666 26.7595 3.2
      vertex 87.5959 26.5022 0
      vertex 87.1666 26.7595 0
    endloop
  endfacet
  facet normal 0.595643 0.803249 -0
    outer loop
      vertex 87.1666 26.7595 0
      vertex 86.7646 27.0576 3.2
      vertex 87.1666 26.7595 3.2
    endloop
  endfacet
  facet normal 0.595643 0.803249 0
    outer loop
      vertex 86.7646 27.0576 3.2
      vertex 87.1666 26.7595 0
      vertex 86.7646 27.0576 0
    endloop
  endfacet
  facet normal -0 0 1
    outer loop
      vertex 106 45 1.2
      vertex 112 35 1.2
      vertex 112 50 1.2
    endloop
  endfacet
  facet normal 0 0 1
    outer loop
      vertex 112 35 1.2
      vertex 106 45 1.2
      vertex 112 27 1.2
    endloop
  endfacet
  facet normal 0 0 1
    outer loop
      vertex 105.121 47.1213 1.2
      vertex 112 50 1.2
      vertex 111.981 50.3921 1.2
    endloop
  endfacet
  facet normal 0 0 1
    outer loop
      vertex 106 17 1.2
      vertex 112 27 1.2
      vertex 106 45 1.2
    endloop
  endfacet
  facet normal 0 0 1
    outer loop
      vertex 105.121 47.1213 1.2
      vertex 111.981 50.3921 1.2
      vertex 111.923 50.7803 1.2
    endloop
  endfacet
  facet normal 0 0 1
    outer loop
      vertex 112 27 1.2
      vertex 106 17 1.2
      vertex 112 12 1.2
    endloop
  endfacet
  facet normal 0 0 1
    outer loop
      vertex 105.121 47.1213 1.2
      vertex 111.923 50.7803 1.2
      vertex 111.828 51.1611 1.2
    endloop
  endfacet
  facet normal -0 0 1
    outer loop
      vertex 105.986 16.7059 1.2
      vertex 112 12 1.2
      vertex 106 17 1.2
    endloop
  endfacet
  facet normal 0 0 1
    outer loop
      vertex 105.121 47.1213 1.2
      vertex 111.828 51.1611 1.2
      vertex 111.696 51.5307 1.2
    endloop
  endfacet
  facet normal -0 0 1
    outer loop
      vertex 105.942 16.4147 1.2
      vertex 112 12 1.2
      vertex 105.986 16.7059 1.2
    endloop
  endfacet
  facet normal 0 0 1
    outer loop
      vertex 105.121 47.1213 1.2
      vertex 111.696 51.5307 1.2
      vertex 111.528 51.8856 1.2
    endloop
  endfacet
  facet normal -0 0 1
    outer loop
      vertex 105.871 16.1291 1.2
      vertex 112 12 1.2
      vertex 105.942 16.4147 1.2
    endloop
  endfacet
  facet normal 0 0 1
    outer loop
      vertex 105.121 47.1213 1.2
      vertex 111.528 51.8856 1.2
      vertex 111.326 52.2223 1.2
    endloop
  endfacet
  facet normal -0 0 1
    outer loop
      vertex 105.772 15.8519 1.2
      vertex 112 12 1.2
      vertex 105.871 16.1291 1.2
    endloop
  endfacet
  facet normal 0 0 1
    outer loop
      vertex 105.121 47.1213 1.2
      vertex 111.326 52.2223 1.2
      vertex 111.092 52.5376 1.2
    endloop
  endfacet
  facet normal -0 0 1
    outer loop
      vertex 105.646 15.5858 1.2
      vertex 112 12 1.2
      vertex 105.772 15.8519 1.2
    endloop
  endfacet
  facet normal 0 0 1
    outer loop
      vertex 105.121 47.1213 1.2
      vertex 111.092 52.5376 1.2
      vertex 110.828 52.8284 1.2
    endloop
  endfacet
  facet normal -0 0 1
    outer loop
      vertex 105.494 15.3333 1.2
      vertex 112 12 1.2
      vertex 105.646 15.5858 1.2
    endloop
  endfacet
  facet normal 0 0 1
    outer loop
      vertex 105.121 47.1213 1.2
      vertex 110.828 52.8284 1.2
      vertex 110.538 53.092 1.2
    endloop
  endfacet
  facet normal -0 0 1
    outer loop
      vertex 105.319 15.0968 1.2
      vertex 112 12 1.2
      vertex 105.494 15.3333 1.2
    endloop
  endfacet
  facet normal 0 0 1
    outer loop
      vertex 105.121 47.1213 1.2
      vertex 110.538 53.092 1.2
      vertex 110.222 53.3259 1.2
    endloop
  endfacet
  facet normal -0 0 1
    outer loop
      vertex 105.121 14.8787 1.2
      vertex 112 12 1.2
      vertex 105.319 15.0968 1.2
    endloop
  endfacet
  facet normal 0 0 1
    outer loop
      vertex 105.121 47.1213 1.2
      vertex 110.222 53.3259 1.2
      vertex 109.886 53.5277 1.2
    endloop
  endfacet
  facet normal 0 0 1
    outer loop
      vertex 112 12 1.2
      vertex 105.121 14.8787 1.2
      vertex 111.981 11.6079 1.2
    endloop
  endfacet
  facet normal 0 0 1
    outer loop
      vertex 105.121 47.1213 1.2
      vertex 109.886 53.5277 1.2
      vertex 109.531 53.6955 1.2
    endloop
  endfacet
  facet normal 0 0 1
    outer loop
      vertex 111.981 11.6079 1.2
      vertex 105.121 14.8787 1.2
      vertex 111.923 11.2196 1.2
    endloop
  endfacet
  facet normal 0 0 1
    outer loop
      vertex 105.121 47.1213 1.2
      vertex 109.531 53.6955 1.2
      vertex 109.161 53.8278 1.2
    endloop
  endfacet
  facet normal 0 0 1
    outer loop
      vertex 111.923 11.2196 1.2
      vertex 105.121 14.8787 1.2
      vertex 111.828 10.8389 1.2
    endloop
  endfacet
  facet normal 0 0 1
    outer loop
      vertex 105.121 47.1213 1.2
      vertex 109.161 53.8278 1.2
      vertex 108.78 53.9231 1.2
    endloop
  endfacet
  facet normal 0 0 1
    outer loop
      vertex 111.828 10.8389 1.2
      vertex 105.121 14.8787 1.2
      vertex 111.696 10.4693 1.2
    endloop
  endfacet
  facet normal 0 0 1
    outer loop
      vertex 105.121 47.1213 1.2
      vertex 108.78 53.9231 1.2
      vertex 108.392 53.9807 1.2
    endloop
  endfacet
  facet normal 0 0 1
    outer loop
      vertex 111.696 10.4693 1.2
      vertex 105.121 14.8787 1.2
      vertex 111.528 10.1144 1.2
    endloop
  endfacet
  facet normal 0 0 1
    outer loop
      vertex 105.121 47.1213 1.2
      vertex 108.392 53.9807 1.2
      vertex 108 54 1.2
    endloop
  endfacet
  facet normal 0 0 1
    outer loop
      vertex 111.528 10.1144 1.2
      vertex 105.121 14.8787 1.2
      vertex 111.326 9.77771 1.2
    endloop
  endfacet
  facet normal 0 0 1
    outer loop
      vertex 111.326 9.77771 1.2
      vertex 105.121 14.8787 1.2
      vertex 111.092 9.46242 1.2
    endloop
  endfacet
  facet normal 0 0 1
    outer loop
      vertex 112 50 1.2
      vertex 105.986 45.294 1.2
      vertex 106 45 1.2
    endloop
  endfacet
  facet normal 0 0 1
    outer loop
      vertex 112 50 1.2
      vertex 105.942 45.5853 1.2
      vertex 105.986 45.294 1.2
    endloop
  endfacet
  facet normal 0 0 1
    outer loop
      vertex 112 50 1.2
      vertex 105.871 45.8708 1.2
      vertex 105.942 45.5853 1.2
    endloop
  endfacet
  facet normal 0 0 1
    outer loop
      vertex 112 50 1.2
      vertex 105.772 46.148 1.2
      vertex 105.871 45.8708 1.2
    endloop
  endfacet
  facet normal 0 0 1
    outer loop
      vertex 112 50 1.2
      vertex 105.646 46.4142 1.2
      vertex 105.772 46.148 1.2
    endloop
  endfacet
  facet normal 0 0 1
    outer loop
      vertex 112 50 1.2
      vertex 105.494 46.6667 1.2
      vertex 105.646 46.4142 1.2
    endloop
  endfacet
  facet normal 0 0 1
    outer loop
      vertex 112 50 1.2
      vertex 105.319 46.9032 1.2
      vertex 105.494 46.6667 1.2
    endloop
  endfacet
  facet normal 0 0 1
    outer loop
      vertex 112 50 1.2
      vertex 105.121 47.1213 1.2
      vertex 105.319 46.9032 1.2
    endloop
  endfacet
  facet normal 0 0 1
    outer loop
      vertex 108 54 1.2
      vertex 104.903 47.319 1.2
      vertex 105.121 47.1213 1.2
    endloop
  endfacet
  facet normal 0 0 1
    outer loop
      vertex 108 54 1.2
      vertex 104.667 47.4944 1.2
      vertex 104.903 47.319 1.2
    endloop
  endfacet
  facet normal 0 0 1
    outer loop
      vertex 108 54 1.2
      vertex 104.414 47.6458 1.2
      vertex 104.667 47.4944 1.2
    endloop
  endfacet
  facet normal 0 0 1
    outer loop
      vertex 108 54 1.2
      vertex 104.148 47.7716 1.2
      vertex 104.414 47.6458 1.2
    endloop
  endfacet
  facet normal 0 0 1
    outer loop
      vertex 108 54 1.2
      vertex 103.871 47.8708 1.2
      vertex 104.148 47.7716 1.2
    endloop
  endfacet
  facet normal 0 0 1
    outer loop
      vertex 108 54 1.2
      vertex 103.585 47.9424 1.2
      vertex 103.871 47.8708 1.2
    endloop
  endfacet
  facet normal 0 0 1
    outer loop
      vertex 108 54 1.2
      vertex 103.294 47.9855 1.2
      vertex 103.585 47.9424 1.2
    endloop
  endfacet
  facet normal 0 0 1
    outer loop
      vertex 108 54 1.2
      vertex 103 48 1.2
      vertex 103.294 47.9855 1.2
    endloop
  endfacet
  facet normal 0 0 1
    outer loop
      vertex 108 54 1.2
      vertex 17 48 1.2
      vertex 103 48 1.2
    endloop
  endfacet
  facet normal -0 0 1
    outer loop
      vertex 12 54 1.2
      vertex 17 48 1.2
      vertex 108 54 1.2
    endloop
  endfacet
  facet normal 0 0 1
    outer loop
      vertex 14.0144 45.294 1.2
      vertex 8 50 1.2
      vertex 14 45 1.2
    endloop
  endfacet
  facet normal 0 0 1
    outer loop
      vertex 14.0576 45.5853 1.2
      vertex 8 50 1.2
      vertex 14.0144 45.294 1.2
    endloop
  endfacet
  facet normal 0 0 1
    outer loop
      vertex 14.1292 45.8708 1.2
      vertex 8 50 1.2
      vertex 14.0576 45.5853 1.2
    endloop
  endfacet
  facet normal 0 0 1
    outer loop
      vertex 14.2283 46.148 1.2
      vertex 8 50 1.2
      vertex 14.1292 45.8708 1.2
    endloop
  endfacet
  facet normal 0 0 1
    outer loop
      vertex 14.3542 46.4142 1.2
      vertex 8 50 1.2
      vertex 14.2283 46.148 1.2
    endloop
  endfacet
  facet normal 0 0 1
    outer loop
      vertex 14.5056 46.6667 1.2
      vertex 8 50 1.2
      vertex 14.3542 46.4142 1.2
    endloop
  endfacet
  facet normal 0 0 1
    outer loop
      vertex 14.681 46.9032 1.2
      vertex 8 50 1.2
      vertex 14.5056 46.6667 1.2
    endloop
  endfacet
  facet normal 0 0 1
    outer loop
      vertex 14.8787 47.1213 1.2
      vertex 8 50 1.2
      vertex 14.681 46.9032 1.2
    endloop
  endfacet
  facet normal -0 0 1
    outer loop
      vertex 8 50 1.2
      vertex 14.8787 47.1213 1.2
      vertex 12 54 1.2
    endloop
  endfacet
  facet normal 0 0 1
    outer loop
      vertex 15.0968 47.319 1.2
      vertex 12 54 1.2
      vertex 14.8787 47.1213 1.2
    endloop
  endfacet
  facet normal 0 0 1
    outer loop
      vertex 15.3333 47.4944 1.2
      vertex 12 54 1.2
      vertex 15.0968 47.319 1.2
    endloop
  endfacet
  facet normal 0 0 1
    outer loop
      vertex 15.5858 47.6458 1.2
      vertex 12 54 1.2
      vertex 15.3333 47.4944 1.2
    endloop
  endfacet
  facet normal 0 0 1
    outer loop
      vertex 15.8519 47.7716 1.2
      vertex 12 54 1.2
      vertex 15.5858 47.6458 1.2
    endloop
  endfacet
  facet normal 0 0 1
    outer loop
      vertex 16.1291 47.8708 1.2
      vertex 12 54 1.2
      vertex 15.8519 47.7716 1.2
    endloop
  endfacet
  facet normal 0 0 1
    outer loop
      vertex 16.4147 47.9424 1.2
      vertex 12 54 1.2
      vertex 16.1291 47.8708 1.2
    endloop
  endfacet
  facet normal 0 0 1
    outer loop
      vertex 16.7059 47.9855 1.2
      vertex 12 54 1.2
      vertex 16.4147 47.9424 1.2
    endloop
  endfacet
  facet normal 0 0 1
    outer loop
      vertex 17 48 1.2
      vertex 12 54 1.2
      vertex 16.7059 47.9855 1.2
    endloop
  endfacet
  facet normal -0 0 1
    outer loop
      vertex 112 35 1.2
      vertex 120 27 1.2
      vertex 120 35 1.2
    endloop
  endfacet
  facet normal 0 0 1
    outer loop
      vertex 120 27 1.2
      vertex 112 35 1.2
      vertex 112 27 1.2
    endloop
  endfacet
  facet normal 0 0 1
    outer loop
      vertex 111.092 9.46242 1.2
      vertex 105.121 14.8787 1.2
      vertex 110.828 9.17157 1.2
    endloop
  endfacet
  facet normal 0 0 1
    outer loop
      vertex 110.828 9.17157 1.2
      vertex 105.121 14.8787 1.2
      vertex 110.538 8.90794 1.2
    endloop
  endfacet
  facet normal 0 0 1
    outer loop
      vertex 110.538 8.90794 1.2
      vertex 105.121 14.8787 1.2
      vertex 110.222 8.67412 1.2
    endloop
  endfacet
  facet normal 0 0 1
    outer loop
      vertex 110.222 8.67412 1.2
      vertex 105.121 14.8787 1.2
      vertex 109.886 8.47231 1.2
    endloop
  endfacet
  facet normal 0 0 1
    outer loop
      vertex 109.886 8.47231 1.2
      vertex 105.121 14.8787 1.2
      vertex 109.531 8.30447 1.2
    endloop
  endfacet
  facet normal 0 0 1
    outer loop
      vertex 109.531 8.30447 1.2
      vertex 105.121 14.8787 1.2
      vertex 109.161 8.17223 1.2
    endloop
  endfacet
  facet normal 0 0 1
    outer loop
      vertex 109.161 8.17223 1.2
      vertex 105.121 14.8787 1.2
      vertex 108.78 8.07686 1.2
    endloop
  endfacet
  facet normal 0 0 1
    outer loop
      vertex 108.78 8.07686 1.2
      vertex 105.121 14.8787 1.2
      vertex 108.392 8.01926 1.2
    endloop
  endfacet
  facet normal 0 0 1
    outer loop
      vertex 108.392 8.01926 1.2
      vertex 105.121 14.8787 1.2
      vertex 108 8 1.2
    endloop
  endfacet
  facet normal -0 0 1
    outer loop
      vertex 104.903 14.681 1.2
      vertex 108 8 1.2
      vertex 105.121 14.8787 1.2
    endloop
  endfacet
  facet normal -0 0 1
    outer loop
      vertex 104.667 14.5056 1.2
      vertex 108 8 1.2
      vertex 104.903 14.681 1.2
    endloop
  endfacet
  facet normal -0 0 1
    outer loop
      vertex 104.414 14.3542 1.2
      vertex 108 8 1.2
      vertex 104.667 14.5056 1.2
    endloop
  endfacet
  facet normal -0 0 1
    outer loop
      vertex 104.148 14.2283 1.2
      vertex 108 8 1.2
      vertex 104.414 14.3542 1.2
    endloop
  endfacet
  facet normal -0 0 1
    outer loop
      vertex 103.871 14.1292 1.2
      vertex 108 8 1.2
      vertex 104.148 14.2283 1.2
    endloop
  endfacet
  facet normal -0 0 1
    outer loop
      vertex 103.585 14.0576 1.2
      vertex 108 8 1.2
      vertex 103.871 14.1292 1.2
    endloop
  endfacet
  facet normal -0 0 1
    outer loop
      vertex 103.294 14.0144 1.2
      vertex 108 8 1.2
      vertex 103.585 14.0576 1.2
    endloop
  endfacet
  facet normal -0 0 1
    outer loop
      vertex 103 14 1.2
      vertex 108 8 1.2
      vertex 103.294 14.0144 1.2
    endloop
  endfacet
  facet normal -0 0 1
    outer loop
      vertex 17 14 1.2
      vertex 108 8 1.2
      vertex 103 14 1.2
    endloop
  endfacet
  facet normal 0 0 1
    outer loop
      vertex 12 8 1.2
      vertex 17 14 1.2
      vertex 16.7059 14.0144 1.2
    endloop
  endfacet
  facet normal 0 0 1
    outer loop
      vertex 14 45 1.2
      vertex 8 50 1.2
      vertex 14 17 1.2
    endloop
  endfacet
  facet normal 0 0 1
    outer loop
      vertex 17 14 1.2
      vertex 12 8 1.2
      vertex 108 8 1.2
    endloop
  endfacet
  facet normal 0 0 1
    outer loop
      vertex 16.4147 14.0576 1.2
      vertex 12 8 1.2
      vertex 16.7059 14.0144 1.2
    endloop
  endfacet
  facet normal 0 0 1
    outer loop
      vertex 16.1291 14.1292 1.2
      vertex 12 8 1.2
      vertex 16.4147 14.0576 1.2
    endloop
  endfacet
  facet normal 0 0 1
    outer loop
      vertex 15.8519 14.2283 1.2
      vertex 12 8 1.2
      vertex 16.1291 14.1292 1.2
    endloop
  endfacet
  facet normal 0 0 1
    outer loop
      vertex 15.5858 14.3542 1.2
      vertex 12 8 1.2
      vertex 15.8519 14.2283 1.2
    endloop
  endfacet
  facet normal 0 0 1
    outer loop
      vertex 15.3333 14.5056 1.2
      vertex 12 8 1.2
      vertex 15.5858 14.3542 1.2
    endloop
  endfacet
  facet normal 0 0 1
    outer loop
      vertex 15.0968 14.681 1.2
      vertex 12 8 1.2
      vertex 15.3333 14.5056 1.2
    endloop
  endfacet
  facet normal 0 0 1
    outer loop
      vertex 14.8787 14.8787 1.2
      vertex 12 8 1.2
      vertex 15.0968 14.681 1.2
    endloop
  endfacet
  facet normal 0 0 1
    outer loop
      vertex 8 12 1.2
      vertex 14.8787 14.8787 1.2
      vertex 14.681 15.0968 1.2
    endloop
  endfacet
  facet normal 0 0 1
    outer loop
      vertex 8 12 1.2
      vertex 14.681 15.0968 1.2
      vertex 14.5056 15.3333 1.2
    endloop
  endfacet
  facet normal 0 0 1
    outer loop
      vertex 8 12 1.2
      vertex 14.5056 15.3333 1.2
      vertex 14.3542 15.5858 1.2
    endloop
  endfacet
  facet normal 0 0 1
    outer loop
      vertex 8 12 1.2
      vertex 14.3542 15.5858 1.2
      vertex 14.2283 15.8519 1.2
    endloop
  endfacet
  facet normal 0 0 1
    outer loop
      vertex 8 12 1.2
      vertex 14.2283 15.8519 1.2
      vertex 14.1292 16.1291 1.2
    endloop
  endfacet
  facet normal 0 0 1
    outer loop
      vertex 8 12 1.2
      vertex 14.1292 16.1291 1.2
      vertex 14.0576 16.4147 1.2
    endloop
  endfacet
  facet normal 0 0 1
    outer loop
      vertex 8 12 1.2
      vertex 14.0576 16.4147 1.2
      vertex 14.0144 16.7059 1.2
    endloop
  endfacet
  facet normal 0 0 1
    outer loop
      vertex 8 12 1.2
      vertex 14 17 1.2
      vertex 8 50 1.2
    endloop
  endfacet
  facet normal 0 0 1
    outer loop
      vertex 8 50 1.2
      vertex 12 54 1.2
      vertex 11.6079 53.9807 1.2
    endloop
  endfacet
  facet normal 0 0 1
    outer loop
      vertex 14 17 1.2
      vertex 8 12 1.2
      vertex 14.0144 16.7059 1.2
    endloop
  endfacet
  facet normal 0 0 1
    outer loop
      vertex 8 50 1.2
      vertex 11.6079 53.9807 1.2
      vertex 11.2196 53.9231 1.2
    endloop
  endfacet
  facet normal 0 0 1
    outer loop
      vertex 14.8787 14.8787 1.2
      vertex 8 12 1.2
      vertex 12 8 1.2
    endloop
  endfacet
  facet normal 0 0 1
    outer loop
      vertex 8 50 1.2
      vertex 11.2196 53.9231 1.2
      vertex 10.8389 53.8278 1.2
    endloop
  endfacet
  facet normal 0 0 1
    outer loop
      vertex 12 8 1.2
      vertex 8 12 1.2
      vertex 11.6079 8.01926 1.2
    endloop
  endfacet
  facet normal 0 0 1
    outer loop
      vertex 8 50 1.2
      vertex 10.8389 53.8278 1.2
      vertex 10.4693 53.6955 1.2
    endloop
  endfacet
  facet normal 0 0 1
    outer loop
      vertex 11.6079 8.01926 1.2
      vertex 8 12 1.2
      vertex 11.2196 8.07686 1.2
    endloop
  endfacet
  facet normal 0 0 1
    outer loop
      vertex 8 50 1.2
      vertex 10.4693 53.6955 1.2
      vertex 10.1144 53.5277 1.2
    endloop
  endfacet
  facet normal 0 0 1
    outer loop
      vertex 11.2196 8.07686 1.2
      vertex 8 12 1.2
      vertex 10.8389 8.17223 1.2
    endloop
  endfacet
  facet normal 0 0 1
    outer loop
      vertex 8 50 1.2
      vertex 10.1144 53.5277 1.2
      vertex 9.77771 53.3259 1.2
    endloop
  endfacet
  facet normal 0 0 1
    outer loop
      vertex 10.8389 8.17223 1.2
      vertex 8 12 1.2
      vertex 10.4693 8.30447 1.2
    endloop
  endfacet
  facet normal 0 0 1
    outer loop
      vertex 8 50 1.2
      vertex 9.77771 53.3259 1.2
      vertex 9.46242 53.092 1.2
    endloop
  endfacet
  facet normal 0 0 1
    outer loop
      vertex 10.4693 8.30447 1.2
      vertex 8 12 1.2
      vertex 10.1144 8.47231 1.2
    endloop
  endfacet
  facet normal 0 0 1
    outer loop
      vertex 8 50 1.2
      vertex 9.46242 53.092 1.2
      vertex 9.17157 52.8284 1.2
    endloop
  endfacet
  facet normal 0 0 1
    outer loop
      vertex 10.1144 8.47231 1.2
      vertex 8 12 1.2
      vertex 9.77771 8.67412 1.2
    endloop
  endfacet
  facet normal 0 0 1
    outer loop
      vertex 8 50 1.2
      vertex 9.17157 52.8284 1.2
      vertex 8.90794 52.5376 1.2
    endloop
  endfacet
  facet normal 0 0 1
    outer loop
      vertex 9.77771 8.67412 1.2
      vertex 8 12 1.2
      vertex 9.46242 8.90794 1.2
    endloop
  endfacet
  facet normal 0 0 1
    outer loop
      vertex 8 50 1.2
      vertex 8.90794 52.5376 1.2
      vertex 8.67412 52.2223 1.2
    endloop
  endfacet
  facet normal 0 0 1
    outer loop
      vertex 9.46242 8.90794 1.2
      vertex 8 12 1.2
      vertex 9.17157 9.17157 1.2
    endloop
  endfacet
  facet normal 0 0 1
    outer loop
      vertex 8 50 1.2
      vertex 8.67412 52.2223 1.2
      vertex 8.47231 51.8856 1.2
    endloop
  endfacet
  facet normal 0 0 1
    outer loop
      vertex 9.17157 9.17157 1.2
      vertex 8 12 1.2
      vertex 8.90794 9.46242 1.2
    endloop
  endfacet
  facet normal 0 0 1
    outer loop
      vertex 8 50 1.2
      vertex 8.47231 51.8856 1.2
      vertex 8.30447 51.5307 1.2
    endloop
  endfacet
  facet normal 0 0 1
    outer loop
      vertex 8.90794 9.46242 1.2
      vertex 8 12 1.2
      vertex 8.67412 9.77771 1.2
    endloop
  endfacet
  facet normal 0 0 1
    outer loop
      vertex 8 50 1.2
      vertex 8.30447 51.5307 1.2
      vertex 8.17223 51.1611 1.2
    endloop
  endfacet
  facet normal 0 0 1
    outer loop
      vertex 8.67412 9.77771 1.2
      vertex 8 12 1.2
      vertex 8.47231 10.1144 1.2
    endloop
  endfacet
  facet normal 0 0 1
    outer loop
      vertex 8 50 1.2
      vertex 8.17223 51.1611 1.2
      vertex 8.07686 50.7803 1.2
    endloop
  endfacet
  facet normal 0 0 1
    outer loop
      vertex 8.47231 10.1144 1.2
      vertex 8 12 1.2
      vertex 8.30447 10.4693 1.2
    endloop
  endfacet
  facet normal 0 0 1
    outer loop
      vertex 8 50 1.2
      vertex 8.07686 50.7803 1.2
      vertex 8.01926 50.3921 1.2
    endloop
  endfacet
  facet normal 0 0 1
    outer loop
      vertex 8.30447 10.4693 1.2
      vertex 8 12 1.2
      vertex 8.17223 10.8389 1.2
    endloop
  endfacet
  facet normal 0 0 1
    outer loop
      vertex 8.17223 10.8389 1.2
      vertex 8 12 1.2
      vertex 8.07686 11.2196 1.2
    endloop
  endfacet
  facet normal 0 0 1
    outer loop
      vertex 8.07686 11.2196 1.2
      vertex 8 12 1.2
      vertex 8.01926 11.6079 1.2
    endloop
  endfacet
  facet normal -0.146844 0.98916 0
    outer loop
      vertex 108.78 8.07686 1.2
      vertex 108.392 8.01926 3.2
      vertex 108.78 8.07686 3.2
    endloop
  endfacet
  facet normal -0.146844 0.98916 0
    outer loop
      vertex 108.392 8.01926 3.2
      vertex 108.78 8.07686 1.2
      vertex 108.392 8.01926 1.2
    endloop
  endfacet
  facet normal -0.242823 0.970071 0
    outer loop
      vertex 109.161 8.17223 1.2
      vertex 108.78 8.07686 3.2
      vertex 109.161 8.17223 3.2
    endloop
  endfacet
  facet normal -0.242823 0.970071 0
    outer loop
      vertex 108.78 8.07686 3.2
      vertex 109.161 8.17223 1.2
      vertex 108.78 8.07686 1.2
    endloop
  endfacet
  facet normal -0.336556 0.941664 0
    outer loop
      vertex 109.531 8.30447 1.2
      vertex 109.161 8.17223 3.2
      vertex 109.531 8.30447 3.2
    endloop
  endfacet
  facet normal -0.336556 0.941664 0
    outer loop
      vertex 109.161 8.17223 3.2
      vertex 109.531 8.30447 1.2
      vertex 109.161 8.17223 1.2
    endloop
  endfacet
  facet normal -0.427425 0.904051 0
    outer loop
      vertex 109.886 8.47231 1.2
      vertex 109.531 8.30447 3.2
      vertex 109.886 8.47231 3.2
    endloop
  endfacet
  facet normal -0.427425 0.904051 0
    outer loop
      vertex 109.531 8.30447 3.2
      vertex 109.886 8.47231 1.2
      vertex 109.531 8.30447 1.2
    endloop
  endfacet
  facet normal -0.51489 0.857256 0
    outer loop
      vertex 110.222 8.67412 1.2
      vertex 109.886 8.47231 3.2
      vertex 110.222 8.67412 3.2
    endloop
  endfacet
  facet normal -0.51489 0.857256 0
    outer loop
      vertex 109.886 8.47231 3.2
      vertex 110.222 8.67412 1.2
      vertex 109.886 8.47231 1.2
    endloop
  endfacet
  facet normal -0.59481 0.803866 0
    outer loop
      vertex 110.538 8.90794 1.2
      vertex 110.222 8.67412 3.2
      vertex 110.538 8.90794 3.2
    endloop
  endfacet
  facet normal -0.59481 0.803866 0
    outer loop
      vertex 110.222 8.67412 3.2
      vertex 110.538 8.90794 1.2
      vertex 110.222 8.67412 1.2
    endloop
  endfacet
  facet normal -0.672664 0.739948 0
    outer loop
      vertex 110.828 9.17157 1.2
      vertex 110.538 8.90794 3.2
      vertex 110.828 9.17157 3.2
    endloop
  endfacet
  facet normal -0.672664 0.739948 0
    outer loop
      vertex 110.538 8.90794 3.2
      vertex 110.828 9.17157 1.2
      vertex 110.538 8.90794 1.2
    endloop
  endfacet
  facet normal -0.740458 0.672102 0
    outer loop
      vertex 110.828 9.17157 1.2
      vertex 111.092 9.46242 3.2
      vertex 111.092 9.46242 1.2
    endloop
  endfacet
  facet normal -0.740458 0.672102 0
    outer loop
      vertex 111.092 9.46242 3.2
      vertex 110.828 9.17157 1.2
      vertex 110.828 9.17157 3.2
    endloop
  endfacet
  facet normal -0.803006 0.59597 0
    outer loop
      vertex 111.092 9.46242 1.2
      vertex 111.326 9.77771 3.2
      vertex 111.326 9.77771 1.2
    endloop
  endfacet
  facet normal -0.803006 0.59597 0
    outer loop
      vertex 111.326 9.77771 3.2
      vertex 111.092 9.46242 1.2
      vertex 111.092 9.46242 3.2
    endloop
  endfacet
  facet normal -0.857509 0.51447 0
    outer loop
      vertex 111.326 9.77771 1.2
      vertex 111.528 10.1144 3.2
      vertex 111.528 10.1144 1.2
    endloop
  endfacet
  facet normal -0.857509 0.51447 0
    outer loop
      vertex 111.528 10.1144 3.2
      vertex 111.326 9.77771 1.2
      vertex 111.326 9.77771 3.2
    endloop
  endfacet
  facet normal -0.903847 0.427856 0
    outer loop
      vertex 111.528 10.1144 1.2
      vertex 111.696 10.4693 3.2
      vertex 111.696 10.4693 1.2
    endloop
  endfacet
  facet normal -0.903847 0.427856 0
    outer loop
      vertex 111.696 10.4693 3.2
      vertex 111.528 10.1144 1.2
      vertex 111.528 10.1144 3.2
    endloop
  endfacet
  facet normal -0.941742 0.336336 0
    outer loop
      vertex 111.696 10.4693 1.2
      vertex 111.828 10.8389 3.2
      vertex 111.828 10.8389 1.2
    endloop
  endfacet
  facet normal -0.941742 0.336336 0
    outer loop
      vertex 111.828 10.8389 3.2
      vertex 111.696 10.4693 1.2
      vertex 111.696 10.4693 3.2
    endloop
  endfacet
  facet normal -0.970247 0.242116 0
    outer loop
      vertex 111.828 10.8389 1.2
      vertex 111.923 11.2196 3.2
      vertex 111.923 11.2196 1.2
    endloop
  endfacet
  facet normal -0.970247 0.242116 0
    outer loop
      vertex 111.923 11.2196 3.2
      vertex 111.828 10.8389 1.2
      vertex 111.828 10.8389 3.2
    endloop
  endfacet
  facet normal -0.989028 0.14773 0
    outer loop
      vertex 111.923 11.2196 1.2
      vertex 111.981 11.6079 3.2
      vertex 111.981 11.6079 1.2
    endloop
  endfacet
  facet normal -0.989028 0.14773 0
    outer loop
      vertex 111.981 11.6079 3.2
      vertex 111.923 11.2196 1.2
      vertex 111.923 11.2196 3.2
    endloop
  endfacet
  facet normal -0.998828 0.0484002 0
    outer loop
      vertex 111.981 11.6079 1.2
      vertex 112 12 3.2
      vertex 112 12 1.2
    endloop
  endfacet
  facet normal -0.998828 0.0484002 0
    outer loop
      vertex 112 12 3.2
      vertex 111.981 11.6079 1.2
      vertex 111.981 11.6079 3.2
    endloop
  endfacet
  facet normal -1 0 0
    outer loop
      vertex 112 12 1.2
      vertex 112 27 3.2
      vertex 112 27 1.2
    endloop
  endfacet
  facet normal -1 -0 0
    outer loop
      vertex 112 27 3.2
      vertex 112 12 1.2
      vertex 112 12 3.2
    endloop
  endfacet
  facet normal -1 0 0
    outer loop
      vertex 112 35 1.2
      vertex 112 50 3.2
      vertex 112 50 1.2
    endloop
  endfacet
  facet normal -1 -0 0
    outer loop
      vertex 112 50 3.2
      vertex 112 35 1.2
      vertex 112 35 3.2
    endloop
  endfacet
  facet normal -0.998828 -0.0484002 0
    outer loop
      vertex 112 50 1.2
      vertex 111.981 50.3921 3.2
      vertex 111.981 50.3921 1.2
    endloop
  endfacet
  facet normal -0.998828 -0.0484002 0
    outer loop
      vertex 111.981 50.3921 3.2
      vertex 112 50 1.2
      vertex 112 50 3.2
    endloop
  endfacet
  facet normal -0.989022 -0.147767 0
    outer loop
      vertex 111.981 50.3921 1.2
      vertex 111.923 50.7803 3.2
      vertex 111.923 50.7803 1.2
    endloop
  endfacet
  facet normal -0.989022 -0.147767 0
    outer loop
      vertex 111.923 50.7803 3.2
      vertex 111.981 50.3921 1.2
      vertex 111.981 50.3921 3.2
    endloop
  endfacet
  facet normal -0.970262 -0.242056 0
    outer loop
      vertex 111.923 50.7803 1.2
      vertex 111.828 51.1611 3.2
      vertex 111.828 51.1611 1.2
    endloop
  endfacet
  facet normal -0.970262 -0.242056 0
    outer loop
      vertex 111.828 51.1611 3.2
      vertex 111.923 50.7803 1.2
      vertex 111.923 50.7803 3.2
    endloop
  endfacet
  facet normal -0.941742 -0.336336 0
    outer loop
      vertex 111.828 51.1611 1.2
      vertex 111.696 51.5307 3.2
      vertex 111.696 51.5307 1.2
    endloop
  endfacet
  facet normal -0.941742 -0.336336 0
    outer loop
      vertex 111.696 51.5307 3.2
      vertex 111.828 51.1611 1.2
      vertex 111.828 51.1611 3.2
    endloop
  endfacet
  facet normal -0.903847 -0.427856 0
    outer loop
      vertex 111.696 51.5307 1.2
      vertex 111.528 51.8856 3.2
      vertex 111.528 51.8856 1.2
    endloop
  endfacet
  facet normal -0.903847 -0.427856 0
    outer loop
      vertex 111.528 51.8856 3.2
      vertex 111.696 51.5307 1.2
      vertex 111.696 51.5307 3.2
    endloop
  endfacet
  facet normal -0.857515 -0.514458 0
    outer loop
      vertex 111.528 51.8856 1.2
      vertex 111.326 52.2223 3.2
      vertex 111.326 52.2223 1.2
    endloop
  endfacet
  facet normal -0.857515 -0.514458 0
    outer loop
      vertex 111.326 52.2223 3.2
      vertex 111.528 51.8856 1.2
      vertex 111.528 51.8856 3.2
    endloop
  endfacet
  facet normal -0.803015 -0.595958 0
    outer loop
      vertex 111.326 52.2223 1.2
      vertex 111.092 52.5376 3.2
      vertex 111.092 52.5376 1.2
    endloop
  endfacet
  facet normal -0.803015 -0.595958 0
    outer loop
      vertex 111.092 52.5376 3.2
      vertex 111.326 52.2223 1.2
      vertex 111.326 52.2223 3.2
    endloop
  endfacet
  facet normal -0.740401 -0.672166 0
    outer loop
      vertex 111.092 52.5376 1.2
      vertex 110.828 52.8284 3.2
      vertex 110.828 52.8284 1.2
    endloop
  endfacet
  facet normal -0.740401 -0.672166 0
    outer loop
      vertex 110.828 52.8284 3.2
      vertex 111.092 52.5376 1.2
      vertex 111.092 52.5376 3.2
    endloop
  endfacet
  facet normal -0.672622 -0.739986 0
    outer loop
      vertex 110.538 53.092 1.2
      vertex 110.828 52.8284 3.2
      vertex 110.538 53.092 3.2
    endloop
  endfacet
  facet normal -0.672622 -0.739986 -0
    outer loop
      vertex 110.828 52.8284 3.2
      vertex 110.538 53.092 1.2
      vertex 110.828 52.8284 1.2
    endloop
  endfacet
  facet normal -0.594942 -0.803769 0
    outer loop
      vertex 110.222 53.3259 1.2
      vertex 110.538 53.092 3.2
      vertex 110.222 53.3259 3.2
    endloop
  endfacet
  facet normal -0.594942 -0.803769 -0
    outer loop
      vertex 110.538 53.092 3.2
      vertex 110.222 53.3259 1.2
      vertex 110.538 53.092 1.2
    endloop
  endfacet
  facet normal -0.514871 -0.857268 0
    outer loop
      vertex 109.886 53.5277 1.2
      vertex 110.222 53.3259 3.2
      vertex 109.886 53.5277 3.2
    endloop
  endfacet
  facet normal -0.514871 -0.857268 -0
    outer loop
      vertex 110.222 53.3259 3.2
      vertex 109.886 53.5277 1.2
      vertex 110.222 53.3259 1.2
    endloop
  endfacet
  facet normal -0.427342 -0.90409 0
    outer loop
      vertex 109.531 53.6955 1.2
      vertex 109.886 53.5277 3.2
      vertex 109.531 53.6955 3.2
    endloop
  endfacet
  facet normal -0.427342 -0.90409 -0
    outer loop
      vertex 109.886 53.5277 3.2
      vertex 109.531 53.6955 1.2
      vertex 109.886 53.5277 1.2
    endloop
  endfacet
  facet normal -0.336691 -0.941615 0
    outer loop
      vertex 109.161 53.8278 1.2
      vertex 109.531 53.6955 3.2
      vertex 109.161 53.8278 3.2
    endloop
  endfacet
  facet normal -0.336691 -0.941615 -0
    outer loop
      vertex 109.531 53.6955 3.2
      vertex 109.161 53.8278 1.2
      vertex 109.531 53.6955 1.2
    endloop
  endfacet
  facet normal -0.242655 -0.970113 0
    outer loop
      vertex 108.78 53.9231 1.2
      vertex 109.161 53.8278 3.2
      vertex 108.78 53.9231 3.2
    endloop
  endfacet
  facet normal -0.242655 -0.970113 -0
    outer loop
      vertex 109.161 53.8278 3.2
      vertex 108.78 53.9231 1.2
      vertex 109.161 53.8278 1.2
    endloop
  endfacet
  facet normal -0.146844 -0.98916 0
    outer loop
      vertex 108.392 53.9807 1.2
      vertex 108.78 53.9231 3.2
      vertex 108.392 53.9807 3.2
    endloop
  endfacet
  facet normal -0.146844 -0.98916 -0
    outer loop
      vertex 108.78 53.9231 3.2
      vertex 108.392 53.9807 1.2
      vertex 108.78 53.9231 1.2
    endloop
  endfacet
  facet normal -0.0491751 -0.99879 0
    outer loop
      vertex 108 54 1.2
      vertex 108.392 53.9807 3.2
      vertex 108 54 3.2
    endloop
  endfacet
  facet normal -0.0491751 -0.99879 -0
    outer loop
      vertex 108.392 53.9807 3.2
      vertex 108 54 1.2
      vertex 108.392 53.9807 1.2
    endloop
  endfacet
  facet normal 0 -1 0
    outer loop
      vertex 12 54 1.2
      vertex 108 54 3.2
      vertex 12 54 3.2
    endloop
  endfacet
  facet normal 0 -1 -0
    outer loop
      vertex 108 54 3.2
      vertex 12 54 1.2
      vertex 108 54 1.2
    endloop
  endfacet
  facet normal 0.0491626 -0.998791 0
    outer loop
      vertex 11.6079 53.9807 1.2
      vertex 12 54 3.2
      vertex 11.6079 53.9807 3.2
    endloop
  endfacet
  facet normal 0.0491626 -0.998791 0
    outer loop
      vertex 12 54 3.2
      vertex 11.6079 53.9807 1.2
      vertex 12 54 1.2
    endloop
  endfacet
  facet normal 0.146733 -0.989176 0
    outer loop
      vertex 11.2196 53.9231 1.2
      vertex 11.6079 53.9807 3.2
      vertex 11.2196 53.9231 3.2
    endloop
  endfacet
  facet normal 0.146733 -0.989176 0
    outer loop
      vertex 11.6079 53.9807 3.2
      vertex 11.2196 53.9231 1.2
      vertex 11.6079 53.9807 1.2
    endloop
  endfacet
  facet normal 0.242835 -0.970068 0
    outer loop
      vertex 10.8389 53.8278 1.2
      vertex 11.2196 53.9231 3.2
      vertex 10.8389 53.8278 3.2
    endloop
  endfacet
  facet normal 0.242835 -0.970068 0
    outer loop
      vertex 11.2196 53.9231 3.2
      vertex 10.8389 53.8278 1.2
      vertex 11.2196 53.9231 1.2
    endloop
  endfacet
  facet normal 0.337014 -0.9415 0
    outer loop
      vertex 10.4693 53.6955 1.2
      vertex 10.8389 53.8278 3.2
      vertex 10.4693 53.6955 3.2
    endloop
  endfacet
  facet normal 0.337014 -0.9415 0
    outer loop
      vertex 10.8389 53.8278 3.2
      vertex 10.4693 53.6955 1.2
      vertex 10.8389 53.8278 1.2
    endloop
  endfacet
  facet normal 0.42744 -0.904044 0
    outer loop
      vertex 10.1144 53.5277 1.2
      vertex 10.4693 53.6955 3.2
      vertex 10.1144 53.5277 3.2
    endloop
  endfacet
  facet normal 0.42744 -0.904044 0
    outer loop
      vertex 10.4693 53.6955 3.2
      vertex 10.1144 53.5277 1.2
      vertex 10.4693 53.6955 1.2
    endloop
  endfacet
  facet normal 0.514095 -0.857733 0
    outer loop
      vertex 9.77771 53.3259 1.2
      vertex 10.1144 53.5277 3.2
      vertex 9.77771 53.3259 3.2
    endloop
  endfacet
  facet normal 0.514095 -0.857733 0
    outer loop
      vertex 10.1144 53.5277 3.2
      vertex 9.77771 53.3259 1.2
      vertex 10.1144 53.5277 1.2
    endloop
  endfacet
  facet normal 0.595806 -0.803128 0
    outer loop
      vertex 9.46242 53.092 1.2
      vertex 9.77771 53.3259 3.2
      vertex 9.46242 53.092 3.2
    endloop
  endfacet
  facet normal 0.595806 -0.803128 0
    outer loop
      vertex 9.77771 53.3259 3.2
      vertex 9.46242 53.092 1.2
      vertex 9.77771 53.3259 1.2
    endloop
  endfacet
  facet normal 0.671543 -0.740965 0
    outer loop
      vertex 9.17157 52.8284 1.2
      vertex 9.46242 53.092 3.2
      vertex 9.17157 52.8284 3.2
    endloop
  endfacet
  facet normal 0.671543 -0.740965 0
    outer loop
      vertex 9.46242 53.092 3.2
      vertex 9.17157 52.8284 1.2
      vertex 9.46242 53.092 1.2
    endloop
  endfacet
  facet normal 0.74087 -0.671649 0
    outer loop
      vertex 8.90794 52.5376 3.2
      vertex 9.17157 52.8284 1.2
      vertex 9.17157 52.8284 3.2
    endloop
  endfacet
  facet normal 0.74087 -0.671649 0
    outer loop
      vertex 9.17157 52.8284 1.2
      vertex 8.90794 52.5376 3.2
      vertex 8.90794 52.5376 1.2
    endloop
  endfacet
  facet normal 0.803235 -0.595662 0
    outer loop
      vertex 8.67412 52.2223 3.2
      vertex 8.90794 52.5376 1.2
      vertex 8.90794 52.5376 3.2
    endloop
  endfacet
  facet normal 0.803235 -0.595662 0
    outer loop
      vertex 8.90794 52.5376 1.2
      vertex 8.67412 52.2223 3.2
      vertex 8.67412 52.2223 1.2
    endloop
  endfacet
  facet normal 0.857729 -0.514102 0
    outer loop
      vertex 8.47231 51.8856 3.2
      vertex 8.67412 52.2223 1.2
      vertex 8.67412 52.2223 3.2
    endloop
  endfacet
  facet normal 0.857729 -0.514102 0
    outer loop
      vertex 8.67412 52.2223 1.2
      vertex 8.47231 51.8856 3.2
      vertex 8.47231 51.8856 1.2
    endloop
  endfacet
  facet normal 0.904004 -0.427523 0
    outer loop
      vertex 8.30447 51.5307 3.2
      vertex 8.47231 51.8856 1.2
      vertex 8.47231 51.8856 3.2
    endloop
  endfacet
  facet normal 0.904004 -0.427523 0
    outer loop
      vertex 8.47231 51.8856 1.2
      vertex 8.30447 51.5307 3.2
      vertex 8.30447 51.5307 1.2
    endloop
  endfacet
  facet normal 0.941548 -0.336879 0
    outer loop
      vertex 8.17223 51.1611 3.2
      vertex 8.30447 51.5307 1.2
      vertex 8.30447 51.5307 3.2
    endloop
  endfacet
  facet normal 0.941548 -0.336879 0
    outer loop
      vertex 8.30447 51.5307 1.2
      vertex 8.17223 51.1611 3.2
      vertex 8.17223 51.1611 1.2
    endloop
  endfacet
  facet normal 0.970041 -0.242943 0
    outer loop
      vertex 8.07686 50.7803 3.2
      vertex 8.17223 51.1611 1.2
      vertex 8.17223 51.1611 3.2
    endloop
  endfacet
  facet normal 0.970041 -0.242943 0
    outer loop
      vertex 8.17223 51.1611 1.2
      vertex 8.07686 50.7803 3.2
      vertex 8.07686 50.7803 1.2
    endloop
  endfacet
  facet normal 0.989171 -0.14677 0
    outer loop
      vertex 8.01926 50.3921 3.2
      vertex 8.07686 50.7803 1.2
      vertex 8.07686 50.7803 3.2
    endloop
  endfacet
  facet normal 0.989171 -0.14677 0
    outer loop
      vertex 8.07686 50.7803 1.2
      vertex 8.01926 50.3921 3.2
      vertex 8.01926 50.3921 1.2
    endloop
  endfacet
  facet normal 0.998796 -0.049061 0
    outer loop
      vertex 8 50 3.2
      vertex 8.01926 50.3921 1.2
      vertex 8.01926 50.3921 3.2
    endloop
  endfacet
  facet normal 0.998796 -0.049061 0
    outer loop
      vertex 8.01926 50.3921 1.2
      vertex 8 50 3.2
      vertex 8 50 1.2
    endloop
  endfacet
  facet normal 1 -0 0
    outer loop
      vertex 8 12 3.2
      vertex 8 50 1.2
      vertex 8 50 3.2
    endloop
  endfacet
  facet normal 1 0 0
    outer loop
      vertex 8 50 1.2
      vertex 8 12 3.2
      vertex 8 12 1.2
    endloop
  endfacet
  facet normal 0.998796 0.049061 0
    outer loop
      vertex 8.01926 11.6079 3.2
      vertex 8 12 1.2
      vertex 8 12 3.2
    endloop
  endfacet
  facet normal 0.998796 0.049061 0
    outer loop
      vertex 8 12 1.2
      vertex 8.01926 11.6079 3.2
      vertex 8.01926 11.6079 1.2
    endloop
  endfacet
  facet normal 0.989176 0.146733 0
    outer loop
      vertex 8.07686 11.2196 3.2
      vertex 8.01926 11.6079 1.2
      vertex 8.01926 11.6079 3.2
    endloop
  endfacet
  facet normal 0.989176 0.146733 0
    outer loop
      vertex 8.01926 11.6079 1.2
      vertex 8.07686 11.2196 3.2
      vertex 8.07686 11.2196 1.2
    endloop
  endfacet
  facet normal 0.970025 0.243003 0
    outer loop
      vertex 8.17223 10.8389 3.2
      vertex 8.07686 11.2196 1.2
      vertex 8.07686 11.2196 3.2
    endloop
  endfacet
  facet normal 0.970025 0.243003 0
    outer loop
      vertex 8.07686 11.2196 1.2
      vertex 8.17223 10.8389 3.2
      vertex 8.17223 10.8389 1.2
    endloop
  endfacet
  facet normal 0.941548 0.336879 0
    outer loop
      vertex 8.30447 10.4693 3.2
      vertex 8.17223 10.8389 1.2
      vertex 8.17223 10.8389 3.2
    endloop
  endfacet
  facet normal 0.941548 0.336879 0
    outer loop
      vertex 8.17223 10.8389 1.2
      vertex 8.30447 10.4693 3.2
      vertex 8.30447 10.4693 1.2
    endloop
  endfacet
  facet normal 0.904004 0.427523 0
    outer loop
      vertex 8.47231 10.1144 3.2
      vertex 8.30447 10.4693 1.2
      vertex 8.30447 10.4693 3.2
    endloop
  endfacet
  facet normal 0.904004 0.427523 0
    outer loop
      vertex 8.30447 10.4693 1.2
      vertex 8.47231 10.1144 3.2
      vertex 8.47231 10.1144 1.2
    endloop
  endfacet
  facet normal 0.857722 0.514114 0
    outer loop
      vertex 8.67412 9.77771 3.2
      vertex 8.47231 10.1144 1.2
      vertex 8.47231 10.1144 3.2
    endloop
  endfacet
  facet normal 0.857722 0.514114 0
    outer loop
      vertex 8.47231 10.1144 1.2
      vertex 8.67412 9.77771 3.2
      vertex 8.67412 9.77771 1.2
    endloop
  endfacet
  facet normal 0.803226 0.595675 0
    outer loop
      vertex 8.90794 9.46242 3.2
      vertex 8.67412 9.77771 1.2
      vertex 8.67412 9.77771 3.2
    endloop
  endfacet
  facet normal 0.803226 0.595675 0
    outer loop
      vertex 8.67412 9.77771 1.2
      vertex 8.90794 9.46242 3.2
      vertex 8.90794 9.46242 1.2
    endloop
  endfacet
  facet normal 0.740927 0.671585 0
    outer loop
      vertex 9.17157 9.17157 3.2
      vertex 8.90794 9.46242 1.2
      vertex 8.90794 9.46242 3.2
    endloop
  endfacet
  facet normal 0.740927 0.671585 0
    outer loop
      vertex 8.90794 9.46242 1.2
      vertex 9.17157 9.17157 3.2
      vertex 9.17157 9.17157 1.2
    endloop
  endfacet
  facet normal 0.671585 0.740927 -0
    outer loop
      vertex 9.46242 8.90794 1.2
      vertex 9.17157 9.17157 3.2
      vertex 9.46242 8.90794 3.2
    endloop
  endfacet
  facet normal 0.671585 0.740927 0
    outer loop
      vertex 9.17157 9.17157 3.2
      vertex 9.46242 8.90794 1.2
      vertex 9.17157 9.17157 1.2
    endloop
  endfacet
  facet normal 0.595675 0.803226 -0
    outer loop
      vertex 9.77771 8.67412 1.2
      vertex 9.46242 8.90794 3.2
      vertex 9.77771 8.67412 3.2
    endloop
  endfacet
  facet normal 0.595675 0.803226 0
    outer loop
      vertex 9.46242 8.90794 3.2
      vertex 9.77771 8.67412 1.2
      vertex 9.46242 8.90794 1.2
    endloop
  endfacet
  facet normal 0.514114 0.857722 -0
    outer loop
      vertex 10.1144 8.47231 1.2
      vertex 9.77771 8.67412 3.2
      vertex 10.1144 8.47231 3.2
    endloop
  endfacet
  facet normal 0.514114 0.857722 0
    outer loop
      vertex 9.77771 8.67412 3.2
      vertex 10.1144 8.47231 1.2
      vertex 9.77771 8.67412 1.2
    endloop
  endfacet
  facet normal 0.427523 0.904004 -0
    outer loop
      vertex 10.4693 8.30447 1.2
      vertex 10.1144 8.47231 3.2
      vertex 10.4693 8.30447 3.2
    endloop
  endfacet
  facet normal 0.427523 0.904004 0
    outer loop
      vertex 10.1144 8.47231 3.2
      vertex 10.4693 8.30447 1.2
      vertex 10.1144 8.47231 1.2
    endloop
  endfacet
  facet normal 0.336879 0.941548 -0
    outer loop
      vertex 10.8389 8.17223 1.2
      vertex 10.4693 8.30447 3.2
      vertex 10.8389 8.17223 3.2
    endloop
  endfacet
  facet normal 0.336879 0.941548 0
    outer loop
      vertex 10.4693 8.30447 3.2
      vertex 10.8389 8.17223 1.2
      vertex 10.4693 8.30447 1.2
    endloop
  endfacet
  facet normal 0.243003 0.970025 -0
    outer loop
      vertex 11.2196 8.07686 1.2
      vertex 10.8389 8.17223 3.2
      vertex 11.2196 8.07686 3.2
    endloop
  endfacet
  facet normal 0.243003 0.970025 0
    outer loop
      vertex 10.8389 8.17223 3.2
      vertex 11.2196 8.07686 1.2
      vertex 10.8389 8.17223 1.2
    endloop
  endfacet
  facet normal 0.146733 0.989176 -0
    outer loop
      vertex 11.6079 8.01926 1.2
      vertex 11.2196 8.07686 3.2
      vertex 11.6079 8.01926 3.2
    endloop
  endfacet
  facet normal 0.146733 0.989176 0
    outer loop
      vertex 11.2196 8.07686 3.2
      vertex 11.6079 8.01926 1.2
      vertex 11.2196 8.07686 1.2
    endloop
  endfacet
  facet normal 0.049061 0.998796 -0
    outer loop
      vertex 12 8 1.2
      vertex 11.6079 8.01926 3.2
      vertex 12 8 3.2
    endloop
  endfacet
  facet normal 0.049061 0.998796 0
    outer loop
      vertex 11.6079 8.01926 3.2
      vertex 12 8 1.2
      vertex 11.6079 8.01926 1.2
    endloop
  endfacet
  facet normal 0 1 -0
    outer loop
      vertex 108 8 1.2
      vertex 12 8 3.2
      vertex 108 8 3.2
    endloop
  endfacet
  facet normal 0 1 0
    outer loop
      vertex 12 8 3.2
      vertex 108 8 1.2
      vertex 12 8 1.2
    endloop
  endfacet
  facet normal -0.0490735 0.998795 0
    outer loop
      vertex 108.392 8.01926 1.2
      vertex 108 8 3.2
      vertex 108.392 8.01926 3.2
    endloop
  endfacet
  facet normal -0.0490735 0.998795 0
    outer loop
      vertex 108 8 3.2
      vertex 108.392 8.01926 1.2
      vertex 108 8 1.2
    endloop
  endfacet
  facet normal -0.0489044 -0.998803 0
    outer loop
      vertex 16.7059 14.0144 1.2
      vertex 17 14 3.2
      vertex 16.7059 14.0144 3.2
    endloop
  endfacet
  facet normal -0.0489044 -0.998803 -0
    outer loop
      vertex 17 14 3.2
      vertex 16.7059 14.0144 1.2
      vertex 17 14 1.2
    endloop
  endfacet
  facet normal -0.146746 -0.989174 0
    outer loop
      vertex 16.4147 14.0576 1.2
      vertex 16.7059 14.0144 3.2
      vertex 16.4147 14.0576 3.2
    endloop
  endfacet
  facet normal -0.146746 -0.989174 -0
    outer loop
      vertex 16.7059 14.0144 3.2
      vertex 16.4147 14.0576 1.2
      vertex 16.7059 14.0144 1.2
    endloop
  endfacet
  facet normal -0.243175 -0.969982 0
    outer loop
      vertex 16.1291 14.1292 1.2
      vertex 16.4147 14.0576 3.2
      vertex 16.1291 14.1292 3.2
    endloop
  endfacet
  facet normal -0.243175 -0.969982 -0
    outer loop
      vertex 16.4147 14.0576 3.2
      vertex 16.1291 14.1292 1.2
      vertex 16.4147 14.0576 1.2
    endloop
  endfacet
  facet normal -0.336638 -0.941634 0
    outer loop
      vertex 15.8519 14.2283 1.2
      vertex 16.1291 14.1292 3.2
      vertex 15.8519 14.2283 3.2
    endloop
  endfacet
  facet normal -0.336638 -0.941634 -0
    outer loop
      vertex 16.1291 14.1292 3.2
      vertex 15.8519 14.2283 1.2
      vertex 16.1291 14.1292 1.2
    endloop
  endfacet
  facet normal -0.427677 -0.903931 0
    outer loop
      vertex 15.5858 14.3542 1.2
      vertex 15.8519 14.2283 3.2
      vertex 15.5858 14.3542 3.2
    endloop
  endfacet
  facet normal -0.427677 -0.903931 -0
    outer loop
      vertex 15.8519 14.2283 3.2
      vertex 15.5858 14.3542 1.2
      vertex 15.8519 14.2283 1.2
    endloop
  endfacet
  facet normal -0.514246 -0.857643 0
    outer loop
      vertex 15.3333 14.5056 1.2
      vertex 15.5858 14.3542 3.2
      vertex 15.3333 14.5056 3.2
    endloop
  endfacet
  facet normal -0.514246 -0.857643 -0
    outer loop
      vertex 15.5858 14.3542 3.2
      vertex 15.3333 14.5056 1.2
      vertex 15.5858 14.3542 1.2
    endloop
  endfacet
  facet normal -0.595699 -0.803208 0
    outer loop
      vertex 15.0968 14.681 1.2
      vertex 15.3333 14.5056 3.2
      vertex 15.0968 14.681 3.2
    endloop
  endfacet
  facet normal -0.595699 -0.803208 -0
    outer loop
      vertex 15.3333 14.5056 3.2
      vertex 15.0968 14.681 1.2
      vertex 15.3333 14.5056 1.2
    endloop
  endfacet
  facet normal -0.671607 -0.740908 0
    outer loop
      vertex 14.8787 14.8787 1.2
      vertex 15.0968 14.681 3.2
      vertex 14.8787 14.8787 3.2
    endloop
  endfacet
  facet normal -0.671607 -0.740908 -0
    outer loop
      vertex 15.0968 14.681 3.2
      vertex 14.8787 14.8787 1.2
      vertex 15.0968 14.681 1.2
    endloop
  endfacet
  facet normal -0.740908 -0.671607 0
    outer loop
      vertex 14.8787 14.8787 1.2
      vertex 14.681 15.0968 3.2
      vertex 14.681 15.0968 1.2
    endloop
  endfacet
  facet normal -0.740908 -0.671607 0
    outer loop
      vertex 14.681 15.0968 3.2
      vertex 14.8787 14.8787 1.2
      vertex 14.8787 14.8787 3.2
    endloop
  endfacet
  facet normal -0.803208 -0.595699 0
    outer loop
      vertex 14.681 15.0968 1.2
      vertex 14.5056 15.3333 3.2
      vertex 14.5056 15.3333 1.2
    endloop
  endfacet
  facet normal -0.803208 -0.595699 0
    outer loop
      vertex 14.5056 15.3333 3.2
      vertex 14.681 15.0968 1.2
      vertex 14.681 15.0968 3.2
    endloop
  endfacet
  facet normal -0.857643 -0.514246 0
    outer loop
      vertex 14.5056 15.3333 1.2
      vertex 14.3542 15.5858 3.2
      vertex 14.3542 15.5858 1.2
    endloop
  endfacet
  facet normal -0.857643 -0.514246 0
    outer loop
      vertex 14.3542 15.5858 3.2
      vertex 14.5056 15.3333 1.2
      vertex 14.5056 15.3333 3.2
    endloop
  endfacet
  facet normal -0.903931 -0.427677 0
    outer loop
      vertex 14.3542 15.5858 1.2
      vertex 14.2283 15.8519 3.2
      vertex 14.2283 15.8519 1.2
    endloop
  endfacet
  facet normal -0.903931 -0.427677 0
    outer loop
      vertex 14.2283 15.8519 3.2
      vertex 14.3542 15.5858 1.2
      vertex 14.3542 15.5858 3.2
    endloop
  endfacet
  facet normal -0.941634 -0.336638 0
    outer loop
      vertex 14.2283 15.8519 1.2
      vertex 14.1292 16.1291 3.2
      vertex 14.1292 16.1291 1.2
    endloop
  endfacet
  facet normal -0.941634 -0.336638 0
    outer loop
      vertex 14.1292 16.1291 3.2
      vertex 14.2283 15.8519 1.2
      vertex 14.2283 15.8519 3.2
    endloop
  endfacet
  facet normal -0.969982 -0.243175 0
    outer loop
      vertex 14.1292 16.1291 1.2
      vertex 14.0576 16.4147 3.2
      vertex 14.0576 16.4147 1.2
    endloop
  endfacet
  facet normal -0.969982 -0.243175 0
    outer loop
      vertex 14.0576 16.4147 3.2
      vertex 14.1292 16.1291 1.2
      vertex 14.1292 16.1291 3.2
    endloop
  endfacet
  facet normal -0.989174 -0.146746 0
    outer loop
      vertex 14.0576 16.4147 1.2
      vertex 14.0144 16.7059 3.2
      vertex 14.0144 16.7059 1.2
    endloop
  endfacet
  facet normal -0.989174 -0.146746 0
    outer loop
      vertex 14.0144 16.7059 3.2
      vertex 14.0576 16.4147 1.2
      vertex 14.0576 16.4147 3.2
    endloop
  endfacet
  facet normal -0.998803 -0.0489044 0
    outer loop
      vertex 14.0144 16.7059 1.2
      vertex 14 17 3.2
      vertex 14 17 1.2
    endloop
  endfacet
  facet normal -0.998803 -0.0489044 0
    outer loop
      vertex 14 17 3.2
      vertex 14.0144 16.7059 1.2
      vertex 14.0144 16.7059 3.2
    endloop
  endfacet
  facet normal -1 0 0
    outer loop
      vertex 14 17 1.2
      vertex 14 45 3.2
      vertex 14 45 1.2
    endloop
  endfacet
  facet normal -1 -0 0
    outer loop
      vertex 14 45 3.2
      vertex 14 17 1.2
      vertex 14 17 3.2
    endloop
  endfacet
  facet normal -0.998803 0.0489209 0
    outer loop
      vertex 14 45 1.2
      vertex 14.0144 45.294 3.2
      vertex 14.0144 45.294 1.2
    endloop
  endfacet
  facet normal -0.998803 0.0489209 0
    outer loop
      vertex 14.0144 45.294 3.2
      vertex 14 45 1.2
      vertex 14 45 3.2
    endloop
  endfacet
  facet normal -0.989182 0.146696 0
    outer loop
      vertex 14.0144 45.294 1.2
      vertex 14.0576 45.5853 3.2
      vertex 14.0576 45.5853 1.2
    endloop
  endfacet
  facet normal -0.989182 0.146696 0
    outer loop
      vertex 14.0576 45.5853 3.2
      vertex 14.0144 45.294 1.2
      vertex 14.0144 45.294 3.2
    endloop
  endfacet
  facet normal -0.969962 0.243255 0
    outer loop
      vertex 14.0576 45.5853 1.2
      vertex 14.1292 45.8708 3.2
      vertex 14.1292 45.8708 1.2
    endloop
  endfacet
  facet normal -0.969962 0.243255 0
    outer loop
      vertex 14.1292 45.8708 3.2
      vertex 14.0576 45.5853 1.2
      vertex 14.0576 45.5853 3.2
    endloop
  endfacet
  facet normal -0.941634 0.336638 0
    outer loop
      vertex 14.1292 45.8708 1.2
      vertex 14.2283 46.148 3.2
      vertex 14.2283 46.148 1.2
    endloop
  endfacet
  facet normal -0.941634 0.336638 0
    outer loop
      vertex 14.2283 46.148 3.2
      vertex 14.1292 45.8708 1.2
      vertex 14.1292 45.8708 3.2
    endloop
  endfacet
  facet normal -0.903994 0.427546 0
    outer loop
      vertex 14.2283 46.148 1.2
      vertex 14.3542 46.4142 3.2
      vertex 14.3542 46.4142 1.2
    endloop
  endfacet
  facet normal -0.903994 0.427546 0
    outer loop
      vertex 14.3542 46.4142 3.2
      vertex 14.2283 46.148 1.2
      vertex 14.2283 46.148 3.2
    endloop
  endfacet
  facet normal -0.857643 0.514246 0
    outer loop
      vertex 14.3542 46.4142 1.2
      vertex 14.5056 46.6667 3.2
      vertex 14.5056 46.6667 1.2
    endloop
  endfacet
  facet normal -0.857643 0.514246 0
    outer loop
      vertex 14.5056 46.6667 3.2
      vertex 14.3542 46.4142 1.2
      vertex 14.3542 46.4142 3.2
    endloop
  endfacet
  facet normal -0.803208 0.595699 0
    outer loop
      vertex 14.5056 46.6667 1.2
      vertex 14.681 46.9032 3.2
      vertex 14.681 46.9032 1.2
    endloop
  endfacet
  facet normal -0.803208 0.595699 0
    outer loop
      vertex 14.681 46.9032 3.2
      vertex 14.5056 46.6667 1.2
      vertex 14.5056 46.6667 3.2
    endloop
  endfacet
  facet normal -0.740908 0.671607 0
    outer loop
      vertex 14.681 46.9032 1.2
      vertex 14.8787 47.1213 3.2
      vertex 14.8787 47.1213 1.2
    endloop
  endfacet
  facet normal -0.740908 0.671607 0
    outer loop
      vertex 14.8787 47.1213 3.2
      vertex 14.681 46.9032 1.2
      vertex 14.681 46.9032 3.2
    endloop
  endfacet
  facet normal -0.671607 0.740908 0
    outer loop
      vertex 15.0968 47.319 1.2
      vertex 14.8787 47.1213 3.2
      vertex 15.0968 47.319 3.2
    endloop
  endfacet
  facet normal -0.671607 0.740908 0
    outer loop
      vertex 14.8787 47.1213 3.2
      vertex 15.0968 47.319 1.2
      vertex 14.8787 47.1213 1.2
    endloop
  endfacet
  facet normal -0.595699 0.803208 0
    outer loop
      vertex 15.3333 47.4944 1.2
      vertex 15.0968 47.319 3.2
      vertex 15.3333 47.4944 3.2
    endloop
  endfacet
  facet normal -0.595699 0.803208 0
    outer loop
      vertex 15.0968 47.319 3.2
      vertex 15.3333 47.4944 1.2
      vertex 15.0968 47.319 1.2
    endloop
  endfacet
  facet normal -0.514246 0.857643 0
    outer loop
      vertex 15.5858 47.6458 1.2
      vertex 15.3333 47.4944 3.2
      vertex 15.5858 47.6458 3.2
    endloop
  endfacet
  facet normal -0.514246 0.857643 0
    outer loop
      vertex 15.3333 47.4944 3.2
      vertex 15.5858 47.6458 1.2
      vertex 15.3333 47.4944 1.2
    endloop
  endfacet
  facet normal -0.4274 0.904063 0
    outer loop
      vertex 15.8519 47.7716 1.2
      vertex 15.5858 47.6458 3.2
      vertex 15.8519 47.7716 3.2
    endloop
  endfacet
  facet normal -0.4274 0.904063 0
    outer loop
      vertex 15.5858 47.6458 3.2
      vertex 15.8519 47.7716 1.2
      vertex 15.5858 47.6458 1.2
    endloop
  endfacet
  facet normal -0.336939 0.941527 0
    outer loop
      vertex 16.1291 47.8708 1.2
      vertex 15.8519 47.7716 3.2
      vertex 16.1291 47.8708 3.2
    endloop
  endfacet
  facet normal -0.336939 0.941527 0
    outer loop
      vertex 15.8519 47.7716 3.2
      vertex 16.1291 47.8708 1.2
      vertex 15.8519 47.7716 1.2
    endloop
  endfacet
  facet normal -0.243175 0.969982 0
    outer loop
      vertex 16.4147 47.9424 1.2
      vertex 16.1291 47.8708 3.2
      vertex 16.4147 47.9424 3.2
    endloop
  endfacet
  facet normal -0.243175 0.969982 0
    outer loop
      vertex 16.1291 47.8708 3.2
      vertex 16.4147 47.9424 1.2
      vertex 16.1291 47.8708 1.2
    endloop
  endfacet
  facet normal -0.146413 0.989224 0
    outer loop
      vertex 16.7059 47.9855 1.2
      vertex 16.4147 47.9424 3.2
      vertex 16.7059 47.9855 3.2
    endloop
  endfacet
  facet normal -0.146413 0.989224 0
    outer loop
      vertex 16.4147 47.9424 3.2
      vertex 16.7059 47.9855 1.2
      vertex 16.4147 47.9424 1.2
    endloop
  endfacet
  facet normal -0.0492431 0.998787 0
    outer loop
      vertex 17 48 1.2
      vertex 16.7059 47.9855 3.2
      vertex 17 48 3.2
    endloop
  endfacet
  facet normal -0.0492431 0.998787 0
    outer loop
      vertex 16.7059 47.9855 3.2
      vertex 17 48 1.2
      vertex 16.7059 47.9855 1.2
    endloop
  endfacet
  facet normal 0 1 -0
    outer loop
      vertex 103 48 1.2
      vertex 17 48 3.2
      vertex 103 48 3.2
    endloop
  endfacet
  facet normal 0 1 0
    outer loop
      vertex 17 48 3.2
      vertex 103 48 1.2
      vertex 17 48 1.2
    endloop
  endfacet
  facet normal 0.0492599 0.998786 -0
    outer loop
      vertex 103.294 47.9855 1.2
      vertex 103 48 3.2
      vertex 103.294 47.9855 3.2
    endloop
  endfacet
  facet normal 0.0492599 0.998786 0
    outer loop
      vertex 103 48 3.2
      vertex 103.294 47.9855 1.2
      vertex 103 48 1.2
    endloop
  endfacet
  facet normal 0.146512 0.989209 -0
    outer loop
      vertex 103.585 47.9424 1.2
      vertex 103.294 47.9855 3.2
      vertex 103.585 47.9424 3.2
    endloop
  endfacet
  facet normal 0.146512 0.989209 0
    outer loop
      vertex 103.294 47.9855 3.2
      vertex 103.585 47.9424 1.2
      vertex 103.294 47.9855 1.2
    endloop
  endfacet
  facet normal 0.242855 0.970063 -0
    outer loop
      vertex 103.871 47.8708 1.2
      vertex 103.585 47.9424 3.2
      vertex 103.871 47.8708 3.2
    endloop
  endfacet
  facet normal 0.242855 0.970063 0
    outer loop
      vertex 103.585 47.9424 3.2
      vertex 103.871 47.8708 1.2
      vertex 103.585 47.9424 1.2
    endloop
  endfacet
  facet normal 0.337154 0.941449 -0
    outer loop
      vertex 104.148 47.7716 1.2
      vertex 103.871 47.8708 3.2
      vertex 104.148 47.7716 3.2
    endloop
  endfacet
  facet normal 0.337154 0.941449 0
    outer loop
      vertex 103.871 47.8708 3.2
      vertex 104.148 47.7716 1.2
      vertex 103.871 47.8708 1.2
    endloop
  endfacet
  facet normal 0.427531 0.904001 -0
    outer loop
      vertex 104.414 47.6458 1.2
      vertex 104.148 47.7716 3.2
      vertex 104.414 47.6458 3.2
    endloop
  endfacet
  facet normal 0.427531 0.904001 0
    outer loop
      vertex 104.148 47.7716 3.2
      vertex 104.414 47.6458 1.2
      vertex 104.148 47.7716 1.2
    endloop
  endfacet
  facet normal 0.513498 0.858091 -0
    outer loop
      vertex 104.667 47.4944 1.2
      vertex 104.414 47.6458 3.2
      vertex 104.667 47.4944 3.2
    endloop
  endfacet
  facet normal 0.513498 0.858091 0
    outer loop
      vertex 104.414 47.6458 3.2
      vertex 104.667 47.4944 1.2
      vertex 104.414 47.6458 1.2
    endloop
  endfacet
  facet normal 0.596512 0.802604 -0
    outer loop
      vertex 104.903 47.319 1.2
      vertex 104.667 47.4944 3.2
      vertex 104.903 47.319 3.2
    endloop
  endfacet
  facet normal 0.596512 0.802604 0
    outer loop
      vertex 104.667 47.4944 3.2
      vertex 104.903 47.319 1.2
      vertex 104.667 47.4944 1.2
    endloop
  endfacet
  facet normal 0.671776 0.740754 -0
    outer loop
      vertex 105.121 47.1213 1.2
      vertex 104.903 47.319 3.2
      vertex 105.121 47.1213 3.2
    endloop
  endfacet
  facet normal 0.671776 0.740754 0
    outer loop
      vertex 104.903 47.319 3.2
      vertex 105.121 47.1213 1.2
      vertex 104.903 47.319 1.2
    endloop
  endfacet
  facet normal 0.740401 0.672166 0
    outer loop
      vertex 105.319 46.9032 3.2
      vertex 105.121 47.1213 1.2
      vertex 105.121 47.1213 3.2
    endloop
  endfacet
  facet normal 0.740401 0.672166 0
    outer loop
      vertex 105.121 47.1213 1.2
      vertex 105.319 46.9032 3.2
      vertex 105.319 46.9032 1.2
    endloop
  endfacet
  facet normal 0.803858 0.594821 0
    outer loop
      vertex 105.494 46.6667 3.2
      vertex 105.319 46.9032 1.2
      vertex 105.319 46.9032 3.2
    endloop
  endfacet
  facet normal 0.803858 0.594821 0
    outer loop
      vertex 105.319 46.9032 1.2
      vertex 105.494 46.6667 3.2
      vertex 105.494 46.6667 1.2
    endloop
  endfacet
  facet normal 0.856744 0.515743 0
    outer loop
      vertex 105.646 46.4142 3.2
      vertex 105.494 46.6667 1.2
      vertex 105.494 46.6667 3.2
    endloop
  endfacet
  facet normal 0.856744 0.515743 0
    outer loop
      vertex 105.494 46.6667 1.2
      vertex 105.646 46.4142 3.2
      vertex 105.646 46.4142 1.2
    endloop
  endfacet
  facet normal 0.903862 0.427824 0
    outer loop
      vertex 105.772 46.148 3.2
      vertex 105.646 46.4142 1.2
      vertex 105.646 46.4142 3.2
    endloop
  endfacet
  facet normal 0.903862 0.427824 0
    outer loop
      vertex 105.646 46.4142 1.2
      vertex 105.772 46.148 3.2
      vertex 105.772 46.148 1.2
    endloop
  endfacet
  facet normal 0.941742 0.336336 0
    outer loop
      vertex 105.871 45.8708 3.2
      vertex 105.772 46.148 1.2
      vertex 105.772 46.148 3.2
    endloop
  endfacet
  facet normal 0.941742 0.336336 0
    outer loop
      vertex 105.772 46.148 1.2
      vertex 105.871 45.8708 3.2
      vertex 105.871 45.8708 1.2
    endloop
  endfacet
  facet normal 0.970442 0.241336 0
    outer loop
      vertex 105.942 45.5853 3.2
      vertex 105.871 45.8708 1.2
      vertex 105.871 45.8708 3.2
    endloop
  endfacet
  facet normal 0.970442 0.241336 0
    outer loop
      vertex 105.871 45.8708 1.2
      vertex 105.942 45.5853 3.2
      vertex 105.942 45.5853 1.2
    endloop
  endfacet
  facet normal 0.988784 0.149353 0
    outer loop
      vertex 105.986 45.294 3.2
      vertex 105.942 45.5853 1.2
      vertex 105.942 45.5853 3.2
    endloop
  endfacet
  facet normal 0.988784 0.149353 0
    outer loop
      vertex 105.942 45.5853 1.2
      vertex 105.986 45.294 3.2
      vertex 105.986 45.294 1.2
    endloop
  endfacet
  facet normal 0.998868 0.0475651 0
    outer loop
      vertex 106 45 3.2
      vertex 105.986 45.294 1.2
      vertex 105.986 45.294 3.2
    endloop
  endfacet
  facet normal 0.998868 0.0475651 0
    outer loop
      vertex 105.986 45.294 1.2
      vertex 106 45 3.2
      vertex 106 45 1.2
    endloop
  endfacet
  facet normal 1 -0 0
    outer loop
      vertex 106 17 3.2
      vertex 106 45 1.2
      vertex 106 45 3.2
    endloop
  endfacet
  facet normal 1 0 0
    outer loop
      vertex 106 45 1.2
      vertex 106 17 3.2
      vertex 106 17 1.2
    endloop
  endfacet
  facet normal 0.998869 -0.047549 0
    outer loop
      vertex 105.986 16.7059 3.2
      vertex 106 17 1.2
      vertex 106 17 3.2
    endloop
  endfacet
  facet normal 0.998869 -0.047549 0
    outer loop
      vertex 106 17 1.2
      vertex 105.986 16.7059 3.2
      vertex 105.986 16.7059 1.2
    endloop
  endfacet
  facet normal 0.988776 -0.149403 0
    outer loop
      vertex 105.942 16.4147 3.2
      vertex 105.986 16.7059 1.2
      vertex 105.986 16.7059 3.2
    endloop
  endfacet
  facet normal 0.988776 -0.149403 0
    outer loop
      vertex 105.986 16.7059 1.2
      vertex 105.942 16.4147 3.2
      vertex 105.942 16.4147 1.2
    endloop
  endfacet
  facet normal 0.970461 -0.241256 0
    outer loop
      vertex 105.871 16.1291 3.2
      vertex 105.942 16.4147 1.2
      vertex 105.942 16.4147 3.2
    endloop
  endfacet
  facet normal 0.970461 -0.241256 0
    outer loop
      vertex 105.942 16.4147 1.2
      vertex 105.871 16.1291 3.2
      vertex 105.871 16.1291 1.2
    endloop
  endfacet
  facet normal 0.941742 -0.336336 0
    outer loop
      vertex 105.772 15.8519 3.2
      vertex 105.871 16.1291 1.2
      vertex 105.871 16.1291 3.2
    endloop
  endfacet
  facet normal 0.941742 -0.336336 0
    outer loop
      vertex 105.871 16.1291 1.2
      vertex 105.772 15.8519 3.2
      vertex 105.772 15.8519 1.2
    endloop
  endfacet
  facet normal 0.9038 -0.427955 0
    outer loop
      vertex 105.646 15.5858 3.2
      vertex 105.772 15.8519 1.2
      vertex 105.772 15.8519 3.2
    endloop
  endfacet
  facet normal 0.9038 -0.427955 0
    outer loop
      vertex 105.772 15.8519 1.2
      vertex 105.646 15.5858 3.2
      vertex 105.646 15.5858 1.2
    endloop
  endfacet
  facet normal 0.856744 -0.515743 0
    outer loop
      vertex 105.494 15.3333 3.2
      vertex 105.646 15.5858 1.2
      vertex 105.646 15.5858 3.2
    endloop
  endfacet
  facet normal 0.856744 -0.515743 0
    outer loop
      vertex 105.646 15.5858 1.2
      vertex 105.494 15.3333 3.2
      vertex 105.494 15.3333 1.2
    endloop
  endfacet
  facet normal 0.803858 -0.594821 0
    outer loop
      vertex 105.319 15.0968 3.2
      vertex 105.494 15.3333 1.2
      vertex 105.494 15.3333 3.2
    endloop
  endfacet
  facet normal 0.803858 -0.594821 0
    outer loop
      vertex 105.494 15.3333 1.2
      vertex 105.319 15.0968 3.2
      vertex 105.319 15.0968 1.2
    endloop
  endfacet
  facet normal 0.740401 -0.672166 0
    outer loop
      vertex 105.121 14.8787 3.2
      vertex 105.319 15.0968 1.2
      vertex 105.319 15.0968 3.2
    endloop
  endfacet
  facet normal 0.740401 -0.672166 0
    outer loop
      vertex 105.319 15.0968 1.2
      vertex 105.121 14.8787 3.2
      vertex 105.121 14.8787 1.2
    endloop
  endfacet
  facet normal 0.671776 -0.740754 0
    outer loop
      vertex 104.903 14.681 1.2
      vertex 105.121 14.8787 3.2
      vertex 104.903 14.681 3.2
    endloop
  endfacet
  facet normal 0.671776 -0.740754 0
    outer loop
      vertex 105.121 14.8787 3.2
      vertex 104.903 14.681 1.2
      vertex 105.121 14.8787 1.2
    endloop
  endfacet
  facet normal 0.596512 -0.802604 0
    outer loop
      vertex 104.667 14.5056 1.2
      vertex 104.903 14.681 3.2
      vertex 104.667 14.5056 3.2
    endloop
  endfacet
  facet normal 0.596512 -0.802604 0
    outer loop
      vertex 104.903 14.681 3.2
      vertex 104.667 14.5056 1.2
      vertex 104.903 14.681 1.2
    endloop
  endfacet
  facet normal 0.513498 -0.858091 0
    outer loop
      vertex 104.414 14.3542 1.2
      vertex 104.667 14.5056 3.2
      vertex 104.414 14.3542 3.2
    endloop
  endfacet
  facet normal 0.513498 -0.858091 0
    outer loop
      vertex 104.667 14.5056 3.2
      vertex 104.414 14.3542 1.2
      vertex 104.667 14.5056 1.2
    endloop
  endfacet
  facet normal 0.427809 -0.903869 0
    outer loop
      vertex 104.148 14.2283 1.2
      vertex 104.414 14.3542 3.2
      vertex 104.148 14.2283 3.2
    endloop
  endfacet
  facet normal 0.427809 -0.903869 0
    outer loop
      vertex 104.414 14.3542 3.2
      vertex 104.148 14.2283 1.2
      vertex 104.414 14.3542 1.2
    endloop
  endfacet
  facet normal 0.336853 -0.941557 0
    outer loop
      vertex 103.871 14.1292 1.2
      vertex 104.148 14.2283 3.2
      vertex 103.871 14.1292 3.2
    endloop
  endfacet
  facet normal 0.336853 -0.941557 0
    outer loop
      vertex 104.148 14.2283 3.2
      vertex 103.871 14.1292 1.2
      vertex 104.148 14.2283 1.2
    endloop
  endfacet
  facet normal 0.242855 -0.970063 0
    outer loop
      vertex 103.585 14.0576 1.2
      vertex 103.871 14.1292 3.2
      vertex 103.585 14.0576 3.2
    endloop
  endfacet
  facet normal 0.242855 -0.970063 0
    outer loop
      vertex 103.871 14.1292 3.2
      vertex 103.585 14.0576 1.2
      vertex 103.871 14.1292 1.2
    endloop
  endfacet
  facet normal 0.146844 -0.98916 0
    outer loop
      vertex 103.294 14.0144 1.2
      vertex 103.585 14.0576 3.2
      vertex 103.294 14.0144 3.2
    endloop
  endfacet
  facet normal 0.146844 -0.98916 0
    outer loop
      vertex 103.585 14.0576 3.2
      vertex 103.294 14.0144 1.2
      vertex 103.585 14.0576 1.2
    endloop
  endfacet
  facet normal 0.0489209 -0.998803 0
    outer loop
      vertex 103 14 1.2
      vertex 103.294 14.0144 3.2
      vertex 103 14 3.2
    endloop
  endfacet
  facet normal 0.0489209 -0.998803 0
    outer loop
      vertex 103.294 14.0144 3.2
      vertex 103 14 1.2
      vertex 103.294 14.0144 1.2
    endloop
  endfacet
  facet normal 0 -1 0
    outer loop
      vertex 17 14 1.2
      vertex 103 14 3.2
      vertex 17 14 3.2
    endloop
  endfacet
  facet normal 0 -1 -0
    outer loop
      vertex 103 14 3.2
      vertex 17 14 1.2
      vertex 103 14 1.2
    endloop
  endfacet
  facet normal 0 -1 0
    outer loop
      vertex 112 35 1.2
      vertex 120 35 3.2
      vertex 112 35 3.2
    endloop
  endfacet
  facet normal 0 -1 -0
    outer loop
      vertex 120 35 3.2
      vertex 112 35 1.2
      vertex 120 35 1.2
    endloop
  endfacet
  facet normal 0 1 -0
    outer loop
      vertex 120 27 1.2
      vertex 112 27 3.2
      vertex 120 27 3.2
    endloop
  endfacet
  facet normal 0 1 0
    outer loop
      vertex 112 27 3.2
      vertex 120 27 1.2
      vertex 112 27 1.2
    endloop
  endfacet
endsolid OpenSCAD_Model
